time,flux,flux_err,tic_id,label
1657.2746906620805,1.003132,0.0014339818,31858843,planet
1657.2760795839042,1.0058033,0.0014347261,31858843,planet
1657.2774685057288,1.0007542,0.0014298875,31858843,planet
1657.2788574280185,1.0038731,0.0014318399,31858843,planet
1657.2802463498424,1.0039538,0.0014318532,31858843,planet
1657.2816352716677,1.003704,0.0014308721,31858843,planet
1657.2830241939578,1.0053377,0.0014295392,31858843,planet
1657.2844131157817,1.0031172,0.0014292523,31858843,planet
1657.2858020376061,1.0006201,0.0014278778,31858843,planet
1657.2871909598957,1.0014024,0.0014277409,31858843,planet
1657.2885798817197,1.0029565,0.0014271679,31858843,planet
1657.289968803545,1.0047381,0.0014278152,31858843,planet
1657.2913577253698,1.0051426,0.0014277871,31858843,planet
1657.2927466476594,1.0027249,0.0014263648,31858843,planet
1657.2941355694838,1.003862,0.0014262843,31858843,planet
1657.2955244913078,1.003335,0.0014257502,31858843,planet
1657.2969134131322,1.0039315,0.0014261092,31858843,planet
1657.2983023354232,1.0025805,0.0014247409,31858843,planet
1657.299691257248,1.0015554,0.0014242488,31858843,planet
1657.301080179072,1.003601,0.0014242717,31858843,planet
1657.3024691013613,1.0016061,0.0014228739,31858843,planet
1657.303858023186,1.0006918,0.0014224639,31858843,planet
1657.3052469450104,1.0045305,0.0014236635,31858843,planet
1657.3066358668352,1.0023184,0.0014227264,31858843,planet
1657.3080247891253,1.0064486,0.001422946,31858843,planet
1657.3094137109492,1.0022128,0.0014223239,31858843,planet
1657.3108026327732,1.0003225,0.001420088,31858843,planet
1657.3121915545976,1.0026048,0.00142158,31858843,planet
1657.3135804764224,1.0031891,0.001421048,31858843,planet
1657.3149693987125,1.0017393,0.001420817,31858843,planet
1657.3163583205373,1.0030752,0.001420167,31858843,planet
1657.3177472423613,1.0018504,0.0014192666,31858843,planet
1657.3191361641852,1.0019028,0.0014195913,31858843,planet
1657.320525086476,1.0029992,0.0014201967,31858843,planet
1657.3219140083006,1.0041095,0.0014192148,31858843,planet
1657.3233029301246,1.0026072,0.0014193224,31858843,planet
1657.324691851949,1.0004641,0.001416952,31858843,planet
1657.326080773773,1.0012325,0.0014182756,31858843,planet
1657.3274696960625,1.0042061,0.0014184848,31858843,planet
1657.3288586178878,1.0020192,0.0014174791,31858843,planet
1657.3302475397124,1.0036725,0.0014182695,31858843,planet
1657.3316364615362,1.0005546,0.0014166173,31858843,planet
1657.333025383361,1.0013523,0.0014179588,31858843,planet
1657.334414305651,1.0034381,0.0014178426,31858843,planet
1657.335803227475,1.0005176,0.0014155249,31858843,planet
1657.3371921492999,1.0000849,0.0014169576,31858843,planet
1657.338581071125,1.0037156,0.0014177659,31858843,planet
1657.3399699929487,1.0015384,0.0014171703,31858843,planet
1657.351081368009,1.0001283,0.0014142334,31858843,planet
1657.3524702902996,1.0019518,0.0014147975,31858843,planet
1657.353859212124,1.0012637,0.0014144842,31858843,planet
1657.3552481339489,0.99942213,0.0014134092,31858843,planet
1657.3566370557726,1.00244,0.0014150979,31858843,planet
1657.3580259775963,1.0016729,0.0014108534,31858843,planet
1657.3594148994212,1.0008181,0.0014130353,31858843,planet
1657.3608038212456,1.0016422,0.0014121647,31858843,planet
1657.362192743536,0.9998129,0.0014124434,31858843,planet
1657.364970587185,1.0012095,0.0014143042,31858843,planet
1657.3663595090088,0.99809873,0.0014100245,31858843,planet
1657.3677484308328,1.0030152,0.0014151,31858843,planet
1657.369137352658,1.0011166,0.0014140012,31858843,planet
1657.370526274483,1.0007808,0.0014131635,31858843,planet
1657.3719151963069,1.0003355,0.0014121154,31858843,planet
1657.3733041181313,1.0018708,0.0014146267,31858843,planet
1657.3746930399552,1.0009032,0.0014130344,31858843,planet
1657.3760819622448,1.0016772,0.0014126896,31858843,planet
1657.3774708840701,1.0033554,0.0014111793,31858843,planet
1657.3788598058945,0.99958783,0.0014122628,31858843,planet
1657.3802487277185,1.0001806,0.0014121851,31858843,planet
1657.3816376495433,0.99989873,0.0014127963,31858843,planet
1657.383026571367,0.999338,0.0014115686,31858843,planet
1657.3844154931917,1.0012002,0.0014129352,31858843,planet
1657.385804415017,0.99921244,0.0014131388,31858843,planet
1657.387193336841,0.9991244,0.0014123208,31858843,planet
1657.3885822586649,0.9997747,0.0014123332,31858843,planet
1657.3899711804893,1.0024296,0.0014137304,31858843,planet
1657.3913601023132,1.0008229,0.0014119014,31858843,planet
1657.3927490241376,0.9989839,0.00141131,31858843,planet
1657.394137945963,0.9997337,0.0014119677,31858843,planet
1657.3955268677869,1.0011393,0.0014124219,31858843,planet
1657.3969157896108,1.0001762,0.0014095542,31858843,planet
1657.3983047114357,0.9993732,0.0014106557,31858843,planet
1657.39969363326,1.0015284,0.0014121078,31858843,planet
1657.4010825550845,1.0000906,0.0014115958,31858843,planet
1657.4024714769093,0.9993872,0.0014114372,31858843,planet
1657.4038603991994,1.0015666,0.0014118806,31858843,planet
1657.4052493210233,0.99862206,0.0014098308,31858843,planet
1657.4066382428473,1.0024468,0.001411089,31858843,planet
1657.4080271646721,1.0001284,0.0014113712,31858843,planet
1657.4094160864965,1.0025007,0.0014118048,31858843,planet
1657.410805008321,0.99912375,0.0014103303,31858843,planet
1657.4135828519697,1.0022384,0.0014119117,31858843,planet
1657.4177496174434,0.99966806,0.0014104346,31858843,planet
1657.420527460626,1.0001808,0.0014102786,31858843,planet
1657.42191638245,0.99910384,0.0014086567,31858843,planet
1657.423305304274,0.9991888,0.001410559,31858843,planet
1657.4246942260993,0.99955463,0.0014095921,31858843,planet
1657.4260831479241,1.0002129,0.0014102499,31858843,planet
1657.430249913397,1.0009935,0.0014078151,31858843,planet
1657.4316388352208,1.0026369,0.0014123976,31858843,planet
1657.4330277570457,1.0004584,0.0014109762,31858843,planet
1657.434416678871,0.99752504,0.0014085959,31858843,planet
1657.4385834443433,1.0001383,0.0014108896,31858843,planet
1657.4399723661672,1.0022243,0.0014125303,31858843,planet
1657.4413612879916,0.9997113,0.0014106805,31858843,planet
1657.444139131641,1.0026917,0.0014114568,31858843,planet
1657.4455280534648,1.0008126,0.0014109801,31858843,planet
1657.4483058966484,1.0008813,0.001410493,31858843,planet
1657.4496948184728,0.99839514,0.0014093467,31858843,planet
1657.4510837402977,1.0005981,0.0014111114,31858843,planet
1657.4538615839454,1.0001688,0.0014106922,31858843,planet
1657.4566394275944,1.0019388,0.0014103858,31858843,planet
1657.4580283494192,1.0004244,0.0014106084,31858843,planet
1657.4594172712436,0.99996865,0.0014106134,31858843,planet
1657.460806192602,1.0031916,0.0014110511,31858843,planet
1657.4621951144259,1.0001993,0.0014105962,31858843,planet
1657.4649729580756,0.9995553,0.0014103539,31858843,planet
1657.4663618799004,1.0035549,0.0014128027,31858843,planet
1657.4677508017244,1.0007801,0.0014108315,31858843,planet
1657.4691397235488,0.99857885,0.0014088999,31858843,planet
1657.4705286453727,0.9984993,0.0014094579,31858843,planet
1657.4719175667315,1.0012829,0.0014108416,31858843,planet
1657.4733064885568,0.99777436,0.0014099438,31858843,planet
1657.4774732540295,0.9996485,0.0014080919,31858843,planet
1657.4788621758535,1.0012735,0.0014102785,31858843,planet
1657.4802510976779,1.0036441,0.0014121628,31858843,planet
1657.4816400190375,1.0020746,0.001410017,31858843,planet
1657.4830289408615,0.9996453,0.0014101578,31858843,planet
1657.4844178626854,1.0008341,0.0014117041,31858843,planet
1657.4858067845098,1.0006225,0.001408767,31858843,planet
1657.4871957063338,0.9990715,0.0014107059,31858843,planet
1657.4885846276927,0.99840605,0.0014098692,31858843,planet
1657.4899735495178,1.000076,0.0014115962,31858843,planet
1657.4927513931657,0.9996284,0.0014097027,31858843,planet
1657.4969181581741,0.99764574,0.0014103407,31858843,planet
1657.4983070799985,1.0001751,0.0014100744,31858843,planet
1657.499696001823,1.0013847,0.0014109612,31858843,planet
1657.5038627668305,1.0018712,0.0014123383,31858843,planet
1657.5080295323037,1.0016983,0.0014119147,31858843,planet
1657.509418453662,0.99961656,0.0014130459,31858843,planet
1657.510807375486,1.002389,0.0014118098,31858843,planet
1657.5121962973112,0.9993271,0.0014114962,31858843,planet
1657.5135852191356,1.0003141,0.0014130555,31858843,planet
1657.514974140494,0.9986416,0.0014117324,31858843,planet
1657.5163630623185,1.0009502,0.0014120307,31858843,planet
1657.5177519841423,1.0025262,0.0014137791,31858843,planet
1657.5191409059662,0.9998188,0.0014124532,31858843,planet
1657.5205298273258,0.9994514,0.0014138347,31858843,planet
1657.5233076709746,0.9990352,0.001412677,31858843,planet
1657.524696592799,1.0028299,0.0014141763,31858843,planet
1657.5260855141573,1.0011629,0.0014110896,31858843,planet
1657.5274744359813,1.0025386,0.0014137714,31858843,planet
1657.5288633578066,1.0005225,0.0014137918,31858843,planet
1657.5302522791662,0.9986685,0.0014132648,31858843,planet
1657.5316412009902,0.999942,0.0014137819,31858843,planet
1657.533030122814,1.0017912,0.0014147963,31858843,planet
1657.5344190446385,1.0014322,0.001413861,31858843,planet
1657.5358079659973,0.9979385,0.001413607,31858843,planet
1657.5371968878221,1.0014883,0.001414912,31858843,planet
1657.5399747310048,1.0000675,0.0014116922,31858843,planet
1657.5413636528287,0.99957013,0.0014143994,31858843,planet
1657.5427525746534,0.99863565,0.0014139933,31858843,planet
1657.5455304178367,1.0001928,0.001415292,31858843,planet
1657.5469193396616,1.0001721,0.0014143226,31858843,planet
1657.5483082610199,0.9989219,0.0014143813,31858843,planet
1657.5496971828438,1.0003748,0.0014139216,31858843,planet
1657.5510861046682,1.001851,0.0014137257,31858843,planet
1657.5524750264926,1.0003649,0.0014153514,31858843,planet
1657.5538639478518,1.0021515,0.0014158259,31858843,planet
1657.5552528696762,0.9996014,0.001413767,31858843,planet
1657.5566417910345,0.99895984,0.0014139488,31858843,planet
1657.5580307128585,0.9992286,0.0014113295,31858843,planet
1657.559419634683,0.9998578,0.0014153335,31858843,planet
1657.560808556042,0.9960816,0.0014112745,31858843,planet
1657.5621974778664,1.0021421,0.0014163962,31858843,planet
1657.5635863996913,1.0028936,0.0014155069,31858843,planet
1657.56497532105,0.99827796,0.0014155478,31858843,planet
1657.566364242874,1.0013664,0.0014163966,31858843,planet
1657.5677531646988,1.0011744,0.0014159633,31858843,planet
1657.5691420860583,0.9999434,0.0014150698,31858843,planet
1657.570531007882,0.99831057,0.001415546,31858843,planet
1657.5733088510651,1.000159,0.0014145266,31858843,planet
1657.5760866942478,0.999846,0.0014164998,31858843,planet
1657.5774756160731,1.0009791,0.0014143141,31858843,planet
1657.5788645374314,1.0028398,0.0014171615,31858843,planet
1657.5802534592553,1.0002298,0.0014163835,31858843,planet
1657.5816423810797,1.0015358,0.0014178386,31858843,planet
1657.583031302438,0.9993582,0.001415292,31858843,planet
1657.5844202242629,0.9963606,0.001415105,31858843,planet
1657.5871980674463,1.000639,0.0014171166,31858843,planet
1657.5913648324536,0.9995052,0.0014163369,31858843,planet
1657.5927537538128,0.99936867,0.0014147852,31858843,planet
1657.5941426756372,0.99835575,0.0014162991,31858843,planet
1657.5983094406438,1.0021169,0.0014178143,31858843,planet
1657.5996983620034,0.99973446,0.0014172461,31858843,planet
1657.6010872838283,0.99987864,0.0014162321,31858843,planet
1657.6024762051866,0.9981082,0.001415493,31858843,planet
1657.603865127011,1.000629,0.0014177246,31858843,planet
1657.6052540483693,1.0010701,0.0014177245,31858843,planet
1657.6066429701932,0.99932045,0.001417051,31858843,planet
1657.6080318915529,1.0014306,0.0014180016,31858843,planet
1657.6108097347355,1.0005116,0.0014172214,31858843,planet
1657.6121986565604,0.9989859,0.0014150494,31858843,planet
1657.6135875779185,1.0011895,0.0014147677,31858843,planet
1657.6149764997422,0.9994939,0.0014161022,31858843,planet
1657.6163654211018,0.9995283,0.0014156207,31858843,planet
1657.6177543429267,0.9995068,0.0014179104,31858843,planet
1657.619143264285,1.0005082,0.0014179681,31858843,planet
1657.6205321861094,1.0019801,0.00141872,31858843,planet
1657.6219211074676,1.000885,0.0014165898,31858843,planet
1657.6246989506517,0.99801224,0.0014167987,31858843,planet
1657.6260878724756,1.0012273,0.0014182209,31858843,planet
1657.6288657156588,1.0009559,0.0014143154,31858843,planet
1657.6302546370175,0.9993284,0.0014160323,31858843,planet
1657.6316435588421,0.99903005,0.0014172408,31858843,planet
1657.633032480201,0.99854827,0.001415671,31858843,planet
1657.6344214020255,1.0008706,0.0014181406,31858843,planet
1657.6358103233838,0.9976094,0.0014151229,31858843,planet
1657.6371992452077,1.0014242,0.0014179489,31858843,planet
1657.638588166567,0.9987459,0.0014178696,31858843,planet
1657.64136600975,1.0017858,0.0014175099,31858843,planet
1657.6427549311093,1.0026528,0.0014152171,31858843,planet
1657.6441438529332,1.0027748,0.0014183258,31858843,planet
1657.6455327742915,1.0007452,0.0014185507,31858843,planet
1657.646921696116,0.9991625,0.0014168938,31858843,planet
1657.6496995392995,0.99815494,0.0014161791,31858843,planet
1657.6538663038405,0.9988632,0.0014173283,31858843,planet
1657.6552552252,1.0001473,0.0014181455,31858843,planet
1657.656644147025,0.9987083,0.0014172695,31858843,planet
1657.658033068383,1.0008166,0.0014176317,31858843,planet
1657.659421989742,0.99852073,0.0014167323,31858843,planet
1657.6621998329242,0.99919647,0.0014160577,31858843,planet
1657.6635887547495,0.99810094,0.001417177,31858843,planet
1657.6649776761092,0.99971735,0.0014185994,31858843,planet
1657.6663665974672,1.0005877,0.0014164785,31858843,planet
1657.667755519291,0.9994127,0.0014142636,31858843,planet
1657.6691444406501,1.0001212,0.0014173647,31858843,planet
1657.670533362474,0.99721116,0.0014176528,31858843,planet
1657.6719222838328,1.000162,0.0014179945,31858843,planet
1657.6733112051925,0.9989767,0.0014170918,31858843,planet
1657.6747001270164,0.998786,0.0014159037,31858843,planet
1657.6760890483747,0.99990034,0.0014173245,31858843,planet
1657.6774779697334,0.9998158,0.0014167882,31858843,planet
1657.6788668915574,1.0019232,0.0014190673,31858843,planet
1657.6802558129166,0.99765986,0.0014174194,31858843,planet
1657.6816447342762,0.99985474,0.001416683,31858843,planet
1657.6830336561002,1.0000672,0.0014136791,31858843,planet
1657.6844225774582,1.0011103,0.0014151046,31858843,planet
1657.6858114988172,0.99916184,0.0014168613,31858843,planet
1657.6872004206416,1.0001059,0.0014178632,31858843,planet
1657.6885893420008,1.0007366,0.0014196128,31858843,planet
1657.6899782633595,1.0044891,0.0014182635,31858843,planet
1657.6913671851835,0.9982459,0.0014174808,31858843,planet
1657.6927561065418,0.9997551,0.0014169893,31858843,planet
1657.6941450279005,1.0010434,0.0014177666,31858843,planet
1657.6955339497258,0.999943,0.0014144871,31858843,planet
1657.696922871085,0.99937606,0.0014163225,31858843,planet
1657.6983117924433,1.0016721,0.0014169631,31858843,planet
1657.6997007142677,0.999651,0.0014169391,31858843,planet
1657.701089635626,0.99897516,0.0014173379,31858843,planet
1657.7024785569843,1.0017254,0.0014178867,31858843,planet
1657.7038674788096,0.99969274,0.001417584,31858843,planet
1657.7052564001683,0.9998631,0.0014162761,31858843,planet
1657.7066453215266,1.0010743,0.0014184954,31858843,planet
1657.7080342428858,0.99880224,0.0014147302,31858843,planet
1657.7108120860678,0.9997722,0.0014135065,31858843,planet
1657.713589929252,1.000978,0.0014168306,31858843,planet
1657.7149788506104,1.0006546,0.0014166118,31858843,planet
1657.716367771969,1.0020226,0.0014166182,31858843,planet
1657.7177566933274,1.0013884,0.0014170446,31858843,planet
1657.7191456151522,1.0003166,0.0014148777,31858843,planet
1657.7205345365117,1.0036927,0.0014158246,31858843,planet
1657.7219234578697,1.001514,0.0014158218,31858843,planet
1657.723312379228,1.0016254,0.00141621,31858843,planet
1657.7247013010528,1.0025123,0.0014166804,31858843,planet
1657.7260902224111,1.0011424,0.0014144004,31858843,planet
1657.7274791437699,0.9986191,0.0014155918,31858843,planet
1657.7288680651295,1.0007511,0.0014164678,31858843,planet
1657.7302569864883,1.0005406,0.0014157381,31858843,planet
1657.7316459083122,1.0009629,0.0014147903,31858843,planet
1657.7330348296705,1.0002925,0.001416707,31858843,planet
1657.7344237510297,1.0000671,0.001417094,31858843,planet
1657.7358126723884,1.0022395,0.0014167499,31858843,planet
1657.737201594213,0.9980969,0.0014146919,31858843,planet
1657.738590515572,1.0001293,0.0014154946,31858843,planet
1657.7441462014726,0.99926865,0.001415151,31858843,planet
1657.745535122831,0.9988772,0.001416726,31858843,planet
1657.748312965548,0.999027,0.0014160789,31858843,planet
1657.7497018869062,1.0006949,0.0014160939,31858843,planet
1657.7510908082659,1.0022808,0.0014154864,31858843,planet
1657.7524797300907,0.99830145,0.0014157136,31858843,planet
1657.753868651449,0.99954575,0.0014158997,31858843,planet
1657.7552575728077,1.001604,0.0014170841,31858843,planet
1657.756646494166,0.99974346,0.0014143382,31858843,planet
1657.7580354155243,0.99788874,0.0014159643,31858843,planet
1657.759424336884,0.9989203,0.0014159795,31858843,planet
1657.7608132587084,0.99732816,0.0014150168,31858843,planet
1657.7622021800667,0.9982194,0.0014160115,31858843,planet
1657.7635911014256,1.0011855,0.001417414,31858843,planet
1657.7649800227846,1.0010885,0.0014164001,31858843,planet
1657.7663689441429,1.0007602,0.001416241,31858843,planet
1657.7677578655016,1.000795,0.0014145181,31858843,planet
1657.7691467868613,0.9999749,0.0014151777,31858843,planet
1657.7705357086852,0.9997067,0.0014170272,31858843,planet
1657.7719246300435,0.99790514,0.0014142477,31858843,planet
1657.7733135514025,1.0019139,0.0014161612,31858843,planet
1657.7747024727614,1.0022281,0.0014162052,31858843,planet
1657.7760913941202,0.99837667,0.0014127804,31858843,planet
1657.7774803154794,1.0003161,0.0014168455,31858843,planet
1657.7788692368376,1.000065,0.0014140748,31858843,planet
1657.7816470795547,0.9979856,0.0014144455,31858843,planet
1657.783036001379,0.99938864,0.0014161323,31858843,planet
1657.7844249227383,1.0015535,0.0014131486,31858843,planet
1657.785813844097,0.9991087,0.0014126576,31858843,planet
1657.7872027654553,1.0009029,0.0014170794,31858843,planet
1657.7885916868136,1.0002505,0.001417215,31858843,planet
1657.7899806081725,0.9993517,0.0014144452,31858843,planet
1657.7913695295315,1.0005771,0.0014167259,31858843,planet
1657.7927584508902,1.0008688,0.0014158023,31858843,planet
1657.7941473722494,1.0004241,0.0014151915,31858843,planet
1657.7955362936077,1.0015469,0.0014159714,31858843,planet
1657.796925214966,1.0011709,0.0014155356,31858843,planet
1657.7983141363247,1.0023919,0.0014157032,31858843,planet
1657.7997030576844,1.0000976,0.0014159054,31858843,planet
1657.8010919790431,0.9978819,0.0014150899,31858843,planet
1657.802480900867,0.9994938,0.001416315,31858843,planet
1657.8038698222263,1.0017288,0.0014152327,31858843,planet
1657.8052587435845,1.000149,0.0014157711,31858843,planet
1657.8066476649433,0.9979418,0.0014138916,31858843,planet
1657.808036586303,1.0014088,0.0014141827,31858843,planet
1657.8094255076612,1.0009402,0.0014159294,31858843,planet
1657.8108144290195,0.9990835,0.001412475,31858843,planet
1657.8122033503782,0.99861217,0.0014155633,31858843,planet
1657.8135922717365,1.0005572,0.0014155972,31858843,planet
1657.8149811930957,1.0041189,0.0014146392,31858843,planet
1657.8163701144554,1.0014081,0.0014143914,31858843,planet
1657.8177590358134,1.000156,0.0014145125,31858843,planet
1657.8191479571715,0.99863565,0.0014142588,31858843,planet
1657.8205368785307,1.0002074,0.001415009,31858843,planet
1657.821925799889,0.99979216,0.001414968,31858843,planet
1657.8233147212477,1.0005009,0.001417135,31858843,planet
1657.8247036426073,1.0019082,0.0014165383,31858843,planet
1657.8260925639656,1.0007991,0.0014150869,31858843,planet
1657.827481485324,1.0011393,0.0014160922,31858843,planet
1657.8288704066827,0.9994872,0.0014160811,31858843,planet
1657.8302593280418,1.0007493,0.0014143519,31858843,planet
1657.8316482494006,1.0017731,0.0014145111,31858843,planet
1657.8330371707598,0.99924654,0.0014152849,31858843,planet
1657.8344260921185,1.0011486,0.0014153095,31858843,planet
1657.8358150134768,1.0001112,0.0014144318,31858843,planet
1657.837203934835,1.0023284,0.0014167248,31858843,planet
1657.8399817770878,1.0014918,0.0014168781,31858843,planet
1657.8427596198053,1.0011224,0.0014146155,31858843,planet
1657.8441485411633,0.9981937,0.0014143508,31858843,planet
1657.8455374625214,1.0016148,0.0014141346,31858843,planet
1657.846926383881,0.99906826,0.0014126092,31858843,planet
1657.8483153052402,0.99971277,0.0014149402,31858843,planet
1657.8497042265985,1.0007535,0.0014157139,31858843,planet
1657.8510931479573,0.99800336,0.0014156539,31858843,planet
1657.8524820693156,0.9979532,0.0014147412,31858843,planet
1657.8538709906738,0.9974867,0.0014144494,31858843,planet
1657.8552599120335,1.0019435,0.0014155408,31858843,planet
1657.8566488333922,1.0007968,0.0014126779,31858843,planet
1657.8580377547505,0.9973572,0.0014143256,31858843,planet
1657.859426675644,0.99866545,0.0014143923,31858843,planet
1657.860815597002,0.99931204,0.0014149119,31858843,planet
1657.862204518361,0.99865663,0.0014150887,31858843,planet
1657.8635934397207,1.0011702,0.0014156301,31858843,planet
1657.8649823610795,0.9988816,0.0014158365,31858843,planet
1657.8663712824377,0.99885374,0.0014144267,31858843,planet
1657.867760203796,1.0007463,0.0014154097,31858843,planet
1657.8691491251552,1.000114,0.0014137725,31858843,planet
1657.8705380460483,1.0006392,0.0014137476,31858843,planet
1657.871926967407,1.0002244,0.0014148857,31858843,planet
1657.8733158887662,0.9997207,0.0014150739,31858843,planet
1657.8747048101245,0.9983142,0.0014153982,31858843,planet
1657.8760937314828,0.9999555,0.001414665,31858843,planet
1657.8774826528415,1.0019513,0.0014155002,31858843,planet
1657.8788715742005,0.99927455,0.0014152359,31858843,planet
1657.8802604955595,0.99726653,0.0014134049,31858843,planet
1657.8816494164525,0.9964951,0.0014136252,31858843,planet
1657.8830383378108,1.0015988,0.0014155156,31858843,planet
1657.8844272591691,1.0010802,0.0014155393,31858843,planet
1657.8858161805283,0.99996275,0.0014154823,31858843,planet
1657.888594023246,0.9989088,0.0014122878,31858843,planet
1657.8899829441393,0.99984473,0.0014157898,31858843,planet
1657.8913718654976,1.0018091,0.0014145316,31858843,planet
1657.892760786856,1.0013341,0.0014156463,31858843,planet
1657.8941497082155,1.0005909,0.0014139169,31858843,planet
1657.8955386295743,0.99803764,0.0014129948,31858843,planet
1657.896927550467,0.9990457,0.0014140543,31858843,planet
1657.8983164718256,1.0002811,0.0014149237,31858843,planet
1657.8997053931848,0.9998542,0.0014130007,31858843,planet
1657.9010943145431,1.0009075,0.0014145154,31858843,planet
1657.9024832359019,0.99917275,0.0014124445,31858843,planet
1657.9038721567958,0.9994621,0.0014128946,31858843,planet
1657.9052610781541,1.0022142,0.0014155773,31858843,planet
1657.9066499995124,1.0006955,0.0014151066,31858843,planet
1657.9080389208711,0.99894994,0.0014129145,31858843,planet
1657.9094278422294,0.99911755,0.0014140204,31858843,planet
1657.910816763123,1.0019861,0.0014155625,31858843,planet
1657.9122056844826,1.0019667,0.0014145754,31858843,planet
1657.913594605841,0.99812907,0.0014122553,31858843,planet
1657.914983527199,1.0021489,0.001413178,31858843,planet
1657.9163724480923,0.9983569,0.0014122978,31858843,planet
1657.9177613694505,1.0020539,0.0014142585,31858843,planet
1657.9191502908093,1.0016621,0.00141342,31858843,planet
1657.920539212169,0.9992953,0.0014118928,31858843,planet
1657.9219281330616,0.9990468,0.0014136296,31858843,planet
1657.9233170544198,1.0013554,0.001413084,31858843,planet
1657.9247059757786,0.9989866,0.0014127524,31858843,planet
1657.9260948971378,0.9992471,0.0014132423,31858843,planet
1657.9274838180309,1.0021808,0.0014126794,31858843,planet
1657.92887273939,1.0022348,0.0014124614,31858843,planet
1657.9302616607483,0.9993457,0.0014114608,31858843,planet
1657.931650581641,1.0012783,0.0014134378,31858843,planet
1657.9330395029997,0.9997505,0.0014123383,31858843,planet
1657.9344284243593,0.9999292,0.0014115706,31858843,planet
1657.935817345718,1.0018451,0.0014122877,31858843,planet
1657.9372062666107,1.0046421,0.0014140336,31858843,planet
1657.93859518797,1.0009625,0.0014121232,31858843,planet
1657.9399841093282,1.0024434,0.0014114972,31858843,planet
1657.9413730302206,1.0016677,0.0014125251,31858843,planet
1657.94276195158,0.99937636,0.0014124141,31858843,planet
1657.9441508729392,1.0025029,0.0014128409,31858843,planet
1657.9455397938318,1.0009159,0.0014112305,31858843,planet
1657.9469287151906,0.99993616,0.0014115225,31858843,planet
1657.9483176365488,1.0013688,0.0014110679,31858843,planet
1657.9497065574415,1.0024126,0.0014115818,31858843,planet
1657.951095478801,1.0011313,0.0014112599,31858843,planet
1657.9524844001598,1.0002828,0.0014114374,31858843,planet
1657.9538733210525,1.0001212,0.0014119672,31858843,planet
1657.9552622424117,1.0010473,0.0014112873,31858843,planet
1657.95665116377,0.9995103,0.0014112676,31858843,planet
1657.958040084663,0.99917203,0.0014105171,31858843,planet
1657.9594290060227,1.0013835,0.0014115492,31858843,planet
1657.960817927381,0.99994636,0.0014109061,31858843,planet
1657.9622068482736,0.99955547,0.0014091387,31858843,planet
1657.9635957696323,0.999576,0.0014083221,31858843,planet
1657.9649846909906,1.0022037,0.0014116487,31858843,planet
1657.9663736118841,0.9996448,0.0014095013,31858843,planet
1657.9677625332436,1.0014532,0.001410615,31858843,planet
1657.9691514546025,1.0017432,0.0014112082,31858843,planet
1657.9705403754951,1.0010076,0.0014089318,31858843,planet
1657.9719292968534,0.99961483,0.001410547,31858843,planet
1657.9733182177465,0.9987063,0.001409716,31858843,planet
1657.9747071391057,0.99947613,0.0014098603,31858843,planet
1657.9760960604644,1.0011151,0.0014082189,31858843,planet
1657.9774849813577,1.0007979,0.001410394,31858843,planet
1657.9802628236084,1.0009896,0.0014101089,31858843,planet
1657.9816517449676,0.9984964,0.0014100267,31858843,planet
1657.98442958722,1.0019264,0.0014105069,31858843,planet
1657.9858185085786,0.9983828,0.0014081154,31858843,planet
1657.9872074294713,1.0026704,0.0014101375,31858843,planet
1657.9885963508295,0.9998308,0.0014102994,31858843,planet
1657.9899852717235,1.001851,0.0014086296,31858843,planet
1657.9913741930823,1.0020041,0.0014079795,31858843,planet
1657.9927631144405,1.0012212,0.0014105147,31858843,planet
1657.9941520353339,0.9995867,0.0014090695,31858843,planet
1657.995540956692,0.9985532,0.0014065377,31858843,planet
1657.9969298775845,1.0025901,0.0014100594,31858843,planet
1657.9983187989442,1.0011636,0.0014082029,31858843,planet
1657.9997077198377,0.99923044,0.0014080786,31858843,planet
1658.001096641196,1.0030459,0.0014102737,31858843,planet
1658.002485562089,0.999292,0.0014086284,31858843,planet
1658.003874483448,1.0009397,0.001408925,31858843,planet
1658.0052634043404,1.0015287,0.001409566,31858843,planet
1658.0066523256996,1.0001483,0.0014088561,31858843,planet
1658.0080412470593,0.99851197,0.0014084262,31858843,planet
1658.009430167952,0.99881303,0.0014082055,31858843,planet
1658.0108190893102,1.0024587,0.0014093298,31858843,planet
1658.0122080102033,0.9998267,0.0014074044,31858843,planet
1658.013596931562,0.99985975,0.0014070343,31858843,planet
1658.0149858524555,1.0003843,0.0014069561,31858843,planet
1658.0163747738143,1.0012352,0.0014080114,31858843,planet
1658.017763694707,1.000912,0.0014060048,31858843,planet
1658.0191526160652,1.0054275,0.0014105021,31858843,planet
1658.0205415369587,1.0000468,0.0014079761,31858843,planet
1658.0233193792105,0.9986093,0.0014045002,31858843,planet
1658.024708300104,1.0020834,0.0014040823,31858843,planet
1658.0260972214624,1.001883,0.0014068369,31858843,planet
1658.027486142355,1.0020165,0.0014091186,31858843,planet
1658.030263984607,0.9999874,0.0014059918,31858843,planet
1658.031652905966,1.00007,0.0014066548,31858843,planet
1658.033041826859,1.0004183,0.0014072579,31858843,planet
1658.0344307482173,1.0005593,0.001408238,31858843,planet
1658.03581966911,1.0024698,0.0014081739,31858843,planet
1658.0372085904692,1.0018091,0.0014084129,31858843,planet
1658.0385975113632,0.9998955,0.0014050967,31858843,planet
1658.039986432722,1.0015718,0.0014069467,31858843,planet
1658.0413753536145,1.0007724,0.0014074724,31858843,planet
1658.0427642745076,1.002425,0.0014079083,31858843,planet
1658.0441531958659,0.99938756,0.0014062147,31858843,planet
1658.0455421167594,0.99878633,0.0014066835,31858843,planet
1658.046931038119,1.0021812,0.0014079836,31858843,planet
1658.0483199590115,1.0002732,0.0014081317,31858843,planet
1658.0497088799038,0.99930245,0.0014066176,31858843,planet
1658.051097801263,1.001276,0.0014064717,31858843,planet
1658.0524867221557,0.9999282,0.0014068711,31858843,planet
1658.0538756435144,1.0033791,0.0014073363,31858843,planet
1658.0552645644084,0.9970038,0.001405356,31858843,planet
1658.0566534857667,1.0008093,0.0014057833,31858843,planet
1658.0580424066593,1.0009146,0.0014074481,31858843,planet
1658.0594313275524,1.0003242,0.0014054527,31858843,planet
1658.0608202489107,0.9988204,0.0014050792,31858843,planet
1658.0622091698042,1.0012106,0.0014072617,31858843,planet
1658.0635980906982,1.0020756,0.0014058532,31858843,planet
1658.0649870120562,0.9988758,0.0014064335,31858843,planet
1658.0663759329486,1.0012482,0.0014078057,31858843,planet
1658.0677648543078,1.0017762,0.0014051617,31858843,planet
1658.0691537752004,1.0031928,0.001408009,31858843,planet
1658.0705426960935,1.0006307,0.0014077045,31858843,planet
1658.0719316174532,1.0024481,0.0014084486,31858843,planet
1658.0733205383467,0.9966978,0.001404155,31858843,planet
1658.074709459239,0.9996187,0.0014064106,31858843,planet
1658.0760983805972,1.0010103,0.0014073461,31858843,planet
1658.0774873014911,1.000872,0.0014074858,31858843,planet
1658.0788762223847,1.0025765,0.0014055264,31858843,planet
1658.080265143743,1.0018675,0.0014082184,31858843,planet
1658.081654064636,0.99938774,0.0014062171,31858843,planet
1658.0830429855287,1.0006881,0.0014071619,31858843,planet
1658.084431906887,0.99934465,0.0014063688,31858843,planet
1658.085820827781,1.0015725,0.0014088735,31858843,planet
1658.087209748674,0.9987546,0.0014047936,31858843,planet
1658.0885986700323,0.99821115,0.0014049128,31858843,planet
1658.0899875909258,1.0003982,0.0014069241,31858843,planet
1658.0913765118182,0.99869746,0.0014068625,31858843,planet
1658.0927654331763,1.0011104,0.0014066657,31858843,planet
1658.0941543540703,1.0003089,0.0014062701,31858843,planet
1658.0955432749638,0.9994961,0.0014060454,31858843,planet
1658.0969321958564,0.9998066,0.001406312,31858843,planet
1658.0983211172152,1.0019361,0.0014072784,31858843,planet
1658.0997100381078,1.0013546,0.0014073371,31858843,planet
1658.1010989590004,1.0014235,0.0014073248,31858843,planet
1658.10248788036,0.99980825,0.0014044669,31858843,planet
1658.1038768012531,1.003219,0.0014065494,31858843,planet
1658.1052657221458,0.9993755,0.0014050059,31858843,planet
1658.1066546430393,0.9993732,0.0014065779,31858843,planet
1658.108043564398,1.0009745,0.0014065494,31858843,planet
1658.1094324852916,1.0010232,0.0014071964,31858843,planet
1658.1108214061846,1.0006641,0.0014071595,31858843,planet
1658.1122103270777,0.99869454,0.0014047826,31858843,planet
1658.113599248436,0.99939656,0.0014052641,31858843,planet
1658.1149881693286,1.000323,0.0014069624,31858843,planet
1658.1163770902222,0.99814975,0.0014062834,31858843,planet
1658.1177660111152,1.0008451,0.0014065674,31858843,planet
1658.1191549324742,1.0013618,0.0014062489,31858843,planet
1658.1205438533675,1.0006943,0.0014070697,31858843,planet
1658.1219327742601,0.99906564,0.001407623,31858843,planet
1658.1247106160458,0.9990334,0.0014065398,31858843,planet
1658.126099537405,0.9979203,0.0014065059,31858843,planet
1658.127488458298,0.9989679,0.0014064033,31858843,planet
1658.1288773791912,0.99873716,0.001406348,31858843,planet
1658.1302663000838,0.9984505,0.001406744,31858843,planet
1658.131655221442,1.0010225,0.0014047496,31858843,planet
1658.133044142336,1.0002797,0.0014072572,31858843,planet
1658.1344330632296,1.0012145,0.001408285,31858843,planet
1658.1358219841222,0.9994234,0.0014064828,31858843,planet
1658.1372109050153,1.0009286,0.0014069665,31858843,planet
1658.138599825908,1.0010041,0.0014079083,31858843,planet
1658.1399887472662,0.99899715,0.0014051882,31858843,planet
1658.1413776681602,0.9996586,0.0014074487,31858843,planet
1658.1427665890542,0.9996457,0.0014061235,31858843,planet
1658.1441555099468,0.9993713,0.0014058716,31858843,planet
1658.1455444308392,1.0012614,0.0014067687,31858843,planet
1658.1469333517325,1.0013826,0.001408144,31858843,planet
1658.1483222730908,1.0007391,0.0014069789,31858843,planet
1658.1497111939839,0.9991784,0.0014072638,31858843,planet
1658.1511001148779,1.0002186,0.0014076077,31858843,planet
1658.1524890357705,1.0003415,0.0014077157,31858843,planet
1658.153877956663,1.0005584,0.0014057358,31858843,planet
1658.1552668775562,0.99943733,0.0014068835,31858843,planet
1658.1566557984488,0.99692154,0.0014062574,31858843,planet
1658.158044719808,1.000946,0.0014077185,31858843,planet
1658.159433640702,0.99963427,0.0014082988,31858843,planet
1658.1608225615946,1.0023171,0.0014079608,31858843,planet
1658.1622114824872,1.0013018,0.0014088936,31858843,planet
1658.1636004033803,0.9986791,0.0014073576,31858843,planet
1658.1649893242734,1.0021969,0.0014052764,31858843,planet
1658.166378245167,1.0008082,0.0014069478,31858843,planet
1658.16776716606,1.0025527,0.0014069866,31858843,planet
1658.1691560874183,1.0005453,0.0014067192,31858843,planet
1658.170545008311,1.0007156,0.0014073726,31858843,planet
1658.1719339292042,1.0024022,0.0014087749,31858843,planet
1658.1733228500975,0.9997427,0.0014079062,31858843,planet
1658.1747117709906,1.0010178,0.0014090108,31858843,planet
1658.1761006918841,0.9988507,0.001408461,31858843,planet
1658.1774896127772,1.0018224,0.001409446,31858843,planet
1658.1788785336698,1.0005826,0.0014084073,31858843,planet
1658.1802674545625,1.0001307,0.0014089646,31858843,planet
1658.1816563754564,0.999955,0.001408985,31858843,planet
1658.1830452963495,1.0021387,0.0014102163,31858843,planet
1658.1844342172421,1.0008243,0.0014088282,31858843,planet
1658.1858231381357,1.0003177,0.0014080977,31858843,planet
1658.187212059494,1.0016555,0.0014085724,31858843,planet
1658.1886009803866,1.0016253,0.0014087782,31858843,planet
1658.1899899012803,1.000572,0.0014085356,31858843,planet
1658.1913788221736,1.0028341,0.0014091278,31858843,planet
1658.1927677430663,0.99977255,0.0014078277,31858843,planet
1658.1941566639593,1.0019394,0.0014100801,31858843,planet
1658.195545584852,0.9999174,0.0014068934,31858843,planet
1658.1969345057455,1.0006891,0.0014074896,31858843,planet
1658.1983234266395,1.0007921,0.0014079526,31858843,planet
1658.1997123475319,0.9959202,0.0014055549,31858843,planet
1658.2011012684243,0.9984188,0.0014076327,31858843,planet
1658.2024901893178,0.9997297,0.0014083555,31858843,planet
1658.2038791102104,0.9991285,0.0014078836,31858843,planet
1658.2052680311035,0.9999716,0.001407696,31858843,planet
1658.2066569519975,0.99706215,0.0014069292,31858843,planet
1658.2080458728901,1.0003642,0.0014080021,31858843,planet
1658.2094347937827,1.0003059,0.0014076016,31858843,planet
1658.2108237146758,1.0013206,0.0014091925,31858843,planet
1658.2122126355694,1.0007858,0.0014079683,31858843,planet
1658.2136015564624,1.0019745,0.0014090032,31858843,planet
1658.214990477356,1.0021365,0.0014091127,31858843,planet
1658.216379398249,0.9997322,0.0014088929,31858843,planet
1658.2177683191417,0.99873275,0.001408721,31858843,planet
1658.2191572400343,1.0003294,0.0014078198,31858843,planet
1658.2205461609274,1.0013349,0.0014093133,31858843,planet
1658.221935081821,1.0011286,0.0014098488,31858843,planet
1658.223324002714,1.000827,0.0014099926,31858843,planet
1658.2261018445,1.0008409,0.001407871,31858843,planet
1658.2274907649266,1.0013021,0.0014095977,31858843,planet
1658.2288796858206,1.0033929,0.0014102983,31858843,planet
1658.2302686067142,1.0008883,0.0014093573,31858843,planet
1658.2316575276068,1.0023295,0.0014098547,31858843,planet
1658.2330464484999,0.9996467,0.0014077569,31858843,planet
1658.2344353693925,0.9997974,0.0014093667,31858843,planet
1658.235824290285,1.0022948,0.001410779,31858843,planet
1658.237213211179,1.00017,0.0014088678,31858843,planet
1658.2386021320722,1.0042152,0.001408854,31858843,planet
1658.2399910529648,1.000077,0.0014071814,31858843,planet
1658.2413799738583,1.0014279,0.0014078507,31858843,planet
1658.2427688947507,1.0017928,0.0014088432,31858843,planet
1658.2441578156431,1.0004508,0.0014083263,31858843,planet
1658.2455467360714,0.99981505,0.0014070343,31858843,planet
1658.2469356569654,0.9968271,0.0014056545,31858843,planet
1658.248324577858,1.001164,0.0014096313,31858843,planet
1658.2497134987507,1.0021838,0.0014101745,31858843,planet
1658.2511024196442,1.0010172,0.0014069402,31858843,planet
1658.2524913405366,1.003577,0.0014094472,31858843,planet
1658.255269182324,1.0007545,0.0014089927,31858843,planet
1658.2566581027509,0.9973581,0.0014086278,31858843,planet
1658.2580470236435,1.0034946,0.0014096398,31858843,planet
1658.2594359445366,0.99986166,0.0014094211,31858843,planet
1658.2608248654299,1.0024722,0.0014088579,31858843,planet
1658.2622137863232,1.0021738,0.0014075948,31858843,planet
1658.2636027072163,1.0024196,0.001410515,31858843,planet
1658.2649916281089,1.0019891,0.0014087816,31858843,planet
1658.2663805485358,0.9973929,0.001405698,31858843,planet
1658.2677694694294,1.0004106,0.0014067957,31858843,planet
1658.2705473112155,1.0000526,0.0014085377,31858843,planet
1658.271936232109,0.99878865,0.0014051966,31858843,planet
1658.2733251530017,0.99981946,0.0014074849,31858843,planet
1658.2747140734286,1.0005403,0.0014073156,31858843,planet
1658.2761029943217,1.0020205,0.0014096905,31858843,planet
1658.2774919152153,0.99864906,0.0014071057,31858843,planet
1658.2788808361083,1.0016519,0.0014077272,31858843,planet
1658.2802697570014,1.0023938,0.0014089519,31858843,planet
1658.281658677895,1.0023693,0.0014082161,31858843,planet
1658.283047598322,1.00282,0.00140922,31858843,planet
1658.285825440109,0.99899864,0.001407489,31858843,planet
1658.2872143610016,1.0031129,0.0014096785,31858843,planet
1658.2886032814285,1.0000999,0.0014082434,31858843,planet
1658.2899922023216,1.0029448,0.001408142,31858843,planet
1658.2913811232143,1.0000664,0.0014074163,31858843,planet
1658.2927700441078,1.0013458,0.0014063688,31858843,planet
1658.2941589650018,1.0039556,0.0014096951,31858843,planet
1658.2955478854285,1.0014284,0.0014082998,31858843,planet
1658.296936806321,0.9993067,0.0014082291,31858843,planet
1658.2983257272144,1.0017102,0.0014075517,31858843,planet
1658.299714648107,0.9998213,0.0014074539,31858843,planet
1658.3011035685345,0.9999573,0.0014069619,31858843,planet
1658.3024924894285,1.0003458,0.0014077778,31858843,planet
1658.303881410321,1.0007974,0.0014078453,31858843,planet
1658.3052703312137,0.9999165,0.0014067533,31858843,planet
1658.3066592516411,1.000196,0.0014073785,31858843,planet
1658.3080481725337,0.9985451,0.0014068731,31858843,planet
1658.3094370934273,1.0000803,0.0014073206,31858843,planet
1658.3108260143213,1.0013248,0.001408425,31858843,planet
1658.3122149347482,0.99765706,0.0014063873,31858843,planet
1658.3136038556406,1.0009478,0.001406414,31858843,planet
1658.314992776534,1.0019587,0.0014067285,31858843,planet
1658.3163816969623,0.9991784,0.0014058138,31858843,planet
1658.3177706178553,0.9996962,0.001406022,31858843,planet
1658.319159538748,0.99964607,0.0014060878,31858843,planet
1658.3219373800684,1.0006562,0.0014048913,31858843,planet
1658.3233263009608,0.9999241,0.0014052672,31858843,planet
1658.3247152218546,0.99748075,0.0014035797,31858843,planet
1658.3261041422825,1.0001863,0.0014042464,31858843,planet
1658.327493063175,1.000444,0.001405986,31858843,planet
1658.3288819840682,1.0005506,0.0014050773,31858843,planet
1658.3302709044951,0.9973084,0.0014051688,31858843,planet
1658.3316598253878,1.0023077,0.0014055705,31858843,planet
1658.3330487462817,1.0015891,0.0014056956,31858843,planet
1658.3344376667092,0.99827814,0.001404792,31858843,planet
1658.3358265876018,0.9997833,0.0014044188,31858843,planet
1658.3372155084953,0.9991627,0.0014032224,31858843,planet
1658.3386044289223,1.0006555,0.0014053984,31858843,planet
1658.3399933498147,1.0016979,0.0014045157,31858843,planet
1658.3413822707084,0.99992484,0.0014051059,31858843,planet
1658.3427711911363,1.0006235,0.0014052651,31858843,planet
1658.344160112029,0.9999559,0.0014038854,31858843,planet
1658.3455490324563,1.0014101,0.0014040684,31858843,planet
1658.346937953349,1.0003071,0.0014027117,31858843,planet
1658.3483268742425,1.0040495,0.001404523,31858843,planet
1658.3497157946706,1.0013399,0.0014046045,31858843,planet
1658.351104715564,1.0006579,0.0014043245,31858843,planet
1658.3524936364565,1.0018549,0.0014047961,31858843,planet
1658.3538825568835,1.0001504,0.0014030389,31858843,planet
1658.3552714777766,1.0016185,0.0014032413,31858843,planet
1658.3566603982044,1.002358,0.0014044184,31858843,planet
1658.3580493190975,1.0013965,0.0014034956,31858843,planet
1658.3594382399906,1.0023481,0.0014025755,31858843,planet
1658.3608271604176,0.99825096,0.001401389,31858843,planet
1658.3622160813102,1.0000196,0.0014027548,31858843,planet
1658.363605001738,0.9968453,0.0014010032,31858843,planet
1658.3649939226311,1.0020361,0.001403634,31858843,planet
1658.366382843059,1.0015669,0.0014015832,31858843,planet
1658.367771763952,1.0010483,0.0014006032,31858843,planet
1658.3691606848447,1.003707,0.0014017997,31858843,planet
1658.3705496052717,1.000201,0.0014017624,31858843,planet
1658.3719385261647,1.0011612,0.0014019536,31858843,planet
1658.3733274465926,1.0004015,0.0014033931,31858843,planet
1658.3747163674857,0.99989736,0.001401801,31858843,planet
1658.3761052879133,1.0001234,0.0014021917,31858843,planet
1658.3774942088057,1.0009326,0.0014015071,31858843,planet
1658.3788831292327,1.0032665,0.0014035074,31858843,planet
1658.3802720501267,1.001124,0.0014035333,31858843,planet
1658.3816609710202,1.001179,0.0014018205,31858843,planet
1658.3830498914472,1.0013022,0.0014025018,31858843,planet
1658.3844388123402,1.0006905,0.001401529,31858843,planet
1658.3858277327677,0.9998216,0.0014009667,31858843,planet
1658.3872166536603,0.9989589,0.0013993189,31858843,planet
1658.3899944949821,1.0006483,0.0014020229,31858843,planet
1658.391383415409,1.0001035,0.0014019202,31858843,planet
1658.3927723363017,1.0013759,0.0014018049,31858843,planet
1658.3941612567291,0.99956393,0.0014010329,31858843,planet
1658.3955501776218,1.0028797,0.0014019692,31858843,planet
1658.3969390980492,1.000357,0.0014016153,31858843,planet
1658.3983280189432,1.000374,0.0014005153,31858843,planet
1658.3997169393701,1.0011739,0.0014014471,31858843,planet
1658.4011058602628,1.0015687,0.0014017142,31858843,planet
1658.4024947806904,0.9992188,0.0014006166,31858843,planet
1658.4038837015837,1.0019646,0.00140148,31858843,planet
1658.4052726220111,1.0002713,0.0014016187,31858843,planet
1658.4066615429047,1.0024816,0.0013997696,31858843,planet
1658.4080504633316,1.002012,0.0014013334,31858843,planet
1658.4094393837586,0.9954667,0.0013984303,31858843,planet
1658.4108283046517,0.9986062,0.0013991044,31858843,planet
1658.4122172250793,0.9990436,0.001399857,31858843,planet
1658.4136061459726,1.0002747,0.0014002868,31858843,planet
1658.4149950664,1.0024941,0.0014010443,31858843,planet
1658.4163839872926,0.99950963,0.0013996488,31858843,planet
1658.4177729077196,0.99910146,0.0014004721,31858843,planet
1658.4191618286131,1.0009149,0.001401329,31858843,planet
1658.4205507490412,1.0010939,0.0014009309,31858843,planet
1658.4219396694689,1.0006315,0.0014006689,31858843,planet
1658.4233285903615,1.0015572,0.0014006291,31858843,planet
1658.424717510789,1.0012974,0.0014001618,31858843,planet
1658.4261064316815,1.0013508,0.0014012501,31858843,planet
1658.4274953521085,1.0008545,0.0014011966,31858843,planet
1658.4288842730025,0.99989647,0.0014005039,31858843,planet
1658.4302731934301,0.9990991,0.0014004234,31858843,planet
1658.4316621138569,1.0019587,0.0014009153,31858843,planet
1658.4330510347504,1.0022111,0.0014006585,31858843,planet
1658.4344399551774,0.9997468,0.0013997967,31858843,planet
1658.4358288756048,0.99958944,0.0013997381,31858843,planet
1658.4372177964988,1.0010426,0.0013999845,31858843,planet
1658.4386067169257,1.0035362,0.0014004686,31858843,planet
1658.4399956378184,0.99994755,0.0014002894,31858843,planet
1658.4413845582458,1.0016094,0.001400961,31858843,planet
1658.4427734786727,1.0008478,0.0014005374,31858843,planet
1658.4441623995663,0.99938333,0.0014000976,31858843,planet
1658.4455513199946,1.0001684,0.0014003649,31858843,planet
1658.4469402404213,0.9991525,0.0014002171,31858843,planet
1658.4483291613137,0.9995858,0.0013994096,31858843,planet
1658.4497180817416,0.9993881,0.0013996755,31858843,planet
1658.4511070026342,1.0012208,0.0014003278,31858843,planet
1658.4524959230616,0.99906635,0.0013991066,31858843,planet
1658.45388484349,0.9995636,0.0013999491,31858843,planet
1658.4552737643826,0.9992345,0.0013986506,31858843,planet
1658.4566626848095,0.99944925,0.0013990818,31858843,planet
1658.458051605237,0.9998713,0.0014009551,31858843,planet
1658.4594405261305,1.0003171,0.0014000423,31858843,planet
1658.460829446558,0.9998415,0.0014000563,31858843,planet
1658.4622183669858,0.9997157,0.0014003384,31858843,planet
1658.4636072874132,1.0002049,0.0014001037,31858843,planet
1658.4649962083058,1.0005164,0.001399939,31858843,planet
1658.4663851287328,1.002446,0.0014007161,31858843,planet
1658.467774049161,1.0010142,0.0013996487,31858843,planet
1658.4691629700542,0.9994421,0.0013990795,31858843,planet
1658.4705518904811,0.9986565,0.0013994409,31858843,planet
1658.471940810909,1.0020951,0.0013988374,31858843,planet
1658.4733297318014,1.0016263,0.0013997656,31858843,planet
1658.4747186522281,0.99925447,0.0013993698,31858843,planet
1658.4761075726565,1.0014089,0.001401019,31858843,planet
1658.4774964930843,1.0005951,0.0014011153,31858843,planet
1658.478885413977,1.0016795,0.0014015625,31858843,planet
1658.4802743344044,0.99829173,0.001399232,31858843,planet
1658.4816632548313,1.0026194,0.0013996082,31858843,planet
1658.4830521752583,1.001089,0.001400807,31858843,planet
1658.4844410961523,0.99916506,0.0014001686,31858843,planet
1658.4858300165797,0.9992298,0.0014003846,31858843,planet
1658.4872189370067,1.001409,0.001400174,31858843,planet
1658.4886078574345,0.9983188,0.001399663,31858843,planet
1658.4899967783272,0.9999294,0.0013987408,31858843,planet
1658.491385698754,1.0008286,0.0014019302,31858843,planet
1658.492774619182,1.0017458,0.0014019446,31858843,planet
1658.4941635396103,0.9977453,0.0013998252,31858843,planet
1658.495552460503,0.99866736,0.0014010507,31858843,planet
1658.49694138093,0.9986723,0.0014004514,31858843,planet
1658.4983303013578,0.9964335,0.0013991763,31858843,planet
1658.4997192217852,0.99497515,0.0013985728,31858843,planet
1658.5011081422128,0.99688876,0.0013967343,31858843,planet
1658.5024970631061,0.99598885,0.001396127,31858843,planet
1658.503885983533,0.99321526,0.0013956439,31858843,planet
1658.50527490396,0.992789,0.0013967735,31858843,planet
1658.5066638243875,0.9917458,0.0013959508,31858843,planet
1658.5080527448154,0.9913339,0.0013964302,31858843,planet
1658.5094416657084,0.9924879,0.0013967096,31858843,planet
1658.5108305861359,0.98942333,0.0013959502,31858843,planet
1658.5122195065628,0.9904555,0.0013974177,31858843,planet
1658.5136084269898,0.9913039,0.0013971153,31858843,planet
1658.5149973474176,0.9899615,0.0013963308,31858843,planet
1658.5163862683107,0.98939115,0.0013942143,31858843,planet
1658.5177751887384,0.99085546,0.0013972566,31858843,planet
1658.519164109166,0.98572177,0.0013949705,31858843,planet
1658.520553029593,0.9899966,0.0013962561,31858843,planet
1658.52194195002,0.98860556,0.0013960835,31858843,planet
1658.5233308704474,0.99074334,0.0013972761,31858843,planet
1658.5247197908752,0.9878941,0.0013962621,31858843,planet
1658.5261087117683,0.9892184,0.0013948405,31858843,planet
1658.527497632196,0.987497,0.0013949422,31858843,planet
1658.5288865526236,0.9896303,0.0013961195,31858843,planet
1658.5302754730506,0.9892203,0.0013962599,31858843,planet
1658.5330533139063,0.9894935,0.0013949937,31858843,planet
1658.5344422343333,0.9902299,0.001396658,31858843,planet
1658.5358311552259,0.9901312,0.0013982267,31858843,planet
1658.5372200756533,0.9883046,0.001396413,31858843,planet
1658.5386089960803,0.98851454,0.0013967513,31858843,planet
1658.5399979165081,0.99021506,0.0013979416,31858843,planet
1658.5413868369365,0.9888327,0.0013974503,31858843,planet
1658.5427757573634,0.98877823,0.0013970517,31858843,planet
1658.5441646777901,0.98898375,0.0013972939,31858843,planet
1658.5455535982178,0.9872252,0.0013961453,31858843,planet
1658.5469425186448,0.98909736,0.0013980389,31858843,planet
1658.5483314390722,0.9887292,0.0013984643,31858843,planet
1658.5497203595005,0.9883762,0.0013978239,31858843,planet
1658.5511092803931,0.98887825,0.001397928,31858843,planet
1658.55249820082,0.9908663,0.0013978228,31858843,planet
1658.5538871212477,0.9881563,0.0013960358,31858843,planet
1658.5552760416754,0.98758996,0.0013964034,31858843,planet
1658.5566649621028,0.9906881,0.0013974317,31858843,planet
1658.5580538825307,0.9876235,0.0013972302,31858843,planet
1658.5594428029576,0.9899102,0.0013975545,31858843,planet
1658.5608317233846,0.9882184,0.0013980864,31858843,planet
1658.562220643812,0.98868877,0.0013980839,31858843,planet
1658.5636095642403,0.98806846,0.0013963393,31858843,planet
1658.5649984846677,0.98896825,0.0013976705,31858843,planet
1658.5663874050947,0.98840845,0.001396579,31858843,planet
1658.5677763255226,0.98747253,0.0013979806,31858843,planet
1658.5691652459495,0.98729175,0.0013973693,31858843,planet
1658.5705541663763,0.9898854,0.0013989555,31858843,planet
1658.5719430868044,0.98820484,0.0013975279,31858843,planet
1658.5733320072322,0.98942703,0.0013961988,31858843,planet
1658.5747209276592,0.9855313,0.0013960861,31858843,planet
1658.5761098480866,0.9871815,0.0013964776,31858843,planet
1658.5774987685136,0.9876118,0.001396556,31858843,planet
1658.5788876889405,0.9872397,0.0013972756,31858843,planet
1658.5802766093689,0.9869256,0.0013982267,31858843,planet
1658.5816655297963,0.9885442,0.0013989871,31858843,planet
1658.5830544502232,0.9876438,0.0013988976,31858843,planet
1658.5844433706511,0.9885772,0.0013988304,31858843,planet
1658.585832291078,0.98969096,0.0014000534,31858843,planet
1658.5872212115055,0.9876845,0.0013985147,31858843,planet
1658.5886101319338,0.9887671,0.0013983615,31858843,planet
1658.5899990523608,0.98879147,0.0013997987,31858843,planet
1658.5913879727877,0.98935413,0.0013999294,31858843,planet
1658.5927768932152,0.9917032,0.0013999118,31858843,planet
1658.5941658136421,0.98959917,0.0014000932,31858843,planet
1658.59555473407,0.988787,0.001399122,31858843,planet
1658.5969436544983,0.99021417,0.0013999253,31858843,planet
1658.598332574925,0.9903283,0.0014001904,31858843,planet
1658.5997214953518,0.9925349,0.0014012982,31858843,planet
1658.6011104157797,0.98887366,0.001400394,31858843,planet
1658.602499336207,0.98905146,0.0014002277,31858843,planet
1658.603888256635,0.9915812,0.0014012691,31858843,planet
1658.6052771765967,0.99096555,0.0014001711,31858843,planet
1658.6066660970243,0.9910095,0.0014013372,31858843,planet
1658.608055017451,0.9922011,0.0014011967,31858843,planet
1658.609443937878,0.9928183,0.0014002819,31858843,planet
1658.610832858306,0.99483025,0.0014020331,31858843,planet
1658.6122217787333,0.9949539,0.0014023911,31858843,planet
1658.6136106991612,0.9964529,0.0014026404,31858843,planet
1658.6149996195886,0.99533415,0.0014029216,31858843,planet
1658.6163885400156,0.998651,0.0014049269,31858843,planet
1658.6177774604425,0.998728,0.0014037035,31858843,planet
1658.6191663808709,0.9987334,0.001404778,31858843,planet
1658.6205553008326,0.99702305,0.0014046854,31858843,planet
1658.6219442212596,0.9996681,0.0014051916,31858843,planet
1658.6233331416875,0.9994952,0.0014054332,31858843,planet
1658.6247220621142,0.9995806,0.0014053757,31858843,planet
1658.626110982541,1.0005231,0.0014061184,31858843,planet
1658.6274999029692,1.0006124,0.0014063384,31858843,planet
1658.6288888233971,0.99929386,0.001403694,31858843,planet
1658.6302777433584,1.0009872,0.0014042135,31858843,planet
1658.6316666637858,1.0017544,0.0014060916,31858843,planet
1658.6330555842128,0.9997404,0.0014037772,31858843,planet
1658.6344445046398,0.9971564,0.0014032156,31858843,planet
1658.635833425068,0.99937725,0.00140369,31858843,planet
1658.6372223454964,0.9994223,0.001405385,31858843,planet
1658.6386112659234,1.0007958,0.0014053454,31858843,planet
1658.6400001858847,1.0001513,0.0014059443,31858843,planet
1658.641389106312,0.99909425,0.0014048248,31858843,planet
1658.642778026739,1.0009279,0.0014056576,31858843,planet
1658.6441669471665,1.0014623,0.001406287,31858843,planet
1658.6455558675948,0.99938095,0.0014047751,31858843,planet
1658.646944787556,1.0001615,0.0014051665,31858843,planet
1658.648333707983,0.99843186,0.0014030917,31858843,planet
1658.649722628411,1.0000368,0.0014050982,31858843,planet
1658.6511115488383,1.000089,0.0014054687,31858843,planet
1658.6525004692658,0.9988061,0.0014047087,31858843,planet
1658.653889389228,0.99979794,0.0014053711,31858843,planet
1658.655278309655,1.0003918,0.001404555,31858843,planet
1658.656667230082,1.0011849,0.0014050282,31858843,planet
1658.6580561505093,1.000939,0.0014057802,31858843,planet
1658.659445070937,0.99910593,0.0014049737,31858843,planet
1658.660833990899,1.0012488,0.0014049248,31858843,planet
1658.6622229113264,1.0018924,0.0014052595,31858843,planet
1658.6636118317533,1.0005656,0.0014056009,31858843,planet
1658.6650007521803,0.9968833,0.001403077,31858843,planet
1658.6663896721425,1.0003037,0.0014054223,31858843,planet
1658.66777859257,1.0010988,0.0014054691,31858843,planet
1658.6691675129975,1.0018929,0.0014059865,31858843,planet
1658.6705564334252,1.0010908,0.001405449,31858843,planet
1658.671945353387,0.99865776,0.0014030756,31858843,planet
1658.673334273814,1.0018059,0.0014045421,31858843,planet
1658.6747231942418,1.0025,0.0014059402,31858843,planet
1658.67611211467,1.0004913,0.0014048633,31858843,planet
1658.6775010346312,0.9999209,0.0014034541,31858843,planet
1658.678889955058,1.0014222,0.0014050897,31858843,planet
1658.6802788754858,1.0002855,0.001404198,31858843,planet
1658.681667795447,1.0002804,0.0014046108,31858843,planet
1658.6830567158745,1.0025804,0.0014050709,31858843,planet
1658.6844456363028,1.0032183,0.0014056307,31858843,planet
1658.6858345567298,0.9994334,0.001403786,31858843,planet
1658.687223476691,1.0009832,0.0014045909,31858843,planet
1658.6886123971185,0.99999934,0.0014059527,31858843,planet
1658.6900013175455,1.0006831,0.001404992,31858843,planet
1658.6913902375077,1.0001715,0.0014042865,31858843,planet
1658.692779157936,0.99993855,0.0014037,31858843,planet
1658.694168078363,1.000382,0.0014046723,31858843,planet
1658.695556998324,0.99799705,0.0014031449,31858843,planet
1658.6969459187517,1.0005577,0.0014044497,31858843,planet
1658.6983348391786,1.0003706,0.0014039344,31858843,planet
1658.6997237591404,1.0019096,0.0014051232,31858843,planet
1658.7011126795687,0.9994279,0.0014038552,31858843,planet
1658.7025015999957,1.0003855,0.001404508,31858843,planet
1658.703890519957,1.0039948,0.0014060094,31858843,planet
1658.7052794403844,0.99959207,0.0014034808,31858843,planet
1658.7066683608123,1.0012822,0.0014044547,31858843,planet
1658.708057280774,1.0009314,0.0014048924,31858843,planet
1658.709446201202,0.9989963,0.0014032507,31858843,planet
1658.7108351216293,0.99962324,0.0014031315,31858843,planet
1658.7122240415906,1.0002819,0.001404442,31858843,planet
1658.7136129620176,0.99804753,0.0014033921,31858843,planet
1658.7150018819802,0.9998677,0.0014026164,31858843,planet
1658.7163908024077,1.001118,0.0014042072,31858843,planet
1658.7177797228346,1.001163,0.0014034219,31858843,planet
1658.7191686427968,1.0005349,0.0014040829,31858843,planet
1658.7205575632238,1.0032536,0.0014044254,31858843,planet
1658.7219464836505,1.0001656,0.0014025548,31858843,planet
1658.723335403613,0.99908495,0.001402657,31858843,planet
1658.7247243240408,0.99746394,0.0014026909,31858843,planet
1658.7261132440021,0.9993672,0.0014037054,31858843,planet
1658.7275021644296,1.0009574,0.0014043315,31858843,planet
1658.7288910843909,1.0001416,0.0014033859,31858843,planet
1658.7302800048178,1.0004601,0.0014029163,31858843,planet
1658.7316689252461,1.00098,0.0014042874,31858843,planet
1658.733057845208,0.9993918,0.0014033607,31858843,planet
1658.7344467656349,1.0010673,0.0014037355,31858843,planet
1658.735835685597,1.0009724,0.0014024564,31858843,planet
1658.737224606024,1.0000511,0.0014036966,31858843,planet
1658.7386135259858,0.99977374,0.0014038184,31858843,planet
1658.740002446414,0.99908584,0.0014039953,31858843,planet
1658.741391366841,1.0018495,0.0014041673,31858843,planet
1658.7427802868024,1.0013174,0.0014038248,31858843,planet
1658.7441692072298,0.9993009,0.0014032781,31858843,planet
1658.745558127192,1.0012292,0.0014037283,31858843,planet
1658.7469470476194,1.0007405,0.0014029022,31858843,planet
1658.7483359675814,0.99991816,0.0014030093,31858843,planet
1658.749724888009,0.9986863,0.001402548,31858843,planet
1658.7511138079703,1.0005403,0.0014035053,31858843,planet
1658.7525027283973,1.0030831,0.0014036546,31858843,planet
1658.753891648359,1.0018597,0.0014038279,31858843,planet
1658.755280568787,1.001046,0.0014036862,31858843,planet
1658.7566694887487,1.0030471,0.0014040911,31858843,planet
1658.7580584091763,1.0001551,0.0014027666,31858843,planet
1658.7594473291374,1.0013756,0.0014019803,31858843,planet
1658.7608362495644,1.0009625,0.0014038379,31858843,planet
1658.7622251695266,0.9986194,0.0014028081,31858843,planet
1658.763614089954,1.0017238,0.0014044966,31858843,planet
1658.7650030099162,0.99952424,0.0014026848,31858843,planet
1658.7663919303436,1.0004971,0.0014026916,31858843,planet
1658.767780850305,1.0004779,0.0014011207,31858843,planet
1658.7691697707319,1.0016718,0.001404558,31858843,planet
1658.7705586906945,1.0000937,0.001402184,31858843,planet
1658.771947611122,1.0017754,0.001404183,31858843,planet
1658.7733365310833,0.99985933,0.0014013258,31858843,planet
1658.774725451511,0.9979626,0.0014014576,31858843,planet
1658.776114371472,0.9998169,0.0014030336,31858843,planet
1658.7775032914333,1.0015665,0.0014034868,31858843,planet
1658.7788922118616,1.0003843,0.0014031949,31858843,planet
1658.7802811318238,1.0003176,0.001403238,31858843,planet
1658.7816700522508,0.999215,0.0014016591,31858843,planet
1658.7830589722125,0.9999343,0.0014024051,31858843,planet
1658.7844478926402,0.99971926,0.0014030613,31858843,planet
1658.7858368126012,0.9984687,0.0014017046,31858843,planet
1658.7872257330291,0.9982201,0.0014017858,31858843,planet
1658.7886146529918,0.99888563,0.0014025964,31858843,planet
1658.790003572953,1.0011545,0.0014030972,31858843,planet
1658.79139249338,0.99999785,0.0014013586,31858843,planet
1658.7927814133418,0.99923015,0.0014022456,31858843,planet
1658.7941703337688,0.99933726,0.0014005749,31858843,planet
1658.7955592537305,0.9999723,0.0014023075,31858843,planet
1658.7969481736932,1.0003834,0.001402823,31858843,planet
1658.7983370941201,1.0017962,0.0014037379,31858843,planet
1658.7997260140814,1.000807,0.0014032269,31858843,planet
1658.801114934509,0.99860054,0.0014019918,31858843,planet
1658.802503854471,0.9982839,0.0014019074,31858843,planet
1658.8038927744328,0.9992121,0.0014023464,31858843,planet
1658.8052816948607,0.99764365,0.0014008592,31858843,planet
1658.806670614822,0.99704736,0.0014015088,31858843,planet
1658.8080595347833,1.0004929,0.0014031979,31858843,planet
1658.8094484552107,1.000989,0.001402814,31858843,planet
1658.8108373751727,1.0015981,0.0014038621,31858843,planet
1658.8122262951347,1.0007848,0.0014024966,31858843,planet
1658.813615215562,1.0014442,0.001403034,31858843,planet
1658.8150041355234,0.9994779,0.0014031237,31858843,planet
1658.8163930554847,0.9993268,0.0014022966,31858843,planet
1658.8177819759126,0.99968976,0.0014030559,31858843,planet
1658.8191708958752,1.0018057,0.001403456,31858843,planet
1658.820559815837,1.0010949,0.0014035421,31858843,planet
1658.821948736264,0.9993755,0.0014029231,31858843,planet
1658.8233376562257,1.0004404,0.0014029221,31858843,planet
1658.824726576187,1.000033,0.0014029295,31858843,planet
1658.8261154966149,1.0006435,0.0014029098,31858843,planet
1658.8275044165775,1.000053,0.0014005847,31858843,planet
1658.8288933365386,1.0002413,0.0014028782,31858843,planet
1658.8302822569653,0.9984077,0.0014022341,31858843,planet
1658.8316711769276,0.99995434,0.0014020547,31858843,planet
1658.8330600968889,0.9985,0.0014026468,31858843,planet
1658.8344490173163,0.9984827,0.0014023063,31858843,planet
1658.835837937279,0.99990714,0.0014025602,31858843,planet
1658.8372268572402,1.001011,0.0014031283,31858843,planet
1658.8386157772015,1.0008562,0.0014032852,31858843,planet
1658.840004697629,1.0003303,0.0014013442,31858843,planet
1658.8413936175903,1.0008132,0.001401998,31858843,planet
1658.8427825375525,1.002582,0.0014036935,31858843,planet
1658.8441714575151,0.9995998,0.0014012154,31858843,planet
1658.8455603779419,1.0001209,0.0014029408,31858843,planet
1658.846949297903,0.9974981,0.0014011451,31858843,planet
1658.8483382178651,1.0020696,0.0014035945,31858843,planet
1658.8497271378264,0.99848676,0.0014019498,31858843,planet
1658.8511160582539,1.0025052,0.0014035532,31858843,planet
1658.8525049782165,1.0012795,0.0014039846,31858843,planet
1658.8538938981778,0.99898857,0.001402625,31858843,planet
1658.8552828181391,1.0020227,0.0014029732,31858843,planet
1658.8566717385665,0.9996354,0.0014023504,31858843,planet
1658.8580606585292,0.99840206,0.001402124,31858843,planet
1658.8594495784914,0.9997976,0.0014022172,31858843,planet
1658.8608384984527,1.0002469,0.0014026281,31858843,planet
1658.8622274188801,0.9992573,0.0014025649,31858843,planet
1658.8636163388414,0.99987733,0.0014026829,31858843,planet
1658.8650052588027,1.0001365,0.001402045,31858843,planet
1658.8663941787654,0.99842197,0.0014018276,31858843,planet
1658.8677830987272,1.0003976,0.0014030159,31858843,planet
1658.8691720186885,1.0018269,0.0014031378,31858843,planet
1658.8705609391163,1.0021561,0.0014043588,31858843,planet
1658.8719498590774,1.0016801,0.0014030444,31858843,planet
1658.8733387790385,0.9985368,0.0014025285,31858843,planet
1658.8747276990011,0.9992342,0.0014029385,31858843,planet
1658.8761166189634,0.99904346,0.0014019469,31858843,planet
1658.8775055393903,0.99967587,0.0014027134,31858843,planet
1658.878894459352,1.0009522,0.0014025468,31858843,planet
1658.8802833793134,0.99944896,0.0014023595,31858843,planet
1658.8816722992747,1.0007669,0.0014023251,31858843,planet
1658.8830612192373,1.0014733,0.0014031968,31858843,planet
1658.884450139199,0.9993133,0.0014029403,31858843,planet
1658.8858390591604,1.0002134,0.0014027278,31858843,planet
1658.8872279795883,0.9981964,0.0014020345,31858843,planet
1658.8886168995496,1.0006924,0.001402951,31858843,planet
1658.8900058195113,1.0005577,0.0014018747,31858843,planet
1658.891394739474,0.99966407,0.0014006107,31858843,planet
1658.8927836594357,0.9987779,0.0014013808,31858843,planet
1658.894172579397,1.0009389,0.0014030488,31858843,planet
1658.8955614993583,1.0019411,0.00140227,31858843,planet
1658.8969504197862,1.000614,0.0014025978,31858843,planet
1658.898339339748,1.002687,0.0014026035,31858843,planet
1658.89972825971,0.9996026,0.0014017936,31858843,planet
1658.901117179672,1.0022049,0.0014028217,31858843,planet
1658.9025060996332,1.0019782,0.0014023116,31858843,planet
1658.9038950195945,1.0001407,0.0014019556,31858843,planet
1658.9052839395563,0.9984504,0.001401529,31858843,planet
1658.9066728595185,1.000204,0.001401608,31858843,planet
1658.9080617794802,1.0002975,0.0014023172,31858843,planet
1658.909450699442,0.9995065,0.001401633,31858843,planet
1658.9108396194033,0.9986319,0.0014007539,31858843,planet
1658.9122285398303,0.9998288,0.0014019154,31858843,planet
1658.9136174597925,1.0006281,0.0014025364,31858843,planet
1658.9150063797542,0.9999462,0.0014025434,31858843,planet
1658.9163952997164,0.99685097,0.0014004535,31858843,planet
1658.9177842196782,1.0014575,0.0014010647,31858843,planet
1658.9191731396395,1.0022601,0.0014022242,31858843,planet
1658.9205620596008,0.997938,0.0014002004,31858843,planet
1658.9219509795635,1.001605,0.0014013988,31858843,planet
1658.9233398995252,1.0015988,0.001401393,31858843,planet
1658.9247288194865,0.999965,0.0014014238,31858843,planet
1658.9261177394485,1.0014131,0.0014007728,31858843,planet
1658.9275066594096,0.99989766,0.0013998946,31858843,planet
1658.9288955793709,1.0012796,0.0014014969,31858843,planet
1658.9302844993335,0.99987096,0.0014005536,31858843,planet
1658.9316734192962,0.99953395,0.0014001983,31858843,planet
1658.9330623392575,1.0012314,0.0014011866,31858843,planet
1658.9344512592188,0.9991793,0.001400906,31858843,planet
1658.9358401791806,0.99946374,0.001400973,31858843,planet
1658.9372290991419,0.9973796,0.0013994995,31858843,planet
1658.938618019104,0.999925,0.00140118,31858843,planet
1658.9400069390667,1.0004363,0.0014013757,31858843,planet
1658.941395859028,1.0002302,0.001399988,31858843,planet
1658.9427847789893,1.0001451,0.0014006771,31858843,planet
1658.944173698951,0.9999326,0.0014009462,31858843,planet
1658.9455626189128,0.99970406,0.0014005251,31858843,planet
1658.946951538875,0.99978435,0.001400738,31858843,planet
1658.9483404588368,1.0015831,0.001400781,31858843,planet
1658.949729378798,0.998345,0.001399729,31858843,planet
1658.9511182987594,0.999243,0.0014002813,31858843,planet
1658.9525072187214,0.99863756,0.0013989182,31858843,planet
1658.9538961386834,0.9999097,0.0013996538,31858843,planet
1658.9552850586451,0.997824,0.0013992159,31858843,planet
1658.9566739786073,1.0008153,0.0014003055,31858843,planet
1658.9580628985686,0.9999317,0.0014007294,31858843,planet
1658.95945181853,0.99910694,0.0013996906,31858843,planet
1658.9608407384917,1.0001038,0.0014001929,31858843,planet
1658.9622296579878,0.99848264,0.001398108,31858843,planet
1658.96361857795,0.9981718,0.0013995235,31858843,planet
1658.9650074979118,0.99820304,0.0013989343,31858843,planet
1658.966396417874,0.9999009,0.0013995224,31858843,planet
1658.9677853378353,1.001365,0.0013989675,31858843,planet
1658.9691742577966,1.0015608,0.0013995876,31858843,planet
1658.970563177759,1.0013769,0.0014001942,31858843,planet
1658.971952097721,0.99994,0.0013974049,31858843,planet
1658.9733410176823,0.9995251,0.0013984418,31858843,planet
1658.974729937644,1.0007439,0.0013990831,31858843,planet
1658.9761188576053,1.0033778,0.0013983062,31858843,planet
1658.977507777102,1.0006874,0.0013996767,31858843,planet
1658.9788966970643,0.99759215,0.0013980112,31858843,planet
1658.9802856170254,0.9989236,0.0013987242,31858843,planet
1658.9816745369867,1.0000516,0.0013993804,31858843,planet
1658.983063456949,0.99826336,0.0013977521,31858843,planet
1658.9844523769102,1.0012392,0.0013986884,31858843,planet
1658.985841296872,0.99967784,0.0013981013,31858843,planet
1658.987230216369,0.9985522,0.0013983346,31858843,planet
1658.9886191363303,1.0020305,0.0013985571,31858843,planet
1658.9900080562916,1.0019252,0.0013981982,31858843,planet
1658.9913969762533,0.99722224,0.0013967587,31858843,planet
1658.9927858962146,0.9993046,0.0013978153,31858843,planet
1658.9941748161768,0.9995906,0.0013977942,31858843,planet
1658.9955637361395,1.0001541,0.0013978762,31858843,planet
1658.996952655635,0.9996575,0.001398463,31858843,planet
1658.998341575596,0.9985917,0.0013983772,31858843,planet
1658.9997304955582,0.9995253,0.0013982218,31858843,planet
1659.0011194155195,0.99975616,0.0013981216,31858843,planet
1659.0025083354813,1.0011717,0.0013983394,31858843,planet
1659.0038972549783,0.9981273,0.0013967684,31858843,planet
1659.0052861749405,0.99880296,0.0013971844,31858843,planet
1659.0066750949015,0.99964565,0.0013983006,31858843,planet
1659.0080640148626,0.99948615,0.001396889,31858843,planet
1659.0094529348253,1.0006084,0.0013977864,31858843,planet
1659.0108418543218,0.9986747,0.0013968209,31858843,planet
1659.0122307742831,1.0023133,0.0013980495,31858843,planet
1659.0136196942449,0.99904674,0.0013969463,31858843,planet
1659.0150086142062,0.99833024,0.0013963063,31858843,planet
1659.0163975341675,0.9977894,0.0013960629,31858843,planet
1659.0177864536645,0.9996736,0.0013965318,31858843,planet
1659.0191753736262,0.99936545,0.0013968054,31858843,planet
1659.0205642935875,0.99890745,0.0013956683,31858843,planet
1659.0219532135498,1.0021561,0.0013981734,31858843,planet
1659.0233421330452,1.0006853,0.0013971374,31858843,planet
1659.0247310530062,0.99892145,0.0013963454,31858843,planet
1659.026119972969,0.99815285,0.0013958071,31858843,planet
1659.027508892931,0.9986721,0.0013958,31858843,planet
1659.0288978124267,0.99692655,0.001396466,31858843,planet
1659.0302867323885,0.99966186,0.0013960478,31858843,planet
1659.0316756523498,0.9999984,0.0013972333,31858843,planet
1659.033064572311,0.9980298,0.0013958904,31858843,planet
1659.034453491808,0.99983853,0.0013968089,31858843,planet
1659.0358424117699,1.0022389,0.001397618,31858843,planet
1659.0372313317312,1.0023363,0.001397016,31858843,planet
1659.0386202512277,1.001269,0.001396863,31858843,planet
1659.0400091711888,1.0002849,0.0013966493,31858843,planet
1659.0413980911508,0.9981628,0.0013959598,31858843,planet
1659.0427870111134,1.0016708,0.0013969659,31858843,planet
1659.0441759306095,1.0012575,0.0013975897,31858843,planet
1659.0455648505708,1.0002408,0.0013963046,31858843,planet
1659.0469537705321,0.9995846,0.0013964205,31858843,planet
1659.0483426900287,0.99924976,0.0013958984,31858843,planet
1659.0497316099904,0.9991437,0.0013962024,31858843,planet
1659.0511205299522,1.0017834,0.0013962873,31858843,planet
1659.0525094494487,1.0006965,0.0013950804,31858843,planet
1659.05389836941,0.99998516,0.0013956554,31858843,planet
1659.0552872893713,1.0007892,0.0013965174,31858843,planet
1659.0566762088674,0.9989372,0.0013958511,31858843,planet
1659.0580651288296,1.0008658,0.0013958255,31858843,planet
1659.0594540487914,1.0018002,0.0013950046,31858843,planet
1659.0608429682875,1.0014105,0.0013963487,31858843,planet
1659.0622318882488,0.9987738,0.0013953608,31858843,planet
1659.06362080821,0.9974869,0.001394685,31858843,planet
1659.0650097277066,0.9997916,0.0013951502,31858843,planet
1659.0663986476684,0.99959433,0.0013957536,31858843,planet
1659.0677875676304,0.99909234,0.001395556,31858843,planet
1659.0691764871267,0.9996762,0.0013953252,31858843,planet
1659.070565407088,1.0018599,0.0013966258,31858843,planet
1659.0719543265836,0.99846536,0.0013955067,31858843,planet
1659.0733432465463,1.000588,0.0013951047,31858843,planet
1659.074732166508,0.9989148,0.0013957052,31858843,planet
1659.0761210860037,0.99998975,0.001393887,31858843,planet
1659.0775100059655,1.002203,0.0013958266,31858843,planet
1659.078898925462,0.9992425,0.0013949561,31858843,planet
1659.0802878454233,1.000401,0.0013959379,31858843,planet
1659.081676765385,1.003373,0.001397869,31858843,planet
1659.083065684882,0.99707913,0.0013940302,31858843,planet
1659.0844546048434,1.002032,0.0013962267,31858843,planet
1659.085843524339,0.9996556,0.0013956393,31858843,planet
1659.0872324443008,1.0021044,0.0013962772,31858843,planet
1659.088621364262,0.99836904,0.0013952448,31858843,planet
1659.0900102837586,0.99970037,0.0013959605,31858843,planet
1659.0913992037213,1.0008185,0.0013961178,31858843,planet
1659.092788123217,0.9991943,0.0013951535,31858843,planet
1659.094177043178,0.99878967,0.0013951377,31858843,planet
1659.0955659626743,1.0016546,0.0013963032,31858843,planet
1659.096954882636,0.99997795,0.0013955326,31858843,planet
1659.0983438021326,0.99858814,0.00139523,31858843,planet
1659.0997327220944,0.999336,0.0013941712,31858843,planet
1659.10112164159,1.001359,0.0013962693,31858843,planet
1659.1025105615513,0.99996436,0.0013952882,31858843,planet
1659.103899481513,1.0024724,0.0013960345,31858843,planet
1659.1052884010096,0.99883306,0.0013957237,31858843,planet
1659.1066773209714,0.99902177,0.0013954041,31858843,planet
1659.108066240468,0.9997187,0.0013942891,31858843,planet
1659.1094551604292,0.9986633,0.0013952908,31858843,planet
1659.1108440799248,0.99948037,0.0013958013,31858843,planet
1659.1122329998866,0.9979272,0.0013949084,31858843,planet
1659.1136219193827,1.0006094,0.001396338,31858843,planet
1659.115010839345,1.001118,0.0013955429,31858843,planet
1659.116399758841,1.0014249,0.0013965303,31858843,planet
1659.1177886788032,1.0004624,0.001396271,31858843,planet
1659.1191775982988,1.0026827,0.0013960835,31858843,planet
1659.12056651826,0.99907947,0.0013947526,31858843,planet
1659.1219554377567,0.9987668,0.0013952225,31858843,planet
1659.1233443572532,1.0001894,0.0013959239,31858843,planet
1659.1247332772145,0.9994136,0.0013949033,31858843,planet
1659.1261221967106,1.0009309,0.0013951542,31858843,planet
1659.127511116672,0.9990129,0.0013950627,31858843,planet
1659.1289000361685,1.0019584,0.0013960802,31858843,planet
1659.130288956131,0.99932307,0.0013950096,31858843,planet
1659.1316778756263,1.0013055,0.0013963042,31858843,planet
1659.1330667955876,1.0008031,0.0013958073,31858843,planet
1659.1344557150842,1.0017616,0.001394386,31858843,planet
1659.1358446350455,0.9979669,0.0013936925,31858843,planet
1659.1372335545416,1.0023808,0.0013955618,31858843,planet
1659.1386224740386,0.9994274,0.0013954531,31858843,planet
1659.1400113939999,1.0004457,0.0013968651,31858843,planet
1659.1414003134955,0.9978928,0.0013941805,31858843,planet
1659.1427892334573,1.00061,0.0013951669,31858843,planet
1659.144178152953,0.9978356,0.0013938884,31858843,planet
1659.1455670724495,1.0000457,0.001395932,31858843,planet
1659.1469559924121,1.001703,0.0013954433,31858843,planet
1659.1483449119075,0.999355,0.0013953582,31858843,planet
1659.1497338318686,1.0008805,0.0013954386,31858843,planet
1659.1511227513652,0.99831694,0.0013951807,31858843,planet
1659.1525116708608,0.99937856,0.0013934532,31858843,planet
1659.1539005908226,1.0004716,0.0013964406,31858843,planet
1659.1552895103196,0.9992942,0.0013948487,31858843,planet
1659.1566784302815,1.0007972,0.0013957594,31858843,planet
1659.158067349777,1.0008034,0.0013964322,31858843,planet
1659.1594562692726,1.0010316,0.001396355,31858843,planet
1659.1608451892353,0.9979911,0.001394754,31858843,planet
1659.1622341087318,1.0011204,0.001394753,31858843,planet
1659.1636230282274,0.9990957,0.0013946245,31858843,planet
1659.1650119481892,0.99837786,0.0013952994,31858843,planet
1659.1664008676848,1.0004213,0.0013959751,31858843,planet
1659.1677897871805,0.9978742,0.0013953944,31858843,planet
1659.1691787071431,1.0006881,0.0013959989,31858843,planet
1659.1705676266392,0.9974201,0.001395301,31858843,planet
1659.1719565461349,0.99963176,0.0013951537,31858843,planet
1659.173345466097,0.9983831,0.0013957211,31858843,planet
1659.1747343855925,0.99965894,0.0013958061,31858843,planet
1659.176123305088,0.99909467,0.001395518,31858843,planet
1659.1775122250506,1.0007315,0.0013963478,31858843,planet
1659.1789011445471,0.9979163,0.0013959741,31858843,planet
1659.1802900640428,1.0000837,0.0013955184,31858843,planet
1659.1816789840045,1.0015869,0.0013962048,31858843,planet
1659.1830679035002,0.99969655,0.0013955495,31858843,planet
1659.1844568229958,0.99790585,0.0013950999,31858843,planet
1659.1858457429585,1.0011659,0.0013956358,31858843,planet
1659.1872346624546,0.9996135,0.0013950813,31858843,planet
1659.1886235819502,0.998978,0.001395874,31858843,planet
1659.1900125014467,0.9985029,0.0013957835,31858843,planet
1659.1914014214085,0.99996346,0.0013960504,31858843,planet
1659.1927903409046,0.99985003,0.0013962628,31858843,planet
1659.1941792604011,0.9997417,0.0013957218,31858843,planet
1659.195568180363,1.0004714,0.0013967056,31858843,planet
1659.1969570998585,0.9994216,0.001396267,31858843,planet
1659.1983460193542,1.0008475,0.0013961022,31858843,planet
1659.1997349388507,1.0009172,0.0013960736,31858843,planet
1659.2011238588125,1.0001347,0.0013961223,31858843,planet
1659.2025127783086,1.0001214,0.0013965038,31858843,planet
1659.2039016978051,1.0038794,0.0013976628,31858843,planet
1659.2052906173008,0.9995255,0.0013953992,31858843,planet
1659.2066795367964,0.99932915,0.0013947003,31858843,planet
1659.2080684567582,0.9996342,0.0013965785,31858843,planet
1659.2094573762545,0.9996836,0.0013967779,31858843,planet
1659.2108462957508,0.99951303,0.0013961508,31858843,planet
1659.212235215247,0.999498,0.0013953842,31858843,planet
1659.2136241352082,0.9996865,0.001396558,31858843,planet
1659.2150130547038,1.0018365,0.0013966329,31858843,planet
1659.2164019742008,1.0000803,0.0013958851,31858843,planet
1659.2177908936972,1.001731,0.0013966329,31858843,planet
1659.2191798131926,0.99870574,0.0013956518,31858843,planet
1659.2205687331548,0.99964374,0.0013958195,31858843,planet
1659.2219576526504,1.0006046,0.0013966634,31858843,planet
1659.223346572146,1.0010312,0.0013958508,31858843,planet
1659.224735491643,0.99998426,0.0013950247,31858843,planet
1659.2261244111392,1.001028,0.0013963158,31858843,planet
1659.2275133306348,1.0009409,0.0013963322,31858843,planet
1659.2289022505965,0.9996997,0.0013959813,31858843,planet
1659.230291170093,0.99894565,0.0013959454,31858843,planet
1659.2316800895887,1.0011199,0.0013962984,31858843,planet
1659.2330690090848,0.9973976,0.0013954957,31858843,planet
1659.2344579285818,1.00261,0.0013983594,31858843,planet
1659.2358468480775,1.0017371,0.0013963389,31858843,planet
1659.2372357680388,1.0003183,0.0013965113,31858843,planet
1659.2386246875349,0.99797326,0.0013951405,31858843,planet
1659.2400136070305,0.9969201,0.001394689,31858843,planet
1659.241402526527,1.0002651,0.0013969296,31858843,planet
1659.242791446024,0.9987992,0.0013959651,31858843,planet
1659.2441803655197,0.999109,0.0013956405,31858843,planet
1659.245569285015,0.9996958,0.0013964209,31858843,planet
1659.2469582045114,0.9998592,0.0013941199,31858843,planet
1659.2483471244732,1.0035053,0.0013952638,31858843,planet
1659.2497360439697,1.0004979,0.0013951162,31858843,planet
1659.2511249634658,1.000872,0.0013958028,31858843,planet
1659.2525138829615,1.0024186,0.0013956006,31858843,planet
1659.253902802457,0.99847716,0.0013956693,31858843,planet
1659.2552917219532,1.0002303,0.0013968522,31858843,planet
1659.2566806414497,1.0002621,0.0013960183,31858843,planet
1659.2580695609458,0.99956644,0.0013960955,31858843,planet
1659.2594584804424,1.000099,0.0013955665,31858843,planet
1659.260847399938,1.0008389,0.0013958197,31858843,planet
1659.262236319899,0.9993089,0.0013956614,31858843,planet
1659.2636252393954,0.9996247,0.001395959,31858843,planet
1659.2650141588915,0.9969966,0.0013940458,31858843,planet
1659.266403078388,1.000149,0.001396279,31858843,planet
1659.2677919978842,0.9995892,0.0013949131,31858843,planet
1659.2691809173807,0.9994212,0.0013950856,31858843,planet
1659.2705698368763,0.9976798,0.0013942152,31858843,planet
1659.2719587563718,0.9973627,0.0013941573,31858843,planet
1659.2733476758685,0.9996427,0.001395606,31858843,planet
1659.274736595365,1.0003964,0.0013961417,31858843,planet
1659.2761255148607,0.9997144,0.0013961664,31858843,planet
1659.2775144343568,1.000515,0.0013948854,31858843,planet
1659.2789033538525,1.000863,0.0013953865,31858843,planet
1659.2802922733488,1.0004396,0.0013955188,31858843,planet
1659.2816811928456,0.999023,0.0013950473,31858843,planet
1659.2830701123412,0.99908054,0.001393904,31858843,planet
1659.2844590318368,0.99950933,0.0013959332,31858843,planet
1659.2858479513334,1.0015215,0.0013964094,31858843,planet
1659.287236870829,0.99979883,0.0013954624,31858843,planet
1659.288625790325,0.9999448,0.0013940403,31858843,planet
1659.2900147098221,1.000013,0.0013948678,31858843,planet
1659.2914036293178,0.99822456,0.0013945547,31858843,planet
1659.2927925488134,1.0011252,0.0013920078,31858843,planet
1659.2941814683095,0.99994934,0.0013935528,31858843,planet
1659.2955703878051,0.9990337,0.0013944006,31858843,planet
1659.2969593073017,1.0020756,0.0013957764,31858843,planet
1659.2983482267985,1.0028051,0.0013958543,31858843,planet
1659.2997371462939,1.0004293,0.0013938952,31858843,planet
1659.3011260657895,1.0017705,0.0013954466,31858843,planet
1659.302514985286,0.99962926,0.0013948936,31858843,planet
1659.3039039047817,1.0004838,0.0013942755,31858843,planet
1659.3052928242778,0.9993963,0.0013942866,31858843,planet
1659.3066817437748,1.0001315,0.0013949001,31858843,planet
1659.3080706632709,0.9997009,0.0013947634,31858843,planet
1659.3094595827665,1.000224,0.0013946434,31858843,planet
1659.3108485022622,0.99853283,0.0013940362,31858843,planet
1659.3122374212935,1.0006903,0.0013938559,31858843,planet
1659.31362634079,0.9995685,0.0013943629,31858843,planet
1659.3150152602857,1.0011045,0.0013930657,31858843,planet
1659.3164041797818,0.9989083,0.0013922594,31858843,planet
1659.3177930992774,1.0000147,0.0013942922,31858843,planet
1659.319182018773,0.999292,0.0013946905,31858843,planet
1659.32057093827,0.9997369,0.0013935524,31858843,planet
1659.3219598577662,0.99830246,0.0013926452,31858843,planet
1659.3233487772618,1.0010202,0.0013940942,31858843,planet
1659.3247376967581,0.99924076,0.0013933805,31858843,planet
1659.3261266162535,0.9984306,0.0013935184,31858843,planet
1659.3275155352835,0.9990014,0.0013938006,31858843,planet
1659.3289044547805,1.0005478,0.0013928134,31858843,planet
1659.330293374277,0.99803805,0.0013922529,31858843,planet
1659.3316822937727,1.0000764,0.0013943855,31858843,planet
1659.3330712132688,1.0007972,0.0013940368,31858843,planet
1659.3344601327644,0.99942935,0.0013931586,31858843,planet
1659.33584905226,0.9996817,0.0013934838,31858843,planet
1659.3372379712914,0.9980668,0.0013931252,31858843,planet
1659.3386268907875,0.99979967,0.0013938417,31858843,planet
1659.3400158102831,0.99832916,0.0013930374,31858843,planet
1659.3414047297797,0.99982834,0.0013928948,31858843,planet
1659.342793649275,0.9988239,0.0013933327,31858843,planet
1659.3441825687714,1.0020574,0.0013947315,31858843,planet
1659.3455714882684,1.000846,0.0013939836,31858843,planet
1659.3469604072989,1.000513,0.0013936744,31858843,planet
1659.3483493267945,0.998506,0.0013929316,31858843,planet
1659.3497382462901,0.9997462,0.0013935423,31858843,planet
1659.3511271657865,0.9979612,0.0013925789,31858843,planet
1659.3525160852828,0.99859947,0.0013926933,31858843,planet
1659.3539050043132,0.9987708,0.0013928295,31858843,planet
1659.3552939238098,1.0003784,0.001393474,31858843,planet
1659.3566828433054,0.998963,0.0013936509,31858843,planet
1659.358071762801,1.0023588,0.001394009,31858843,planet
1659.3594606822971,0.9990198,0.001392757,31858843,planet
1659.3608496013278,1.000032,0.0013925734,31858843,planet
1659.3622385208241,0.9989005,0.0013922747,31858843,planet
1659.3636274403202,0.9971677,0.0013916218,31858843,planet
1659.3650163598159,0.99852204,0.0013917449,31858843,planet
1659.3664052793115,1.0013183,0.0013910264,31858843,planet
1659.3677941983428,1.001671,0.0013931439,31858843,planet
1659.3691831178392,0.99996114,0.0013916147,31858843,planet
1659.3705720373346,0.9998419,0.0013928241,31858843,planet
1659.3719609568311,0.99899954,0.0013920134,31858843,planet
1659.373349875861,1.0005543,0.0013931094,31858843,planet
1659.3747387953567,0.9986657,0.001392425,31858843,planet
1659.3761277148537,0.9983396,0.0013917821,31858843,planet
1659.3775166343498,1.0010045,0.0013927633,31858843,planet
1659.3789055533798,1.0023648,0.001392695,31858843,planet
1659.380294472876,1.0008847,0.0013925146,31858843,planet
1659.3816833923715,1.0003744,0.0013927015,31858843,planet
1659.3830723114015,1.0010625,0.0013930008,31858843,planet
1659.3844612308985,0.9994787,0.0013918565,31858843,planet
1659.3858501503955,1.0015138,0.0013918001,31858843,planet
1659.3872390698912,0.999814,0.0013903342,31858843,planet
1659.3886279889211,1.0015122,0.0013917695,31858843,planet
1659.3900169084172,0.99957144,0.0013899126,31858843,planet
1659.3914058279129,1.0020932,0.0013905875,31858843,planet
1659.3927947469438,1.0005473,0.0013919467,31858843,planet
1659.3941836664408,0.99988675,0.001391416,31858843,planet
1659.3955725859362,1.0017825,0.0013912189,31858843,planet
1659.396961504966,0.9981327,0.0013908416,31858843,planet
1659.3983504244625,1.0001363,0.0013909988,31858843,planet
1659.3997393439586,0.99939334,0.0013919496,31858843,planet
1659.4011282629895,1.0024328,0.0013930204,31858843,planet
1659.4025171824856,0.99966615,0.0013915952,31858843,planet
1659.4039061019812,1.0020616,0.0013921564,31858843,planet
1659.4052950210112,0.998222,0.0013903707,31858843,planet
1659.4066839405073,0.99949026,0.0013917815,31858843,planet
1659.4080728600038,1.0010413,0.0013913913,31858843,planet
1659.4094617790342,1.0009094,0.0013917566,31858843,planet
1659.4108506985308,0.9996883,0.0013913538,31858843,planet
1659.4122396180264,1.0010278,0.0013919878,31858843,planet
1659.4136285370562,1.0004413,0.0013914562,31858843,planet
1659.4150174565525,0.99781007,0.0013904045,31858843,planet
1659.4164063760486,1.0004184,0.0013925,31858843,planet
1659.4177952950795,0.99798846,0.0013900987,31858843,planet
1659.4191842145756,1.0020608,0.0013919364,31858843,planet
1659.4205731336056,0.9978354,0.0013906191,31858843,planet
1659.4219620531012,1.0002304,0.0013911807,31858843,planet
1659.4233509725973,1.0008593,0.0013912515,31858843,planet
1659.4247398916286,0.9990719,0.001391671,31858843,planet
1659.4261288111252,0.9980537,0.001390382,31858843,planet
1659.4275177301552,1.0015066,0.0013921707,31858843,planet
1659.4289066496513,0.9984239,0.0013908758,31858843,planet
1659.430295569147,0.9973228,0.0013899953,31858843,planet
1659.4316844881773,1.0001829,0.0013906525,31858843,planet
1659.4330734076743,0.999002,0.0013898662,31858843,planet
1659.4344623267043,1.0038265,0.0013917949,31858843,planet
1659.4358512462,1.001721,0.001390429,31858843,planet
1659.4372401656965,1.0003896,0.001391018,31858843,planet
1659.4386290847265,1.0018356,0.0013915143,31858843,planet
1659.4400180042226,1.0004301,0.0013913305,31858843,planet
1659.441406923254,0.99937356,0.0013911284,31858843,planet
1659.4427958427495,1.0004728,0.0013918141,31858843,planet
1659.4441847617795,1.0003619,0.0013918608,31858843,planet
1659.4455736812756,0.99997795,0.0013919648,31858843,planet
1659.4469626003056,1.0007502,0.0013909497,31858843,planet
1659.4483515198021,1.0020484,0.0013925156,31858843,planet
1659.4497404388333,1.0008572,0.001391812,31858843,planet
1659.4511293583287,1.0003823,0.0013914508,31858843,planet
1659.4525182773586,1.0007112,0.0013915851,31858843,planet
1659.4539071968552,0.9997865,0.0013908957,31858843,planet
1659.4552961163508,0.99761784,0.0013900299,31858843,planet
1659.4566850353813,0.99915904,0.0013905604,31858843,planet
1659.4580739548783,0.9982028,0.0013898701,31858843,planet
1659.4594628739087,0.99924374,0.0013897434,31858843,planet
1659.4608517934043,0.9977476,0.0013897186,31858843,planet
1659.4622407124343,1.0012542,0.0013920309,31858843,planet
1659.4636296314657,0.998353,0.0013900643,31858843,planet
1659.4650185509622,1.0004841,0.0013923367,31858843,planet
1659.466407469992,0.999383,0.0013914655,31858843,planet
1659.4677963894883,1.002485,0.0013924362,31858843,planet
1659.4691853085183,0.99754256,0.001390321,31858843,planet
1659.470574228014,1.0012848,0.0013918299,31858843,planet
1659.4719631470452,1.0003293,0.0013914969,31858843,planet
1659.4733520665413,0.9987757,0.0013901662,31858843,planet
1659.4747409855713,1.0013149,0.0013909132,31858843,planet
1659.4761299050676,1.0021851,0.0013917147,31858843,planet
1659.4775188240974,1.0008385,0.0013902598,31858843,planet
1659.478907743593,0.9993092,0.0013897041,31858843,planet
1659.4802966626244,0.99855816,0.0013905534,31858843,planet
1659.4816855816553,0.99982756,0.0013919878,31858843,planet
1659.483074501151,1.0004947,0.0013914643,31858843,planet
1659.4844634201813,0.9988185,0.0013906985,31858843,planet
1659.485852339677,0.9989748,0.0013916965,31858843,planet
1659.4872412587074,1.0013874,0.001392451,31858843,planet
1659.4886301782044,0.99827987,0.0013890978,31858843,planet
1659.4900190972344,0.9984652,0.0013904897,31858843,planet
1659.4914080162644,0.9978126,0.001390825,31858843,planet
1659.4927969357607,1.0001751,0.0013906981,31858843,planet
1659.4941858547904,1.0019392,0.0013927784,31858843,planet
1659.495574774287,1.0003408,0.0013901662,31858843,planet
1659.4969636933183,0.9991297,0.001390993,31858843,planet
1659.4983526123488,1.0005534,0.0013916099,31858843,planet
1659.4997415318444,1.0009505,0.001391255,31858843,planet
1659.5011304508744,1.0003413,0.0013902741,31858843,planet
1659.5025193703707,0.99887586,0.001390429,31858843,planet
1659.5039082894014,0.99738055,0.0013906189,31858843,planet
1659.5052972084318,1.0015926,0.0013913423,31858843,planet
1659.5066861279283,0.9986849,0.0013906623,31858843,planet
1659.5080750469583,0.9976282,0.0013887864,31858843,planet
1659.5094639659883,1.0019187,0.0013928489,31858843,planet
1659.5108528854844,0.9994493,0.0013907143,31858843,planet
1659.5122418045148,1.0001556,0.0013911001,31858843,planet
1659.5136307235457,1.000755,0.0013917488,31858843,planet
1659.5150196430418,0.9996162,0.0013917321,31858843,planet
1659.5164085620718,0.9983482,0.0013908339,31858843,planet
1659.5177974811018,0.9998096,0.0013915867,31858843,planet
1659.5191864005988,0.9993927,0.0013918359,31858843,planet
1659.5205753196294,0.9985876,0.0013911177,31858843,planet
1659.5219642386592,1.0018389,0.0013921198,31858843,planet
1659.5233531581557,0.9992905,0.0013921722,31858843,planet
1659.5247420771857,1.000589,0.0013915574,31858843,planet
1659.5261309962157,0.9990343,0.0013915922,31858843,planet
1659.5275199157127,1.0014101,0.0013926078,31858843,planet
1659.528908834743,0.99967253,0.0013919682,31858843,planet
1659.530297753773,1.0014812,0.0013936948,31858843,planet
1659.5316866728035,0.9986628,0.0013919761,31858843,planet
1659.5330755922992,1.0008875,0.0013935474,31858843,planet
1659.5344645113291,0.999318,0.0013919845,31858843,planet
1659.5358534303605,0.9994875,0.0013925146,31858843,planet
1659.5372423498575,0.99962586,0.0013918701,31858843,planet
1659.5386312688875,0.99735606,0.0013918211,31858843,planet
1659.5400201879174,0.9999126,0.001392861,31858843,planet
1659.5414091069479,0.99814314,0.0013918021,31858843,planet
1659.5427980264435,0.999482,0.0013918024,31858843,planet
1659.5441869454744,0.99843127,0.001391974,31858843,planet
1659.5455758645057,1.0004972,0.0013930348,31858843,planet
1659.5469647835355,0.9984068,0.0013929697,31858843,planet
1659.548353703031,1.0023828,0.0013928255,31858843,planet
1659.5497426220618,0.99870336,0.0013925215,31858843,planet
1659.5511315410922,1.0016774,0.0013934463,31858843,planet
1659.552520460123,0.9972143,0.0013921261,31858843,planet
1659.5539093796192,0.9988303,0.0013925816,31858843,planet
1659.5552982986492,1.0007205,0.0013929284,31858843,planet
1659.5566872176792,1.0006039,0.0013933708,31858843,planet
1659.5580761367096,1.0006421,0.0013924128,31858843,planet
1659.5594650557405,1.0017648,0.0013923179,31858843,planet
1659.5608539752366,0.9999369,0.0013930419,31858843,planet
1659.5622428942675,0.99745286,0.0013932218,31858843,planet
1659.5636318132972,0.9998553,0.0013911962,31858843,planet
1659.565020732327,1.0006764,0.0013919737,31858843,planet
1659.5664096513578,1.0008655,0.0013928857,31858843,planet
1659.567798570854,1.0001192,0.0013930625,31858843,planet
1659.5691874898848,1.001208,0.0013933277,31858843,planet
1659.5705764089153,0.9984604,0.0013934716,31858843,planet
1659.5719653279452,0.999092,0.0013927427,31858843,planet
1659.5733542469752,0.9987028,0.0013922406,31858843,planet
1659.5747431660056,1.0007259,0.0013923667,31858843,planet
1659.5761320855026,1.0010943,0.0013945226,31858843,planet
1659.5775210045335,0.9991276,0.0013931321,31858843,planet
1659.5789099235635,1.000053,0.0013928411,31858843,planet
1659.580298842594,1.0002588,0.0013937454,31858843,planet
1659.581687761624,0.99955356,0.0013930474,31858843,planet
1659.5830766806544,1.001703,0.0013915983,31858843,planet
1659.5844656001514,0.9997328,0.0013933474,31858843,planet
1659.5858545191813,0.9976002,0.0013927125,31858843,planet
1659.5872434382113,1.0009497,0.0013939862,31858843,planet
1659.5886323572422,1.0003893,0.0013946814,31858843,planet
1659.590021276272,0.9996558,0.0013938365,31858843,planet
1659.5914101953026,1.0009682,0.0013945347,31858843,planet
1659.592799114334,1.0002626,0.0013921427,31858843,planet
1659.594188033364,1.0004779,0.0013941897,31858843,planet
1659.595576952394,1.0001823,0.0013926683,31858843,planet
1659.59696587189,1.000906,0.0013942466,31858843,planet
1659.59835479092,1.0010931,0.001394695,31858843,planet
1659.5997437099506,1.000955,0.0013944436,31858843,planet
1659.6011326289818,0.9997468,0.0013938801,31858843,planet
1659.6025215480117,1.0001572,0.0013947441,31858843,planet
1659.6039104670417,1.0004827,0.0013943638,31858843,planet
1659.6052993860726,0.9998368,0.0013932172,31858843,planet
1659.6066883051026,1.0007415,0.0013934482,31858843,planet
1659.608077224133,0.9987143,0.0013937037,31858843,planet
1659.6094661431644,0.9999189,0.0013947369,31858843,planet
1659.6108550621943,0.99965984,0.0013943608,31858843,planet
1659.6122439812243,0.99961495,0.001394256,31858843,planet
1659.6136329002547,1.0004177,0.0013945535,31858843,planet
1659.6150218192856,0.9984968,0.0013935546,31858843,planet
1659.6164107387817,1.0018047,0.0013956453,31858843,planet
1659.6177996578124,1.002422,0.0013945649,31858843,planet
1659.619188576843,1.001313,0.0013943443,31858843,planet
1659.620577495873,1.0018252,0.0013936965,31858843,planet
1659.621966414903,1.0023868,0.0013931097,31858843,planet
1659.6233553339343,1.0019338,0.0013950343,31858843,planet
1659.6247442529648,0.99769396,0.0013921605,31858843,planet
1659.6261331719948,0.99932784,0.0013930695,31858843,planet
1659.6275220910252,1.0005883,0.0013940448,31858843,planet
1659.6289110100552,1.0023065,0.0013945376,31858843,planet
1659.6302999290851,1.0025406,0.0013955927,31858843,planet
1659.6316888481165,0.99891603,0.0013935518,31858843,planet
1659.6330777671474,1.0002953,0.0013939714,31858843,planet
1659.6344666861771,1.0003121,0.0013944735,31858843,planet
1659.6358556052078,1.0009378,0.0013942766,31858843,planet
1659.6372445242378,0.99981046,0.0013934658,31858843,planet
1659.6386334432682,1.0012286,0.0013945597,31858843,planet
1659.6400223622995,0.9998227,0.0013933309,31858843,planet
1659.6414112813295,1.0014535,0.0013953191,31858843,planet
1659.6428002003595,0.9992986,0.0013946154,31858843,planet
1659.6441891189245,1.0008303,0.0013942479,31858843,planet
1659.6455780379542,0.99979883,0.0013940791,31858843,planet
1659.6469669569851,0.9999832,0.0013927263,31858843,planet
1659.6483558760165,1.0012902,0.0013942621,31858843,planet
1659.6497447950464,1.0008678,0.0013955524,31858843,planet
1659.6511337140764,0.9998959,0.0013944677,31858843,planet
1659.6525226331069,0.99972296,0.0013932831,31858843,planet
1659.6539115521368,0.997856,0.0013937764,31858843,planet
1659.6553004711673,0.99914384,0.0013944695,31858843,planet
1659.6566893901986,1.0010612,0.0013942125,31858843,planet
1659.6580783092295,0.99887437,0.0013931855,31858843,planet
1659.6594672282595,1.0010936,0.0013952139,31858843,planet
1659.6608561472895,1.0054252,0.0013957147,31858843,planet
1659.6622450663199,1.001102,0.0013938264,31858843,planet
1659.6636339853503,1.0004301,0.0013937113,31858843,planet
1659.6650229039155,1.0008551,0.0013947384,31858843,planet
1659.666411822946,1.0019199,0.0013951409,31858843,planet
1659.667800741976,0.9991161,0.0013937444,31858843,planet
1659.669189661006,0.99919045,0.0013937877,31858843,planet
1659.6705785800373,0.9979124,0.0013921513,31858843,planet
1659.6719674990677,0.9977417,0.0013934368,31858843,planet
1659.6733564180977,1.0008798,0.001394998,31858843,planet
1659.6747453371286,1.0001633,0.0013940171,31858843,planet
1659.676134255693,0.9983765,0.0013943256,31858843,planet
1659.6775231747229,1.0003053,0.0013947709,31858843,planet
1659.6789120937542,1.0004091,0.0013946737,31858843,planet
1659.6803010127846,0.9999299,0.001394285,31858843,planet
1659.6816899318146,1.000192,0.0013943521,31858843,planet
1659.683078850845,1.00048,0.0013945107,31858843,planet
1659.684467769875,0.99999875,0.0013945282,31858843,planet
1659.6858566884393,1.000662,0.001394752,31858843,planet
1659.6872456074707,0.99998266,0.0013944946,31858843,planet
1659.6886345265013,0.9995693,0.001392818,31858843,planet
1659.690023445531,1.001445,0.0013948319,31858843,planet
1659.691412364562,0.99947506,0.0013937324,31858843,planet
1659.692801283592,1.0022886,0.0013946686,31858843,planet
1659.6941902021563,0.99663657,0.0013932353,31858843,planet
1659.6955791211876,0.9995158,0.00139364,31858843,planet
1659.6969680402187,0.9977396,0.0013935843,31858843,planet
1659.6983569592485,1.0005513,0.0013938549,31858843,planet
1659.6997458782785,0.9977809,0.0013932674,31858843,planet
1659.7011347968437,1.0004903,0.0013947275,31858843,planet
1659.7025237158741,0.99878055,0.0013932738,31858843,planet
1659.703912634905,0.99997866,0.0013936772,31858843,planet
1659.7053015539354,0.9988441,0.0013911012,31858843,planet
1659.7066904724998,1.0008631,0.0013917439,31858843,planet
1659.7080793915297,0.9998803,0.0013937632,31858843,planet
1659.7094683105602,1.0000288,0.0013931176,31858843,planet
1659.710857229591,0.9992998,0.0013925707,31858843,planet
1659.7122461486215,0.999834,0.0013942235,31858843,planet
1659.7136350671867,0.999947,0.0013951564,31858843,planet
1659.7150239862165,1.0009048,0.0013931419,31858843,planet
1659.7164129052462,0.9980516,0.0013931211,31858843,planet
1659.717801824277,1.0012869,0.001393955,31858843,planet
1659.7191907428419,1.0000496,0.0013923615,31858843,planet
1659.7205796618728,1.0017383,0.0013938164,31858843,planet
1659.7219685809032,1.00128,0.0013931592,31858843,planet
1659.7233574994675,0.9999108,0.0013939636,31858843,planet
1659.7247464184975,1.0025054,0.0013950547,31858843,planet
1659.726135337528,0.99925834,0.0013939402,31858843,planet
1659.7275242565588,0.99844813,0.0013928241,31858843,planet
1659.7289131751236,0.99929947,0.0013933746,31858843,planet
1659.7303020941545,1.0013149,0.0013934576,31858843,planet
1659.7316910131842,1.0013105,0.0013925079,31858843,planet
1659.7330799317483,1.0018786,0.0013944352,31858843,planet
1659.7344688507796,1.0000347,0.0013942247,31858843,planet
1659.735857769811,1.0000281,0.0013931156,31858843,planet
1659.737246688841,1.0011234,0.0013946336,31858843,planet
1659.7386356074053,1.0007623,0.0013935135,31858843,planet
1659.7400245264362,0.9988645,0.0013932463,31858843,planet
1659.741413445466,1.0002787,0.0013941221,31858843,planet
1659.742802364031,1.0003179,0.0013941226,31858843,planet
1659.7441912830623,0.998084,0.0013935654,31858843,planet
1659.7455802020922,1.000134,0.0013934847,31858843,planet
1659.7469691206566,1.0014836,0.0013945086,31858843,planet
1659.748358039687,0.9992479,0.0013930767,31858843,planet
1659.749746958717,0.9994917,0.0013927743,31858843,planet
1659.7511358772817,0.99905545,0.0013936133,31858843,planet
1659.752524796313,0.99875736,0.0013933876,31858843,planet
1659.7539137148774,0.9995195,0.0013943493,31858843,planet
1659.7553026339074,0.99783945,0.0013926636,31858843,planet
1659.7566915529383,0.99986273,0.0013933767,31858843,planet
1659.758080471503,0.9987837,0.0013943274,31858843,planet
1659.7594693905337,0.99979883,0.0013926585,31858843,planet
1659.7608583095644,0.9986021,0.0013926631,31858843,planet
1659.7622472281287,0.9985455,0.0013926337,31858843,planet
1659.7636361471586,0.9994625,0.0013921873,31858843,planet
1659.7650250657234,0.99899787,0.0013926335,31858843,planet
1659.7664139847543,1.0001531,0.0013929771,31858843,planet
1659.7678029037847,1.0012797,0.0013935098,31858843,planet
1659.7691918223495,0.9992367,0.0013928429,31858843,planet
1659.7705807413795,0.99934936,0.0013936454,31858843,planet
1659.7719696599438,1.0011195,0.001393108,31858843,planet
1659.7733585789747,1.0001398,0.0013934439,31858843,planet
1659.774747498006,0.99833256,0.0013923348,31858843,planet
1659.7761364165708,1.001893,0.0013932688,31858843,planet
1659.7775253356008,0.9999183,0.0013928465,31858843,planet
1659.7789142541656,0.9985488,0.0013926966,31858843,planet
1659.7803031731955,0.9998656,0.0013927605,31858843,planet
1659.7816920917599,1.0029613,0.0013934603,31858843,planet
1659.7830810107912,0.99944556,0.0013934702,31858843,planet
1659.7844699293564,1.0009112,0.0013949084,31858843,planet
1659.7858588483862,0.99937177,0.0013930739,31858843,planet
1659.7872477674168,0.999333,0.0013935192,31858843,planet
1659.7886366859811,0.9992033,0.0013930975,31858843,planet
1659.7900256050116,1.0005164,0.0013929805,31858843,planet
1659.7914145235773,0.9984627,0.0013926383,31858843,planet
1659.7928034426072,0.99968183,0.0013931651,31858843,planet
1659.7941923611716,0.9998255,0.0013934211,31858843,planet
1659.795581280202,0.999228,0.0013912299,31858843,planet
1659.7969701987663,0.9977904,0.0013917757,31858843,planet
1659.7983591177972,0.9993154,0.0013939223,31858843,planet
1659.7997480363629,0.9988558,0.0013929699,31858843,planet
1659.8011369553928,0.999945,0.0013914754,31858843,planet
1659.8025258739572,1.003303,0.0013935302,31858843,planet
1659.8039147929876,1.0007278,0.0013925309,31858843,planet
1659.805303711552,0.9999091,0.0013921944,31858843,planet
1659.8066926305823,0.9984469,0.0013929401,31858843,planet
1659.808081549148,1.000891,0.0013930593,31858843,planet
1659.809470468178,0.99844664,0.0013928757,31858843,planet
1659.8108593867423,1.0005286,0.0013926007,31858843,planet
1659.812248305773,0.9998737,0.0013930133,31858843,planet
1659.813637224338,0.9976595,0.0013927291,31858843,planet
1659.8150261429028,1.0009191,0.0013942017,31858843,planet
1659.8164150619336,1.0017475,0.0013951429,31858843,planet
1659.8178039804984,0.99890155,0.001393771,31858843,planet
1659.8191928995284,1.0003146,0.0013923553,31858843,planet
1659.8205818180927,0.99857444,0.0013929867,31858843,planet
1659.821970737124,1.001483,0.0013939567,31858843,planet
1659.8233596556888,1.0007173,0.0013931759,31858843,planet
1659.8247485747188,1.0022601,0.0013936596,31858843,planet
1659.826137493284,0.9987175,0.0013935631,31858843,planet
1659.8275264118483,1.0008073,0.0013942412,31858843,planet
1659.8289153308783,1.0020231,0.0013942948,31858843,planet
1659.8303042494438,0.998922,0.0013930905,31858843,planet
1659.8316931684744,1.0023074,0.0013946516,31858843,planet
1659.8330820870387,0.998583,0.0013922335,31858843,planet
1659.8344710056035,0.99911296,0.0013938607,31858843,planet
1659.8358599246335,0.99979544,0.0013930593,31858843,planet
1659.8372488431978,0.9992296,0.0013932331,31858843,planet
1659.8386377622292,1.0003425,0.0013938519,31858843,planet
1659.8400266807942,0.99923646,0.0013933872,31858843,planet
1659.8414155993582,0.99758065,0.0013924158,31858843,planet
1659.8428045183891,1.0013086,0.0013946661,31858843,planet
1659.8441934369534,0.9991807,0.0013932039,31858843,planet
1659.8455823555178,0.9979681,0.0013930909,31858843,planet
1659.846971274549,1.0029559,0.001395001,31858843,planet
1659.8483601931139,1.0037445,0.0013952667,31858843,planet
1659.8497491121439,1.000921,0.0013941397,31858843,planet
1659.8511380307086,1.000698,0.0013944606,31858843,planet
1659.852526949273,0.9983533,0.0013930755,31858843,planet
1659.8539158683038,0.999116,0.0013932949,31858843,planet
1659.8553047868695,1.0018842,0.0013948864,31858843,planet
1659.8566937054343,0.9991288,0.0013934029,31858843,planet
1659.8580826244643,0.9976625,0.0013927309,31858843,planet
1659.8594715430286,0.9983782,0.0013931738,31858843,planet
1659.8608604615933,0.9976138,0.0013926264,31858843,planet
1659.8622493806242,0.9989839,0.001392739,31858843,planet
1659.863638299189,0.9982864,0.0013929231,31858843,planet
1659.8650272177542,0.9994975,0.0013943792,31858843,planet
1659.8664161363183,1.003761,0.001393857,31858843,planet
1659.867805055348,0.99999297,0.0013932377,31858843,planet
1659.8691939739133,0.998957,0.0013932323,31858843,planet
1659.870582892478,1.0024849,0.001395172,31858843,planet
1659.871971811509,0.99914265,0.0013934561,31858843,planet
1659.8733607300737,0.9979718,0.0013931117,31858843,planet
1659.874749648638,1.0012116,0.0013944189,31858843,planet
1659.8761385672024,0.9994537,0.0013924513,31858843,planet
1659.8775274862328,1.0007461,0.0013927766,31858843,planet
1659.878916404798,1.0028293,0.0013936295,31858843,planet
1659.8803053233628,0.9973902,0.0013926786,31858843,planet
1659.8816942423937,1.0002049,0.0013944035,31858843,planet
1659.8830831609578,0.9989557,0.0013933019,31858843,planet
1659.8844720795219,0.99859715,0.0013921331,31858843,planet
1659.8858609980875,1.0000409,0.0013940952,31858843,planet
1659.8872499171184,0.9985448,0.0013943177,31858843,planet
1659.8886388356827,1.0002499,0.0013935241,31858843,planet
1659.8900277542475,1.0005704,0.0013941652,31858843,planet
1659.8914166728118,1.0012822,0.001394197,31858843,planet
1659.8928055913761,0.9998612,0.001392531,31858843,planet
1659.8941945104075,0.9993879,0.0013936233,31858843,planet
1659.8955834289732,0.99897796,0.0013932283,31858843,planet
1659.8969723475375,1.0017626,0.0013943837,31858843,planet
1659.8983612661018,0.99921775,0.0013931763,31858843,planet
1659.8997501851322,0.99600935,0.001393069,31858843,planet
1659.9011391036966,1.00185,0.0013941799,31858843,planet
1659.9025280222613,1.0007879,0.0013934185,31858843,planet
1659.903916940827,1.0001003,0.0013924681,31858843,planet
1659.9053058593913,0.9983552,0.0013926455,31858843,planet
1659.9066947784213,1.0012819,0.0013945136,31858843,planet
1659.9080836969865,0.9983664,0.0013933404,31858843,planet
1659.9094726155513,1.0014561,0.0013940071,31858843,planet
1659.910861534116,1.0000529,0.0013927919,31858843,planet
1659.9122504526813,1.0015996,0.0013943599,31858843,planet
1659.9136393712456,1.0000578,0.001393805,31858843,planet
1659.9150282902756,1.001379,0.0013939856,31858843,planet
1659.9164172088404,1.0007908,0.0013940979,31858843,planet
1659.9178061274056,1.0000795,0.0013935396,31858843,planet
1659.9191950459704,1.0005509,0.001393587,31858843,planet
1659.9205839645351,0.998294,0.0013922213,31858843,planet
1659.9219728830994,1.0018082,0.0013929814,31858843,planet
1659.9233618016638,1.0010114,0.0013938486,31858843,planet
1659.9247507206946,0.99751794,0.001392541,31858843,planet
1659.9261396392594,1.0004315,0.0013927238,31858843,planet
1659.9275285578244,0.996813,0.0013919477,31858843,planet
1659.9289174763894,0.9984311,0.0013918788,31858843,planet
1659.9303063949537,0.9999269,0.001392767,31858843,planet
1659.931695313518,0.9993736,0.0013932467,31858843,planet
1659.9330842320828,0.9991987,0.001392103,31858843,planet
1659.9344731506485,0.99982655,0.001392293,31858843,planet
1659.9358620692135,0.99924284,0.0013926,31858843,planet
1659.9372509882432,0.9986102,0.0013917714,31858843,planet
1659.9386399068085,0.998865,0.0013919445,31858843,planet
1659.9400288253728,1.0016619,0.0013917445,31858843,planet
1659.9414177439376,1.0013049,0.0013930713,31858843,planet
1659.9428066625032,1.0020139,0.0013941152,31858843,planet
1659.9441955810676,1.0018121,0.001393128,31858843,planet
1659.9455844996319,1.0001107,0.0013923222,31858843,planet
1659.9469734181966,0.9996554,0.0013917265,31858843,planet
1659.948362336761,1.0002829,0.0013920126,31858843,planet
1659.9497512553262,0.99990314,0.0013924115,31858843,planet
1659.9511401738919,1.001489,0.0013927814,31858843,planet
1659.9525290924562,0.99900395,0.0013922706,31858843,planet
1659.9539180110203,0.9992238,0.001390869,31858843,planet
1659.9553069295853,1.0005316,0.0013926224,31858843,planet
1659.9566958481496,0.9985144,0.0013917509,31858843,planet
1659.9580847667144,1.0028851,0.0013924242,31858843,planet
1659.95947368528,0.9976627,0.0013904655,31858843,planet
1659.9608626038444,0.9969982,0.0013905481,31858843,planet
1659.9622515228743,1.0023582,0.0013926397,31858843,planet
1659.963640441439,1.0010825,0.0013924257,31858843,planet
1659.9650293600034,0.99995196,0.0013912303,31858843,planet
1659.9664182785687,1.0013701,0.0013925418,31858843,planet
1659.9678071971343,0.998354,0.0013913476,31858843,planet
1659.9691961156987,1.0012251,0.0013923587,31858843,planet
1659.970585034263,0.99987996,0.0013903221,31858843,planet
1659.9719739528277,0.9977127,0.0013893333,31858843,planet
1659.9733628713934,0.9990794,0.0013902268,31858843,planet
1659.9747517899582,1.0017463,0.0013911916,31858843,planet
1659.9761407080568,1.000858,0.0013913914,31858843,planet
1659.977529626622,1.0015792,0.0013911261,31858843,planet
1659.9789185451864,0.9990459,0.0013909778,31858843,planet
1659.9803074637505,1.0004451,0.0013915122,31858843,planet
1659.981696382316,1.0023458,0.0013912916,31858843,planet
1659.9830853008812,0.9978353,0.001390139,31858843,planet
1659.9844742194455,1.0002942,0.0013913,31858843,planet
1659.9858631380102,1.0003709,0.0013909964,31858843,planet
1659.9872520565746,1.000476,0.001390897,31858843,planet
1659.9886409751389,1.0012167,0.0013912815,31858843,planet
1659.9900298937046,1.0015318,0.0013910818,31858843,planet
1659.9914188122693,1.0004876,0.0013908987,31858843,planet
1659.9928077308336,1.0004749,0.0013905885,31858843,planet
1659.9941966493989,0.9987307,0.0013906718,31858843,planet
1659.9955855679632,0.99926925,0.0013901318,31858843,planet
1659.9969744865275,1.0012815,0.0013913566,31858843,planet
1659.998363405093,0.9984257,0.0013887056,31858843,planet
1659.9997523231923,0.9996141,0.0013899449,31858843,planet
1660.0011412417566,0.9977024,0.001389474,31858843,planet
1660.0025301603214,1.000816,0.0013907544,31858843,planet
1660.0039190788857,0.99867535,0.0013887046,31858843,planet
1660.005307997451,1.00166,0.0013898126,31858843,planet
1660.0066969160166,1.0000715,0.001389777,31858843,planet
1660.0080858345807,1.0010128,0.0013902587,31858843,planet
1660.0094747531448,0.9984476,0.0013884322,31858843,planet
1660.01086367171,0.9992243,0.0013894237,31858843,planet
1660.0122525898087,0.998883,0.0013891788,31858843,planet
1660.0136415083734,1.0001849,0.0013896822,31858843,planet
1660.0150304269391,0.99907786,0.0013887705,31858843,planet
1660.0164193455041,0.9989549,0.0013890293,31858843,planet
1660.0178082640682,0.9987431,0.001388767,31858843,planet
1660.0191971826325,1.0000323,0.0013886503,31858843,planet
1660.0205861011978,1.000873,0.001388367,31858843,planet
1660.0219750192969,1.0009209,0.0013891568,31858843,planet
1660.023363937862,1.0009278,0.0013880972,31858843,planet
1660.0247528564269,1.0002675,0.0013880986,31858843,planet
1660.0261417749912,1.0008845,0.0013874859,31858843,planet
1660.0275306935555,1.002263,0.0013885464,31858843,planet
1660.0289196121212,0.99841547,0.0013881417,31858843,planet
1660.0303085302203,1.0000424,0.001388764,31858843,planet
1660.0316974487846,1.0005602,0.0013884287,31858843,planet
1660.0330863673498,1.0014479,0.0013891091,31858843,planet
1660.034475285914,1.0003632,0.0013883632,31858843,planet
1660.035864204478,1.0006558,0.0013881648,31858843,planet
1660.037253122578,0.99707717,0.0013877768,31858843,planet
1660.0386420411432,0.9998751,0.001388143,31858843,planet
1660.0400309597076,0.9992915,0.0013881859,31858843,planet
1660.0414198782723,1.0011437,0.0013887805,31858843,planet
1660.0428087968367,0.99892473,0.0013876285,31858843,planet
1660.0441977149353,0.99751836,0.0013864698,31858843,planet
1660.045586633501,1.0011073,0.0013888837,31858843,planet
1660.0469755520658,0.9995171,0.0013876215,31858843,planet
1660.04836447063,1.000137,0.0013883146,31858843,planet
1660.0497533887296,1.0021018,0.001389457,31858843,planet
1660.0511423072937,0.99917364,0.0013877156,31858843,planet
1660.0525312258578,0.9982125,0.0013860768,31858843,planet
1660.0539201444235,0.9991221,0.0013876898,31858843,planet
1660.0553090625235,0.99851924,0.0013878198,31858843,planet
1660.0566979810878,1.0002398,0.0013874029,31858843,planet
1660.0580868996522,1.0007597,0.0013879619,31858843,planet
1660.0594758182174,0.9992279,0.0013873964,31858843,planet
1660.0608647363165,0.99890035,0.00138668,31858843,planet
1660.0622536548813,0.9995343,0.0013872276,31858843,planet
1660.0636425734465,0.9992172,0.0013869272,31858843,planet
1660.0650314920108,1.0031403,0.0013876652,31858843,planet
1660.0664204101095,0.9982439,0.0013867486,31858843,planet
1660.0678093286742,1.0013124,0.0013876443,31858843,planet
1660.0691982472392,1.000846,0.0013875626,31858843,planet
1660.0705871653386,1.003057,0.0013889179,31858843,planet
1660.0719760839033,0.999817,0.0013870083,31858843,planet
1660.0733650024677,0.99949783,0.0013872135,31858843,planet
1660.0747539205663,1.0009131,0.0013870221,31858843,planet
1660.0761428391315,1.0010971,0.0013877719,31858843,planet
1660.0775317576963,0.9987175,0.0013866056,31858843,planet
1660.0789206757956,0.9998776,0.0013875053,31858843,planet
1660.0803095943606,1.0000046,0.0013861562,31858843,planet
1660.081698512925,1.0011187,0.001387091,31858843,planet
1660.0830874310236,1.000711,0.0013872279,31858843,planet
1660.0844763495884,0.9994265,0.0013865135,31858843,planet
1660.0858652681536,1.0000488,0.001386238,31858843,planet
1660.0872541862527,1.0000468,0.0013861737,31858843,planet
1660.0886431048175,1.001847,0.0013877258,31858843,planet
1660.0900320233818,1.0001203,0.0013850448,31858843,planet
1660.0914209414805,0.99997675,0.0013864863,31858843,planet
1660.0928098600461,0.99849993,0.0013853197,31858843,planet
1660.0941987786114,0.99896735,0.0013864154,31858843,planet
1660.0955876967098,1.0005622,0.0013864114,31858843,planet
1660.0969766152748,0.99841774,0.001385841,31858843,planet
1660.098365533374,1.0009681,0.0013866756,31858843,planet
1660.0997544519382,0.9992649,0.0013863591,31858843,planet
1660.1011433705035,0.99923456,0.0013865877,31858843,planet
1660.1025322886035,1.0000943,0.0013861483,31858843,planet
1660.1039212071678,1.0004671,0.001386834,31858843,planet
1660.1053101252662,1.0007806,0.0013862373,31858843,planet
1660.1066990438312,0.99848413,0.0013858167,31858843,planet
1660.1080879623955,0.99822414,0.0013855257,31858843,planet
1660.1094768804946,1.0021625,0.0013872855,31858843,planet
1660.1108657990603,1.0002159,0.0013858294,31858843,planet
1660.112254717159,1.0000281,0.0013842178,31858843,planet
1660.1136436357233,1.0024441,0.0013860195,31858843,planet
1660.1150325538224,0.99962556,0.0013861641,31858843,planet
1660.1164214723867,0.9986519,0.0013850984,31858843,planet
1660.117810390952,0.9984469,0.0013858074,31858843,planet
1660.119199309052,0.99963796,0.00138579,31858843,planet
1660.1205882276163,0.99967915,0.0013851124,31858843,planet
1660.1219771457147,1.0006979,0.0013862994,31858843,planet
1660.1233660642797,1.0002049,0.0013864095,31858843,planet
1660.1247549823788,0.9991144,0.0013846516,31858843,planet
1660.126143900944,1.000731,0.0013855986,31858843,planet
1660.1275328190432,0.9977696,0.0013851163,31858843,planet
1660.1289217376075,1.0001016,0.0013857986,31858843,planet
1660.1303106557061,0.9988566,0.0013851975,31858843,planet
1660.1316995742711,0.9980523,0.0013852026,31858843,planet
1660.1330884923705,1.0009394,0.0013859959,31858843,planet
1660.1344774109352,1.0003763,0.0013864547,31858843,planet
1660.1358663290348,0.9994961,0.0013851337,31858843,planet
1660.1372552475996,0.9988292,0.0013859514,31858843,planet
1660.1386441656982,1.0007873,0.0013866773,31858843,planet
1660.1400330842625,1.0007466,0.001385977,31858843,planet
1660.1414220023626,1.000791,0.0013864025,31858843,planet
1660.1428109209273,1.0023547,0.0013874776,31858843,planet
1660.144199839026,0.9998989,0.0013856933,31858843,planet
1660.1455887575912,0.99939156,0.0013853805,31858843,planet
1660.1469776756899,0.9980961,0.0013848257,31858843,planet
1660.148366594254,1.0040187,0.0013868761,31858843,planet
1660.1497555123537,0.99959606,0.0013849004,31858843,planet
1660.151144430919,0.9991317,0.0013857845,31858843,planet
1660.1525333490176,0.99978185,0.0013859862,31858843,planet
1660.1539222675824,0.9997932,0.0013860962,31858843,planet
1660.155311185681,1.00086,0.001386299,31858843,planet
1660.1567001037806,0.99991816,0.0013854945,31858843,planet
1660.158089022346,1.0006241,0.0013865245,31858843,planet
1660.1594779404445,0.99985904,0.0013851946,31858843,planet
1660.1608668590088,0.998495,0.0013848952,31858843,planet
1660.1622557771084,0.99991196,0.0013850927,31858843,planet
1660.1636446956727,1.0014638,0.0013871967,31858843,planet
1660.1650336137718,1.0050321,0.0013871944,31858843,planet
1660.1664225318718,1.0019232,0.0013853237,31858843,planet
1660.1678114504361,1.000745,0.001386042,31858843,planet
1660.1692003685348,0.9999856,0.0013853931,31858843,planet
1660.1705892870996,0.99912244,0.0013848905,31858843,planet
1660.1719782051982,1.0002004,0.0013840232,31858843,planet
1660.1733671232978,0.9995654,0.0013845813,31858843,planet
1660.1747560418635,0.99782944,0.0013844082,31858843,planet
1660.176144959962,0.99815035,0.001385149,31858843,planet
1660.177533878526,0.99905986,0.0013857716,31858843,planet
1660.1789227966256,0.9998537,0.0013862085,31858843,planet
1660.1803117147256,1.0003198,0.0013853273,31858843,planet
1660.1817006332903,0.99875474,0.0013850542,31858843,planet
1660.183089551389,1.0004196,0.0013859584,31858843,planet
1660.1844784694883,1.0008765,0.0013869371,31858843,planet
1660.1858673880524,1.000095,0.0013860733,31858843,planet
1660.187256306151,0.9985527,0.0013847902,31858843,planet
1660.188645224251,0.99943197,0.0013854054,31858843,planet
1660.1900341428163,0.99892086,0.0013850492,31858843,planet
1660.191423060915,1.0020546,0.0013862395,31858843,planet
1660.192811979014,1.0015467,0.0013864901,31858843,planet
1660.1942008975784,0.9990454,0.001385406,31858843,planet
1660.195589815677,0.99818254,0.0013828622,31858843,planet
1660.196978733777,0.99992996,0.0013851302,31858843,planet
1660.1983676523419,1.0004518,0.0013860438,31858843,planet
1660.1997565704405,0.9992751,0.0013843772,31858843,planet
1660.20114548854,0.9994731,0.0013853055,31858843,planet
1660.2025344071042,1.0019308,0.0013864776,31858843,planet
1660.2039233252026,0.9997293,0.0013853639,31858843,planet
1660.2053122433026,1.0005896,0.0013855611,31858843,planet
1660.2067011614022,0.99939877,0.0013859028,31858843,planet
1660.2080900799665,0.99941,0.0013868513,31858843,planet
1660.2094789980656,1.0031272,0.0013863172,31858843,planet
1660.2108679161643,0.9973146,0.0013842724,31858843,planet
1660.212256834729,1.0020741,0.0013871255,31858843,planet
1660.213645752829,1.0018123,0.0013864812,31858843,planet
1660.2150346709277,1.0014079,0.0013853845,31858843,planet
1660.2164235890264,1.0040283,0.0013875905,31858843,planet
1660.2178125075916,0.9997235,0.001385568,31858843,planet
1660.2192014256907,0.9994507,0.0013851116,31858843,planet
1660.22059034379,0.99976826,0.0013855244,31858843,planet
1660.2219792618894,1.0017507,0.001385904,31858843,planet
1660.2233681804541,0.99985754,0.0013864667,31858843,planet
1660.2247570985528,0.9980085,0.0013843619,31858843,planet
1660.2261460166515,0.999372,0.0013854209,31858843,planet
1660.227534934751,1.0006332,0.0013862359,31858843,planet
1660.2289238533158,1.0008612,0.0013856177,31858843,planet
1660.230312771415,1.0011437,0.001386528,31858843,planet
1660.2317016895145,0.999107,0.0013841776,31858843,planet
1660.2330906076131,0.99958587,0.0013851497,31858843,planet
1660.2344795257118,0.9980456,0.0013838474,31858843,planet
1660.2358684442765,0.9992008,0.0013854208,31858843,planet
1660.2372573623759,0.9996755,0.0013854638,31858843,planet
1660.2386462804752,0.99841726,0.0013847689,31858843,planet
1660.2400351985743,0.99840885,0.0013849981,31858843,planet
1660.241424116673,1.0016224,0.0013848073,31858843,planet
1660.2428130352373,0.9989431,0.0013840954,31858843,planet
1660.2442019533373,0.9987781,0.0013849654,31858843,planet
1660.245590871437,0.99979746,0.0013844994,31858843,planet
1660.2469797895353,0.99874985,0.0013846218,31858843,planet
1660.2483687076347,0.99875957,0.0013842665,31858843,planet
1660.2497576257333,1.0002148,0.0013849227,31858843,planet
1660.2511465442976,0.9995451,0.0013864263,31858843,planet
1660.2525354623976,0.99902934,0.0013851585,31858843,planet
1660.2539243804968,1.0012205,0.0013851149,31858843,planet
1660.2553132985954,1.0008619,0.001386063,31858843,planet
1660.2567022166945,0.99887514,0.0013845718,31858843,planet
1660.2580911347932,1.0007806,0.0013839542,31858843,planet
1660.2594800528918,0.99849594,0.0013847612,31858843,planet
1660.2608689714575,0.9991087,0.0013844669,31858843,planet
1660.2622578895575,1.0003871,0.0013848667,31858843,planet
1660.2636468076562,1.00048,0.0013854511,31858843,planet
1660.2650357257548,1.0001638,0.0013856621,31858843,planet
1660.266424643854,1.0011915,0.0013862043,31858843,planet
1660.2678135619526,0.9990572,0.001385501,31858843,planet
1660.2692024800522,0.99804485,0.0013847225,31858843,planet
1660.2705913981522,0.99857175,0.0013846259,31858843,planet
1660.2719803162508,1.0013436,0.0013862242,31858843,planet
1660.2733692343493,0.9984199,0.001384164,31858843,planet
1660.2747581529143,0.999808,0.0013847951,31858843,planet
1660.2761470710134,1.0016787,0.001385429,31858843,planet
1660.277535989113,1.0010687,0.0013854292,31858843,planet
1660.278924907212,1.0010875,0.0013857362,31858843,planet
1660.2803138253107,1.0001104,0.0013846045,31858843,planet
1660.2817027434094,1.0016656,0.0013856424,31858843,planet
1660.2830916615085,0.9994699,0.0013848267,31858843,planet
1660.284480579608,0.9999957,0.0013868253,31858843,planet
1660.2858694977072,1.0005988,0.0013845409,31858843,planet
1660.2872584158067,0.99787897,0.0013843951,31858843,planet
1660.2886473339054,0.9970011,0.0013840287,31858843,planet
1660.2900362520038,0.9994728,0.0013848133,31858843,planet
1660.2914251701031,0.9982478,0.0013835263,31858843,planet
1660.2928140882022,0.9999351,0.001384539,31858843,planet
1660.2942030063018,0.99958354,0.0013854522,31858843,planet
1660.295591924401,1.0009282,0.0013841332,31858843,planet
1660.2969808424996,1.0006222,0.0013852452,31858843,planet
1660.2983697605982,1.0006268,0.0013862923,31858843,planet
1660.2997586786983,1.0000175,0.001384498,31858843,planet
1660.3011475967983,1.0004607,0.0013842263,31858843,planet
1660.302536514897,0.99838734,0.0013835662,31858843,planet
1660.3039254329956,0.99925023,0.001384364,31858843,planet
1660.3053143510947,0.99947023,0.0013846498,31858843,planet
1660.3067032691933,1.0012808,0.0013857784,31858843,planet
1660.308092187293,1.0007751,0.0013855451,31858843,planet
1660.3094811053927,1.0004566,0.0013858601,31858843,planet
1660.3108700234911,0.9999049,0.0013835051,31858843,planet
1660.3122589415898,1.0013615,0.0013844421,31858843,planet
1660.3136478596894,1.0018443,0.0013848535,31858843,planet
1660.315036777788,0.99999964,0.0013848785,31858843,planet
1660.3164256958871,1.0013357,0.0013854083,31858843,planet
1660.3178146139871,1.0013622,0.0013855512,31858843,planet
1660.3192035320858,0.99762565,0.0013832068,31858843,planet
1660.3205924501844,1.00072,0.001384015,31858843,planet
1660.3219813682836,1.0008569,0.0013847731,31858843,planet
1660.3233702863822,1.001647,0.001384395,31858843,planet
1660.3247592044818,1.0038786,0.0013853961,31858843,planet
1660.3261481225816,0.9991161,0.0013838557,31858843,planet
1660.32753704068,1.0009828,0.0013841426,31858843,planet
1660.3289259587787,1.0020965,0.0013851917,31858843,planet
1660.3303148768782,0.9995155,0.001383166,31858843,planet
1660.3317037945117,1.0014796,0.0013842158,31858843,planet
1660.3330927126112,1.000061,0.0013833978,31858843,planet
1660.3344816307103,0.9998225,0.0013830401,31858843,planet
1660.335870548809,0.9998467,0.0013845046,31858843,planet
1660.3372594669077,1.0005778,0.0013844226,31858843,planet
1660.3386483850068,1.0008074,0.0013850541,31858843,planet
1660.3400373031063,1.0005285,0.0013845458,31858843,planet
1660.3414262212054,0.998136,0.0013837552,31858843,planet
1660.342815139305,1.0000186,0.0013839642,31858843,planet
1660.344204057404,1.0004234,0.0013846622,31858843,planet
1660.345592975037,0.9969164,0.0013826957,31858843,planet
1660.3469818931358,0.9983265,0.0013832237,31858843,planet
1660.3483708112358,0.99850756,0.0013834559,31858843,planet
1660.349759729335,1.0008785,0.0013842888,31858843,planet
1660.3511486474335,1.0006447,0.0013833569,31858843,planet
1660.3525375655329,0.99887365,0.0013828313,31858843,planet
1660.3539264836313,1.0006574,0.0013840948,31858843,planet
1660.3553154012643,0.9990142,0.0013837327,31858843,planet
1660.3567043193643,0.9994412,0.001383336,31858843,planet
1660.358093237464,0.99819154,0.0013827027,31858843,planet
1660.3594821555625,1.0015799,0.0013853565,31858843,planet
1660.3608710736617,0.99829704,0.001382997,31858843,planet
1660.3622599917603,1.000239,0.0013829834,31858843,planet
1660.3636489093938,1.0002122,0.0013837153,31858843,planet
1660.3650378274938,0.99930394,0.0013826506,31858843,planet
1660.3664267455924,0.9992589,0.0013827585,31858843,planet
1660.367815663691,1.0002792,0.0013833317,31858843,planet
1660.3692045817907,1.000838,0.0013833027,31858843,planet
1660.3705934994234,1.0023199,0.001384043,31858843,planet
1660.3719824175228,0.9972976,0.001381609,31858843,planet
1660.3733713356228,0.9996279,0.0013833822,31858843,planet
1660.3747602537214,0.9989441,0.0013833487,31858843,planet
1660.37614917182,0.99968606,0.0013831492,31858843,planet
1660.3775380894535,0.9996001,0.0013831359,31858843,planet
1660.3789270075522,1.0013094,0.0013841284,31858843,planet
1660.3803159256513,0.99968207,0.0013829953,31858843,planet
1660.3817048437513,1.000292,0.0013826806,31858843,planet
1660.3830937613843,1.0000174,0.00138268,31858843,planet
1660.384482679483,1.0003839,0.0013819425,31858843,planet
1660.3858715975825,1.0018692,0.0013829531,31858843,planet
1660.3872605156816,0.9984946,0.0013822957,31858843,planet
1660.3886494333153,0.9999744,0.0013820159,31858843,planet
1660.3900383514147,0.9990648,0.001381478,31858843,planet
1660.3914272695138,1.000167,0.0013824744,31858843,planet
1660.3928161876124,1.0008854,0.0013835938,31858843,planet
1660.3942051052454,0.9978254,0.0013814439,31858843,planet
1660.3955940233454,0.99977267,0.0013816162,31858843,planet
1660.3969829414448,1.0023252,0.0013826218,31858843,planet
1660.3983718590775,1.0000217,0.0013816543,31858843,planet
1660.399760777177,1.0004116,0.0013820427,31858843,planet
1660.4011496952758,0.99997234,0.0013825343,31858843,planet
1660.4025386133744,1.0001868,0.0013824519,31858843,planet
1660.4039275310088,0.9986141,0.0013816743,31858843,planet
1660.4053164491079,0.99872446,0.001382977,31858843,planet
1660.4067053672065,0.9994945,0.0013826863,31858843,planet
1660.40809428484,1.0001103,0.0013822537,31858843,planet
1660.4094832029386,0.9981273,0.0013809224,31858843,planet
1660.4108721210373,1.0006906,0.001382274,31858843,planet
1660.4122610386717,1.0002905,0.0013817393,31858843,planet
1660.4136499567712,0.99804807,0.0013820184,31858843,planet
1660.4150388748697,1.0006952,0.0013830864,31858843,planet
1660.4164277925033,0.9987461,0.00138213,31858843,planet
1660.417816710602,0.99962145,0.0013824746,31858843,planet
1660.4192056287006,0.9974991,0.0013820159,31858843,planet
1660.420594546335,0.9997918,0.0013819751,31858843,planet
1660.421983464434,1.0003794,0.0013833474,31858843,planet
1660.4233723825328,0.9993858,0.0013815063,31858843,planet
1660.4247613001662,1.0021428,0.0013824282,31858843,planet
1660.4261502182658,1.0003481,0.001382669,31858843,planet
1660.4275391358992,1.00098,0.0013829814,31858843,planet
1660.4289280539988,0.999457,0.0013819386,31858843,planet
1660.430316972098,0.99896884,0.0013820314,31858843,planet
1660.431705889731,1.0023595,0.0013842934,31858843,planet
1660.4330948078295,1.0013392,0.001382483,31858843,planet
1660.4344837259287,0.99939287,0.0013822191,31858843,planet
1660.4358726435626,0.9994789,0.0013820407,31858843,planet
1660.4372615616617,1.0007676,0.0013831585,31858843,planet
1660.4386504792956,1.0005718,0.0013822751,31858843,planet
1660.4400393973942,0.9981448,0.0013819637,31858843,planet
1660.441428315027,1.001465,0.0013830153,31858843,planet
1660.4428172331263,1.0003861,0.0013820704,31858843,planet
1660.4442061512254,0.99870765,0.0013815503,31858843,planet
1660.4455950688593,1.0010866,0.0013818744,31858843,planet
1660.4469839869585,1.0008596,0.0013822844,31858843,planet
1660.4483729045915,1.0001385,0.0013824407,31858843,planet
1660.44976182269,1.0001965,0.0013820798,31858843,planet
1660.4511507403245,0.99948364,0.0013815109,31858843,planet
1660.4525396584236,1.000756,0.0013823792,31858843,planet
1660.4539285765222,0.9978896,0.0013811237,31858843,planet
1660.4553174941561,1.0011414,0.0013831118,31858843,planet
1660.4567064122548,0.99917996,0.0013820911,31858843,planet
1660.4580953298878,1.000311,0.0013822768,31858843,planet
1660.4594842479876,0.99925214,0.0013811466,31858843,planet
1660.4608731656213,0.9994467,0.0013821847,31858843,planet
1660.46226208372,0.997034,0.0013798858,31858843,planet
1660.4636510013534,0.9999929,0.0013818402,31858843,planet
1660.465039919452,1.0014552,0.0013821971,31858843,planet
1660.466428837085,1.0005633,0.0013815698,31858843,planet
1660.467817755185,1.0000083,0.0013820624,31858843,planet
1660.4692066728194,0.9991959,0.0013816435,31858843,planet
1660.470595590918,0.99896723,0.0013819737,31858843,planet
1660.471984508551,1.0006641,0.0013813211,31858843,planet
1660.4733734266501,1.0010681,0.0013826267,31858843,planet
1660.4747623442831,0.9997385,0.0013814197,31858843,planet
1660.4761512623827,0.99815714,0.001380668,31858843,planet
1660.4775401800168,0.99922466,0.0013818085,31858843,planet
1660.4789290981153,1.000456,0.0013823421,31858843,planet
1660.4803180157483,1.0001776,0.0013819934,31858843,planet
1660.4817069338478,0.9999909,0.0013813109,31858843,planet
1660.4830958514813,0.9977694,0.0013807205,31858843,planet
1660.4844847691152,1.0003406,0.0013824181,31858843,planet
1660.4858736872143,0.99766815,0.0013820416,31858843,planet
1660.4872626048473,0.9989711,0.0013805042,31858843,planet
1660.488651522946,1.0012379,0.001382061,31858843,planet
1660.4900404405794,1.0013388,0.0013831921,31858843,planet
1660.491429358679,0.9990018,0.0013813574,31858843,planet
1660.4928182763124,0.999879,0.0013821638,31858843,planet
1660.494207194412,1.0010287,0.0013829818,31858843,planet
1660.4955961120447,1.0000747,0.0013823543,31858843,planet
1660.4969850296775,1.0011728,0.0013820919,31858843,planet
1660.498373947777,0.99918234,0.0013823994,31858843,planet
1660.4997628654105,1.0007828,0.0013820975,31858843,planet
1660.50115178351,0.9995373,0.0013819055,31858843,planet
1660.5025407011435,1.0001097,0.0013833846,31858843,planet
1660.5039296187765,0.9969376,0.0013803956,31858843,planet
1660.5053185368752,1.0008863,0.0013824087,31858843,planet
1660.5067074545086,0.9998287,0.0013821283,31858843,planet
1660.5080963726082,1.0015991,0.0013829244,31858843,planet
1660.5094852902416,1.0006648,0.0013822796,31858843,planet
1660.5108742078755,0.99952567,0.0013813833,31858843,planet
1660.5122631259746,0.9990221,0.0013817559,31858843,planet
1660.5136520436076,1.0013183,0.0013831545,31858843,planet
1660.515040961241,1.0008266,0.0013824465,31858843,planet
1660.516429879341,1.0007583,0.0013828528,31858843,planet
1660.517818796974,0.99931496,0.0013814546,31858843,planet
1660.519207714607,0.9974799,0.0013814961,31858843,planet
1660.5205966327067,0.9989397,0.0013815496,31858843,planet
1660.5219855503394,0.9989712,0.0013824211,31858843,planet
1660.523374467973,1.0005513,0.0013822133,31858843,planet
1660.5247633860731,0.99976915,0.0013822464,31858843,planet
1660.526152303706,0.9989448,0.0013821122,31858843,planet
1660.527541221339,1.000701,0.0013835862,31858843,planet
1660.5289301394382,0.9982271,0.0013814186,31858843,planet
1660.5303190570712,1.0002108,0.0013828219,31858843,planet
1660.5317079747047,0.99996024,0.0013828942,31858843,planet
1660.5330968928047,1.0011251,0.0013831442,31858843,planet
1660.5344858104377,1.0011729,0.0013818601,31858843,planet
1660.5358747280707,0.9982778,0.0013817374,31858843,planet
1660.5372636461702,1.0016593,0.0013836507,31858843,planet
1660.538652563803,1.0019491,0.0013834466,31858843,planet
1660.5400414814367,0.9968699,0.0013816349,31858843,planet
1660.541430399071,0.9993692,0.0013825562,31858843,planet
1660.5428193171697,1.001501,0.0013832351,31858843,planet
1660.5442082348027,0.99968606,0.0013823253,31858843,planet
1660.5455971524361,1.000705,0.0013842754,31858843,planet
1660.5469860705357,1.0005678,0.0013831183,31858843,planet
1660.5483749881691,1.0015441,0.0013832881,31858843,planet
1660.5497639058026,0.9995494,0.0013825418,31858843,planet
1660.5511528234356,0.9988772,0.0013826138,31858843,planet
1660.5525417415342,0.99970007,0.0013826905,31858843,planet
1660.5539306591681,1.0014799,0.0013835682,31858843,planet
1660.5553195768025,1.0004559,0.0013841031,31858843,planet
1660.556708494436,0.99977255,0.0013829333,31858843,planet
1660.5580974125346,1.0005854,0.0013832804,31858843,planet
1660.559486330168,1.0010955,0.0013835924,31858843,planet
1660.560875247801,1.0010142,0.0013832534,31858843,planet
1660.562264165434,0.9983548,0.0013825211,31858843,planet
1660.5636530830684,1.0039229,0.0013851823,31858843,planet
1660.5650420011677,1.0006609,0.0013833946,31858843,planet
1660.5664309188005,1.0010539,0.001383521,31858843,planet
1660.5678198364344,1.001826,0.0013847176,31858843,planet
1660.5692087540674,1.0011448,0.0013833609,31858843,planet
1660.5705976717009,0.99947315,0.0013824942,31858843,planet
1660.5719865898009,1.0004867,0.0013845998,31858843,planet
1660.5733755074339,0.9998738,0.0013836239,31858843,planet
1660.5747644250669,1.00068,0.0013839528,31858843,planet
1660.5761533427003,1.0017184,0.0013840635,31858843,planet
1660.5775422603333,1.0031047,0.0013845933,31858843,planet
1660.5789311784329,1.0017684,0.0013820018,31858843,planet
1660.5803200960672,0.999532,0.0013829104,31858843,planet
1660.5817090137002,1.001544,0.0013850977,31858843,planet
1660.583097931333,0.9986233,0.0013833084,31858843,planet
1660.5844868489667,1.0016924,0.0013847232,31858843,planet
1660.5858757665997,1.0024647,0.0013849896,31858843,planet
1660.587264684233,1.0016718,0.001384681,31858843,planet
1660.5886536023331,0.9997133,0.0013847179,31858843,planet
1660.5900425199661,1.000965,0.001385445,31858843,planet
1660.591431437599,1.0045813,0.0013857071,31858843,planet
1660.5928203552326,1.0018271,0.0013848154,31858843,planet
1660.5942092728665,0.997701,0.0013832155,31858843,planet
1660.5955981905,0.9982595,0.0013840857,31858843,planet
1660.5969871081338,0.9995966,0.0013838151,31858843,planet
1660.5983760257673,1.0002223,0.0013839612,31858843,planet
1660.599764943866,0.9988698,0.001384298,31858843,planet
1660.601153861499,1.0060253,0.0013863747,31858843,planet
1660.6025427791333,1.0012866,0.0013840506,31858843,planet
1660.6039316967667,0.99722314,0.0013820159,31858843,planet
1660.6053206143997,0.9985635,0.0013840129,31858843,planet
1660.6067095320336,1.0009695,0.0013836952,31858843,planet
1660.6080984496666,1.0014031,0.0013852139,31858843,planet
1660.6094873672994,0.9993708,0.0013840259,31858843,planet
1660.6108762849335,0.99818426,0.0013843018,31858843,planet
1660.6122652025674,0.99840516,0.0013844101,31858843,planet
1660.6136541202004,0.99849415,0.0013841209,31858843,planet
1660.6150430378339,1.0038137,0.0013864697,31858843,planet
1660.6164319554669,0.9997214,0.0013845179,31858843,planet
1660.6178208735655,0.9997761,0.0013844069,31858843,planet
1660.6192097911999,0.99992764,0.0013847317,31858843,planet
1660.6205987088333,1.0026784,0.0013869406,31858843,planet
1660.6219876264663,1.0028244,0.0013867127,31858843,planet
1660.6233765441002,1.000467,0.0013858994,31858843,planet
1660.6247654617332,0.99939245,0.0013838552,31858843,planet
1660.6261543793662,1.0006565,0.0013851867,31858843,planet
1660.6275432970003,1.0014812,0.001385146,31858843,planet
1660.628932214634,0.9983634,0.0013838231,31858843,planet
1660.630321132267,1.0001688,0.0013850392,31858843,planet
1660.6317100499004,1.0007174,0.0013840948,31858843,planet
1660.6330989675334,1.000099,0.0013854092,31858843,planet
1660.6344878851673,0.9997278,0.001385099,31858843,planet
1660.6358768028017,0.99990696,0.0013841335,31858843,planet
1660.6372657204352,0.9999306,0.0013848135,31858843,planet
1660.6386546380681,1.000961,0.0013844885,31858843,planet
1660.6400435557011,1.0006789,0.0013848728,31858843,planet
1660.6414324733346,0.99870837,0.001383913,31858843,planet
1660.6428213909685,0.9998989,0.0013845765,31858843,planet
1660.644210308602,0.9987599,0.001384165,31858843,planet
1660.6455992262356,1.0010452,0.0013851306,31858843,planet
1660.6469881438684,1.0013366,0.0013848084,31858843,planet
1660.6483770615014,0.99836516,0.0013846591,31858843,planet
1660.6497659791353,1.0007149,0.0013852634,31858843,planet
1660.651154896303,1.0007343,0.0013855456,31858843,planet
1660.652543813937,1.0007663,0.0013851308,31858843,planet
1660.6539327315704,1.0011476,0.0013852727,31858843,planet
1660.6553216492034,1.0001241,0.0013836727,31858843,planet
1660.6567105668364,1.0008589,0.0013840531,31858843,planet
1660.6580994844699,1.0005584,0.0013864775,31858843,planet
1660.6594884021038,1.0023465,0.0013865837,31858843,planet
1660.6608773197372,0.9991691,0.0013840164,31858843,planet
1660.662266237371,1.000683,0.0013858592,31858843,planet
1660.6636551550039,1.0011737,0.0013867926,31858843,planet
1660.6650440726366,0.9993409,0.0013842605,31858843,planet
1660.666432990271,0.99957424,0.0013853032,31858843,planet
1660.667821907905,1.0011199,0.0013849878,31858843,planet
1660.6692108250722,0.9985524,0.001385164,31858843,planet
1660.6705997427057,1.0014547,0.0013850576,31858843,planet
1660.6719886603387,1.001401,0.0013845983,31858843,planet
1660.6733775779717,0.9987783,0.0013851924,31858843,planet
1660.674766495606,1.000085,0.0013854142,31858843,planet
1660.6761554132395,1.0003786,0.0013858837,31858843,planet
1660.6775443308725,0.99863017,0.0013843745,31858843,planet
1660.6789332485064,0.9993161,0.0013849777,31858843,planet
1660.6803221656742,1.0008049,0.0013858333,31858843,planet
1660.6817110833072,0.99858665,0.0013841797,31858843,planet
1660.6831000009406,1.0007322,0.0013852757,31858843,planet
1660.684488918575,0.99996185,0.0013850466,31858843,planet
1660.685877836208,0.999696,0.0013840139,31858843,planet
1660.687266753841,0.99900246,0.0013847772,31858843,planet
1660.6886556714749,1.0010985,0.0013844285,31858843,planet
1660.690044588642,1.0016072,0.0013855336,31858843,planet
1660.6914335062756,0.9974485,0.0013838604,31858843,planet
1660.69282242391,0.9988685,0.001383916,31858843,planet
1660.694211341543,1.0004469,0.0013850663,31858843,planet
1660.695600259176,1.0005771,0.0013853029,31858843,planet
1660.6969891763438,1.0009183,0.001384693,31858843,planet
1660.6983780939775,0.9986935,0.0013854848,31858843,planet
1660.6997670116111,1.0019739,0.0013869259,31858843,planet
1660.7011559292446,1.0021503,0.0013864838,31858843,planet
1660.7025448468776,0.9988903,0.0013843128,31858843,planet
1660.703933764045,0.99880624,0.0013849424,31858843,planet
1660.7053226816788,1.0009739,0.0013845895,31858843,planet
1660.7067115993123,1.0001692,0.0013856309,31858843,planet
1660.708100516946,1.0011849,0.001383472,31858843,planet
1660.7094894345796,1.0002085,0.0013841654,31858843,planet
1660.710878351747,1.0028168,0.0013863246,31858843,planet
1660.71226726938,1.0030413,0.0013855139,31858843,planet
1660.7136561870134,0.9993523,0.0013844995,31858843,planet
1660.7150451046473,0.9999062,0.0013839612,31858843,planet
1660.7261564447836,1.0005261,0.0013851356,31858843,planet
1660.7275453619513,1.0015632,0.0013854556,31858843,planet
1660.7289342795843,1.0033774,0.0013837535,31858843,planet
1660.7303231972182,1.0012325,0.001385565,31858843,planet
1660.731712114387,1.0001565,0.0013848431,31858843,planet
1660.73310103202,0.9999441,0.0013847903,31858843,planet
1660.7344899496527,0.9989153,0.0013832704,31858843,planet
1660.7358788668207,1.0000645,0.0013848789,31858843,planet
1660.7372677844537,1.0004923,0.0013840857,31858843,planet
1660.7386567020872,0.9998269,0.0013845278,31858843,planet
1660.7400456192559,0.9984586,0.0013838174,31858843,planet
1660.7414345368888,1.0017703,0.0013845853,31858843,planet
1660.7428234545218,1.0006869,0.0013831138,31858843,planet
1660.7442123721553,1.0011796,0.0013844119,31858843,planet
1660.7456012893226,1.0011848,0.0013844174,31858843,planet
1660.7469902069565,1.0001377,0.0013836328,31858843,planet
1660.7483791241252,0.99786025,0.0013830074,31858843,planet
1660.7497680417582,0.9985955,0.0013832812,31858843,planet
1660.751156959391,1.0011426,0.0013845324,31858843,planet
1660.752545876559,1.0011332,0.0013844649,31858843,planet
1660.7539347941924,1.0006213,0.0013847244,31858843,planet
1660.7553237118263,0.9980519,0.0013824562,31858843,planet
1660.7581015466271,1.0039425,0.0013833551,31858843,planet
1660.7594904642601,0.9998549,0.0013833361,31858843,planet
1660.7608793814281,1.0011283,0.0013835778,31858843,planet
1660.7622682990618,0.9989817,0.0013823622,31858843,planet
1660.7650461338635,1.0001833,0.0013840843,31858843,planet
1660.766435051497,1.0011562,0.0013837825,31858843,planet
1660.7678239686643,1.000462,0.0013840754,31858843,planet
1660.7692128862973,0.99671674,0.0013826656,31858843,planet
1660.770601803466,1.0008956,0.0013848554,31858843,planet
1660.7719907210994,0.9976629,0.0013838623,31858843,planet
1660.7733796387324,1.0013808,0.0013840549,31858843,planet
1660.7761574735337,0.99940574,0.0013832491,31858843,planet
1660.7775463907008,1.0012344,0.0013834512,31858843,planet
1660.7803242255031,1.0022465,0.0013837176,31858843,planet
1660.7817131431361,0.9995742,0.0013837925,31858843,planet
1660.783102060304,0.99913585,0.0013848834,31858843,planet
1660.7858798955708,1.0007133,0.0013824687,31858843,planet
1660.7872688127393,0.9998406,0.001384768,31858843,planet
1660.788657730372,1.0005828,0.0013845386,31858843,planet
1660.7900466475394,1.000012,0.0013839164,31858843,planet
1660.7914355651733,1.0008372,0.001383692,31858843,planet
1660.7928244823406,1.001681,0.0013845629,31858843,planet
1660.7969912347758,1.0006669,0.0013848932,31858843,planet
1660.798380151943,0.99880576,0.0013836944,31858843,planet
1660.7997690695765,0.9989711,0.0013823628,31858843,planet
1660.8025469043778,1.0009102,0.001383647,31858843,planet
1660.8039358215465,1.0009612,0.0013840066,31858843,planet
1660.8053247391792,0.9993014,0.0013826048,31858843,planet
1660.8081025739802,0.9992993,0.0013844589,31858843,planet
1660.809491491148,1.0042254,0.0013833999,31858843,planet
1660.810880408782,0.99906194,0.0013827871,31858843,planet
1660.8122693259497,1.0008409,0.001384298,31858843,planet
1660.8136582435834,0.9992448,0.0013838054,31858843,planet
1660.8150471607505,1.0019168,0.0013838084,31858843,planet
1660.8164360779178,1.0002565,0.0013815541,31858843,planet
1660.8192139127204,1.0001915,0.0013823856,31858843,planet
1660.8206028303534,1.0003757,0.0013829233,31858843,planet
1660.8219917475212,1.0013311,0.0013832358,31858843,planet
1660.8233806651542,1.001345,0.0013837623,31858843,planet
1660.8247695823216,0.9986236,0.0013833141,31858843,planet
1660.8261584994902,1.003965,0.0013853485,31858843,planet
1660.828936334291,0.9998487,0.001383224,31858843,planet
1660.830325251925,0.9984731,0.001383699,31858843,planet
1660.831714169092,1.0005554,0.0013839178,31858843,planet
1660.8331030862591,1.0002067,0.0013819663,31858843,planet
1660.8372698386947,1.0013223,0.0013839412,31858843,planet
1660.8386587558625,1.0006433,0.0013844135,31858843,planet
1660.8400476730299,1.0001508,0.00138397,31858843,planet
1660.8414365906633,0.9990507,0.0013830399,31858843,planet
1660.842825507832,1.0008426,0.0013827961,31858843,planet
1660.844214425465,0.9982833,0.0013843343,31858843,planet
1660.8456033426323,1.0016595,0.0013844915,31858843,planet
1660.8469922598006,0.9989492,0.0013839424,31858843,planet
1660.8483811774333,0.99989533,0.0013829417,31858843,planet
1660.8497700946014,0.9983822,0.0013831905,31858843,planet
1660.85115901177,1.0008028,0.0013832066,31858843,planet
1660.8525479294035,1.0016251,0.0013841041,31858843,planet
1660.8539368465708,1.000672,0.0013843041,31858843,planet
1660.8553257637382,1.0000443,0.0013827414,31858843,planet
1660.856714681372,0.9970991,0.0013825442,31858843,planet
1660.8581035985399,1.0013635,0.0013833569,31858843,planet
1660.8594925157076,1.0011606,0.0013838857,31858843,planet
1660.8608814333415,0.9997408,0.001383007,31858843,planet
1660.8622703505089,1.003123,0.0013824357,31858843,planet
1660.8636592676762,1.0001603,0.0013802861,31858843,planet
1660.865048184844,0.9998525,0.0013846135,31858843,planet
1660.8664371024777,1.0018322,0.0013848363,31858843,planet
1660.8678260196457,0.9984366,0.001380954,31858843,planet
1660.8692149368135,0.9998401,0.0013825704,31858843,planet
1660.8706038544465,0.9992495,0.00138324,31858843,planet
1660.8719927716138,1.0008448,0.0013832098,31858843,planet
1660.8733816887825,1.000531,0.0013838083,31858843,planet
1660.8747706059507,0.999384,0.0013838976,31858843,planet
1660.8761595235835,1.001273,0.0013843878,31858843,planet
1660.8775484407515,1.0000496,0.0013826239,31858843,planet
1660.8789373579189,0.99721134,0.0013794068,31858843,planet
1660.8803262750862,1.0001104,0.0013832175,31858843,planet
1660.8817151927205,0.9973553,0.001383114,31858843,planet
1660.8831041098883,0.9998251,0.0013843423,31858843,planet
1660.8844930270557,1.003087,0.0013844308,31858843,planet
1660.8858819442235,0.99899566,0.0013841242,31858843,planet
1660.8872708618565,0.9992354,0.0013822345,31858843,planet
1660.8886597790238,1.0002501,0.0013845438,31858843,planet
1660.8914376133607,1.0005848,0.0013840921,31858843,planet
1660.8942154481615,0.99904084,0.0013836334,31858843,planet
1660.8956043653293,0.999238,0.0013839977,31858843,planet
1660.8969932824966,0.9986802,0.0013834101,31858843,planet
1660.8983821996649,1.0009322,0.0013837146,31858843,planet
1660.8997711172992,0.9996459,0.0013840776,31858843,planet
1660.9011600344666,1.0001836,0.0013836481,31858843,planet
1660.9025489516337,1.0006237,0.0013836899,31858843,planet
1660.9039378688017,1.0017883,0.0013844921,31858843,planet
1660.9053267859695,0.99955124,0.0013833418,31858843,planet
1660.9067157036034,1.0000781,0.0013832196,31858843,planet
1660.9081046207712,1.0000503,0.0013826806,31858843,planet
1660.9094935379385,1.0023665,0.0013841909,31858843,planet
1660.9108824551058,0.9985586,0.0013826854,31858843,planet
1660.9122713722736,1.0016541,0.0013826188,31858843,planet
1660.9136602894419,1.0012536,0.0013847913,31858843,planet
1660.9150492066096,0.999528,0.0013841395,31858843,planet
1660.9164381242435,0.9989795,0.0013817642,31858843,planet
1660.9178270414109,1.0001575,0.0013828849,31858843,planet
1660.919215958578,1.0003514,0.0013828065,31858843,planet
1660.920604875746,0.9996231,0.0013823335,31858843,planet
1660.9219937929138,0.9996931,0.001383459,31858843,planet
1660.923382710082,1.0004351,0.0013834834,31858843,planet
1660.9247716272498,0.99986047,0.0013826045,31858843,planet
1660.9261605448828,1.0007356,0.0013817505,31858843,planet
1660.9275494620501,0.9998881,0.0013827087,31858843,planet
1660.9289383792182,0.99948156,0.0013812096,31858843,planet
1660.9303272963862,0.9981047,0.0013826294,31858843,planet
1660.931716213554,0.9989071,0.0013825344,31858843,planet
1660.9331051307222,0.99753064,0.0013817676,31858843,planet
1660.9344940478895,0.99875295,0.0013823569,31858843,planet
1660.9358829650569,0.99785113,0.0013817993,31858843,planet
1660.9372718822256,1.0019102,0.00138275,31858843,planet
1660.938660799394,1.0013405,0.0013832435,31858843,planet
1660.9400497165611,0.9979019,0.0013833258,31858843,planet
1660.9414386341941,0.9988502,0.0013823512,31858843,planet
1660.9428275513624,1.0003709,0.001383575,31858843,planet
1660.9442164685297,0.99828243,0.0013823229,31858843,planet
1660.9456053856975,0.9981444,0.0013829493,31858843,planet
1660.9469943028662,1.001156,0.0013811227,31858843,planet
1660.9483832200335,0.99982375,0.0013823464,31858843,planet
1660.9497721372009,1.00072,0.0013823764,31858843,planet
1660.9511610543686,1.0017864,0.0013824437,31858843,planet
1660.952549971536,1.0005968,0.0013822168,31858843,planet
1660.9539388887042,0.99983025,0.0013811708,31858843,planet
1660.9553278058727,0.99952006,0.0013825183,31858843,planet
1660.9567167230398,0.99895924,0.0013811656,31858843,planet
1660.9581056402071,0.9990686,0.0013820055,31858843,planet
1660.9594945573754,0.9990291,0.0013818726,31858843,planet
1660.9608834745427,1.0013418,0.0013816119,31858843,planet
1660.9622723917105,1.0010849,0.001381961,31858843,planet
1660.9636613088792,1.0003518,0.0013820928,31858843,planet
1660.9650502260465,0.9994292,0.0013816595,31858843,planet
1660.9664391432138,0.99959236,0.0013814773,31858843,planet
1660.9678280603816,0.99777526,0.0013817935,31858843,planet
1660.9692169775499,0.9986787,0.0013809685,31858843,planet
1660.9706058947177,1.0046957,0.0013840396,31858843,planet
1660.971994811886,1.000513,0.0013811729,31858843,planet
1660.973383729053,1.0000875,0.0013813792,31858843,planet
1660.9747726462201,0.9992045,0.0013814658,31858843,planet
1660.9761615633884,0.99997866,0.0013812636,31858843,planet
1660.9775504805561,0.9988594,0.0013787581,31858843,planet
1660.9789393977244,1.0045192,0.0013812237,31858843,planet
1660.9803283148922,0.9991641,0.0013803861,31858843,planet
1660.9817172320595,1.0001314,0.0013815342,31858843,planet
1660.9831061492268,1.0000293,0.0013799454,31858843,planet
1660.9844950663946,0.9993041,0.0013788929,31858843,planet
1660.9858839830977,0.99756277,0.0013803018,31858843,planet
1660.987272900266,1.000239,0.0013813559,31858843,planet
1660.9886618174332,1.0019411,0.001381209,31858843,planet
1660.990050734601,0.99966204,0.0013807584,31858843,planet
1660.9914396517684,1.00078,0.0013812473,31858843,planet
1660.9928285689361,0.9975418,0.0013805393,31858843,planet
1660.9942174861048,1.0002445,0.0013802731,31858843,planet
1660.9956064032722,0.99757653,0.0013799951,31858843,planet
1660.9969953204395,0.99915105,0.0013797644,31858843,planet
1660.9983842376078,1.0002238,0.0013809579,31858843,planet
1660.9997731547749,1.0015584,0.0013812463,31858843,planet
1661.0011620714772,0.99803764,0.0013798057,31858843,planet
1661.002550988646,1.0037342,0.001381718,31858843,planet
1661.0039399058132,0.99801403,0.001378157,31858843,planet
1661.0053288229806,0.9977814,0.0013779335,31858843,planet
1661.0067177401484,0.99927354,0.0013805522,31858843,planet
1661.0081066573157,0.999189,0.0013789405,31858843,planet
1661.0094955744835,0.9990671,0.0013795,31858843,planet
1661.0108844916522,0.99881214,0.0013787922,31858843,planet
1661.0122734083538,0.9976471,0.0013789227,31858843,planet
1661.0136623255212,0.99714833,0.0013799128,31858843,planet
1661.0150512426894,0.9985878,0.0013797146,31858843,planet
1661.0164401598565,0.99873006,0.0013803734,31858843,planet
1661.0178290770245,0.9997835,0.0013776531,31858843,planet
1661.0192179941932,1.0006268,0.0013811102,31858843,planet
1661.020606910895,1.0009655,0.0013801536,31858843,planet
1661.0219958280622,0.9995917,0.0013793979,31858843,planet
1661.02338474523,0.99811524,0.0013792183,31858843,planet
1661.0247736623983,1.0005608,0.0013805715,31858843,planet
1661.026162579566,0.9986596,0.0013784057,31858843,planet
1661.0275514967338,0.99780697,0.0013792166,31858843,planet
1661.0289404134364,0.99809074,0.0013795819,31858843,planet
1661.0303293306038,0.99991035,0.0013799177,31858843,planet
1661.031718247771,0.9975268,0.0013794387,31858843,planet
1661.0331071649398,0.9976934,0.001376993,31858843,planet
1661.034496081642,1.0040041,0.0013784444,31858843,planet
1661.0358849988093,0.99927866,0.001378599,31858843,planet
1661.037273915977,0.99938166,0.0013771249,31858843,planet
1661.0386628331444,1.0014873,0.0013799482,31858843,planet
1661.0400517503117,0.99993473,0.0013787403,31858843,planet
1661.0414406670147,1.0013961,0.0013805748,31858843,planet
1661.042829584183,1.000021,0.0013786608,31858843,planet
1661.04421850135,0.99782145,0.0013770281,31858843,planet
1661.045607418518,1.0008738,0.0013781519,31858843,planet
1661.0469963352198,1.0014117,0.0013784795,31858843,planet
1661.048385252387,1.0007405,0.0013772323,31858843,planet
1661.0497741695558,1.0001905,0.0013778791,31858843,planet
1661.0511630867236,1.0012139,0.0013792679,31858843,planet
1661.0525520034253,1.0015168,0.0013769243,31858843,planet
1661.053940920593,0.9989488,0.0013773313,31858843,planet
1661.0553298377604,0.996774,0.0013766455,31858843,planet
1661.056718754463,1.0001233,0.0013780058,31858843,planet
1661.0581076716317,0.9999624,0.0013782488,31858843,planet
1661.059496588799,1.0008655,0.0013773063,31858843,planet
1661.0608855059663,0.9975588,0.001375581,31858843,planet
1661.0622744226685,0.9990094,0.0013767116,31858843,planet
1661.0636633398358,0.99924177,0.0013779247,31858843,planet
1661.0650522570036,1.0002326,0.0013749155,31858843,planet
1661.0664411737066,0.9999481,0.0013782352,31858843,planet
1661.067830090874,1.0021383,0.0013792791,31858843,planet
1661.0692190080413,1.0028177,0.0013786711,31858843,planet
1661.0706079247436,0.9981536,0.0013784816,31858843,planet
1661.0719968419116,0.99843717,0.0013770959,31858843,planet
1661.0733857590794,0.9992439,0.0013769204,31858843,planet
1661.074774675782,1.0014019,0.0013791688,31858843,planet
1661.0761635929498,1.0001397,0.0013784652,31858843,planet
1661.0775525101171,1.0003215,0.0013782884,31858843,planet
1661.0789414268188,0.9990688,0.0013780078,31858843,planet
1661.0803303439866,1.0015706,0.0013783652,31858843,planet
1661.0817192611548,1.0001478,0.0013777798,31858843,planet
1661.083108177857,0.99878883,0.0013775909,31858843,planet
1661.0844970950252,0.99897397,0.0013778703,31858843,planet
1661.0858860121925,1.0004661,0.0013781629,31858843,planet
1661.0872749288942,0.99913675,0.0013786029,31858843,planet
1661.0886638460627,1.0040112,0.0013794416,31858843,planet
1661.090052762765,0.9977451,0.0013766139,31858843,planet
1661.0914416799324,0.9991659,0.0013776495,31858843,planet
1661.0928305971001,1.0003859,0.0013759935,31858843,planet
1661.0942195138018,1.0000888,0.0013768763,31858843,planet
1661.0956084309692,0.9995901,0.001377687,31858843,planet
1661.0969973476722,0.99925655,0.0013760966,31858843,planet
1661.09838626484,0.99882776,0.0013755744,31858843,planet
1661.0997751820073,0.9995461,0.0013773534,31858843,planet
1661.10116409871,0.99964374,0.0013773266,31858843,planet
1661.103941932579,0.9995864,0.001377285,31858843,planet
1661.1053308497476,1.0008901,0.0013773466,31858843,planet
1661.1067197669154,1.0006418,0.0013741561,31858843,planet
1661.108108683617,0.9964859,0.0013745796,31858843,planet
1661.1094976007848,1.0004773,0.0013755567,31858843,planet
1661.1108865174865,1.0011219,0.0013776239,31858843,planet
1661.1122754346547,1.000254,0.0013774371,31858843,planet
1661.1136643513578,0.9996189,0.0013755668,31858843,planet
1661.1150532685256,1.0022352,0.0013775983,31858843,planet
1661.1164421852272,1.0008789,0.0013772764,31858843,planet
1661.1178311023946,0.9987715,0.0013754378,31858843,planet
1661.1192200190967,0.9987251,0.0013765426,31858843,planet
1661.120608936265,0.99908316,0.0013769178,31858843,planet
1661.121997852967,0.99967426,0.0013772483,31858843,planet
1661.1233867701353,0.9997454,0.0013765577,31858843,planet
1661.1247756868368,0.9993997,0.0013770338,31858843,planet
1661.1261646040039,0.99872565,0.0013765282,31858843,planet
1661.1275535207064,1.0011286,0.0013762185,31858843,planet
1661.1289424378742,1.0012158,0.0013765302,31858843,planet
1661.1303313545768,0.9999152,0.001375674,31858843,planet
1661.1317202717446,1.0008788,0.0013754983,31858843,planet
1661.1331091884463,1.0016289,0.0013756156,31858843,planet
1661.1344981056136,1.0016016,0.0013770593,31858843,planet
1661.1358870223157,0.99860233,0.0013768312,31858843,planet
1661.137275939484,0.9999555,0.0013778594,31858843,planet
1661.138664856186,0.9999289,0.0013763652,31858843,planet
1661.1400537733543,1.0004448,0.0013767165,31858843,planet
1661.1414426900558,0.99722105,0.0013746356,31858843,planet
1661.142831607223,1.0011961,0.001377135,31858843,planet
1661.144220523926,0.998948,0.0013742886,31858843,planet
1661.1456094410942,1.000648,0.0013763054,31858843,planet
1661.1469983577958,0.99988526,0.0013757744,31858843,planet
1661.1483872749636,0.9991036,0.0013726986,31858843,planet
1661.1497761916653,1.0012355,0.0013768361,31858843,planet
1661.151165108367,1.0030917,0.001377561,31858843,planet
1661.1525540255357,1.001783,0.0013743184,31858843,planet
1661.1539429422378,1.0025642,0.0013775234,31858843,planet
1661.1553318594051,1.0004908,0.0013760458,31858843,planet
1661.1567207761077,0.99937516,0.0013747512,31858843,planet
1661.1581096928098,0.9984483,0.0013742284,31858843,planet
1661.1594986099772,1.0011845,0.0013775781,31858843,planet
1661.1608875266793,0.9987616,0.0013749077,31858843,planet
1661.162276443848,1.0000546,0.0013755102,31858843,planet
1661.1636653605497,1.0012319,0.0013760373,31858843,planet
1661.1650542772513,0.99893963,0.0013744477,31858843,planet
1661.1664431944196,1.0017812,0.0013766887,31858843,planet
1661.167832111121,1.0004036,0.001376605,31858843,planet
1661.169221028289,0.99935526,0.0013757567,31858843,planet
1661.170609944992,0.9995733,0.0013748332,31858843,planet
1661.1719988616937,1.0008216,0.0013757751,31858843,planet
1661.173387778861,0.99916023,0.0013749588,31858843,planet
1661.1747766955632,0.9992209,0.00137549,31858843,planet
1661.1761656122658,1.0009451,0.0013739945,31858843,planet
1661.1775545294336,1.0002345,0.0013752299,31858843,planet
1661.1789434461357,1.0000865,0.0013761362,31858843,planet
1661.1831101967073,0.99942935,0.001375882,31858843,planet
1661.1844991134094,1.0028702,0.0013751576,31858843,planet
1661.1858880305774,0.9982297,0.0013746527,31858843,planet
1661.1872769472798,1.0028503,0.0013764353,31858843,planet
1661.1886658639814,0.9980221,0.0013742868,31858843,planet
1661.1900547811488,0.9994706,0.0013750845,31858843,planet
1661.191443697851,1.0013679,0.0013758256,31858843,planet
1661.1928326145535,0.9976359,0.0013731605,31858843,planet
1661.1942215317213,0.9988858,0.0013755119,31858843,planet
1661.1956104484234,0.9996451,0.0013762239,31858843,planet
1661.1983882818267,1.0016664,0.0013753353,31858843,planet
1661.199777198995,1.0001924,0.0013745258,31858843,planet
1661.201166115697,1.0006615,0.0013745335,31858843,planet
1661.2025550323997,1.0001025,0.0013757044,31858843,planet
1661.2039439495675,1.0001647,0.0013765084,31858843,planet
1661.2053328662696,1.002433,0.0013772435,31858843,planet
1661.2067217829713,0.99944544,0.001375874,31858843,planet
1661.2081106996739,0.9992713,0.0013754879,31858843,planet
1661.2108885335442,1.000668,0.0013749808,31858843,planet
1661.2122774502457,0.9991297,0.0013753665,31858843,planet
1661.213666366948,1.0002753,0.0013759085,31858843,planet
1661.2150552841154,1.0014153,0.0013748391,31858843,planet
1661.2164442008175,0.99852717,0.0013756552,31858843,planet
1661.2178331175205,1.0000571,0.0013757702,31858843,planet
1661.2206109509239,0.99964625,0.001375749,31858843,planet
1661.2219998680916,0.9997724,0.0013758893,31858843,planet
1661.2233887847933,1.0009519,0.0013754573,31858843,planet
1661.224777701496,1.0011055,0.0013773089,31858843,planet
1661.226166618199,1.0004885,0.001375505,31858843,planet
1661.2275555353663,0.99904007,0.001374998,31858843,planet
1661.228944452068,1.0031203,0.001377222,31858843,planet
1661.23033336877,0.9984317,0.0013757341,31858843,planet
1661.2317222854717,0.9980974,0.0013757787,31858843,planet
1661.2331112021739,0.9993034,0.0013749428,31858843,planet
1661.234500118877,1.0028796,0.0013765013,31858843,planet
1661.2358890360442,0.9991811,0.001375276,31858843,planet
1661.237277952746,1.0001508,0.0013753347,31858843,planet
1661.2386668694483,0.99835664,0.0013753504,31858843,planet
1661.2400557861506,1.0047427,0.0013760163,31858843,planet
1661.2414447028527,1.0016489,0.001376637,31858843,planet
1661.2428336195553,1.0002533,0.0013749407,31858843,planet
1661.2442225367226,1.0000569,0.0013748097,31858843,planet
1661.2456114534243,0.9996849,0.001375111,31858843,planet
1661.2470003701264,0.99790955,0.0013739229,31858843,planet
1661.2483892868295,1.001937,0.0013761413,31858843,planet
1661.2497782035316,0.99969715,0.0013756705,31858843,planet
1661.2511671202333,0.9991901,0.0013741566,31858843,planet
1661.2525560369359,1.0005612,0.0013768038,31858843,planet
1661.2539449536375,1.00031,0.0013764573,31858843,planet
1661.2553338708049,1.0000968,0.0013759211,31858843,planet
1661.2567227875077,0.9992633,0.0013752863,31858843,planet
1661.25811170421,1.0024426,0.0013753374,31858843,planet
1661.263667371018,1.0006582,0.001375627,31858843,planet
1661.265056287721,0.9984737,0.0013740981,31858843,planet
1661.2664452044226,0.9989353,0.001375109,31858843,planet
1661.267834121124,1.001459,0.001375148,31858843,planet
1661.2692230378266,0.9994375,0.0013746305,31858843,planet
1661.270611954994,1.0011647,0.0013766687,31858843,planet
1661.272000871696,0.9980493,0.00137478,31858843,planet
1661.273389788399,1.0004448,0.0013749067,31858843,planet
1661.2747787051007,0.998976,0.001375278,31858843,planet
1661.2761676218024,0.9989047,0.0013742839,31858843,planet
1661.2775565385045,0.99879164,0.001374811,31858843,planet
1661.2789454552062,0.9991235,0.0013749934,31858843,planet
1661.2803343719088,0.9991327,0.0013754584,31858843,planet
1661.2817232886118,1.0001107,0.0013748732,31858843,planet
1661.2831122053133,1.0002136,0.0013754236,31858843,planet
1661.2845011220147,1.0005873,0.0013749906,31858843,planet
1661.2858900387173,0.99997795,0.0013753539,31858843,planet
1661.287278955419,1.000508,0.0013742998,31858843,planet
1661.288667872121,1.0023922,0.0013758985,31858843,planet
1661.2900567888241,1.0011026,0.0013743406,31858843,planet
1661.2928346222275,1.0000367,0.0013734862,31858843,planet
1661.2942235389296,0.99933004,0.0013741335,31858843,planet
1661.2956124556326,0.99842775,0.0013737311,31858843,planet
1661.2970013723352,0.998984,0.0013752097,31858843,planet
1661.298390289037,1.0000026,0.0013748431,31858843,planet
1661.299779205739,1.0015606,0.0013748662,31858843,planet
1661.3011681224407,0.99908566,0.0013754866,31858843,planet
1661.3025570391424,0.9997611,0.001375407,31858843,planet
1661.3039459558454,0.99896723,0.0013732107,31858843,planet
1661.3053348725475,1.0014352,0.0013737833,31858843,planet
1661.3067237892492,0.9993995,0.0013743977,31858843,planet
1661.3081127059518,1.0002053,0.001374354,31858843,planet
1661.3095016226532,0.99876624,0.0013732875,31858843,planet
1661.3108905393547,0.99988776,0.0013751033,31858843,planet
1661.3122794560577,0.9985397,0.0013738042,31858843,planet
1661.3136683727603,0.99990803,0.0013742814,31858843,planet
1661.3150572889963,1.0008335,0.0013737795,31858843,planet
1661.3164462056984,0.99915355,0.0013742925,31858843,planet
1661.3178351224,1.0009364,0.0013754255,31858843,planet
1661.3192240391018,0.99933547,0.0013746527,31858843,planet
1661.3206129558048,1.0002315,0.0013751909,31858843,planet
1661.322001872507,0.9999954,0.0013732538,31858843,planet
1661.3233907892086,0.99929965,0.0013736285,31858843,planet
1661.3247797059112,1.0026867,0.0013754879,31858843,planet
1661.3261686226128,0.99894273,0.0013739556,31858843,planet
1661.327557539315,0.99942726,0.0013734131,31858843,planet
1661.328946456018,1.0005529,0.0013736832,31858843,planet
1661.330335372254,0.9978613,0.0013725278,31858843,planet
1661.3317242889557,1.001365,0.0013740454,31858843,planet
1661.3331132056578,0.9990074,0.00137223,31858843,planet
1661.3345021223595,0.9986692,0.0013742703,31858843,planet
1661.3358910390618,1.0005317,0.0013740992,31858843,planet
1661.3372799557646,0.9993074,0.0013727702,31858843,planet
1661.3386688724672,1.0000539,0.0013726206,31858843,planet
1661.3400577887032,1.0018991,0.0013749718,31858843,planet
1661.341446705405,1.0017185,0.0013747416,31858843,planet
1661.342835622107,1.0016854,0.0013728023,31858843,planet
1661.3456134555117,0.9997708,0.0013742201,31858843,planet
1661.3470023722139,1.001933,0.0013745053,31858843,planet
1661.3483912889155,1.0009899,0.0013732151,31858843,planet
1661.3497802051515,0.99738604,0.0013722159,31858843,planet
1661.3511691218541,0.99968135,0.0013737034,31858843,planet
1661.3525580385563,0.99981916,0.0013736176,31858843,planet
1661.3539469552586,0.9996157,0.001373633,31858843,planet
1661.355335871961,1.0010589,0.0013730205,31858843,planet
1661.356724788197,0.997285,0.0013725123,31858843,planet
1661.3581137048986,0.99978137,0.0013735795,31858843,planet
1661.3595026216017,1.0000409,0.0013729308,31858843,planet
1661.3622804550055,1.0010515,0.0013731114,31858843,planet
1661.3636693712422,0.99845284,0.0013723294,31858843,planet
1661.3650582879436,0.99977076,0.0013716927,31858843,planet
1661.3664472046453,0.9995613,0.0013732663,31858843,planet
1661.3678361213483,1.0016257,0.0013731477,31858843,planet
1661.3692250375852,1.0013642,0.0013739498,31858843,planet
1661.370613954287,1.0018228,0.0013723437,31858843,planet
1661.372002870989,1.0006329,0.001373649,31858843,planet
1661.3733917876907,0.99948823,0.0013722725,31858843,planet
1661.3747807039267,0.99813557,0.0013714198,31858843,planet
1661.3761696206298,1.0004363,0.0013711703,31858843,planet
1661.3775585373319,0.99986094,0.001372727,31858843,planet
1661.3789474540336,0.9990846,0.0013732914,31858843,planet
1661.3803363702702,0.9989646,0.0013715818,31858843,planet
1661.3817252869717,1.000342,0.0013732249,31858843,planet
1661.3831142036743,0.9986681,0.0013720866,31858843,planet
1661.3845031203773,1.0014579,0.0013726619,31858843,planet
1661.3858920366138,1.003233,0.0013728668,31858843,planet
1661.3872809533154,1.0018007,0.0013731158,31858843,planet
1661.388669870017,0.99958247,0.0013700146,31858843,planet
1661.3900587862538,1.0011042,0.001372762,31858843,planet
1661.3914477029562,0.99880415,0.0013719712,31858843,planet
1661.3928366196583,1.0003679,0.0013733911,31858843,planet
1661.3942255358952,0.99851227,0.0013714083,31858843,planet
1661.3956144525969,0.9984532,0.0013715972,31858843,planet
1661.3970033692985,1.0020894,0.0013733015,31858843,planet
1661.3983922860007,0.99969065,0.0013721416,31858843,planet
1661.3997812022371,1.0020615,0.0013740316,31858843,planet
1661.4011701189397,1.0007395,0.0013718302,31858843,planet
1661.4025590356418,1.0011532,0.0013721025,31858843,planet
1661.4039479518779,1.0007467,0.0013732237,31858843,planet
1661.4053368685795,1.0010394,0.0013725042,31858843,planet
1661.4067257852819,1.0007622,0.0013724355,31858843,planet
1661.4081147015186,0.99939287,0.0013717802,31858843,planet
1661.4095036182207,1.000515,0.0013720243,31858843,planet
1661.4108925344576,1.0006524,0.0013723209,31858843,planet
1661.4122814511593,1.001664,0.0013718167,31858843,planet
1661.4150592840983,1.0012077,0.001372722,31858843,planet
1661.4164482008005,1.0000746,0.0013702434,31858843,planet
1661.4178371175021,0.9990249,0.0013706471,31858843,planet
1661.4192260337386,0.99923086,0.0013722989,31858843,planet
1661.4206149504403,1.0007474,0.0013730968,31858843,planet
1661.4220038666763,0.9994495,0.0013719263,31858843,planet
1661.4233927833793,0.99995106,0.0013725271,31858843,planet
1661.4247817000817,0.9992273,0.0013721576,31858843,planet
1661.4261706163174,0.9985079,0.0013723291,31858843,planet
1661.42755953302,0.99735284,0.001371576,31858843,planet
1661.4289484492565,1.0003452,0.0013727096,31858843,planet
1661.4303373659582,0.99919885,0.0013732177,31858843,planet
1661.4317262826607,1.0007571,0.0013729875,31858843,planet
1661.4331151988981,1.0007515,0.0013729262,31858843,planet
1661.4345041155996,1.0015682,0.0013733561,31858843,planet
1661.4358930318353,0.9983697,0.0013715206,31858843,planet
1661.437281948538,1.0017846,0.001370613,31858843,planet
1661.438670864774,0.9978033,0.0013712532,31858843,planet
1661.4414486977134,1.0006379,0.0013721252,31858843,planet
1661.442837614415,0.9994715,0.0013719259,31858843,planet
1661.4442265306511,1.0007815,0.0013723477,31858843,planet
1661.4456154473532,1.0008402,0.0013719376,31858843,planet
1661.4470043640558,1.0006468,0.0013716088,31858843,planet
1661.4483932802923,0.99887264,0.0013718087,31858843,planet
1661.4497821969949,0.99956626,0.0013705189,31858843,planet
1661.4511711132307,1.0003656,0.0013724472,31858843,planet
1661.452560029932,0.9997637,0.0013709653,31858843,planet
1661.453948946169,0.9989615,0.0013720043,31858843,planet
1661.4553378628711,0.99964726,0.0013721156,31858843,planet
1661.456726779108,1.0015371,0.0013736385,31858843,planet
1661.4581156958102,0.99882746,0.0013720979,31858843,planet
1661.4595046120462,0.9986956,0.00137227,31858843,planet
1661.4608935287479,1.0009347,0.0013730228,31858843,planet
1661.4622824449843,1.0009311,0.001373097,31858843,planet
1661.463671361687,0.9985806,0.0013719057,31858843,planet
1661.4650602779234,0.99840593,0.0013709876,31858843,planet
1661.466449194626,0.99822474,0.0013717493,31858843,planet
1661.467838110862,0.9986895,0.0013720307,31858843,planet
1661.4692270270978,0.99940926,0.0013726625,31858843,planet
1661.4706159438,0.999123,0.0013719925,31858843,planet
1661.4720048600366,0.9974188,0.0013713802,31858843,planet
1661.4733937767392,0.998808,0.0013719684,31858843,planet
1661.4747826929756,0.997987,0.0013692769,31858843,planet
1661.4761716096782,0.9951069,0.0013692104,31858843,planet
1661.477560525914,0.9972718,0.0013714237,31858843,planet
1661.4789494426163,0.99437493,0.0013702969,31858843,planet
1661.4803383588537,0.9941514,0.0013689678,31858843,planet
1661.4817272750897,0.9936158,0.0013692785,31858843,planet
1661.4831161917914,0.992938,0.0013689769,31858843,planet
1661.4845051080279,0.9934576,0.0013687233,31858843,planet
1661.4858940247295,0.99084795,0.0013671066,31858843,planet
1661.487282940966,0.9888117,0.0013663874,31858843,planet
1661.4886718572034,0.9904553,0.0013680306,31858843,planet
1661.490060773905,0.9894088,0.0013664782,31858843,planet
1661.491449690141,0.98812497,0.0013660167,31858843,planet
1661.4928386068436,0.99089986,0.001367875,31858843,planet
1661.4942275230796,0.98951024,0.0013685584,31858843,planet
1661.495616439316,0.98805016,0.0013673122,31858843,planet
1661.4970053560191,0.98766524,0.0013671998,31858843,planet
1661.4983942722552,0.9892435,0.0013672918,31858843,planet
1661.4997831889568,0.98776937,0.0013666954,31858843,planet
1661.5011721051933,0.9896862,0.0013668487,31858843,planet
1661.5025610214293,0.9883509,0.0013666862,31858843,planet
1661.5039499381319,0.98889697,0.0013675042,31858843,planet
1661.505338854369,0.9863445,0.0013652971,31858843,planet
1661.5067277706048,0.9902292,0.0013679005,31858843,planet
1661.5081166873065,0.9880028,0.0013663161,31858843,planet
1661.5095056035434,0.9889236,0.0013662687,31858843,planet
1661.5108945197799,0.9876581,0.0013672132,31858843,planet
1661.5122834364824,0.9907193,0.001366351,31858843,planet
1661.513672352719,0.9877778,0.0013670545,31858843,planet
1661.515061268955,0.9878169,0.0013663198,31858843,planet
1661.5164501856566,0.9878063,0.0013660747,31858843,planet
1661.517839101893,0.9878402,0.0013672385,31858843,planet
1661.5192280181304,0.9915136,0.0013676774,31858843,planet
1661.520616934833,0.99065197,0.0013676698,31858843,planet
1661.5220058510688,0.9903024,0.0013682798,31858843,planet
1661.5233947673055,0.98738617,0.0013662262,31858843,planet
1661.5247836835415,0.9855353,0.0013654518,31858843,planet
1661.5261726002432,0.9863931,0.0013669701,31858843,planet
1661.5275615164805,0.9878087,0.0013669905,31858843,planet
1661.528950432717,0.9887992,0.0013646758,31858843,planet
1661.5303393494187,0.98893386,0.0013668813,31858843,planet
1661.5317282656554,0.9854484,0.001366297,31858843,planet
1661.5331171818912,0.98564595,0.0013670315,31858843,planet
1661.534506098128,0.9873959,0.0013663967,31858843,planet
1661.535895014831,0.98864406,0.0013666801,31858843,planet
1661.5372839310671,0.98832065,0.0013682402,31858843,planet
1661.5386728473031,0.98835,0.0013670756,31858843,planet
1661.5400617635396,0.9859221,0.001367372,31858843,planet
1661.5414506802413,0.9884648,0.0013672503,31858843,planet
1661.5428395964777,0.987976,0.0013671463,31858843,planet
1661.544228512715,0.9881145,0.0013676218,31858843,planet
1661.5456174289511,0.9880328,0.0013671551,31858843,planet
1661.5470063451871,0.98710966,0.0013656373,31858843,planet
1661.5483952618895,0.99043876,0.0013692073,31858843,planet
1661.5497841781253,0.98863053,0.0013666295,31858843,planet
1661.5511730943622,0.9901386,0.001368584,31858843,planet
1661.5525620105996,0.98693174,0.0013675559,31858843,planet
1661.5539509273012,0.9897663,0.0013687635,31858843,planet
1661.5553398435372,0.9879307,0.0013683947,31858843,planet
1661.5567287597737,0.98912644,0.0013687155,31858843,planet
1661.5581176760097,0.98663193,0.0013663885,31858843,planet
1661.5595065922462,0.9875997,0.0013670729,31858843,planet
1661.5608955084836,0.9872231,0.0013679634,31858843,planet
1661.5622844251852,0.9906428,0.0013693743,31858843,planet
1661.5636733414212,0.9867572,0.0013680451,31858843,planet
1661.5650622576582,0.9876577,0.0013673971,31858843,planet
1661.5664511738955,0.9888694,0.0013677698,31858843,planet
1661.567840090132,0.98855674,0.001367827,31858843,planet
1661.569229006368,0.9877343,0.001368045,31858843,planet
1661.5706179230701,0.9905344,0.0013683703,31858843,planet
1661.5720068393061,0.9894099,0.0013684895,31858843,planet
1661.5733957555422,0.9878609,0.0013679392,31858843,planet
1661.5747846717795,0.9891549,0.0013688161,31858843,planet
1661.5761735880162,0.9897379,0.0013674168,31858843,planet
1661.577562504252,0.98957574,0.0013682354,31858843,planet
1661.578951420489,0.9887779,0.0013683332,31858843,planet
1661.5803403371906,0.9908632,0.0013690481,31858843,planet
1661.5817292534266,0.98806745,0.0013680451,31858843,planet
1661.583118169664,0.99074394,0.001369966,31858843,planet
1661.5845070859004,0.99139744,0.0013690213,31858843,planet
1661.5858960021365,0.9911129,0.0013704539,31858843,planet
1661.587284918373,0.99391973,0.0013712723,31858843,planet
1661.588673834609,0.99434924,0.0013713931,31858843,planet
1661.590062750845,0.9946626,0.0013715429,31858843,planet
1661.5914516670823,0.9958574,0.00137118,31858843,planet
1661.5928405837847,0.9963026,0.0013689225,31858843,planet
1661.5956184162574,0.99544555,0.0013708225,31858843,planet
1661.5970073324934,1.0006998,0.0013718146,31858843,planet
1661.5983962487298,0.998285,0.0013736654,31858843,planet
1661.5997851649672,0.9989489,0.0013742778,31858843,planet
1661.6011740812032,1.0006167,0.0013751305,31858843,planet
1661.6025629974392,1.0000198,0.001374186,31858843,planet
1661.6039519136757,0.9996545,0.0013742509,31858843,planet
1661.6053408299117,0.9976789,0.0013737523,31858843,planet
1661.6067297461486,0.9992619,0.0013737159,31858843,planet
1661.608118662386,0.99978864,0.0013741228,31858843,planet
1661.6095075786225,0.99991465,0.0013737034,31858843,planet
1661.6108964948585,1.0026709,0.0013764111,31858843,planet
1661.613674327331,1.0008116,0.0013757086,31858843,planet
1661.6150632435679,0.9984957,0.00137346,31858843,planet
1661.6164521598043,0.9979838,0.0013737618,31858843,planet
1661.6178410760413,1.0010451,0.0013746605,31858843,planet
1661.619229992277,0.9992406,0.0013751338,31858843,planet
1661.6206189085128,0.9995492,0.0013742108,31858843,planet
1661.6220078247497,1.0020491,0.0013740747,31858843,planet
1661.6233967409862,1.0025641,0.0013736686,31858843,planet
1661.6247856572231,0.999873,0.001372661,31858843,planet
1661.6261745734596,1.0011779,0.0013742846,31858843,planet
1661.6289524059316,0.9996607,0.0013743602,31858843,planet
1661.630341322169,1.0003452,0.0013753646,31858843,planet
1661.6317302384055,0.99959165,0.0013750439,31858843,planet
1661.6331191546415,0.9982642,0.0013716142,31858843,planet
1661.6345080708784,1.002555,0.0013755808,31858843,planet
1661.6358969871144,0.99899364,0.0013742596,31858843,planet
1661.6372859033502,1.0000659,0.0013752048,31858843,planet
1661.6386748195873,0.99711466,0.00137344,31858843,planet
1661.6400637358242,1.0008053,0.0013758218,31858843,planet
1661.6414526520603,0.9985902,0.0013743797,31858843,planet
1661.6428415682967,1.0005448,0.0013751866,31858843,planet
1661.6442304845327,1.0027897,0.0013758425,31858843,planet
1661.6456194007687,1.0012265,0.0013744175,31858843,planet
1661.6470083165405,0.99762136,0.0013738341,31858843,planet
1661.648397232777,1.0016063,0.0013747812,31858843,planet
1661.649786149013,1.0016944,0.0013744434,31858843,planet
1661.6511750652498,1.0005184,0.0013755026,31858843,planet
1661.6525639814859,0.9993407,0.0013746676,31858843,planet
1661.6539528977223,1.0001218,0.0013740591,31858843,planet
1661.6553418139597,0.99914384,0.0013748086,31858843,planet
1661.6567307301962,1.000228,0.0013740126,31858843,planet
1661.6581196464322,1.0005279,0.0013744707,31858843,planet
1661.6595085626682,0.9991748,0.0013745655,31858843,planet
1661.6608974784394,1.0003034,0.0013746425,31858843,planet
1661.662286394676,1.0007842,0.0013753081,31858843,planet
1661.6636753109126,0.9974268,0.0013741376,31858843,planet
1661.6650642271493,1.0029374,0.0013756204,31858843,planet
1661.6664531433853,1.0027171,0.0013749946,31858843,planet
1661.6678420596213,1.0012069,0.0013755761,31858843,planet
1661.6692309758578,1.0005404,0.0013760407,31858843,planet
1661.670619891629,0.9999732,0.0013745574,31858843,planet
1661.6720088078655,1.0009682,0.0013766114,31858843,planet
1661.6733977241022,1.0000191,0.0013753235,31858843,planet
1661.674786640338,0.99860144,0.0013749584,31858843,planet
1661.677564472811,1.0016304,0.0013746201,31858843,planet
1661.6789533885817,1.0016344,0.0013751438,31858843,planet
1661.6803423048186,1.0001647,0.0013741167,31858843,planet
1661.683120137291,0.99869287,0.0013737654,31858843,planet
1661.684509053527,1.0026184,0.0013753638,31858843,planet
1661.6858979692988,1.0002869,0.0013759064,31858843,planet
1661.6872868855353,0.99743193,0.0013743234,31858843,planet
1661.6886758017713,1.0004301,0.0013761566,31858843,planet
1661.6900647180082,0.9983254,0.0013744351,31858843,planet
1661.691453634244,1.0000279,0.0013756705,31858843,planet
1661.6928425500141,1.0000806,0.0013757359,31858843,planet
1661.6942314662515,1.0011976,0.0013751767,31858843,planet
1661.6970092987244,1.0018865,0.0013750135,31858843,planet
1661.698398214961,0.9992347,0.0013738453,31858843,planet
1661.6997871307312,0.9981733,0.0013746131,31858843,planet
1661.7011760469672,1.0010725,0.0013752973,31858843,planet
1661.7025649632046,1.0001783,0.0013745058,31858843,planet
1661.703953879442,0.9999068,0.0013748273,31858843,planet
1661.7053427952123,1.0016463,0.001374752,31858843,planet
1661.7067317114484,1.000091,0.0013739269,31858843,planet
1661.7081206276848,0.9982594,0.0013744568,31858843,planet
1661.7095095434552,0.9997688,0.001375117,31858843,planet
1661.7108984596916,0.99898225,0.0013747833,31858843,planet
1661.712287375929,1.0006175,0.0013744498,31858843,planet
1661.713676292165,1.0003431,0.0013749321,31858843,planet
1661.7150652079354,1.0008793,0.0013751658,31858843,planet
1661.7164541241723,1.001092,0.0013750527,31858843,planet
1661.7178430404088,1.0003091,0.0013750955,31858843,planet
1661.7192319561796,0.99944925,0.0013748148,31858843,planet
1661.7206208724165,0.99773574,0.0013739632,31858843,planet
1661.7220097886525,1.0014577,0.0013751428,31858843,planet
1661.7233987048885,0.9995977,0.0013755012,31858843,planet
1661.7247876206593,1.0005255,0.0013749801,31858843,planet
1661.726176536896,1.0013733,0.0013764274,31858843,planet
1661.7275654531327,0.9976899,0.0013752863,31858843,planet
1661.7289543689035,1.0011349,0.0013761166,31858843,planet
1661.7303432851395,0.9973507,0.0013732149,31858843,planet
1661.7317322013755,1.0015982,0.0013744045,31858843,planet
1661.7331211171468,0.9999898,0.0013743594,31858843,planet
1661.7345100333832,1.0007969,0.0013745828,31858843,planet
1661.7358989496197,1.0015221,0.0013753214,31858843,planet
1661.737287865391,0.9996591,0.001374456,31858843,planet
1661.738676781627,1.0012461,0.0013741454,31858843,planet
1661.7400656973973,0.99936444,0.0013744744,31858843,planet
1661.7414546136338,1.0004317,0.0013753125,31858843,planet
1661.7428435298707,1.0015773,0.0013759407,31858843,planet
1661.7442324456415,1.000612,0.0013755389,31858843,planet
1661.745621361878,0.9997405,0.0013748107,31858843,planet
1661.747010278114,0.99834085,0.0013738959,31858843,planet
1661.7483991938843,1.0010463,0.0013751992,31858843,planet
1661.7497881101217,1.000408,0.0013754402,31858843,planet
1661.7511770258934,0.9994685,0.0013748403,31858843,planet
1661.7525659421294,1.0007991,0.001375222,31858843,planet
1661.7539548583654,1.0013133,0.0013743887,31858843,planet
1661.7553437741362,1.0016757,0.0013751488,31858843,planet
1661.7567326903722,0.9990433,0.0013742897,31858843,planet
1661.7581216061435,0.9990076,0.0013736015,31858843,planet
1661.7595105223809,0.9977897,0.0013739787,31858843,planet
1661.760899438151,1.0030687,0.0013761582,31858843,planet
1661.7622883543868,1.0000867,0.0013742206,31858843,planet
1661.7636772706237,0.9967278,0.0013733833,31858843,planet
1661.765066186394,0.99998075,0.0013750128,31858843,planet
1661.7664551026305,1.0000567,0.0013744505,31858843,planet
1661.7678440184022,0.997632,0.0013740588,31858843,planet
1661.7692329346382,0.99988127,0.001373806,31858843,planet
1661.7706218504086,1.002458,0.0013750534,31858843,planet
1661.772010766645,0.99925107,0.0013745886,31858843,planet
1661.7733996824154,1.0009345,0.0013746838,31858843,planet
1661.7747885986523,0.9969442,0.0013740122,31858843,planet
1661.776177514424,0.99900794,0.0013742667,31858843,planet
1661.77756643066,1.0000858,0.0013746823,31858843,planet
1661.7789553468958,1.0014747,0.0013742424,31858843,planet
1661.7803442626669,0.9994731,0.0013739915,31858843,planet
1661.7817331789033,1.0011518,0.0013743498,31858843,planet
1661.7831220946746,0.99991924,0.0013747065,31858843,planet
1661.784511010911,0.99911046,0.0013739298,31858843,planet
1661.7858999266814,1.0000737,0.0013751566,31858843,planet
1661.7872888429174,1.0030012,0.0013754251,31858843,planet
1661.7886777586882,0.9997528,0.0013736187,31858843,planet
1661.7900666744595,0.99926203,0.0013742283,31858843,planet
1661.791455590696,0.9991422,0.0013741946,31858843,planet
1661.7928445064672,0.9984744,0.0013742155,31858843,planet
1661.7942334227032,0.9984738,0.0013732635,31858843,planet
1661.7956223384735,0.99979156,0.0013738013,31858843,planet
1661.79701125471,0.99757034,0.001372953,31858843,planet
1661.7984001704817,1.001534,0.0013750538,31858843,planet
1661.7997890867182,0.9995208,0.0013737199,31858843,planet
1661.8011780024885,0.99857235,0.0013731734,31858843,planet
1661.8025669187255,1.0014486,0.0013731759,31858843,planet
1661.8039558344958,0.99798506,0.001374311,31858843,planet
1661.8053447507323,1.0000082,0.0013744198,31858843,planet
1661.806733666504,1.0011103,0.0013746292,31858843,planet
1661.8081225822743,0.9991359,0.001374619,31858843,planet
1661.8095114985103,1.0002197,0.0013745984,31858843,planet
1661.8109004142812,0.9990237,0.0013743837,31858843,planet
1661.8122893305172,1.0005568,0.001374337,31858843,planet
1661.8136782462884,0.9975983,0.0013740899,31858843,planet
1661.81506716206,0.9997632,0.0013734542,31858843,planet
1661.8164560782957,0.9991666,0.0013745131,31858843,planet
1661.817844994066,0.99994224,0.0013752019,31858843,planet
1661.819233910303,0.998763,0.0013741467,31858843,planet
1661.8206228260733,0.99903584,0.0013741346,31858843,planet
1661.822011741844,1.0014639,0.0013756712,31858843,planet
1661.8234006580815,0.99777687,0.001372757,31858843,planet
1661.8247895738518,1.0011772,0.0013751405,31858843,planet
1661.8261784900878,0.9989938,0.001373957,31858843,planet
1661.8275674058586,0.9986432,0.0013728268,31858843,planet
1661.828956321629,1.000299,0.0013737832,31858843,planet
1661.830345237866,0.9981852,0.001373643,31858843,planet
1661.8317341536376,0.9994689,0.0013735071,31858843,planet
1661.8331230694077,1.0045516,0.0013765238,31858843,planet
1661.8345119856435,0.99918497,0.0013739212,31858843,planet
1661.8359009014148,0.99929315,0.0013745611,31858843,planet
1661.8372898171856,0.9996117,0.0013744097,31858843,planet
1661.8386787334225,0.9996803,0.0013741192,31858843,planet
1661.8400676491933,0.99864274,0.0013737216,31858843,planet
1661.8414565649643,1.000516,0.0013741559,31858843,planet
1661.8428454812001,0.999228,0.0013734228,31858843,planet
1661.8442343969705,0.9985606,0.0013738882,31858843,planet
1661.8456233127422,0.9992162,0.0013744922,31858843,planet
1661.847012228979,0.99747795,0.0013726252,31858843,planet
1661.8484011447495,1.0007598,0.0013749121,31858843,planet
1661.8497900605203,0.9994243,0.0013740946,31858843,planet
1661.8511789767563,0.9982843,0.0013728202,31858843,planet
1661.8525678925266,0.9991399,0.0013740974,31858843,planet
1661.8539568082983,0.9973996,0.0013732124,31858843,planet
1661.8553457240691,1.0013846,0.0013757667,31858843,planet
1661.8567346403051,0.9999459,0.001375116,31858843,planet
1661.8581235560764,0.9975538,0.0013737621,31858843,planet
1661.8595124718465,0.9996058,0.0013742577,31858843,planet
1661.8609013880823,0.9998908,0.0013748644,31858843,planet
1661.862290303854,1.0008557,0.0013749076,31858843,planet
1661.8636792196253,1.0014364,0.0013756152,31858843,planet
1661.8650681353956,1.0006253,0.0013743594,31858843,planet
1661.866457051632,1.0001616,0.0013744755,31858843,planet
1661.8678459674024,1.0000945,0.001373305,31858843,planet
1661.8692348831732,0.9966811,0.0013729642,31858843,planet
1661.870623798945,0.9997754,0.0013723508,31858843,planet
1661.872012715181,0.99998134,0.0013739915,31858843,planet
1661.8734016309513,0.9986044,0.001373385,31858843,planet
1661.8747905467226,1.000293,0.00137292,31858843,planet
1661.8761794624927,0.9975868,0.0013732639,31858843,planet
1661.8775683782637,1.000091,0.0013742101,31858843,planet
1661.878957294501,0.9998636,0.0013747875,31858843,planet
1661.8803462102715,0.9984781,0.0013735091,31858843,planet
1661.8817351260418,1.001186,0.0013750482,31858843,planet
1661.8831240418126,1.0011507,0.0013752432,31858843,planet
1661.884512957583,1.0018694,0.0013745547,31858843,planet
1661.8859018738194,0.99962926,0.0013732995,31858843,planet
1661.8872907895911,1.0020957,0.0013745099,31858843,planet
1661.8886797053624,1.0019304,0.0013745932,31858843,planet
1661.8900686211327,0.9982372,0.0013733124,31858843,planet
1661.891457536903,1.0007378,0.0013746012,31858843,planet
1661.8928464531396,1.0005497,0.0013745484,31858843,planet
1661.8942353689106,0.99939895,0.0013747117,31858843,planet
1661.8956242846816,0.9985815,0.001374352,31858843,planet
1661.8970132004524,1.0005589,0.0013743581,31858843,planet
1661.8984021162228,0.9988073,0.0013730162,31858843,planet
1661.8997910319931,0.99933577,0.0013728889,31858843,planet
1661.9011799477648,1.0011908,0.0013737106,31858843,planet
1661.9025688640015,0.9988218,0.0013733085,31858843,planet
1661.9039577797716,1.0022138,0.0013753469,31858843,planet
1661.905346695543,1.0001893,0.0013736878,31858843,planet
1661.9067356113133,0.99974203,0.0013743252,31858843,planet
1661.9081245270836,0.9969831,0.0013726851,31858843,planet
1661.9095134428553,1.0016093,0.001374609,31858843,planet
1661.9109023586261,1.0010929,0.0013743673,31858843,planet
1661.9122912743965,1.0008729,0.0013748531,31858843,planet
1661.913680190633,0.9978917,0.0013727101,31858843,planet
1661.9150691064033,1.0007634,0.0013742911,31858843,planet
1661.9164580221736,1.0009108,0.0013738734,31858843,planet
1661.9178469379453,0.99931973,0.0013721952,31858843,planet
1661.9192358537166,0.9983593,0.0013734716,31858843,planet
1661.9206247694867,0.9983403,0.0013728212,31858843,planet
1661.9220136852578,1.0030166,0.0013754508,31858843,planet
1661.923402601028,1.0011553,0.001374623,31858843,planet
1661.924791516799,0.9991937,0.0013734087,31858843,planet
1661.9261804325706,0.99999577,0.0013742514,31858843,planet
1661.927569348341,1.0025913,0.0013760101,31858843,planet
1661.928958264577,1.000196,0.0013743525,31858843,planet
1661.930347180348,1.0011102,0.0013743421,31858843,planet
1661.9317360961181,1.0016807,0.0013750336,31858843,planet
1661.9331250118894,1.0004705,0.0013743794,31858843,planet
1661.934513927661,0.99959064,0.0013736432,31858843,planet
1661.935902843432,1.0006886,0.0013749751,31858843,planet
1661.9372917592023,0.9989028,0.0013742972,31858843,planet
1661.9386806749726,0.99806565,0.0013734518,31858843,planet
1661.9400695907434,1.0022292,0.0013751022,31858843,planet
1661.9414585065147,0.9996817,0.0013745266,31858843,planet
1661.9428474222855,0.99828666,0.0013735723,31858843,planet
1661.9442363380567,0.99817544,0.0013737751,31858843,planet
1661.945625253827,1.0010808,0.0013738167,31858843,planet
1661.9470141695972,0.9982885,0.0013731162,31858843,planet
1661.9484030853682,0.99858236,0.0013730981,31858843,planet
1661.949792001139,0.99993265,0.0013738122,31858843,planet
1661.9511809169103,0.9998085,0.0013739205,31858843,planet
1661.952569832681,0.9999766,0.0013743424,31858843,planet
1661.9539587484514,1.0011371,0.0013741535,31858843,planet
1661.9553476642218,0.9977759,0.0013728192,31858843,planet
1661.9567365799935,0.9994531,0.001373367,31858843,planet
1661.9581254957643,0.9996317,0.0013734149,31858843,planet
1661.9595144115347,1.0006187,0.0013728096,31858843,planet
1661.960903327306,1.0005527,0.0013738095,31858843,planet
1661.9622922430763,0.99725133,0.0013723329,31858843,planet
1661.9636811588466,1.0004059,0.0013725966,31858843,planet
1661.965070074618,1.0012275,0.0013741555,31858843,planet
1661.9664589903891,1.000639,0.0013732648,31858843,planet
1661.9678479061595,0.997557,0.0013732559,31858843,planet
1661.9692368214646,1.0001506,0.001373537,31858843,planet
1661.970625737235,0.9980182,0.0013720498,31858843,planet
1661.9720146530053,1.0001525,0.0013729332,31858843,planet
1661.973403568777,1.0029846,0.0013739935,31858843,planet
1661.974792484548,0.99855876,0.0013720032,31858843,planet
1661.9761814003182,1.0002438,0.0013725637,31858843,planet
1661.9775703160894,0.9995723,0.0013733979,31858843,planet
1661.9789592318598,0.99954224,0.001373278,31858843,planet
1661.9803481476301,1.0007682,0.0013738738,31858843,planet
1661.9817370634019,1.0004469,0.0013727657,31858843,planet
1661.9831259791733,1.0003033,0.001373487,31858843,planet
1661.9845148944778,1.0006715,0.0013736809,31858843,planet
1661.9859038102481,0.9979499,0.0013720897,31858843,planet
1661.9872927260194,0.9976223,0.0013718805,31858843,planet
1661.9886816417902,0.9988605,0.001372999,31858843,planet
1661.9900705575615,1.0008326,0.0013732921,31858843,planet
1661.9914594733323,1.0003065,0.00137284,31858843,planet
1661.9928483891026,0.9971192,0.0013715491,31858843,planet
1661.994237304873,1.0002916,0.0013726358,31858843,planet
1661.995626220178,0.99896723,0.0013726534,31858843,planet
1661.9970151359494,1.0002145,0.0013722406,31858843,planet
1661.9984040517202,1.0014024,0.0013731838,31858843,planet
1661.9997929674914,0.9990533,0.0013727229,31858843,planet
1662.0011818832616,0.9998525,0.0013718382,31858843,planet
1662.0025707990317,0.99990666,0.001372863,31858843,planet
1662.003959714803,1.0000895,0.0013719371,31858843,planet
1662.005348630108,1.0003855,0.001372843,31858843,planet
1662.0067375458793,0.9987712,0.0013711537,31858843,planet
1662.0081264616501,0.9970663,0.0013703407,31858843,planet
1662.0095153774205,1.0000132,0.0013718447,31858843,planet
1662.0109042931908,0.99859697,0.00137166,31858843,planet
1662.012293208496,0.9990789,0.0013715695,31858843,planet
1662.0136821242672,0.99899673,0.0013714391,31858843,planet
1662.015071040038,0.99857974,0.0013712435,31858843,planet
1662.0164599558093,0.9985338,0.0013716512,31858843,planet
1662.0178488715794,0.9998766,0.0013724527,31858843,planet
1662.0192377868839,1.0004194,0.0013724003,31858843,planet
1662.0206267026556,0.99824184,0.0013709593,31858843,planet
1662.0220156184268,0.99965185,0.0013722128,31858843,planet
1662.0234045341972,1.0013039,0.0013723646,31858843,planet
1662.024793449968,0.9993411,0.0013713518,31858843,planet
1662.0261823652727,0.9976064,0.0013706714,31858843,planet
1662.027571281043,1.0009196,0.0013721989,31858843,planet
1662.0289601968148,0.99818605,0.0013714925,31858843,planet
1662.0303491125865,0.9987579,0.0013699072,31858843,planet
1662.0317380278912,1.0009953,0.0013719813,31858843,planet
1662.0331269436615,1.0001879,0.0013717997,31858843,planet
1662.0345158594323,1.0011755,0.0013717089,31858843,planet
1662.0359047752027,1.0000085,0.0013716212,31858843,planet
1662.0372936905078,0.99867415,0.0013719177,31858843,planet
1662.0386826062795,0.99848765,0.0013710707,31858843,planet
1662.0400715220499,1.0000483,0.0013719609,31858843,planet
1662.0414604373545,0.99982834,0.0013707167,31858843,planet
1662.0428493531258,1.0001624,0.0013707567,31858843,planet
1662.044238268896,1.0001308,0.0013711769,31858843,planet
1662.045627184667,0.998136,0.0013707859,31858843,planet
1662.047016099973,0.99717265,0.0013701279,31858843,planet
1662.0484050157434,0.99983585,0.0013711808,31858843,planet
1662.0497939315137,1.0013412,0.0013717703,31858843,planet
1662.0511828468188,1.0001999,0.0013712625,31858843,planet
1662.05257176259,0.9996688,0.0013705458,31858843,planet
1662.053960678361,1.0000277,0.0013710996,31858843,planet
1662.055349593666,1.0010616,0.0013717003,31858843,planet
1662.0567385094364,0.9993293,0.0013698734,31858843,planet
1662.0581274252067,1.0004272,0.0013709115,31858843,planet
1662.0595163405123,1.0005656,0.0013709742,31858843,planet
1662.0609052562831,1.000309,0.0013706984,31858843,planet
1662.0622941720542,1.0000795,0.001370958,31858843,planet
1662.0636830873595,1.0012275,0.0013714626,31858843,planet
1662.06507200313,0.9985889,0.0013693342,31858843,planet
1662.0664609189002,0.9975552,0.0013696669,31858843,planet
1662.0678498342054,1.0002873,0.0013708156,31858843,planet
1662.0692387499766,0.9985595,0.0013701448,31858843,planet
1662.0706276657475,0.99862653,0.0013704721,31858843,planet
1662.0720165810528,0.9979484,0.0013700838,31858843,planet
1662.073405496823,0.99848676,0.0013703847,31858843,planet
1662.0747944121276,1.0009964,0.001370258,31858843,planet
1662.0761833278993,1.0005076,0.0013708507,31858843,planet
1662.077572243671,0.99901694,0.0013703662,31858843,planet
1662.0789611589757,1.0002085,0.0013700776,31858843,planet
1662.080350074746,0.99940115,0.0013701963,31858843,planet
1662.0817389900512,0.9979005,0.0013689632,31858843,planet
1662.0831279058216,0.999486,0.00137037,31858843,planet
1662.0845168215928,1.0013161,0.0013703869,31858843,planet
1662.085905736899,1.000149,0.0013703796,31858843,planet
1662.0872946526692,0.99997914,0.0013704957,31858843,planet
1662.0886835679737,0.9994862,0.0013699369,31858843,planet
1662.0900724837447,1.0014914,0.0013711244,31858843,planet
1662.091461399515,1.0005625,0.001369307,31858843,planet
1662.0928503148202,1.000404,0.0013693424,31858843,planet
1662.094239230592,0.99857765,0.0013682692,31858843,planet
1662.0956281458966,0.9978659,0.0013690463,31858843,planet
1662.097017061667,1.0001388,0.0013700913,31858843,planet
1662.0984059769723,0.9989001,0.0013691982,31858843,planet
1662.0997948927425,1.0004523,0.00137045,31858843,planet
1662.101183808048,1.0018853,0.0013704625,31858843,planet
1662.1025727238198,1.0000776,0.0013698284,31858843,planet
1662.1039616391245,0.99854517,0.0013695894,31858843,planet
1662.1053505548948,0.99815917,0.0013682231,31858843,planet
1662.1067394706656,1.0019054,0.0013702427,31858843,planet
1662.1081283859708,0.99928206,0.0013690029,31858843,planet
1662.109517301742,0.99920017,0.0013696887,31858843,planet
1662.1109062170472,0.9989896,0.0013691579,31858843,planet
1662.1122951328175,1.0008767,0.0013706931,31858843,planet
1662.1136840481222,0.99981433,0.0013686545,31858843,planet
1662.1150729638932,0.9996453,0.0013686818,31858843,planet
1662.1164618791986,0.99830157,0.0013682839,31858843,planet
1662.1178507949694,1.0013634,0.0013696019,31858843,planet
1662.119239710275,1.0008118,0.0013693037,31858843,planet
1662.1206286255797,0.9998581,0.0013692674,31858843,planet
1662.12201754135,1.0006319,0.001370001,31858843,planet
1662.1234064566552,1.0004584,0.0013699798,31858843,planet
1662.1247953724262,1.0005007,0.0013694395,31858843,planet
1662.1261842877316,1.0021085,0.0013698313,31858843,planet
1662.1275732035024,1.0021403,0.0013692117,31858843,planet
1662.128962118808,1.0005276,0.0013702351,31858843,planet
1662.1303510345783,0.9979134,0.001367801,31858843,planet
1662.131739949883,1.0000788,0.0013682174,31858843,planet
1662.1331288656547,0.99943143,0.0013689345,31858843,planet
1662.1345177809599,1.0003518,0.0013684622,31858843,planet
1662.1359066962646,0.9989901,0.0013680799,31858843,planet
1662.1372956120354,1.001331,0.0013698336,31858843,planet
1662.13868452734,0.9979644,0.0013688138,31858843,planet
1662.1400734431113,1.0006618,0.0013680129,31858843,planet
1662.1414623584174,1.0013396,0.0013677182,31858843,planet
1662.1428512741875,1.0000803,0.0013684343,31858843,planet
1662.144240189492,0.99894905,0.0013683893,31858843,planet
1662.1456291047975,1.0002941,0.001368296,31858843,planet
1662.1470180205679,1.0005596,0.0013683857,31858843,planet
1662.148406935873,1.0007805,0.001368431,31858843,planet
1662.1497958516447,0.9998553,0.0013684519,31858843,planet
1662.1511847669494,0.9973957,0.0013677734,31858843,planet
1662.1525736822541,1.0014579,0.0013688353,31858843,planet
1662.153962598025,0.998488,0.0013672819,31858843,planet
1662.1553515133296,0.99824035,0.0013678577,31858843,planet
1662.1567404286352,0.99938875,0.0013675727,31858843,planet
1662.158129344407,0.99763143,0.0013675665,31858843,planet
1662.1595182597114,0.99775624,0.0013670955,31858843,planet
1662.1609071754815,1.0018798,0.001369215,31858843,planet
1662.162296090787,0.9998476,0.0013685444,31858843,planet
1662.1636850060918,0.9998022,0.0013685321,31858843,planet
1662.1650739218626,1.0003588,0.0013684354,31858843,planet
1662.1664628371686,1.0001792,0.0013684568,31858843,planet
1662.1678517524733,1.0013498,0.0013680477,31858843,planet
1662.1692406682437,0.9993466,0.0013679473,31858843,planet
1662.1706295835488,0.99815476,0.0013671293,31858843,planet
1662.1720184988544,0.9997215,0.00136806,31858843,planet
1662.1734074146252,1.0006528,0.0013689699,31858843,planet
1662.1747963299308,1.0008521,0.0013684378,31858843,planet
1662.176185245236,0.9998444,0.0013683294,31858843,planet
1662.1775741610063,1.0010238,0.0013685677,31858843,planet
1662.178963076311,0.9995937,0.0013677175,31858843,planet
1662.180351991617,0.99897265,0.0013681033,31858843,planet
1662.1817409069222,1.0008838,0.0013687056,31858843,planet
1662.1831298226925,0.99755347,0.0013673687,31858843,planet
1662.1845187379981,1.0002292,0.0013682117,31858843,planet
1662.1859076533026,0.9988019,0.001367594,31858843,planet
1662.1872965690727,0.99963933,0.0013672046,31858843,planet
1662.1886854843788,0.9998318,0.00136883,31858843,planet
1662.1900743996844,1.0040387,0.0013700923,31858843,planet
1662.191463314989,0.9995057,0.0013684395,31858843,planet
1662.1928522307599,1.0017351,0.0013678323,31858843,planet
1662.1942411460645,0.99992275,0.0013676325,31858843,planet
1662.19563006137,0.99834627,0.00136728,31858843,planet
1662.1970189766757,1.0012392,0.0013683925,31858843,planet
1662.198407892446,0.99926734,0.0013676324,31858843,planet
1662.1997968077508,1.0008985,0.0013680813,31858843,planet
1662.2011857230564,0.9999179,0.0013687871,31858843,planet
1662.202574638361,0.9979919,0.0013667208,31858843,planet
1662.2039635541319,0.99965906,0.0013682324,31858843,planet
1662.205352469438,0.99853224,0.001367977,31858843,planet
1662.2067413847426,0.9992079,0.0013675076,31858843,planet
1662.2081303000473,0.9986794,0.0013679521,31858843,planet
1662.2095192153524,0.99823034,0.0013673698,31858843,planet
1662.2109081311228,0.9990378,0.0013678388,31858843,planet
1662.2122970464284,0.99897814,0.001367967,31858843,planet
1662.2136859617342,1.0002667,0.0013682239,31858843,planet
1662.2150748770387,1.001381,0.0013683451,31858843,planet
1662.2164637923433,0.9999017,0.0013687926,31858843,planet
1662.2178527081146,0.9998287,0.0013676208,31858843,planet
1662.2192416234193,0.99997544,0.0013683597,31858843,planet
1662.2206305387244,1.0000044,0.0013676148,31858843,planet
1662.2220194540305,0.99975044,0.0013663867,31858843,planet
1662.2234083693356,1.0024797,0.0013687083,31858843,planet
1662.2247972846403,0.9988178,0.0013676237,31858843,planet
1662.2261862004107,1.0018325,0.001368119,31858843,planet
1662.2275751157167,0.9986674,0.0013668641,31858843,planet
1662.2289640310223,0.9987855,0.0013672736,31858843,planet
1662.2303529463268,0.99959624,0.0013669136,31858843,planet
1662.2317418616321,0.9986703,0.0013675548,31858843,planet
1662.2331307769368,0.99907964,0.001367658,31858843,planet
1662.2345196922415,0.9992102,0.0013677371,31858843,planet
1662.2359086080132,0.99996686,0.0013679164,31858843,planet
1662.2372975233184,0.998798,0.001367448,31858843,planet
1662.238686438623,0.99827176,0.0013682542,31858843,planet
1662.2400753539284,0.9993697,0.0013679132,31858843,planet
1662.241464269233,1.0001136,0.0013681652,31858843,planet
1662.2428531845376,0.9975481,0.0013670468,31858843,planet
1662.2442420998436,1.0000707,0.0013672641,31858843,planet
1662.2456310151492,0.99890524,0.0013679473,31858843,planet
1662.2470199309196,0.99726737,0.0013663119,31858843,planet
1662.2484088462247,0.9998588,0.0013684342,31858843,planet
1662.2497977615294,1.0008118,0.001368354,31858843,planet
1662.251186676834,1.0002314,0.0013678282,31858843,planet
1662.2525755921401,0.99968994,0.0013679826,31858843,planet
1662.2539645074453,0.9997361,0.0013680038,31858843,planet
1662.25535342275,0.9989045,0.0013675374,31858843,planet
1662.2567423380556,1.0004457,0.0013677262,31858843,planet
1662.25813125336,0.99852955,0.001366656,31858843,planet
1662.2595201686654,0.997278,0.0013667193,31858843,planet
1662.2609090839715,0.9990226,0.0013672521,31858843,planet
1662.2622979992761,0.99944544,0.0013667508,31858843,planet
1662.2636869145808,0.99961185,0.0013679416,31858843,planet
1662.265075829886,0.99969494,0.0013677606,31858843,planet
1662.2664647451907,1.0009817,0.0013686415,31858843,planet
1662.2678536604958,0.9993605,0.0013674707,31858843,planet
1662.2692425758019,0.9987991,0.0013674162,31858843,planet
1662.270631491573,1.0017269,0.0013672325,31858843,planet
1662.2720204068778,0.9990069,0.0013675397,31858843,planet
1662.2734093221825,1.000199,0.001367309,31858843,planet
1662.2747982374876,1.0009298,0.00136786,31858843,planet
1662.2761871527928,0.9977513,0.0013666726,31858843,planet
1662.2775760680984,0.99976003,0.0013663948,31858843,planet
1662.2789649834035,0.9973431,0.0013664243,31858843,planet
1662.2803538987082,0.99965614,0.0013680072,31858843,planet
1662.281742814013,0.99917275,0.0013673238,31858843,planet
1662.2831317293185,0.99813676,0.00136658,31858843,planet
1662.2845206446236,0.9987062,0.0013667574,31858843,planet
1662.2859095599288,0.99842703,0.001366458,31858843,planet
1662.2872984747687,0.9992582,0.0013666066,31858843,planet
1662.2886873900734,1.0009751,0.0013674569,31858843,planet
1662.290076305378,1.0010308,0.0013677736,31858843,planet
1662.2914652206841,1.0009415,0.001368066,31858843,planet
1662.2928541359893,1.0016032,0.0013686038,31858843,planet
1662.294243051294,1.0025386,0.001368311,31858843,planet
1662.295631966599,0.99893,0.0013668063,31858843,planet
1662.2970208819038,0.99937606,0.0013665912,31858843,planet
1662.2984097972085,1.0019475,0.0013687478,31858843,planet
1662.2997987125145,0.99949247,0.0013677448,31858843,planet
1662.30118762782,0.99934584,0.001367591,31858843,planet
1662.3025765431244,1.0012105,0.0013676791,31858843,planet
1662.30396545843,1.0006108,0.0013677533,31858843,planet
1662.3053543737346,0.9998735,0.0013668364,31858843,planet
1662.3067432890393,0.9998144,0.0013673251,31858843,planet
1662.3081322043454,0.999146,0.001366795,31858843,planet
1662.3095211196505,1.0002208,0.0013667431,31858843,planet
1662.3109100344896,0.9987451,0.0013666123,31858843,planet
1662.3122989497947,0.9997944,0.0013665966,31858843,planet
1662.3136878650994,0.9982293,0.0013664097,31858843,planet
1662.315076780404,0.9991675,0.0013669633,31858843,planet
1662.3164656957101,0.9994713,0.0013677122,31858843,planet
1662.3178546110162,0.9964731,0.001365492,31858843,planet
1662.3192435263209,0.99906343,0.0013656238,31858843,planet
1662.3206324416255,1.0019194,0.0013674125,31858843,planet
1662.3220213569307,1.000318,0.0013668165,31858843,planet
1662.3234102717706,1.0014455,0.0013665655,31858843,planet
1662.3247991870758,1.0002846,0.0013676261,31858843,planet
1662.3261881023814,1.0010408,0.0013671101,31858843,planet
1662.3275770176858,0.99920017,0.001367097,31858843,planet
1662.3289659329903,0.9990586,0.0013660083,31858843,planet
1662.3303548482959,1.000776,0.0013653423,31858843,planet
1662.3317437631354,1.0016326,0.00136748,31858843,planet
1662.333132678441,1.0010757,0.0013670411,31858843,planet
1662.334521593746,0.9976332,0.0013653662,31858843,planet
1662.3359105090508,1.0011163,0.0013672865,31858843,planet
1662.3372994243555,1.0019095,0.001367611,31858843,planet
1662.3386883396606,1.0008016,0.0013678564,31858843,planet
1662.3400772545006,0.9980068,0.0013664518,31858843,planet
1662.3414661698057,1.0001314,0.001366772,31858843,planet
1662.3428550851113,0.9991298,0.001366852,31858843,planet
1662.344244000416,1.0004572,0.0013669885,31858843,planet
1662.3456329157204,1.0013998,0.0013673326,31858843,planet
1662.3470218305606,0.9994934,0.0013666336,31858843,planet
1662.3484107458662,0.99993294,0.0013665749,31858843,planet
1662.349799661171,1.0011557,0.0013682103,31858843,planet
1662.351188576476,0.99978244,0.0013670005,31858843,planet
1662.3525774917807,1.0015731,0.0013676037,31858843,planet
1662.3539664066197,0.99863243,0.0013656825,31858843,planet
1662.3553553219258,1.0007315,0.0013670902,31858843,planet
1662.356744237231,1.0011506,0.0013674757,31858843,planet
1662.3581331525356,0.99919814,0.0013665048,31858843,planet
1662.3595220673756,0.9987163,0.0013658676,31858843,planet
1662.3609109826803,1.0001308,0.0013658163,31858843,planet
1662.362299897985,0.9997172,0.0013665986,31858843,planet
1662.3636888132908,1.0008479,0.0013669804,31858843,planet
1662.3650777281305,0.99960065,0.0013666744,31858843,planet
1662.3664666434352,0.9992171,0.001365922,31858843,planet
1662.3678555587403,0.99894714,0.0013666212,31858843,planet
1662.369244474046,0.9991428,0.0013663274,31858843,planet
1662.370633388885,1.003101,0.0013667574,31858843,planet
1662.37202230419,1.0004014,0.0013665668,31858843,planet
1662.3734112194961,0.9977341,0.0013643011,31858843,planet
1662.3748001343351,0.9997595,0.0013659373,31858843,planet
1662.3761890496398,0.9998126,0.0013660662,31858843,planet
1662.377577964945,1.001734,0.0013670677,31858843,planet
1662.3789668802506,0.9967439,0.0013636901,31858843,planet
1662.38035579509,1.0004718,0.0013652124,31858843,planet
1662.3817447103954,1.0004313,0.0013660267,31858843,planet
1662.3831336256999,0.99985164,0.0013661799,31858843,planet
1662.384522540539,0.9986881,0.0013652351,31858843,planet
1662.3859114558445,1.0007508,0.0013667748,31858843,planet
1662.3873003711496,0.99782497,0.0013653345,31858843,planet
1662.3886892859896,1.0010258,0.0013665488,31858843,planet
1662.3900782012947,1.0001057,0.0013661536,31858843,planet
1662.3914671165994,0.99927956,0.0013660764,31858843,planet
1662.3928560314384,0.99981153,0.0013660634,31858843,planet
1662.3942449467436,1.0014786,0.001366844,31858843,planet
1662.3956338620492,1.0002402,0.0013653326,31858843,planet
1662.3970227768887,1.0011104,0.0013665506,31858843,planet
1662.3984116921943,1.0010982,0.0013664147,31858843,planet
1662.3998006074987,0.998323,0.0013654268,31858843,planet
1662.4011895223375,0.9990761,0.0013653908,31858843,planet
1662.4025784376431,0.9988865,0.0013654067,31858843,planet
1662.4039673524826,1.0000638,0.0013654773,31858843,planet
1662.4053562677882,0.99883544,0.0013661833,31858843,planet
1662.4067451830933,1.0013368,0.0013660981,31858843,planet
1662.4081340979324,0.9975512,0.001365115,31858843,planet
1662.409523013237,1.0000094,0.0013659986,31858843,planet
1662.4109119280774,1.0006042,0.0013661796,31858843,planet
1662.4123008433826,1.0009046,0.0013656243,31858843,planet
1662.4136897586873,0.99908364,0.0013657128,31858843,planet
1662.4150786735272,0.999561,0.0013659879,31858843,planet
1662.4164675888323,0.9988402,0.0013655664,31858843,planet
1662.4178565036714,0.99948364,0.0013645858,31858843,planet
1662.4192454189765,1.0011462,0.0013648821,31858843,planet
1662.4206343342826,1.000627,0.0013624433,31858843,planet
1662.4220232491216,0.99705493,0.0013642842,31858843,planet
1662.4234121644263,0.999943,0.0013656648,31858843,planet
1662.4248010792662,0.9984803,0.0013651428,31858843,planet
1662.4261899945707,1.0006816,0.0013660385,31858843,planet
1662.4275789094104,1.0000669,0.0013663081,31858843,planet
1662.4289678247164,1.0002408,0.0013660467,31858843,planet
1662.4303567395555,1.0004716,0.0013660757,31858843,planet
1662.4317456548602,0.99898875,0.0013646637,31858843,planet
1662.4331345701653,1.0001066,0.0013646164,31858843,planet
1662.4345234850043,0.99787164,0.0013647957,31858843,planet
1662.4359124003095,0.99991,0.0013656166,31858843,planet
1662.4373013151499,0.9976179,0.0013650083,31858843,planet
1662.4386902304545,1.003077,0.0013669503,31858843,planet
1662.4400791452936,1.0015157,0.0013671337,31858843,planet
1662.4414680605992,0.99910945,0.0013647696,31858843,planet
1662.4428569754386,1.0009458,0.0013645741,31858843,planet
1662.4442458907438,1.0016552,0.0013651381,31858843,planet
1662.4456348055837,0.99991393,0.0013653784,31858843,planet
1662.4470237208884,0.9994757,0.001365718,31858843,planet
1662.4484126357274,0.99836713,0.0013649707,31858843,planet
1662.4498015510326,1.0003705,0.0013655442,31858843,planet
1662.4511904658725,0.99766,0.0013646346,31858843,planet
1662.4525793811777,1.0020207,0.0013660601,31858843,planet
1662.4539682960171,1.0008633,0.0013655374,31858843,planet
1662.4553572113218,0.9986413,0.0013649773,31858843,planet
1662.4567461261609,1.0002558,0.001366167,31858843,planet
1662.4581350410008,1.0010731,0.0013657602,31858843,planet
1662.459523956306,0.9984265,0.0013654617,31858843,planet
1662.4609128711456,1.0000618,0.0013651802,31858843,planet
1662.462301786451,1.0001568,0.0013664145,31858843,planet
1662.4636907012905,1.0017165,0.0013659323,31858843,planet
1662.4650796165952,0.9980987,0.0013642765,31858843,planet
1662.466468531435,1.0014102,0.0013656856,31858843,planet
1662.4678574467412,0.9994237,0.0013649223,31858843,planet
1662.4692463615802,0.9977472,0.001364641,31858843,planet
1662.470635276419,1.0010638,0.0013658251,31858843,planet
1662.4720241917244,1.0011425,0.0013662296,31858843,planet
1662.4734131065634,0.99984413,0.0013651965,31858843,planet
1662.4748020218685,0.9989789,0.0013651899,31858843,planet
1662.476190936709,1.0006146,0.0013654093,31858843,planet
1662.477579851548,0.99830776,0.0013649823,31858843,planet
1662.4789687668526,1.0003569,0.0013652556,31858843,planet
1662.480357681692,1.000774,0.0013660213,31858843,planet
1662.4817465969968,1.0023452,0.0013656719,31858843,planet
1662.4831355118367,0.9985428,0.0013643018,31858843,planet
1662.4845244266771,0.99834204,0.001365187,31858843,planet
1662.4859133419818,0.9994422,0.0013640776,31858843,planet
1662.4873022568206,0.9992099,0.0013650374,31858843,planet
1662.488691172126,0.9992012,0.0013650968,31858843,planet
1662.490080086965,0.9986838,0.0013654694,31858843,planet
1662.4914690018045,0.99968714,0.0013644852,31858843,planet
1662.4928579171105,1.0007648,0.0013639397,31858843,planet
1662.4942468319496,1.0003937,0.0013650041,31858843,planet
1662.4956357467886,0.9990471,0.0013647636,31858843,planet
1662.497024662094,0.9992564,0.0013640911,31858843,planet
1662.4984135769337,1.0002404,0.0013651798,31858843,planet
1662.4998024917732,1.000082,0.0013656857,31858843,planet
1662.5011914070787,1.0002555,0.0013638696,31858843,planet
1662.5025803219178,1.000034,0.001364967,31858843,planet
1662.5039692367568,0.9982769,0.0013645382,31858843,planet
1662.505358152062,1.000107,0.0013659464,31858843,planet
1662.5067470669014,0.9978866,0.0013640672,31858843,planet
1662.5081359817414,1.0008472,0.0013647953,31858843,planet
1662.5095248970465,1.0018886,0.0013657031,31858843,planet
1662.5109138118855,0.9978058,0.0013640723,31858843,planet
1662.5123027267246,0.99956876,0.0013648114,31858843,planet
1662.5136916415643,0.9996644,0.0013655449,31858843,planet
1662.51508055687,1.0005444,0.0013664506,31858843,planet
1662.51646947171,1.0005692,0.0013654275,31858843,planet
1662.517858386549,0.9991387,0.0013652121,31858843,planet
1662.5192473018542,0.9994324,0.0013647274,31858843,planet
1662.5206362166932,0.9997306,0.0013652453,31858843,planet
1662.5220251315322,0.99722683,0.0013642884,31858843,planet
1662.5234140463726,1.0012385,0.0013653851,31858843,planet
1662.5248029616778,1.0014789,0.0013653814,31858843,planet
1662.5261918765168,0.99947095,0.0013656665,31858843,planet
1662.5275807913567,0.99938613,0.0013646537,31858843,planet
1662.5289697061958,0.99812406,0.001363803,31858843,planet
1662.530358621501,1.002057,0.0013657063,31858843,planet
1662.5317475363413,1.0000519,0.0013653197,31858843,planet
1662.5331364511803,0.99841124,0.0013649696,31858843,planet
1662.5345253660194,0.9990881,0.0013635167,31858843,planet
1662.5359142813245,1.0001228,0.0013654088,31858843,planet
1662.5373031961635,0.999652,0.001364771,31858843,planet
1662.5386921110035,0.99945366,0.0013661694,31858843,planet
1662.5400810258438,0.9999883,0.0013656379,31858843,planet
1662.5414699406826,0.99863726,0.0013641071,31858843,planet
1662.542858855987,1.000476,0.0013655771,31858843,planet
1662.544247770827,1.0005068,0.0013650421,31858843,planet
1662.545636685666,0.9983796,0.0013632393,31858843,planet
1662.5470256005055,1.000996,0.0013667258,31858843,planet
1662.548414515346,0.9985677,0.001364375,31858843,planet
1662.5498034306506,0.9981685,0.0013643128,31858843,planet
1662.5511923454897,0.99894035,0.0013641448,31858843,planet
1662.5525812603291,1.0002685,0.0013655951,31858843,planet
1662.5539701751682,0.9967471,0.0013643414,31858843,planet
1662.555359090008,1.0005804,0.0013662366,31858843,planet
1662.5567480048485,0.9999441,0.0013654457,31858843,planet
1662.558136920153,0.9996478,0.001364497,31858843,planet
1662.5595258349917,0.999612,0.0013653241,31858843,planet
1662.5609147498317,0.9994631,0.0013656485,31858843,planet
1662.562303664672,0.9988024,0.0013647127,31858843,planet
1662.5636925795116,0.9995677,0.0013659766,31858843,planet
1662.5650814943506,0.99981874,0.0013654581,31858843,planet
1662.5664704091905,0.99960935,0.0013650337,31858843,planet
1662.567859324495,0.9999072,0.0013649074,31858843,planet
1662.5692482393338,0.9976907,0.0013644083,31858843,planet
1662.5706371541742,0.9985773,0.0013655652,31858843,planet
1662.572026069014,0.9991163,0.0013649168,31858843,planet
1662.5734149838531,1.0009518,0.0013664728,31858843,planet
1662.5748038986926,1.0004716,0.0013667099,31858843,planet
1662.5761928135316,0.9984511,0.0013657131,31858843,planet
1662.5775817283707,0.9996064,0.0013662959,31858843,planet
1662.5789706436767,0.9987164,0.0013660201,31858843,planet
1662.5803595585162,0.99963725,0.0013664156,31858843,planet
1662.5817484733552,1.0021336,0.0013680012,31858843,planet
1662.5831373881952,0.9989753,0.001365645,31858843,planet
1662.584526303034,0.9994413,0.0013670169,31858843,planet
1662.5859152178728,1.0014963,0.0013667663,31858843,planet
1662.5873041327131,1.0014428,0.0013668899,31858843,planet
1662.588693047553,0.99972016,0.0013655606,31858843,planet
1662.590081962392,1.0000874,0.0013665071,31858843,planet
1662.5914708772316,1.000381,0.0013657963,31858843,planet
1662.5928597920706,0.9991236,0.0013650663,31858843,planet
1662.59424870691,1.0002306,0.0013667447,31858843,planet
1662.5956376217505,0.9991422,0.0013665226,31858843,planet
1662.5970265365895,1.0013052,0.001366016,31858843,planet
1662.5984154514285,0.99893177,0.0013660092,31858843,planet
1662.5998043662685,1.0002296,0.0013662823,31858843,planet
1662.6011932811075,1.0014262,0.0013657038,31858843,planet
1662.6025821964126,0.9997228,0.001365239,31858843,planet
1662.603971111253,0.998927,0.0013644532,31858843,planet
1662.605360026092,0.9990863,0.0013663829,31858843,planet
1662.606748940931,1.0008842,0.0013676264,31858843,planet
1662.6081378557706,1.0016738,0.0013678045,31858843,planet
1662.6095267706096,1.000564,0.0013667804,31858843,planet
1662.6109156854495,0.9977576,0.0013662564,31858843,planet
1662.6123046002897,1.0018573,0.0013673846,31858843,planet
1662.6136935151294,0.9988324,0.0013658213,31858843,planet
1662.6150824299684,0.99817145,0.0013662921,31858843,planet
1662.6164713448075,1.0006032,0.0013658245,31858843,planet
1662.6178602596478,0.9998199,0.0013669814,31858843,planet
1662.6192491744873,1.0015837,0.0013670302,31858843,planet
1662.6206380888607,1.0009766,0.0013673275,31858843,planet
1662.6220270037002,1.0000851,0.0013672493,31858843,planet
1662.6234159185392,1.0003618,0.0013663672,31858843,planet
1662.6248048333782,0.99690115,0.0013658312,31858843,planet
1662.6261937482186,0.99966455,0.001366997,31858843,planet
1662.6275826630585,1.0001284,0.001367402,31858843,planet
1662.6289715778973,1.0028665,0.001368159,31858843,planet
1662.630360492737,0.99897975,0.00136646,31858843,planet
1662.631749407576,0.99944615,0.0013667791,31858843,planet
1662.633138322415,1.0001556,0.0013665814,31858843,planet
1662.6345272372555,0.9994041,0.001366265,31858843,planet
1662.635916152095,1.001825,0.0013683628,31858843,planet
1662.637305066934,0.9984601,0.0013658521,31858843,planet
1662.6386939817737,1.0010126,0.0013671477,31858843,planet
1662.6400828966125,0.9985406,0.0013660997,31858843,planet
1662.6414718114515,0.9997436,0.0013672411,31858843,planet
1662.6428607258263,0.9988687,0.0013670737,31858843,planet
1662.6442496406662,0.9985803,0.0013665926,31858843,planet
1662.6456385555052,0.9983442,0.0013662458,31858843,planet
1662.6470274703447,0.9991936,0.0013666553,31858843,planet
1662.6484163851837,1.0009141,0.001367912,31858843,planet
1662.6498053000232,0.9997298,0.0013663274,31858843,planet
1662.6511942148636,1.0002278,0.0013673583,31858843,planet
1662.6525831297026,0.99858665,0.0013667014,31858843,planet
1662.6539720445417,1.0004696,0.0013668085,31858843,planet
1662.6553609589157,0.99881226,0.0013669448,31858843,planet
1662.6567498737545,0.9991784,0.0013670422,31858843,planet
1662.6581387885944,0.9991573,0.0013670092,31858843,planet
1662.6595277034348,1.0013267,0.0013683417,31858843,planet
1662.6609166182743,0.9993157,0.0013674035,31858843,planet
1662.6623055331133,1.0008218,0.0013675385,31858843,planet
1662.6636944479524,0.99912953,0.0013674272,31858843,planet
1662.6650833623264,0.99875194,0.0013658864,31858843,planet
1662.6664722771661,0.99894994,0.0013656393,31858843,planet
1662.6678611920056,0.99845284,0.0013669073,31858843,planet
1662.6692501068455,1.0005289,0.0013675614,31858843,planet
1662.6706390216846,1.000627,0.0013668031,31858843,planet
1662.6720279365236,1.0016247,0.0013679074,31858843,planet
1662.6734168508974,0.9993236,0.0013663457,31858843,planet
1662.674805765737,0.99908787,0.0013668956,31858843,planet
1662.6761946805768,0.9996972,0.0013674883,31858843,planet
1662.6775835954163,1.0002685,0.0013674798,31858843,planet
1662.6789725102553,0.99995196,0.0013674699,31858843,planet
1662.6803614246287,0.9989595,0.0013670968,31858843,planet
1662.681750339469,0.99948806,0.0013670216,31858843,planet
1662.6831392543088,0.9990702,0.0013675132,31858843,planet
1662.6845281691476,1.0006397,0.0013676787,31858843,planet
1662.6859170835219,1.000019,0.0013675273,31858843,planet
1662.687305998361,0.9988917,0.0013667753,31858843,planet
1662.6886949132,0.9989803,0.0013681242,31858843,planet
1662.6900838280403,0.9997469,0.0013672996,31858843,planet
1662.6914727428798,1.0011753,0.001368058,31858843,planet
1662.6928616572532,1.000648,0.0013670056,31858843,planet
1662.6942505720926,0.9998313,0.001366597,31858843,planet
1662.6956394869317,0.9974419,0.0013661776,31858843,planet
1662.6970284017707,1.0014288,0.0013681331,31858843,planet
1662.6984173161454,1.0013864,0.001368325,31858843,planet
1662.6998062309851,0.9991261,0.0013668131,31858843,planet
1662.701195145824,0.9994172,0.0013672265,31858843,planet
1662.7025840601982,0.9995749,0.0013667858,31858843,planet
1662.7039729750372,0.99877185,0.0013674521,31858843,planet
1662.7053618898763,0.99771106,0.001366051,31858843,planet
1662.7067508047166,0.9992328,0.0013667583,31858843,planet
1662.7081397190905,0.99975115,0.0013678432,31858843,planet
1662.7095286339295,0.9977377,0.001366794,31858843,planet
1662.710917548769,0.99905944,0.0013676381,31858843,planet
1662.7123064631432,0.9999407,0.0013678191,31858843,planet
1662.7136953779827,1.0022321,0.0013675559,31858843,planet
1662.7150842928227,0.99912375,0.0013682619,31858843,planet
1662.7164732076621,0.99792683,0.0013662194,31858843,planet
1662.7178621220355,0.9991077,0.0013672438,31858843,planet
1662.7192510368745,1.0008976,0.0013669231,31858843,planet
1662.720639951714,1.0009105,0.0013685963,31858843,planet
1662.7220288660883,0.9984775,0.0013658545,31858843,planet
1662.7234177809278,1.000709,0.0013669834,31858843,planet
1662.7248066957677,0.9987999,0.0013666531,31858843,planet
1662.7261956101408,0.9994657,0.001366884,31858843,planet
1662.7275845249796,1.001048,0.0013662458,31858843,planet
1662.7289734398196,1.0013162,0.0013682185,31858843,planet
1662.7303623541934,0.9990703,0.0013667789,31858843,planet
1662.7317512690333,1.000839,0.0013667694,31858843,planet
1662.7331401834072,0.9977127,0.0013651989,31858843,planet
1662.7345290982462,0.9987217,0.0013666612,31858843,planet
1662.7359180130852,1.0011436,0.0013679053,31858843,planet
1662.73730692746,1.00126,0.0013678065,31858843,planet
1662.7386958422994,0.9967964,0.0013657217,31858843,planet
1662.7400847571384,1.0011615,0.0013676821,31858843,planet
1662.7414736715127,0.9987511,0.0013664103,31858843,planet
1662.7428625863517,0.9990833,0.0013663626,31858843,planet
1662.7442515007249,0.99961907,0.0013670461,31858843,planet
1662.745640415565,1.0023601,0.0013670932,31858843,planet
1662.747029330405,1.0003368,0.001367345,31858843,planet
1662.7484182447783,0.9996918,0.0013672715,31858843,planet
1662.7498071596178,1.0010762,0.0013664842,31858843,planet
1662.7511960739912,0.9987334,0.0013667061,31858843,planet
1662.7525849888302,0.99845916,0.0013672251,31858843,planet
1662.753973903205,0.99775237,0.0013665551,31858843,planet
1662.7553628180444,1.0020182,0.0013680137,31858843,planet
1662.7567517328835,0.9983823,0.0013656341,31858843,planet
1662.7581406472577,0.9977624,0.001365941,31858843,planet
1662.7595295620968,0.9992843,0.0013666126,31858843,planet
1662.7609184764701,0.9987581,0.0013669692,31858843,planet
1662.7623073913103,1.0000008,0.0013667345,31858843,planet
1662.7636963056848,0.99966353,0.0013667732,31858843,planet
1662.7650852205238,1.001349,0.0013675309,31858843,planet
1662.7664741348972,0.99883735,0.001366851,31858843,planet
1662.7678630497371,1.0000727,0.0013664698,31858843,planet
1662.769251964111,0.99895996,0.0013662974,31858843,planet
1662.7706408789506,0.9985135,0.0013661736,31858843,planet
1662.7720297937904,1.0007349,0.0013676705,31858843,planet
1662.7734187081637,0.99873865,0.0013663109,31858843,planet
1662.7748076230027,1.0009531,0.0013669654,31858843,planet
1662.7761965373766,0.99999523,0.0013648903,31858843,planet
1662.7775854522165,1.0003827,0.0013664542,31858843,planet
1662.7789743665903,1.0034083,0.0013680423,31858843,planet
1662.78036328143,0.9977818,0.0013661466,31858843,planet
1662.7817521958032,0.99986714,0.0013668775,31858843,planet
1662.7831411106422,1.0019877,0.0013671528,31858843,planet
1662.7845300250165,1.0008525,0.0013659871,31858843,planet
1662.785918939856,1.0018018,0.0013669009,31858843,planet
1662.7873078542302,0.9996451,0.0013649334,31858843,planet
1662.788696768604,1.0023117,0.0013661538,31858843,planet
1662.790085683443,0.9979125,0.0013650579,31858843,planet
1662.7914745978164,1.0008491,0.001367509,31858843,planet
1662.792863512656,1.0003148,0.0013671354,31858843,planet
1662.7942524270302,1.0007405,0.0013673687,31858843,planet
1662.7956413418697,0.9976668,0.0013652182,31858843,planet
1662.797030256244,1.0006057,0.0013674729,31858843,planet
1662.7984191710827,1.0004154,0.0013667706,31858843,planet
1662.7998080854559,0.99907804,0.0013654797,31858843,planet
1662.8011970002963,0.9996563,0.0013657208,31858843,planet
1662.8025859146705,1.0003713,0.0013672265,31858843,planet
1662.803974829044,0.9984632,0.0013659426,31858843,planet
1662.8053637438834,0.9997352,0.0013654012,31858843,planet
1662.8067526582568,1.0006196,0.0013667142,31858843,planet
1662.8081415730958,0.99769616,0.0013659797,31858843,planet
1662.8095304874705,0.99980557,0.0013665163,31858843,planet
1662.8109194018452,0.99791163,0.0013659289,31858843,planet
1662.8123083166843,1.0004624,0.0013664699,31858843,planet
1662.8136972310576,0.99915034,0.0013659523,31858843,planet
1662.815086145897,0.99891424,0.0013660901,31858843,planet
1662.8164750602705,1.0004137,0.0013661411,31858843,planet
1662.8178639746443,1.0002835,0.0013663801,31858843,planet
1662.8192528894847,1.001762,0.0013673285,31858843,planet
1662.820641803858,1.0000609,0.0013665078,31858843,planet
1662.8220307182314,1.0003908,0.0013663956,31858843,planet
1662.8234196330714,1.0006433,0.0013655399,31858843,planet
1662.8248085474445,0.99943256,0.0013658156,31858843,planet
1662.8261974622842,1.0007467,0.0013664474,31858843,planet
1662.827586376659,1.0007184,0.0013664981,31858843,planet
1662.8289752910323,0.9992291,0.0013656695,31858843,planet
1662.8303642058713,0.99843466,0.0013652794,31858843,planet
1662.8317531202451,0.99923325,0.0013656464,31858843,planet
1662.8331420346192,0.9990434,0.0013667329,31858843,planet
1662.834530949459,0.9987263,0.0013651032,31858843,planet
1662.8359198638327,0.99977714,0.0013658876,31858843,planet
1662.837308778206,1.0016271,0.0013673347,31858843,planet
1662.838697693045,1.0001634,0.0013665204,31858843,planet
1662.8400866074194,0.9992504,0.0013654105,31858843,planet
1662.8414755217932,1.0009282,0.0013672321,31858843,planet
1662.8428644366327,0.9996782,0.0013667308,31858843,planet
1662.844253351007,0.998584,0.0013657089,31858843,planet
1662.8456422653803,0.9984298,0.0013651284,31858843,planet
1662.8470311797537,1.0001522,0.001366903,31858843,planet
1662.8484200945932,0.99997264,0.0013661768,31858843,planet
1662.8498090089674,0.99879724,0.0013654974,31858843,planet
1662.8511979233413,0.99790007,0.0013654508,31858843,planet
1662.8525868381807,1.0014354,0.0013671081,31858843,planet
1662.853975752554,0.99996966,0.0013658139,31858843,planet
1662.8553646669275,0.9984959,0.0013649556,31858843,planet
1662.8567535813017,1.0009097,0.001366036,31858843,planet
1662.8581424961412,0.99923366,0.001365632,31858843,planet
1662.8595314105153,0.9982615,0.0013654883,31858843,planet
1662.8609203248893,0.9992486,0.0013642177,31858843,planet
1662.8623092392631,1.0002272,0.0013661523,31858843,planet
1662.8636981541022,0.99917597,0.0013657132,31858843,planet
1662.8650870684764,1.0007191,0.0013666895,31858843,planet
1662.8664759828512,0.99967796,0.0013663232,31858843,planet
1662.8678648972243,1.001232,0.0013666557,31858843,planet
1662.869253812063,1.0008402,0.001366625,31858843,planet
1662.8706427264374,1.0015632,0.0013655729,31858843,planet
1662.8720316408107,1.0009484,0.0013669726,31858843,planet
1662.8734205551846,0.99947506,0.0013652545,31858843,planet
1662.874809470025,1.0002911,0.0013659995,31858843,planet
1662.8761983843983,1.0005286,0.0013661946,31858843,planet
1662.8775872987717,0.9991387,0.0013650503,31858843,planet
1662.8789762131455,0.99981683,0.0013652752,31858843,planet
1662.8803651275189,1.0002807,0.0013657532,31858843,planet
1662.8817540423588,1.0001053,0.0013650241,31858843,planet
1662.8831429567335,0.9982718,0.0013657096,31858843,planet
1662.884531871107,0.99829715,0.0013652671,31858843,planet
1662.88592078548,0.99946076,0.0013649999,31858843,planet
1662.887309699854,0.9987435,0.0013654015,31858843,planet
1662.888698614228,0.998285,0.0013651289,31858843,planet
1662.8900875290678,0.99882656,0.0013649623,31858843,planet
1662.8914764434417,1.0001596,0.0013651915,31858843,planet
1662.892865357815,0.99823666,0.0013649411,31858843,planet
1662.8942542721884,0.9996319,0.0013656003,31858843,planet
1662.8956431865622,1.0008106,0.0013667099,31858843,planet
1662.8970321009365,0.9996746,0.001365889,31858843,planet
1662.898421015776,1.0002586,0.0013654691,31858843,planet
1662.8998099301502,1.0018176,0.0013661789,31858843,planet
1662.9011988445236,0.99819463,0.0013642017,31858843,planet
1662.902587758897,0.99947786,0.0013653409,31858843,planet
1662.9039766732708,1.0020816,0.0013671851,31858843,planet
1662.9053655876446,1.0016571,0.0013673009,31858843,planet
1662.9067545020189,0.99968225,0.0013652613,31858843,planet
1662.9081434163927,1.0006802,0.0013666786,31858843,planet
1662.9095323312317,1.0023762,0.001366903,31858843,planet
1662.910921245605,1.0000086,0.0013666195,31858843,planet
1662.9123101599791,0.99984723,0.001365318,31858843,planet
1662.9136990743536,1.001183,0.0013657426,31858843,planet
1662.915087988728,0.9978679,0.0013645063,31858843,planet
1662.9164769031013,1.0005474,0.0013649788,31858843,planet
1662.917865817475,0.9994447,0.0013661397,31858843,planet
1662.9192547318485,1.0003992,0.0013655737,31858843,planet
1662.9206436462227,0.9973486,0.001365208,31858843,planet
1662.9220325605972,1.0012584,0.0013656828,31858843,planet
1662.9234214749704,1.0002484,0.0013657096,31858843,planet
1662.9248103893437,0.99876744,0.0013657174,31858843,planet
1662.9261993041837,1.0005516,0.0013656743,31858843,planet
1662.927588218557,1.0001099,0.0013656733,31858843,planet
1662.9289771329309,0.9996353,0.0013647027,31858843,planet
1662.9303660473056,0.9992196,0.0013648403,31858843,planet
1662.931754961679,0.99693054,0.0013640885,31858843,planet
1662.9331438760523,1.0002415,0.0013653844,31858843,planet
1662.9345327904261,0.99973744,0.0013657801,31858843,planet
1662.9359217047995,1.0011868,0.0013660543,31858843,planet
1662.9373106191738,0.9998223,0.001364568,31858843,planet
1662.9386995335485,1.0020747,0.0013661354,31858843,planet
1662.9400884479217,0.99908936,0.0013654019,31858843,planet
1662.9414773622948,1.0019529,0.0013660315,31858843,planet
1662.942866276669,0.9984761,0.001364871,31858843,planet
1662.9442551910424,1.0006117,0.0013657215,31858843,planet
1662.9456441054162,0.9996665,0.0013646208,31858843,planet
1662.947033019791,1.0000626,0.0013656241,31858843,planet
1662.9484219341643,1.000417,0.0013649032,31858843,planet
1662.9498108485377,0.99903184,0.0013644,31858843,planet
1662.9511997629115,0.99744844,0.0013646359,31858843,planet
1662.9525886772858,1.0012854,0.0013651593,31858843,planet
1662.9539775916596,0.9994811,0.0013661768,31858843,planet
1662.955366506034,0.9977174,0.0013647162,31858843,planet
1662.956755420407,1.0035421,0.0013663243,31858843,planet
1662.9581443347802,1.0001748,0.0013647367,31858843,planet
1662.9595332491544,0.99860984,0.0013648999,31858843,planet
1662.9609221635283,0.9994099,0.0013647872,31858843,planet
1662.9623110779025,1.0007173,0.0013649218,31858843,planet
1662.9636999922764,1.0002174,0.0013650373,31858843,planet
1662.9650889066506,0.9983148,0.001363313,31858843,planet
1662.9664778210238,0.997971,0.0013634521,31858843,planet
1662.9678667349312,0.99718374,0.0013641133,31858843,planet
1662.969255649306,0.9999194,0.0013657705,31858843,planet
1662.9706445636803,0.9989174,0.0013644196,31858843,planet
1662.9720334780536,0.9994857,0.0013646128,31858843,planet
1662.9734223924274,0.99974066,0.0013654873,31858843,planet
1662.9748113068008,0.9983459,0.0013639304,31858843,planet
1662.9762002211742,1.0009488,0.0013657733,31858843,planet
1662.977589135549,0.9998109,0.0013654934,31858843,planet
1662.9789780499227,0.9980622,0.0013639053,31858843,planet
1662.980366964296,0.9992711,0.0013650137,31858843,planet
1662.9817558786704,0.9973794,0.0013636729,31858843,planet
1662.9831447930435,0.99754375,0.0013634547,31858843,planet
1662.9845337069519,0.9983091,0.0013633271,31858843,planet
1662.9859226213266,0.99927616,0.0013646897,31858843,planet
1662.9873115357,1.0002438,0.0013646907,31858843,planet
1662.9887004500733,1.0003822,0.001364289,31858843,planet
1662.9900893644472,1.0007294,0.0013653126,31858843,planet
1662.9914782788205,0.99979854,0.0013639899,31858843,planet
1662.9928671931943,0.99980026,0.0013644288,31858843,planet
1662.994256107569,1.0016763,0.0013647751,31858843,planet
1662.9956450214768,1.0001996,0.0013644191,31858843,planet
1662.9970339358501,0.9989249,0.0013643455,31858843,planet
1662.9984228502244,0.9994468,0.0013633347,31858843,planet
1662.9998117645978,0.9991223,0.0013643055,31858843,planet
1663.0012006789716,1.0008618,0.0013650991,31858843,planet
1663.0025895933463,0.9986577,0.0013636723,31858843,planet
1663.003978507254,0.99985164,0.0013636859,31858843,planet
1663.0053674216274,0.99872744,0.0013633398,31858843,planet
1663.0067563360012,0.99964464,0.0013636996,31858843,planet
1663.0081452503755,0.9979425,0.0013630575,31858843,planet
1663.0095341647493,0.9995917,0.0013641126,31858843,planet
1663.0109230791231,0.9988324,0.0013634665,31858843,planet
1663.0123119930308,1.0000236,0.0013640757,31858843,planet
1663.0137009074042,1.0012578,0.0013649764,31858843,planet
1663.0150898217785,1.0005056,0.0013641155,31858843,planet
1663.0164787361532,0.99922,0.0013639287,31858843,planet
1663.017867650527,1.0003496,0.0013644646,31858843,planet
1663.0192565644347,1.0011909,0.0013645246,31858843,planet
1663.0206454788085,0.9987071,0.0013633524,31858843,planet
1663.022034393182,0.99864674,0.0013635944,31858843,planet
1663.0234233075553,0.9986613,0.0013638106,31858843,planet
1663.0248122214643,0.9980604,0.0013639613,31858843,planet
1663.0262011358386,1.001613,0.0013653288,31858843,planet
1663.0275900502118,0.9999292,0.0013643435,31858843,planet
1663.0289789645858,1.0020854,0.0013644658,31858843,planet
1663.0303678784935,1.0009027,0.0013645084,31858843,planet
1663.0317567928669,1.0011814,0.0013638852,31858843,planet
1663.0331457072416,1.0025282,0.0013640389,31858843,planet
1663.0345346216154,1.0010184,0.0013639292,31858843,planet
1663.0359235355231,0.9994831,0.0013638532,31858843,planet
1663.0373124498972,1.0017151,0.0013639401,31858843,planet
1663.0387013642703,1.0000259,0.001363551,31858843,planet
1663.0400902786446,1.0007714,0.0013635422,31858843,planet
1663.0414791925537,0.99944633,0.001362442,31858843,planet
1663.042868106927,1.0009726,0.0013643493,31858843,planet
1663.0442570213004,0.99923295,0.0013619509,31858843,planet
1663.0456459352085,1.0011903,0.0013640571,31858843,planet
1663.047034849582,1.0000715,0.0013638245,31858843,planet
1663.0484237639557,0.99865705,0.0013632787,31858843,planet
1663.0498126783305,1.0008028,0.0013643659,31858843,planet
1663.0512015922382,1.0005149,0.0013635951,31858843,planet
1663.0525905066115,0.9998985,0.0013628436,31858843,planet
1663.0539794209856,1.0003625,0.0013633446,31858843,planet
1663.055368334893,0.9996545,0.001362019,31858843,planet
1663.0567572492673,1.0013605,0.0013603929,31858843,planet
1663.058146163642,1.0018737,0.001363357,31858843,planet
1663.0595350775498,0.9992204,0.0013622628,31858843,planet
1663.0609239919231,1.0012038,0.0013631944,31858843,planet
1663.062312906297,1.0004812,0.0013624001,31858843,planet
1663.0637018202046,0.9998978,0.0013626817,31858843,planet
1663.0650907345785,1.001311,0.0013621809,31858843,planet
1663.0664796489532,0.99986285,0.0013628876,31858843,planet
1663.0678685628618,1.001792,0.001363042,31858843,planet
1663.0692574772352,1.0003389,0.0013633891,31858843,planet
1663.0706463911429,0.9996721,0.0013625127,31858843,planet
1663.0720353055174,0.99907726,0.0013619168,31858843,planet
1663.0734242198914,0.998862,0.0013623826,31858843,planet
1663.0748131337991,1.0014917,0.0013634609,31858843,planet
1663.076202048173,1.0023865,0.0013635845,31858843,planet
1663.0775909625463,0.9985909,0.0013622346,31858843,planet
1663.078979876454,0.9997035,0.0013629352,31858843,planet
1663.0803687908287,0.99992603,0.0013618248,31858843,planet
1663.0817577047371,0.99921685,0.0013626977,31858843,planet
1663.0831466191103,1.001685,0.001363583,31858843,planet
1663.0845355334845,1.0009937,0.0013628273,31858843,planet
1663.0859244473922,1.0004156,0.0013624171,31858843,planet
1663.0873133617656,0.9994357,0.0013627973,31858843,planet
1663.0887022756747,1.0008534,0.0013635935,31858843,planet
1663.0900911900485,0.9993227,0.001362623,31858843,planet
1663.0914801044219,0.9985822,0.0013628737,31858843,planet
1663.09286901833,0.99962837,0.0013618303,31858843,planet
1663.0942579327034,0.99932915,0.0013619347,31858843,planet
1663.095646846611,0.99749184,0.0013614428,31858843,planet
1663.0970357609858,0.9995739,0.0013624082,31858843,planet
1663.0984246748942,0.9983539,0.0013625806,31858843,planet
1663.0998135892673,0.9985801,0.0013620269,31858843,planet
1663.101202503176,1.0000004,0.0013624053,31858843,planet
1663.1025914175493,0.9973712,0.0013622055,31858843,planet
1663.1039803314575,0.99944454,0.0013625919,31858843,planet
1663.1053692458322,1.0009282,0.001362863,31858843,planet
1663.1067581602056,0.9992705,0.0013629012,31858843,planet
1663.1081470741133,0.9996503,0.0013622383,31858843,planet
1663.109535988487,0.9991693,0.0013626028,31858843,planet
1663.1109249023948,0.9984006,0.0013619076,31858843,planet
1663.112313816769,1.0013657,0.0013624418,31858843,planet
1663.1137027306781,0.9981216,0.001361472,31858843,planet
1663.1150916450515,1.0014895,0.0013625781,31858843,planet
1663.116480558959,0.99823195,0.0013617253,31858843,planet
1663.117869473333,0.99852073,0.0013613552,31858843,planet
1663.1192583872412,1.0003853,0.0013628025,31858843,planet
1663.1206473016155,1.0018393,0.0013620863,31858843,planet
1663.1220362155236,1.0007548,0.0013620694,31858843,planet
1663.123425129898,1.0004933,0.001362697,31858843,planet
1663.1248140438054,1.0003867,0.0013635108,31858843,planet
1663.1262029581785,0.9983883,0.0013610643,31858843,planet
1663.1275918720871,1.0006623,0.0013618594,31858843,planet
1663.1289807859953,0.99970376,0.0013619474,31858843,planet
1663.1303697003696,0.99939543,0.0013622714,31858843,planet
1663.1317586142777,0.99990845,0.0013620048,31858843,planet
1663.133147528651,1.0012962,0.0013629697,31858843,planet
1663.1345364425588,0.9992729,0.0013626238,31858843,planet
1663.1359253569335,0.9991342,0.0013630892,31858843,planet
1663.1373142708417,0.9997944,0.0013620115,31858843,planet
1663.138703185215,1.0011089,0.0013636006,31858843,planet
1663.1400920991236,1.001028,0.0013625821,31858843,planet
1663.1414810130314,0.9981456,0.0013609176,31858843,planet
1663.1428699274045,1.0017264,0.0013631404,31858843,planet
1663.1442588413133,0.999228,0.0013622467,31858843,planet
1663.1456477556876,1.0014104,0.0013630448,31858843,planet
1663.1470366695953,1.0009105,0.0013626855,31858843,planet
1663.1484255839691,0.99848354,0.0013618518,31858843,planet
1663.1498144978768,0.9988084,0.0013609438,31858843,planet
1663.1512034117845,1.0027704,0.0013629923,31858843,planet
1663.1525923261593,1.000145,0.0013619793,31858843,planet
1663.1539812400674,1.0037838,0.0013640105,31858843,planet
1663.1553701539751,0.99976337,0.0013621594,31858843,planet
1663.1567590683494,1.0001534,0.0013622211,31858843,planet
1663.158147982257,0.99972224,0.0013623191,31858843,planet
1663.159536896631,1.0021747,0.0013631531,31858843,planet
1663.16092581054,1.0002989,0.0013624607,31858843,planet
1663.1623147244477,0.9977592,0.0013609738,31858843,planet
1663.163703638821,0.99858344,0.0013620901,31858843,planet
1663.1650925527292,1.000497,0.0013619951,31858843,planet
1663.166481466637,0.9999538,0.0013616662,31858843,planet
1663.1678703810112,1.0006199,0.0013623332,31858843,planet
1663.16925929492,1.0001894,0.0013628118,31858843,planet
1663.1706482088284,1.0020036,0.0013621907,31858843,planet
1663.1720371232018,1.0003408,0.0013619282,31858843,planet
1663.1734260371095,1.0014822,0.0013628121,31858843,planet
1663.1748149510177,1.0015383,0.0013631869,31858843,planet
1663.176203865392,0.99952847,0.0013629464,31858843,planet
1663.1775927793,0.9991092,0.0013611766,31858843,planet
1663.1789816932085,0.99943733,0.001362393,31858843,planet
1663.1803706075816,1.0020715,0.0013626732,31858843,planet
1663.1817595214893,1.0017995,0.0013622234,31858843,planet
1663.183148435398,0.9998918,0.0013618619,31858843,planet
1663.1845373497717,1.0006828,0.0013616941,31858843,planet
1663.1859262636804,0.99891305,0.0013615326,31858843,planet
1663.1873151775885,0.9997882,0.0013629535,31858843,planet
1663.1887040914962,0.99999756,0.0013618119,31858843,planet
1663.1900930058696,0.9995301,0.0013623348,31858843,planet
1663.1914819197787,1.0021513,0.0013628043,31858843,planet
1663.1928708336868,1.0005577,0.001362064,31858843,planet
1663.1942597480602,1.0014766,0.0013623984,31858843,planet
1663.1956486619686,1.0022576,0.0013632069,31858843,planet
1663.197037575876,1.0019361,0.0013627195,31858843,planet
1663.1984264897837,1.0004661,0.001361447,31858843,planet
1663.1998154041585,0.99947333,0.0013615662,31858843,planet
1663.201204318067,1.0014538,0.0013628609,31858843,planet
1663.2025932319748,0.99926823,0.0013619481,31858843,planet
1663.203982145883,1.0018287,0.0013622502,31858843,planet
1663.2053710602563,1.0006943,0.0013617977,31858843,planet
1663.206759974164,0.9985289,0.0013614331,31858843,planet
1663.208148888073,1.0013925,0.0013625573,31858843,planet
1663.2095378019812,0.9987893,0.0013617531,31858843,planet
1663.2109267163546,1.0006852,0.0013617501,31858843,planet
1663.2123156302632,1.0006522,0.0013623494,31858843,planet
1663.2137045441707,0.99999684,0.0013627536,31858843,planet
1663.2150934580782,1.0005716,0.001362018,31858843,planet
1663.2164823719872,1.0002949,0.0013625048,31858843,planet
1663.2178712863615,1.0015321,0.0013622598,31858843,planet
1663.2192602002692,0.99987614,0.0013617614,31858843,planet
1663.2206491141774,1.0011282,0.0013619398,31858843,planet
1663.2220380280858,0.9991393,0.0013618149,31858843,planet
1663.2234269419941,1.0000094,0.0013623877,31858843,planet
1663.224815856368,1.000036,0.0013617527,31858843,planet
1663.2262047702766,1.0005729,0.0013625564,31858843,planet
1663.2275936841843,1.0004734,0.0013627635,31858843,planet
1663.228982598092,0.99859256,0.0013611644,31858843,planet
1663.2303715120001,0.9975411,0.0013610222,31858843,planet
1663.2317604259085,1.0016766,0.0013622297,31858843,planet
1663.2331493402826,0.99767005,0.0013615307,31858843,planet
1663.2345382541907,0.99982864,0.0013619084,31858843,planet
1663.2359271680984,1.0011358,0.0013600717,31858843,planet
1663.2373160820061,1.0013752,0.0013612986,31858843,planet
1663.2387049959148,1.0013071,0.0013623942,31858843,planet
1663.240093909823,0.9987782,0.0013613169,31858843,planet
1663.241482823731,0.99736893,0.0013606744,31858843,planet
1663.2428717381054,0.99862593,0.0013616689,31858843,planet
1663.244260652013,1.000124,0.0013622477,31858843,planet
1663.2456495659208,0.99936295,0.0013618293,31858843,planet
1663.247038479829,0.99902403,0.0013622638,31858843,planet
1663.2484273937373,1.000849,0.0013622957,31858843,planet
1663.2498163076457,1.0005037,0.0013622169,31858843,planet
1663.2512052215538,1.0011193,0.0013624114,31858843,planet
1663.2525941354615,1.0001553,0.0013614388,31858843,planet
1663.2539830493693,0.9993302,0.0013616349,31858843,planet
1663.255371963744,1.000037,0.0013613875,31858843,planet
1663.2567608776526,1.0016019,0.0013607724,31858843,planet
1663.25814979156,1.0025554,0.001363888,31858843,planet
1663.2595387054685,0.9992245,0.0013610948,31858843,planet
1663.2609276193762,0.9985066,0.0013605314,31858843,planet
1663.2623165332839,0.9997598,0.0013622574,31858843,planet
1663.263705447193,0.9997798,0.00136202,31858843,planet
1663.265094361101,0.9993,0.0013616259,31858843,planet
1663.2664832750088,0.9992531,0.0013619891,31858843,planet
1663.267872188917,1.0002923,0.0013613729,31858843,planet
1663.2692611028247,0.9974986,0.0013603362,31858843,planet
1663.2706500167324,0.9992554,0.0013611347,31858843,planet
1663.2720389306414,1.0009075,0.0013618212,31858843,planet
1663.2734278445505,1.0008259,0.0013625477,31858843,planet
1663.2748167584582,1.001794,0.0013627612,31858843,planet
1663.276205672366,0.9986344,0.0013612679,31858843,planet
1663.277594586274,0.99948,0.0013612893,31858843,planet
1663.2789835001827,0.99856436,0.0013606717,31858843,planet
1663.2803724140908,0.99919695,0.0013604505,31858843,planet
1663.281761328465,0.9994251,0.0013610073,31858843,planet
1663.2831502423728,1.0005711,0.0013616857,31858843,planet
1663.2845391562803,1.0015384,0.0013630496,31858843,planet
1663.2859280701887,1.000904,0.001361483,31858843,planet
1663.2873169840968,0.9970858,0.0013602265,31858843,planet
1663.2887058980054,0.99773574,0.0013592188,31858843,planet
1663.2900948119136,1.0001144,0.0013616214,31858843,planet
1663.2914837253556,0.9991636,0.0013606134,31858843,planet
1663.2928726392634,1.000183,0.0013621317,31858843,planet
1663.2942615531715,1.0003833,0.0013608551,31858843,planet
1663.2956504670801,1.000689,0.0013623676,31858843,planet
1663.2970393809883,0.9993824,0.0013603977,31858843,planet
1663.298428294897,0.99984616,0.0013602914,31858843,planet
1663.2998172088046,1.0020369,0.001361149,31858843,planet
1663.3012061227123,1.0000108,0.0013609781,31858843,planet
1663.3025950366205,1.0006508,0.0013603574,31858843,planet
1663.3039839505286,0.9998888,0.0013609638,31858843,planet
1663.3053728644372,0.99785656,0.0013605264,31858843,planet
1663.3067617783454,0.99928606,0.0013594008,31858843,planet
1663.308150692253,1.0010697,0.0013614353,31858843,planet
1663.3095396061608,1.0032732,0.00136209,31858843,planet
1663.3109285200699,0.99689347,0.0013583518,31858843,planet
1663.312317433978,0.99902433,0.0013607652,31858843,planet
1663.3137063478857,1.0009851,0.0013617664,31858843,planet
1663.3150952617943,1.0008403,0.0013615792,31858843,planet
1663.316484175702,0.9992243,0.0013605371,31858843,planet
1663.317873089144,0.99970514,0.0013607625,31858843,planet
1663.3192620030532,1.0036485,0.0013602565,31858843,planet
1663.3206509169613,0.99582636,0.0013587062,31858843,planet
1663.322039830869,0.9991658,0.0013597053,31858843,planet
1663.3234287447772,1.0016608,0.0013611756,31858843,planet
1663.3248176586858,0.9979641,0.0013596712,31858843,planet
1663.3262065725935,1.0005178,0.0013613895,31858843,planet
1663.3275954865017,1.0013435,0.0013615907,31858843,planet
1663.3289844004107,1.0005479,0.0013613993,31858843,planet
1663.3303733138528,0.99867725,0.0013605196,31858843,planet
1663.3317622277605,0.9984227,0.0013606616,31858843,planet
1663.3331511416686,1.0011472,0.0013620012,31858843,planet
1663.3345400555763,0.9985486,0.0013599189,31858843,planet
1663.335928969485,0.9988977,0.0013614063,31858843,planet
1663.3373178833938,0.99937147,0.0013614406,31858843,planet
1663.3387067973013,1.0003281,0.001361225,31858843,planet
1663.3400957107433,0.9983099,0.0013602341,31858843,planet
1663.341484624652,0.9996836,0.001361192,31858843,planet
1663.34287353856,0.9979621,0.001360315,31858843,planet
1663.3442624524687,0.9980793,0.0013604669,31858843,planet
1663.3456513663768,1.000091,0.001360557,31858843,planet
1663.3470402802845,1.0008088,0.0013602738,31858843,planet
1663.3484291937266,1.0000931,0.001360028,31858843,planet
1663.3498181076347,1.0008606,0.001358065,31858843,planet
1663.3512070215434,1.0008128,0.0013594609,31858843,planet
1663.3525959354515,0.9978021,0.0013580574,31858843,planet
1663.3539848493601,1.002378,0.0013591169,31858843,planet
1663.3553737632676,1.0003809,0.0013597548,31858843,planet
1663.3567626767094,1.0014203,0.0013603267,31858843,planet
1663.358151590618,1.000651,0.0013579805,31858843,planet
1663.3595405045262,0.9994542,0.0013598725,31858843,planet
1663.3609294184348,0.999802,0.0013599055,31858843,planet
1663.3623183318773,0.9998892,0.001358998,31858843,planet
1663.363707245785,0.99820805,0.0013592028,31858843,planet
1663.3650961596927,0.99793124,0.0013591627,31858843,planet
1663.3664850736009,0.996779,0.0013590108,31858843,planet
1663.3678739875095,0.99868387,0.0013599519,31858843,planet
1663.369262900952,0.9999863,0.0013595626,31858843,planet
1663.3706518148606,0.99967474,0.0013602127,31858843,planet
1663.372040728768,0.99843365,0.0013596716,31858843,planet
1663.3734296426755,1.0001935,0.001358254,31858843,planet
1663.374818556119,0.9989603,0.0013592764,31858843,planet
1663.376207470028,0.9993873,0.0013596725,31858843,planet
1663.3775963839357,1.0000323,0.0013596541,31858843,planet
1663.3789852978434,0.99929893,0.0013610357,31858843,planet
1663.3803742112864,0.99672335,0.0013579653,31858843,planet
1663.3817631251939,0.99803466,0.001359278,31858843,planet
1663.3831520391022,0.9991011,0.0013597843,31858843,planet
1663.3845409525456,1.0002791,0.0013604447,31858843,planet
1663.3859298664534,0.9968217,0.0013586599,31858843,planet
1663.387318780361,1.0003822,0.0013612215,31858843,planet
1663.3887076942692,0.9999171,0.0013601935,31858843,planet
1663.3900966077113,0.9996644,0.0013599013,31858843,planet
1663.3914855216194,0.9990133,0.0013589194,31858843,planet
1663.3928744355285,0.9983786,0.0013594319,31858843,planet
1663.3942633489705,0.9997315,0.0013593858,31858843,planet
1663.3956522628782,0.9989559,0.0013595711,31858843,planet
1663.3970411767868,1.0006154,0.0013599072,31858843,planet
1663.3984300902287,0.9972381,0.0013583406,31858843,planet
1663.399819004137,0.99916464,0.0013593101,31858843,planet
1663.401207918046,0.9985986,0.0013593448,31858843,planet
1663.4025968314882,0.9995569,0.0013597801,31858843,planet
1663.4039857453959,1.0001383,0.0013600982,31858843,planet
1663.405374659304,0.9978082,0.0013594853,31858843,planet
1663.406763572747,0.99818885,0.0013588846,31858843,planet
1663.4081524866551,0.9998308,0.0013592493,31858843,planet
1663.4095414005633,0.9982734,0.0013586615,31858843,planet
1663.4109303140053,0.9974539,0.0013587379,31858843,planet
1663.412319227913,1.0001837,0.0013587584,31858843,planet
1663.4137081418216,0.99978125,0.0013573702,31858843,planet
1663.4150970552641,1.0000043,0.00135965,31858843,planet
1663.4164859691728,0.9999829,0.0013601532,31858843,planet
1663.4178748826153,0.99913365,0.001358565,31858843,planet
1663.419263796523,0.99828374,0.0013578924,31858843,planet
1663.4206527104307,0.99923044,0.0013595463,31858843,planet
1663.4220416238732,1.0010021,0.001359674,31858843,planet
1663.4234305377818,1.0010701,0.0013596471,31858843,planet
1663.4248194512243,0.9987073,0.0013586554,31858843,planet
1663.4262083651327,0.9980103,0.0013577472,31858843,planet
1663.427597279041,1.0000873,0.0013593192,31858843,planet
1663.428986192483,1.000709,0.0013603832,31858843,planet
1663.4303751063912,0.99926996,0.0013594865,31858843,planet
1663.4317640198346,0.9985622,0.0013587648,31858843,planet
1663.4331529337423,1.0014131,0.0013598342,31858843,planet
1663.43454184765,0.99748343,0.0013583475,31858843,planet
1663.4359307610925,0.9992151,0.0013583759,31858843,planet
1663.4373196750003,0.9992001,0.001359198,31858843,planet
1663.4387085884432,0.9988335,0.0013586817,31858843,planet
1663.4400975023523,0.9986206,0.0013585998,31858843,planet
1663.4414864157943,1.0005537,0.0013593726,31858843,planet
1663.442875329702,0.99943584,0.0013594428,31858843,planet
1663.4442642431445,0.99855024,0.001358195,31858843,planet
1663.4456531570522,0.99826276,0.0013581796,31858843,planet
1663.4470420704947,0.99943584,0.0013586252,31858843,planet
1663.4484309844038,0.9993515,0.0013586978,31858843,planet
1663.4498198983115,0.99825734,0.0013576631,31858843,planet
1663.4512088117535,0.99913436,0.0013581782,31858843,planet
1663.452597725662,0.9979261,0.0013577486,31858843,planet
1663.4539866391037,1.0011083,0.001358369,31858843,planet
1663.4553755530123,0.99874943,0.0013582117,31858843,planet
1663.4567644664558,1.0014856,0.0013591046,31858843,planet
1663.4581533803635,1.0003506,0.0013591619,31858843,planet
1663.4595422938055,0.99696106,0.0013575797,31858843,planet
1663.4609312077137,1.000377,0.001358795,31858843,planet
1663.4623201211562,0.9983479,0.0013584014,31858843,planet
1663.4637090350648,1.00002,0.001359289,31858843,planet
1663.4650979485073,0.9993607,0.0013578383,31858843,planet
1663.466486862415,1.0021815,0.0013595299,31858843,planet
1663.467875775857,1.0014879,0.0013591752,31858843,planet
1663.4692646897656,1.0000157,0.0013587902,31858843,planet
1663.4706536032081,1.0008078,0.001358906,31858843,planet
1663.4720425166506,1.0001005,0.0013588946,31858843,planet
1663.4734314305592,1.0010722,0.0013588036,31858843,planet
1663.4748203440013,0.9999028,0.0013583332,31858843,planet
1663.476209257909,0.99921316,0.0013586447,31858843,planet
1663.4775981713515,1.0010258,0.0013587533,31858843,planet
1663.4789870852599,1.0012935,0.0013593152,31858843,planet
1663.4803759987026,1.0005821,0.001359578,31858843,planet
1663.4817649126107,0.9989398,0.0013586095,31858843,planet
1663.4831538260537,1.000196,0.0013584127,31858843,planet
1663.4845427394957,1.0001391,0.0013599244,31858843,planet
1663.4859316534034,1.0001314,0.001359048,31858843,planet
1663.4873205668468,1.0001335,0.0013589651,31858843,planet
1663.488709480755,0.9994535,0.0013582404,31858843,planet
1663.490098394197,1.0000424,0.0013582902,31858843,planet
1663.4914873081052,1.0005108,0.0013582495,31858843,planet
1663.4928762215472,0.9981641,0.0013578959,31858843,planet
1663.4942651349902,0.9995294,0.0013583625,31858843,planet
1663.4956540488993,1.0004777,0.0013588298,31858843,planet
1663.497042962341,0.9988935,0.0013588215,31858843,planet
1663.498431875783,1.0013756,0.0013590702,31858843,planet
1663.4998207896915,1.0021838,0.0013590227,31858843,planet
1663.5012097031336,1.0001104,0.001359035,31858843,planet
1663.5025986170417,0.999764,0.0013593213,31858843,planet
1663.5039875304851,0.9987885,0.0013576184,31858843,planet
1663.5053764439272,1.0002855,0.0013587403,31858843,planet
1663.5067653578349,1.0000621,0.0013588988,31858843,planet
1663.5081542712774,1.001188,0.0013591271,31858843,planet
1663.5095431847194,0.99872655,0.0013585533,31858843,planet
1663.510932098628,0.99972963,0.00135925,31858843,planet
1663.5123210120714,0.99942654,0.0013588093,31858843,planet
1663.5137099255135,1.0003684,0.0013589159,31858843,planet
1663.515098839421,0.9988892,0.001358597,31858843,planet
1663.5164877528637,1.0009779,0.0013591589,31858843,planet
1663.5178766663057,0.9991757,0.001358302,31858843,planet
1663.5192655802139,1.0011945,0.0013586227,31858843,planet
1663.5206544936573,0.99957985,0.0013578053,31858843,planet
1663.5220434070993,0.99755996,0.0013572394,31858843,planet
1663.523432321007,1.00151,0.0013592499,31858843,planet
1663.5248212344495,1.0009217,0.0013594221,31858843,planet
1663.5262101478925,0.9993028,0.0013581591,31858843,planet
1663.5275990618006,0.99758464,0.0013569493,31858843,planet
1663.5289879752436,1.0004846,0.0013592013,31858843,planet
1663.5303768886856,0.99913627,0.0013587921,31858843,planet
1663.531765802593,0.99800855,0.0013568468,31858843,planet
1663.5331547160358,1.000288,0.0013583471,31858843,planet
1663.5345436294792,0.9995338,0.0013584103,31858843,planet
1663.5359325429217,0.9999516,0.0013589934,31858843,planet
1663.5373214568294,0.99799955,0.0013586367,31858843,planet
1663.5387103702724,1.0002059,0.0013590722,31858843,planet
1663.5400992837144,1.0016026,0.0013593656,31858843,planet
1663.541488197622,0.9988479,0.0013585167,31858843,planet
1663.542877111065,1.000016,0.0013592589,31858843,planet
1663.544266024508,0.998994,0.0013590228,31858843,planet
1663.54565493795,0.99927497,0.0013593569,31858843,planet
1663.5470438518582,0.9998202,0.0013595114,31858843,planet
1663.5484327653003,0.9990696,0.0013586346,31858843,planet
1663.549821678743,0.9989254,0.001358599,31858843,planet
1663.5512105921862,1.0014927,0.0013600604,31858843,planet
1663.5525995056282,0.9989432,0.0013588547,31858843,planet
1663.553988419536,0.9993974,0.0013590192,31858843,planet
1663.5553773329789,1.0005587,0.0013587199,31858843,planet
1663.556766246421,1.0005931,0.0013594733,31858843,planet
1663.5581551598634,0.9998579,0.0013583195,31858843,planet
1663.5595440737725,0.9998214,0.0013599179,31858843,planet
1663.5609329872145,1.0007348,0.0013592349,31858843,planet
1663.5623219006566,1.0014832,0.001359979,31858843,planet
1663.563710814099,1.0002974,0.0013592482,31858843,planet
1663.565099727541,0.9976381,0.0013580938,31858843,planet
1663.5664886414497,0.99969935,0.0013586512,31858843,planet
1663.567877554893,1.0016668,0.0013598496,31858843,planet
1663.5692664683347,1.0010514,0.0013595134,31858843,planet
1663.5706553817768,0.9992604,0.001358783,31858843,planet
1663.5720442952197,1.0023907,0.0013599632,31858843,planet
1663.5734332086618,1.001154,0.0013603307,31858843,planet
1663.57482212257,0.9991617,0.0013586391,31858843,planet
1663.5762110360133,0.999128,0.0013588751,31858843,planet
1663.5775999494554,0.9989249,0.0013586561,31858843,planet
1663.5789888628974,0.9987685,0.0013588403,31858843,planet
1663.58037777634,1.0011498,0.0013600051,31858843,planet
1663.5817666897829,1.0025268,0.0013603782,31858843,planet
1663.583155603691,0.99927676,0.0013593845,31858843,planet
1663.584544517134,0.9996422,0.0013591504,31858843,planet
1663.5859334305765,1.0000279,0.0013592349,31858843,planet
1663.5873223440185,1.0000267,0.0013592888,31858843,planet
1663.5887112574605,0.9946732,0.0013558483,31858843,planet
1663.590100170904,1.0013995,0.0013596652,31858843,planet
1663.5914890843464,0.99893284,0.0013586018,31858843,planet
1663.5928779977885,1.0027919,0.0013608885,31858843,planet
1663.5942669116969,0.99913436,0.0013589727,31858843,planet
1663.5956558251387,0.9985523,0.0013583526,31858843,planet
1663.5970447385807,1.0002884,0.0013593285,31858843,planet
1663.5984336520241,1.0007215,0.0013582153,31858843,planet
1663.599822565467,1.0019995,0.0013605214,31858843,planet
1663.6012114789091,1.0008023,0.0013599566,31858843,planet
1663.6026003923516,1.0009793,0.0013602177,31858843,planet
1663.6039893057937,0.9986586,0.0013598994,31858843,planet
1663.6053782192357,0.9977714,0.0013583554,31858843,planet
1663.6067671326791,1.0035596,0.0013611054,31858843,planet
1663.6081560461216,1.0002552,0.0013599857,31858843,planet
1663.6095449600293,1.0000632,0.0013599813,31858843,planet
1663.6109338734723,1.0020671,0.0013603161,31858843,planet
1663.612322786914,0.99976337,0.0013596067,31858843,planet
1663.6137117003568,1.000665,0.0013600327,31858843,planet
1663.6151006138002,1.0014232,0.001360761,31858843,planet
1663.6164895272423,0.99856526,0.0013583775,31858843,planet
1663.6178784406843,1.0003871,0.0013601062,31858843,planet
1663.6192673541268,0.9981024,0.001358496,31858843,planet
1663.6206562675688,0.99989134,0.0013592195,31858843,planet
1663.6220451810113,1.0008612,0.0013601136,31858843,planet
1663.6234340944548,0.9991987,0.0013606157,31858843,planet
1663.6248230078968,1.0002793,0.0013596992,31858843,planet
1663.6262119213388,0.99914944,0.0013591789,31858843,planet
1663.6276008347818,1.0012437,0.0013609176,31858843,planet
1663.6289897482236,1.0009506,0.0013604912,31858843,planet
1663.6303786616663,1.0003496,0.0013599488,31858843,planet
1663.6317675751097,0.99900115,0.0013594634,31858843,planet
1663.6331564885518,0.9986191,0.001359166,31858843,planet
1663.6345454019938,0.99873286,0.0013594374,31858843,planet
1663.6359343154363,1.0006402,0.001359579,31858843,planet
1663.6373232288784,0.999337,0.0013599306,31858843,planet
1663.6387121423209,0.9990073,0.0013602375,31858843,planet
1663.6401010557643,0.9977199,0.0013584455,31858843,planet
1663.6414899692072,1.0004605,0.0013598884,31858843,planet
1663.6428788826493,1.0001456,0.0013597098,31858843,planet
1663.6442677960913,0.9999804,0.0013605362,31858843,planet
1663.6456567095347,0.9992721,0.0013595846,31858843,planet
1663.6470456229772,1.0008711,0.0013601148,31858843,planet
1663.6484345364192,0.9973567,0.001359096,31858843,planet
1663.6498234498617,1.0013976,0.0013605385,31858843,planet
1663.6512123633038,1.0003904,0.001360287,31858843,planet
1663.6526012767458,1.0001346,0.0013603399,31858843,planet
1663.6539901901892,0.99930763,0.0013599842,31858843,planet
1663.6553791036322,0.9990237,0.0013596071,31858843,planet
1663.6567680166083,0.99903303,0.0013594822,31858843,planet
1663.658156930051,0.99796826,0.0013591279,31858843,planet
1663.659545843493,1.0001328,0.001359478,31858843,planet
1663.6609347569351,0.9971901,0.0013582095,31858843,planet
1663.6623236703786,0.99956715,0.0013595982,31858843,planet
1663.663712583821,1.0003366,0.0013600531,31858843,planet
1663.665101497263,0.9992979,0.0013590439,31858843,planet
1663.6664904107056,0.99933547,0.0013593455,31858843,planet
1663.6678793241476,1.0004872,0.0013606735,31858843,planet
1663.6692682375897,1.0025741,0.001361173,31858843,planet
1663.670657151033,1.0010792,0.0013602052,31858843,planet
1663.6720460640104,0.9992617,0.0013604253,31858843,planet
1663.6734349774522,0.99889857,0.0013588896,31858843,planet
1663.674823890895,1.0013641,0.0013608779,31858843,planet
1663.676212804337,1.001987,0.0013610574,31858843,planet
1663.6776017177795,0.9987996,0.0013590443,31858843,planet
1663.6789906312229,1.0010962,0.0013607383,31858843,planet
1663.680379544665,0.9982281,0.0013597034,31858843,planet
1663.681768458107,0.9998551,0.0013600934,31858843,planet
1663.683157371084,1.0035473,0.0013623288,31858843,planet
1663.6845462845258,0.9999446,0.0013591639,31858843,planet
1663.6859351979688,0.9975776,0.0013586899,31858843,planet
1663.6873241114122,1.0032983,0.001361646,31858843,planet
1663.6887130248542,1.0005985,0.0013603427,31858843,planet
1663.6901019382963,0.9998776,0.0013606923,31858843,planet
1663.691490851273,1.0005823,0.0013603546,31858843,planet
1663.6928797647156,0.9986554,0.0013603315,31858843,planet
1663.6942686781586,1.0009967,0.0013604669,31858843,planet
1663.695657591601,1.0047326,0.0013625125,31858843,planet
1663.697046505044,1.001537,0.0013606342,31858843,planet
1663.698435418486,1.0011004,0.0013608872,31858843,planet
1663.6998243314622,0.99825484,0.0013593584,31858843,planet
1663.7012132449054,1.0007586,0.001360209,31858843,planet
1663.7026021583483,1.0043883,0.001362453,31858843,planet
1663.7039910717904,1.0004891,0.0013604553,31858843,planet
1663.7053799852329,0.99985844,0.00136128,31858843,planet
1663.7067688982092,0.9991828,0.0013598307,31858843,planet
1663.7081578116513,1.0006152,0.0013607633,31858843,planet
1663.7095467250947,1.0012596,0.0013608106,31858843,planet
1663.7109356385372,0.9998748,0.001361284,31858843,planet
1663.7123245519792,0.99916327,0.0013592874,31858843,planet
1663.7137134649565,0.9993741,0.001360061,31858843,planet
1663.7151023783986,1.0015516,0.0013612197,31858843,planet
1663.7164912918406,0.99969864,0.0013599615,31858843,planet
1663.717880205284,1.0007973,0.0013604041,31858843,planet
1663.7192691182609,0.99919075,0.0013600222,31858843,planet
1663.720658031703,1.0001917,0.001359704,31858843,planet
1663.7220469451454,1.0004152,0.0013600674,31858843,planet
1663.7234358585874,0.999492,0.0013595317,31858843,planet
1663.7248247715638,1.0004802,0.0013605072,31858843,planet
1663.7262136850072,0.99871594,0.0013588605,31858843,planet
1663.72760259845,0.9974135,0.001359109,31858843,planet
1663.728991511426,1.0019237,0.0013606783,31858843,planet
1663.730380424869,1.000644,0.0013605367,31858843,planet
1663.731769338311,0.9995687,0.0013579372,31858843,planet
1663.7331582517536,1.000976,0.0013601793,31858843,planet
1663.7345471647313,0.99994546,0.0013600986,31858843,planet
1663.7359360781734,1.0000716,0.0013593666,31858843,planet
1663.7373249916154,1.0002596,0.0013594554,31858843,planet
1663.7387139045923,1.0008074,0.0013604055,31858843,planet
1663.7401028180343,0.9979681,0.0013592186,31858843,planet
1663.7414917314773,0.9992856,0.0013603488,31858843,planet
1663.7428806449207,0.9998364,0.0013599504,31858843,planet
1663.7442695578968,1.0021199,0.0013606343,31858843,planet
1663.7456584713386,0.99900675,0.0013590866,31858843,planet
1663.7470473847816,0.9996602,0.0013602225,31858843,planet
1663.7484362977584,0.99987644,0.0013584904,31858843,planet
1663.7498252112014,1.0010957,0.0013596019,31858843,planet
1663.7512141246439,0.9984857,0.0013593409,31858843,planet
1663.7526030376212,1.0005044,0.0013603622,31858843,planet
1663.753991951063,1.0006521,0.0013597361,31858843,planet
1663.7553808645048,0.99934644,0.0013602137,31858843,planet
1663.756769777482,1.0006356,0.0013601652,31858843,planet
1663.7581586909246,1.0002538,0.001360098,31858843,planet
1663.7595476039019,0.99971485,0.001360192,31858843,planet
1663.7609365173444,0.9988922,0.0013588602,31858843,planet
1663.7623254307864,0.99951565,0.0013597765,31858843,planet
1663.7637143437628,0.9998932,0.0013606652,31858843,planet
1663.7651032572062,1.0010473,0.0013597392,31858843,planet
1663.7664921706487,0.99784297,0.0013588628,31858843,planet
1663.767881083625,1.0013355,0.001360371,31858843,planet
1663.769269997068,0.99960524,0.0013598412,31858843,planet
1663.7706589100442,1.0015911,0.0013606478,31858843,planet
1663.772047823486,1.0004499,0.0013604511,31858843,planet
1663.7734367369294,1.0026828,0.0013591575,31858843,planet
1663.7748256499067,0.99988693,0.0013595956,31858843,planet
1663.7762145633487,1.0011352,0.0013599149,31858843,planet
1663.7776034763256,1.0013047,0.00136071,31858843,planet
1663.7789923897676,0.99846965,0.0013579394,31858843,planet
1663.7803813032097,1.0010815,0.0013607779,31858843,planet
1663.7817702161874,0.9994811,0.0013592725,31858843,planet
1663.78315912963,1.0024583,0.0013612728,31858843,planet
1663.7845480426063,1.0014125,0.0013603804,31858843,planet
1663.7859369560492,1.0001905,0.0013594229,31858843,planet
1663.7873258690256,1.0014069,0.0013601447,31858843,planet
1663.7887147824674,0.99898225,0.0013595013,31858843,planet
1663.7901036959106,1.0004694,0.0013600417,31858843,planet
1663.791492608888,0.9989284,0.0013595092,31858843,planet
1663.79288152233,1.0011399,0.0013593257,31858843,planet
1663.7942704353068,1.0015168,0.0013600355,31858843,planet
1663.7956593487488,1.0002728,0.0013595205,31858843,planet
1663.797048261726,1.0014565,0.0013594739,31858843,planet
1663.7984371751693,1.0012056,0.0013600647,31858843,planet
1663.7998260881463,1.0011282,0.0013596743,31858843,planet
1663.8012150015884,1.0011499,0.0013589251,31858843,planet
1663.8026039145648,0.9989132,0.0013593838,31858843,planet
1663.8039928280073,0.99975944,0.0013593046,31858843,planet
1663.8053817409846,0.998865,0.001358923,31858843,planet
1663.806770654427,1.0007005,0.0013592467,31858843,planet
1663.808159567404,1.0012667,0.0013598449,31858843,planet
1663.809548480846,1.0007222,0.0013596129,31858843,planet
1663.8109373938223,1.0022506,0.0013604239,31858843,planet
1663.8123263072653,1.0015352,0.0013593257,31858843,planet
1663.813715220242,1.0002745,0.0013587817,31858843,planet
1663.8151041336848,1.0010538,0.0013596901,31858843,planet
1663.816493046662,1.0038066,0.0013615038,31858843,planet
1663.817881960104,1.0011808,0.0013610692,31858843,planet
1663.8192708730803,0.9985632,0.0013585525,31858843,planet
1663.8206597865237,0.9994932,0.001359428,31858843,planet
1663.8220486995006,1.0017384,0.0013589346,31858843,planet
1663.8234376129426,1.0005952,0.0013591105,31858843,planet
1663.8248265259197,1.0008962,0.0013602297,31858843,planet
1663.8262154393615,0.9988704,0.0013590042,31858843,planet
1663.8276043523379,0.9993678,0.001358406,31858843,planet
1663.8289932657813,0.99930865,0.0013589509,31858843,planet
1663.8303821787586,1.0009547,0.0013585972,31858843,planet
1663.831771091735,1.0007012,0.0013599378,31858843,planet
1663.8331600051774,1.0000119,0.0013596426,31858843,planet
1663.8345489181538,1.0008836,0.0013599638,31858843,planet
1663.8359378315959,0.9999097,0.001358724,31858843,planet
1663.8373267445736,1.0009052,0.0013591972,31858843,planet
1663.838715658016,1.0009394,0.0013593781,31858843,planet
1663.8401045709925,0.99786335,0.0013587243,31858843,planet
1663.8414934839698,0.9996063,0.0013583414,31858843,planet
1663.8428823974116,1.0023813,0.0013607288,31858843,planet
1663.8442713103877,0.99916154,0.0013586513,31858843,planet
1663.8456602238311,1.0041444,0.0013617342,31858843,planet
1663.8470491368084,0.99897677,0.0013581587,31858843,planet
1663.8484380497848,0.9993145,0.0013586599,31858843,planet
1663.8498269632273,0.9990466,0.001359166,31858843,planet
1663.8512158762037,1.0003655,0.0013592606,31858843,planet
1663.8526047891805,1.0018407,0.0013596838,31858843,planet
1663.853993702624,1.0011934,0.0013598832,31858843,planet
1663.8553826156012,1.0021274,0.0013599836,31858843,planet
1663.8567715290433,1.0018635,0.0013593404,31858843,planet
1663.8581604420197,1.0008372,0.0013600511,31858843,planet
1663.8595493549965,1.0014615,0.0013609393,31858843,planet
1663.860938268439,0.9982227,0.001358085,31858843,planet
1663.8623271814163,1.0011375,0.0013583789,31858843,planet
1663.863716094393,0.99958336,0.0013593725,31858843,planet
1663.8651050078352,0.9996378,0.0013587738,31858843,planet
1663.8664939208115,0.9997242,0.001358424,31858843,planet
1663.8678828337888,1.0013524,0.0013596078,31858843,planet
1663.8692717472313,1.0026829,0.0013602249,31858843,planet
1663.8706606602082,0.9992922,0.0013590967,31858843,planet
1663.8720495731854,1.0004799,0.0013591921,31858843,planet
1663.8734384866275,1.0011665,0.0013595043,31858843,planet
1663.8748273996039,0.9990495,0.0013582017,31858843,planet
1663.8762163125807,1.0005318,0.0013595681,31858843,planet
1663.8776052260234,1.0022308,0.0013602843,31858843,planet
1663.8789941390005,1.002642,0.0013595094,31858843,planet
1663.8803830519773,1.0009623,0.0013593759,31858843,planet
1663.8817719649537,1.0030019,0.001360513,31858843,planet
1663.8831608783958,0.9994715,0.0013594441,31858843,planet
1663.8845497913735,0.9994594,0.001359178,31858843,planet
1663.8859387043506,1.000523,0.0013587357,31858843,planet
1663.8873276177924,0.9989559,0.0013578475,31858843,planet
1663.8887165307697,1.0006164,0.0013593638,31858843,planet
1663.890105443746,1.0002093,0.0013584896,31858843,planet
1663.8914943567224,0.9998152,0.0013584399,31858843,planet
1663.8928832701658,1.0031205,0.0013589732,31858843,planet
1663.8942721831427,1.0003276,0.0013593651,31858843,planet
1663.895661096119,1.0024551,0.0013597992,31858843,planet
1663.897050009096,1.0005169,0.0013590925,31858843,planet
1663.898438922538,1.0021434,0.0013595098,31858843,planet
1663.8998278355143,0.9993265,0.0013588666,31858843,planet
1663.901216748492,1.0006278,0.0013597255,31858843,planet
1663.9026056614694,1.0001993,0.0013591568,31858843,planet
1663.9039945749112,0.9995398,0.0013596407,31858843,planet
1663.9053834878882,1.0021386,0.001359743,31858843,planet
1663.9067724008646,0.9998013,0.00135843,31858843,planet
1663.908161313841,0.9995045,0.0013585701,31858843,planet
1663.9095502272844,1.0017241,0.0013599958,31858843,planet
1663.9109391402621,1.0017694,0.0013587349,31858843,planet
1663.9123280532383,1.0036293,0.0013606007,31858843,planet
1663.9137169662145,1.0031261,0.0013599892,31858843,planet
1663.9151058791917,0.9995744,0.001358527,31858843,planet
1663.9164947926342,0.9986498,0.0013578746,31858843,planet
1663.9178837056115,1.0007203,0.0013589701,31858843,planet
1663.9192726185884,1.0019774,0.001359331,31858843,planet
1663.9206615315647,1.0000225,0.0013577723,31858843,planet
1663.9220504445411,0.9987032,0.0013576573,31858843,planet
1663.9234393579836,0.99969715,0.0013585718,31858843,planet
1663.924828270961,0.99855375,0.0013585703,31858843,planet
1663.9262171839378,1.001032,0.0013591916,31858843,planet
1663.927606096915,0.9985263,0.0013578864,31858843,planet
1663.9289950098914,1.000419,0.0013586166,31858843,planet
1663.9303839228676,1.0008212,0.0013590251,31858843,planet
1663.9317728363103,0.99949133,0.0013586722,31858843,planet
1663.9331617492871,1.0012878,0.0013591984,31858843,planet
1663.9345506622644,1.0004,0.0013591097,31858843,planet
1663.9359395752413,1.0004096,0.0013585344,31858843,planet
1663.9373284882176,0.9996469,0.0013583963,31858843,planet
1663.938717401194,1.0009133,0.0013587881,31858843,planet
1663.9401063141709,0.9990858,0.0013581727,31858843,planet
1663.9414952271482,1.0007468,0.0013585339,31858843,planet
1663.9428841405906,0.9994594,0.0013573617,31858843,planet
1663.944273053568,1.0003083,0.0013586243,31858843,planet
1663.9456619665443,0.99974257,0.0013578096,31858843,planet
1663.9470508795207,1.0008233,0.0013581932,31858843,planet
1663.9484397924982,0.99979126,0.0013585517,31858843,planet
1663.9498287054753,1.0034387,0.0013602279,31858843,planet
1663.9512176184517,0.9990374,0.0013577145,31858843,planet
1663.9526065314285,1.0006765,0.001358181,31858843,planet
1663.9539954444049,1.0013708,0.001358471,31858843,planet
1663.955384357847,1.000813,0.0013587738,31858843,planet
1663.9567732708247,0.9998371,0.0013581788,31858843,planet
1663.9581621838017,0.99994165,0.0013593232,31858843,planet
1663.959551096778,1.000307,0.0013592084,31858843,planet
1663.9609400097552,1.0010195,0.0013583956,31858843,planet
1663.962328922732,1.0012553,0.0013590106,31858843,planet
1663.9637178357084,1.0021243,0.0013595048,31858843,planet
1663.9651067486857,1.0008429,0.0013584462,31858843,planet
1663.9664956616632,1.0017173,0.0013591063,31858843,planet
1663.9678845746394,0.9991909,0.0013576768,31858843,planet
1663.9692734876157,1.0014066,0.0013588965,31858843,planet
1663.970662400593,1.0005938,0.0013576684,31858843,planet
1663.9720513135699,1.0000939,0.0013579525,31858843,planet
1663.9734402265472,0.9994743,0.0013581723,31858843,planet
1663.974829139524,1.0031247,0.0013582673,31858843,planet
1663.9762180525004,1.0021937,0.0013595708,31858843,planet
1663.9776069654768,1.0007473,0.0013576277,31858843,planet
1663.9789958784536,0.9987166,0.0013571798,31858843,planet
1663.9803847918965,1.0003147,0.0013580751,31858843,planet
1663.9817737048734,1.0006633,0.0013582438,31858843,planet
1663.9831626178507,1.0003686,0.0013583348,31858843,planet
1663.9845515308268,1.0010692,0.0013570815,31858843,planet
1663.985940443803,1.001323,0.001358607,31858843,planet
1663.9873293567803,1.0015333,0.001358002,31858843,planet
1663.988718269757,1.0008284,0.0013581251,31858843,planet
1663.9901071827344,1.0001296,0.0013579247,31858843,planet
1663.9914960957112,1.0020652,0.0013588975,31858843,planet
1663.9928850086876,1.0013,0.0013584659,31858843,planet
1663.9942739211983,1.0009829,0.0013574605,31858843,planet
1663.9956628341752,1.0002072,0.0013576705,31858843,planet
1663.9970517471525,0.9999539,0.0013580525,31858843,planet
1663.9984406601293,0.9996333,0.0013575347,31858843,planet
1663.9998295731066,1.001559,0.0013582081,31858843,planet
1664.0012184860827,1.0014871,0.0013581734,31858843,planet
1664.002607399059,0.99974483,0.0013573018,31858843,planet
1664.0039963120366,1.0008329,0.0013580467,31858843,planet
1664.005385225014,1.0012064,0.0013586819,31858843,planet
1664.0067741379903,0.9990403,0.0013574177,31858843,planet
1664.0081630509671,1.001381,0.0013574389,31858843,planet
1664.0095519639435,1.0015788,0.0013575989,31858843,planet
1664.01094087692,0.99960566,0.0013576658,31858843,planet
1664.0123297898976,0.9998362,0.0013565143,31858843,planet
1664.0137187028745,0.99883896,0.0013568031,31858843,planet
1664.0151076158509,1.0001141,0.0013577472,31858843,planet
1664.0164965288282,1.0029187,0.0013582793,31858843,planet
1664.017885441805,1.0007557,0.0013578074,31858843,planet
1664.0192743543157,0.9994018,0.0013574521,31858843,planet
1664.0206632672925,1.0019747,0.0013582861,31858843,planet
1664.0220521802703,1.0005432,0.0013575462,31858843,planet
1664.0234410932467,0.9996387,0.0013574754,31858843,planet
1664.024830006223,1.0014555,0.0013576507,31858843,planet
1664.0262189192003,1.0016024,0.0013582542,31858843,planet
1664.0276078321765,0.99952203,0.0013567798,31858843,planet
1664.0289967451536,0.9970138,0.0013570974,31858843,planet
1664.0303856581313,1.0023484,0.0013581426,31858843,planet
1664.0317745711077,1.0017842,0.0013582094,31858843,planet
1664.0331634836184,1.0010426,0.0013580642,31858843,planet
1664.0345523965952,0.9986766,0.0013562273,31858843,planet
1664.0359413095725,1.0006827,0.0013575553,31858843,planet
1664.0373302225494,1.0011616,0.0013576391,31858843,planet
1664.0387191355262,0.99878794,0.0013561171,31858843,planet
1664.0401080485026,1.0023868,0.0013585795,31858843,planet
1664.041496961479,1.0000163,0.0013572752,31858843,planet
1664.0428858739906,1.0010936,0.0013561044,31858843,planet
1664.0442747869674,0.99973094,0.001357261,31858843,planet
1664.0456636999445,1.0013142,0.0013579035,31858843,planet
1664.0470526129216,1.000697,0.0013564198,31858843,planet
1664.048441525898,1.0013635,0.0013577755,31858843,planet
1664.0498304388743,1.0025065,0.0013581335,31858843,planet
1664.0512193513855,0.99936986,0.0013560071,31858843,planet
1664.0526082643628,1.0016851,0.001357877,31858843,planet
1664.0539971773396,1.0002644,0.0013575429,31858843,planet
1664.0553860903167,1.0017207,0.0013578214,31858843,planet
1664.0567750032928,1.0001074,0.0013575954,31858843,planet
1664.0581639158036,1.0021967,0.0013581853,31858843,planet
1664.0595528287809,1.0032126,0.0013594193,31858843,planet
1664.0609417417577,1.0005386,0.001357118,31858843,planet
1664.062330654735,1.0001853,0.0013573883,31858843,planet
1664.0637195677118,1.0005496,0.0013562358,31858843,planet
1664.0651084802225,1.0004317,0.001357534,31858843,planet
1664.066497393199,0.9996531,0.0013561033,31858843,planet
1664.0678863061767,1.000567,0.0013563229,31858843,planet
1664.0692752191535,1.0018276,0.0013562558,31858843,planet
1664.0706641316642,1.0008485,0.0013578482,31858843,planet
1664.0720530446413,0.9980731,0.0013562781,31858843,planet
1664.0734419576183,1.0015423,0.0013572652,31858843,planet
1664.0748308705947,1.0007622,0.001356893,31858843,planet
1664.0762197835716,0.99934834,0.001357642,31858843,planet
1664.0776086960836,1.0005095,0.0013565621,31858843,planet
1664.07899760906,1.0005665,0.0013574366,31858843,planet
1664.0803865220364,1.0007172,0.0013562641,31858843,planet
1664.0817754345478,1.0001345,0.0013572383,31858843,planet
1664.083164347524,0.9999171,0.0013566307,31858843,planet
1664.0845532605013,1.0023545,0.0013575262,31858843,planet
1664.085942173479,0.999363,0.0013556355,31858843,planet
1664.0873310859897,1.0022391,0.0013561754,31858843,planet
1664.088719998966,0.99919206,0.0013569782,31858843,planet
1664.090108911943,1.0007212,0.0013569136,31858843,planet
1664.1012202143606,1.0017062,0.0013567542,31858843,planet
1664.102609127338,1.0000895,0.0013560606,31858843,planet
1664.1039980403143,1.0006444,0.001355325,31858843,planet
1664.105386952825,1.0005275,0.0013553147,31858843,planet
1664.1067758658019,1.0011901,0.001355618,31858843,planet
1664.108164778779,0.99963796,0.0013552419,31858843,planet
1664.1095536912903,1.0009141,0.0013557395,31858843,planet
1664.1109426042672,1.0024099,0.0013567414,31858843,planet
1664.1123315172435,1.0013671,0.0013571169,31858843,planet
1664.1137204297543,1.0006773,0.0013568113,31858843,planet
1664.1151093427316,1.000742,0.0013573105,31858843,planet
1664.1164982557084,1.0020076,0.0013567708,31858843,planet
1664.1178871682196,0.9973174,0.0013545618,31858843,planet
1664.1192760811969,1.0055559,0.0013594268,31858843,planet
1664.1206649941732,0.9995285,0.0013544239,31858843,planet
1664.122053906684,1.0010312,0.001354596,31858843,planet
1664.1234428196617,1.0006119,0.0013558286,31858843,planet
1664.1248317321729,1.0018246,0.001355223,31858843,planet
1664.1262206451493,1.0013888,0.0013567194,31858843,planet
1664.1289984706377,1.0012035,0.0013570302,31858843,planet
1664.130387383614,1.0013422,0.0013560345,31858843,planet
1664.131776296591,1.0017432,0.0013553953,31858843,planet
1664.133165209103,1.0019274,0.0013529108,31858843,planet
1664.1345541220794,1.0020323,0.0013568072,31858843,planet
1664.1359430345901,1.0023364,0.0013573419,31858843,planet
1664.137331947567,1.0011115,0.001356778,31858843,planet
1664.1387208600777,0.99727464,0.0013563641,31858843,planet
1664.140109773055,1.0002398,0.0013572254,31858843,planet
1664.1442765115194,1.0005275,0.0013571905,31858843,planet
1664.145665424031,1.0016118,0.0013558249,31858843,planet
1664.1484432495186,1.0009565,0.0013562824,31858843,planet
1664.1498321624963,0.99925435,0.0013568513,31858843,planet
1664.1512210754727,1.0006748,0.0013557412,31858843,planet
1664.1526099879834,1.0015644,0.001357693,31858843,planet
1664.1553878134719,0.99861884,0.0013555409,31858843,planet
1664.1595545519367,1.0008531,0.0013571392,31858843,planet
1664.1609434644472,1.0019825,0.0013582358,31858843,planet
1664.1623323774243,1.0027808,0.0013571557,31858843,planet
1664.1637212899354,1.0004625,0.001356894,31858843,planet
1664.1651102029127,0.9971448,0.0013554189,31858843,planet
1664.166499115424,0.99975336,0.0013557205,31858843,planet
1664.1678880284003,0.9990858,0.0013569028,31858843,planet
1664.169276940911,0.998712,0.0013556946,31858843,planet
1664.1720547663995,0.99947774,0.0013559436,31858843,planet
1664.1734436793763,0.9991075,0.0013573513,31858843,planet
1664.174832591888,0.9991525,0.0013570568,31858843,planet
1664.1762215048643,1.0007552,0.0013576495,31858843,planet
1664.1776104173748,0.9996849,0.0013555087,31858843,planet
1664.1789993303519,1.0000633,0.0013566236,31858843,planet
1664.180388242863,0.99786866,0.0013558365,31858843,planet
1664.1817771558403,1.0021143,0.0013576606,31858843,planet
1664.1831660683515,0.99885744,0.0013558106,31858843,planet
1664.1845549808631,1.0006971,0.0013571935,31858843,planet
1664.1859438938395,1.0001101,0.0013556238,31858843,planet
1664.1873328063507,1.0001476,0.0013566676,31858843,planet
1664.1887217193284,1.0009832,0.0013574647,31858843,planet
1664.1914995448155,0.99903035,0.0013566929,31858843,planet
1664.1928884573267,1.000087,0.0013563265,31858843,planet
1664.1956662828147,1.0018886,0.0013558227,31858843,planet
1664.1970551953266,0.99959993,0.0013568145,31858843,planet
1664.1984441083027,1.0010861,0.0013567536,31858843,planet
1664.1998330208135,1.0021979,0.0013572924,31858843,planet
1664.2012219337907,0.9984465,0.0013551333,31858843,planet
1664.2026108463015,1.0002347,0.0013564783,31858843,planet
1664.2039997588126,0.99981195,0.0013567172,31858843,planet
1664.2053886717904,1.0003378,0.0013555478,31858843,planet
1664.206777584301,0.9979586,0.0013542273,31858843,planet
1664.2081664972775,1.001144,0.0013560466,31858843,planet
1664.2095554097887,1.0008187,0.0013563628,31858843,planet
1664.2109443222994,0.9970046,0.001354678,31858843,planet
1664.2123332352767,1.0021442,0.00135559,31858843,planet
1664.2151110607647,1.0006479,0.0013554172,31858843,planet
1664.2164999732754,0.99935156,0.0013550859,31858843,planet
1664.217888885787,1.002558,0.0013570896,31858843,planet
1664.2192777987639,1.0003359,0.0013559987,31858843,planet
1664.2206667112755,1.0021093,0.0013564993,31858843,planet
1664.2220556237867,0.9987341,0.0013559753,31858843,planet
1664.223444536763,0.99937963,0.0013546541,31858843,planet
1664.2248334492738,0.9986063,0.0013558666,31858843,planet
1664.226222361785,0.9998746,0.0013564823,31858843,planet
1664.2276112747622,1.0005666,0.0013570973,31858843,planet
1664.2290001872734,1.001954,0.0013556943,31858843,planet
1664.230389099785,0.9966588,0.0013539764,31858843,planet
1664.2317780127612,1.0008208,0.001356186,31858843,planet
1664.2331669252717,1.0002809,0.0013570208,31858843,planet
1664.2345558377833,1.000649,0.0013570983,31858843,planet
1664.2359447507602,0.9997653,0.00135417,31858843,planet
1664.2373336632718,0.9992402,0.0013551714,31858843,planet
1664.238722575783,0.9983001,0.0013545976,31858843,planet
1664.24011148876,1.0008674,0.0013559196,31858843,planet
1664.2415004012705,1.0004829,0.0013569782,31858843,planet
1664.2428893137821,0.99852663,0.0013561501,31858843,planet
1664.2442782262942,1.0005378,0.0013566827,31858843,planet
1664.2456671392706,0.99975663,0.0013568131,31858843,planet
1664.2470560517813,0.99817353,0.00135564,31858843,planet
1664.2484449642925,0.99994624,0.0013561593,31858843,planet
1664.2498338772689,1.0000043,0.0013568662,31858843,planet
1664.25122278978,0.99847597,0.0013552193,31858843,planet
1664.2526117022921,0.99902946,0.0013564677,31858843,planet
1664.2540006148029,0.99949396,0.0013560413,31858843,planet
1664.2553895277792,0.9986138,0.0013565981,31858843,planet
1664.2567784402909,1.0000046,0.001356608,31858843,planet
1664.2581673528014,1.0001479,0.0013566907,31858843,planet
1664.2595562653128,0.99962854,0.0013563042,31858843,planet
1664.2609451782905,0.9995783,0.0013560042,31858843,planet
1664.2623340908012,0.9988354,0.0013550895,31858843,planet
1664.263723003312,0.9983265,0.001356363,31858843,planet
1664.2651119158231,1.0007052,0.0013575316,31858843,planet
1664.2665008287995,0.9992368,0.0013563128,31858843,planet
1664.2678897413107,0.99933267,0.0013560012,31858843,planet
1664.2692786538228,1.0004472,0.0013563492,31858843,planet
1664.2706675663335,0.999091,0.0013563036,31858843,planet
1664.2720564793099,0.99922216,0.0013571444,31858843,planet
1664.2734453918215,0.9988414,0.0013563641,31858843,planet
1664.2748343043327,1.0017264,0.0013572368,31858843,planet
1664.276223216844,0.99858665,0.0013560378,31858843,planet
1664.2776121293555,1.0000947,0.001357055,31858843,planet
1664.2790010423319,1.0018026,0.0013572538,31858843,planet
1664.2803899548426,1.000213,0.0013560484,31858843,planet
1664.2817788673538,0.9986082,0.0013559085,31858843,planet
1664.2831677798654,1.0007886,0.0013573883,31858843,planet
1664.2845566923766,0.9997927,0.0013572128,31858843,planet
1664.2859456048877,0.9994451,0.0013569582,31858843,planet
1664.287334517864,0.99814457,0.0013556593,31858843,planet
1664.2887234303748,1.0008359,0.0013568924,31858843,planet
1664.2901123428865,0.9975171,0.0013554255,31858843,planet
1664.2915012553976,0.9998461,0.0013568939,31858843,planet
1664.2928901679093,0.9979857,0.00135646,31858843,planet
1664.2942790804204,0.9990593,0.001356768,31858843,planet
1664.2956679933973,0.998362,0.0013563561,31858843,planet
1664.297056905908,0.9974137,0.0013554078,31858843,planet
1664.2984458184187,0.9997776,0.0013559182,31858843,planet
1664.2998347309308,1.0001435,0.0013550512,31858843,planet
1664.3012236434424,0.99935013,0.0013561118,31858843,planet
1664.302612555953,0.9996162,0.0013561363,31858843,planet
1664.3040014684643,0.99955237,0.0013566875,31858843,planet
1664.3053903814407,0.9976669,0.0013553746,31858843,planet
1664.3067792939519,0.9988462,0.0013546296,31858843,planet
1664.308168206464,1.0013881,0.001357124,31858843,planet
1664.3095571189747,1.0007702,0.0013568003,31858843,planet
1664.3109460314854,0.99950576,0.0013560106,31858843,planet
1664.3123349439966,0.9980152,0.0013563742,31858843,planet
1664.3137238565073,0.99817276,0.0013557595,31858843,planet
1664.315112769019,1.0000325,0.0013563065,31858843,planet
1664.316501681531,1.0017861,0.0013570148,31858843,planet
1664.3178905945074,0.9982885,0.0013545266,31858843,planet
1664.319279507018,0.9996602,0.001356481,31858843,planet
1664.3206684195293,0.9993341,0.0013555179,31858843,planet
1664.32205733204,1.0002291,0.0013561692,31858843,planet
1664.3234462445512,0.9977654,0.0013547171,31858843,planet
1664.3248351570633,1.002393,0.001356849,31858843,planet
1664.326224069574,0.99878156,0.0013565373,31858843,planet
1664.3276129820847,1.0001706,0.0013559981,31858843,planet
1664.329001894596,1.0001785,0.0013561556,31858843,planet
1664.3303908071066,0.9993593,0.0013563404,31858843,planet
1664.3317797196182,1.0020685,0.0013573423,31858843,planet
1664.3331686321303,0.9983676,0.0013548962,31858843,planet
1664.334557544641,1.0003556,0.0013562579,31858843,planet
1664.3359464571517,0.9994586,0.0013559844,31858843,planet
1664.337335369663,1.0027162,0.0013573387,31858843,planet
1664.338724282174,1.000242,0.0013561408,31858843,planet
1664.3401131946857,1.002225,0.0013565214,31858843,planet
1664.3428910201733,1.0002862,0.0013562228,31858843,planet
1664.344279932684,0.99984735,0.0013566484,31858843,planet
1664.3456688451956,0.9997671,0.0013558356,31858843,planet
1664.3470577577068,1.0002879,0.0013562966,31858843,planet
1664.348446670218,0.9994798,0.0013558621,31858843,planet
1664.3498355827296,0.9983496,0.0013553187,31858843,planet
1664.3512244952408,0.99984545,0.0013565909,31858843,planet
1664.3526134077515,0.999135,0.0013556731,31858843,planet
1664.3540023202622,0.99956805,0.0013558678,31858843,planet
1664.3553912327743,1.0020247,0.0013561881,31858843,planet
1664.3567801452855,1.0017276,0.0013571456,31858843,planet
1664.3581690577962,1.0014153,0.0013566322,31858843,planet
1664.3595579703078,0.99942935,0.0013553393,31858843,planet
1664.3609468828186,1.0019001,0.001356845,31858843,planet
1664.362335794864,1.0010128,0.0013567237,31858843,planet
1664.3637247073762,1.0014838,0.0013559327,31858843,planet
1664.3651136198869,1.0013587,0.0013567691,31858843,planet
1664.3665025323976,0.9999188,0.0013550617,31858843,planet
1664.3678914449088,0.999538,0.0013558489,31858843,planet
1664.3692803574195,0.998593,0.0013555688,31858843,planet
1664.370669269931,1.0019436,0.001356557,31858843,planet
1664.3720581824432,1.0005661,0.0013557714,31858843,planet
1664.3734470949537,1.0005478,0.0013554576,31858843,planet
1664.3748360074642,1.0003569,0.0013555762,31858843,planet
1664.3762249199758,0.99841636,0.00135556,31858843,planet
1664.3776138324865,0.99880254,0.0013548895,31858843,planet
1664.3790027449977,1.0005966,0.0013555274,31858843,planet
1664.3803916575098,1.0004363,0.0013561375,31858843,planet
1664.3817805700205,1.0023775,0.0013573074,31858843,planet
1664.3831694825312,1.0003428,0.001354627,31858843,planet
1664.3845583950424,1.0001942,0.0013548206,31858843,planet
1664.3859473070875,0.9995986,0.0013552564,31858843,planet
1664.387336219599,1.0019739,0.0013552685,31858843,planet
1664.3887251321112,0.99932784,0.001355535,31858843,planet
1664.3901140446217,1.001294,0.001356259,31858843,planet
1664.3915029571322,1.0013415,0.0013557731,31858843,planet
1664.3928918696438,0.99844795,0.0013551511,31858843,planet
1664.394280782155,0.9993594,0.0013554111,31858843,planet
1664.3956696946666,1.0026357,0.0013561979,31858843,planet
1664.3970586071778,1.001403,0.0013532762,31858843,planet
1664.3984475192228,1.0027899,0.0013557241,31858843,planet
1664.3998364317335,0.99887335,0.0013542114,31858843,planet
1664.4012253442447,1.0011007,0.0013557689,31858843,planet
1664.4026142567564,0.999925,0.0013553831,31858843,planet
1664.4040031692675,0.9990464,0.0013550217,31858843,planet
1664.4053920817792,0.999101,0.0013543125,31858843,planet
1664.4067809942903,1.0008112,0.001355097,31858843,planet
1664.4081699063354,1.0003842,0.0013553269,31858843,planet
1664.409558818846,1.000449,0.0013543129,31858843,planet
1664.4109477313582,0.99878776,0.0013541112,31858843,planet
1664.4123366438694,1.0027832,0.0013560506,31858843,planet
1664.41372555638,1.0046432,0.0013571644,31858843,planet
1664.4151144688917,1.000639,0.0013557223,31858843,planet
1664.4165033809365,0.99809724,0.0013541953,31858843,planet
1664.417892293447,1.0010066,0.0013556498,31858843,planet
1664.4192812059591,0.9975352,0.0013539016,31858843,planet
1664.4206701184708,0.9980965,0.001354628,31858843,planet
1664.4220590309815,1.0015317,0.0013548041,31858843,planet
1664.4234479434926,1.0008235,0.001354805,31858843,planet
1664.426225768049,1.0002685,0.0013561011,31858843,planet
1664.427614680561,1.0005872,0.0013552614,31858843,planet
1664.4290035930717,1.0010574,0.0013554832,31858843,planet
1664.4303925055824,1.0018008,0.0013562765,31858843,planet
1664.4317814176284,0.997874,0.0013537615,31858843,planet
1664.433170330139,1.0007148,0.0013555354,31858843,planet
1664.4345592426503,0.99935293,0.0013548813,31858843,planet
1664.4359481551624,1.0004169,0.00135485,31858843,planet
1664.4373370672074,1.000369,0.001353973,31858843,planet
1664.4387259797181,1.0004494,0.0013547555,31858843,planet
1664.4401148922293,1.0020787,0.0013550782,31858843,planet
1664.44150380474,0.9999993,0.0013549984,31858843,planet
1664.442892716786,0.99903303,0.001353801,31858843,planet
1664.4442816292978,0.9994531,0.001353842,31858843,planet
1664.4456705418083,1.0004092,0.0013525587,31858843,planet
1664.447059454319,1.0012312,0.0013553011,31858843,planet
1664.448448366365,0.99949133,0.0013543004,31858843,planet
1664.4498372788757,0.9977181,0.0013523997,31858843,planet
1664.451226191387,1.0001414,0.0013544348,31858843,planet
1664.452615103899,0.99796814,0.0013541345,31858843,planet
1664.454004015944,0.9966825,0.0013523671,31858843,planet
1664.4553929284548,0.9935656,0.0013505841,31858843,planet
1664.456781840966,0.99518317,0.0013509599,31858843,planet
1664.4581707534776,0.9924523,0.0013519193,31858843,planet
1664.459559665523,0.99427223,0.001350627,31858843,planet
1664.4609485780347,0.9895632,0.0013496893,31858843,planet
1664.462337490546,0.9936039,0.0013514456,31858843,planet
1664.463726402591,0.99387926,0.0013511756,31858843,planet
1664.4651153151017,0.9909805,0.0013496474,31858843,planet
1664.4665042276138,0.9891538,0.0013494636,31858843,planet
1664.4678931396593,0.9912837,0.0013496905,31858843,planet
1664.46928205217,0.98851496,0.0013490955,31858843,planet
1664.4706709646814,0.99060625,0.0013495616,31858843,planet
1664.4720598767262,0.98942417,0.001349033,31858843,planet
1664.473448789237,0.98938787,0.001348918,31858843,planet
1664.474837701749,0.98944163,0.0013491557,31858843,planet
1664.4762266142607,0.9887069,0.001348697,31858843,planet
1664.4776155263057,0.98682743,0.0013481218,31858843,planet
1664.479004438817,0.9896271,0.0013486216,31858843,planet
1664.480393350862,0.98975277,0.0013477056,31858843,planet
1664.4817822633727,0.98842865,0.0013486623,31858843,planet
1664.4831711758848,0.98867303,0.0013492043,31858843,planet
1664.4845600879303,0.9877845,0.00134779,31858843,planet
1664.485949000441,0.9881029,0.0013486249,31858843,planet
1664.4873379129526,0.99052614,0.0013480446,31858843,planet
1664.4887268249975,0.9898411,0.0013490196,31858843,planet
1664.4901157375089,0.99082595,0.0013496819,31858843,planet
1664.491504650021,0.98750204,0.0013475425,31858843,planet
1664.492893562066,0.99050194,0.0013490223,31858843,planet
1664.4942824745767,0.987921,0.0013487813,31858843,planet
1664.4956713866222,0.99062127,0.0013497277,31858843,planet
1664.497060299133,0.9879555,0.0013480799,31858843,planet
1664.4984492116441,0.98564684,0.0013454852,31858843,planet
1664.4998381236906,0.9879991,0.0013473278,31858843,planet
1664.5012270362013,0.98976296,0.0013484163,31858843,planet
1664.504004860758,0.9893255,0.0013486505,31858843,planet
1664.5053937732685,0.9888445,0.0013478366,31858843,planet
1664.5067826853142,0.9883515,0.0013480731,31858843,planet
1664.5081715978263,0.9894399,0.0013480545,31858843,planet
1664.5095605098713,0.9879418,0.001347276,31858843,planet
1664.510949422382,0.990365,0.0013494124,31858843,planet
1664.5123383348932,0.98841137,0.0013464295,31858843,planet
1664.5137272469392,0.9884759,0.0013474434,31858843,planet
1664.5151161594504,0.9872776,0.0013478241,31858843,planet
1664.5165050714959,0.9863726,0.0013476132,31858843,planet
1664.5178939840075,0.9897084,0.0013484199,31858843,planet
1664.5192828960526,0.98845416,0.0013487324,31858843,planet
1664.5206718085633,0.987928,0.0013468445,31858843,planet
1664.5220607206097,0.9895481,0.0013483483,31858843,planet
1664.523449633121,0.98743945,0.0013477623,31858843,planet
1664.5248385456316,0.9879919,0.0013482802,31858843,planet
1664.5262274576771,0.98805785,0.0013475167,31858843,planet
1664.5276163701878,0.9890986,0.0013480297,31858843,planet
1664.530394194745,0.9889421,0.0013474312,31858843,planet
1664.531783106791,0.9891618,0.0013479419,31858843,planet
1664.5345609313472,0.98727,0.0013463396,31858843,planet
1664.535949843858,0.9858374,0.0013469814,31858843,planet
1664.537338755903,0.9871915,0.0013476122,31858843,planet
1664.538727668415,0.98843235,0.0013482685,31858843,planet
1664.5401165804606,0.98998606,0.001348423,31858843,planet
1664.5456722295735,0.9874387,0.0013449161,31858843,planet
1664.5470611420856,0.9874781,0.0013471022,31858843,planet
1664.5484500541306,0.9890822,0.0013474541,31858843,planet
1664.5498389666411,0.9901751,0.0013486573,31858843,planet
1664.5512278786869,0.9927001,0.0013474312,31858843,planet
1664.5526167911976,0.98984206,0.001348361,31858843,planet
1664.554005703243,0.9885098,0.0013486915,31858843,planet
1664.5567835278002,0.99033433,0.0013473453,31858843,planet
1664.5581724398453,0.99045974,0.0013483799,31858843,planet
1664.5595613523567,0.9906354,0.0013495991,31858843,planet
1664.5609502644015,0.99048823,0.00134837,31858843,planet
1664.5623391769132,0.9908723,0.001347166,31858843,planet
1664.5637280889596,0.99094075,0.0013489652,31858843,planet
1664.5651170014703,0.9918228,0.0013501389,31858843,planet
1664.5665059135154,0.9952165,0.0013506676,31858843,planet
1664.5678948255609,0.9972337,0.0013530249,31858843,planet
1664.5692837380716,0.99517727,0.0013520167,31858843,planet
1664.570672650117,0.9970085,0.001352287,31858843,planet
1664.5720615626292,0.9957596,0.0013521748,31858843,planet
1664.5734504746752,0.9981278,0.001353206,31858843,planet
1664.5748393867202,1.0004213,0.0013541458,31858843,planet
1664.5762282992307,0.9989367,0.001353692,31858843,planet
1664.577617211277,0.9985944,0.0013508473,31858843,planet
1664.5790061237885,0.9999982,0.0013527632,31858843,planet
1664.5803950358336,0.9998705,0.0013531714,31858843,planet
1664.5831728603898,0.9977946,0.001352557,31858843,planet
1664.5845617724349,1.0007929,0.001354367,31858843,planet
1664.585950684947,1.0011677,0.0013530564,31858843,planet
1664.5873395969925,0.9982967,0.0013536919,31858843,planet
1664.5887285090375,1.0000142,0.0013517404,31858843,planet
1664.5901174215492,1.0009261,0.0013543409,31858843,planet
1664.5915063335942,1.0009326,0.0013541112,31858843,planet
1664.5928952456393,0.99883765,0.0013529424,31858843,planet
1664.5942841581511,1.0008744,0.0013545197,31858843,planet
1664.5956730701969,1.0006262,0.0013530811,31858843,planet
1664.597061982242,1.0005453,0.0013538518,31858843,planet
1664.5984508947531,0.99927264,0.0013533909,31858843,planet
1664.5998398067982,1.0005864,0.0013535689,31858843,planet
1664.6012287188432,1.0026428,0.0013563567,31858843,planet
1664.6026176313553,1.0006417,0.001353895,31858843,planet
1664.604006543401,1.0004367,0.0013547824,31858843,planet
1664.605395455446,1.0018268,0.0013544565,31858843,planet
1664.6067843679575,0.99987864,0.00135417,31858843,planet
1664.6081732800026,1.0001049,0.001352926,31858843,planet
1664.609562192048,1.0009338,0.0013529358,31858843,planet
1664.6109511045602,0.99914706,0.001353509,31858843,planet
1664.6123400166052,1.0010343,0.0013536365,31858843,planet
1664.6137289286503,0.99822223,0.0013509924,31858843,planet
1664.6151178411615,1.0016603,0.0013530046,31858843,planet
1664.6165067532065,1.0007652,0.0013542904,31858843,planet
1664.6178956652525,1.0004913,0.0013526875,31858843,planet
1664.6192845777646,1.0001405,0.001353884,31858843,planet
1664.6206734898094,1.0011703,0.0013545215,31858843,planet
1664.6220624018542,1.0004345,0.0013534887,31858843,planet
1664.6234513139002,0.99701506,0.0013519187,31858843,planet
1664.624840226411,0.9999315,0.0013537862,31858843,planet
1664.6262291384564,1.001821,0.0013539091,31858843,planet
1664.6276180505029,1.0020953,0.0013545812,31858843,planet
1664.6303958750593,1.0006115,0.0013536928,31858843,planet
1664.6317847871042,0.99957633,0.0013540096,31858843,planet
1664.6331736991506,1.003051,0.0013555198,31858843,planet
1664.6345626111965,1.0011926,0.0013540217,31858843,planet
1664.6359515237073,1.0006115,0.0013545451,31858843,planet
1664.6373404357528,1.0000136,0.0013535584,31858843,planet
1664.6387293477978,0.99970484,0.0013536636,31858843,planet
1664.640118259843,0.9984382,0.0013523262,31858843,planet
1664.641507172355,1.0001268,0.0013544239,31858843,planet
1664.6428960844005,0.99912167,0.0013534959,31858843,planet
1664.6442849964455,1.0027965,0.0013554712,31858843,planet
1664.6456739084915,1.0009085,0.0013539519,31858843,planet
1664.647062821002,1.0010867,0.001353501,31858843,planet
1664.6484517330468,1.0015332,0.0013528632,31858843,planet
1664.6498406450933,0.99849355,0.0013528713,31858843,planet
1664.6512295571392,1.000259,0.0013537825,31858843,planet
1664.6526184691843,1.0013793,0.0013542761,31858843,planet
1664.6540073816955,1.0010206,0.0013547554,31858843,planet
1664.6553962937405,0.9997846,0.0013530751,31858843,planet
1664.6567852057856,1.0001001,0.0013526769,31858843,planet
1664.658174117832,1.0028814,0.0013541683,31858843,planet
1664.6595630298775,1.0022352,0.0013535027,31858843,planet
1664.6609519423882,1.0007192,0.001351625,31858843,planet
1664.6623408544342,1.0001467,0.0013536027,31858843,planet
1664.6637297664793,1.0018947,0.0013541046,31858843,planet
1664.6651186785248,1.0017489,0.0013540647,31858843,planet
1664.6665075905712,1.0010437,0.0013532438,31858843,planet
1664.6678965026163,0.9992645,0.0013532419,31858843,planet
1664.669285415127,1.0031121,0.0013542568,31858843,planet
1664.6734521512635,1.0005035,0.0013524686,31858843,planet
1664.6748410633097,1.0015111,0.0013530991,31858843,planet
1664.6762299753545,0.9995207,0.0013535501,31858843,planet
1664.6776188873996,1.0001817,0.0013535786,31858843,planet
1664.6790077999112,1.0020325,0.0013540573,31858843,planet
1664.6803967119563,0.9989407,0.0013533293,31858843,planet
1664.6817856240018,1.0015119,0.0013538826,31858843,planet
1664.6831745360482,0.99922717,0.0013539671,31858843,planet
1664.6845634480933,1.0008725,0.0013536814,31858843,planet
1664.6859523601383,0.9996623,0.0013532636,31858843,planet
1664.6873412721839,1.0004082,0.001352107,31858843,planet
1664.6887301842298,1.0009301,0.0013546726,31858843,planet
1664.6901190962753,0.99979323,0.0013519378,31858843,planet
1664.6915080087867,1.0002997,0.0013540918,31858843,planet
1664.6928969208325,1.000904,0.0013539105,31858843,planet
1664.6942858328775,1.0014474,0.0013540594,31858843,planet
1664.6956747449226,0.99930525,0.0013529725,31858843,planet
1664.697063656969,1.0000371,0.0013525368,31858843,planet
1664.6984525690145,0.99963737,0.0013531682,31858843,planet
1664.6998414810596,1.0008545,0.0013531103,31858843,planet
1664.7012303931053,1.0001875,0.0013526796,31858843,planet
1664.7026193051502,0.99992025,0.0013522229,31858843,planet
1664.7040082171952,0.998506,0.0013526315,31858843,planet
1664.7053971292416,1.002338,0.0013531483,31858843,planet
1664.7067860412876,1.0005839,0.0013538953,31858843,planet
1664.7081749533327,1.0005397,0.0013529763,31858843,planet
1664.7095638658438,1.0019261,0.0013539923,31858843,planet
1664.710952777889,0.9988439,0.0013529649,31858843,planet
1664.712341689934,1.0001208,0.0013539183,31858843,planet
1664.7137306019804,1.0022056,0.0013545323,31858843,planet
1664.715119514026,1.000516,0.0013538555,31858843,planet
1664.716508426071,0.99998116,0.0013525105,31858843,planet
1664.7178973381167,0.99963015,0.0013539279,31858843,planet
1664.7192862501615,0.99984276,0.0013523749,31858843,planet
1664.7206751622066,1.0004134,0.0013539536,31858843,planet
1664.722064074253,0.9989466,0.0013526407,31858843,planet
1664.723452986299,0.9984493,0.0013529469,31858843,planet
1664.724841898344,1.0017976,0.0013545644,31858843,planet
1664.7262308103896,0.99929416,0.0013526592,31858843,planet
1664.7276197224346,1.0008192,0.001353674,31858843,planet
1664.7290086344801,1.0002753,0.0013537945,31858843,planet
1664.7303975465265,0.99972486,0.0013530817,31858843,planet
1664.7317864585716,0.999068,0.0013531303,31858843,planet
1664.7331753706167,1.0016993,0.0013541348,31858843,planet
1664.7345642826626,1.0017661,0.0013541313,31858843,planet
1664.7359531947075,0.9986152,0.0013512819,31858843,planet
1664.7373421067532,0.9995678,0.0013522909,31858843,planet
1664.7387310187996,1.000595,0.0013522689,31858843,planet
1664.7401199308447,1.0022776,0.0013544754,31858843,planet
1664.7415088428897,1.0010585,0.0013537902,31858843,planet
1664.7428977549353,1.0012771,0.0013534776,31858843,planet
1664.744286666981,0.9991296,0.0013537299,31858843,planet
1664.7456755790267,0.99944717,0.0013523396,31858843,planet
1664.7470644910723,1.0018125,0.0013527186,31858843,planet
1664.7484534031182,0.9997297,0.0013531627,31858843,planet
1664.7498423151633,1.0003068,0.001352801,31858843,planet
1664.7512312267427,1.0014634,0.0013543073,31858843,planet
1664.7526201387882,1.0022008,0.0013531988,31858843,planet
1664.754009050834,1.0015832,0.0013527148,31858843,planet
1664.7553979628797,1.0023562,0.0013534281,31858843,planet
1664.7567868749252,0.99930394,0.0013529763,31858843,planet
1664.7581757869702,1.001524,0.0013534039,31858843,planet
1664.7595646990153,1.0009135,0.0013524898,31858843,planet
1664.7609536110617,1.0006037,0.00135311,31858843,planet
1664.7623425231075,1.0000552,0.0013534032,31858843,planet
1664.7637314351523,0.9993475,0.0013531285,31858843,planet
1664.7651203471983,1.0007792,0.001353191,31858843,planet
1664.7665092592433,1.0008031,0.0013529131,31858843,planet
1664.7678981712884,1.0013256,0.0013533859,31858843,planet
1664.7692870828691,0.9991961,0.0013519098,31858843,planet
1664.7706759949147,0.998108,0.001352126,31858843,planet
1664.7720649069597,1.0010107,0.0013536616,31858843,planet
1664.7734538190052,1.001684,0.0013532512,31858843,planet
1664.7748427310503,1.0015856,0.0013535394,31858843,planet
1664.7762316430953,1.0015644,0.0013529673,31858843,planet
1664.7776205551418,0.9993579,0.0013531948,31858843,planet
1664.7790094671877,1.0033637,0.00135345,31858843,planet
1664.7831762028577,0.9995301,0.0013527435,31858843,planet
1664.7845651149032,0.999606,0.0013527481,31858843,planet
1664.7859540269496,0.99968046,0.0013523868,31858843,planet
1664.7873429389947,1.0015064,0.0013517101,31858843,planet
1664.7887318510398,1.0026927,0.0013547787,31858843,planet
1664.7901207630853,1.002077,0.001354269,31858843,planet
1664.7915096746647,0.99879706,0.0013522364,31858843,planet
1664.7928985867106,1.0013233,0.0013534934,31858843,planet
1664.7956764108021,1.0020329,0.0013542266,31858843,planet
1664.7970653228472,1.0007563,0.0013525741,31858843,planet
1664.7984542348927,0.9993019,0.001352071,31858843,planet
1664.799843146472,1.000353,0.0013532961,31858843,planet
1664.8012320585176,1.000618,0.0013531224,31858843,planet
1664.802620970564,0.9996738,0.001352128,31858843,planet
1664.80400988261,1.0010438,0.0013532412,31858843,planet
1664.805398794655,1.0007976,0.0013518583,31858843,planet
1664.8067877062342,1.0006739,0.0013528601,31858843,planet
1664.80817661828,1.0019155,0.001353066,31858843,planet
1664.8095655303255,1.0002025,0.001353329,31858843,planet
1664.8109544423714,1.0014715,0.0013530767,31858843,planet
1664.812343354417,0.9990418,0.0013522665,31858843,planet
1664.8137322659964,1.0018848,0.0013536487,31858843,planet
1664.8151211780414,1.0000226,0.0013522867,31858843,planet
1664.8165100900878,1.0016205,0.0013530093,31858843,planet
1664.8178990021333,0.9984597,0.001351416,31858843,planet
1664.8192879137127,1.0024034,0.001353702,31858843,planet
1664.8206768257587,1.0008978,0.0013528522,31858843,planet
1664.8220657378038,0.9988052,0.0013518524,31858843,planet
1664.824843561895,1.0013231,0.0013533675,31858843,planet
1664.826232473475,1.0035002,0.0013531074,31858843,planet
1664.8276213855202,1.0016438,0.0013541689,31858843,planet
1664.8290102975657,0.99912095,0.0013507572,31858843,planet
1664.8303992096107,1.0025858,0.0013530046,31858843,planet
1664.8317881211901,1.0002004,0.0013519935,31858843,planet
1664.8331770332366,0.9998775,0.0013523737,31858843,planet
1664.834565945282,0.9993236,0.0013518347,31858843,planet
1664.8359548568615,1.0014772,0.0013522012,31858843,planet
1664.8373437689074,1.0000161,0.0013526962,31858843,planet
1664.8387326809525,1.0010092,0.0013517628,31858843,planet
1664.8401215929975,1.0034142,0.0013545575,31858843,planet
1664.8415105045783,1.0016258,0.0013519024,31858843,planet
1664.8428994166238,1.0002959,0.0013526486,31858843,planet
1664.8442883286689,1.0008367,0.0013525714,31858843,planet
1664.8456772402487,1.0009712,0.0013533327,31858843,planet
1664.8470661522938,0.99899507,0.0013517466,31858843,planet
1664.8484550643398,0.9995093,0.0013523303,31858843,planet
1664.8498439763862,1.0005693,0.0013522847,31858843,planet
1664.8512328879654,0.99791855,0.001352104,31858843,planet
1664.8540107120562,0.9987876,0.0013515896,31858843,planet
1664.8553996236355,0.9996099,0.0013509206,31858843,planet
1664.856788535681,1.0019445,0.0013526197,31858843,planet
1664.8581774477275,1.0007795,0.0013529591,31858843,planet
1664.8595663593078,1.0011432,0.0013522778,31858843,planet
1664.8609552713526,1.0002797,0.001350031,31858843,planet
1664.8623441833975,0.9988756,0.0013504619,31858843,planet
1664.8637330949778,1.00005,0.0013506647,31858843,planet
1664.8651220070233,1.0001903,0.001351166,31858843,planet
1664.8665109190692,1.0012841,0.0013525501,31858843,planet
1664.867899830649,0.9997782,0.0013505867,31858843,planet
1664.8692887426942,0.99971056,0.0013523996,31858843,planet
1664.8706776547392,1.0000132,0.0013526068,31858843,planet
1664.872066566319,1.000101,0.0013524607,31858843,planet
1664.873455478365,0.99983627,0.0013520451,31858843,planet
1664.8748443899449,1.0019308,0.0013528324,31858843,planet
1664.8762333019909,1.0003353,0.001352766,31858843,planet
1664.8776222140357,0.99950874,0.0013506354,31858843,planet
1664.8790111256149,0.99735427,0.0013504702,31858843,planet
1664.8804000376613,1.0016351,0.0013525487,31858843,planet
1664.8817889497072,1.0017743,0.0013521409,31858843,planet
1664.8831778612866,1.0020071,0.0013516586,31858843,planet
1664.8845667733322,1.0002887,0.0013516933,31858843,planet
1664.8859556849116,1.0000991,0.0013519485,31858843,planet
1664.8873445969566,1.0015056,0.0013527669,31858843,planet
1664.888733509003,1.001823,0.0013535211,31858843,planet
1664.8901224205829,1.0010085,0.0013515742,31858843,planet
1664.891511332628,1.0034863,0.0013544724,31858843,planet
1664.8929002442082,0.99963504,0.0013502905,31858843,planet
1664.894289156253,1.0028218,0.0013540619,31858843,planet
1664.8956780678323,0.99881434,0.0013513928,31858843,planet
1664.8970669798787,0.9995936,0.0013505908,31858843,planet
1664.8984558919246,1.000896,0.0013517207,31858843,planet
1664.899844803504,1.0001501,0.0013524428,31858843,planet
1664.9012337155496,1.0000701,0.0013519061,31858843,planet
1664.902622627129,1.0033258,0.0013528316,31858843,planet
1664.9040115391747,1.0017612,0.0013520133,31858843,planet
1664.9054004507552,0.99833006,0.0013509947,31858843,planet
1664.9081782748453,1.0014342,0.0013512439,31858843,planet
1664.9095671864256,0.999051,0.0013506224,31858843,planet
1664.9109560984707,1.0008261,0.0013519013,31858843,planet
1664.9123450100506,1.001753,0.0013521805,31858843,planet
1664.913733922097,1.0011066,0.0013511152,31858843,planet
1664.9151228336764,1.0007788,0.0013513386,31858843,planet
1664.9165117457214,0.99988145,0.0013519314,31858843,planet
1664.9179006573013,1.0006057,0.0013526473,31858843,planet
1664.9192895693473,1.0003465,0.0013518463,31858843,planet
1664.920678480927,0.99909,0.0013508471,31858843,planet
1664.9220673929728,1.0018423,0.0013520229,31858843,planet
1664.923456304553,1.000633,0.0013511615,31858843,planet
1664.924845216598,1.0009015,0.0013526146,31858843,planet
1664.9262341281774,1.0016607,0.0013531052,31858843,planet
1664.927623040223,0.9993937,0.0013514952,31858843,planet
1664.9290119518032,1.0007509,0.0013524356,31858843,planet
1664.9304008638487,1.0002124,0.0013527283,31858843,planet
1664.9317897754286,1.0001004,0.0013517009,31858843,planet
1664.9331786874736,0.99793077,0.0013497949,31858843,planet
1664.934567599053,1.000572,0.0013518055,31858843,planet
1664.9359565110994,1.0010619,0.0013517998,31858843,planet
1664.9373454226798,1.0012385,0.0013518252,31858843,planet
1664.9387343347248,1.0005215,0.0013510418,31858843,planet
1664.9401232463047,1.0010263,0.0013501716,31858843,planet
1664.9415121583497,1.0005579,0.0013516452,31858843,planet
1664.9429010699291,0.9995038,0.0013511045,31858843,planet
1664.9442899815099,1.0014415,0.0013507461,31858843,planet
1664.9456788935554,0.9995972,0.0013500805,31858843,planet
1664.9470678051348,0.9978674,0.0013499971,31858843,planet
1664.9484567171805,0.9994685,0.0013515771,31858843,planet
1664.9498456287597,1.0004202,0.0013514602,31858843,planet
1664.9512345408048,1.0002916,0.0013515523,31858843,planet
1664.9526234523855,0.99925876,0.0013512478,31858843,planet
1664.9540123644315,0.9988624,0.0013508517,31858843,planet
1664.955401276011,0.99998885,0.0013501714,31858843,planet
1664.9567901875907,0.9995506,0.0013506608,31858843,planet
1664.9581790996358,1.0017283,0.0013511966,31858843,planet
1664.9595680112152,0.998655,0.0013501337,31858843,planet
1664.9609569232616,0.9997586,0.0013503914,31858843,planet
1664.9623458348415,1.0010275,0.0013521817,31858843,planet
1664.9637347464209,0.9988102,0.0013505864,31858843,planet
1664.9651236584668,0.9975356,0.0013496402,31858843,planet
1664.966512570046,1.0005182,0.0013513389,31858843,planet
1664.9679014820917,1.0014641,0.0013501601,31858843,planet
1664.9692903936725,1.0001433,0.0013507232,31858843,planet
1664.970679305252,0.99976283,0.0013512311,31858843,planet
1664.972068217297,0.9999151,0.0013506977,31858843,planet
1664.9734571288768,1.0005244,0.0013508765,31858843,planet
1664.9748460409226,0.9993064,0.0013500515,31858843,planet
1664.9762349525026,1.0000685,0.0013502875,31858843,planet
1664.9776238640825,1.0006245,0.0013494755,31858843,planet
1664.9790127761285,1.0003402,0.0013477235,31858843,planet
1664.9804016877079,1.0010452,0.0013512534,31858843,planet
1664.9817905992873,1.0003873,0.0013513957,31858843,planet
1664.9831795113328,0.99993265,0.0013516058,31858843,planet
1664.9845684229126,0.9999986,0.0013510677,31858843,planet
1664.985957334493,1.0014402,0.0013519787,31858843,planet
1664.9873462465384,1.0014225,0.0013516918,31858843,planet
1664.9887351581178,1.000894,0.0013508574,31858843,planet
1664.990124070163,0.99929786,0.0013504687,31858843,planet
1664.9915129817432,0.99974895,0.0013508467,31858843,planet
1664.992901893323,0.9992381,0.0013512742,31858843,planet
1664.9942908053686,1.0016584,0.0013526009,31858843,planet
1664.9956797169489,1.002163,0.0013522131,31858843,planet
1664.9970686285283,0.99917,0.0013508298,31858843,planet
1664.9984575401077,0.9987967,0.00135035,31858843,planet
1664.999846452154,1.0029008,0.0013522843,31858843,planet
1665.001235363734,1.0020015,0.0013520787,31858843,planet
1665.0026242753133,1.0001231,0.001351415,31858843,planet
1665.0040131873589,0.9993372,0.0013508442,31858843,planet
1665.0054020989382,0.999945,0.0013516716,31858843,planet
1665.0067910105176,1.0011908,0.0013517218,31858843,planet
1665.008179922564,0.9979141,0.0013502324,31858843,planet
1665.0095688341444,0.9991648,0.0013515705,31858843,planet
1665.0109577457235,1.0003221,0.0013518648,31858843,planet
1665.0123466573036,1.0011832,0.0013506834,31858843,planet
1665.0137355693487,1.0002714,0.00135158,31858843,planet
1665.015124480928,0.99986696,0.0013490357,31858843,planet
1665.0165133925088,1.0004026,0.0013502202,31858843,planet
1665.0179023045544,0.9984407,0.0013494339,31858843,planet
1665.0192912161338,0.9996863,0.0013506565,31858843,planet
1665.0206801277136,1.0004987,0.0013515489,31858843,planet
1665.022069039293,0.9993609,0.0013508652,31858843,planet
1665.023457951338,1.0008146,0.0013515392,31858843,planet
1665.0248468629188,0.99708194,0.001348953,31858843,planet
1665.0262357744991,1.0003885,0.0013505752,31858843,planet
1665.0276246860783,1.0003016,0.0013507813,31858843,planet
1665.029013598124,0.99966806,0.0013502287,31858843,planet
1665.0304025097034,0.9984738,0.0013497432,31858843,planet
1665.0317914212833,1.000364,0.0013513006,31858843,planet
1665.033180332864,0.9998022,0.0013509145,31858843,planet
1665.03456924491,0.9994377,0.0013512011,31858843,planet
1665.0359581564894,1.0005397,0.0013507304,31858843,planet
1665.0373470680686,0.9998636,0.0013507002,31858843,planet
1665.0387359796487,1.0007098,0.00134949,31858843,planet
1665.0401248912285,1.0031936,0.0013512323,31858843,planet
1665.0415138032745,1.0005835,0.0013507574,31858843,planet
1665.0429027148543,1.0015038,0.0013506595,31858843,planet
1665.0442916264337,1.0001369,0.0013499869,31858843,planet
1665.0456805380131,0.9989848,0.0013503758,31858843,planet
1665.047069449593,1.0002719,0.0013509158,31858843,planet
1665.048458361639,1.0015893,0.0013505482,31858843,planet
1665.0498472732188,1.0001608,0.0013491884,31858843,planet
1665.051236184799,1.000261,0.0013510613,31858843,planet
1665.0526250963785,0.99952585,0.0013507969,31858843,planet
1665.0540140079577,0.9989042,0.0013505346,31858843,planet
1665.0554029200039,1.0015062,0.0013514739,31858843,planet
1665.0567918315842,1.0022128,0.0013511656,31858843,planet
1665.0581807431636,0.99741477,0.0013470828,31858843,planet
1665.0595696547434,0.9985986,0.0013483141,31858843,planet
1665.0609585663228,1.0003752,0.0013507489,31858843,planet
1665.0623474779022,1.0004786,0.001351207,31858843,planet
1665.0637363899486,0.99948514,0.0013500076,31858843,planet
1665.0651253015285,1.0010442,0.0013514662,31858843,planet
1665.066514213108,1.0000211,0.0013503181,31858843,planet
1665.0679031246882,1.0003948,0.0013512837,31858843,planet
1665.0692920362676,1.0001456,0.0013512274,31858843,planet
1665.070680947847,0.99817145,0.0013504442,31858843,planet
1665.0720698594275,1.0004308,0.0013508297,31858843,planet
1665.0734587714733,0.9986532,0.001349796,31858843,planet
1665.0748476830527,0.9989062,0.0013489104,31858843,planet
1665.0762365946325,1.0007203,0.0013510702,31858843,planet
1665.077625506212,0.9987405,0.0013490298,31858843,planet
1665.0790144177913,1.0001664,0.0013505905,31858843,planet
1665.080403329372,0.9994243,0.0013501828,31858843,planet
1665.0817922409522,1.000573,0.0013510743,31858843,planet
1665.0831811525313,1.0005106,0.0013506868,31858843,planet
1665.0845700645773,0.9992584,0.0013509056,31858843,planet
1665.0859589761567,0.99952114,0.0013507631,31858843,planet
1665.0873478877365,1.0002663,0.0013508421,31858843,planet
1665.0887367993173,1.0002227,0.0013507,31858843,planet
1665.0901257108974,1.001252,0.0013515104,31858843,planet
1665.0915146224766,0.99987364,0.0013502417,31858843,planet
1665.092903534056,0.99957246,0.0013508097,31858843,planet
1665.0942924456363,1.0007559,0.0013508834,31858843,planet
1665.095681357216,1.0004543,0.0013501116,31858843,planet
1665.0970702687964,1.0021465,0.0013512169,31858843,planet
1665.0984591803763,0.9988072,0.0013499409,31858843,planet
1665.0998480919557,1.0008092,0.0013516832,31858843,planet
1665.1012370040007,0.9983757,0.0013498603,31858843,planet
1665.1026259155806,1.0005496,0.0013505309,31858843,planet
1665.1040148271609,1.0026149,0.0013511179,31858843,planet
1665.1054037387407,1.0030417,0.0013506918,31858843,planet
1665.106792650321,1.0016351,0.0013500906,31858843,planet
1665.1081815619002,1.0024137,0.0013513207,31858843,planet
1665.1095704734794,1.0018352,0.0013510099,31858843,planet
1665.1109593850597,1.0004156,0.0013503812,31858843,planet
1665.1123482966395,0.9985469,0.0013487525,31858843,planet
1665.1137372082198,0.9995287,0.0013501039,31858843,planet
1665.1151261197997,1.0008903,0.0013508429,31858843,planet
1665.116515031379,0.9986137,0.0013491344,31858843,planet
1665.1179039429585,1.0003861,0.0013509131,31858843,planet
1665.1192928545393,1.000127,0.0013500529,31858843,planet
1665.120681766119,0.99932915,0.001349848,31858843,planet
1665.1220706776985,1.0008168,0.0013512188,31858843,planet
1665.1234595892788,0.99997723,0.0013507676,31858843,planet
1665.124848500858,1.0015887,0.0013512388,31858843,planet
1665.1262374124371,1.000448,0.0013514904,31858843,planet
1665.127626324018,1.0039843,0.0013535627,31858843,planet
1665.1290152355982,1.0013083,0.001350585,31858843,planet
1665.1304041471776,0.99935174,0.0013482239,31858843,planet
1665.1317930587575,1.0036129,0.0013524471,31858843,planet
1665.1331819703369,1.0005884,0.0013507907,31858843,planet
1665.1345708819163,0.9990801,0.0013483511,31858843,planet
1665.135959793497,1.0005584,0.0013496511,31858843,planet
1665.1373487050769,1.0014356,0.0013518005,31858843,planet
1665.1387376166563,0.9995077,0.0013492735,31858843,planet
1665.1401265282366,0.9996656,0.001349809,31858843,planet
1665.141515439816,1.0016673,0.0013503523,31858843,planet
1665.1429043513951,1.0034416,0.0013525817,31858843,planet
1665.1442932629757,0.9980625,0.0013502445,31858843,planet
1665.145682174556,0.99931467,0.001349352,31858843,planet
1665.1470710861354,1.0004224,0.0013499206,31858843,planet
1665.1484599977152,0.9999674,0.0013500063,31858843,planet
1665.1498489092955,0.9988847,0.0013492523,31858843,planet
1665.1512378208754,0.9988008,0.001350713,31858843,planet
1665.1526267319898,1.0007472,0.0013503198,31858843,planet
1665.15401564357,0.99976337,0.001350491,31858843,planet
1665.1554045551493,1.0019038,0.0013509382,31858843,planet
1665.1567934667287,1.0009344,0.0013509159,31858843,planet
1665.1581823783085,1.0007019,0.0013502784,31858843,planet
1665.1595712898888,1.0013314,0.0013497698,31858843,planet
1665.1609602014687,0.9987743,0.0013498144,31858843,planet
1665.1623491130485,1.0011529,0.0013510231,31858843,planet
1665.163738024628,0.99926716,0.0013501269,31858843,planet
1665.1651269362073,0.9997964,0.0013505375,31858843,planet
1665.1665158477877,1.0004555,0.0013513754,31858843,planet
1665.1679047593675,0.99829507,0.0013504005,31858843,planet
1665.169293670482,1.0008835,0.0013497436,31858843,planet
1665.170682582062,0.99967563,0.0013511868,31858843,planet
1665.1720714936414,0.999504,0.0013501004,31858843,planet
1665.1734604052208,0.9990205,0.0013496489,31858843,planet
1665.1748493168016,0.99983567,0.0013498681,31858843,planet
1665.1762382283814,1.0015979,0.0013505933,31858843,planet
1665.1776271399608,1.0006468,0.0013511488,31858843,planet
1665.1790160515409,1.0020604,0.0013510619,31858843,planet
1665.18040496312,0.99990845,0.0013501566,31858843,planet
1665.1817938742338,0.99897075,0.0013505786,31858843,planet
1665.1831827858146,1.0003458,0.0013504708,31858843,planet
1665.1845716973949,1.0006477,0.0013513343,31858843,planet
1665.1859606089743,1.0008075,0.001351584,31858843,planet
1665.187349520554,1.0015665,0.001351159,31858843,planet
1665.1887384321335,0.99985105,0.0013504863,31858843,planet
1665.190127343713,0.9998497,0.0013500389,31858843,planet
1665.191516254828,0.99823755,0.0013498614,31858843,planet
1665.1929051664079,0.9985037,0.0013495096,31858843,planet
1665.1942940779873,1.0010043,0.0013516485,31858843,planet
1665.1956829895673,0.99922043,0.0013499788,31858843,planet
1665.1970719011465,0.9991276,0.0013488265,31858843,planet
1665.198460812726,0.99944085,0.0013498432,31858843,planet
1665.199849723841,0.99953026,0.0013507796,31858843,planet
1665.2012386354213,1.0009078,0.0013509169,31858843,planet
1665.2026275470007,1.0012894,0.0013509888,31858843,planet
1665.2040164585806,0.99884915,0.0013497709,31858843,planet
1665.20540537016,0.9994108,0.0013511964,31858843,planet
1665.2067942812741,1.0001001,0.0013509891,31858843,planet
1665.208183192855,1.0022544,0.0013515928,31858843,planet
1665.2095721044352,0.9998805,0.0013504834,31858843,planet
1665.2109610160146,0.9982288,0.0013498944,31858843,planet
1665.212349927594,0.9992549,0.0013505457,31858843,planet
1665.2137388387082,0.999658,0.0013510422,31858843,planet
1665.215127750288,0.9996692,0.0013503075,31858843,planet
1665.2165166618684,0.99934727,0.0013509025,31858843,planet
1665.2179055734482,1.0002313,0.0013497425,31858843,planet
1665.2192944850276,0.99967694,0.0013511297,31858843,planet
1665.2206833961413,0.9997011,0.0013514329,31858843,planet
1665.2220723077214,0.999799,0.0013512766,31858843,planet
1665.2234612193015,1.0003026,0.0013512305,31858843,planet
1665.2248501308814,1.0035518,0.0013520238,31858843,planet
1665.226239041996,1.0004395,0.0013509741,31858843,planet
1665.2276279535754,0.99989337,0.0013506967,31858843,planet
1665.2290168651548,0.99992657,0.0013502392,31858843,planet
1665.2304057767346,0.99945956,0.0013500996,31858843,planet
1665.231794687849,0.999348,0.0013502704,31858843,planet
1665.2331835994291,1.0005159,0.0013510191,31858843,planet
1665.234572511009,1.0002457,0.0013502062,31858843,planet
1665.2359614225884,1.0017606,0.0013509138,31858843,planet
1665.2373503337021,1.0027282,0.0013521533,31858843,planet
1665.2387392452829,0.9999423,0.0013505203,31858843,planet
1665.240128156863,0.9980745,0.0013494107,31858843,planet
1665.2415170684421,1.0022575,0.0013511922,31858843,planet
1665.2429059795568,0.99906474,0.0013503246,31858843,planet
1665.2442948911362,1.0001571,0.0013505903,31858843,planet
1665.2456838027156,0.99846613,0.0013502137,31858843,planet
1665.2470727138307,1.0008755,0.0013495646,31858843,planet
1665.2484616254105,1.0003366,0.0013488851,31858843,planet
1665.24985053699,0.99991053,0.0013506251,31858843,planet
1665.2512394485698,0.9995682,0.0013505468,31858843,planet
1665.2526283596835,1.0009141,0.001351742,31858843,planet
1665.254017271263,1.000073,0.0013513415,31858843,planet
1665.2554061828437,1.0013852,0.0013506823,31858843,planet
1665.2567950939583,1.0006847,0.0013512545,31858843,planet
1665.2581840055375,0.9984384,0.0013488766,31858843,planet
1665.2595729171176,1.000324,0.0013508722,31858843,planet
1665.2609618282313,0.9991477,0.0013503144,31858843,planet
1665.2623507398107,1.0004319,0.0013503949,31858843,planet
1665.2637396513915,0.9978991,0.0013513713,31858843,planet
1665.2651285625057,1.0013916,0.0013524618,31858843,planet
1665.266517474085,0.99964255,0.0013509926,31858843,planet
1665.267906385665,0.9980667,0.0013498858,31858843,planet
1665.2692952967795,0.9995665,0.001350922,31858843,planet
1665.2706842083594,0.99877685,0.001350063,31858843,planet
1665.2720731199397,1.0005367,0.0013517463,31858843,planet
1665.273462031054,1.0011647,0.0013514237,31858843,planet
1665.2748509426333,1.0016265,0.0013508392,31858843,planet
1665.2762398542127,0.99996775,0.0013505823,31858843,planet
1665.2776287653269,1.0028142,0.0013527991,31858843,planet
1665.2790176769072,0.99966246,0.0013503324,31858843,planet
1665.2804065880214,1.0003318,0.0013510308,31858843,planet
1665.2817954996017,1.0017562,0.001352567,31858843,planet
1665.283184411181,0.999697,0.0013505262,31858843,planet
1665.2845733222946,0.9992252,0.0013508061,31858843,planet
1665.2859622338747,0.99948424,0.0013509048,31858843,planet
1665.2873511454545,0.99960685,0.0013515061,31858843,planet
1665.2887400565692,0.99897623,0.0013503423,31858843,planet
1665.290128968149,0.9996409,0.0013504502,31858843,planet
1665.2915178792628,1.0033764,0.0013518464,31858843,planet
1665.2929067908422,1.0009353,0.0013513145,31858843,planet
1665.294295702422,1.0003513,0.0013520289,31858843,planet
1665.2956846135367,1.0019559,0.0013520673,31858843,planet
1665.2970735251165,0.99917,0.0013500468,31858843,planet
1665.2984624362311,1.0018336,0.0013527377,31858843,planet
1665.2998513478105,0.99933195,0.001350087,31858843,planet
1665.3012402589243,0.999735,0.0013503751,31858843,planet
1665.3026291705048,1.0015168,0.0013502161,31858843,planet
1665.3540188905772,1.000793,0.0013513207,31858843,planet
1665.3554078021564,0.9991742,0.0013499972,31858843,planet
1665.35679671327,0.9989984,0.0013506508,31858843,planet
1665.358185624385,1.0000521,0.001351028,31858843,planet
1665.3595745359653,0.99890673,0.001350088,31858843,planet
1665.360963447079,0.99989355,0.0013508445,31858843,planet
1665.3623523586589,0.99779296,0.0013496729,31858843,planet
1665.3637412697726,1.0005805,0.0013512428,31858843,planet
1665.365130181352,0.9996185,0.0013506624,31858843,planet
1665.3665190924671,0.99993646,0.0013510494,31858843,planet
1665.3679080035813,1.0002011,0.0013518541,31858843,planet
1665.3692969151607,1.0022087,0.0013522177,31858843,planet
1665.3706858262753,0.9997381,0.0013521266,31858843,planet
1665.3720747378547,1.0005753,0.0013512054,31858843,planet
1665.3734636489683,0.9983704,0.0013506826,31858843,planet
1665.3748525605488,0.9992784,0.0013509813,31858843,planet
1665.3762414716634,1.0001513,0.0013502334,31858843,planet
1665.3776303827772,0.9991054,0.0013514032,31858843,planet
1665.379019294357,0.99910957,0.0013507243,31858843,planet
1665.3804082054708,0.99888074,0.001351067,31858843,planet
1665.3817971165845,1.0001457,0.0013512346,31858843,planet
1665.3831860281653,0.99884987,0.0013513009,31858843,planet
1665.3845749392804,0.9976938,0.0013501375,31858843,planet
1665.3859638508598,0.9993542,0.0013516318,31858843,planet
1665.3873527619735,1.0000213,0.0013499717,31858843,planet
1665.3887416730877,0.99882287,0.0013502872,31858843,planet
1665.390130584668,1.0001117,0.001350837,31858843,planet
1665.3915194957822,0.99823105,0.0013501225,31858843,planet
1665.3929084068964,0.99855524,0.0013513339,31858843,planet
1665.3942973184758,1.0007308,0.0013514935,31858843,planet
1665.3956862295895,0.9969631,0.0013506784,31858843,planet
1665.3970751411698,1.0012523,0.0013518365,31858843,planet
1665.398464052284,0.9994417,0.0013506789,31858843,planet
1665.3998529633984,0.99944943,0.0013508045,31858843,planet
1665.4012418749785,0.99857366,0.0013503621,31858843,planet
1665.4026307860922,0.9998881,0.0013513368,31858843,planet
1665.404019697206,1.000124,0.001351094,31858843,planet
1665.4054086087858,0.9978735,0.0013506352,31858843,planet
1665.4067975199005,1.0002214,0.0013518533,31858843,planet
1665.4081864310147,0.9975038,0.0013485027,31858843,planet
1665.4095753425945,0.9988654,0.0013505538,31858843,planet
1665.4109642537082,1.0004474,0.0013501219,31858843,planet
1665.412353164822,1.0002834,0.0013505786,31858843,planet
1665.4137420764023,1.0003822,0.0013511049,31858843,planet
1665.4151309875165,0.99912816,0.0013506714,31858843,planet
1665.4165198986311,1.0022986,0.0013522261,31858843,planet
1665.4179088097453,1.0020458,0.0013520719,31858843,planet
1665.4192977213247,1.0015541,0.0013521316,31858843,planet
1665.4206866324384,0.99994,0.001350702,31858843,planet
1665.4220755435535,0.99796337,0.0013508265,31858843,planet
1665.4234644551334,0.99994004,0.0013511886,31858843,planet
1665.4248533662471,1.0004992,0.0013517037,31858843,planet
1665.4262422773616,0.9987045,0.0013499304,31858843,planet
1665.4276311889407,0.9978935,0.0013507892,31858843,planet
1665.4290201000545,0.999768,0.0013494268,31858843,planet
1665.4304090111696,0.999751,0.0013518907,31858843,planet
1665.4317979222842,0.9999054,0.0013511762,31858843,planet
1665.4331868338636,1.0007702,0.0013510849,31858843,planet
1665.4345757449778,0.99805385,0.0013506806,31858843,planet
1665.4359646560915,0.9996566,0.0013508328,31858843,planet
1665.4373535672053,0.9982081,0.0013501869,31858843,planet
1665.438742478786,0.9971856,0.0013497573,31858843,planet
1665.4401313899002,0.9977678,0.0013500331,31858843,planet
1665.441520301014,0.99990785,0.0013511983,31858843,planet
1665.4429092121286,1.002174,0.0013515492,31858843,planet
1665.4442981237084,1.0003766,0.0013496736,31858843,planet
1665.4456870348226,0.99913603,0.0013510878,31858843,planet
1665.4470759459373,1.0020928,0.0013522265,31858843,planet
1665.4484648570515,0.99930865,0.0013512606,31858843,planet
1665.4498537686309,0.99984086,0.0013507606,31858843,planet
1665.4512426797446,0.9992215,0.0013504178,31858843,planet
1665.452631590859,1.000196,0.001352213,31858843,planet
1665.4540205019734,0.9976664,0.0013507133,31858843,planet
1665.4554094130876,0.9985571,0.0013504387,31858843,planet
1665.456798324668,1.0001568,0.0013509189,31858843,planet
1665.4581872357817,0.99976003,0.0013515764,31858843,planet
1665.4595761468954,0.99815196,0.001350495,31858843,planet
1665.4609650580096,1.0012622,0.0013513773,31858843,planet
1665.4623539695897,0.99876446,0.0013508099,31858843,planet
1665.463742880704,0.9989529,0.0013504915,31858843,planet
1665.4651317918183,1.000441,0.0013509747,31858843,planet
1665.466520702932,1.0001619,0.0013519978,31858843,planet
1665.4679096140458,1.0025244,0.0013510495,31858843,planet
1665.4692985251604,1.0005106,0.0013504624,31858843,planet
1665.4706874367403,0.99983853,0.0013502934,31858843,planet
1665.4720763478545,1.0005802,0.001351794,31858843,planet
1665.473465258969,1.0011028,0.001351403,31858843,planet
1665.4748541700828,0.99942595,0.0013509066,31858843,planet
1665.4762430811966,0.9986461,0.0013509002,31858843,planet
1665.4776319927773,0.9994524,0.0013503033,31858843,planet
1665.4790209038915,1.0017372,0.0013525744,31858843,planet
1665.4804098150053,1.0002807,0.001351218,31858843,planet
1665.4817987261195,1.0016242,0.0013521471,31858843,planet
1665.4831876372332,0.99960655,0.0013510975,31858843,planet
1665.484576548347,1.0020627,0.0013526387,31858843,planet
1665.485965459462,0.99841493,0.0013511097,31858843,planet
1665.4873543710423,0.99985737,0.0013514519,31858843,planet
1665.4887432821558,0.9998096,0.0013514343,31858843,planet
1665.4901321932703,1.0000799,0.0013507887,31858843,planet
1665.491521104384,1.001083,0.0013519465,31858843,planet
1665.4929100154977,0.99966425,0.0013507116,31858843,planet
1665.4942989266128,1.0019383,0.0013518368,31858843,planet
1665.495687837727,0.9972865,0.0013510988,31858843,planet
1665.4970767488408,0.99916744,0.0013517466,31858843,planet
1665.4984656604206,1.0012621,0.0013524126,31858843,planet
1665.4998545715343,0.9999846,0.001351307,31858843,planet
1665.501243482648,0.9997972,0.0013518939,31858843,planet
1665.5026323937632,1.0002674,0.0013513017,31858843,planet
1665.5040213048783,1.0010334,0.0013517982,31858843,planet
1665.505410215992,0.9993983,0.0013514733,31858843,planet
1665.5067991271058,0.9992244,0.0013504738,31858843,planet
1665.50818803822,0.99824184,0.0013503253,31858843,planet
1665.5095769493346,0.9973279,0.0013492117,31858843,planet
1665.5109658609144,0.9975826,0.0013505046,31858843,planet
1665.512354772029,1.0003233,0.0013521034,31858843,planet
1665.5137436831428,0.9997203,0.0013507701,31858843,planet
1665.5151325942563,0.99903107,0.0013510832,31858843,planet
1665.5165215053707,1.0005313,0.0013514691,31858843,planet
1665.517910416485,1.0017718,0.0013519754,31858843,planet
1665.5192993275996,0.9998502,0.0013518786,31858843,planet
1665.5206882387138,1.0024772,0.0013505566,31858843,planet
1665.5220771498275,0.9998643,0.001349825,31858843,planet
1665.5234660609412,0.99944645,0.0013508968,31858843,planet
1665.5248549720554,1.0013359,0.0013518988,31858843,planet
1665.52624388317,1.0005332,0.0013523975,31858843,planet
1665.5276327942843,0.999116,0.0013507024,31858843,planet
1665.529021705399,0.99942046,0.0013518822,31858843,planet
1665.5304106165127,1.0010691,0.0013515699,31858843,planet
1665.5317995276262,0.99858326,0.0013511983,31858843,planet
1665.5331884387406,0.9992269,0.0013517037,31858843,planet
1665.5345773503204,0.9979644,0.0013504484,31858843,planet
1665.535966261435,1.0015208,0.0013509732,31858843,planet
1665.5373551725493,1.0007476,0.0013516784,31858843,planet
1665.538744083663,1.0009457,0.0013522091,31858843,planet
1665.5401329947767,1.0003996,0.0013512964,31858843,planet
1665.5415219058918,1.00002,0.0013510654,31858843,planet
1665.542910817006,0.998768,0.0013509277,31858843,planet
1665.5442997281198,0.99734193,0.001350316,31858843,planet
1665.5456886392344,0.99956614,0.0013513125,31858843,planet
1665.5470775503481,1.0004972,0.0013516005,31858843,planet
1665.5484664614619,0.9990016,0.0013507652,31858843,planet
1665.549855372577,0.999889,0.0013527541,31858843,planet
1665.5512442836912,1.0002915,0.0013512693,31858843,planet
1665.552633194805,0.99891573,0.0013510557,31858843,planet
1665.554022105919,1.0022027,0.0013528824,31858843,planet
1665.5554110170328,0.9999005,0.0013518236,31858843,planet
1665.5567999281466,0.9984235,0.0013512039,31858843,planet
1665.5581888392617,0.9986769,0.0013511609,31858843,planet
1665.559577750376,0.99902284,0.0013515449,31858843,planet
1665.5609666614896,1.0003203,0.0013520579,31858843,planet
1665.5623555726042,1.0006636,0.0013520921,31858843,planet
1665.5637444837184,1.0011438,0.0013509684,31858843,planet
1665.5651333943665,1.0007393,0.0013513219,31858843,planet
1665.5665223054812,1.0024047,0.0013531601,31858843,planet
1665.567911216596,1.0029111,0.0013517536,31858843,planet
1665.5693001277095,0.9986406,0.0013508654,31858843,planet
1665.5706890388233,0.99819386,0.0013510046,31858843,planet
1665.572077949938,1.0009052,0.0013515159,31858843,planet
1665.573466861052,0.9985713,0.0013509928,31858843,planet
1665.5748557721668,1.0021499,0.0013528612,31858843,planet
1665.576244683281,0.9991983,0.001350825,31858843,planet
1665.5776335943947,1.0008545,0.0013519906,31858843,planet
1665.5790225055084,0.9988855,0.0013503932,31858843,planet
1665.5804114166226,0.9997271,0.0013503747,31858843,planet
1665.5818003277373,1.0003965,0.0013516813,31858843,planet
1665.5831892388514,1.0011171,0.0013523226,31858843,planet
1665.584578149966,0.9976431,0.0013505686,31858843,planet
1665.5859670610796,1.0006021,0.0013513088,31858843,planet
1665.5873559717274,1.0002604,0.0013523014,31858843,planet
1665.588744882842,0.9991022,0.0013504379,31858843,planet
1665.5901337939563,0.998374,0.0013504071,31858843,planet
1665.591522705071,0.99929106,0.0013507204,31858843,planet
1665.5929116161851,1.0023837,0.0013516723,31858843,planet
1665.5943005272989,1.002389,0.0013523434,31858843,planet
1665.5956894384126,0.9987465,0.0013516461,31858843,planet
1665.5970783495277,1.0020286,0.0013521815,31858843,planet
1665.5984672606419,0.99762654,0.0013509053,31858843,planet
1665.5998561717556,0.9999269,0.0013507458,31858843,planet
1665.6012450824046,0.9982406,0.0013502635,31858843,planet
1665.602633993518,1.0000415,0.0013515302,31858843,planet
1665.6040229046316,1.0000334,0.0013518942,31858843,planet
1665.6054118157467,1.000146,0.0013519662,31858843,planet
1665.6068007268614,0.9985584,0.0013505915,31858843,planet
1665.608189637975,0.99918693,0.0013507484,31858843,planet
1665.6095785490893,0.9991221,0.0013507942,31858843,planet
1665.610967460203,0.9990972,0.0013511776,31858843,planet
1665.612356370851,0.9995288,0.0013516684,31858843,planet
1665.6137452819662,1.0005481,0.0013517361,31858843,planet
1665.6151341930804,1.0013928,0.0013513124,31858843,planet
1665.6165231041941,1.0028288,0.0013526013,31858843,planet
1665.6179120153088,1.0015248,0.0013513512,31858843,planet
1665.6193009264225,1.0009985,0.0013520437,31858843,planet
1665.6206898370704,0.9983897,0.0013503707,31858843,planet
1665.6220787481852,0.99729973,0.0013506546,31858843,planet
1665.6234676593003,1.0001479,0.0013515793,31858843,planet
1665.624856570414,0.9988206,0.0013512059,31858843,planet
1665.6262454815278,0.9991849,0.0013510442,31858843,planet
1665.6276343926424,1.0007639,0.0013510949,31858843,planet
1665.629023303291,0.99855256,0.0013510012,31858843,planet
1665.6304122144054,1.0016458,0.0013526665,31858843,planet
1665.6318011255198,1.000176,0.00135122,31858843,planet
1665.6331900366336,1.0023063,0.001352925,31858843,planet
1665.6345789477473,0.99948543,0.0013523897,31858843,planet
1665.6359678583958,0.9994653,0.0013513414,31858843,planet
1665.6373567695105,0.99824643,0.0013507106,31858843,planet
1665.6387456806247,1.0025115,0.0013532798,31858843,planet
1665.6401345917388,1.0000492,0.001351708,31858843,planet
1665.6415235028526,1.0015446,0.0013520344,31858843,planet
1665.6429124135007,1.0004271,0.0013510818,31858843,planet
1665.6443013246153,0.99926317,0.0013510601,31858843,planet
1665.6456902357295,1.0015098,0.0013518047,31858843,planet
1665.647079146844,0.9982873,0.0013513565,31858843,planet
1665.6484680579583,0.9993992,0.0013510272,31858843,planet
1665.6498569686064,0.9988695,0.0013510921,31858843,planet
1665.6512458797201,1.0000396,0.001351472,31858843,planet
1665.6526347908343,1.0009524,0.0013521275,31858843,planet
1665.654023701949,1.0017073,0.0013511238,31858843,planet
1665.6554126125975,1.0005965,0.0013500975,31858843,planet
1665.656801523712,0.9997224,0.0013515931,31858843,planet
1665.6581904348254,0.9989523,0.0013506776,31858843,planet
1665.6595793459392,0.99819803,0.001350716,31858843,planet
1665.6609682565886,1.0001088,0.0013520946,31858843,planet
1665.6623571677032,0.9989802,0.0013518067,31858843,planet
1665.663746078817,0.9996268,0.0013514776,31858843,planet
1665.6651349899312,0.99912035,0.0013510106,31858843,planet
1665.6665239005793,1.0013316,0.001352243,31858843,planet
1665.667912811693,0.99913096,0.0013514102,31858843,planet
1665.669301722808,0.9984947,0.0013510108,31858843,planet
1665.6706906339223,1.0011522,0.0013521805,31858843,planet
1665.6720795445704,0.99754053,0.0013507324,31858843,planet
1665.6734684556848,1.0001135,0.0013521273,31858843,planet
1665.6748573667983,1.0022199,0.0013528737,31858843,planet
1665.6762462774464,0.9976546,0.0013512155,31858843,planet
1665.6776351885615,1.0010729,0.0013524981,31858843,planet
1665.679024099676,1.0005095,0.0013526932,31858843,planet
1665.6804130107898,1.000602,0.0013522255,31858843,planet
1665.6818019214384,0.9986793,0.0013510738,31858843,planet
1665.6831908325528,1.0010581,0.0013529925,31858843,planet
1665.6845797436663,1.0002325,0.0013527025,31858843,planet
1665.6859686543153,0.9987254,0.0013510892,31858843,planet
1665.6873575654304,1.0005744,0.0013518488,31858843,planet
1665.688746476544,1.0007656,0.0013517773,31858843,planet
1665.6901353871922,1.0005099,0.0013515761,31858843,planet
1665.6915242983064,0.99972194,0.001352017,31858843,planet
1665.6929132094206,1.0010443,0.0013524973,31858843,planet
1665.6943021200696,1.0001813,0.0013523239,31858843,planet
1665.6956910311837,0.9992737,0.0013522552,31858843,planet
1665.6970799422975,1.0001775,0.0013521895,31858843,planet
1665.6984688529456,0.99954635,0.0013523283,31858843,planet
1665.6998577640602,0.99930817,0.0013524058,31858843,planet
1665.7012466751744,0.9986009,0.0013516813,31858843,planet
1665.702635585823,1.0001887,0.0013527302,31858843,planet
1665.7040244969376,1.0003412,0.001351321,31858843,planet
1665.7054134080513,1.0008907,0.0013521757,31858843,planet
1665.7068023186994,1.0008968,0.0013512486,31858843,planet
1665.7081912298136,0.9996981,0.0013512975,31858843,planet
1665.709580140928,1.0006814,0.0013516425,31858843,planet
1665.7109690515767,1.0012485,0.0013521743,31858843,planet
1665.712357962691,0.99957174,0.0013521839,31858843,planet
1665.713746873339,0.9996277,0.0013521672,31858843,planet
1665.7151357844527,0.9985287,0.0013514108,31858843,planet
1665.7165246955678,1.0005474,0.0013526186,31858843,planet
1665.7179136062166,0.99758244,0.0013512919,31858843,planet
1665.71930251733,0.9986983,0.001351873,31858843,planet
1665.7206914284448,1.000618,0.0013519063,31858843,planet
1665.7220803390928,1.0003711,0.0013528479,31858843,planet
1665.7234692502066,0.9985666,0.001351306,31858843,planet
1665.724858160856,1.0010073,0.0013528148,31858843,planet
1665.7262470719702,0.9972775,0.0013507988,31858843,planet
1665.727635983084,0.9988629,0.001351062,31858843,planet
1665.7290248937325,0.9991878,0.0013512855,31858843,planet
1665.7304138048462,1.0002697,0.0013520836,31858843,planet
1665.7318027154943,1.0006993,0.0013530311,31858843,planet
1665.7331916266094,1.0011882,0.001352045,31858843,planet
1665.734580537724,1.0004267,0.0013506182,31858843,planet
1665.7359694483719,0.99954593,0.0013512501,31858843,planet
1665.7373583594863,0.9987811,0.0013510392,31858843,planet
1665.7387472701344,1.0004252,0.0013525086,31858843,planet
1665.740136181248,1.0009135,0.0013523736,31858843,planet
1665.7415250918975,0.99835014,0.0013516044,31858843,planet
1665.7429140030117,0.99955726,0.0013524374,31858843,planet
1665.7443029141255,0.9989115,0.0013507974,31858843,planet
1665.745691824774,0.9992527,0.0013518474,31858843,planet
1665.7470807358886,1.0001236,0.0013523354,31858843,planet
1665.7484696465372,0.9979824,0.0013508585,31858843,planet
1665.7498585576518,0.99944293,0.0013513418,31858843,planet
1665.7512474683003,0.9973761,0.0013506385,31858843,planet
1665.752636379414,0.9971999,0.001351018,31858843,planet
1665.7540252900621,1.0007226,0.0013522041,31858843,planet
1665.7554142011763,1.0022887,0.0013520089,31858843,planet
1665.7568031118253,0.99975914,0.0013516962,31858843,planet
1665.7581920229395,1.0001608,0.0013520927,31858843,planet
1665.7595809335885,1.0006914,0.0013516124,31858843,planet
1665.7609698447022,1.0005054,0.0013520104,31858843,planet
1665.7623587558157,1.000031,0.0013515528,31858843,planet
1665.7637476664645,0.9984469,0.0013516252,31858843,planet
1665.7651365775787,1.0016041,0.0013520744,31858843,planet
1665.7665254882277,0.9993894,0.0013519325,31858843,planet
1665.7679143993419,1.0010142,0.0013513839,31858843,planet
1665.76930330999,1.0001655,0.0013524262,31858843,planet
1665.7706922211037,0.99863285,0.0013507355,31858843,planet
1665.7720811317522,1.0011705,0.0013519286,31858843,planet
1665.7734700428668,0.99883544,0.0013517258,31858843,planet
1665.7748589535154,1.0011617,0.0013522266,31858843,planet
1665.77624786463,0.99915034,0.0013518438,31858843,planet
1665.777636775278,0.9990609,0.0013513964,31858843,planet
1665.7790256863918,0.9982414,0.0013508657,31858843,planet
1665.780414597041,0.9999974,0.0013523477,31858843,planet
1665.7818035076898,1.0003846,0.0013520549,31858843,planet
1665.7831924188035,1.0004523,0.0013520233,31858843,planet
1665.784581329452,1.000383,0.0013519602,31858843,planet
1665.7859702405658,0.9993097,0.0013510942,31858843,planet
1665.7873591512139,1.0020006,0.0013533637,31858843,planet
1665.788748062329,0.99667776,0.0013507177,31858843,planet
1665.7901369729777,1.0004863,0.0013516049,31858843,planet
1665.7915258840912,1.0020816,0.0013522038,31858843,planet
1665.7929147947402,1.0027077,0.0013524158,31858843,planet
1665.794303705854,1.001257,0.0013519329,31858843,planet
1665.795692616502,1.0008508,0.0013519821,31858843,planet
1665.7970815276171,0.9999866,0.0013508004,31858843,planet
1665.7984704382657,0.9995774,0.001351221,31858843,planet
1665.7998593489137,1.0009205,0.0013520587,31858843,planet
1665.801248260028,0.99987066,0.001351695,31858843,planet
1665.802637170676,0.9968386,0.0013502904,31858843,planet
1665.8040260817897,1.0009583,0.0013511917,31858843,planet
1665.8054149924392,0.9970414,0.0013501788,31858843,planet
1665.8068039035543,0.9957556,0.0013502532,31858843,planet
1665.8081928142024,0.9989262,0.0013510311,31858843,planet
1665.8095817248504,0.99943256,0.001351448,31858843,planet
1665.8109706359646,1.0024346,0.0013524365,31858843,planet
1665.8123595466136,1.0011138,0.0013513118,31858843,planet
1665.8137484577278,1.000181,0.0013521351,31858843,planet
1665.8151373683768,1.000702,0.0013521529,31858843,planet
1665.8165262790246,1.0019096,0.0013527885,31858843,planet
1665.8179151901381,1.0017394,0.001352639,31858843,planet
1665.8193041007871,1.0013546,0.0013521345,31858843,planet
1665.8206930119013,1.0019742,0.001351858,31858843,planet
1665.8220819225503,1.0007893,0.0013529613,31858843,planet
1665.8234708331988,0.99963963,0.0013519372,31858843,planet
1665.8248597443126,1.0009022,0.0013524498,31858843,planet
1665.8262486549606,0.99932134,0.0013518509,31858843,planet
1665.8276375660748,1.0006403,0.001351887,31858843,planet
1665.8290264767238,1.0004858,0.0013514423,31858843,planet
1665.8304153873723,1.0007948,0.0013521966,31858843,planet
1665.831804298487,0.9977412,0.0013505352,31858843,planet
1665.8331932091348,0.9999513,0.0013511563,31858843,planet
1665.8345821197827,0.9990344,0.0013516452,31858843,planet
1665.8359710308973,0.99917346,0.0013514283,31858843,planet
1665.8373599415459,1.000917,0.0013525002,31858843,planet
1665.8387488521948,1.0010786,0.0013523457,31858843,planet
1665.840137763309,1.0013876,0.001352052,31858843,planet
1665.841526673957,0.9992531,0.0013517652,31858843,planet
1665.8429155846052,1.0006868,0.0013519549,31858843,planet
1665.8443044957203,0.9999638,0.0013519846,31858843,planet
1665.8456934063688,0.9982243,0.0013504714,31858843,planet
1665.8470823170169,1.0004011,0.0013511456,31858843,planet
1665.8484712281315,0.9998149,0.0013512622,31858843,planet
1665.8498601387796,1.0012596,0.0013514904,31858843,planet
1665.8512490494275,1.0002352,0.0013515188,31858843,planet
1665.8526379605423,0.9993951,0.0013506693,31858843,planet
1665.8540268711913,1.0011786,0.0013512817,31858843,planet
1665.8554157818394,1.0010003,0.0013513034,31858843,planet
1665.8568046929536,0.9997252,0.0013511681,31858843,planet
1665.8581936036016,1.0001978,0.0013510828,31858843,planet
1665.8595825142497,1.000471,0.001351906,31858843,planet
1665.8609714253648,0.99955475,0.0013515478,31858843,planet
1665.8623603360134,0.9992928,0.001350702,31858843,planet
1665.8637492466614,0.99810606,0.0013503853,31858843,planet
1665.865138157776,1.0001143,0.0013510565,31858843,planet
1665.8665270684246,1.0011327,0.0013519402,31858843,planet
1665.8679159790736,1.0003979,0.0013509812,31858843,planet
1665.8693048897221,0.9994685,0.0013517218,31858843,planet
1665.8706938008363,0.9999547,0.0013514125,31858843,planet
1665.8720827114844,1.0010037,0.001351138,31858843,planet
1665.8734716221325,0.9983805,0.0013499362,31858843,planet
1665.874860533247,0.9978877,0.0013507289,31858843,planet
1665.8762494438956,1.0007088,0.0013513429,31858843,planet
1665.8776383545444,1.0028018,0.0013519651,31858843,planet
1665.8790272651931,0.99957424,0.0013516253,31858843,planet
1665.8804161763069,1.0018723,0.0013521105,31858843,planet
1665.881805086955,1.0007602,0.0013515186,31858843,planet
1665.8831939976035,0.9994879,0.0013514169,31858843,planet
1665.8845829082525,1.0004519,0.0013523024,31858843,planet
1665.8859718193667,0.9987487,0.0013504808,31858843,planet
1665.8873607300152,1.0013925,0.0013516989,31858843,planet
1665.8887496406633,0.9988052,0.001350189,31858843,planet
1665.8901385513113,0.99920946,0.0013510077,31858843,planet
1665.891527462426,1.0018783,0.0013520448,31858843,planet
1665.8929163730745,0.99818486,0.0013505653,31858843,planet
1665.8943052837235,1.0008956,0.0013519224,31858843,planet
1665.895694194372,0.99962807,0.0013503748,31858843,planet
1665.89708310502,0.99957293,0.0013499826,31858843,planet
1665.8984720161338,0.99851424,0.0013511374,31858843,planet
1665.8998609267833,1.0010576,0.0013518359,31858843,planet
1665.9012498374318,1.0011375,0.001352157,31858843,planet
1665.9026387480799,1.0024416,0.001352208,31858843,planet
1665.9040276591943,0.99888855,0.0013506205,31858843,planet
1665.9054165698421,0.998671,0.0013500163,31858843,planet
1665.9068054804902,1.0013664,0.0013517281,31858843,planet
1665.9081943911397,1.0011472,0.0013512482,31858843,planet
1665.9095833017886,1.0009435,0.001352301,31858843,planet
1665.9109722129024,1.0000675,0.0013503854,31858843,planet
1665.912361123551,1.0016835,0.0013513735,31858843,planet
1665.913750034199,0.9992874,0.0013500578,31858843,planet
1665.915138944847,1.0012101,0.0013515112,31858843,planet
1665.9165278554965,1.0018575,0.0013526987,31858843,planet
1665.9179167666107,1.0004958,0.0013517109,31858843,planet
1665.9193056772588,0.99972844,0.0013511279,31858843,planet
1665.9206945879077,0.9984377,0.0013505096,31858843,planet
1665.9220834985556,1.0016766,0.0013516208,31858843,planet
1665.9234724092034,0.9989887,0.0013509076,31858843,planet
1665.9248613198529,0.9985444,0.0013501054,31858843,planet
1665.926250230968,0.9988421,0.001350239,31858843,planet
1665.927639141616,0.99995744,0.0013511329,31858843,planet
1665.9290280522641,1.0001419,0.0013513674,31858843,planet
1665.930416962913,1.0003204,0.0013510477,31858843,planet
1665.9318058735616,1.0001583,0.0013513939,31858843,planet
1665.9331947842102,1.0005782,0.001352155,31858843,planet
1665.9345836948592,0.9985042,0.001350219,31858843,planet
1665.935972605973,0.9976418,0.0013498757,31858843,planet
1665.937361516621,0.99848324,0.0013500336,31858843,planet
1665.9387504272695,1.0005506,0.0013513286,31858843,planet
1665.9401393379183,1.0006353,0.0013514993,31858843,planet
1665.941528248567,1.0010791,0.0013514274,31858843,planet
1665.9429171592155,1.0008761,0.0013509083,31858843,planet
1665.9443060698636,0.99950695,0.001351263,31858843,planet
1665.9456949805117,0.9990233,0.0013504735,31858843,planet
1665.9470838916263,0.9986626,0.001350448,31858843,planet
1665.9484728022749,1.0002367,0.0013516138,31858843,planet
1665.9498617129234,0.9985628,0.0013496226,31858843,planet
1665.9512506235724,1.000636,0.0013508553,31858843,planet
1665.9526395342205,1.0016922,0.0013515853,31858843,planet
1665.9540284448685,1.0012028,0.0013512141,31858843,planet
1665.955417355517,0.99856186,0.0013500613,31858843,planet
1665.9568062661658,1.0008665,0.0013514131,31858843,planet
1665.9581951768146,1.0006233,0.0013517897,31858843,planet
1665.9595840879288,0.99975246,0.0013511681,31858843,planet
1665.9609729985768,0.9998019,0.0013508168,31858843,planet
1665.962361909225,0.99739355,0.0013498396,31858843,planet
1665.9637508198743,0.9987456,0.001350637,31858843,planet
1665.9651397305233,1.0004855,0.0013507336,31858843,planet
1665.9665286411712,1.0009682,0.0013511423,31858843,planet
1665.96791755182,1.00188,0.0013522065,31858843,planet
1665.969306462468,1.0003003,0.0013515105,31858843,planet
1665.970695373116,1.0001729,0.0013511357,31858843,planet
1665.9720842837655,0.99882513,0.001350999,31858843,planet
1665.973473194414,0.999634,0.0013507707,31858843,planet
1665.9748621050621,1.0010949,0.0013512054,31858843,planet
1665.9762510157107,0.9977513,0.0013506787,31858843,planet
1665.9776399263587,1.0003092,0.0013516814,31858843,planet
1665.9790288370068,0.99956536,0.0013509995,31858843,planet
1665.980417748122,0.9990113,0.0013504444,31858843,planet
1665.981806658771,0.9989287,0.0013510372,31858843,planet
1665.9831955694187,1.0004244,0.0013507627,31858843,planet
1665.9845844800675,0.99923384,0.0013512465,31858843,planet
1665.9859733907156,1.0005517,0.001350788,31858843,planet
1665.987362301364,0.9991223,0.0013504365,31858843,planet
1665.9887512120135,1.0003144,0.0013520013,31858843,planet
1665.9901401226625,1.0004913,0.0013522935,31858843,planet
1665.9915290333106,0.9999766,0.0013503442,31858843,planet
1665.9929179439584,0.999699,0.0013513113,31858843,planet
1665.9943068546072,1.0002072,0.0013504573,31858843,planet
1665.9956957652557,0.9992307,0.0013512347,31858843,planet
1665.9970846759047,1.0003412,0.0013504467,31858843,planet
1665.9984735865532,0.99994105,0.0013509052,31858843,planet
1665.9998624972013,1.0007826,0.0013512751,31858843,planet
1666.0012514078494,1.001053,0.0013512521,31858843,planet
1666.002640318498,1.0004874,0.0013516933,31858843,planet
1666.004029229147,0.9976052,0.0013495404,31858843,planet
1666.0054181397954,1.00035,0.0013508687,31858843,planet
1666.0068070504444,1.0006493,0.0013505004,31858843,planet
1666.0081959610925,1.0003227,0.0013509924,31858843,planet
1666.0095848717403,0.99992603,0.0013510537,31858843,planet
1666.010973782389,1.0025082,0.0013525141,31858843,planet
1666.0123626930376,1.0019,0.0013526757,31858843,planet
1666.0137516036866,0.9998128,0.0013505481,31858843,planet
1666.0151405143351,0.9995281,0.0013513247,31858843,planet
1666.0165294249832,0.99938154,0.001350964,31858843,planet
1666.0179183356313,0.9986263,0.0013510984,31858843,planet
1666.0193072462807,1.0005428,0.0013508474,31858843,planet
1666.0206961569293,1.0026107,0.0013528335,31858843,planet
1666.0220850671117,1.0000378,0.0013506915,31858843,planet
1666.0234739777607,0.9974855,0.0013502099,31858843,planet
1666.0248628884087,0.99993896,0.0013503078,31858843,planet
1666.0262517990568,1.0001566,0.001351364,31858843,planet
1666.0276407097062,1.0008825,0.0013510953,31858843,planet
1666.0290296203548,1.0033698,0.001351308,31858843,planet
1666.0304185310029,1.0004569,0.0013508592,31858843,planet
1666.0318074416514,0.99998343,0.0013509305,31858843,planet
1666.0331963522995,1.0000696,0.0013512135,31858843,planet
1666.0345852629475,1.0008547,0.0013520402,31858843,planet
1666.035974173597,1.0007644,0.0013513464,31858843,planet
1666.0373630842457,0.9985402,0.0013507792,31858843,planet
1666.0387519948936,1.000501,0.0013519818,31858843,planet
1666.0401409055426,0.99912953,0.00135089,31858843,planet
1666.0415298161906,1.0018584,0.001351821,31858843,planet
1666.042918726373,0.9993374,0.0013507591,31858843,planet
1666.0443076370225,1.0015757,0.0013514999,31858843,planet
1666.045696547671,0.9988839,0.0013505097,31858843,planet
1666.047085458319,0.9994013,0.0013509948,31858843,planet
1666.0484743689676,0.9976863,0.0013507132,31858843,planet
1666.0498632796166,0.9992514,0.0013505035,31858843,planet
1666.0512521902651,1.000803,0.0013510882,31858843,planet
1666.0526411009141,1.0000753,0.0013511681,31858843,planet
1666.0540300115626,0.9993297,0.0013509176,31858843,planet
1666.0554189222107,1.0008583,0.0013515517,31858843,planet
1666.0568078323931,1.0000665,0.0013506062,31858843,planet
1666.0581967430417,1.0003622,0.0013516065,31858843,planet
1666.0595856536906,1.0008854,0.001350922,31858843,planet
1666.0609745643392,0.9993958,0.0013505288,31858843,planet
1666.0623634749882,1.0001888,0.0013509241,31858843,planet
1666.063752385636,1.0003158,0.0013516091,31858843,planet
1666.0651412962839,0.99891114,0.0013506912,31858843,planet
1666.0665302069328,1.0003877,0.0013520911,31858843,planet
1666.0679191171157,1.0018988,0.001352223,31858843,planet
1666.0693080277647,0.99819386,0.0013502946,31858843,planet
1666.0706969384132,1.0006177,0.0013520259,31858843,planet
1666.0720858490613,1.0015382,0.0013517658,31858843,planet
1666.0734747597094,0.9963919,0.0013496442,31858843,planet
1666.074863670358,0.99793464,0.0013503608,31858843,planet
1666.0762525805412,1.0001129,0.0013510372,31858843,planet
1666.0776414911898,1.0008314,0.0013515794,31858843,planet
1666.0790304018387,0.999475,0.0013513297,31858843,planet
1666.0804193124866,0.99901533,0.001350768,31858843,planet
1666.0818082231344,1.0002718,0.0013518163,31858843,planet
1666.0831971337839,1.0015075,0.0013519,31858843,planet
1666.0845860439672,1.0032284,0.0013522275,31858843,planet
1666.0859749546153,0.99988705,0.0013511138,31858843,planet
1666.0873638652638,1.0007575,0.0013523832,31858843,planet
1666.0887527759119,0.99998724,0.0013514729,31858843,planet
1666.09014168656,1.0006884,0.0013519108,31858843,planet
1666.0915305972094,1.0022163,0.0013530502,31858843,planet
1666.0929195073923,0.99824476,0.0013499901,31858843,planet
1666.0943084180403,0.99915177,0.0013515921,31858843,planet
1666.0956973286893,0.998846,0.0013508822,31858843,planet
1666.0970862393374,1.0003011,0.0013511566,31858843,planet
1666.0984751495196,1.0008718,0.0013514387,31858843,planet
1666.0998640601688,1.0013198,0.0013521959,31858843,planet
1666.1012529708178,0.99933445,0.0013514564,31858843,planet
1666.1026418814658,0.9998101,0.0013512282,31858843,planet
1666.1040307921144,1.0000833,0.0013510475,31858843,planet
1666.1054197022968,1.0016176,0.0013522238,31858843,planet
1666.1068086129449,0.99801487,0.0013507106,31858843,planet
1666.1081975235943,0.9991495,0.0013510359,31858843,planet
1666.1095864342428,0.99861187,0.0013503367,31858843,planet
1666.110975344891,1.0000539,0.0013515772,31858843,planet
1666.1123642550742,1.0002801,0.001350985,31858843,planet
1666.1137531657228,0.99874943,0.0013509342,31858843,planet
1666.1151420763717,0.99893886,0.0013508857,31858843,planet
1666.1165309870203,0.99925786,0.0013500877,31858843,planet
1666.1179198972031,0.99831975,0.0013500487,31858843,planet
1666.1193088078512,0.99905,0.0013504776,31858843,planet
1666.1206977184993,0.9995723,0.0013501424,31858843,planet
1666.1220866291483,1.0010763,0.0013517109,31858843,planet
1666.1234755393311,1.00149,0.0013519395,31858843,planet
1666.12486444998,0.9999449,0.001351586,31858843,planet
1666.1262533606287,1.0004777,0.0013507621,31858843,planet
1666.127642270811,0.9979974,0.0013501702,31858843,planet
1666.1290311814591,0.9995468,0.0013508158,31858843,planet
1666.1304200921077,1.0010725,0.0013516913,31858843,planet
1666.1318090027567,1.0009959,0.0013508947,31858843,planet
1666.1331979129395,0.999765,0.0013509602,31858843,planet
1666.1345868235883,0.99908847,0.0013508376,31858843,planet
1666.1359757342361,1.0015317,0.0013511545,31858843,planet
1666.1373646444185,1.001681,0.001352385,31858843,planet
1666.138753555068,0.9993477,0.0013501351,31858843,planet
1666.140142465717,0.99957865,0.0013515415,31858843,planet
1666.141531376365,0.99935544,0.0013504154,31858843,planet
1666.142920286548,0.9997416,0.0013509847,31858843,planet
1666.144309197196,0.99921817,0.001350519,31858843,planet
1666.145698107844,0.9992024,0.0013511728,31858843,planet
1666.1470870180278,0.9990911,0.0013502017,31858843,planet
1666.1484759286764,0.99945205,0.0013508367,31858843,planet
1666.1498648393244,0.99906987,0.0013501939,31858843,planet
1666.1512537495075,1.0017455,0.001352461,31858843,planet
1666.1526426601554,0.9996295,0.0013493679,31858843,planet
1666.1540315708035,0.99894476,0.0013509304,31858843,planet
1666.1554204809872,1.0013452,0.0013500119,31858843,planet
1666.1568093916362,1.000064,0.0013510294,31858843,planet
1666.1581983022843,1.0002221,0.001350683,31858843,planet
1666.1595872124672,1.0022935,0.001351879,31858843,planet
1666.1609761231152,1.0013328,0.0013518519,31858843,planet
1666.1623650337633,0.998719,0.0013505133,31858843,planet
1666.163753943947,0.99953437,0.0013502724,31858843,planet
1666.1651428545956,0.9991603,0.0013500277,31858843,planet
1666.1665317652437,1.0001211,0.0013503608,31858843,planet
1666.167920675427,0.9997964,0.0013504795,31858843,planet
1666.1693095860749,0.9998551,0.0013500338,31858843,planet
1666.1706984967236,0.99958265,0.0013508968,31858843,planet
1666.1720874069074,1.0009981,0.0013515364,31858843,planet
1666.173476317556,1.0008932,0.0013511122,31858843,planet
1666.174865228204,0.99979883,0.0013505653,31858843,planet
1666.1762541383864,0.998745,0.0013502499,31858843,planet
1666.1776430490354,1.0002418,0.0013510921,31858843,planet
1666.1790319592183,0.9982847,0.0013495085,31858843,planet
1666.1804208698668,0.9989827,0.0013507184,31858843,planet
1666.1818097805158,0.9983069,0.0013490212,31858843,planet
1666.1831986906982,1.000072,0.0013508571,31858843,planet
1666.1845876013463,0.99824196,0.0013497692,31858843,planet
1666.1859765115291,1.0006506,0.0013512934,31858843,planet
1666.187365422178,1.000461,0.0013505028,31858843,planet
1666.1887543328266,0.99926066,0.0013509823,31858843,planet
1666.1901432430095,1.0011162,0.0013522031,31858843,planet
1666.1915321536576,1.000442,0.0013503016,31858843,planet
1666.19292106384,0.9989578,0.0013497317,31858843,planet
1666.194309974489,1.0009782,0.001351017,31858843,planet
1666.1956988851375,1.0000464,0.0013498741,31858843,planet
1666.1970877953204,1.0009251,0.0013509076,31858843,planet
1666.1984767059694,0.9995917,0.0013505614,31858843,planet
1666.1998656161518,0.99898046,0.001349754,31858843,planet
1666.2012545267999,0.9985104,0.0013500364,31858843,planet
1666.2026434374493,1.0004054,0.0013510319,31858843,planet
1666.2040323476322,1.0002536,0.0013503464,31858843,planet
1666.2054212582802,0.99975795,0.001350825,31858843,planet
1666.206810168463,1.0029254,0.0013517962,31858843,planet
1666.2081990791112,1.001061,0.0013507619,31858843,planet
1666.2095879892936,0.99802333,0.001349539,31858843,planet
1666.210976899943,1.0003706,0.0013505388,31858843,planet
1666.2123658101264,1.0009127,0.0013510418,31858843,planet
1666.2137547207742,1.000023,0.0013510508,31858843,planet
1666.215143631423,0.9988687,0.0013497386,31858843,planet
1666.2165325416054,0.9994166,0.0013507908,31858843,planet
1666.2179214522534,0.9990342,0.0013502586,31858843,planet
1666.2193103624372,1.0014375,0.001351252,31858843,planet
1666.2206992730858,0.9988957,0.0013512557,31858843,planet
1666.2220881832682,0.99995565,0.0013509941,31858843,planet
1666.2234770939167,1.0014352,0.0013515169,31858843,planet
1666.224866004099,1.0019411,0.001351203,31858843,planet
1666.2262549147472,1.0027825,0.001351531,31858843,planet
1666.227643824931,1.0006616,0.0013507219,31858843,planet
1666.22903273558,0.9989997,0.0013498075,31858843,planet
1666.2304216457624,1.0019108,0.001351545,31858843,planet
1666.231810556411,0.99900883,0.0013498331,31858843,planet
1666.2331994665933,0.9982681,0.0013494367,31858843,planet
1666.2345883772418,1.0004756,0.0013503152,31858843,planet
1666.2359772874256,1.000597,0.0013504096,31858843,planet
1666.2373661980746,1.0005865,0.0013494914,31858843,planet
1666.238755108257,1.0020286,0.0013510938,31858843,planet
1666.2401440189049,0.9999988,0.0013493309,31858843,planet
1666.241532929088,1.0015893,0.0013505877,31858843,planet
1666.2429218397365,0.99963313,0.0013499409,31858843,planet
1666.2443107499198,1.0017085,0.0013509665,31858843,planet
1666.2456996605683,0.99855584,0.00134959,31858843,planet
1666.2470885707507,0.9986699,0.0013496091,31858843,planet
1666.2484774813988,1.0001377,0.0013499152,31858843,planet
1666.2498663915817,1.0013666,0.0013514498,31858843,planet
1666.2512553022307,0.99754214,0.0013484014,31858843,planet
1666.2526442124135,0.99788696,0.0013492398,31858843,planet
1666.2540331230625,0.9976412,0.0013494833,31858843,planet
1666.255422033245,1.001079,0.0013507713,31858843,planet
1666.256810943893,1.0006988,0.0013505534,31858843,planet
1666.2581998540766,1.0016307,0.0013512844,31858843,planet
1666.2595887642597,1.0020741,0.0013508099,31858843,planet
1666.2609776749077,0.99885213,0.0013504178,31858843,planet
1666.2623665850906,1.0006069,0.0013508133,31858843,planet
1666.2637554957387,0.99810094,0.0013502256,31858843,planet
1666.265144405921,0.99924123,0.0013498503,31858843,planet
1666.2665333165705,0.99858356,0.001350265,31858843,planet
1666.2679222267536,1.0006082,0.0013510302,31858843,planet
1666.2693111374015,1.0004051,0.0013510282,31858843,planet
1666.2707000475848,0.9995809,0.0013506168,31858843,planet
1666.2720889577672,1.0009375,0.0013509195,31858843,planet
1666.2734778684153,1.0017835,0.0013508259,31858843,planet
1666.274866778599,1.0015248,0.0013509069,31858843,planet
1666.2762556892476,0.9991678,0.001350118,31858843,planet
1666.27764459943,0.9989653,0.0013504562,31858843,planet
1666.2790335096129,0.9993316,0.001349832,31858843,planet
1666.280422420261,0.99927354,0.0013502622,31858843,planet
1666.2818113304434,0.99971664,0.0013508513,31858843,planet
1666.2832002410928,1.0015703,0.0013515912,31858843,planet
1666.284589151276,1.0015258,0.0013507928,31858843,planet
1666.285978061458,0.9997565,0.0013505958,31858843,planet
1666.287366972107,0.99904466,0.0013502631,31858843,planet
1666.2887558822895,0.9994989,0.0013500748,31858843,planet
1666.290144792938,1.000731,0.0013512198,31858843,planet
1666.2915337031218,1.0014031,0.0013516196,31858843,planet
1666.2929226133042,0.99783736,0.0013506172,31858843,planet
1666.2943115239523,1.0004987,0.0013501095,31858843,planet
1666.2957004341351,0.99716425,0.001349501,31858843,planet
1666.2970893443185,1.0021055,0.0013513183,31858843,planet
1666.298478254967,0.9998243,0.0013507145,31858843,planet
1666.2998671651503,1.00011,0.0013505251,31858843,planet
1666.3012560757988,0.9988283,0.0013501822,31858843,planet
1666.3026449859813,0.9986139,0.0013499068,31858843,planet
1666.3040338961637,1.0015608,0.0013513946,31858843,planet
1666.3054228068122,0.99928373,0.0013506011,31858843,planet
1666.3068117169955,1.0001667,0.0013507359,31858843,planet
1666.3082006271784,0.9988719,0.0013498397,31858843,planet
1666.3095895378274,0.9985194,0.0013496843,31858843,planet
1666.3109784480096,1.0025731,0.0013517604,31858843,planet
1666.3123673581918,0.9987475,0.0013502194,31858843,planet
1666.3137562688407,0.9990209,0.0013501239,31858843,planet
1666.3151451790236,1.0024256,0.0013520237,31858843,planet
1666.316534089207,1.0005559,0.0013512364,31858843,planet
1666.3179229998555,0.9996134,0.0013510162,31858843,planet
1666.3193119100379,0.9977569,0.0013493083,31858843,planet
1666.3207008202203,1.0004343,0.0013515607,31858843,planet
1666.3220897308697,0.9976964,0.0013493345,31858843,planet
1666.3234786410526,1.0013503,0.0013513124,31858843,planet
1666.324867551235,0.9997831,0.0013510437,31858843,planet
1666.326256461884,0.99857366,0.0013504145,31858843,planet
1666.3276453720664,0.9997817,0.0013505301,31858843,planet
1666.3290342822486,0.9996097,0.001350641,31858843,planet
1666.3304231928978,1.000802,0.0013502724,31858843,planet
1666.3318121030811,1.0004234,0.0013506267,31858843,planet
1666.3332010132635,0.99938625,0.0013502147,31858843,planet
1666.3345899234464,0.99964535,0.0013511213,31858843,planet
1666.3359788340945,1.0008807,0.0013506525,31858843,planet
1666.337367744277,0.9991883,0.0013498268,31858843,planet
1666.3387566544607,0.9995435,0.0013504587,31858843,planet
1666.3401455651092,1.0001668,0.0013504666,31858843,planet
1666.3415344752916,0.9997443,0.0013499153,31858843,planet
1666.342923385475,0.99943197,0.0013500211,31858843,planet
1666.3443122956573,0.9978397,0.0013489646,31858843,planet
1666.3457012063052,0.9999956,0.0013502638,31858843,planet
1666.3470901164887,1.0013704,0.0013511725,31858843,planet
1666.348479026672,1.0004727,0.001350116,31858843,planet
1666.3498679368545,1.0010018,0.001350666,31858843,planet
1666.351256847503,1.0009353,0.0013502883,31858843,planet
1666.3526457576854,1.0007567,0.0013512252,31858843,planet
1666.3540346678687,1.0005354,0.0013510783,31858843,planet
1666.3554235780523,1.0006613,0.0013511458,31858843,planet
1666.3568124887001,0.9999837,0.0013507544,31858843,planet
1666.3582013988826,1.0012099,0.0013507939,31858843,planet
1666.3595903090659,0.9997556,0.0013501211,31858843,planet
1666.3609792192487,0.9986475,0.0013500078,31858843,planet
1666.3623681298977,1.0000608,0.0013500975,31858843,planet
1666.3637570400806,0.99915403,0.0013505475,31858843,planet
1666.3651459502635,0.9982533,0.0013497715,31858843,planet
1666.3665348604459,1.0011647,0.0013509991,31858843,planet
1666.3679237706283,0.9982178,0.0013502162,31858843,planet
1666.3693126812773,0.9995716,0.0013500213,31858843,planet
1666.3707015914601,0.9998209,0.0013498261,31858843,planet
1666.3720905016435,1.0008411,0.0013501716,31858843,planet
1666.3734794118263,0.99865687,0.0013503396,31858843,planet
1666.3748683224744,0.9982984,0.0013490444,31858843,planet
1666.3762572326568,1.0000403,0.0013501915,31858843,planet
1666.3776461428397,1.0007299,0.0013507203,31858843,planet
1666.379035053023,1.0002339,0.0013506177,31858843,planet
1666.3804239632059,1.0008055,0.0013503464,31858843,planet
1666.3818128738546,1.0012348,0.0013509877,31858843,planet
1666.3832017840368,0.999639,0.0013502534,31858843,planet
1666.3845906942192,1.0037063,0.0013521783,31858843,planet
1666.385979604403,1.001125,0.0013513252,31858843,planet
1666.3873685145863,1.0010793,0.0013505807,31858843,planet
1666.3887574247688,0.99960494,0.0013501637,31858843,planet
1666.3901463354173,1.0014138,0.0013510666,31858843,planet
1666.3915352455997,1.0009136,0.0013505948,31858843,planet
1666.392924155782,1.0017384,0.0013512988,31858843,planet
1666.394313065966,1.000783,0.0013505323,31858843,planet
1666.3957019761488,1.0010566,0.0013507967,31858843,planet
1666.3970908863312,1.0006272,0.0013507454,31858843,planet
1666.3984797969802,1.0014808,0.0013515566,31858843,planet
1666.3998687071623,1.0016754,0.0013515234,31858843,planet
1666.4012576173445,1.0001705,0.0013507403,31858843,planet
1666.4026465275283,1.0010079,0.0013500589,31858843,planet
1666.4040354377116,0.9997458,0.0013503066,31858843,planet
1666.405424347894,0.9973571,0.0013487779,31858843,planet
1666.406813258077,1.0014391,0.0013507863,31858843,planet
1666.408202168725,0.99898815,0.0013509407,31858843,planet
1666.4095910789079,1.0002302,0.001350899,31858843,planet
1666.4109799890916,0.9979032,0.0013496,31858843,planet
1666.412368899274,1.0007277,0.0013508373,31858843,planet
1666.4137578094565,0.99992853,0.00135098,31858843,planet
1666.4151467196398,0.9994316,0.0013493559,31858843,planet
1666.416535629822,0.9998976,0.0013499152,31858843,planet
1666.417924540005,1.001873,0.0013514647,31858843,planet
1666.4193134501888,1.0014106,0.001351094,31858843,planet
1666.4207023608374,1.0010649,0.001351123,31858843,planet
1666.4220912710198,1.0000435,0.0013502269,31858843,planet
1666.4234801812022,1.000642,0.0013504988,31858843,planet
1666.4248690913855,1.0023739,0.0013514542,31858843,planet
1666.4262580015684,1.0002791,0.0013496886,31858843,planet
1666.4276469117513,1.000303,0.0013508926,31858843,planet
1666.4290358219346,1.0012889,0.0013488677,31858843,planet
1666.430424732117,0.9999254,0.0013493825,31858843,planet
1666.4318136422994,1.0007006,0.001350234,31858843,planet
1666.4332025524823,0.99950397,0.0013497925,31858843,planet
1666.4345914626654,1.0013263,0.0013509908,31858843,planet
1666.4359803733141,1.0010855,0.0013505416,31858843,planet
1666.437369283497,1.00002,0.0013504282,31858843,planet
1666.4387581936794,1.0001116,0.0013500536,31858843,planet
1666.4401471038618,0.9986787,0.0013498872,31858843,planet
1666.4415360140456,0.99976826,0.0013508325,31858843,planet
1666.442924924229,1.0010386,0.0013516925,31858843,planet
1666.444313834411,1.0011057,0.00135078,31858843,planet
1666.4457027445942,0.9999783,0.0013497537,31858843,planet
1666.4470916547766,1.000766,0.0013507854,31858843,planet
1666.448480564959,0.99922377,0.0013493653,31858843,planet
1666.4498694751428,1.0000278,0.0013493936,31858843,planet
1666.4512583853257,0.9986065,0.0013492035,31858843,planet
1666.452647295508,0.9996083,0.0013503255,31858843,planet
1666.454036205691,0.9991978,0.0013497644,31858843,planet
1666.4554251158734,1.0031935,0.0013508998,31858843,planet
1666.4568140260558,1.0004942,0.0013509024,31858843,planet
1666.4582029362396,1.0010246,0.0013501426,31858843,planet
1666.4595918464229,1.0018036,0.001350792,31858843,planet
1666.460980756605,1.0010798,0.0013506672,31858843,planet
1666.4623696667882,1.000055,0.0013508562,31858843,planet
1666.4637585769706,1.0005159,0.0013503819,31858843,planet
1666.465147487153,1.0005332,0.001350295,31858843,planet
1666.4665363973368,0.99959004,0.0013493523,31858843,planet
1666.4679253075196,1.001578,0.0013503181,31858843,planet
1666.469314217702,1.0011103,0.0013503963,31858843,planet
1666.4707031278851,1.000807,0.0013502958,31858843,planet
1666.4720920380673,1.0015459,0.001350795,31858843,planet
1666.4734809482507,0.9991601,0.0013495538,31858843,planet
1666.4748698584344,0.9999913,0.001350391,31858843,planet
1666.4762587686168,1.0007963,0.0013505345,31858843,planet
1666.4776476787993,1.0000503,0.0013505083,31858843,planet
1666.4790365889821,0.99917865,0.0013490478,31858843,planet
1666.4804254991645,0.9992766,0.0013489733,31858843,planet
1666.4818144093474,1.0001553,0.0013508559,31858843,planet
1666.4832033195312,1.0004523,0.0013506059,31858843,planet
1666.4845922297145,1.0005558,0.0013502951,31858843,planet
1666.485981139897,1.0000222,0.0013502584,31858843,planet
1666.487370050079,1.0009338,0.0013503556,31858843,planet
1666.4887589602622,1.0002211,0.0013498864,31858843,planet
1666.490147870445,1.0009042,0.0013503755,31858843,planet
1666.4915367806284,0.99980927,0.0013502111,31858843,planet
1666.4929256908113,0.99983114,0.0013500282,31858843,planet
1666.4943146009937,0.9993453,0.0013495737,31858843,planet
1666.495703511176,0.999472,0.0013502139,31858843,planet
1666.4970924213592,0.99944156,0.0013495651,31858843,planet
1666.4984813315423,0.99815536,0.0013495061,31858843,planet
1666.4998702417251,1.0023019,0.00135157,31858843,planet
1666.5012591514428,1.0035133,0.0013516302,31858843,planet
1666.5026480616252,1.0009648,0.0013509489,31858843,planet
1666.5040369718076,1.0002493,0.001350758,31858843,planet
1666.5054258819914,1.0000879,0.0013503855,31858843,planet
1666.5068147921743,1.0030748,0.0013505899,31858843,planet
1666.5082037023567,1.0004007,0.0013501246,31858843,planet
1666.5095926125396,0.99933374,0.0013498473,31858843,planet
1666.510981522722,0.99907434,0.0013495228,31858843,planet
1666.5123704329044,1.0013249,0.001350128,31858843,planet
1666.5137593430882,0.9972057,0.0013486788,31858843,planet
1666.5151482532713,1.0004921,0.0013501231,31858843,planet
1666.5165371634534,1.001119,0.0013510558,31858843,planet
1666.517926073171,1.0001973,0.0013493733,31858843,planet
1666.5193149833535,1.0001831,0.0013497358,31858843,planet
1666.520703893536,1.0010308,0.0013507339,31858843,planet
1666.5220928037197,0.99872583,0.0013496252,31858843,planet
1666.5234817139026,1.0013098,0.0013503808,31858843,planet
1666.524870624085,1.0006987,0.0013505587,31858843,planet
1666.5262595342679,0.999164,0.001349421,31858843,planet
1666.5276484444503,0.99967635,0.0013495014,31858843,planet
1666.529037354168,1.0015393,0.0013502977,31858843,planet
1666.5304262643517,0.99826884,0.0013491325,31858843,planet
1666.531815174534,0.99934584,0.0013500152,31858843,planet
1666.533204084716,0.9979829,0.001348417,31858843,planet
1666.5345929948994,1.0025227,0.0013506885,31858843,planet
1666.5359819050818,0.9998656,0.0013495121,31858843,planet
1666.5373708152647,0.9989749,0.0013493825,31858843,planet
1666.5387597249828,1.0005693,0.001350372,31858843,planet
1666.5401486351652,0.9987893,0.0013506745,31858843,planet
1666.5415375453476,0.9992437,0.0013494773,31858843,planet
1666.5429264555305,1.0011674,0.0013500417,31858843,planet
1666.544315365713,0.99928355,0.0013498196,31858843,planet
1666.5457042758962,0.9983233,0.0013493593,31858843,planet
1666.5470931856144,0.99979323,0.0013504834,31858843,planet
1666.5484820957972,1.0013337,0.0013500231,31858843,planet
1666.5498710059796,0.99856925,0.0013487802,31858843,planet
1666.551259916162,1.001978,0.0013507636,31858843,planet
1666.552648826345,0.9982134,0.0013497869,31858843,planet
1666.5540377360626,1.0024048,0.0013502928,31858843,planet
1666.5554266462455,1.0007117,0.001350823,31858843,planet
1666.5568155564288,1.000456,0.0013503929,31858843,planet
1666.558204466611,1.0013691,0.001350309,31858843,planet
1666.5595933767931,1.0005533,0.0013492892,31858843,planet
1666.5609822865113,0.9996429,0.0013494978,31858843,planet
1666.5623711966946,0.9994685,0.001349529,31858843,planet
1666.563760106877,0.9992986,0.0013497653,31858843,planet
1666.5651490170599,1.0006704,0.001348911,31858843,planet
1666.5665379272423,0.9980375,0.0013489907,31858843,planet
1666.567926836959,1.0002835,0.0013495832,31858843,planet
1666.5693157471428,0.99890983,0.0013490081,31858843,planet
1666.5707046573257,1.0001024,0.0013487582,31858843,planet
1666.572093567508,1.000474,0.0013491332,31858843,planet
1666.5734824772258,1.0002859,0.001349745,31858843,planet
1666.5748713874082,1.0012276,0.0013500118,31858843,planet
1666.5762602975904,1.0003989,0.0013501598,31858843,planet
1666.577649207774,0.99944574,0.0013504239,31858843,planet
1666.5790381174916,0.9986523,0.0013491432,31858843,planet
1666.580427027674,1.0003517,0.0013491233,31858843,planet
1666.5818159378568,1.0015554,0.0013501142,31858843,planet
1666.5832048480393,0.9996393,0.0013494767,31858843,planet
1666.584593757756,1.0001799,0.0013494361,31858843,planet
1666.5859826679398,1.0016165,0.0013508414,31858843,planet
1666.5873715781227,1.0013565,0.0013496783,31858843,planet
1666.588760488305,0.999601,0.0013487027,31858843,planet
1666.5901493980227,0.9996415,0.0013492161,31858843,planet
1666.5915383082051,1.0017085,0.0013505394,31858843,planet
1666.592927218388,0.99983484,0.0013487604,31858843,planet
1666.5943161285718,1.0005348,0.0013506861,31858843,planet
1666.5957050382885,1.0010105,0.0013484455,31858843,planet
1666.597093948471,0.99874735,0.0013499584,31858843,planet
1666.5984828586538,0.9980068,0.0013487372,31858843,planet
1666.5998717683706,0.99968755,0.001349294,31858843,planet
1666.601260678554,1.0001991,0.0013500566,31858843,planet
1666.6026495887374,0.99997175,0.0013503827,31858843,planet
1666.604038498454,1.0012714,0.0013506218,31858843,planet
1666.6054274086364,0.9993679,0.0013500529,31858843,planet
1666.6068163188197,1.0012641,0.0013508599,31858843,planet
1666.6082052290021,1.0007836,0.0013506891,31858843,planet
1666.6095941387193,1.0015908,0.0013505704,31858843,planet
1666.610983048903,1.0013685,0.0013509998,31858843,planet
1666.6123719590862,1.0012999,0.0013507742,31858843,planet
1666.6137608688027,1.0009459,0.0013512183,31858843,planet
1666.6151497789851,1.0012045,0.0013508742,31858843,planet
1666.6165386891685,0.99960196,0.0013498429,31858843,planet
1666.6179275988857,1.0006963,0.0013504154,31858843,planet
1666.619316509069,0.99980444,0.001349683,31858843,planet
1666.6207054192519,1.0008115,0.0013504786,31858843,planet
1666.6220943289686,0.9978014,0.0013488345,31858843,planet
1666.623483239151,1.0008698,0.0013501567,31858843,planet
1666.6248721493348,1.0016966,0.0013506921,31858843,planet
1666.626261059052,0.9993963,0.001349544,31858843,planet
1666.6276499692344,0.99995637,0.0013504005,31858843,planet
1666.6290388789519,1.0025728,0.001350806,31858843,planet
1666.630427789134,1.0008448,0.0013490029,31858843,planet
1666.6318166993165,1.0006253,0.001350948,31858843,planet
1666.6332056090346,1.0021696,0.0013503082,31858843,planet
1666.634594519218,1.002914,0.0013512588,31858843,planet
1666.6359834294003,0.99814755,0.0013495785,31858843,planet
1666.6373723391175,1.0006528,0.0013506324,31858843,planet
1666.6387612493,0.9997642,0.00135039,31858843,planet
1666.6401501590167,1.0013486,0.0013512534,31858843,planet
1666.6415390692005,1.0008936,0.0013503777,31858843,planet
1666.6429279793833,1.0006175,0.0013501805,31858843,planet
1666.6443168891,1.0006042,0.0013497691,31858843,planet
1666.6457057992834,0.99949145,0.0013501667,31858843,planet
1666.647094709,0.9990427,0.0013491736,31858843,planet
1666.6484836191821,1.0002946,0.0013507854,31858843,planet
1666.649872529366,0.9985308,0.0013495721,31858843,planet
1666.6512614390836,1.0019181,0.0013515716,31858843,planet
1666.652650349266,1.0013382,0.0013507537,31858843,planet
1666.6540392589832,1.0013939,0.0013502878,31858843,planet
1666.6554281691656,1.0016669,0.001350513,31858843,planet
1666.6568170788828,1.0008479,0.0013509388,31858843,planet
1666.6582059890666,0.998782,0.0013493368,31858843,planet
1666.659594899249,1.0011133,0.0013507305,31858843,planet
1666.6609838089657,1.0016073,0.0013509329,31858843,planet
1666.662372719149,1.0003852,0.0013502488,31858843,planet
1666.6637616288656,1.000443,0.0013495467,31858843,planet
1666.6651505390487,1.0016614,0.0013498106,31858843,planet
1666.6665394487668,1.002465,0.0013514162,31858843,planet
1666.6679283589492,0.9997765,0.0013504762,31858843,planet
1666.669317268666,0.9980743,0.0013497331,31858843,planet
1666.6707061788488,0.99961686,0.0013500908,31858843,planet
1666.6720950885665,0.99983764,0.00135005,31858843,planet
1666.6734839987494,1.0004132,0.0013501379,31858843,planet
1666.6748729089322,0.9978722,0.0013495927,31858843,planet
1666.67626181865,0.9999855,0.0013506335,31858843,planet
1666.6776507288323,1.0015341,0.0013504516,31858843,planet
1666.679039638549,1.0003158,0.0013500483,31858843,planet
1666.6804285487328,0.9998658,0.0013503642,31858843,planet
1666.68181745845,0.99826276,0.0013496259,31858843,planet
1666.6832063686325,1.0027136,0.001351358,31858843,planet
1666.6845952783497,1.0004733,0.0013509584,31858843,planet
1666.685984188532,1.0012861,0.0013501457,31858843,planet
1666.6873730982488,1.0016681,0.0013509654,31858843,planet
1666.6887620084326,1.0014149,0.0013503758,31858843,planet
1666.6901509181503,1.0022846,0.0013514179,31858843,planet
1666.6915398283325,0.99942636,0.0013498556,31858843,planet
1666.6929287380499,1.0001593,0.0013504222,31858843,planet
1666.6943176482323,0.9995217,0.0013495787,31858843,planet
1666.695706557949,1.001804,0.0013506582,31858843,planet
1666.6970954681328,1.0000975,0.0013495695,31858843,planet
1666.69848437785,1.0002352,0.0013505718,31858843,planet
1666.6998732875668,1.000978,0.0013513415,31858843,planet
1666.7012621977497,1.0000634,0.0013511215,31858843,planet
1666.7026511074664,1.0007831,0.0013509893,31858843,planet
1666.7040400176488,1.0000432,0.001350332,31858843,planet
1666.705428927367,1.0008003,0.0013499045,31858843,planet
1666.7068178375503,0.99884546,0.0013500047,31858843,planet
1666.708206747267,0.99827784,0.0013489422,31858843,planet
1666.7095956574499,0.9995922,0.0013500502,31858843,planet
1666.7109845671666,0.9990919,0.0013498061,31858843,planet
1666.7123734768838,1.0002034,0.0013496262,31858843,planet
1666.7137623870676,0.99871576,0.0013499907,31858843,planet
1666.7151512967844,1.0018647,0.0013512647,31858843,planet
1666.7165402069668,0.9999909,0.0013504782,31858843,planet
1666.7179291166842,0.9993642,0.001349996,31858843,planet
1666.7193180268664,0.9995691,0.0013489425,31858843,planet
1666.720706936584,1.0016952,0.0013508681,31858843,planet
1666.7220958463022,1.0004609,0.0013507571,31858843,planet
1666.7234847564846,0.9992273,0.0013505993,31858843,planet
1666.7248736662013,0.9993319,0.0013502082,31858843,planet
1666.7262625763842,1.0001909,0.0013495834,31858843,planet
1666.727651486101,0.99828136,0.0013505,31858843,planet
1666.7290403958182,0.9999457,0.0013507555,31858843,planet
1666.730429306002,0.99798965,0.0013479741,31858843,planet
1666.7318182157187,0.9991129,0.0013495279,31858843,planet
1666.7332071259011,1.0012255,0.0013511084,31858843,planet
1666.7345960356188,1.0000101,0.0013498532,31858843,planet
1666.735984945336,0.99857,0.0013491153,31858843,planet
1666.7373738555189,0.9982069,0.0013498075,31858843,planet
1666.7387627652365,1.001435,0.001350182,31858843,planet
1666.7401516749537,1.0012975,0.0013513347,31858843,planet
1666.7415405851361,0.99995697,0.001350382,31858843,planet
1666.742929494853,1.0019128,0.0013518565,31858843,planet
1666.744318404571,0.99914294,0.0013505883,31858843,planet
1666.745707314754,0.9998676,0.0013500967,31858843,planet
1666.7470962244706,1.0008414,0.0013506943,31858843,planet
1666.7484851341883,1.0004231,0.0013508799,31858843,planet
1666.7498740443707,0.99949974,0.0013499574,31858843,planet
1666.7512629540875,0.9993011,0.0013500429,31858843,planet
1666.7526518638056,1.0018114,0.0013515603,31858843,planet
1666.7540407739884,1.0029497,0.0013517627,31858843,planet
1666.7554296837052,1.0018326,0.0013508496,31858843,planet
1666.7568185934224,1.0011338,0.0013512728,31858843,planet
1666.7582075036048,0.99838805,0.001349474,31858843,planet
1666.7595964133216,0.9989021,0.0013507957,31858843,planet
1666.7609853230397,0.9998793,0.0013495691,31858843,planet
1666.7623742332228,0.9982324,0.0013501901,31858843,planet
1666.7637631429393,1.0013418,0.0013505786,31858843,planet
1666.765152052657,1.000856,0.0013507073,31858843,planet
1666.7665409628394,1.0019304,0.0013502216,31858843,planet
1666.7679298725561,1.0012892,0.0013504543,31858843,planet
1666.7693187822742,0.99977577,0.0013506776,31858843,planet
1666.7707076919914,0.99855727,0.0013505669,31858843,planet
1666.7720966021739,0.99995524,0.0013500627,31858843,planet
1666.773485511891,0.9998206,0.0013499621,31858843,planet
1666.7748744216078,1.0008374,0.0013511244,31858843,planet
1666.7762633317911,0.9985714,0.0013490643,31858843,planet
1666.7776522415093,1.0000842,0.0013505747,31858843,planet
1666.779041151226,1.0016367,0.0013504239,31858843,planet
1666.7804300609425,1.0006685,0.0013499851,31858843,planet
1666.7818189711256,1.0024331,0.0013518119,31858843,planet
1666.7832078808424,0.99913996,0.0013495303,31858843,planet
1666.7845967905596,0.99868983,0.0013494019,31858843,planet
1666.7859857002777,1.0019937,0.0013509175,31858843,planet
1666.7873746104601,0.9984765,0.0013498056,31858843,planet
1666.7887635201769,0.99881655,0.0013492905,31858843,planet
1666.790152429894,1.0008221,0.0013505962,31858843,planet
1666.7915413396108,0.9997976,0.0013493948,31858843,planet
1666.7929302493285,0.9992137,0.0013504737,31858843,planet
1666.7943191595123,0.99987775,0.0013506684,31858843,planet
1666.795708069229,1.0017526,0.0013517084,31858843,planet
1666.7970969789455,1.0010848,0.0013505024,31858843,planet
1666.798485888663,0.99896103,0.0013489173,31858843,planet
1666.799874798381,1.0003495,0.0013509459,31858843,planet
1666.801263708564,0.9987037,0.0013500331,31858843,planet
1666.8026526182807,0.99824053,0.0013490265,31858843,planet
1666.8040415279984,0.9988685,0.0013491168,31858843,planet
1666.8054304377151,1.0007821,0.001350943,31858843,planet
1666.8068193474317,1.0013448,0.0013511326,31858843,planet
1666.8082082576152,1.000343,0.0013505968,31858843,planet
1666.8095971673329,1.0001007,0.0013504148,31858843,planet
1666.8109860770496,1.000306,0.001349785,31858843,planet
1666.8123749867668,1.0002675,0.0013501202,31858843,planet
1666.8137638964836,0.9982686,0.0013482823,31858843,planet
1666.8151528062003,0.99925894,0.0013496481,31858843,planet
1666.816541716384,1.0018767,0.0013508981,31858843,planet
1666.8179306261013,1.0008535,0.0013496235,31858843,planet
1666.819319535818,1.0012351,0.0013509652,31858843,planet
1666.8207084455357,1.000845,0.001350331,31858843,planet
1666.8220973552525,1.0003117,0.0013496914,31858843,planet
1666.823486264969,0.9991555,0.0013493064,31858843,planet
1666.8248751751526,1.0011821,0.0013510527,31858843,planet
1666.8262640848702,1.0020658,0.0013504785,31858843,planet
1666.827652994587,1.0003878,0.001349566,31858843,planet
1666.8290419043042,0.9999407,0.0013499256,31858843,planet
1666.830430814021,0.99917716,0.0013488813,31858843,planet
1666.8318197237386,0.99852943,0.0013496542,31858843,planet
1666.8332086334565,1.0000945,0.0013507324,31858843,planet
1666.834597543173,0.9995802,0.0013496024,31858843,planet
1666.8359864528898,0.999254,0.0013505523,31858843,planet
1666.837375363073,1.000755,0.0013499965,31858843,planet
1666.8387642727898,1.0017407,0.0013500089,31858843,planet
1666.840153182507,0.9986911,0.0013499901,31858843,planet
1666.8415420922252,0.99990594,0.0013496394,31858843,planet
1666.842931001942,0.999002,0.0013498104,31858843,planet
1666.8443199116587,1.0004588,0.0013496345,31858843,planet
1666.8457088213759,1.0001141,0.0013502088,31858843,planet
1666.8470977310926,1.0008515,0.0013505078,31858843,planet
1666.8484866408103,1.0017834,0.0013516146,31858843,planet
1666.8498755505284,1.0006105,0.0013504563,31858843,planet
1666.851264460245,1.0016266,0.0013499507,31858843,planet
1666.8526533699614,1.0008187,0.0013505718,31858843,planet
1666.854042279679,1.0018338,0.0013507206,31858843,planet
1666.8554311893959,1.0009202,0.0013502594,31858843,planet
1666.8568200995787,1.0019293,0.001351316,31858843,planet
1666.8582090092968,1.0001495,0.0013487836,31858843,planet
1666.8595979190136,0.99841493,0.0013488691,31858843,planet
1666.8609868287303,1.0025845,0.0013511223,31858843,planet
1666.8623757384476,1.0029064,0.0013513814,31858843,planet
1666.8637646481657,0.9972533,0.0013488499,31858843,planet
1666.8651535578833,1.000765,0.0013505638,31858843,planet
1666.8665424676,1.0009128,0.0013508429,31858843,planet
1666.8679313773173,1.0012788,0.0013505414,31858843,planet
1666.869320287034,1.0016872,0.0013515392,31858843,planet
1666.8707091967508,1.0003756,0.001351658,31858843,planet
1666.872098106469,0.99855006,0.001349386,31858843,planet
1666.8734870161861,1.0024301,0.0013511127,31858843,planet
1666.8748759259029,1.0008849,0.0013503713,31858843,planet
1666.8762648356205,1.0003878,0.0013506856,31858843,planet
1666.877653745337,1.0012405,0.0013502646,31858843,planet
1666.8790426550536,0.9997598,0.001349503,31858843,planet
1666.8804315647717,1.0002398,0.0013499695,31858843,planet
1666.8818204744894,1.0012336,0.0013504673,31858843,planet
1666.883209384206,0.99960935,0.0013496076,31858843,planet
1666.8845982939233,0.99943423,0.0013506605,31858843,planet
1666.8859872031744,1.0001942,0.001350443,31858843,planet
1666.8873761128912,1.0027853,0.0013515209,31858843,planet
1666.8887650226093,1.0012528,0.0013499163,31858843,planet
1666.8901539323265,1.0008795,0.0013506581,31858843,planet
1666.8915428420432,0.999246,0.0013494183,31858843,planet
1666.892931751761,1.0001519,0.0013503989,31858843,planet
1666.8943206614774,0.99817955,0.0013493026,31858843,planet
1666.8957095711949,0.9984816,0.0013494692,31858843,planet
1666.897098480913,1.0005716,0.0013509145,31858843,planet
1666.8984873906297,1.0015209,0.0013503665,31858843,planet
1666.8998763003465,1.0023316,0.0013511077,31858843,planet
1666.9012652100637,1.0004201,0.0013498846,31858843,planet
1666.9026541197804,1.0025171,0.00135181,31858843,planet
1666.9040430294976,0.9999786,0.0013502252,31858843,planet
1666.90543193875,1.0003248,0.0013505445,31858843,planet
1666.9068208484669,1.0000926,0.0013503785,31858843,planet
1666.9082097581836,1.003178,0.0013515345,31858843,planet
1666.9095986679013,0.9996534,0.0013492373,31858843,planet
1666.910987577618,1.0004079,0.0013503468,31858843,planet
1666.9123764873352,1.0027151,0.0013511837,31858843,planet
1666.9137653970533,1.003781,0.0013515957,31858843,planet
1666.91515430677,0.99986744,0.0013500282,31858843,planet
1666.9165432160212,1.0019352,0.0013516243,31858843,planet
1666.9179321257384,0.9992855,0.0013498709,31858843,planet
1666.9193210354551,1.0024136,0.0013511862,31858843,planet
1666.9207099451728,1.0021887,0.0013508708,31858843,planet
1666.9220988548907,1.0010455,0.001350342,31858843,planet
1666.9234877646072,1.0014739,0.0013496603,31858843,planet
1666.924876674324,1.0026591,0.0013507871,31858843,planet
1666.926265583576,1.0016257,0.0013505745,31858843,planet
1666.927654493294,1.0011501,0.0013511346,31858843,planet
1666.9290434030113,1.0003287,0.0013505197,31858843,planet
1666.930432312728,1.0015622,0.001351153,31858843,planet
1666.9318212224453,1.0012522,0.001349765,31858843,planet
1666.9332101316963,1.000206,0.0013500077,31858843,planet
1666.934599041413,1.000539,0.0013500508,31858843,planet
1666.9359879511312,1.0001335,0.001349786,31858843,planet
1666.9373768608489,1.0023022,0.0013514304,31858843,planet
1666.9387657705654,1.0002826,0.0013500142,31858843,planet
1666.9401546798172,1.0026633,0.0013512243,31858843,planet
1666.941543589534,1.0020927,0.0013513285,31858843,planet
1666.9429324992507,0.9987917,0.0013490227,31858843,planet
1666.9443214089688,1.0006056,0.0013502539,31858843,planet
1666.945710318686,1.0014546,0.0013511025,31858843,planet
1666.947099227937,1.0006756,0.0013507721,31858843,planet
1666.9484881376545,0.9988658,0.00134985,31858843,planet
1666.949877047371,1.0008347,0.0013512016,31858843,planet
1666.9512659570887,0.99917346,0.0013503832,31858843,planet
1666.9526548663412,1.0006075,0.001350144,31858843,planet
1666.954043776058,0.99890345,0.0013508344,31858843,planet
1666.9554326857747,0.9995638,0.0013496252,31858843,planet
1666.9568215954919,1.0006139,0.0013504361,31858843,planet
1666.958210504743,0.9995264,0.0013501154,31858843,planet
1666.9595994144602,0.9980096,0.0013493998,31858843,planet
1666.9609883241783,1.0007048,0.0013512602,31858843,planet
1666.9623772334294,0.9988695,0.0013494231,31858843,planet
1666.9637661431461,1.0001662,0.0013502638,31858843,planet
1666.9651550528636,1.0010098,0.0013507467,31858843,planet
1666.96654396258,0.999256,0.001349889,31858843,planet
1666.967932871832,0.9995461,0.0013499426,31858843,planet
1666.9693217815502,1.0024242,0.0013518342,31858843,planet
1666.970710691267,0.9988552,0.0013505517,31858843,planet
1666.972099600518,0.9985167,0.0013493418,31858843,planet
1666.9734885102353,0.9984174,0.0013497347,31858843,planet
1666.974877419952,0.9989822,0.0013500487,31858843,planet
1666.9762663292036,1.000702,0.0013498672,31858843,planet
1666.9776552389217,1.0005387,0.001350433,31858843,planet
1666.9790441486384,0.99943584,0.001350073,31858843,planet
1666.9804330578895,0.9986602,0.0013495712,31858843,planet
1666.9818219676072,0.9996361,0.0013500542,31858843,planet
1666.9832108773244,0.99830174,0.0013492279,31858843,planet
1666.984599786576,1.0004066,0.0013499255,31858843,planet
1666.9859886962936,1.000928,0.0013508889,31858843,planet
1666.9873776055447,1.0000778,0.0013505857,31858843,planet
1666.9887665152614,0.9999809,0.0013510374,31858843,planet
1666.9901554249786,1.0002408,0.001350472,31858843,planet
1666.991544334231,0.99929845,0.0013496503,31858843,planet
1666.9929332439485,1.0030577,0.0013515231,31858843,planet
1666.994322153665,1.0000746,0.0013505754,31858843,planet
1666.995711062917,1.0005232,0.0013509493,31858843,planet
1666.9970999726338,1.000096,0.0013498787,31858843,planet
1666.998488881885,1.0024755,0.0013514649,31858843,planet
1666.999877791603,0.99947536,0.0013498495,31858843,planet
1667.0012667008546,0.99905723,0.0013490987,31858843,planet
1667.0026556105713,1.0010003,0.0013510975,31858843,planet
1667.0040445202885,0.9999601,0.0013498937,31858843,planet
1667.0054334295396,1.0001823,0.0013505633,31858843,planet
1667.0068223392564,0.99916434,0.0013500856,31858843,planet
1667.0082112485088,0.9994131,0.0013495957,31858843,planet
1667.0096001582262,1.0006136,0.0013502222,31858843,planet
1667.010989067477,0.9989159,0.001350184,31858843,planet
1667.0123779771948,1.0001341,0.001349831,31858843,planet
1667.0137668864459,0.9999735,0.0013500607,31858843,planet
1667.015155796163,1.0009009,0.0013509335,31858843,planet
1667.0165447054155,1.0002052,0.0013502127,31858843,planet
1667.0179336151323,0.9985919,0.0013498589,31858843,planet
1667.0193225243834,0.9975201,0.0013491432,31858843,planet
1667.0207114341006,1.0004776,0.0013506932,31858843,planet
1667.0221003433517,0.99932486,0.0013492653,31858843,planet
1667.0234892530693,1.0003543,0.0013495964,31858843,planet
1667.0248781623218,1.0006099,0.0013500267,31858843,planet
1667.0262670720385,1.0022248,0.0013506636,31858843,planet
1667.0276559812894,1.0021579,0.0013510655,31858843,planet
1667.0290448910068,1.000817,0.0013505085,31858843,planet
1667.030433800258,1.0000974,0.0013504574,31858843,planet
1667.0318227099751,1.0022975,0.0013514112,31858843,planet
1667.0332116192276,0.998438,0.0013510127,31858843,planet
1667.0346005289443,0.99824256,0.0013493004,31858843,planet
1667.0359894381954,0.9989531,0.0013492947,31858843,planet
1667.0373783479126,1.0004014,0.001350728,31858843,planet
1667.0387672571637,0.9965658,0.0013488936,31858843,planet
1667.0401561668814,1.0006099,0.0013512145,31858843,planet
1667.0415450761338,0.9985238,0.0013500983,31858843,planet
1667.042933985385,1.0024734,0.0013504939,31858843,planet
1667.0443228951017,0.9991237,0.0013491189,31858843,planet
1667.0457118043532,1.000777,0.0013506277,31858843,planet
1667.0471007140704,0.9999861,0.0013509443,31858843,planet
1667.0484896233224,1.0004402,0.0013504064,31858843,planet
1667.049878532574,0.99899226,0.0013495957,31858843,planet
1667.0512674422907,1.0009081,0.0013505117,31858843,planet
1667.0526563515418,0.9994877,0.0013498614,31858843,planet
1667.0540452612593,0.99777824,0.001349689,31858843,planet
1667.0554341705115,1.0013047,0.001350472,31858843,planet
1667.0568230797635,0.9996247,0.0013496712,31858843,planet
1667.0582119894802,1.0003018,0.001349718,31858843,planet
1667.0596008987318,0.99924564,0.0013497589,31858843,planet
1667.0609898079829,1.0017619,0.0013517463,31858843,planet
1667.0623787176996,1.0005201,0.001350702,31858843,planet
1667.063767626952,0.9989381,0.0013492595,31858843,planet
1667.0651565362036,0.99688536,0.0013494428,31858843,planet
1667.0665454459204,1.0000199,0.0013507591,31858843,planet
1667.0679343551724,1.0032208,0.0013512776,31858843,planet
1667.0693232644235,1.0003053,0.0013510034,31858843,planet
1667.0707121741407,1.0008472,0.001351094,31858843,planet
1667.0721010833931,1.001465,0.0013505783,31858843,planet
1667.0734899926442,0.99971515,0.0013506567,31858843,planet
1667.074878902361,1.0021086,0.0013517432,31858843,planet
1667.0762678116125,1.0024959,0.0013516372,31858843,planet
1667.0776567208636,0.99959874,0.0013505571,31858843,planet
1667.0790456301156,1.002344,0.0013513209,31858843,planet
1667.0804345398335,1.002774,0.0013517077,31858843,planet
1667.0818234490844,1.0032457,0.0013515486,31858843,planet
1667.0832123583355,0.9987094,0.0013496173,31858843,planet
1667.0846012675875,1.000393,0.0013510425,31858843,planet
1667.0859901773042,1.0026176,0.0013509095,31858843,planet
1667.0873790865558,1.0004995,0.0013502119,31858843,planet
1667.0887679958082,0.99971205,0.0013504652,31858843,planet
1667.0901569050593,1.0005034,0.0013513028,31858843,planet
1667.091545814776,1.0012969,0.0013506389,31858843,planet
1667.0929347240276,1.0020539,0.0013512465,31858843,planet
1667.0943236332787,1.0029551,0.0013520778,31858843,planet
1667.0957125425307,1.0010606,0.0013515004,31858843,planet
1667.0971014517831,1.0014834,0.0013510854,31858843,planet
1667.0984903614997,0.99964446,0.0013501191,31858843,planet
1667.0998792707505,1.000944,0.00134996,31858843,planet
1667.1012681800025,1.0019293,0.0013517156,31858843,planet
1667.102657089254,1.001231,0.001351325,31858843,planet
1667.104045998506,1.0022067,0.0013511551,31858843,planet
1667.1054349082233,1.0006366,0.0013500877,31858843,planet
1667.1068238174744,0.99940586,0.0013500027,31858843,planet
1667.1082127267255,1.0007838,0.0013512749,31858843,planet
1667.109601635977,1.001093,0.0013509862,31858843,planet
1667.110990545229,0.9992955,0.0013495655,31858843,planet
1667.1123794544806,1.0001789,0.0013508576,31858843,planet
1667.1137683637326,1.0017638,0.0013517743,31858843,planet
1667.115157273449,0.9991186,0.0013500289,31858843,planet
1667.1165461827,1.0022631,0.0013519088,31858843,planet
1667.117935091952,1.0023685,0.0013520416,31858843,planet
1667.1193240012044,1.0026573,0.0013515793,31858843,planet
1667.120712910456,1.0012972,0.0013505456,31858843,planet
1667.122101819707,1.0009881,0.0013510479,31858843,planet
1667.123490728959,1.0022726,0.0013512344,31858843,planet
1667.12487963821,1.0031191,0.001352329,31858843,planet
1667.1262685474608,0.999706,0.0013497596,31858843,planet
1667.1276574567132,0.99979067,0.0013503284,31858843,planet
1667.1290463659652,1.0031861,0.0013525041,31858843,planet
1667.1304352752163,1.0017655,0.0013515475,31858843,planet
1667.1318241844679,1.0016602,0.0013509138,31858843,planet
1667.1332130941846,1.0009518,0.0013506482,31858843,planet
1667.1346020034362,1.0027664,0.0013506854,31858843,planet
1667.1359909126886,0.9997073,0.0013503782,31858843,planet
1667.1373798219397,1.0021313,0.0013514882,31858843,planet
1667.1387687311908,1.0036944,0.0013520664,31858843,planet
1667.1401576404428,1.0014843,0.0013513578,31858843,planet
1667.1415465496937,1.001035,0.001351359,31858843,planet
1667.1429354589454,1.0016181,0.0013511614,31858843,planet
1667.1443243681979,1.00031,0.0013505085,31858843,planet
1667.145713277449,1.0000094,0.0013506919,31858843,planet
1667.1471021867,1.0014817,0.0013508627,31858843,planet
1667.1484910959516,1.0018315,0.0013507975,31858843,planet
1667.149880004737,1.0023519,0.0013516184,31858843,planet
1667.1512689139888,1.0019631,0.001351405,31858843,planet
1667.152657823241,0.99916375,0.0013494034,31858843,planet
1667.1540467324921,1.0009925,0.0013515551,31858843,planet
1667.1554356417432,1.0006589,0.0013510159,31858843,planet
1667.1568245509952,1.0025134,0.0013515875,31858843,planet
1667.1582134602463,1.0020076,0.001352032,31858843,planet
1667.1596023694979,1.0033704,0.0013514634,31858843,planet
1667.1609912787503,1.0009004,0.0013504465,31858843,planet
1667.1623801880014,0.99982536,0.0013502816,31858843,planet
1667.1637690972525,1.0006539,0.0013508014,31858843,planet
1667.165158006504,0.9996667,0.0013500194,31858843,planet
1667.1665469152904,1.0016097,0.001351108,31858843,planet
1667.167935824542,0.9991643,0.0013504527,31858843,planet
1667.1693247337937,1.0002532,0.0013507684,31858843,planet
1667.1707136430446,1.0023159,0.0013520509,31858843,planet
1667.1721025522957,1.0006825,0.0013504792,31858843,planet
1667.1734914615477,1.0010245,0.0013507884,31858843,planet
1667.1748803707992,1.001021,0.0013505345,31858843,planet
1667.1762692795855,1.0006299,0.0013501451,31858843,planet
1667.177658188837,1.0003185,0.0013507126,31858843,planet
1667.1790470980882,1.0009555,0.0013515465,31858843,planet
1667.1804360073393,1.0009419,0.0013506629,31858843,planet
1667.1818249165908,1.0034113,0.0013516764,31858843,planet
1667.1832138253776,1.001717,0.0013513053,31858843,planet
1667.1846027346296,1.0013833,0.0013498231,31858843,planet
1667.1859916438807,0.9979201,0.0013499846,31858843,planet
1667.1873805531322,1.0022914,0.0013510018,31858843,planet
1667.1887694623833,1.0017599,0.0013510878,31858843,planet
1667.1901583711688,1.0009308,0.0013507268,31858843,planet
1667.1915472804212,1.0012746,0.0013516129,31858843,planet
1667.1929361896728,1.0008175,0.0013507842,31858843,planet
1667.1943250989239,1.0006722,0.001350046,31858843,planet
1667.19571400771,1.0001066,0.0013491127,31858843,planet
1667.1971029169608,1.0004544,0.0013502104,31858843,planet
1667.1984918262128,1.0002404,0.0013507502,31858843,planet
1667.1998807349996,1.0015746,0.0013510309,31858843,planet
1667.2012696442507,1.0006803,0.0013504276,31858843,planet
1667.2026585535018,1.0003592,0.0013493852,31858843,planet
1667.2040474627534,1.0012969,0.0013514187,31858843,planet
1667.2054363715388,1.0014262,0.0013505765,31858843,planet
1667.2068252807903,1.0023401,0.001350439,31858843,planet
1667.2082141900428,1.0010934,0.0013495185,31858843,planet
1667.2096030988282,1.0026977,0.0013510943,31858843,planet
1667.2109920080793,1.0026797,0.0013509861,31858843,planet
1667.2123809168656,0.99971235,0.0013503126,31858843,planet
1667.2137698261165,1.0035655,0.0013510465,31858843,planet
1667.2151587353683,1.0020168,0.0013510176,31858843,planet
1667.216547644155,0.998662,0.001350149,31858843,planet
1667.2179365534062,1.0017669,0.0013515524,31858843,planet
1667.2193254626573,1.000727,0.0013499209,31858843,planet
1667.2207143714431,1.0011783,0.0013505635,31858843,planet
1667.222103280695,1.0018281,0.0013514928,31858843,planet
1667.223492189481,0.9992227,0.0013497669,31858843,planet
1667.2248810987326,1.001393,0.0013502293,31858843,planet
1667.226270007518,0.9998551,0.0013499187,31858843,planet
1667.227658916769,0.99798846,0.0013486247,31858843,planet
1667.229047826021,1.0011398,0.0013507956,31858843,planet
1667.230436734807,1.0011151,0.0013501827,31858843,planet
1667.2318256440585,0.9991071,0.0013494913,31858843,planet
1667.2332145528449,1.0002913,0.0013506952,31858843,planet
1667.234603462096,1.0006584,0.0013505677,31858843,planet
1667.2359923708814,1.000335,0.001349675,31858843,planet
1667.237381280133,0.99804807,0.0013499311,31858843,planet
1667.2387701889193,0.9995123,0.0013497289,31858843,planet
1667.2401590981708,1.0008677,0.0013514882,31858843,planet
1667.2415480069567,1.0010669,0.0013510165,31858843,planet
1667.2429369162078,1.0026217,0.0013514091,31858843,planet
1667.2443258249932,1.0004913,0.001349639,31858843,planet
1667.2457147337796,1.0028601,0.0013502444,31858843,planet
1667.247103643031,1.0016083,0.0013505948,31858843,planet
1667.2484925518172,1.0026677,0.0013507738,31858843,planet
1667.249881461069,1.0007453,0.0013507459,31858843,planet
1667.2512703698549,1.0028297,0.0013515957,31858843,planet
1667.252659279106,1.0010334,0.0013502635,31858843,planet
1667.2540481878923,0.99998116,0.001349772,31858843,planet
1667.255437096679,0.99985623,0.001349834,31858843,planet
1667.2568260059302,1.0015204,0.0013512388,31858843,planet
1667.2582149147154,0.99794257,0.0013486744,31858843,planet
1667.2596038235015,0.9996569,0.0013495808,31858843,planet
1667.2609927327526,1.0001744,0.0013504253,31858843,planet
1667.2623816415385,1.002472,0.0013504901,31858843,planet
1667.2637705503253,0.9969175,0.0013484884,31858843,planet
1667.2651594595764,1.00045,0.0013507935,31858843,planet
1667.2665483683618,0.9976295,0.0013487573,31858843,planet
1667.2679372771477,0.99885327,0.0013501516,31858843,planet
1667.2693261863988,1.0011772,0.0013505386,31858843,planet
1667.270715095185,1.0000707,0.0013497592,31858843,planet
1667.272104003972,1.0009017,0.0013504043,31858843,planet
1667.273492913223,1.0004348,0.0013500802,31858843,planet
1667.2748818220082,1.0010735,0.0013506294,31858843,planet
1667.2762707307943,0.99987644,0.0013496494,31858843,planet
1667.2776596395797,0.9994449,0.0013493401,31858843,planet
1667.2790485488313,0.9991389,0.0013497608,31858843,planet
1667.280437457618,0.99892026,0.0013492705,31858843,planet
1667.2818263664035,0.9994909,0.0013496148,31858843,planet
1667.283215275189,1.00309,0.0013496047,31858843,planet
1667.284604183975,1.0015831,0.0013502686,31858843,planet
1667.2859930932268,1.0013529,0.0013491551,31858843,planet
1667.2873820020127,1.0029927,0.001351536,31858843,planet
1667.288770910799,0.99868613,0.0013503152,31858843,planet
1667.2901598195845,1.0009563,0.0013506007,31858843,planet
1667.29154872837,0.99929184,0.0013505176,31858843,planet
1667.2929376371558,0.9990025,0.0013493735,31858843,planet
1667.2943265464073,1.0019753,0.0013515111,31858843,planet
1667.2957154551937,1.0012058,0.0013502474,31858843,planet
1667.2971043639795,1.000984,0.0013500402,31858843,planet
1667.298493272765,1.001219,0.0013504117,31858843,planet
1667.2998821815504,1.001042,0.0013498763,31858843,planet
1667.3012710903365,0.9990943,0.0013501799,31858843,planet
1667.3026599991226,1.0009851,0.0013503658,31858843,planet
1667.3040489079085,1.000921,0.0013498605,31858843,planet
1667.3054378166948,0.9995351,0.0013484841,31858843,planet
1667.3068267254803,0.9989999,0.0013497054,31858843,planet
1667.3082156342657,1.0034773,0.0013512898,31858843,planet
1667.3096045430516,1.0011113,0.0013505396,31858843,planet
1667.3109934523034,1.0024374,0.0013505486,31858843,planet
1667.3123823610895,1.0037332,0.0013512658,31858843,planet
1667.3137712698754,1.0011461,0.0013503364,31858843,planet
1667.3151601786617,1.0002184,0.0013504645,31858843,planet
1667.3165490874471,1.0010395,0.0013496886,31858843,planet
1667.3179379957674,1.0013182,0.0013507515,31858843,planet
1667.3193269045541,1.0002607,0.0013506148,31858843,planet
1667.3207158133396,0.9991171,0.0013494793,31858843,planet
1667.322104722125,1.0002298,0.0013494756,31858843,planet
1667.323493630911,1.0017349,0.0013495496,31858843,planet
1667.3248825396963,1.003158,0.0013503801,31858843,planet
1667.3262714484827,1.0016556,0.0013509176,31858843,planet
1667.3276603572695,1.0031875,0.0013509932,31858843,planet
1667.3290492660547,1.0018457,0.0013495361,31858843,planet
1667.3304381748399,1.000198,0.0013488844,31858843,planet
1667.3318270836262,0.99985975,0.0013486423,31858843,planet
1667.3332159924116,0.99905103,0.0013488027,31858843,planet
1667.3346049007318,1.0004586,0.0013492415,31858843,planet
1667.3359938095186,1.0003309,0.0013494383,31858843,planet
1667.337382718304,1.0024794,0.001350904,31858843,planet
1667.3387716270895,1.0001587,0.0013490311,31858843,planet
1667.3401605358754,1.0019778,0.0013497584,31858843,planet
1667.341549444196,1.0025158,0.0013497035,31858843,planet
1667.342938352982,1.0033723,0.0013515368,31858843,planet
1667.3443272617683,0.9984885,0.0013479954,31858843,planet
1667.3457161705535,1.000017,0.0013494217,31858843,planet
1667.3471050793387,1.0007768,0.0013504567,31858843,planet
1667.3484939876594,1.0017629,0.0013509546,31858843,planet
1667.3498828964453,1.0011699,0.0013492248,31858843,planet
1667.3512718052316,0.9986955,0.001349237,31858843,planet
1667.3526607135518,1.0026315,0.0013506466,31858843,planet
1667.3540496223372,0.99920857,0.0013486404,31858843,planet
1667.3554385311227,1.001226,0.0013491111,31858843,planet
1667.3568274399086,1.0029248,0.0013510011,31858843,planet
1667.3582163482292,1.0002289,0.0013494097,31858843,planet
1667.3596052570151,1.0004157,0.0013495368,31858843,planet
1667.3609941658015,1.0016185,0.001350323,31858843,planet
1667.3623830741212,1.0006748,0.0013487606,31858843,planet
1667.3637719829064,1.0010235,0.0013492742,31858843,planet
1667.3651608912269,1.0021791,0.0013508265,31858843,planet
1667.3665498000128,1.0012861,0.0013503999,31858843,planet
1667.367938708799,1.0004785,0.0013497324,31858843,planet
1667.3693276171193,1.002365,0.0013495666,31858843,planet
1667.3707165259048,1.0003706,0.0013505796,31858843,planet
1667.3721054342245,0.99837416,0.0013478707,31858843,planet
1667.3734943430113,1.0021161,0.0013503011,31858843,planet
1667.3748832513315,0.9985338,0.0013488996,31858843,planet
1667.376272160117,0.99992734,0.001348887,31858843,planet
1667.3776610684376,0.9998722,0.0013491372,31858843,planet
1667.3790499772235,1.0007263,0.0013495829,31858843,planet
1667.3804388855433,1.0014905,0.0013501211,31858843,planet
1667.3818277943292,1.0010439,0.0013502458,31858843,planet
1667.3832167026503,1.001469,0.001349844,31858843,planet
1667.3846056114357,1.0008056,0.0013501189,31858843,planet
1667.3859945197555,0.9995712,0.0013491536,31858843,planet
1667.3873834285419,1.0001005,0.0013487756,31858843,planet
1667.3887723368616,0.9997424,0.0013501509,31858843,planet
1667.3901612451818,1.0010061,0.0013489976,31858843,planet
1667.3915501539686,1.0014191,0.0013498318,31858843,planet
1667.3929390622884,1.0012323,0.0013500614,31858843,planet
1667.3943279710738,1.0008379,0.0013497655,31858843,planet
1667.395716879394,1.000066,0.0013491206,31858843,planet
1667.3971057877138,1.0021042,0.0013494708,31858843,planet
1667.3984946965002,1.0013674,0.0013496064,31858843,planet
1667.399883604821,1.0000876,0.0013502075,31858843,planet
1667.4012725131406,1.0005418,0.0013479795,31858843,planet
1667.4026614214604,1.0030462,0.0013502707,31858843,planet
1667.4040503302467,1.000036,0.0013487696,31858843,planet
1667.405439238567,0.99842536,0.0013490241,31858843,planet
1667.4068281468876,1.0008506,0.0013495734,31858843,planet
1667.4082170556735,1.0008684,0.0013501412,31858843,planet
1667.4096059639933,1.0008066,0.0013503915,31858843,planet
1667.410994872313,1.001384,0.001348769,31858843,planet
1667.4123837806333,1.0009829,0.0013496381,31858843,planet
1667.413772688954,1.0021449,0.0013505197,31858843,planet
1667.4151615977398,1.0012141,0.0013509335,31858843,planet
1667.4165505060603,0.99983907,0.0013490864,31858843,planet
1667.4179394143798,1.0006652,0.001349491,31858843,planet
1667.4193283226996,0.9996882,0.0013487919,31858843,planet
1667.4207172310203,0.9999652,0.0013497483,31858843,planet
1667.4221061393405,1.0001414,0.0013498337,31858843,planet
1667.4234950476612,0.99865454,0.0013487069,31858843,planet
1667.4248839559814,1.0012918,0.0013497678,31858843,planet
1667.4262728643012,0.9989406,0.0013485537,31858843,planet
1667.4276617730866,0.9985937,0.0013484028,31858843,planet
1667.4290506814068,0.9975446,0.0013485617,31858843,planet
1667.4304395897275,0.99831533,0.0013493836,31858843,planet
1667.4318284980477,0.99868846,0.0013479153,31858843,planet
1667.4332174063684,0.99677736,0.0013477398,31858843,planet
1667.434606314688,0.9951156,0.0013464624,31858843,planet
1667.4359952230075,0.99201715,0.0013450619,31858843,planet
1667.4373841313286,0.9937362,0.0013452978,31858843,planet
1667.4387730396493,0.99195546,0.0013462396,31858843,planet
1667.4401619475034,0.9918682,0.0013445952,31858843,planet
1667.4415508558236,0.9919676,0.0013444471,31858843,planet
1667.442939764144,0.99071616,0.0013447729,31858843,planet
1667.4443286724636,0.9909427,0.0013439188,31858843,planet
1667.4457175807843,0.99427265,0.0013457771,31858843,planet
1667.4471064891054,0.98942894,0.0013433165,31858843,planet
1667.4484953974252,0.9896843,0.0013443808,31858843,planet
1667.449884305745,0.9911977,0.0013442392,31858843,planet
1667.4512732135995,0.98986447,0.0013440372,31858843,planet
1667.4526621219193,0.9926581,0.0013454661,31858843,planet
1667.4540510302395,0.9888846,0.0013417348,31858843,planet
1667.4554399385606,0.98950446,0.001342397,31858843,planet
1667.4568288468804,0.9892571,0.0013431731,31858843,planet
1667.4582177547345,0.9909295,0.001344329,31858843,planet
1667.4596066630552,0.9885412,0.0013418839,31858843,planet
1667.4609955713747,0.98974955,0.0013433149,31858843,planet
1667.4623844792295,0.9876434,0.0013430777,31858843,planet
1667.4637733875506,0.98784494,0.0013421357,31858843,planet
1667.4651622958704,0.99018687,0.001343677,31858843,planet
1667.4665512041902,0.989196,0.0013439453,31858843,planet
1667.4679401120447,0.9888306,0.0013428126,31858843,planet
1667.4693290203652,0.98937005,0.0013425378,31858843,planet
1667.47071792822,0.98808044,0.0013424085,31858843,planet
1667.4721068365402,0.9894977,0.001343831,31858843,planet
1667.47349574486,0.9871061,0.0013427824,31858843,planet
1667.474884652714,0.98763615,0.0013428872,31858843,planet
1667.4762735610348,0.98871744,0.0013433031,31858843,planet
1667.4776624688893,0.98765755,0.0013430936,31858843,planet
1667.4790513772098,0.98849404,0.0013432597,31858843,planet
1667.4804402850646,0.98577493,0.0013421365,31858843,planet
1667.4818291933843,0.98877823,0.0013428393,31858843,planet
1667.4832181012384,0.9876228,0.00134236,31858843,planet
1667.4846070095587,0.9889737,0.001342869,31858843,planet
1667.4859959174137,0.9877189,0.0013435435,31858843,planet
1667.487384825734,0.98780966,0.0013425876,31858843,planet
1667.4887737335885,0.9880734,0.0013428169,31858843,planet
1667.4901626414426,0.99085206,0.001344303,31858843,planet
1667.4915515497623,0.98605984,0.0013420876,31858843,planet
1667.4929404576178,0.9897603,0.0013438091,31858843,planet
1667.4943293659385,0.98882383,0.0013435169,31858843,planet
1667.4957182737926,0.9870295,0.0013426414,31858843,planet
1667.4971071816472,0.98826915,0.0013426739,31858843,planet
1667.4984960895013,0.9894738,0.0013433084,31858843,planet
1667.499884997821,0.9901009,0.0013432724,31858843,planet
1667.5012739056765,0.98844296,0.0013427194,31858843,planet
1667.502662813531,0.9896961,0.0013436088,31858843,planet
1667.5040517218508,0.9882287,0.0013428219,31858843,planet
1667.5054406297056,0.9894254,0.0013436773,31858843,planet
1667.5068295375595,0.98739654,0.0013428809,31858843,planet
1667.5082184454136,0.98877496,0.001342324,31858843,planet
1667.509607353269,0.9874675,0.0013425375,31858843,planet
1667.5109962611245,0.9869994,0.0013411851,31858843,planet
1667.5123851694443,0.9905332,0.0013423605,31858843,planet
1667.5137740772984,0.9904559,0.0013439354,31858843,planet
1667.515162985153,0.9898923,0.001343476,31858843,planet
1667.516551893007,0.98955864,0.0013434138,31858843,planet
1667.517940800862,0.9901775,0.0013427067,31858843,planet
1667.5193297087176,0.98925656,0.00134263,31858843,planet
1667.5207186165717,0.98837125,0.0013428242,31858843,planet
1667.5221075244258,0.9905574,0.0013414542,31858843,planet
1667.5234964322804,0.9908175,0.0013428478,31858843,planet
1667.524885340135,0.98975784,0.0013429045,31858843,planet
1667.52627424799,0.98875564,0.0013417872,31858843,planet
1667.5276631558445,0.9900651,0.001343151,31858843,planet
1667.5290520636986,0.9915535,0.0013442417,31858843,planet
1667.5304409715527,0.9902364,0.0013423532,31858843,planet
1667.5318298794075,0.9901473,0.0013435737,31858843,planet
1667.5332187872623,0.9885781,0.0013425022,31858843,planet
1667.5346076946512,0.9914238,0.0013438411,31858843,planet
1667.5359966025062,0.99055916,0.0013438344,31858843,planet
1667.5373855103603,0.991687,0.0013443591,31858843,planet
1667.5387744182144,0.9921208,0.001343888,31858843,planet
1667.540163326069,0.9905953,0.0013427768,31858843,planet
1667.5415522334579,0.99465996,0.0013466579,31858843,planet
1667.542941141313,0.99329185,0.001344245,31858843,planet
1667.5443300491675,0.99390507,0.0013459162,31858843,planet
1667.5457189570216,0.99543566,0.001346018,31858843,planet
1667.54710786441,0.9969602,0.0013466997,31858843,planet
1667.548496772265,0.9962462,0.0013460928,31858843,planet
1667.5498856801196,0.9988661,0.001348304,31858843,planet
1667.5512745875085,0.99932176,0.00134796,31858843,planet
1667.5526634953635,1.0008845,0.0013494432,31858843,planet
1667.554052402752,0.9981437,0.0013483509,31858843,planet
1667.555441310606,1.0012689,0.0013489954,31858843,planet
1667.5568302179959,1.0002024,0.001348371,31858843,planet
1667.5582191258504,0.9999993,0.0013482737,31858843,planet
1667.5596080337045,0.99984133,0.0013486199,31858843,planet
1667.5609969410934,1.0014306,0.001348694,31858843,planet
1667.5623858489475,1.0012616,0.0013493221,31858843,planet
1667.563774756336,0.9997378,0.0013484601,31858843,planet
1667.5651636637258,1.0001075,0.001348344,31858843,planet
1667.5665525715806,1.0020242,0.0013491827,31858843,planet
1667.5679414789688,1.0000461,0.0013488213,31858843,planet
1667.5693303868238,1.0006075,0.0013488843,31858843,planet
1667.5707192942123,0.9992843,0.0013484495,31858843,planet
1667.5721082016007,1.001311,0.0013496167,31858843,planet
1667.5734971094562,1.0001876,0.0013486259,31858843,planet
1667.574886016846,1.0000468,0.0013473735,31858843,planet
1667.5762749242342,1.0007116,0.001347609,31858843,planet
1667.5776638316224,0.9997895,0.0013480887,31858843,planet
1667.5790527394774,1.0023644,0.0013480387,31858843,planet
1667.580441646866,1.0011106,0.0013487817,31858843,planet
1667.5818305542548,0.9991103,0.001347,31858843,planet
1667.5832194616446,1.0017306,0.0013491029,31858843,planet
1667.584608369033,1.0015007,0.0013485219,31858843,planet
1667.5859972768872,1.0008396,0.001348711,31858843,planet
1667.587386184276,0.997838,0.001347354,31858843,planet
1667.5887750916654,0.99951243,0.0013484792,31858843,planet
1667.5901639990543,1.0012455,0.0013477542,31858843,planet
1667.5915529064437,0.99968696,0.0013477106,31858843,planet
1667.5929418138319,1.0011376,0.0013493059,31858843,planet
1667.59433072122,1.0010862,0.0013494886,31858843,planet
1667.5957196286095,1.0020434,0.0013495621,31858843,planet
1667.5971085359984,0.99863815,0.0013489438,31858843,planet
1667.5984974433877,0.9994915,0.001346986,31858843,planet
1667.5998863507766,0.99866617,0.001347189,31858843,planet
1667.601275258165,1.0008502,0.0013490564,31858843,planet
1667.6026641650878,1.0011905,0.0013490402,31858843,planet
1667.6040530724767,1.0009552,0.0013487913,31858843,planet
1667.605441979866,0.99833536,0.0013470596,31858843,planet
1667.606830887255,0.9998062,0.001348785,31858843,planet
1667.6082197946444,0.9991431,0.0013477575,31858843,planet
1667.6096087015671,1.0001916,0.0013483799,31858843,planet
1667.6109976089554,0.9994525,0.001347957,31858843,planet
1667.612386516345,1.0009736,0.0013473777,31858843,planet
1667.6137754237343,1.0016353,0.0013485451,31858843,planet
1667.615164330657,1.001452,0.001349813,31858843,planet
1667.616553238046,1.0024071,0.0013482843,31858843,planet
1667.6179421449688,1.0010659,0.00134639,31858843,planet
1667.6193310523572,1.0001048,0.0013483498,31858843,planet
1667.620719959747,1.0029019,0.0013494472,31858843,planet
1667.6221088666703,1.0017332,0.0013480652,31858843,planet
1667.6234977740587,1.0002483,0.0013464356,31858843,planet
1667.6248866809824,1.0001087,0.0013482461,31858843,planet
1667.6262755883708,0.9998459,0.0013471252,31858843,planet
1667.6276644952936,0.99946004,0.001347958,31858843,planet
1667.6290534026832,1.0009152,0.0013487242,31858843,planet
1667.6304423096067,0.9986499,0.0013475432,31858843,planet
1667.6318312165295,1.0003319,0.0013479809,31858843,planet
1667.6332201239184,1.0003493,0.0013485932,31858843,planet
1667.6346090308411,0.99774945,0.0013471886,31858843,planet
1667.635997937764,0.99979776,0.0013482652,31858843,planet
1667.6373868451537,0.99987257,0.0013491265,31858843,planet
1667.638775752078,0.9975159,0.0013466945,31858843,planet
1667.6401646590007,1.0017996,0.001348564,31858843,planet
1667.6415535659235,0.9997295,0.0013490643,31858843,planet
1667.6429424733124,0.9995186,0.0013479206,31858843,planet
1667.644331380236,0.99924374,0.0013479852,31858843,planet
1667.6457202871593,1.0010805,0.0013481646,31858843,planet
1667.6471091940828,0.998757,0.0013480207,31858843,planet
1667.6484981010053,1.001548,0.0013497917,31858843,planet
1667.649887007928,1.0005393,0.0013482177,31858843,planet
1667.6512759148518,0.99828756,0.001347535,31858843,planet
1667.652664821775,0.99793017,0.0013476914,31858843,planet
1667.6540537286987,1.001092,0.0013488913,31858843,planet
1667.655442635622,0.99828166,0.0013483062,31858843,planet
1667.6568315425448,1.0005208,0.001348729,31858843,planet
1667.6582204494675,0.99985546,0.0013479968,31858843,planet
1667.6596093563908,1.0011505,0.0013489783,31858843,planet
1667.6609982633145,0.999886,0.0013477191,31858843,planet
1667.6623871702377,1.0012285,0.0013487021,31858843,planet
1667.6637760766957,0.99928075,0.0013482256,31858843,planet
1667.6651649836183,0.9986295,0.0013478431,31858843,planet
1667.6665538905409,1.0025631,0.001349253,31858843,planet
1667.6679427974645,0.9988146,0.0013478751,31858843,planet
1667.6693317039221,1.000888,0.0013494572,31858843,planet
1667.6707206108458,0.99902415,0.0013479502,31858843,planet
1667.672109517769,0.99833286,0.0013479197,31858843,planet
1667.6734984242262,0.99986196,0.0013480658,31858843,planet
1667.674887331149,1.001597,0.0013486198,31858843,planet
1667.6762762380731,1.0005047,0.0013490118,31858843,planet
1667.6776651445307,0.9984089,0.001347,31858843,planet
1667.6790540514535,0.9996697,0.001347971,31858843,planet
1667.6804429579115,1.000111,0.0013481643,31858843,planet
1667.681831864834,0.999137,0.0013481741,31858843,planet
1667.683220771291,0.9998596,0.0013483085,31858843,planet
1667.6846096777494,1.0002756,0.0013486049,31858843,planet
1667.6859985846731,0.99950325,0.0013479531,31858843,planet
1667.6873874911303,0.9996453,0.0013479287,31858843,planet
1667.6887763975878,0.9991341,0.0013477365,31858843,planet
1667.6901653045106,0.99881834,0.0013487366,31858843,planet
1667.6915542109678,1.0002295,0.0013479339,31858843,planet
1667.6929431174262,0.99991,0.0013485034,31858843,planet
1667.6943320238838,0.99889404,0.0013477462,31858843,planet
1667.6957209308066,1.0009478,0.0013493147,31858843,planet
1668.6304503592482,0.9995382,0.0014429697,31858843,planet
1668.6318392531325,1.0015928,0.0014443581,31858843,planet
1668.6332281465525,0.9978066,0.0014424718,31858843,planet
1668.6346170399725,0.99951017,0.0014443871,31858843,planet
1668.6360059338567,0.99930423,0.0014437794,31858843,planet
1668.6373948272753,1.0005196,0.0014445,31858843,planet
1668.6387837206944,0.99994284,0.0014438106,31858843,planet
1668.640172614114,1.0033467,0.001445334,31858843,planet
1668.6415615079986,1.0008812,0.0014451819,31858843,planet
1668.6429504014181,0.998411,0.0014439564,31858843,planet
1668.6443392948368,0.9998416,0.0014440746,31858843,planet
1668.6457281882551,0.99898946,0.0014432811,31858843,planet
1668.6471170816744,0.9977534,0.0014439317,31858843,planet
1668.6485059750935,1.0011086,0.0014453247,31858843,planet
1668.6498948689787,0.99795175,0.0014439519,31858843,planet
1668.6512837623977,0.9978038,0.0014446129,31858843,planet
1668.6526726558163,0.99796146,0.0014447406,31858843,planet
1668.654061549235,0.9986355,0.0014443677,31858843,planet
1668.6554504426542,0.9987199,0.0014448145,31858843,planet
1668.6568393360735,0.9976044,0.0014437274,31858843,planet
1668.6582282294926,0.99836886,0.0014448622,31858843,planet
1668.659617122912,0.9989732,0.0014454995,31858843,planet
1668.6610060163307,0.9974345,0.0014436333,31858843,planet
1668.6623949097493,0.9982525,0.0014446593,31858843,planet
1668.6637838031684,0.9981846,0.0014446237,31858843,planet
1668.6651726965874,1.0007845,0.0014458728,31858843,planet
1668.666561590007,0.9972471,0.0014447146,31858843,planet
1668.667950483426,0.99964625,0.0014456263,31858843,planet
1668.669339376379,0.99760514,0.0014456154,31858843,planet
1668.6707282697976,1.0026846,0.0014475939,31858843,planet
1668.6721171632175,0.9991408,0.0014462506,31858843,planet
1668.6735060566368,0.99854493,0.0014459646,31858843,planet
1668.6748949500552,0.9994385,0.0014472258,31858843,planet
1668.6762838434747,0.9984235,0.0014454887,31858843,planet
1668.6776727364277,0.9996702,0.0014466022,31858843,planet
1668.6790616298463,0.99866194,0.0014466158,31858843,planet
1668.6804505232662,0.9981719,0.0014465363,31858843,planet
1668.6818394166853,0.9989405,0.0014461251,31858843,planet
1668.6832283096383,0.9966302,0.0014460448,31858843,planet
1668.6846172030573,1.0001202,0.0014473188,31858843,planet
1668.686006096476,0.9995338,0.0014472929,31858843,planet
1668.6873949898945,0.9975828,0.0014465023,31858843,planet
1668.6887838828488,0.9978764,0.0014474269,31858843,planet
1668.6901727762681,1.0003114,0.001448224,31858843,planet
1668.6915616696865,1.0005319,0.0014487135,31858843,planet
1668.6929505626404,0.99916303,0.0014479391,31858843,planet
1668.694339456059,0.9994943,0.0014486071,31858843,planet
1668.6957283490124,1.0003395,0.0014481912,31858843,planet
1668.6971172424323,1.0013758,0.0014492831,31858843,planet
1668.698506135851,0.99903476,0.0014479423,31858843,planet
1668.699895028804,0.99801624,0.0014487373,31858843,planet
1668.701283922223,0.99762774,0.0014481558,31858843,planet
1668.7026728151768,0.99826723,0.0014486548,31858843,planet
1668.7040617085959,1.0008508,0.0014496902,31858843,planet
1668.7054506015497,0.99852026,0.0014485099,31858843,planet
1668.7068394949688,0.99823934,0.0014493887,31858843,planet
1668.7082283879217,0.998816,0.0014485226,31858843,planet
1668.7096172813403,1.0006908,0.001450129,31858843,planet
1668.7110061742937,0.9987377,0.0014493238,31858843,planet
1668.7123950677133,0.9987662,0.0014497845,31858843,planet
1668.7137839606667,0.9998283,0.0014490715,31858843,planet
1668.7151728536205,0.99987876,0.0014495932,31858843,planet
1668.716561747039,0.9991055,0.001450071,31858843,planet
1668.7179506399916,0.9984641,0.0014493024,31858843,planet
1668.7193395334111,0.9981822,0.0014502314,31858843,planet
1668.7207284263645,0.999846,0.0014507605,31858843,planet
1668.7221173193184,0.99946624,0.0014506062,31858843,planet
1668.7235062127374,0.9984285,0.0014501767,31858843,planet
1668.7248951056904,1.001604,0.0014514463,31858843,planet
1668.7262839986433,0.99919224,0.0014506917,31858843,planet
1668.7276728915976,1.0010171,0.0014513936,31858843,planet
1668.7290617850167,0.9999913,0.0014513405,31858843,planet
1668.7304506779697,1.0010965,0.0014509287,31858843,planet
1668.7318395709235,0.9991996,0.001451391,31858843,planet
1668.7332284643421,0.9977375,0.0014513476,31858843,planet
1668.7346173572948,1.0008409,0.0014514091,31858843,planet
1668.736006250249,0.99928355,0.0014514207,31858843,planet
1668.7373951432028,0.998459,0.0014513669,31858843,planet
1668.7387840361557,0.99932,0.001452125,31858843,planet
1668.7401729295748,0.9998915,0.0014527694,31858843,planet
1668.7415618225277,1.0007306,0.0014528423,31858843,planet
1668.7429507154807,0.99901015,0.0014521718,31858843,planet
1668.744339608435,1.0012923,0.0014535564,31858843,planet
1668.7457285013884,0.9993902,0.0014530541,31858843,planet
1668.7471173943413,0.9991521,0.001453356,31858843,planet
1668.7485062872952,1.0008677,0.0014534893,31858843,planet
1668.7498951802481,0.9981185,0.0014531404,31858843,planet
1668.7512840736667,1.0000144,0.0014535055,31858843,planet
1668.7526729666208,0.9986521,0.0014537878,31858843,planet
1668.7540618595744,1.0001097,0.0014546541,31858843,planet
1668.7554507525274,0.9989775,0.0014541722,31858843,planet
1668.7568396454808,1.0028011,0.0014555267,31858843,planet
1668.7582285384337,0.99743456,0.0014544434,31858843,planet
1668.7596174313876,0.99928075,0.0014555907,31858843,planet
1668.7610063243417,1.0002482,0.0014565415,31858843,planet
1668.7623952172944,0.9984682,0.0014537539,31858843,planet
1668.7637841102473,0.9995325,0.0014564118,31858843,planet
1668.7651730032012,0.9987948,0.0014562849,31858843,planet
1668.7665618961541,0.99875796,0.0014558051,31858843,planet
1668.7679507891075,1.0005723,0.0014572898,31858843,planet
1668.7693396820619,0.9990597,0.0014566893,31858843,planet
1668.7707285745498,1.0003364,0.0014562813,31858843,planet
1668.7721174675025,0.9962406,0.001455843,31858843,planet
1668.7735063604555,0.9992518,0.0014574564,31858843,planet
1668.7748952534093,0.9996314,0.0014571937,31858843,planet
1668.7762841463627,0.99895376,0.0014581443,31858843,planet
1668.7776730393166,0.9996422,0.0014580784,31858843,planet
1668.77906193227,0.9980333,0.0014578353,31858843,planet
1668.780450825223,1.0001802,0.0014601216,31858843,planet
1668.7818397177102,0.9988035,0.0014590074,31858843,planet
1668.7832286106636,0.99945545,0.001459901,31858843,planet
1668.7846175036175,0.99988425,0.0014595663,31858843,planet
1668.7860063965709,1.0025356,0.0014604436,31858843,planet
1668.7873952895245,0.9991684,0.001459593,31858843,planet
1668.7887841820116,0.99967617,0.0014612045,31858843,planet
1668.7901730749645,0.9992117,0.00146033,31858843,planet
1668.7915619679188,1.0019844,0.0014623147,31858843,planet
1668.7929508608727,1.0003747,0.0014618845,31858843,planet
1668.79433975336,0.9997111,0.0014615427,31858843,planet
1668.7957286463134,0.999667,0.0014624111,31858843,planet
1668.7971175392663,0.99906784,0.0014620073,31858843,planet
1668.7985064322193,1.0006149,0.0014634475,31858843,planet
1668.799895324708,0.9989249,0.0014626569,31858843,planet
1668.8012842176613,1.0007044,0.0014639951,31858843,planet
1668.8026731106143,0.99861467,0.0014640711,31858843,planet
1668.8040620031024,1.0010121,0.0014654181,31858843,planet
1668.8054508960552,0.9988127,0.0014651963,31858843,planet
1668.8068397890079,0.9991171,0.0014651903,31858843,planet
1668.8082286814965,1.0001768,0.0014660399,31858843,planet
1668.8096175744504,1.0002037,0.0014659452,31858843,planet
1668.8110064674033,0.9988178,0.001465585,31858843,planet
1668.812395359891,0.9982519,0.0014666711,31858843,planet
1668.813784252844,0.99902,0.0014671921,31858843,planet
1668.8151731453313,0.9973595,0.0014660947,31858843,planet
1668.8165620382856,0.99975896,0.0014684263,31858843,planet
1668.8179509307733,0.9987767,0.0014667684,31858843,planet
1668.8193398237263,1.0000503,0.0014675863,31858843,planet
1668.8207287166802,0.998904,0.0014691494,31858843,planet
1668.8221176091672,0.9990101,0.0014684836,31858843,planet
1668.8235065021208,0.9983912,0.0014679512,31858843,planet
1668.8248953946095,0.9994288,0.0014687782,31858843,planet
1668.8262842875624,1.0015274,0.0014708035,31858843,planet
1668.8276731800497,0.9996362,0.0014701637,31858843,planet
1668.8290620730031,0.99779594,0.0014686045,31858843,planet
1668.8304509654904,1.0004662,0.0014708388,31858843,planet
1668.831839858444,0.99879783,0.0014700916,31858843,planet
1668.8332287509324,0.99836916,0.0014707759,31858843,planet
1668.8346176438854,0.9987283,0.0014708372,31858843,planet
1668.8360065363727,0.9973057,0.0014709787,31858843,planet
1668.8373954288609,1.0010791,0.001472437,31858843,planet
1668.8387843218143,1.0003941,0.0014721383,31858843,planet
1668.8401732143025,0.9995947,0.0014717311,31858843,planet
1668.8415621072559,0.9975014,0.0014709239,31858843,planet
1668.8429509997436,0.9977406,0.0014716088,31858843,planet
1668.8443398926966,1.0003799,0.0014728287,31858843,planet
1668.8457287851838,0.9992869,0.0014736204,31858843,planet
1668.8471176776725,0.99919605,0.0014735105,31858843,planet
1668.8485065706263,1.0009221,0.0014748664,31858843,planet
1668.8498954631134,1.0003779,0.0014736151,31858843,planet
1668.8512843556014,1.0004761,0.001475164,31858843,planet
1668.8526732485543,0.9989563,0.0014741049,31858843,planet
1668.8554510335302,1.0001063,0.0014744569,31858843,planet
1668.8568399264836,0.9995756,0.0014751647,31858843,planet
1668.858228818971,1.0002353,0.0014753921,31858843,planet
1668.8596177114587,0.99885696,0.0014755316,31858843,planet
1668.8610066044116,1.0000556,0.0014749495,31858843,planet
1668.862395496899,0.9979436,0.0014747882,31858843,planet
1668.8637843893875,1.0006406,0.0014769871,31858843,planet
1668.8651732823414,1.0003399,0.0014761434,31858843,planet
1668.8665621748287,0.9992213,0.0014765412,31858843,planet
1668.8679510673164,0.99891317,0.0014754314,31858843,planet
1668.8693399598037,1.0023302,0.0014786905,31858843,planet
1668.8707288527567,0.9989713,0.0014763505,31858843,planet
1668.8721177452453,0.9953634,0.0014751032,31858843,planet
1668.8762844227083,1.0005158,0.0014757512,31858843,planet
1668.877673315661,1.0005282,0.001476313,31858843,planet
1668.8790622081492,0.9999737,0.0014770408,31858843,planet
1668.8804511006379,1.0007855,0.0014767628,31858843,planet
1668.8818399931251,1.0010936,0.0014780981,31858843,planet
1668.8832288856124,1.0021919,0.0014775462,31858843,planet
1668.8846177781002,0.9974458,0.0014762612,31858843,planet
1668.886006671053,0.9979415,0.0014757653,31858843,planet
1668.8873955635408,1.0020859,0.0014781764,31858843,planet
1668.8887844560295,0.9998387,0.001476893,31858843,planet
1668.8901733485168,0.9998892,0.0014763803,31858843,planet
1668.891562241004,1.0010418,0.0014779768,31858843,planet
1668.8929511334923,1.0001255,0.0014762193,31858843,planet
1668.8943400259793,1.0001997,0.0014781426,31858843,planet
1668.8957289184673,1.0013314,0.0014778669,31858843,planet
1668.8971178114216,1.000008,0.0014771721,31858843,planet
1668.8985067039089,1.0002246,0.0014771374,31858843,planet
1668.8998955963962,1.000993,0.0014774367,31858843,planet
1668.901284488884,0.99850965,0.0014754282,31858843,planet
1668.9026733813712,0.9994059,0.0014764015,31858843,planet
1668.904062273859,1.000684,0.0014767552,31858843,planet
1668.9054511663476,1.0015131,0.0014773215,31858843,planet
1668.9068400588358,0.9982171,0.0014757527,31858843,planet
1668.908228951323,1.000476,0.001476739,31858843,planet
1668.9123956287867,0.99771845,0.0014752839,31858843,planet
1668.913784521274,0.99839586,0.0014739657,31858843,planet
1668.9151734137617,1.0000123,0.0014748964,31858843,planet
1668.916562306249,0.99819165,0.001474631,31858843,planet
1668.9179511987363,1.000698,0.0014763816,31858843,planet
1668.919340091225,0.9976037,0.0014732115,31858843,planet
1668.920728983713,0.9992933,0.0014734608,31858843,planet
1668.9221178762,1.0006958,0.0014722185,31858843,planet
1668.9235067686882,1.0007294,0.0014750909,31858843,planet
1668.9248956611755,1.0021808,0.0014745498,31858843,planet
1668.9262845536628,1.0003965,0.0014735652,31858843,planet
1668.9276734461514,0.99957365,0.0014732928,31858843,planet
1668.9290623386391,0.9989257,0.0014728119,31858843,planet
1668.9304512311264,0.99568725,0.0014712991,31858843,planet
1668.9318401236142,1.0008749,0.0014732004,31858843,planet
1668.9332290161014,0.9986718,0.0014721915,31858843,planet
1668.934617908123,0.9996296,0.001471701,31858843,planet
1668.9360068006117,1.0002967,0.0014719841,31858843,planet
1668.9373956930997,0.999336,0.0014713226,31858843,planet
1668.9387845855867,0.99873644,0.0014711258,31858843,planet
1668.940173478075,1.001449,0.0014705482,31858843,planet
1668.9415623705622,0.99970406,0.0014702473,31858843,planet
1668.94295126305,0.9990907,0.0014707128,31858843,planet
1668.9443401555386,1.0016125,0.0014709852,31858843,planet
1668.9457290475602,1.0002352,0.0014704049,31858843,planet
1668.9471179400475,1.0009423,0.0014707996,31858843,planet
1668.9485068325353,1.0013192,0.0014697772,31858843,planet
1668.954062402021,1.0022261,0.0014692884,31858843,planet
1668.955451294508,1.0010957,0.001468991,31858843,planet
1668.9623957564813,1.003381,0.0014690395,31858843,planet
1668.9637846489686,1.0010418,0.0014684431,31858843,planet
1668.9651735414566,0.99887717,0.001466673,31858843,planet
1668.9665624334789,0.9979297,0.0014660743,31858843,planet
1668.9679513259666,0.9980739,0.0014664067,31858843,planet
1668.9693402184548,1.0022805,0.0014677766,31858843,planet
1668.970729110942,0.99869967,0.0014662128,31858843,planet
1668.9735068954515,0.9991375,0.0014651539,31858843,planet
1668.97489578794,0.9988875,0.0014658427,31858843,planet
1668.9762846804279,0.99782,0.0014652375,31858843,planet
1668.9776735724495,0.99988836,0.0014658221,31858843,planet
1668.9790624649377,0.9996521,0.0014654985,31858843,planet
1668.980451357425,0.9997489,0.0014658874,31858843,planet
1668.9818402494463,1.0010118,0.0014650883,31858843,planet
1668.9832291419348,0.998539,0.0014648313,31858843,planet
1668.984618034423,1.0009037,0.0014656209,31858843,planet
1668.9860069269102,1.0015138,0.0014653853,31858843,planet
1668.9873958189323,1.0016321,0.0014654587,31858843,planet
1668.9887847114196,0.9989954,0.0014639222,31858843,planet
1668.990173603907,0.9972702,0.0014630624,31858843,planet
1668.9915624959299,0.9995816,0.0014634132,31858843,planet
1668.9929513884176,1.0021294,0.0014644176,31858843,planet
1668.9943402804392,1.0001792,0.0014633461,31858843,planet
1668.9971180654147,1.0000645,0.0014644264,31858843,planet
1668.9985069574368,0.9987313,0.0014627811,31858843,planet
1668.9998958499255,1.0004696,0.0014640369,31858843,planet
1669.0026736344344,1.0011606,0.0014632767,31858843,planet
1669.004062526922,0.9996315,0.0014647263,31858843,planet
1669.0054514189437,1.0009872,0.0014640216,31858843,planet
1669.006840311432,0.99999696,0.0014638826,31858843,planet
1669.0082292039206,0.9971496,0.0014617027,31858843,planet
1669.011006988429,1.0015472,0.0014626561,31858843,planet
1669.0123958804515,0.9990208,0.0014622288,31858843,planet
1669.0137847729388,0.99782693,0.0014604648,31858843,planet
1669.0151736654266,0.9987406,0.0014627081,31858843,planet
1669.0165625574496,1.000042,0.0014632468,31858843,planet
1669.0179514499368,0.9993683,0.0014641435,31858843,planet
1669.0193403419585,0.9987401,0.0014637486,31858843,planet
1669.0207292344462,0.9985081,0.0014630192,31858843,planet
1669.0221181264678,0.99732506,0.0014614981,31858843,planet
1669.023507018956,1.0029365,0.0014642278,31858843,planet
1669.024895910979,1.0014613,0.0014638635,31858843,planet
1669.026284803466,1.001118,0.0014640167,31858843,planet
1669.0276736954875,1.0008562,0.0014643366,31858843,planet
1669.0290625879757,1.0013611,0.0014642301,31858843,planet
1669.0304514799977,0.9983978,0.0014631201,31858843,planet
1669.031840372486,0.9997777,0.0014627774,31858843,planet
1669.033229264508,0.9977529,0.0014629635,31858843,planet
1669.0346181569953,1.001258,0.0014624085,31858843,planet
1669.0373959415047,0.99927974,0.0014619742,31858843,planet
1669.0387848335272,0.9989534,0.0014638841,31858843,planet
1669.040173726015,1.0000435,0.0014634604,31858843,planet
1669.0443404025468,1.0005059,0.0014630889,31858843,planet
1669.045729295034,0.9995677,0.0014635227,31858843,planet
1669.047118187057,1.0000367,0.0014630075,31858843,planet
1669.0485070795448,0.9972205,0.0014626626,31858843,planet
1669.0498959715665,1.0003705,0.0014635627,31858843,planet
1669.051284863589,0.99726176,0.0014626672,31858843,planet
1669.052673756076,0.999534,0.0014632343,31858843,planet
1669.0540626480974,0.9988047,0.0014637179,31858843,planet
1669.055451540586,1.0001391,0.001463926,31858843,planet
1669.0568404326086,1.0023274,0.0014643921,31858843,planet
1669.058229325096,0.9987239,0.001463283,31858843,planet
1669.059618217118,0.9979535,0.0014628664,31858843,planet
1669.0623960016273,0.99894834,0.0014632,31858843,planet
1669.0637848936503,1.0006654,0.0014639302,31858843,planet
1669.0651737861376,0.9993205,0.0014629968,31858843,planet
1669.0665626781592,1.0001036,0.0014629425,31858843,planet
1669.0679515701818,0.9999323,0.0014632436,31858843,planet
1669.069340462669,1.0039892,0.0014651341,31858843,planet
1669.0707293546911,1.0005718,0.0014649279,31858843,planet
1669.0721182471798,1.0001307,0.0014633568,31858843,planet
1669.0735071392014,0.9994713,0.0014641678,31858843,planet
1669.074896031223,0.9997863,0.0014632245,31858843,planet
1669.0762849237108,1.0028961,0.0014641319,31858843,planet
1669.0776738157324,0.99935436,0.0014640169,31858843,planet
1669.079062707755,1.0017511,0.0014641271,31858843,planet
1669.0804516002434,0.9993236,0.0014632166,31858843,planet
1669.0818404922647,1.0009973,0.0014643843,31858843,planet
1669.0832293842864,0.99965155,0.0014624592,31858843,planet
1669.0846182767746,0.9986605,0.0014624648,31858843,planet
1669.0860071687962,0.99663484,0.0014614712,31858843,planet
1669.0873960608183,0.99946445,0.0014626869,31858843,planet
1669.088784953307,1.0010945,0.001462724,31858843,planet
1669.0901738453285,1.0010089,0.00146245,31858843,planet
1669.0915627373502,1.0007262,0.0014628575,31858843,planet
1669.092951629838,1.0001616,0.0014620253,31858843,planet
1669.0943405218604,0.998312,0.0014602185,31858843,planet
1669.0957294138825,0.9994064,0.0014630895,31858843,planet
1669.0971183059048,1.0021855,0.001462919,31858843,planet
1669.0985071983919,0.99919534,0.001463231,31858843,planet
1669.0998960904135,1.0010018,0.0014604575,31858843,planet
1669.101284982436,1.0008591,0.0014627398,31858843,planet
1669.1026738749238,1.0022912,0.0014628234,31858843,planet
1669.1040627669463,0.9999586,0.001462165,31858843,planet
1669.1054516589684,1.0013987,0.0014621541,31858843,planet
1669.10684055099,0.99944735,0.0014620451,31858843,planet
1669.1082294434773,1.0003945,0.0014620338,31858843,planet
1669.1096183354994,1.0038232,0.0014628423,31858843,planet
1669.1110072275224,1.0022761,0.0014616553,31858843,planet
1669.1221183646298,0.99941736,0.0014600737,31858843,planet
1669.1235072566521,1.0016755,0.0014616649,31858843,planet
1669.1262850411617,1.0009471,0.0014620393,31858843,planet
1669.1276739331847,0.9990819,0.0014604959,31858843,planet
1669.1290628252063,1.0013803,0.0014611846,31858843,planet
1669.130451717228,1.00024,0.0014605941,31858843,planet
1669.13184060925,0.999346,0.0014609653,31858843,planet
1669.1332295017373,1.0000918,0.0014605527,31858843,planet
1669.1346183937594,1.0010617,0.0014604398,31858843,planet
1669.1360072857824,1.0003649,0.0014607187,31858843,planet
1669.137396177804,1.0014205,0.001460562,31858843,planet
1669.1387850698256,0.9997482,0.0014601998,31858843,planet
1669.1415628543352,1.000194,0.0014601893,31858843,planet
1669.1429517463575,1.0006431,0.0014592063,31858843,planet
1669.1471184224238,0.9999614,0.0014594892,31858843,planet
1669.1485073144459,1.0011766,0.0014588552,31858843,planet
1669.1498962069338,1.0033807,0.0014602382,31858843,planet
1669.1512850989561,0.9998694,0.0014588576,31858843,planet
1669.1526739909782,0.99876344,0.0014578255,31858843,planet
1669.1540628829998,1.001827,0.0014590137,31858843,planet
1669.1554517750214,0.9985154,0.0014577148,31858843,planet
1669.156840667044,1.0009087,0.0014592067,31858843,planet
1669.158229559066,0.9990376,0.0014577925,31858843,planet
1669.1596184510884,1.0004295,0.0014585445,31858843,planet
1669.1610073435763,0.9998018,0.0014577198,31858843,planet
1669.162396235598,0.99850273,0.0014565766,31858843,planet
1669.1637851276196,0.99965996,0.0014573617,31858843,planet
1669.1651740196417,0.99703825,0.0014566157,31858843,planet
1669.1665629116642,1.001131,0.0014584332,31858843,planet
1669.1679518036863,1.0003568,0.0014583046,31858843,planet
1669.1693406957083,1.0004493,0.0014584594,31858843,planet
1669.17072958773,1.000477,0.0014574489,31858843,planet
1669.1721184797516,1.0003438,0.0014581189,31858843,planet
1669.1735073717741,0.99775165,0.0014561199,31858843,planet
1669.1748962642628,1.0005245,0.0014577676,31858843,planet
1669.1762851562848,1.0037111,0.0014593983,31858843,planet
1669.1804518323502,0.99844724,0.0014552489,31858843,planet
1669.1818407243727,0.99796605,0.0014561487,31858843,planet
1669.1832296163957,0.99995893,0.0014578822,31858843,planet
1669.1846185084173,1.0001982,0.0014572861,31858843,planet
1669.187396292461,1.0015038,0.0014579691,31858843,planet
1669.1901740765047,0.9993182,0.0014573218,31858843,planet
1669.1915629685277,1.0025808,0.001458922,31858843,planet
1669.1929518605493,1.0008504,0.0014575197,31858843,planet
1669.194340752571,1.0014901,0.001456822,31858843,planet
1669.195729644593,1.0015494,0.0014572566,31858843,planet
1669.1971185366147,1.0017054,0.0014574307,31858843,planet
1669.1985074286372,1.0000451,0.0014571117,31858843,planet
1669.1998963206602,1.0022621,0.0014575368,31858843,planet
1669.2026741047034,1.0005126,0.0014572444,31858843,planet
1669.2040629967255,0.9998798,0.0014564487,31858843,planet
1669.2054518887471,1.0009438,0.0014571156,31858843,planet
1669.2082296727922,0.9999388,0.0014570392,31858843,planet
1669.2096185648138,1.0001175,0.0014572645,31858843,planet
1669.2110074568354,1.0006545,0.0014566272,31858843,planet
1669.2123963488577,1.0007883,0.0014566223,31858843,planet
1669.21378524088,1.0002244,0.0014559254,31858843,planet
1669.2151741329021,1.0008562,0.0014570005,31858843,planet
1669.2165630249247,1.0024456,0.0014576846,31858843,planet
1669.2179519169463,0.99979055,0.0014558741,31858843,planet
1669.219340808968,1.001287,0.0014564362,31858843,planet
1669.22072970099,0.99715906,0.0014552426,31858843,planet
1669.222118593012,0.998846,0.0014553772,31858843,planet
1669.2235074850346,1.0000931,0.0014560004,31858843,planet
1669.2248963770567,1.0001715,0.0014558594,31858843,planet
1669.2262852690783,1.000557,0.0014553014,31858843,planet
1669.2276741611,0.99997586,0.0014555614,31858843,planet
1669.2290630531224,1.0007552,0.0014562183,31858843,planet
1669.2304519451445,1.0003301,0.0014558748,31858843,planet
1669.2318408371666,1.000925,0.0014557148,31858843,planet
1669.2332297291891,1.0000781,0.0014558247,31858843,planet
1669.2346186212108,0.999129,0.0014542816,31858843,planet
1669.2360075132324,1.0010846,0.0014562026,31858843,planet
1669.2373964052554,0.9995278,0.0014550147,31858843,planet
1669.2387852972774,1.0005822,0.001455245,31858843,planet
1669.240174189299,0.9985843,0.0014539247,31858843,planet
1669.2415630813211,1.0010871,0.0014554986,31858843,planet
1669.2443408648996,1.0000395,0.0014544387,31858843,planet
1669.2457297569217,1.0028381,0.0014561417,31858843,planet
1669.2471186489447,1.0012381,0.0014550709,31858843,planet
1669.2485075409663,0.9994952,0.0014536069,31858843,planet
1669.249896432988,0.99847066,0.0014535392,31858843,planet
1669.25128532501,0.99947464,0.0014542153,31858843,planet
1669.2526742170317,0.99888176,0.0014533635,31858843,planet
1669.2540631090542,1.0008574,0.0014542667,31858843,planet
1669.2554520010772,0.9988171,0.001450651,31858843,planet
1669.2568408930986,1.0012532,0.0014533461,31858843,planet
1669.2582297846543,0.99975115,0.0014537071,31858843,planet
1669.2596186766768,0.99944997,0.001452723,31858843,planet
1669.2610075686985,1.0004042,0.0014535893,31858843,planet
1669.2623964607205,1.0017666,0.0014545005,31858843,planet
1669.2637853527435,1.0017451,0.0014541433,31858843,planet
1669.2651742447651,0.9982377,0.0014525899,31858843,planet
1669.2665631367868,1.00175,0.0014542099,31858843,planet
1669.2679520288088,1.0007734,0.0014532609,31858843,planet
1669.2693409203657,1.000233,0.0014526006,31858843,planet
1669.2707298123878,1.0009956,0.0014531345,31858843,planet
1669.2721187044103,0.9993243,0.0014529282,31858843,planet
1669.2735075964317,1.0007247,0.0014522137,31858843,planet
1669.2748964884531,1.0000783,0.0014524561,31858843,planet
1669.2762853804757,1.0022622,0.0014528846,31858843,planet
1669.2776742724977,0.9996459,0.0014519736,31858843,planet
1669.2790631640546,0.99845314,0.001451771,31858843,planet
1669.2804520560767,0.9973655,0.0014504428,31858843,planet
1669.2818409480983,1.0006136,0.0014525874,31858843,planet
1669.28322984012,1.0023067,0.001453242,31858843,planet
1669.284618732142,1.0002373,0.0014531014,31858843,planet
1669.2860076241645,0.9987783,0.001451331,31858843,planet
1669.287396515721,0.9996251,0.0014512626,31858843,planet
1669.2887854077435,1.0018045,0.0014524729,31858843,planet
1669.290174299765,1.0019635,0.001452662,31858843,planet
1669.2915631917865,1.0020381,0.0014522421,31858843,planet
1669.2929520838088,0.99973863,0.0014512119,31858843,planet
1669.294340975831,1.0002517,0.0014517294,31858843,planet
1669.2957298673878,1.0001253,0.0014513173,31858843,planet
1669.2971187594098,0.99887055,0.0014508836,31858843,planet
1669.2985076514315,0.9993842,0.0014510911,31858843,planet
1669.299896543453,1.0008079,0.0014506591,31858843,planet
1669.301285435476,0.99723,0.0014489685,31858843,planet
1669.3026743270325,0.9987304,0.0014508531,31858843,planet
1669.3040632190541,0.9988908,0.0014501052,31858843,planet
1669.3054521110766,0.9998677,0.0014501719,31858843,planet
1669.3068410030983,0.99638695,0.0014491548,31858843,planet
1669.30822989512,0.9963243,0.0014489928,31858843,planet
1669.309618786677,0.9991163,0.0014495222,31858843,planet
1669.3110076786998,0.9976186,0.0014492915,31858843,planet
1669.3123965707214,1.0010412,0.0014512007,31858843,planet
1669.313785462743,0.99803054,0.0014484398,31858843,planet
1669.3151743542999,0.99939126,0.0014494593,31858843,planet
1669.3165632463215,1.0003326,0.0014498275,31858843,planet
1669.3179521383436,1.0013381,0.0014502691,31858843,planet
1669.3193410303666,0.9988887,0.0014486107,31858843,planet
1669.3207299219225,0.99982756,0.0014497167,31858843,planet
1669.3221188139441,0.9987837,0.0014483548,31858843,planet
1669.3235077059662,1.0006118,0.0014491528,31858843,planet
1669.3248965979878,0.99795777,0.0014480437,31858843,planet
1669.3262854900104,0.99950975,0.0014478192,31858843,planet
1669.3276743815675,0.9984567,0.0014485009,31858843,planet
1669.3290632735889,1.0008513,0.0014492989,31858843,planet
1669.3304521656105,1.0000173,0.0014483472,31858843,planet
1669.331841057633,0.9988449,0.0014479526,31858843,planet
1669.3332299491894,1.0028703,0.0014496129,31858843,planet
1669.334618841212,0.9994835,0.0014480667,31858843,planet
1669.336007733234,1.000793,0.0014484877,31858843,planet
1669.33739662479,0.99830025,0.0014472317,31858843,planet
1669.3387855168116,1.0002927,0.0014480667,31858843,planet
1669.3401744088337,0.9985979,0.0014475683,31858843,planet
1669.3415633008563,1.0003889,0.0014475104,31858843,planet
1669.3429521924127,0.9985684,0.0014469802,31858843,planet
1669.3443410844352,1.0003983,0.0014476447,31858843,planet
1669.3457299764566,0.99877316,0.001447283,31858843,planet
1669.347118868478,1.001197,0.0014479072,31858843,planet
1669.3485077600349,0.9984702,0.0014464419,31858843,planet
1669.349896652057,0.9997653,0.0014469988,31858843,planet
1669.3512855440795,1.0015606,0.0014480656,31858843,planet
1669.352674435636,1.0016453,0.0014472187,31858843,planet
1669.3540633276575,1.0008242,0.0014454594,31858843,planet
1669.3568411112356,0.9979505,0.0014447776,31858843,planet
1669.3596188952802,0.9983517,0.0014449208,31858843,planet
1669.3610077873027,1.000928,0.0014448719,31858843,planet
1669.3623966788584,1.0008248,0.0014470323,31858843,planet
1669.3637855708798,1.0012639,0.0014464981,31858843,planet
1669.3651744629028,1.0017473,0.0014480464,31858843,planet
1669.3665633544597,1.0000244,0.0014479501,31858843,planet
1669.3679522464813,1.0000715,0.0014464115,31858843,planet
1669.3693411385034,1.0010628,0.0014471113,31858843,planet
1669.3707300300593,1.000799,0.0014476744,31858843,planet
1669.372118922081,1.0000204,0.0014463961,31858843,planet
1669.3748967056604,1.0007665,0.0014473115,31858843,planet
1669.376285597682,0.9993392,0.0014468938,31858843,planet
1669.3776744897045,0.9994807,0.0014468323,31858843,planet
1669.379063381261,1.0017995,0.0014481827,31858843,planet
1669.3804522732826,0.99763495,0.0014453552,31858843,planet
1669.3818411653046,0.9981084,0.0014452074,31858843,planet
1669.383230056862,0.99969417,0.0014465541,31858843,planet
1669.3846189488836,0.999793,0.0014472215,31858843,planet
1669.3860078409052,0.999471,0.0014468568,31858843,planet
1669.387396732462,0.99966204,0.0014460573,31858843,planet
1669.3887856244842,0.9995088,0.001446149,31858843,planet
1669.3901745160406,1.0005822,0.0014466596,31858843,planet
1669.3915634080631,1.0000489,0.0014461937,31858843,planet
1669.3929523000847,1.0004253,0.0014466878,31858843,planet
1669.3943411916407,1.0008882,0.0014463924,31858843,planet
1669.3957300836628,0.9996674,0.0014457009,31858843,planet
1669.4012856508198,1.0012131,0.0014468617,31858843,planet
1669.4026745428414,1.0008618,0.0014464008,31858843,planet
1669.404063434864,0.99856967,0.0014453098,31858843,planet
1669.4054523264203,0.9996909,0.0014454447,31858843,planet
1669.4068412184427,0.99883616,0.0014459704,31858843,planet
1669.408230110465,1.0020138,0.0014476719,31858843,planet
1669.409619002021,1.0014391,0.0014457983,31858843,planet
1669.4110078940425,1.0027663,0.0014475783,31858843,planet
1669.412396785599,1.0007063,0.0014447467,31858843,planet
1669.4137856776215,0.9964938,0.0014443186,31858843,planet
1669.4151745696436,0.9977343,0.0014451273,31858843,planet
1669.4165634612002,1.0004444,0.0014466903,31858843,planet
1669.4179523532216,0.99978495,0.0014465344,31858843,planet
1669.4193412447776,1.0007546,0.0014462884,31858843,planet
1669.4207301368006,0.99912095,0.0014446565,31858843,planet
1669.4221190283574,0.99948174,0.0014464153,31858843,planet
1669.423507920379,0.99727905,0.0014446535,31858843,planet
1669.4248968124011,1.0006342,0.0014465714,31858843,planet
1669.426285703957,0.99930763,0.0014455992,31858843,planet
1669.4276745959787,0.9977982,0.0014456077,31858843,planet
1669.429063487536,1.0000557,0.0014456973,31858843,planet
1669.4304523795581,0.9990814,0.0014459403,31858843,planet
1669.431841271114,0.99821836,0.0014449839,31858843,planet
1669.4332301631364,0.9988349,0.0014449457,31858843,planet
1669.4346190551578,0.9977037,0.0014446387,31858843,planet
1669.4360079467137,1.0024704,0.0014470262,31858843,planet
1669.4373968387367,0.9986408,0.0014451437,31858843,planet
1669.4387857302936,1.0001506,0.0014458334,31858843,planet
1669.4401746223152,0.9983025,0.0014460605,31858843,planet
1669.4415635138716,0.9986637,0.0014453502,31858843,planet
1669.4429524058933,0.9975093,0.001444694,31858843,planet
1669.4443412974492,0.99812794,0.0014454874,31858843,planet
1669.4457301894722,1.0011438,0.001446856,31858843,planet
1669.4471190814952,0.9994488,0.0014461174,31858843,planet
1669.4485079730512,0.9992924,0.0014459128,31858843,planet
1669.4498968650728,1.0006341,0.001445515,31858843,planet
1669.4512857566292,0.99885327,0.0014460356,31858843,planet
1669.4526746486513,1.0010107,0.0014457662,31858843,planet
1669.4540635402082,0.9963759,0.0014438553,31858843,planet
1669.4554524322302,1.0017864,0.0014469498,31858843,planet
1669.4568413237862,1.0002484,0.001445322,31858843,planet
1669.4582302158078,0.99864095,0.0014460547,31858843,planet
1669.4596191073645,0.99864453,0.001445703,31858843,planet
1669.4610079993868,1.0007402,0.0014469001,31858843,planet
1669.4623968909432,1.0006108,0.001446554,31858843,planet
1669.4637857829657,0.9998963,0.0014462831,31858843,planet
1669.4651746745217,1.0010982,0.0014449797,31858843,planet
1669.4679524580997,1.0025398,0.001446907,31858843,planet
1669.469341350122,1.0006171,0.001446876,31858843,planet
1669.4707302416787,0.9995663,0.0014464094,31858843,planet
1669.4721191337007,0.9986235,0.0014464547,31858843,planet
1669.4735080252567,0.9975657,0.0014464691,31858843,planet
1669.4748969172783,0.99990237,0.0014465401,31858843,planet
1669.4762858088352,1.0006412,0.0014474867,31858843,planet
1669.4776747008573,1.0004289,0.0014480295,31858843,planet
1669.4790635924137,0.9996675,0.0014472888,31858843,planet
1669.4804524844362,1.0017354,0.001447997,31858843,planet
1669.4818413759922,0.9979626,0.001446078,31858843,planet
1669.4832302680138,0.99932396,0.0014475922,31858843,planet
1669.4846191595711,0.99976844,0.0014476747,31858843,planet
1669.4860080515932,1.0001972,0.0014478397,31858843,planet
1669.4873969431492,0.9990982,0.0014467165,31858843,planet
1669.4887858351713,1.0017382,0.0014479738,31858843,planet
1669.4901747267272,0.9999167,0.0014493719,31858843,planet
1669.4915636187488,0.99854565,0.0014476884,31858843,planet
1669.4929525103062,1.0014123,0.0014491777,31858843,planet
1669.4943414023287,1.0001526,0.0014498307,31858843,planet
1669.4957302938844,1.0029206,0.0014483108,31858843,planet
1669.4971191859067,0.9981744,0.0014478529,31858843,planet
1669.4985080774627,0.9978213,0.0014478465,31858843,planet
1669.4998969694843,0.9978933,0.0014469392,31858843,planet
1669.5012858610417,1.0012388,0.0014493179,31858843,planet
1669.502674752598,1.0003775,0.0014483343,31858843,planet
1669.5040636446197,0.9999908,0.0014485184,31858843,planet
1669.505452536176,1.0007411,0.0014493875,31858843,planet
1669.5068414281977,1.0008575,0.0014475452,31858843,planet
1669.5110081033336,0.99903035,0.0014492596,31858843,planet
1669.5137858869116,1.0014675,0.0014497972,31858843,planet
1669.515174778468,1.0018752,0.001449624,31858843,planet
1669.517952562047,0.99888414,0.0014481578,31858843,planet
1669.5193414540695,1.0023438,0.0014506675,31858843,planet
1669.5207303456255,0.9982171,0.0014489524,31858843,planet
1669.5221192376468,1.0003678,0.0014497442,31858843,planet
1669.5235081292035,0.9995875,0.0014495989,31858843,planet
1669.52489702076,1.0001847,0.0014494929,31858843,planet
1669.5262859127824,1.0002397,0.0014492638,31858843,planet
1669.5276748043389,1.002098,0.001449868,31858843,planet
1669.5290636963605,0.99875826,0.0014479836,31858843,planet
1669.5304525879164,1.0004104,0.0014496772,31858843,planet
1669.5318414794729,0.99906844,0.0014500716,31858843,planet
1669.5332303714954,0.9992386,0.0014495924,31858843,planet
1669.5346192630518,1.0011455,0.0014509833,31858843,planet
1669.5373970466303,0.9995538,0.0014509469,31858843,planet
1669.538785938186,0.99916553,0.0014496808,31858843,planet
1669.5401748302088,1.0012373,0.0014507328,31858843,planet
1669.5415637217657,1.0005697,0.001450457,31858843,planet
1669.5429526137873,0.9993325,0.0014492777,31858843,planet
1669.5443415053437,0.99970794,0.0014508825,31858843,planet
1669.5457303968997,1.003285,0.0014511498,31858843,planet
1669.5471192889213,0.99943715,0.0014500745,31858843,planet
1669.5485081804786,0.9994292,0.0014505555,31858843,planet
1669.5498970725007,1.0003492,0.0014507566,31858843,planet
1669.5512859640567,1.0010507,0.0014511653,31858843,planet
1669.5526748556135,0.99862987,0.0014504778,31858843,planet
1669.5540637476352,1.0025184,0.0014524224,31858843,planet
1669.5554526391911,1.0006423,0.0014514461,31858843,planet
1669.5568415307484,1.000407,0.0014505913,31858843,planet
1669.5582304227705,0.999737,0.0014517264,31858843,planet
1669.5596193143265,1.0014002,0.0014516626,31858843,planet
1669.5610082063486,1.0011908,0.0014505368,31858843,planet
1669.5623970979045,1.0009795,0.0014495369,31858843,planet
1669.5637859894605,1.0008439,0.0014510378,31858843,planet
1669.5651748814835,1.0004838,0.0014512915,31858843,planet
1669.5665637730401,1.0005378,0.0014516809,31858843,planet
1669.5679526645959,1.0003717,0.0014517609,31858843,planet
1669.5693415566184,0.99888766,0.00145055,31858843,planet
1669.5707304481743,0.9986124,0.001449884,31858843,planet
1669.5721193397308,0.9975658,0.0014497454,31858843,planet
1669.5735082317537,0.99990314,0.001450576,31858843,planet
1669.5748971233097,1.0000329,0.0014510705,31858843,planet
1669.5762860148657,1.0004779,0.0014508164,31858843,planet
1669.5776749068878,1.0016044,0.0014510839,31858843,planet
1669.5790637984437,0.99832195,0.0014511334,31858843,planet
1669.5804526900006,1.0013194,0.0014512005,31858843,planet
1669.5818415820236,0.99903,0.0014499766,31858843,planet
1669.58323047358,1.0017649,0.0014516358,31858843,planet
1669.584619365136,0.9992718,0.0014512467,31858843,planet
1669.5860082571576,1.0000422,0.0014512563,31858843,planet
1669.587397148714,1.0007106,0.0014509005,31858843,planet
1669.5887860402709,1.0002927,0.0014501977,31858843,planet
1669.590174932293,0.99876237,0.0014496596,31858843,planet
1669.5915638238498,0.9996513,0.0014499538,31858843,planet
1669.5929527154055,0.99795103,0.0014485565,31858843,planet
1669.594341607427,1.0001616,0.001448554,31858843,planet
1669.5957304989838,1.0012997,0.001450551,31858843,planet
1669.5971193905402,1.0005746,0.0014504684,31858843,planet
1669.5985082825628,1.0003188,0.0014503468,31858843,planet
1669.5998971741192,0.9987998,0.0014493563,31858843,planet
1669.604063849254,1.0003028,0.0014493262,31858843,planet
1669.6054527408105,0.99948424,0.0014497536,31858843,planet
1669.6068416323665,0.99900854,0.0014492378,31858843,planet
1669.608230524389,0.99966955,0.0014492021,31858843,planet
1669.6096194159447,0.9980976,0.0014490327,31858843,planet
1669.6110083075005,1.001049,0.0014498249,31858843,planet
1669.6123971995235,0.9994385,0.00144866,31858843,planet
1669.6151749826363,0.99946815,0.0014474844,31858843,planet
1669.6165638741927,0.99906635,0.0014469823,31858843,planet
1669.6179527662143,1.0001185,0.0014492924,31858843,planet
1669.6193416577703,1.0014839,0.00144912,31858843,planet
1669.6207305493276,1.0007195,0.0014490443,31858843,planet
1669.622119440884,0.9998305,0.0014490522,31858843,planet
1669.6235083329057,1.0008552,0.0014500159,31858843,planet
1669.6248972244625,1.0014969,0.0014497093,31858843,planet
1669.6262861160185,1.0001968,0.001448238,31858843,planet
1669.62767500804,1.0009204,0.0014485711,31858843,planet
1669.629063899597,1.0010469,0.0014487334,31858843,planet
1669.6304527911539,0.9975307,0.0014477395,31858843,planet
1669.6318416827098,0.9998437,0.0014482085,31858843,planet
1669.633230574732,0.99991393,0.0014474624,31858843,planet
1669.6346194662879,1.0008316,0.0014483555,31858843,planet
1669.6360083578447,0.9994982,0.0014476702,31858843,planet
1669.6373972494018,0.9995134,0.0014474915,31858843,planet
1669.6387861414232,0.9994076,0.0014461859,31858843,planet
1669.6401750329792,0.9972971,0.0014459513,31858843,planet
1669.641563924536,0.9988821,0.001447106,31858843,planet
1669.642952816092,1.001061,0.0014480785,31858843,planet
1669.644341708114,1.0000902,0.0014473596,31858843,planet
1669.6457305996714,0.9996128,0.0014469345,31858843,planet
1669.6471194912274,0.9982478,0.0014457881,31858843,planet
1669.6485083827833,1.0019432,0.0014482517,31858843,planet
1669.6498972743398,0.9982999,0.0014458167,31858843,planet
1669.6512861663623,1.0012492,0.0014475058,31858843,planet
1669.6526750579187,1.0002809,0.0014462305,31858843,planet
1669.6540639494756,0.9993342,0.0014441804,31858843,planet
1669.655452841032,1.0003645,0.0014452876,31858843,planet
1669.6568417330536,0.9967649,0.001443898,31858843,planet
1669.6582306246096,1.0002155,0.0014460504,31858843,planet
1669.659619516167,1.0003676,0.0014456206,31858843,planet
1669.6610084077233,1.0007576,0.0014452337,31858843,planet
1669.6623972992793,0.99590975,0.0014442243,31858843,planet
1669.6637861913016,0.9988841,0.001443957,31858843,planet
1669.6651750828573,1.0011271,0.001445163,31858843,planet
1669.6665639744133,0.9993316,0.0014444243,31858843,planet
1669.6679528659706,0.9982938,0.0014442548,31858843,planet
1669.6693417575275,0.99869597,0.0014449311,31858843,planet
1669.6707306495491,1.0009416,0.0014445486,31858843,planet
1669.6721195411055,0.9996677,0.0014450342,31858843,planet
1669.6735084326615,1.0001323,0.0014445179,31858843,planet
1669.6748973242175,1.0027007,0.0014433757,31858843,planet
1669.6762862157748,1.0025846,0.0014444841,31858843,planet
1669.6776751077969,1.0007868,0.0014432294,31858843,planet
1669.6790639993528,0.99994636,0.0014437126,31858843,planet
1669.6804528909097,0.9994193,0.0014433512,31858843,planet
1669.6818417824654,0.9986549,0.0014423452,31858843,planet
1669.6832306740212,0.99960756,0.0014425152,31858843,planet
1669.6846195660441,0.9971433,0.0014413154,31858843,planet
1669.686008457601,1.0002365,0.001442829,31858843,planet
1669.687397349157,0.9997934,0.001442083,31858843,planet
1669.6887862407134,1.0016716,0.0014426663,31858843,planet
1669.6901751322694,1.0002794,0.001441501,31858843,planet
1669.6915640238258,1.0004404,0.0014412823,31858843,planet
1669.6929529158488,1.0009956,0.0014423378,31858843,planet
1669.6943418074047,1.0002413,0.0014421634,31858843,planet
1669.6957306989607,1.0026401,0.0014425814,31858843,planet
1669.6971195905176,1.0004419,0.0014416659,31858843,planet
1669.6985084820733,0.9991379,0.0014415972,31858843,planet
1669.69989737363,0.998545,0.0014401752,31858843,planet
1669.701286265653,1.0016088,0.0014414126,31858843,planet
1669.702675157209,0.99874747,0.0014404384,31858843,planet
1669.7040640487648,1.0006498,0.0014415735,31858843,planet
1669.7054529403213,0.99891233,0.0014406858,31858843,planet
1669.7068418318772,0.9996483,0.0014405139,31858843,planet
1669.7082307234336,0.999014,0.0014395108,31858843,planet
1669.709619614991,1.0015576,0.0014415327,31858843,planet
1669.7110085070126,1.0021788,0.0014404521,31858843,planet
1669.7123973985686,1.0000019,0.001438252,31858843,planet
1669.7137862901254,0.999805,0.0014398008,31858843,planet
1669.7151751816814,0.9993881,0.0014391826,31858843,planet
1669.7165640732378,0.9981585,0.001438998,31858843,planet
1669.7179529647951,0.9973557,0.0014385243,31858843,planet
1669.7193418563515,1.0005451,0.0014392781,31858843,planet
1669.7207307483732,1.0006185,0.001438549,31858843,planet
1669.7221196399291,1.0013045,0.0014399389,31858843,planet
1669.7235085314865,0.9998837,0.0014374747,31858843,planet
1669.7262863145988,0.9997016,0.0014396756,31858843,planet
1669.7276752061557,0.99899733,0.001438077,31858843,planet
1669.7304529892676,1.0017391,0.0014385054,31858843,planet
1669.731841880825,1.0007207,0.0014400884,31858843,planet
1669.733230772847,0.9981158,0.0014374902,31858843,planet
1669.734619664403,0.9985066,0.0014382971,31858843,planet
1669.7360085559594,0.9999232,0.0014382359,31858843,planet
1669.7387863390713,0.9987525,0.0014376498,31858843,planet
1669.7401752306287,0.99940586,0.0014377959,31858843,planet
1669.7415641221855,0.9990837,0.0014374184,31858843,planet
1669.7429530137413,1.0002055,0.001438646,31858843,planet
1669.744341905298,0.9999063,0.0014385459,31858843,planet
1669.7457307968539,0.9996155,0.0014368866,31858843,planet
1669.7471196888755,0.99743915,0.0014372992,31858843,planet
1669.7485085804328,0.99782294,0.0014370144,31858843,planet
1669.7498974719892,1.0002847,0.0014380459,31858843,planet
1669.7512863635452,1.0000737,0.0014376987,31858843,planet
1669.7526752551016,0.9981559,0.0014372986,31858843,planet
1669.7540641466576,0.99889964,0.0014381196,31858843,planet
1669.7554530382145,1.000863,0.0014388579,31858843,planet
1669.7568419297718,1.0003023,0.0014383289,31858843,planet
1669.7582308213277,0.9995788,0.001438406,31858843,planet
1669.7596197128837,0.99703646,0.0014362355,31858843,planet
1669.7610086044401,1.0001935,0.0014372751,31858843,planet
1669.762397495996,0.99842554,0.0014369092,31858843,planet
1669.7637863875525,1.0002894,0.0014378491,31858843,planet
1669.7651752791098,0.99820334,0.0014373503,31858843,planet
1669.7665641711314,0.9999878,0.0014378356,31858843,planet
1669.7679530626874,1.0014261,0.0014376251,31858843,planet
1669.769341954244,0.9992659,0.0014376234,31858843,planet
1669.7707308457998,0.9996738,0.0014378969,31858843,planet
1669.7721197373567,1.0002743,0.0014376624,31858843,planet
1669.773508628914,1.000519,0.0014380327,31858843,planet
1669.77489752047,1.0008619,0.0014391986,31858843,planet
1669.776286412026,0.99967694,0.0014373765,31858843,planet
1669.7776753035823,1.0002005,0.0014371142,31858843,planet
1669.7790641951387,0.99834275,0.0014375574,31858843,planet
1669.7804530866956,0.9977375,0.0014363067,31858843,planet
1669.781841978252,1.0004237,0.0014377648,31858843,planet
1669.783230869808,1.0000522,0.0014374859,31858843,planet
1669.784619761364,0.9994786,0.0014373829,31858843,planet
1669.7860086529208,0.99945605,0.0014352418,31858843,planet
1669.787397544478,0.99781024,0.0014362063,31858843,planet
1669.7887864360346,1.0022415,0.0014387382,31858843,planet
1669.7901753275905,0.9989875,0.0014371524,31858843,planet
1669.791564219147,0.9978365,0.0014369609,31858843,planet
1669.792953110703,0.99974066,0.0014373057,31858843,planet
1669.7943420022589,0.999068,0.0014376562,31858843,planet
1669.7957308938162,0.9996243,0.0014381097,31858843,planet
1669.7971197853728,0.99804205,0.00143704,31858843,planet
1669.7985086769286,0.9971399,0.0014373815,31858843,planet
1669.7998975684854,0.9996737,0.0014380902,31858843,planet
1669.8012864600414,1.0003242,0.0014379063,31858843,planet
1669.8026753515974,1.002251,0.0014384792,31858843,planet
1669.8040642431547,0.99859697,0.0014375095,31858843,planet
1669.8054531347111,1.0003312,0.0014379484,31858843,planet
1669.806842026267,1.0004284,0.0014385517,31858843,planet
1669.8082309178235,0.99918514,0.0014380919,31858843,planet
1669.8096198093795,0.99880165,0.0014370859,31858843,planet
1669.8110087009363,0.99751043,0.0014368561,31858843,planet
1669.8123975924937,0.99799883,0.0014370924,31858843,planet
1669.8137864840494,1.0014626,0.0014387252,31858843,planet
1669.8151753756051,1.0004678,0.0014382635,31858843,planet
1669.816564267162,1.0010113,0.0014388047,31858843,planet
1669.817953158718,0.99992275,0.0014386296,31858843,planet
1669.8193420502744,1.0005393,0.0014371081,31858843,planet
1669.8207309418317,1.0005937,0.0014379822,31858843,planet
1669.8221198333877,0.9992107,0.0014372774,31858843,planet
1669.8235087249436,0.9987497,0.0014377423,31858843,planet
1669.8248976165,1.001807,0.0014394508,31858843,planet
1669.826286508056,1.0013008,0.0014387922,31858843,planet
1669.8276753996129,0.99856895,0.0014391516,31858843,planet
1669.8290642911702,1.0003047,0.0014388979,31858843,planet
1669.8304531827262,1.00054,0.0014372966,31858843,planet
1669.831842074282,0.99830157,0.0014373054,31858843,planet
1669.8332309658385,1.0019268,0.0014404404,31858843,planet
1669.8346198573945,0.9993712,0.0014391664,31858843,planet
1669.836008748951,0.9992377,0.0014367517,31858843,planet
1669.8373976405082,1.0007876,0.0014379893,31858843,planet
1669.8387865320642,0.99843854,0.0014372721,31858843,planet
1669.8401754236202,0.99855256,0.0014375048,31858843,planet
1669.8415643151766,0.99909157,0.0014386466,31858843,planet
1669.8429532067335,1.0009221,0.0014395984,31858843,planet
1669.8443420982899,0.99767244,0.0014380856,31858843,planet
1669.8457309898467,0.99564546,0.0014376929,31858843,planet
1669.847119880937,1.0006036,0.0014394297,31858843,planet
1669.8485087724928,0.99993396,0.0014388814,31858843,planet
1669.8498976640494,0.99803096,0.0014384768,31858843,planet
1669.8512865556058,1.0007027,0.001439353,31858843,planet
1669.8526754471627,0.9997284,0.001439524,31858843,planet
1669.8540643387191,0.99977064,0.0014394239,31858843,planet
1669.855453230276,1.0015708,0.0014404305,31858843,planet
1669.856842121832,1.0004728,0.001440385,31858843,planet
1669.8582310133877,1.0000343,0.0014392822,31858843,planet
1669.8596199049448,0.9986939,0.0014388179,31858843,planet
1669.8610087965017,0.99940217,0.0014386162,31858843,planet
1669.8623976880576,1.0016698,0.0014407702,31858843,planet
1669.863786579614,1.0010444,0.0014399103,31858843,planet
1669.8651754707043,0.99927694,0.0014389349,31858843,planet
1669.8665643622603,1.0019852,0.0014403943,31858843,planet
1669.8679532538176,0.99944246,0.0014394976,31858843,planet
1669.869342145374,0.9977366,0.0014379527,31858843,planet
1669.87073103693,1.0011754,0.0014391411,31858843,planet
1669.8721199284869,0.99985546,0.0014397078,31858843,planet
1669.8735088200428,0.9996663,0.0014390395,31858843,planet
1669.8748977115993,1.0003618,0.0014386012,31858843,planet
1669.8762866031566,1.0002078,0.0014395245,31858843,planet
1669.8776754947125,1.0003272,0.0014399044,31858843,planet
1669.8790643858028,0.99957985,0.0014379388,31858843,planet
1669.8804532773593,0.99992055,0.0014397391,31858843,planet
1669.8818421689152,1.0004243,0.0014397904,31858843,planet
1669.8846199520292,0.99982303,0.0014388452,31858843,planet
1669.886008843585,0.9981494,0.0014388632,31858843,planet
1669.887397735141,1.001851,0.0014402681,31858843,planet
1669.8887866266978,0.99961334,0.0014377164,31858843,planet
1669.8901755182537,0.9995171,0.0014389158,31858843,planet
1669.8915644093445,0.9981755,0.0014382835,31858843,planet
1669.8929533009018,1.0027554,0.0014389899,31858843,planet
1669.8943421924578,1.0000287,0.0014382497,31858843,planet
1669.8957310840137,0.9973915,0.0014378375,31858843,planet
1669.8971199755701,0.9986859,0.0014385646,31858843,planet
1669.898508867126,1.0000477,0.0014385722,31858843,planet
1669.899897758683,1.0002162,0.0014384203,31858843,planet
1669.9012866497746,0.99838126,0.0014378496,31858843,planet
1669.9026755413304,1.0004313,0.0014381609,31858843,planet
1669.9040644328861,0.9985668,0.0014375164,31858843,planet
1669.905453324443,0.99981964,0.0014372268,31858843,planet
1669.9068422159994,0.9974402,0.0014368595,31858843,planet
1669.9082311075563,0.9995352,0.0014370419,31858843,planet
1669.9096199991127,1.0000182,0.0014378178,31858843,planet
1669.911008890203,0.9998085,0.0014377561,31858843,planet
1669.912397781759,0.9966765,0.0014355246,31858843,planet
1669.9137866733154,0.999709,0.0014367463,31858843,planet
1669.9151755648722,0.99990255,0.0014363107,31858843,planet
1669.9165644564287,0.9995693,0.0014363305,31858843,planet
1669.9179533479855,1.0001155,0.001437361,31858843,planet
1669.9193422390756,0.9999922,0.0014365346,31858843,planet
1669.9207311306313,0.99724644,0.0014355567,31858843,planet
1669.9221200221882,0.99811894,0.0014352323,31858843,planet
1669.9235089137455,1.0002971,0.0014364234,31858843,planet
1669.924897805302,1.0021408,0.0014360376,31858843,planet
1669.926286696858,0.9997659,0.0014356645,31858843,planet
1669.9276755879491,0.9992053,0.001435279,31858843,planet
1669.9290644795049,0.99990875,0.0014350398,31858843,planet
1669.9304533710615,0.9999998,0.0014348779,31858843,planet
1669.9318422626188,0.9995061,0.0014347626,31858843,planet
1669.9332311541748,0.99974257,0.0014348368,31858843,planet
1669.934620045265,0.9995057,0.0014341085,31858843,planet
1669.9360089368215,1.0008543,0.0014351023,31858843,planet
1669.9373978283775,0.9990454,0.0014340546,31858843,planet
1669.938786719934,1.000234,0.0014340346,31858843,planet
1669.9401756114912,0.9987449,0.001432732,31858843,planet
1669.9415645025815,0.9999982,0.0014337011,31858843,planet
1669.9429533941375,0.99859256,0.0014328279,31858843,planet
1669.9443422856943,0.99986887,0.0014334955,31858843,planet
1669.94573117725,0.999008,0.0014324171,31858843,planet
1669.9471200688067,1.0001619,0.0014331468,31858843,planet
1669.9485089598984,1.001203,0.0014332029,31858843,planet
1669.9498978514544,0.9974156,0.0014314812,31858843,planet
1669.9512867430103,0.9999049,0.0014328755,31858843,planet
1669.9526756345667,0.999823,0.0014323425,31858843,planet
1669.9540645261227,0.9986535,0.0014308129,31858843,planet
1669.9554534172137,0.9990232,0.0014315489,31858843,planet
1669.9568423087708,0.9970079,0.0014308353,31858843,planet
1669.9582312003267,0.9988468,0.0014305357,31858843,planet
1669.9596200918827,0.99994993,0.0014314284,31858843,planet
1669.961008982974,0.9989727,0.0014311544,31858843,planet
1669.9623978745303,0.9976498,0.0014299676,31858843,planet
1669.963786766087,1.0000839,0.0014303253,31858843,planet
1669.9651756576436,0.99855554,0.0014297578,31858843,planet
1669.966564548734,0.9986782,0.0014294246,31858843,planet
1669.9679534402899,0.9997101,0.0014293416,31858843,planet
1669.9693423318463,0.99934477,0.0014289923,31858843,planet
1669.9707312234032,0.9990431,0.0014296864,31858843,planet
1669.972120114494,0.9992459,0.0014291446,31858843,planet
1669.9735090060506,0.9991757,0.0014293492,31858843,planet
1669.9748978976063,0.9994214,0.0014291665,31858843,planet
1669.9762867891623,0.9984488,0.0014288671,31858843,planet
1669.9776756802535,1.0001189,0.0014284995,31858843,planet
1669.9790645718099,0.99964166,0.0014290132,31858843,planet
1669.9804534633668,0.9978259,0.0014276537,31858843,planet
1669.9818423549232,0.99859226,0.0014266061,31858843,planet
1669.9832312460135,1.0002126,0.001427361,31858843,planet
1669.9846201375694,1.00308,0.0014293323,31858843,planet
1669.9860090291259,1.0009953,0.0014277034,31858843,planet
1669.9873979206827,1.0005938,0.0014277692,31858843,planet
1669.9887868117735,0.99753404,0.00142568,31858843,planet
1669.9901757033301,1.0000012,0.0014267167,31858843,planet
1669.9915645948868,0.998969,0.0014276219,31858843,planet
1669.992953485977,0.99976194,0.0014278352,31858843,planet
1669.9943423775335,1.0015656,0.0014275517,31858843,planet
1669.9957312690908,1.0012603,0.0014273975,31858843,planet
1669.9971201606468,0.9991894,0.0014244546,31858843,planet
1669.998509051737,0.99926907,0.0014239575,31858843,planet
1669.9998979432937,0.9973063,0.0014250202,31858843,planet
1670.0012868348495,1.0003918,0.0014260397,31858843,planet
1670.0026757259407,1.0018795,0.0014267146,31858843,planet
1670.004064617498,0.99856645,0.0014241883,31858843,planet
1670.005453509054,1.0002081,0.0014246509,31858843,planet
1670.00684240061,0.9996504,0.0014252356,31858843,planet
1670.0082312917007,1.0003878,0.0014253729,31858843,planet
1670.0096201832566,0.9994722,0.0014248067,31858843,planet
1670.011009074813,1.001441,0.0014249549,31858843,planet
1670.0123979659047,0.99947613,0.0014241507,31858843,planet
1670.0137868574607,0.99860054,0.0014239341,31858843,planet
1670.0151757490166,1.0007385,0.0014251255,31858843,planet
1670.0165646401076,1.0003908,0.00142477,31858843,planet
1670.0179535316634,0.99993926,0.0014236221,31858843,planet
1670.0193424232202,0.9989335,0.0014241833,31858843,planet
1670.020731314312,0.9987632,0.0014234707,31858843,planet
1670.0221202058679,0.9999476,0.0014230245,31858843,planet
1670.0235090974238,1.0022321,0.0014241524,31858843,planet
1670.0248979885146,1.000942,0.0014241424,31858843,planet
1670.0262868800712,1.0007354,0.0014238976,31858843,planet
1670.0276757716279,0.9984897,0.0014235249,31858843,planet
1670.0290646627186,0.99913204,0.001422974,31858843,planet
1670.0304535542746,0.9986049,0.0014220276,31858843,planet
1670.0318424458305,1.002283,0.0014239999,31858843,planet
1670.0332313369217,1.0004431,0.0014223998,31858843,planet
1670.0346202284782,0.9998449,0.0014235402,31858843,planet
1670.0360091200346,1.0025026,0.0014240558,31858843,planet
1670.0373980111258,0.9999503,0.0014229572,31858843,planet
1670.0387869026817,0.99914265,0.0014217969,31858843,planet
1670.0401757942377,0.9972576,0.0014223307,31858843,planet
1670.0415646853285,0.9993628,0.0014215821,31858843,planet
1670.0429535768853,1.0012128,0.001423409,31858843,planet
1670.0443424684418,0.9974047,0.0014211946,31858843,planet
1670.0457313595325,0.9999516,0.0014223236,31858843,planet
1670.0471202510885,0.9990315,0.0014205987,31858843,planet
1670.0485091421788,0.9992878,0.001421689,31858843,planet
1670.049898033736,0.99851936,0.001421517,31858843,planet
1670.051286925293,0.99982476,0.0014207063,31858843,planet
1670.052675816383,0.9976413,0.001421272,31858843,planet
1670.0540647079397,1.0019811,0.0014213932,31858843,planet
1670.0554535994956,1.0001912,0.001422847,31858843,planet
1670.056842490586,1.0024375,0.0014230544,31858843,planet
1670.0582313821433,1.0021611,0.0014215392,31858843,planet
1670.059620273235,1.0005003,0.0014214987,31858843,planet
1670.0610091647907,0.9986872,0.0014213911,31858843,planet
1670.0623980563464,1.0003732,0.0014216497,31858843,planet
1670.0637869474376,0.99938,0.0014219383,31858843,planet
1670.0665647300843,0.99977326,0.0014208442,31858843,planet
1670.0679536216417,1.000996,0.0014209511,31858843,planet
1670.0693425131976,1.0015595,0.0014218688,31858843,planet
1670.070731404288,1.0001359,0.0014213292,31858843,planet
1670.0721202958443,1.000057,0.0014219622,31858843,planet
1670.0735091869346,0.99941033,0.0014210875,31858843,planet
1670.0748980784915,1.0004864,0.0014222556,31858843,planet
1670.0762869700488,0.9994205,0.0014215247,31858843,planet
1670.0776758611391,1.0008318,0.0014214537,31858843,planet
1670.0790647526949,1.0018463,0.001421187,31858843,planet
1670.0804536437859,1.0010482,0.001421476,31858843,planet
1670.0818425353423,0.99929756,0.0014211364,31858843,planet
1670.0832314264335,1.000842,0.0014216644,31858843,planet
1670.08462031799,1.0014505,0.001421705,31858843,planet
1670.0860092095459,0.9986679,0.0014210151,31858843,planet
1670.0873981006362,1.000361,0.0014198044,31858843,planet
1670.0887869921926,0.9996549,0.0014209796,31858843,planet
1670.0901758832838,1.0010009,0.0014212307,31858843,planet
1670.0915647748402,1.0017891,0.0014216527,31858843,planet
1670.0929536659314,1.0007671,0.0014210377,31858843,planet
1670.0943425574874,1.0011425,0.0014208764,31858843,planet
1670.0957314490433,0.9979242,0.0014206333,31858843,planet
1670.097120340134,0.9996534,0.0014203049,31858843,planet
1670.0985092316905,1.0000893,0.0014212132,31858843,planet
1670.0998981227817,0.9998525,0.0014210092,31858843,planet
1670.1012870143381,0.99871874,0.0014195475,31858843,planet
1670.1026759054284,1.0016925,0.0014206287,31858843,planet
1670.1040647969844,0.99908507,0.001420863,31858843,planet
1670.1054536880754,1.000315,0.0014209659,31858843,planet
1670.106842579632,1.0026007,0.0014215509,31858843,planet
1670.1082314707228,1.0005985,0.0014213666,31858843,planet
1670.1096203622797,1.000636,0.0014216934,31858843,planet
1670.1110092538356,1.0017527,0.0014214091,31858843,planet
1670.112398144926,1.0014478,0.001420765,31858843,planet
1670.1137870364832,1.0007886,0.0014227106,31858843,planet
1670.115175927574,0.99940026,0.0014206554,31858843,planet
1670.11656481913,0.99918604,0.0014209404,31858843,planet
1670.1179537102207,1.002242,0.0014215908,31858843,planet
1670.1193426017767,1.000135,0.0014207449,31858843,planet
1670.120731492867,1.0010538,0.0014216227,31858843,planet
1670.1221203844243,0.9999334,0.0014209853,31858843,planet
1670.1235092755153,1.0036203,0.0014223113,31858843,planet
1670.124898167071,1.0007082,0.0014196128,31858843,planet
1670.1262870581622,0.999525,0.0014206236,31858843,planet
1670.1276759497187,0.9992107,0.0014186027,31858843,planet
1670.129064840809,0.99893665,0.0014198011,31858843,planet
1670.1304537323658,0.9996001,0.0014215705,31858843,planet
1670.1318426234575,1.001632,0.0014208257,31858843,planet
1670.1332315150132,1.0017804,0.001421386,31858843,planet
1670.1346204061033,1.0030776,0.0014209251,31858843,planet
1670.1360092976602,1.0006671,0.0014204722,31858843,planet
1670.1373981887505,1.0010742,0.0014217101,31858843,planet
1670.1387870803069,0.99780244,0.0014203131,31858843,planet
1670.1401759713985,0.998324,0.0014194775,31858843,planet
1670.1415648629545,1.0007066,0.00142024,31858843,planet
1670.1429537540448,0.9975651,0.0014201623,31858843,planet
1670.1443426456012,0.9988513,0.0014202846,31858843,planet
1670.1457315366924,1.0004071,0.0014208605,31858843,planet
1670.1471204282489,1.0004607,0.0014218376,31858843,planet
1670.14850931934,0.9982712,0.0014202325,31858843,planet
1670.1498982108958,1.0003899,0.0014208135,31858843,planet
1670.1512871019859,0.9990561,0.0014208404,31858843,planet
1670.152675993077,1.000787,0.0014216542,31858843,planet
1670.1540648846335,1.0011103,0.0014217576,31858843,planet
1670.1554537757247,0.99984246,0.0014211439,31858843,planet
1670.1568426672811,0.9995224,0.0014213391,31858843,planet
1670.1582315583714,1.0008645,0.0014214676,31858843,planet
1670.1596204499274,1.0016143,0.0014224366,31858843,planet
1670.1610093410181,0.99939126,0.0014208878,31858843,planet
1670.162398232575,1.0018895,0.0014225265,31858843,planet
1670.1637871236658,0.9997657,0.0014219137,31858843,planet
1670.1651760152226,0.9997113,0.0014201821,31858843,planet
1670.1665649063127,0.9988846,0.0014204342,31858843,planet
1670.1679537974028,1.0002657,0.0014216402,31858843,planet
1670.1693426889597,1.0006555,0.001421794,31858843,planet
1670.1707315800504,0.999039,0.0014208256,31858843,planet
1670.1721204716073,1.0013708,0.001423033,31858843,planet
1670.173509362698,1.0005538,0.0014213615,31858843,planet
1670.174898254254,0.9975642,0.0014211534,31858843,planet
1670.1762871453443,0.9988139,0.0014212243,31858843,planet
1670.177676036436,1.0013095,0.0014222579,31858843,planet
1670.1790649279924,1.0014111,0.0014222005,31858843,planet
1670.1804538190827,1.0001757,0.0014210072,31858843,planet
1670.1818427106396,1.0001531,0.0014218607,31858843,planet
1670.1832316017299,1.0005907,0.0014208446,31858843,planet
1670.18462049282,1.0014721,0.0014224758,31858843,planet
1670.186009384377,1.0004063,0.0014214439,31858843,planet
1670.1873982754682,0.9993759,0.0014213094,31858843,planet
1670.1887871670242,1.0001503,0.0014213438,31858843,planet
1670.190176058115,1.0014707,0.0014213262,31858843,planet
1670.1915649492053,1.0012053,0.0014210098,31858843,planet
1670.1929538407612,1.0017179,0.0014222715,31858843,planet
1670.1943427318529,1.0016754,0.0014217192,31858843,planet
1670.1957316234102,0.99949783,0.0014208333,31858843,planet
1670.1971205145005,1.000153,0.0014205783,31858843,planet
1670.1985094055908,1.0020958,0.0014213301,31858843,planet
1670.1998982971472,1.0005988,0.0014213627,31858843,planet
1670.2012871882384,0.999381,0.0014202994,31858843,planet
1670.2026760797949,0.99981457,0.0014209037,31858843,planet
1670.2040649708856,1.0006677,0.0014214906,31858843,planet
1670.205453861976,1.0004271,0.0014205298,31858843,planet
1670.2068427535319,0.99981487,0.0014202666,31858843,planet
1670.208231644623,1.0013614,0.0014205466,31858843,planet
1670.2096205357138,0.99968207,0.0014208445,31858843,planet
1670.2110094272707,0.9996649,0.0014199219,31858843,planet
1670.2123983183615,1.0007945,0.0014211285,31858843,planet
1670.2137872099174,0.9987341,0.0014198641,31858843,planet
1670.2151761010077,1.0003791,0.0014201837,31858843,planet
1670.2165649920985,1.0005201,0.0014202655,31858843,planet
1670.2179538836554,0.9977774,0.0014196645,31858843,planet
1670.219342774746,0.99979144,0.0014204552,31858843,planet
1670.220731665837,1.0022501,0.0014205582,31858843,planet
1670.2221205573928,0.9974433,0.0014187315,31858843,planet
1670.2235094484831,1.000332,0.0014197351,31858843,planet
1670.2248983395743,0.9990929,0.001419745,31858843,planet
1670.2262872311308,0.9994008,0.0014180612,31858843,planet
1670.227676122222,1.0004555,0.0014194314,31858843,planet
1670.2290650133127,0.9979552,0.0014188561,31858843,planet
1670.2304539048687,0.9980498,0.0014196171,31858843,planet
1670.231842795959,0.9984964,0.0014187001,31858843,planet
1670.2332316870506,1.0007482,0.0014204098,31858843,planet
1670.234620578607,0.9982116,0.0014193838,31858843,planet
1670.2360094696974,1.0010849,0.001419303,31858843,planet
1670.2373983607886,1.0002512,0.0014193829,31858843,planet
1670.2387872523443,0.99987787,0.0014196378,31858843,planet
1670.2401761434344,0.9971247,0.001418732,31858843,planet
1670.241565034526,0.9987371,0.0014187397,31858843,planet
1670.242953926083,0.998826,0.0014187833,31858843,planet
1670.2443428171732,0.9997671,0.0014193022,31858843,planet
1670.245731708264,0.99998426,0.0014178003,31858843,planet
1670.24712059982,1.0009012,0.0014197335,31858843,planet
1670.2485094909102,1.0007913,0.0014196881,31858843,planet
1670.249898382002,0.99979883,0.0014197369,31858843,planet
1670.2512872730927,1.0020437,0.0014200114,31858843,planet
1670.2526761646486,1.0005442,0.001418786,31858843,planet
1670.2540650557398,1.0002953,0.001418628,31858843,planet
1670.25545394683,0.9995301,0.001418977,31858843,planet
1670.2568428383856,0.9996714,0.0014182978,31858843,planet
1670.2582317294773,1.0010992,0.0014190173,31858843,planet
1670.2596206205685,1.0002478,0.0014190054,31858843,planet
1670.2610095116588,0.9992891,0.0014178581,31858843,planet
1670.2623984032152,0.99831223,0.0014168633,31858843,planet
1670.2637872943055,0.9994611,0.0014169886,31858843,planet
1670.2651761853963,0.9994952,0.0014181911,31858843,planet
1670.2665650769536,1.0008211,0.0014190756,31858843,planet
1670.2679539680448,0.99958265,0.0014180598,31858843,planet
1670.2693428591351,0.998168,0.0014172453,31858843,planet
1670.2707317502254,1.0017327,0.0014181172,31858843,planet
1670.2721206417818,0.9968284,0.0014156038,31858843,planet
1670.2735095328728,0.99938595,0.0014171973,31858843,planet
1670.2748984239638,0.9984606,0.0014166834,31858843,planet
1670.2762873150546,1.0009397,0.0014186312,31858843,planet
1670.2776762066105,0.9993974,0.0014166922,31858843,planet
1670.2790650977008,1.0003897,0.00141804,31858843,planet
1670.280453988792,0.9992415,0.0014164178,31858843,planet
1670.2818428798828,0.9982118,0.0014160789,31858843,planet
1670.2832317714394,0.99886835,0.0014172652,31858843,planet
1670.2846206625304,1.0009147,0.0014171452,31858843,planet
1670.2860095536207,0.99972576,0.0014168704,31858843,planet
1670.287398444711,1.0008684,0.0014171025,31858843,planet
1670.2887873362674,0.99846876,0.0014161388,31858843,planet
1670.2901762273586,1.0004867,0.0014168456,31858843,planet
1670.2915651184494,1.0007299,0.0014162568,31858843,planet
1670.2929540095402,1.0016062,0.0014173463,31858843,planet
1670.2943429010961,1.0003749,0.0014171461,31858843,planet
1670.2957317921864,0.9999741,0.0014164377,31858843,planet
1670.297120683278,0.99732405,0.0014148596,31858843,planet
1670.2985095743693,1.0001317,0.001417486,31858843,planet
1670.2998984654594,0.99841946,0.0014152273,31858843,planet
1670.301287357016,0.9982975,0.001415133,31858843,planet
1670.3026762481063,1.0034858,0.0014176632,31858843,planet
1670.3040651391966,1.0005856,0.0014158406,31858843,planet
1670.3054540302883,0.99774116,0.0014148797,31858843,planet
1670.306842921379,0.99904275,0.0014146738,31858843,planet
1670.308231812935,1.0003971,0.0014151825,31858843,planet
1670.309620704026,1.0000374,0.001415209,31858843,planet
1670.311009595116,0.9983252,0.0014152309,31858843,planet
1670.3123984862063,1.0006685,0.0014151885,31858843,planet
1670.313787377298,0.99990845,0.0014156314,31858843,planet
1670.3151762688549,0.99873835,0.0014146981,31858843,planet
1670.3165651599452,0.99920136,0.0014142939,31858843,planet
1670.317954051036,1.0002466,0.0014144079,31858843,planet
1670.3193429421262,1.0012176,0.0014153396,31858843,planet
1670.320731833217,0.99835825,0.0014142316,31858843,planet
1670.3221207247743,1.0002115,0.0014148484,31858843,planet
1670.3235096158646,1.0000043,0.0014137727,31858843,planet
1670.324898506955,0.9989481,0.0014144779,31858843,planet
1670.326287398046,1.0001241,0.0014140526,31858843,planet
1670.327676289136,0.9981797,0.001414011,31858843,planet
1670.3290651802272,0.99943554,0.0014138895,31858843,planet
1670.3304540717845,1.0032448,0.0014158909,31858843,planet
1670.3318429628748,1.0009208,0.0014145125,31858843,planet
1670.3332318539651,0.9989197,0.0014135896,31858843,planet
1670.3346207450559,1.0005413,0.0014142101,31858843,planet
1670.3360096361469,1.0000969,0.0014140286,31858843,planet
1670.3373985272378,0.9992224,0.0014141141,31858843,planet
1670.3387874183286,1.0003659,0.0014143728,31858843,planet
1670.3401763098855,1.0000161,0.0014142578,31858843,planet
1670.3415652009758,1.0012959,0.0014153741,31858843,planet
1670.342954092066,1.000709,0.0014133726,31858843,planet
1670.3443429831568,1.0005429,0.0014141223,31858843,planet
1670.3457318742476,0.9995691,0.0014134805,31858843,planet
1670.3471207653388,1.0029151,0.0014152848,31858843,planet
1670.3485096564295,0.99759865,0.001412524,31858843,planet
1670.3498985479855,1.0011697,0.0014143727,31858843,planet
1670.3512874390758,0.9977085,0.0014128034,31858843,planet
1670.3526763301675,0.9991064,0.0014133324,31858843,planet
1670.3540652212585,0.9993407,0.0014144203,31858843,planet
1670.3554541123485,1.0015832,0.0014144691,31858843,planet
1670.3568430034397,0.99729335,0.0014131339,31858843,planet
1670.35823189453,0.99844486,0.0014137386,31858843,planet
1670.3596207856203,0.9984941,0.0014134774,31858843,planet
1670.361009676712,1.0016409,0.0014151896,31858843,planet
1670.3623985682684,1.0005734,0.0014139325,31858843,planet
1670.3637874593587,1.0004647,0.0014142944,31858843,planet
1670.3651763504495,1.0000902,0.0014130503,31858843,planet
1670.3665652415398,1.0010457,0.0014136729,31858843,planet
1670.36795413263,0.99924827,0.0014140123,31858843,planet
1670.3693430237217,0.9998107,0.0014134075,31858843,planet
1670.3707319148127,1.0007533,0.0014136002,31858843,planet
1670.3721208059028,1.001648,0.0014137428,31858843,planet
1670.373509696994,1.000044,0.0014137683,31858843,planet
1670.3748985880843,0.99969685,0.0014130732,31858843,planet
1670.3762874791746,0.9988181,0.0014129723,31858843,planet
1670.377676370732,0.99900234,0.0014117003,31858843,planet
1670.3790652618227,0.9989049,0.0014133719,31858843,planet
1670.380454152913,1.0001491,0.001413323,31858843,planet
1670.3818430440037,0.9987733,0.0014139081,31858843,planet
1670.383231935094,0.99884,0.0014127266,31858843,planet
1670.3846208261853,0.99804854,0.0014127779,31858843,planet
1670.386009717277,1.0000926,0.0014137481,31858843,planet
1670.3873986083672,0.9987555,0.0014127903,31858843,planet
1670.3887874994573,1.0004357,0.0014123742,31858843,planet
1670.3901763905483,0.99865156,0.0014129977,31858843,planet
1670.3915652816386,1.0011753,0.0014141375,31858843,planet
1670.3929541727293,1.0003436,0.0014131255,31858843,planet
1670.394343063821,0.99957156,0.0014128751,31858843,planet
1670.3957319549113,0.999628,0.0014127339,31858843,planet
1670.3971208460016,1.0017449,0.0014141742,31858843,planet
1670.3985097370924,0.99947447,0.0014130265,31858843,planet
1670.3998986281827,1.0001688,0.0014137003,31858843,planet
1670.4012875192739,1.0011367,0.0014143528,31858843,planet
1670.4026764108312,0.9990412,0.0014117714,31858843,planet
1670.404065301922,0.99828005,0.0014127435,31858843,planet
1670.4054541930122,0.99710363,0.0014123742,31858843,planet
1670.4068430841025,0.99892086,0.0014127813,31858843,planet
1670.4082319751933,0.9971622,0.0014120447,31858843,planet
1670.4096208662845,0.9974441,0.0014127186,31858843,planet
1670.4110097573753,0.9952207,0.0014105847,31858843,planet
1670.4123986484665,0.9921079,0.0014095436,31858843,planet
1670.4137875395568,0.9906839,0.0014089858,31858843,planet
1670.4151764306469,0.993487,0.0014094098,31858843,planet
1670.4165653217383,0.99326223,0.0014100134,31858843,planet
1670.4179542128295,0.99251544,0.0014096323,31858843,planet
1670.4193431039198,0.99019444,0.0014081994,31858843,planet
1670.4207319950106,0.99022084,0.0014088022,31858843,planet
1670.4221208861009,0.9907608,0.0014083196,31858843,planet
1670.4235097771912,0.9908661,0.0014084812,31858843,planet
1670.4248986682828,0.9894895,0.0014086678,31858843,planet
1670.4262875593736,0.9870279,0.0014075004,31858843,planet
1670.4276764504639,0.98920304,0.0014079692,31858843,planet
1670.429065341555,0.98719966,0.001407262,31858843,planet
1670.4304542326454,0.9876845,0.0014075825,31858843,planet
1670.4318431237357,0.9873937,0.0014073345,31858843,planet
1670.4332320148271,0.98842937,0.0014072481,31858843,planet
1670.434620905918,0.9872524,0.0014076207,31858843,planet
1670.4360097970084,0.9892798,0.0014079683,31858843,planet
1670.4373986880992,0.98902994,0.001408144,31858843,planet
1670.4387875787238,0.9881874,0.0014066237,31858843,planet
1670.440176469814,0.9863627,0.0014055357,31858843,planet
1670.4415653609058,0.98756504,0.0014060631,31858843,planet
1670.4429542519965,0.98776317,0.001407946,31858843,planet
1670.4443431430868,0.98731714,0.0014058781,31858843,planet
1670.445732034178,0.98989725,0.0014071951,31858843,planet
1670.4471209252683,0.9894919,0.0014081728,31858843,planet
1670.448509816359,0.99181145,0.0014094642,31858843,planet
1670.4498987074508,0.9865144,0.0014068634,31858843,planet
1670.451287598541,0.98673254,0.0014075504,31858843,planet
1670.4526764896314,0.9871624,0.0014073835,31858843,planet
1670.454065380722,0.9864761,0.0014073938,31858843,planet
1670.4554542718124,0.98799175,0.0014076215,31858843,planet
1670.4568431629036,0.9866067,0.0014074822,31858843,planet
1670.4582320539953,0.9892519,0.001408311,31858843,planet
1670.4596209450854,0.9885717,0.0014080825,31858843,planet
1670.4610098361754,0.98794216,0.0014076307,31858843,planet
1670.4623987272666,0.9860645,0.00140671,31858843,planet
1670.4637876178913,0.9880926,0.0014080661,31858843,planet
1670.465176508982,0.98901653,0.0014083196,31858843,planet
1670.4665654000737,0.98720807,0.0014078707,31858843,planet
1670.467954291164,0.9887219,0.001407623,31858843,planet
1670.4693431822543,0.98765695,0.0014078894,31858843,planet
1670.470732073345,0.98704684,0.0014080208,31858843,planet
1670.4721209644367,0.9903193,0.0014087823,31858843,planet
1670.473509855528,0.9879502,0.0014086462,31858843,planet
1670.4748987466182,0.9875082,0.0014087292,31858843,planet
1670.476287637709,0.98647195,0.0014076785,31858843,planet
1670.4776765287993,0.98988086,0.001409137,31858843,planet
1670.479065419424,0.98677135,0.0014075517,31858843,planet
1670.4804543105156,0.98886484,0.0014080922,31858843,planet
1670.4818432016064,0.9879693,0.0014080519,31858843,planet
1670.4832320926967,0.9874564,0.0014079962,31858843,planet
1670.4846209837879,0.98811924,0.0014081908,31858843,planet
1670.486009874878,0.9862921,0.0014078205,31858843,planet
1670.487398765968,0.9886473,0.0014080284,31858843,planet
1670.4887876570597,0.9870394,0.0014085176,31858843,planet
1670.4901765476852,0.99102604,0.001409812,31858843,planet
1670.4915654387755,0.9872249,0.0014090436,31858843,planet
1670.4929543298663,0.9880949,0.0014092709,31858843,planet
1670.4943432209566,0.989811,0.0014102196,31858843,planet
1670.4957321120469,0.9879416,0.0014093446,31858843,planet
1670.4971210031385,0.9880503,0.0014093798,31858843,planet
1670.4985098942293,0.98730266,0.0014093644,31858843,planet
1670.4998987853196,0.98872423,0.0014100798,31858843,planet
1670.5012876759452,0.9908284,0.0014102537,31858843,planet
1670.5026765670352,0.99010533,0.0014096608,31858843,planet
1670.5040654581262,0.98957276,0.001411105,31858843,planet
1670.5054543492179,0.98996955,0.0014110215,31858843,planet
1670.5068432403082,0.9881583,0.0014104099,31858843,planet
1670.5082321313985,0.987887,0.0014099291,31858843,planet
1670.5096210220236,0.9899297,0.0014112357,31858843,planet
1670.5110099131139,0.9887632,0.0014106263,31858843,planet
1670.5123988042048,0.9893578,0.0014113429,31858843,planet
1670.5137876952963,0.98982614,0.0014111262,31858843,planet
1670.5151765863866,0.9910005,0.0014119511,31858843,planet
1670.516565477477,0.9913193,0.0014124982,31858843,planet
1670.5179543681024,0.99188906,0.0014127883,31858843,planet
1670.5193432591927,0.99222606,0.0014132982,31858843,planet
1670.5207321502835,0.99393415,0.0014141916,31858843,planet
1670.5221210413752,0.9949488,0.0014145426,31858843,planet
1670.5235099324655,0.993968,0.0014144874,31858843,planet
1670.52489882309,0.9975213,0.0014158658,31858843,planet
1670.5262877141809,0.997998,0.0014167548,31858843,planet
1670.5276766052712,0.9966627,0.0014151118,31858843,planet
1670.5290654963624,0.998829,0.0014180823,31858843,planet
1670.5304543874538,0.99990237,0.0014181483,31858843,planet
1670.5318432780782,0.99984545,0.0014178194,31858843,planet
1670.5332321691685,1.0005745,0.0014187195,31858843,planet
1670.5346210602597,1.0001415,0.0014179287,31858843,planet
1670.5360099513505,1.000045,0.0014189576,31858843,planet
1670.5373988424417,0.99865067,0.0014172788,31858843,planet
1670.5387877330668,0.99714166,0.0014176574,31858843,planet
1670.5401766241575,0.9989028,0.0014177903,31858843,planet
1670.5415655152478,1.0015178,0.0014196538,31858843,planet
1670.5429544063381,0.9978779,0.0014180072,31858843,planet
1670.5443432969641,0.9999241,0.0014180724,31858843,planet
1670.5457321880554,0.9992809,0.0014183051,31858843,planet
1670.5471210791457,0.99909025,0.0014189151,31858843,planet
1670.5485099702364,0.99845,0.001417886,31858843,planet
1670.5498988613267,1.0008969,0.0014199703,31858843,planet
1670.5512877519513,1.0005357,0.0014186569,31858843,planet
1670.552676643043,0.99849856,0.0014186404,31858843,planet
1670.5540655341338,0.9996542,0.0014183243,31858843,planet
1670.555454425224,0.99895394,0.0014185051,31858843,planet
1670.5568433158494,0.9994659,0.0014189105,31858843,planet
1670.5582322069395,0.99684274,0.0014186145,31858843,planet
1670.5596210980298,0.99993914,0.0014196747,31858843,planet
1670.5610099891214,1.0004165,0.0014187312,31858843,planet
1670.562398879747,1.0021006,0.0014205871,31858843,planet
1670.5637877708373,0.99941736,0.0014193283,31858843,planet
1670.565176661928,0.99699944,0.0014182916,31858843,planet
1670.5665655525527,1.0001082,0.0014199769,31858843,planet
1670.5679544436434,1.0014181,0.0014199977,31858843,planet
1670.569343334735,1.0002427,0.0014202805,31858843,planet
1670.5707322258254,0.9987209,0.0014191926,31858843,planet
1670.57212111645,0.99919355,0.0014186022,31858843,planet
1670.5735100075412,1.0012095,0.0014202072,31858843,planet
1670.5748988986313,0.9988645,0.0014201994,31858843,planet
1670.5762877892566,1.0009255,0.0014208149,31858843,planet
1670.5776766803483,0.9994013,0.0014201964,31858843,planet
1670.5790655714386,0.9996268,0.0014202166,31858843,planet
1670.580454462529,1.0001405,0.00142034,31858843,planet
1670.581843353154,0.9989069,0.0014198276,31858843,planet
1670.5832322442443,0.99920774,0.00142033,31858843,planet
1670.584621135335,1.000281,0.0014204103,31858843,planet
1670.586010025961,0.99952215,0.0014204994,31858843,planet
1670.5873989170514,1.0008562,0.0014208218,31858843,planet
1670.5887878081417,0.999687,0.0014204718,31858843,planet
1670.5901766987672,0.9972146,0.0014196966,31858843,planet
1670.591565589858,1.000354,0.0014208882,31858843,planet
1670.5929544809487,0.9992038,0.0014210072,31858843,planet
1670.5943433715743,1.0001287,0.0014208192,31858843,planet
1670.5957322626646,1.0006204,0.0014215,31858843,planet
1670.5971211537549,1.000633,0.0014210033,31858843,planet
1670.59851004438,1.0012325,0.0014209856,31858843,planet
1670.5998989354712,0.9988288,0.0014210107,31858843,planet
1670.601287826562,1.0010078,0.0014211421,31858843,planet
1670.602676717187,1.0002836,0.0014213556,31858843,planet
1670.6040656082773,0.9991957,0.0014210801,31858843,planet
1670.6054544993676,0.9991225,0.0014203498,31858843,planet
1670.6068433899932,1.0014663,0.0014224001,31858843,planet
1670.6082322810848,0.99854445,0.0014209211,31858843,planet
1670.6096211721756,1.0002999,0.0014207113,31858843,planet
1670.6110100628002,0.99925804,0.0014208391,31858843,planet
1670.612398953891,0.9999741,0.0014218638,31858843,planet
1670.6137878449813,1.0010059,0.0014216661,31858843,planet
1670.615176735606,1.0003465,0.001420868,31858843,planet
1670.6165656266976,0.99989796,0.0014218495,31858843,planet
1670.617954517323,0.9995281,0.0014207198,31858843,planet
1670.619343408413,0.99987996,0.0014214275,31858843,planet
1670.6207322995042,0.99824953,0.001420327,31858843,planet
1670.6221211901288,1.0013363,0.0014220056,31858843,planet
1670.6235100812196,1.0019708,0.0014223936,31858843,planet
1670.6248989723113,1.0019873,0.0014222639,31858843,planet
1670.626287862936,0.9997076,0.0014215354,31858843,planet
1670.6276767540262,1.0007913,0.0014214102,31858843,planet
1670.6290656446513,1.0005279,0.0014221383,31858843,planet
1670.6304545357416,0.9994208,0.0014210723,31858843,planet
1670.6318434268328,0.99935615,0.0014212818,31858843,planet
1670.6332323174588,1.0002321,0.0014216219,31858843,planet
1670.634621208549,1.0006272,0.0014217044,31858843,planet
1670.6360100991735,1.0012357,0.0014225694,31858843,planet
1670.6373989902645,0.998417,0.0014214285,31858843,planet
1670.6387878813548,0.9996727,0.0014209241,31858843,planet
1670.64017677198,1.0001173,0.001420848,31858843,planet
1670.6415656630716,0.99969673,0.001420554,31858843,planet
1670.6429545536962,0.99917644,0.0014205165,31858843,planet
1670.6443434447865,0.9997523,0.0014218899,31858843,planet
1670.6457323354118,1.0006405,0.0014216895,31858843,planet
1670.647121226502,1.0010904,0.0014216579,31858843,planet
1670.648510117593,0.9996464,0.0014210567,31858843,planet
1670.649899008219,1.000345,0.0014209786,31858843,planet
1670.6512878993094,0.9983073,0.0014206524,31858843,planet
1670.652676789934,1.0002319,0.0014206591,31858843,planet
1670.6540656810248,0.9980853,0.0014198273,31858843,planet
1670.65545457165,0.9997522,0.0014205333,31858843,planet
1670.656843462741,0.99995816,0.0014204489,31858843,planet
1670.6582323538319,0.9997897,0.0014210198,31858843,planet
1670.6596212444565,0.9991906,0.001421005,31858843,planet
1670.6610101355468,1.0015628,0.0014218901,31858843,planet
1670.6623990261721,1.0021735,0.0014215888,31858843,planet
1670.663787917263,1.0014716,0.0014212673,31858843,planet
1670.6651768078882,0.99878705,0.0014204873,31858843,planet
1670.6665656989794,0.99923223,0.0014208416,31858843,planet
1670.667954589604,1.0010211,0.0014208995,31858843,planet
1670.6693434806944,0.9990801,0.0014199271,31858843,planet
1670.6707323713194,1.0002012,0.0014205648,31858843,planet
1670.6721212624104,0.9988954,0.0014203595,31858843,planet
1670.6735101530357,1.0005537,0.0014208504,31858843,planet
1670.6748990441265,0.9974686,0.0014185209,31858843,planet
1670.676287934752,1.000117,0.0014207596,31858843,planet
1670.6776768258424,1.0010215,0.001420751,31858843,planet
1670.679065716467,0.99793005,0.0014203344,31858843,planet
1670.6804546075584,1.0017562,0.0014211346,31858843,planet
1670.6818434981838,1.0013999,0.0014211547,31858843,planet
1670.683232389274,0.99902636,0.0014196418,31858843,planet
1670.6846212798991,0.99872667,0.0014206105,31858843,planet
1670.6860101709894,0.9993669,0.0014202676,31858843,planet
1670.687399061615,0.9998551,0.0014184761,31858843,planet
1670.6887879527067,0.99881196,0.0014203492,31858843,planet
1670.690176843331,1.0003575,0.0014188599,31858843,planet
1670.6915657344211,1.0010563,0.0014204937,31858843,planet
1670.6929546250467,0.9989868,0.0014188363,31858843,planet
1670.694343516137,1.0000244,0.0014189869,31858843,planet
1670.695732406762,0.99858433,0.0014197079,31858843,planet
1670.6971212978538,0.99771917,0.0014182297,31858843,planet
1670.6985101884784,0.99935925,0.001419409,31858843,planet
1670.6998990795687,0.99860317,0.0014187301,31858843,planet
1670.7012879701938,1.0007803,0.0014202982,31858843,planet
1670.702676861284,1.0004863,0.0014200653,31858843,planet
1670.7040657519096,1.0003442,0.0014197839,31858843,planet
1670.7054546430013,1.0018712,0.0014210213,31858843,planet
1670.7068435336257,0.9995026,0.0014192075,31858843,planet
1670.7082324242501,1.0009449,0.0014199741,31858843,planet
1670.7096213153413,1.0008167,0.0014199523,31858843,planet
1670.711010205966,1.00017,0.0014191193,31858843,planet
1670.7123990970567,0.9984532,0.001418752,31858843,planet
1670.7137879876827,0.9991897,0.0014191262,31858843,planet
1670.715176878773,0.99821186,0.0014195166,31858843,planet
1670.7165657693977,0.9975992,0.0014182865,31858843,planet
1670.7179546604884,0.9990886,0.001418553,31858843,planet
1670.719343551114,0.99887913,0.0014195134,31858843,planet
1670.720732441739,1.0001982,0.0014193956,31858843,planet
1670.7221213328303,1.0023715,0.0014190316,31858843,planet
1670.723510223455,0.99874663,0.0014189081,31858843,planet
1670.724899114545,1.0011793,0.0014198701,31858843,planet
1670.7262880051703,1.0006562,0.0014199672,31858843,planet
1670.7276768957954,1.001388,0.0014194398,31858843,planet
1670.7290657868866,1.0001816,0.0014193885,31858843,planet
1670.7304546775117,0.99642223,0.0014168059,31858843,planet
1670.731843568602,0.9997242,0.0014188404,31858843,planet
1670.7332324592267,1.0000671,0.0014190006,31858843,planet
1670.7346213503174,0.99753153,0.0014177267,31858843,planet
1670.736010240943,0.9989792,0.0014180737,31858843,planet
1670.737399131568,0.9998624,0.001418014,31858843,planet
1670.7387880226593,0.9979916,0.0014188855,31858843,planet
1670.740176913284,1.0009202,0.0014183841,31858843,planet
1670.7415658039083,1.0026618,0.0014196523,31858843,planet
1670.7429546949998,0.9997201,0.0014188237,31858843,planet
1670.7443435856258,0.99964255,0.0014188493,31858843,planet
1670.745732476716,1.0009341,0.0014185592,31858843,planet
1670.7471213673407,1.0000947,0.0014185476,31858843,planet
1670.7485102579662,0.9970936,0.0014171558,31858843,planet
1670.7498991490565,1.0002083,0.0014193413,31858843,planet
1670.7512880396816,0.9987959,0.0014178202,31858843,planet
1670.7526769303076,0.99980074,0.0014190357,31858843,planet
1670.754065821398,0.999504,0.0014180681,31858843,planet
1670.7554547120226,0.9997724,0.0014179782,31858843,planet
1670.7568436026477,1.0006748,0.0014193676,31858843,planet
1670.758232493738,1.0000876,0.0014191509,31858843,planet
1670.7596213843635,0.9993012,0.0014181979,31858843,planet
1670.761010275455,0.9994435,0.001418809,31858843,planet
1670.7623991660794,1.0001758,0.0014194739,31858843,planet
1670.763788056704,0.99951756,0.0014175498,31858843,planet
1670.7651769477952,1.0000474,0.001419002,31858843,planet
1670.7665658384199,0.99830127,0.0014176713,31858843,planet
1670.767954729045,0.9996647,0.0014180514,31858843,planet
1670.7693436201366,0.9981428,0.0014171465,31858843,planet
1670.7707325107613,1.0002242,0.00141952,31858843,planet
1670.772121401386,1.0003406,0.0014189876,31858843,planet
1670.773510292011,1.0011921,0.0014196371,31858843,planet
1670.7748991831022,1.0010751,0.0014198064,31858843,planet
1670.7762880737273,1.0001986,0.0014189449,31858843,planet
1670.7776769643526,1.0013357,0.0014191865,31858843,planet
1670.7790658554427,0.99886817,0.001418751,31858843,planet
1670.7804547460673,1.000035,0.0014198044,31858843,planet
1670.7818436366929,1.0010985,0.0014195594,31858843,planet
1670.7832325277836,1.0022494,0.0014201786,31858843,planet
1670.7846214184092,1.002218,0.0014193193,31858843,planet
1670.7860103090343,0.9983765,0.0014185503,31858843,planet
1670.787399199659,1.0000771,0.0014193732,31858843,planet
1670.7887880907492,0.9979609,0.0014186979,31858843,planet
1670.7901769813743,1.0022664,0.0014198222,31858843,planet
1670.7915658719999,0.99806106,0.0014184086,31858843,planet
1670.7929547630906,1.0001993,0.0014198599,31858843,planet
1670.7943436537162,1.0018307,0.001419604,31858843,planet
1670.7957325443406,1.0010206,0.0014195521,31858843,planet
1670.797121434965,1.0004495,0.0014197058,31858843,planet
1670.7985103260562,1.0016662,0.0014200666,31858843,planet
1670.7998992166813,1.0000324,0.0014192071,31858843,planet
1670.8012881073068,1.0018291,0.0014205188,31858843,planet
1670.802676997932,0.9981344,0.0014187349,31858843,planet
1670.8040658890222,1.0004178,0.0014203073,31858843,planet
1670.8054547796469,1.0008373,0.0014199874,31858843,planet
1670.8068436702729,0.998889,0.0014180817,31858843,planet
1670.808232560898,0.99783593,0.0014185639,31858843,planet
1670.8096214519883,0.99994314,0.0014204116,31858843,planet
1670.8110103426138,1.0026107,0.0014201512,31858843,planet
1670.812399233239,0.99877757,0.0014193157,31858843,planet
1670.8137881238636,0.9987706,0.0014199426,31858843,planet
1670.8151770149543,0.9999525,0.0014187114,31858843,planet
1670.8165659055803,1.0008328,0.0014194038,31858843,planet
1670.817954796205,1.0006273,0.0014197887,31858843,planet
1670.8193436868296,1.0016127,0.0014197862,31858843,planet
1670.8207325779208,1.0009762,0.0014202045,31858843,planet
1670.8221214685452,1.0011857,0.0014207376,31858843,planet
1670.8235103591705,1.0007676,0.0014206471,31858843,planet
1670.8248992497965,0.9986175,0.0014196928,31858843,planet
1670.8262881404212,0.9989947,0.0014186975,31858843,planet
1670.8276770315115,0.9995426,0.0014202683,31858843,planet
1670.8290659221366,0.99899936,0.0014193134,31858843,planet
1670.8304548127612,1.0001532,0.001420107,31858843,planet
1670.8318437033863,1.0036458,0.0014219818,31858843,planet
1670.8332325940123,1.0009687,0.001421118,31858843,planet
1670.8346214851026,1.000878,0.0014212934,31858843,planet
1670.8360103757273,1.0019499,0.001421255,31858843,planet
1670.8373992663528,0.9998456,0.0014203582,31858843,planet
1670.838788156978,0.9972497,0.0014187326,31858843,planet
1670.8401770476032,1.0002612,0.0014208156,31858843,planet
1670.8415659386942,1.0030117,0.0014214066,31858843,planet
1670.8429548293188,0.99930423,0.0014204029,31858843,planet
1670.8443437199435,1.0001901,0.0014206913,31858843,planet
1670.8457326105686,1.0007904,0.0014203709,31858843,planet
1670.8471215011941,0.99942565,0.001420464,31858843,planet
1670.8485103918192,0.9996429,0.0014208923,31858843,planet
1670.84989928291,1.0011889,0.0014215172,31858843,planet
1670.8512881735346,1.0007849,0.0014205393,31858843,planet
1670.8526770641593,0.9988728,0.0014199382,31858843,planet
1670.8540659547848,0.9986044,0.0014195604,31858843,planet
1670.85545484541,1.0023298,0.0014220233,31858843,planet
1670.8568437360352,1.0003093,0.0014215775,31858843,planet
1670.8582326266605,1.0003908,0.0014208221,31858843,planet
1670.8596215177508,0.99998355,0.0014213416,31858843,planet
1670.8610104083755,0.9995505,0.0014207074,31858843,planet
1670.8623992990015,1.0007193,0.0014211,31858843,planet
1670.8637881896266,1.0004554,0.001420791,31858843,planet
1670.8651770802512,1.0000491,0.0014208916,31858843,planet
1670.8665659708765,1.0016865,0.0014213758,31858843,planet
1670.867954861501,0.999609,0.0014204195,31858843,planet
1670.8693437521256,1.0030644,0.0014217363,31858843,planet
1670.8707326432173,0.9995527,0.0014201611,31858843,planet
1670.8721215338428,1.0010253,0.0014199778,31858843,planet
1670.8735104244674,1.0001842,0.0014207758,31858843,planet
1670.8748993150925,1.0011518,0.001421428,31858843,planet
1670.8762882057176,0.99831873,0.0014202116,31858843,planet
1670.8776770963423,1.0004046,0.0014193774,31858843,planet
1670.8790659869678,1.0009941,0.0014204626,31858843,planet
1670.8804548775938,1.000719,0.0014209207,31858843,planet
1670.8818437682185,1.0008883,0.0014214424,31858843,planet
1670.883232658843,1.0004264,0.0014200085,31858843,planet
1670.8846215499339,1.002845,0.0014212374,31858843,planet
1670.8860104405585,0.9994756,0.0014205045,31858843,planet
1670.8873993311836,1.0010358,0.0014209454,31858843,planet
1670.8887882218096,1.0017109,0.001422464,31858843,planet
1670.8901771124342,1.0016105,0.0014215211,31858843,planet
1670.8915660030589,1.0004654,0.0014203538,31858843,planet
1670.8929548936842,1.0008506,0.001420422,31858843,planet
1670.8943437843095,1.0026278,0.0014214512,31858843,planet
1670.8957326749346,1.0011208,0.0014206643,31858843,planet
1670.8971215655602,1.0001068,0.0014198293,31858843,planet
1670.8985104561848,1.0005529,0.001419857,31858843,planet
1670.8998993468094,0.9997475,0.0014199342,31858843,planet
1670.9012882374345,1.000429,0.0014204684,31858843,planet
1670.9026771280596,1.0009339,0.0014196883,31858843,planet
1670.9040660186852,0.99802405,0.0014191222,31858843,planet
1670.9054549093103,1.0012624,0.0014199807,31858843,planet
1670.9068438004006,0.99914265,0.0014192382,31858843,planet
1670.9082326910252,0.998179,0.0014188784,31858843,planet
1670.9096215816508,0.99887794,0.001419869,31858843,planet
1670.9110104722758,1.0005021,0.0014189371,31858843,planet
1670.912399362901,0.9986898,0.0014186952,31858843,planet
1670.9137882535265,0.9999229,0.0014190613,31858843,planet
1670.9151771441511,1.0012836,0.0014200796,31858843,planet
1670.9165660347758,1.0009526,0.0014198689,31858843,planet
1670.9179549254009,0.99936235,0.00141896,31858843,planet
1670.9193438160262,1.0027035,0.0014197498,31858843,planet
1670.9207327066515,0.9986161,0.0014181619,31858843,planet
1670.9221215972766,0.99982005,0.0014183163,31858843,planet
1670.9235104879012,0.9995335,0.00141895,31858843,planet
1670.9248993785259,0.9992082,0.0014187736,31858843,planet
1670.9262882691519,0.9999314,0.0014188279,31858843,planet
1670.9276771597772,1.0004507,0.0014192675,31858843,planet
1670.9290660504016,1.0022238,0.001418798,31858843,planet
1670.9304549410272,0.99696714,0.0014174756,31858843,planet
1670.9318438316518,0.99862653,0.0014180369,31858843,planet
1670.9332327222764,1.0014385,0.0014190333,31858843,planet
1670.9346216129024,1.0011406,0.0014186094,31858843,planet
1670.9360105035275,1.0029556,0.001420295,31858843,planet
1670.9373993941522,1.0015554,0.0014185403,31858843,planet
1670.9387882847773,0.99904025,0.0014183077,31858843,planet
1670.940177175402,0.99987805,0.0014165401,31858843,planet
1670.9415660660266,1.001177,0.001417647,31858843,planet
1670.9429549566526,1.0005221,0.0014179266,31858843,planet
1670.944343846813,0.99881744,0.0014172493,31858843,planet
1670.9457327374375,0.9988127,0.0014167065,31858843,planet
1670.9471216280622,0.9999241,0.001417736,31858843,planet
1670.9485105186873,0.99933565,0.0014168259,31858843,planet
1670.949899409312,1.0008986,0.0014174889,31858843,planet
1670.9512882999375,1.0011647,0.0014171721,31858843,planet
1670.9526771905635,1.0002073,0.0014165719,31858843,planet
1670.9540660811879,1.0006286,0.0014169373,31858843,planet
1670.9554549718123,0.99741393,0.001415418,31858843,planet
1670.9568438624378,0.99813825,0.0014162633,31858843,planet
1670.958232753063,1.0003359,0.0014157017,31858843,planet
1670.9596216436885,0.9986756,0.001415643,31858843,planet
1670.9610105343136,1.0001035,0.001416312,31858843,planet
1670.9623994249382,1.0002197,0.0014151466,31858843,planet
1670.9637883155629,1.0001508,0.0014159404,31858843,planet
1670.9651772057223,1.0002016,0.0014161664,31858843,planet
1670.9665660963478,0.99713737,0.0014144451,31858843,planet
1670.967954986973,1.0012406,0.0014160501,31858843,planet
1670.9693438775985,1.0029727,0.0014171388,31858843,planet
1670.9707327682231,0.99827373,0.0014142237,31858843,planet
1670.9721216588475,1.0009615,0.0014151406,31858843,planet
1670.9735105494728,1.0019164,0.0014167723,31858843,planet
1670.974899440098,1.0002902,0.0014154284,31858843,planet
1670.9762883307235,0.99958706,0.0014142004,31858843,planet
1670.9776772213486,0.99765915,0.0014139826,31858843,planet
1670.9790661115076,1.0007819,0.0014144379,31858843,planet
1670.9804550021322,1.0004936,0.0014149189,31858843,planet
1670.9818438927573,1.001744,0.0014153614,31858843,planet
1670.9832327833828,1.0005647,0.0014145201,31858843,planet
1670.984621674008,1.0002582,0.001414355,31858843,planet
1670.9860105646335,1.0012062,0.0014152155,31858843,planet
1670.9873994552581,0.99828875,0.001412582,31858843,planet
1670.9887883458828,1.0002575,0.0014137772,31858843,planet
1670.9901772360429,1.0010704,0.0014144287,31858843,planet
1670.9915661266682,1.0006307,0.0014139423,31858843,planet
1670.9929550172928,1.002291,0.0014145491,31858843,planet
1670.994343907918,0.9993909,0.0014124238,31858843,planet
1670.9957327985426,1.0004537,0.0014145828,31858843,planet
1670.9971216891672,0.99934787,0.0014134176,31858843,planet
1670.9985105797932,0.9990784,0.0014129224,31858843,planet
1670.9998994699529,1.0003265,0.0014136836,31858843,planet
1671.0012883605773,1.0000806,0.0014122888,31858843,planet
1671.0026772512028,1.0033647,0.0014148193,31858843,planet
1671.0040661418275,1.0003301,0.0014117089,31858843,planet
1671.0054550324521,0.9992254,0.001411946,31858843,planet
1671.0068439226125,0.9990927,0.001412791,31858843,planet
1671.0082328132376,0.9987055,0.0014115125,31858843,planet
1671.0096217038622,1.0015941,0.0014130687,31858843,planet
1671.0110105944873,0.99928606,0.0014123103,31858843,planet
1671.0123994851128,1.0014733,0.0014129147,31858843,planet
1671.013788375738,0.9996435,0.001412038,31858843,planet
1671.0151772658978,1.0017151,0.0014123619,31858843,planet
1671.016566156523,1.0024053,0.0014131754,31858843,planet
1671.0179550471476,0.999018,0.0014115019,31858843,planet
1671.0193439377722,0.99924916,0.0014122009,31858843,planet
1671.0207328283973,1.0004056,0.0014121233,31858843,planet
1671.0221217185572,0.9997985,0.0014117591,31858843,planet
1671.0235106091823,1.0005538,0.0014115338,31858843,planet
1671.0248994998078,0.99907875,0.0014111713,31858843,planet
1671.0262883904322,1.0007957,0.0014115414,31858843,planet
1671.027677280591,1.0000385,0.0014111395,31858843,planet
1671.0290661712165,1.0003235,0.0014113883,31858843,planet
1671.0304550618416,0.99951583,0.001411418,31858843,planet
1671.0318439524672,1.0020586,0.0014117034,31858843,planet
1671.0332328430923,0.9999056,0.0014100419,31858843,planet
1671.0346217332512,0.999426,0.0014103224,31858843,planet
1671.0360106238759,1.000492,0.0014113382,31858843,planet
1671.037399514501,0.9997067,0.0014108121,31858843,planet
1671.0387884051265,1.001855,0.0014110822,31858843,planet
1671.040177295286,0.9993607,0.001411289,31858843,planet
1671.0415661859115,0.9978516,0.0014091213,31858843,planet
1671.042955076536,0.99943,0.0014103141,31858843,planet
1671.0443439671603,0.99936086,0.0014102192,31858843,planet
1671.0457328573207,1.0040087,0.0014123745,31858843,planet
1671.0471217479462,1.0013537,0.001410265,31858843,planet
1671.0485106385709,1.001104,0.0014107444,31858843,planet
1671.0498995287303,1.0009122,0.0014105986,31858843,planet
1671.051288419355,0.99938333,0.001409862,31858843,planet
1671.0526773099796,0.99853843,0.0014098311,31858843,planet
1671.0540662006056,1.00002,0.0014097213,31858843,planet
1671.055455090765,0.99907804,0.0014103418,31858843,planet
1671.0568439813896,1.0028434,0.0014113748,31858843,planet
1671.0582328720152,1.0004536,0.0014099648,31858843,planet
1671.0596217621742,1.0014791,0.0014110394,31858843,planet
1671.0610106527986,1.0002736,0.001410053,31858843,planet
1671.0623995434244,1.0010952,0.0014104329,31858843,planet
1671.06378843405,0.9969438,0.0014096743,31858843,planet
1671.065177324209,1.004428,0.0014119113,31858843,planet
1671.066566214834,0.9986498,0.0014097446,31858843,planet
1671.0679551054586,0.9993404,0.0014101194,31858843,planet
1671.0693439956176,1.0002376,0.0014097608,31858843,planet
1671.0707328862436,1.0003346,0.0014114997,31858843,planet
1671.0721217768687,0.9990897,0.0014098418,31858843,planet
1671.0735106670277,0.9991124,0.0014083367,31858843,planet
1671.0748995576532,0.99990034,0.0014106286,31858843,planet
1671.0762884482779,0.99978614,0.00141005,31858843,planet
1671.0776773384373,1.0024731,0.0014119353,31858843,planet
1671.0790662290633,0.99923754,0.0014098318,31858843,planet
1671.0804551196884,1.0006648,0.0014115693,31858843,planet
1671.0818440098474,1.0037724,0.0014115582,31858843,planet
1671.083232900472,0.9994966,0.001409502,31858843,planet
1671.0846217910976,1.0012298,0.0014106629,31858843,planet
1671.086010681257,0.99912226,0.0014097416,31858843,planet
1671.0873995718823,1.0019892,0.0014115036,31858843,planet
1671.0887884625076,1.0000726,0.0014111674,31858843,planet
1671.0901773526666,0.99978507,0.0014102993,31858843,planet
1671.0915662432913,0.9985545,0.0014104452,31858843,planet
1671.0929551339163,0.99921215,0.001409647,31858843,planet
1671.0943440240762,1.0002247,0.0014102099,31858843,planet
1671.0957329147013,0.9981049,0.0014104256,31858843,planet
1671.0971218048608,0.9983284,0.0014099254,31858843,planet
1671.0985106954854,0.99725384,0.0014103303,31858843,planet
1671.09989958611,0.99642956,0.0014091749,31858843,planet
1671.10128847627,1.0003482,0.0014117296,31858843,planet
1671.102677366895,0.9996406,0.0014105143,31858843,planet
1671.104066257055,0.999681,0.0014106066,31858843,planet
1671.10545514768,1.0002111,0.001411559,31858843,planet
1671.1068440383046,1.0004393,0.0014107899,31858843,planet
1671.1082329284636,1.0000899,0.00141075,31858843,planet
1671.1096218190896,1.0001203,0.0014115492,31858843,planet
1671.111010709249,0.9991549,0.0014094269,31858843,planet
1671.1123995998737,1.0030094,0.0014126706,31858843,planet
1671.113788490499,0.99837077,0.0014099232,31858843,planet
1671.1151773806578,1.0007267,0.0014111521,31858843,planet
1671.1165662712824,1.001,0.001411439,31858843,planet
1671.1179551614428,1.0033848,0.0014115655,31858843,planet
1671.1193440520683,0.9991071,0.0014112575,31858843,planet
1671.120732942693,0.99958265,0.0014114734,31858843,planet
1671.1221218328524,0.9983036,0.0014111091,31858843,planet
1671.123510723477,0.9999993,0.0014110395,31858843,planet
1671.124899613636,1.0014035,0.0014121172,31858843,planet
1671.126288504262,1.0003306,0.0014117843,31858843,planet
1671.1276773944214,1.0007901,0.0014119226,31858843,planet
1671.129066285046,0.9982446,0.0014106784,31858843,planet
1671.130455175206,1.0033678,0.0014134235,31858843,planet
1671.1318440658304,0.9987353,0.001411188,31858843,planet
1671.1332329564557,0.9994399,0.0014114657,31858843,planet
1671.134621846616,0.99825436,0.0014112674,31858843,planet
1671.1360107372407,1.0008327,0.0014121006,31858843,planet
1671.1373996273996,0.9989746,0.0014118953,31858843,planet
1671.1387885180247,1.0002557,0.0014121193,31858843,planet
1671.1401774081837,0.9993037,0.0014113241,31858843,planet
1671.1415662988088,0.9999119,0.0014117804,31858843,planet
1671.1429551889692,0.9990187,0.0014116741,31858843,planet
1671.1443440795938,1.00062,0.0014118106,31858843,planet
1671.1457329697528,0.99995345,0.0014123621,31858843,planet
1671.1471218603783,1.000514,0.0014123046,31858843,planet
1671.1485107505378,0.9995755,0.0014114532,31858843,planet
1671.149899641163,1.0004836,0.0014123103,31858843,planet
1671.1512885313227,1.0008992,0.0014119867,31858843,planet
1671.1526774219478,1.0000622,0.0014116324,31858843,planet
1671.1540663121068,1.0013378,0.0014133675,31858843,planet
1671.1554552027314,0.99884593,0.001412251,31858843,planet
1671.1568440928913,0.99872774,0.0014120212,31858843,planet
1671.1582329835164,0.9998788,0.0014123137,31858843,planet
1671.1596218736759,0.99829084,0.0014116432,31858843,planet
1671.1610107643014,0.99628824,0.0014108461,31858843,planet
1671.1623996544604,0.9999404,0.0014126,31858843,planet
1671.163788545085,1.0024755,0.0014137545,31858843,planet
1671.1651774352454,1.0018514,0.0014125074,31858843,planet
1671.1665663258705,1.0001639,0.0014122551,31858843,planet
1671.1679552160294,1.0024425,0.0014135143,31858843,planet
1671.1693441061889,0.9990484,0.0014124886,31858843,planet
1671.1707329968135,1.0002779,0.0014131682,31858843,planet
1671.1721218869725,1.000122,0.0014126414,31858843,planet
1671.1735107775985,1.0000255,0.00141319,31858843,planet
1671.1748996677584,1.0006593,0.0014131783,31858843,planet
1671.1762885583828,0.9997278,0.0014115352,31858843,planet
1671.1776774485425,1.0010867,0.001413147,31858843,planet
1671.179066339167,0.9993545,0.0014121126,31858843,planet
1671.180455229326,0.99863446,0.0014121981,31858843,planet
1671.1818441194864,1.0019877,0.0014130491,31858843,planet
1671.1832330101115,1.0005949,0.0014126493,31858843,planet
1671.1846219002705,1.000759,0.0014128657,31858843,planet
1671.1860107908956,1.0020524,0.0014123459,31858843,planet
1671.1873996810546,1.0008839,0.0014132003,31858843,planet
1671.1887885716792,1.0001031,0.0014130506,31858843,planet
1671.1901774618395,1.0008599,0.0014122196,31858843,planet
1671.1915663519994,0.99974287,0.0014120153,31858843,planet
1671.1929552426238,0.9996388,0.0014120031,31858843,planet
1671.1943441327835,1.0004053,0.0014126145,31858843,planet
1671.1957330234081,1.0027778,0.0014143651,31858843,planet
1671.1971219135676,0.9981373,0.0014111036,31858843,planet
1671.198510803728,1.0007815,0.0014131881,31858843,planet
1671.1998996943526,1.0012561,0.001412659,31858843,planet
1671.2012885845115,0.9997242,0.0014122946,31858843,planet
1671.2026774751369,1.0000868,0.0014128139,31858843,planet
1671.2040663652956,1.0006152,0.0014129394,31858843,planet
1671.2054552554555,0.99833316,0.0014118454,31858843,planet
1671.2068441460815,1.0007093,0.0014123968,31858843,planet
1671.2082330362405,0.9986845,0.0014106503,31858843,planet
1671.2096219263994,0.99984646,0.0014128103,31858843,planet
1671.2110108170245,0.9996344,0.001411446,31858843,planet
1671.2123997071835,1.0009472,0.0014130838,31858843,planet
1671.2137885978086,1.0011387,0.0014124267,31858843,planet
1671.215177487969,1.0000727,0.0014114297,31858843,planet
1671.2165663781288,0.99991125,0.0014118439,31858843,planet
1671.2179552687535,0.9996192,0.0014120161,31858843,planet
1671.2193441589122,0.9975498,0.0014107231,31858843,planet
1671.220733049072,1.0020449,0.0014125704,31858843,planet
1671.222121939697,0.998188,0.0014107844,31858843,planet
1671.2235108298569,0.9991719,0.001412004,31858843,planet
1671.2248997200163,1.0017562,0.0014135918,31858843,planet
1671.226288610641,0.9994893,0.0014114542,31858843,planet
1671.2276775008,0.999038,0.001411545,31858843,planet
1671.2290663909603,0.99969125,0.00141215,31858843,planet
1671.2304552815854,1.0014251,0.0014124815,31858843,planet
1671.2318441717443,0.9993858,0.001411414,31858843,planet
1671.2332330619042,0.99941915,0.0014113163,31858843,planet
1671.2346219520632,1.0005833,0.001411727,31858843,planet
1671.2360108426878,1.0004756,0.0014116343,31858843,planet
1671.2373997328482,1.0010632,0.0014119081,31858843,planet
1671.2387886230076,1.0005565,0.0014116446,31858843,planet
1671.2401775136323,1.0006232,0.0014116806,31858843,planet
1671.2415664037917,1.0003918,0.0014109995,31858843,planet
1671.2429552939507,0.999532,0.0014105407,31858843,planet
1671.2443441845753,1.0009359,0.0014113348,31858843,planet
1671.2457330747357,1.0001096,0.0014103943,31858843,planet
1671.2471219648953,1.0004226,0.0014112805,31858843,planet
1671.248510855054,0.9994287,0.0014107527,31858843,planet
1671.2498997456796,0.9987546,0.0014099957,31858843,planet
1671.2512886358386,0.9986976,0.0014097665,31858843,planet
1671.2526775259976,1.0013914,0.0014110176,31858843,planet
1671.254066416158,1.0030209,0.0014119054,31858843,planet
1671.255455306783,1.00249,0.0014119486,31858843,planet
1671.256844196942,0.9993453,0.0014109535,31858843,planet
1671.2582330871014,1.0001476,0.0014103424,31858843,planet
1671.259621977726,1.0007925,0.0014099122,31858843,planet
1671.261010867886,1.0008237,0.0014110324,31858843,planet
1671.2623997580463,1.0007358,0.0014100943,31858843,planet
1671.263788648205,1.0010706,0.0014111049,31858843,planet
1671.2651775383638,1.0003846,0.0014100424,31858843,planet
1671.2665664289893,1.0022968,0.001410696,31858843,planet
1671.2679553191483,0.99868184,0.0014101237,31858843,planet
1671.2693442093077,1.0021006,0.0014104331,31858843,planet
1671.270733099468,1.000399,0.0014099528,31858843,planet
1671.2721219900927,1.0001003,0.0014100457,31858843,planet
1671.2735108802517,0.9990226,0.0014091544,31858843,planet
1671.2748997704111,0.9999547,0.0014082532,31858843,planet
1671.2762886605701,0.99897814,0.0014084878,31858843,planet
1671.27767755073,1.0012374,0.0014102014,31858843,planet
1671.279066441356,1.0004041,0.0014094901,31858843,planet
1671.280455331515,1.0050416,0.0014110361,31858843,planet
1671.2818442216737,1.0009791,0.0014095437,31858843,planet
1671.2832331118334,1.00282,0.0014104182,31858843,planet
1671.2846220019937,0.9991694,0.0014085756,31858843,planet
1671.2860108926188,1.0023297,0.0014102564,31858843,planet
1671.2873997827778,1.0004342,0.0014090881,31858843,planet
1671.2887886729377,0.99990124,0.001407785,31858843,planet
1671.2901775630964,1.0001527,0.0014083915,31858843,planet
1671.2915664532552,1.0032643,0.0014094587,31858843,planet
1671.2929553438812,0.9999746,0.0014074494,31858843,planet
1671.294344234041,1.0020142,0.0014089609,31858843,planet
1671.2957331242,0.99776447,0.0014075384,31858843,planet
1671.2971220143595,1.0003269,0.0014084831,31858843,planet
1671.2985109045185,0.9989855,0.0014070142,31858843,planet
1671.2998997946775,1.0022829,0.0014091438,31858843,planet
1671.3012886853035,1.0003631,0.001408526,31858843,planet
1671.302677575463,1.0010606,0.0014079482,31858843,planet
1671.3040664656219,1.0019995,0.0014082264,31858843,planet
1671.3054553557818,0.9996356,0.001406732,31858843,planet
1671.3068442459407,1.0014647,0.0014078382,31858843,planet
1671.3082331360995,1.0006385,0.001408029,31858843,planet
1671.3096220262596,1.0025063,0.0014093169,31858843,planet
1671.3110109168852,1.0004089,0.0014069913,31858843,planet
1671.3123998070441,1.0003191,0.0014069064,31858843,planet
1671.3137886972036,1.000849,0.0014080671,31858843,planet
1671.3151775873625,1.0003222,0.0014068122,31858843,planet
1671.3165664775224,1.0026886,0.0014083413,31858843,planet
1671.3179553676825,1.0014718,0.0014080893,31858843,planet
1671.3193442578413,1.002209,0.0014077744,31858843,planet
1671.3207331480003,1.0008413,0.0014070844,31858843,planet
1671.3221220381602,1.000381,0.0014067792,31858843,planet
1671.3235109287848,1.0005552,0.0014066336,31858843,planet
1671.3248998189442,0.99803257,0.001404522,31858843,planet
1671.3262887091046,1.0002184,0.0014061352,31858843,planet
1671.3276775992636,1.0034051,0.0014084438,31858843,planet
1671.3290664894225,0.9994869,0.001406479,31858843,planet
1671.330455379582,1.0012499,0.0014065912,31858843,planet
1671.331844269741,0.9995027,0.001406145,31858843,planet
1671.3332331599008,0.99890065,0.0014066148,31858843,planet
1671.334622050061,0.99916273,0.0014064711,31858843,planet
1671.3360109402197,0.9992165,0.0014062932,31858843,planet
1671.3373998303787,1.0003526,0.0014054426,31858843,planet
1671.3387887205386,0.9997879,0.0014054768,31858843,planet
1671.3401776111632,1.0012401,0.0014063743,31858843,planet
1671.3415665013226,1.00142,0.0014054769,31858843,planet
1671.342955391483,0.999811,0.0014055267,31858843,planet
1671.344344281642,0.9996293,0.0014061733,31858843,planet
1671.345733171801,1.0014406,0.0014056436,31858843,planet
1671.3471220619604,0.99971277,0.0014061426,31858843,planet
1671.3485109521203,1.0000486,0.0014060235,31858843,planet
1671.3498998422797,1.0008591,0.0014055433,31858843,planet
1671.3512887324396,1.00208,0.0014065136,31858843,planet
1671.352677622599,1.0023339,0.0014072212,31858843,planet
1671.354066512758,1.0019075,0.0014059719,31858843,planet
1671.355455402917,0.99965155,0.001404938,31858843,planet
1671.3568442930773,1.000282,0.0014051909,31858843,planet
1671.3582331832367,1.0020255,0.0014059502,31858843,planet
1671.3596220733957,1.0015798,0.0014057317,31858843,planet
1671.3610109635556,0.99892366,0.001403796,31858843,planet
1671.3623998537144,0.9988524,0.0014033293,31858843,planet
1671.363788743873,1.0016919,0.0014051254,31858843,planet
1671.3651776340334,0.99981385,0.001404742,31858843,planet
1671.3665665241933,1.0015261,0.001405999,31858843,planet
1671.3679554143523,1.0008341,0.0014046017,31858843,planet
1671.3693443045117,0.9986081,0.0014041428,31858843,planet
1671.3707331946707,0.9997653,0.0014041668,31858843,planet
1671.3721220848297,1.0001758,0.0014040782,31858843,planet
1671.37351097499,0.9987731,0.001403662,31858843,planet
1671.3748998651495,1.0002916,0.0014043949,31858843,planet
1671.3762887553085,1.0010258,0.0014046843,31858843,planet
1671.3776776454683,1.0016767,0.0014048296,31858843,planet
1671.379066535627,0.9986623,0.00140332,31858843,planet
1671.3804554257867,1.0020384,0.00140518,31858843,planet
1671.381844315947,1.0003015,0.0014044929,31858843,planet
1671.383233206106,1.0002953,0.0014044095,31858843,planet
1671.384622096265,0.9999049,0.0014044158,31858843,planet
1671.3860109864245,0.999233,0.001403262,31858843,planet
1671.3873998765835,0.99901515,0.0014039786,31858843,planet
1671.388788766743,1.0005298,0.0014036825,31858843,planet
1671.3901776569032,1.0023828,0.0014046052,31858843,planet
1671.3915665470622,1.0009851,0.0014039717,31858843,planet
1671.3929554367555,1.0009555,0.0014042824,31858843,planet
1671.3943443269154,1.0024875,0.0014047988,31858843,planet
1671.3957332170742,1.0006362,0.0014042235,31858843,planet
1671.3971221072338,1.000354,0.0014039382,31858843,planet
1671.3985109973942,0.9989257,0.0014037157,31858843,planet
1671.3998998875531,1.0009475,0.0014040224,31858843,planet
1671.4012887777121,1.0013832,0.0014045192,31858843,planet
1671.4026776678716,1.0008291,0.0014048804,31858843,planet
1671.4040665580314,0.9998721,0.0014040096,31858843,planet
1671.4054554481909,1.0001342,0.0014027137,31858843,planet
1671.4068443383503,1.0000271,0.0014035425,31858843,planet
1671.4082332285093,0.9991207,0.0014033798,31858843,planet
1671.4096221182026,1.0006574,0.0014038291,31858843,planet
1671.4110110083625,1.000119,0.001403917,31858843,planet
1671.412399898522,1.0010388,0.001404583,31858843,planet
1671.4137887886818,0.9996672,0.0014038027,31858843,planet
1671.4151776788412,0.99984556,0.0014037656,31858843,planet
1671.4165665690002,1.0008428,0.0014043271,31858843,planet
1671.4179554591592,0.99978256,0.0014043581,31858843,planet
1671.4193443493186,1.0004073,0.0014033382,31858843,planet
1671.420733239479,1.0012659,0.0014043858,31858843,planet
1671.4221221291732,0.9993034,0.0014040571,31858843,planet
1671.423511019332,0.99935204,0.001403621,31858843,planet
1671.4248999094916,1.000444,0.0014037594,31858843,planet
1671.4262887996506,1.000846,0.0014040498,31858843,planet
1671.4276776898096,1.000624,0.0014036285,31858843,planet
1671.42906657997,0.9996665,0.001405077,31858843,planet
1671.4304554701293,1.0006571,0.0014039429,31858843,planet
1671.4318443598227,1.0013404,0.0014046276,31858843,planet
1671.433233249982,0.9988449,0.0014028933,31858843,planet
1671.434622140141,0.99886024,0.001403002,31858843,planet
1671.436011030301,0.9990552,0.0014038277,31858843,planet
1671.4373999204613,0.9983778,0.001403958,31858843,planet
1671.4387888106203,1.0016886,0.0014044053,31858843,planet
1671.4401777003136,1.0020581,0.0014045673,31858843,planet
1671.441566590473,1.0002034,0.0014026304,31858843,planet
1671.442955480632,0.99937576,0.0014037302,31858843,planet
1671.4443443707914,0.9991417,0.0014028111,31858843,planet
1671.4457332609518,0.99872744,0.0014034786,31858843,planet
1671.447122150645,1.0009408,0.001404132,31858843,planet
1671.448511040804,1.0009872,0.0014042315,31858843,planet
1671.4498999309637,1.0016111,0.0014051966,31858843,planet
1671.4512888211225,1.0011553,0.001404783,31858843,planet
1671.4526777112824,0.998459,0.0014027789,31858843,planet
1671.454066600977,1.0011404,0.0014050803,31858843,planet
1671.455455491136,1.0010599,0.0014048764,31858843,planet
1671.456844381295,1.001399,0.0014039523,31858843,planet
1671.4582332714544,1.0018183,0.0014042229,31858843,planet
1671.4596221616134,0.9999156,0.0014032149,31858843,planet
1671.4610110513072,1.0003495,0.0014035797,31858843,planet
1671.4623999414675,0.9983491,0.001402339,31858843,planet
1671.4637888316265,0.99954903,0.0014037329,31858843,planet
1671.4651777217855,1.0014186,0.0014032554,31858843,planet
1671.4665666114797,0.9984342,0.0014033772,31858843,planet
1671.4679555016392,1.0003343,0.0014036957,31858843,planet
1671.4693443917986,1.0027375,0.0014056069,31858843,planet
1671.4707332819585,1.0007354,0.0014045443,31858843,planet
1671.4721221716518,0.9990267,0.0014028606,31858843,planet
1671.4735110618108,1.0029285,0.0014053877,31858843,planet
1671.4748999519702,1.0020362,0.0014053307,31858843,planet
1671.4762888421299,0.9986221,0.001403259,31858843,planet
1671.4776777318239,0.9994796,0.0014031827,31858843,planet
1671.4790666219833,0.9986732,0.0014025363,31858843,planet
1671.4804555121423,1.00057,0.0014037429,31858843,planet
1671.4818444018356,1.0014523,0.00140408,31858843,planet
1671.4832332919955,0.999709,0.0014033655,31858843,planet
1671.484622182155,1.0001813,0.0014044024,31858843,planet
1671.4860110723143,1.000618,0.0014039115,31858843,planet
1671.4873999620086,1.0004195,0.00140435,31858843,planet
1671.488788852168,1.0008358,0.001405193,31858843,planet
1671.490177742327,1.000716,0.0014032348,31858843,planet
1671.4915666320203,1.0009202,0.001404282,31858843,planet
1671.4929555221806,0.99909264,0.0014029935,31858843,planet
1671.4943444123403,1.0025275,0.0014049902,31858843,planet
1671.495733302499,0.9998804,0.0014034656,31858843,planet
1671.4971221921933,1.001311,0.0014045459,31858843,planet
1671.4985110823523,0.9992084,0.0014030589,31858843,planet
1671.4998999725117,0.99836165,0.001402602,31858843,planet
1671.5012888622064,1.0009136,0.0014044883,31858843,planet
1671.5026777523653,1.0001196,0.0014047052,31858843,planet
1671.5040666425243,0.99893224,0.001403573,31858843,planet
1671.505455532218,0.99919146,0.0014035337,31858843,planet
1671.506844422377,1.0000808,0.0014041137,31858843,planet
1671.508233312537,1.0007807,0.0014035244,31858843,planet
1671.5096222022316,1.0006459,0.0014043265,31858843,planet
1671.5110110923906,1.0012624,0.0014040959,31858843,planet
1671.5123999825494,1.0025463,0.001405558,31858843,planet
1671.5137888722434,0.9973987,0.0014032578,31858843,planet
1671.5151777624023,1.0000842,0.0014040958,31858843,planet
1671.5165666520961,0.9999185,0.0014044999,31858843,planet
1671.5179555422565,0.9991982,0.0014039881,31858843,planet
1671.5193444324154,0.9985088,0.0014043344,31858843,planet
1671.5207333221088,1.0005419,0.0014036763,31858843,planet
1671.5221222122682,0.9992822,0.00140408,31858843,planet
1671.5235111024272,1.0019561,0.0014056523,31858843,planet
1671.5248999921214,1.000422,0.0014049067,31858843,planet
1671.5262888822817,0.9982113,0.001403461,31858843,planet
1671.527677771975,1.0003982,0.0014054662,31858843,planet
1671.5290666621338,1.0008458,0.0014055035,31858843,planet
1671.5304555522935,1.0004323,0.0014054654,31858843,planet
1671.5318444419872,0.9997692,0.0014045626,31858843,planet
1671.5332333321471,0.99981487,0.0014044403,31858843,planet
1671.534622221841,1.000576,0.0014052268,31858843,planet
1671.5360111119999,1.0017523,0.0014057897,31858843,planet
1671.5374000021588,1.0000911,0.0014054507,31858843,planet
1671.5387888918528,0.9994322,0.0014046,31858843,planet
1671.5401777820125,1.0000647,0.0014052792,31858843,planet
1671.5415666717063,0.9994713,0.0014049779,31858843,planet
1671.5429555618662,1.0028254,0.0014066878,31858843,planet
1671.5443444515595,1.0013682,0.0014065912,31858843,planet
1671.5457333417185,1.0001719,0.0014054443,31858843,planet
1671.547122231878,1.0006274,0.0014063206,31858843,planet
1671.5485111215717,1.0014758,0.0014061988,31858843,planet
1671.5499000117316,1.0004151,0.0014057504,31858843,planet
1671.5512889014253,0.99916375,0.001405014,31858843,planet
1671.5526777915852,1.001131,0.0014060602,31858843,planet
1671.5540666812785,1.0011704,0.0014069016,31858843,planet
1671.555455571438,1.0013539,0.0014067742,31858843,planet
1671.5568444611326,1.0003052,0.0014068303,31858843,planet
1671.5582333512916,1.0023841,0.0014068462,31858843,planet
1671.559622240985,1.0023302,0.001406452,31858843,planet
1671.5610111311444,0.99962294,0.0014061793,31858843,planet
1671.5624000213033,1.0021046,0.0014067523,31858843,planet
1671.5637889109976,1.0001353,0.0014060563,31858843,planet
1671.5651778011577,0.9995024,0.0014059284,31858843,planet
1671.5665666908508,1.0007946,0.0014066107,31858843,planet
1671.5679555810098,1.0016813,0.001406096,31858843,planet
1671.569344470704,1.0022855,0.0014073501,31858843,planet
1671.570733360863,1.0005363,0.0014064964,31858843,planet
1671.5721222505567,0.99952143,0.00140464,31858843,planet
1671.573511140717,1.0033092,0.0014079083,31858843,planet
1671.5749000304104,0.99924093,0.0014053824,31858843,planet
1671.5762889205694,1.0021999,0.0014070603,31858843,planet
1671.5776778102631,0.99998516,0.0014057631,31858843,planet
1671.5790667004221,1.000641,0.0014068612,31858843,planet
1671.5804555901163,1.0007393,0.0014068534,31858843,planet
1671.5818444802767,1.0008873,0.0014069395,31858843,planet
1671.5832333699698,1.0026906,0.0014058973,31858843,planet
1671.5846222596629,1.003414,0.0014073555,31858843,planet
1671.5860111498228,1.0029045,0.0014068114,31858843,planet
1671.5874000395165,0.999791,0.0014059169,31858843,planet
1671.5887889296764,1.0003253,0.0014068971,31858843,planet
1671.5901778193702,1.0025961,0.0014065669,31858843,planet
1671.5915667095292,1.0030748,0.0014072242,31858843,planet
1671.5929555992225,1.0012722,0.0014074706,31858843,planet
1671.594344489382,1.0028137,0.0014066084,31858843,planet
1671.5957333790761,1.0015514,0.0014065157,31858843,planet
1671.5971222692356,1.0020142,0.001407264,31858843,planet
1671.5985111589298,1.0021094,0.001406923,31858843,planet
1671.5999000486229,1.0005299,0.0014071352,31858843,planet
1671.6012889387816,1.0003766,0.0014060668,31858843,planet
1671.6026778284759,0.99999136,0.0014070156,31858843,planet
1671.6040667186353,0.99896824,0.0014059426,31858843,planet
1671.6054556083295,1.0001109,0.001406357,31858843,planet
1671.606844498489,1.0020295,0.0014091028,31858843,planet
1671.6082333881823,1.0000471,0.0014063123,31858843,planet
1671.6096222778756,0.999913,0.0014071559,31858843,planet
1671.611011168035,1.0001413,0.0014068928,31858843,planet
1671.6124000577292,1.0022198,0.0014077087,31858843,planet
1671.6137889478887,1.0014006,0.0014065193,31858843,planet
1671.615177837583,1.0022415,0.0014072135,31858843,planet
1671.6165667272762,1.0018915,0.0014081401,31858843,planet
1671.617955617435,1.0013682,0.0014079178,31858843,planet
1671.6193445071294,1.0011036,0.0014066927,31858843,planet
1671.620733396824,0.999682,0.0014066605,31858843,planet
1671.622122286983,1.0015748,0.0014070255,31858843,planet
1671.6235111766764,1.0002105,0.0014065319,31858843,planet
1671.6249000668363,0.99853396,0.0014061757,31858843,planet
1671.6262889565294,0.99894625,0.0014058717,31858843,planet
1671.6276778462234,1.0019661,0.0014068766,31858843,planet
1671.6290667363837,1.0006279,0.0014073951,31858843,planet
1671.630455626077,0.99950975,0.001406313,31858843,planet
1671.6318445157704,0.9998361,0.0014063761,31858843,planet
1671.6332334059298,1.0023555,0.0014077732,31858843,planet
1671.634622295623,0.9999874,0.0014066447,31858843,planet
1671.6360111853169,1.0015135,0.0014065406,31858843,planet
1671.6374000754772,1.0006096,0.0014063455,31858843,planet
1671.6387889651705,1.0007522,0.0014064243,31858843,planet
1671.6401778548639,1.000067,0.0014063274,31858843,planet
1671.6415667450237,0.9988772,0.001406297,31858843,planet
1671.642955634717,0.99990696,0.0014071879,31858843,planet
1671.6443445244108,1.0014001,0.00140658,31858843,planet
1671.6457334145712,1.0023801,0.0014066154,31858843,planet
1671.6471223042645,0.99991745,0.0014057758,31858843,planet
1671.6485111939578,1.001387,0.0014062454,31858843,planet
1671.6499000841172,1.0000585,0.0014064779,31858843,planet
1671.6512889738115,1.0006233,0.0014062036,31858843,planet
1671.6526778635052,1.0023198,0.0014085223,31858843,planet
1671.654066753665,0.99887496,0.0014067787,31858843,planet
1671.655455643358,1.0013746,0.0014074263,31858843,planet
1671.6568445330513,0.99930316,0.0014061133,31858843,planet
1671.6582334227455,1.0014452,0.0014074864,31858843,planet
1671.659622312905,0.9996517,0.001406099,31858843,planet
1671.6610112025992,1.0014906,0.0014071837,31858843,planet
1671.662400092293,0.9997828,0.0014057496,31858843,planet
1671.6637889819863,1.0005091,0.0014071057,31858843,planet
1671.6651778721453,1.0027446,0.0014078754,31858843,planet
1671.666566761839,1.0004689,0.0014061034,31858843,planet
1671.6679556515332,0.9985326,0.0014064595,31858843,planet
1671.6693445416927,1.001266,0.0014070071,31858843,planet
1671.6707334313867,1.0021611,0.0014062953,31858843,planet
1671.6721223210798,0.9992638,0.0014062595,31858843,planet
1671.673511210773,1.0013514,0.0014063483,31858843,planet
1671.6749001009334,1.0002384,0.0014060441,31858843,planet
1671.6762889906277,1.0004526,0.0014066184,31858843,planet
1671.677677880321,1.0001124,0.0014060509,31858843,planet
1671.6790667700147,0.9992297,0.001406138,31858843,planet
1671.680455659708,1.0012256,0.0014065191,31858843,planet
1671.681844549867,1.0004114,0.001405997,31858843,planet
1671.6832334395617,1.0011355,0.0014071944,31858843,planet
1671.6846223292555,1.003125,0.0014071423,31858843,planet
1671.6860112189488,0.99905115,0.0014056237,31858843,planet
1671.6874001091087,1.0013351,0.0014066227,31858843,planet
1671.6887889988025,0.9994937,0.0014052504,31858843,planet
1671.6901778884958,1.0027004,0.0014063035,31858843,planet
1671.6915667781896,1.0002162,0.0014064487,31858843,planet
1671.6929556678842,1.0013158,0.0014064175,31858843,planet
1671.6943445580432,1.0031579,0.0014075512,31858843,planet
1671.6957334477365,1.0006763,0.0014057073,31858843,planet
1671.6971223374305,1.0005968,0.0014059696,31858843,planet
1671.6985112271236,0.9965454,0.0014038408,31858843,planet
1671.6999001168178,0.99791574,0.001405386,31858843,planet
1671.7012890065125,1.0007607,0.0014059455,31858843,planet
1671.7026778966715,1.0001704,0.0014065705,31858843,planet
1671.7040667863648,1.00015,0.0014056419,31858843,planet
1671.7054556760586,0.9997244,0.0014055164,31858843,planet
1671.7068445657526,0.9987038,0.0014059785,31858843,planet
1671.7082334554466,0.9981049,0.0014052894,31858843,planet
1671.7096223451404,0.9991721,0.0014043943,31858843,planet
1671.7110112352993,1.0013232,0.0014062847,31858843,planet
1671.7124001249927,1.0005138,0.0014057083,31858843,planet
1671.7137890146869,0.9964804,0.0014046717,31858843,planet
1671.7151779043807,1.0001367,0.001405768,31858843,planet
1671.7165667940744,0.99971056,0.001406084,31858843,planet
1671.7179556837687,1.0006112,0.001406002,31858843,planet
1671.719344573462,1.0024415,0.0014068901,31858843,planet
1671.720733463621,0.9993407,0.0014056086,31858843,planet
1671.7221223533147,0.9989901,0.0014052872,31858843,planet
1671.7235112430087,1.00019,0.0014059822,31858843,planet
1671.7249001327027,0.9988015,0.0014055663,31858843,planet
1671.7262890223965,1.0002762,0.0014062147,31858843,planet
1671.7276779120898,1.0027487,0.0014072817,31858843,planet
1671.7290668017831,0.9997997,0.0014054242,31858843,planet
1671.7304556914773,0.99960476,0.001404776,31858843,planet
1671.7318445811711,0.9981453,0.0014052764,31858843,planet
1671.7332334713308,0.9979759,0.0014047564,31858843,planet
1671.7346223610248,0.9966648,0.0014047797,31858843,planet
1671.736011250718,0.99917734,0.0014048138,31858843,planet
1671.7374001404114,0.9975672,0.0014047171,31858843,planet
1671.738789030106,1.0017338,0.0014060615,31858843,planet
1671.7401779197999,1.0013902,0.0014067863,31858843,planet
1671.7415668094932,0.9988666,0.001405703,31858843,planet
1671.742955699187,1.0001268,0.0014055164,31858843,planet
1671.7443445888803,0.9974755,0.0014045472,31858843,planet
1671.7457334785736,0.9992324,0.001405811,31858843,planet
1671.7471223682683,0.997849,0.0014053129,31858843,planet
1671.7485112579625,0.9990929,0.001405716,31858843,planet
1671.7499001476558,0.9991632,0.0014051575,31858843,planet
1671.7512890378152,0.99890506,0.0014054403,31858843,planet
1671.7526779275086,1.0011816,0.0014069234,31858843,planet
1671.7540668172019,1.0011555,0.0014072483,31858843,planet
1671.7554557068966,1.0024191,0.0014074517,31858843,planet
1671.7568445965912,1.0004393,0.0014067814,31858843,planet
1671.7582334862846,0.99925965,0.0014055491,31858843,planet
1671.7596223759776,0.99902683,0.0014054719,31858843,planet
1671.7610112656716,1.0029881,0.0014072587,31858843,planet
1671.762400155365,0.9997519,0.0014059801,31858843,planet
1671.7637890450587,0.99943805,0.0014059641,31858843,planet
1671.7651779347534,1.0013379,0.001407021,31858843,planet
1671.7665668244467,0.99822366,0.0014056413,31858843,planet
1671.76795571414,0.9990479,0.0014056582,31858843,planet
1671.7693446038338,0.9987603,0.001406154,31858843,planet
1671.770733493528,0.99998784,0.0014069141,31858843,planet
1671.7721223832218,0.9986163,0.0014059284,31858843,planet
1671.773511272916,1.0011919,0.0014078076,31858843,planet
1671.7749001626094,0.99972594,0.001406654,31858843,planet
1671.7762890523027,0.99894,0.0014058359,31858843,planet
1671.7776779419964,1.0007529,0.0014063638,31858843,planet
1671.7790668316902,0.9999208,0.0014070875,31858843,planet
1671.7804557213844,1.0004096,0.0014070887,31858843,planet
1671.7818446110782,0.9997844,0.0014071759,31858843,planet
1671.7832335007715,1.0003786,0.0014069636,31858843,planet
1671.7846223904648,0.9996296,0.001406725,31858843,planet
1671.7860112801588,0.998396,0.0014058592,31858843,planet
1671.7874001698528,0.9999786,0.0014075668,31858843,planet
1671.788789059081,1.0015467,0.0014084794,31858843,planet
1671.7901779487752,1.0000983,0.0014077366,31858843,planet
1671.7915668384685,0.99924654,0.0014068607,31858843,planet
1671.7929557281618,1.0002487,0.0014070875,31858843,planet
1671.7943446178556,0.999901,0.0014073838,31858843,planet
1671.7957335075494,1.0009304,0.0014076221,31858843,planet
1671.7971223972436,0.9987512,0.0014073085,31858843,planet
1671.7985112869374,0.9997328,0.0014079618,31858843,planet
1671.7999001766307,0.99965596,0.0014071552,31858843,planet
1671.801289066324,1.0002658,0.0014062276,31858843,planet
1671.8026779560187,0.9980164,0.0014073338,31858843,planet
1671.8040668457127,0.9994442,0.0014077559,31858843,planet
1671.8054557354058,0.9988425,0.0014071645,31858843,planet
1671.8068446251,0.9987052,0.0014076632,31858843,planet
1671.8082335143276,0.99987185,0.0014080293,31858843,planet
1671.809622404021,1.0009339,0.0014083119,31858843,planet
1671.8110112937156,0.9996295,0.0014091145,31858843,planet
1671.8124001834094,1.0005646,0.0014080993,31858843,planet
1671.8137890731027,1.0006114,0.0014083114,31858843,planet
1671.8151779627965,1.0002303,0.0014084812,31858843,planet
1671.8165668524898,1.002739,0.0014094856,31858843,planet
1671.8179557421831,0.9996635,0.001408586,31858843,planet
1671.8193446318778,1.0015807,0.0014091166,31858843,planet
1671.8207335211068,1.0027094,0.0014094146,31858843,planet
1671.8221224108001,0.99989957,0.0014087335,31858843,planet
1671.8235113004935,1.0001643,0.0014091328,31858843,planet
1671.8249001901872,1.0010635,0.0014090633,31858843,planet
1671.8262890798815,1.0017849,0.0014100575,31858843,planet
1671.8276779695752,0.99973726,0.001408737,31858843,planet
1671.8290668592695,0.9991207,0.0014090361,31858843,planet
1671.830455748497,0.998009,0.0014077146,31858843,planet
1671.83184463819,1.0001814,0.0014082005,31858843,planet
1671.8332335278842,0.9998714,0.0014088379,31858843,planet
1671.834622417578,1.0033989,0.0014097893,31858843,planet
1671.8360113072722,0.9993314,0.0014085547,31858843,planet
1671.837400196966,0.9975189,0.0014084517,31858843,planet
1671.8387890861936,0.9975352,0.0014080649,31858843,planet
1671.840177975887,1.0017083,0.0014092881,31858843,planet
1671.8415668655807,1.000425,0.0014097907,31858843,planet
1671.842955755275,1.0004822,0.0014091971,31858843,planet
1671.8443446449687,1.0000321,0.0014095951,31858843,planet
1671.845733534663,1.0007625,0.0014091802,31858843,planet
1671.8471224238904,1.0010072,0.0014094543,31858843,planet
1671.8485113135835,1.0036533,0.001411494,31858843,planet
1671.8499002032777,0.99895006,0.0014091104,31858843,planet
1671.8512890929715,0.9992624,0.0014086867,31858843,planet
1671.8526779822,0.99954575,0.0014081453,31858843,planet
1671.8540668718938,1.0021007,0.0014094181,31858843,planet
1671.855455761587,1.0003209,0.0014097712,31858843,planet
1671.8568446512804,1.0008736,0.0014099352,31858843,planet
1671.858233540975,0.99902296,0.001409547,31858843,planet
1671.8596224302032,0.9970424,0.0014082076,31858843,planet
1671.8610113198965,1.0004709,0.001409405,31858843,planet
1671.8624002095908,1.0010493,0.0014099018,31858843,planet
1671.863789099284,0.99996996,0.0014101078,31858843,planet
1671.8651779885115,1.0002632,0.0014099462,31858843,planet
1671.866566878206,0.9992099,0.0014089466,31858843,planet
1671.8679557679002,1.0003957,0.0014100324,31858843,planet
1671.8693446575935,1.0000273,0.0014100816,31858843,planet
1671.8707335468216,0.9999516,0.0014093452,31858843,planet
1671.872122436515,0.9990971,0.0014099207,31858843,planet
1671.8735113262082,1.00183,0.0014099653,31858843,planet
1671.874900215903,1.0014664,0.0014105621,31858843,planet
1671.876289105131,1.0005693,0.0014104709,31858843,planet
1671.8776779948244,1.0002838,0.00141051,31858843,planet
1671.8790668845186,1.000666,0.0014101218,31858843,planet
1671.8804557737462,0.99970496,0.0014097934,31858843,planet
1671.8818446634396,0.9981975,0.0014092053,31858843,planet
1671.883233553134,0.99961376,0.0014098126,31858843,planet
1671.884622442828,0.9982813,0.0014095013,31858843,planet
1671.8860113320557,0.99877965,0.0014099424,31858843,planet
1671.8874002217494,1.000688,0.0014107514,31858843,planet
1671.8887891114437,1.0023806,0.0014112076,31858843,planet
1671.8901780006718,0.9999294,0.0014108733,31858843,planet
1671.891566890366,1.0015081,0.0014101609,31858843,planet
1671.8929557800598,1.0012977,0.0014102797,31858843,planet
1671.8943446692874,0.9988968,0.0014097485,31858843,planet
1671.8957335589807,1.0015758,0.0014098512,31858843,planet
1671.8971224486745,0.99944925,0.0014097685,31858843,planet
1671.898511337903,0.9985822,0.0014098703,31858843,planet
1671.8999002275968,0.99917877,0.0014097564,31858843,planet
1671.9012891172908,1.0018069,0.0014106033,31858843,planet
1671.9026780065183,1.0004253,0.0014101028,31858843,planet
1671.9040668962116,0.99953455,0.0014095866,31858843,planet
1671.9054557859058,0.9997574,0.0014094737,31858843,planet
1671.906844675134,1.0004559,0.001409685,31858843,planet
1671.9082335648282,1.00006,0.001410383,31858843,planet
1671.909622454522,0.9993883,0.0014097906,31858843,planet
1671.9110113437496,1.0014342,0.0014101574,31858843,planet
1671.912400233443,1.0017846,0.0014102735,31858843,planet
1671.9137891231367,0.9996162,0.0014097047,31858843,planet
1671.9151780123652,1.000806,0.0014099508,31858843,planet
1671.916566902059,0.998667,0.0014085141,31858843,planet
1671.9179557912876,0.9996197,0.0014100572,31858843,planet
1671.9193446809807,0.9986452,0.0014090152,31858843,planet
1671.9207335706737,1.0013812,0.0014105374,31858843,planet
1671.9221224599028,1.0011582,0.0014113247,31858843,planet
1671.923511349597,0.99883527,0.0014086841,31858843,planet
1671.9249002392903,0.9993298,0.001409782,31858843,planet
1671.9262891285184,1.0009016,0.0014100516,31858843,planet
1671.9276780182117,1.0006647,0.0014096508,31858843,planet
1671.9290669074394,1.0003029,0.0014098882,31858843,planet
1671.930455797134,1.0019584,0.0014104721,31858843,planet
1671.9318446863622,0.9996685,0.0014089096,31858843,planet
1671.9332335760555,0.99915475,0.0014090199,31858843,planet
1671.9346224657497,0.9996317,0.0014078512,31858843,planet
1671.9360113549772,0.99969226,0.0014090664,31858843,planet
1671.9374002446702,1.003255,0.0014101159,31858843,planet
1671.9387891338993,0.9997867,0.0014089708,31858843,planet
1671.9401780235935,1.0010595,0.0014097109,31858843,planet
1671.9415669128211,1.0003368,0.0014078583,31858843,planet
1671.942955802515,0.9993432,0.0014088537,31858843,planet
1671.9443446922082,1.0003315,0.0014080511,31858843,planet
1671.9457335814363,0.9971954,0.0014073296,31858843,planet
1671.947122471131,0.9996748,0.0014080657,31858843,planet
1671.9485113603587,0.99908084,0.0014076655,31858843,planet
1671.949900250052,0.9996923,0.0014077799,31858843,planet
1671.9512891392806,1.0016301,0.0014090074,31858843,planet
1671.9526780289739,1.0010235,0.0014094198,31858843,planet
1671.954066918202,1.0020264,0.0014088479,31858843,planet
1671.9554558078967,0.9993783,0.0014077605,31858843,planet
1671.9568446971248,1.0010066,0.0014086067,31858843,planet
1671.958233586818,0.9993438,0.0014078708,31858843,planet
1671.9596224760458,1.0017729,0.0014074029,31858843,planet
1671.96101136574,0.99840343,0.0014072944,31858843,planet
1671.962400254968,1.0009415,0.0014068204,31858843,planet
1671.963789144662,1.0014766,0.0014081841,31858843,planet
1671.9651780338904,1.0007006,0.0014073526,31858843,planet
1671.9665669235837,1.0001749,0.0014077276,31858843,planet
1671.9679558128114,0.9980459,0.0014068006,31858843,planet
1671.9693447025052,0.9995738,0.0014072217,31858843,planet
1671.9707335917337,0.9998026,0.001408181,31858843,planet
1671.9721224814275,0.99903566,0.0014062872,31858843,planet
1671.9735113706556,0.9997935,0.0014076006,31858843,planet
1671.974900260349,0.99846286,0.0014060196,31858843,planet
1671.9762891495766,1.0010885,0.0014073699,31858843,planet
1671.9776780392713,0.998219,0.0014056849,31858843,planet
1671.9790669284998,0.999493,0.0014064086,31858843,planet
1671.980455818193,1.0024537,0.001406913,31858843,planet
1671.9818447074213,1.0014331,0.0014065312,31858843,planet
1671.983233596649,0.9996335,0.0014058636,31858843,planet
1671.9846224863422,1.0017365,0.0014063049,31858843,planet
1671.9860113755713,1.0011133,0.0014061062,31858843,planet
1671.987400265265,0.99889964,0.0014050613,31858843,planet
1671.9887891544927,1.0008043,0.0014061616,31858843,planet
1671.9901780441867,0.9999901,0.0014058318,31858843,planet
1671.991566933414,1.0020633,0.001405778,31858843,planet
1671.9929558226418,1.0003066,0.0014058071,31858843,planet
1671.9943447123364,1.0021442,0.001405455,31858843,planet
1671.995733601565,1.0018885,0.0014055953,31858843,planet
1671.9971224912583,1.0044819,0.0014067168,31858843,planet
1671.9985113804864,1.0018064,0.0014048886,31858843,planet
1671.999900269714,0.9998645,0.0014047571,31858843,planet
1672.0012891594074,1.0001354,0.0014043755,31858843,planet
1672.0026780486364,0.99997145,0.0014051026,31858843,planet
1672.0040669383302,0.9998218,0.0014043418,31858843,planet
1672.0054558275579,1.0008329,0.0014052495,31858843,planet
1672.0068447167862,0.9995674,0.0014048452,31858843,planet
1672.0082336064793,1.0029486,0.0014056707,31858843,planet
1672.0096224957078,1.0025829,0.0014055147,31858843,planet
1672.0110113854025,1.0000248,0.0014043729,31858843,planet
1672.0124002746302,1.0028514,0.00140442,31858843,planet
1672.0137891638578,1.0005639,0.001404313,31858843,planet
1672.0151780535516,0.9998424,0.0014039709,31858843,planet
1672.0165669427793,1.0003577,0.0014036525,31858843,planet
1672.0179558320074,1.0030434,0.0014042311,31858843,planet
1672.019344721702,1.0006763,0.001403255,31858843,planet
1672.0207336109306,1.0005467,0.0014039847,31858843,planet
1672.0221225001583,1.0038996,0.001404756,31858843,planet
1672.0235113898516,1.0018271,0.0014037475,31858843,planet
1672.0249002790797,1.002805,0.0014047782,31858843,planet
1672.0262891683078,1.0009375,0.001403653,31858843,planet
1672.027678058002,1.0012102,0.0014041213,31858843,planet
1672.0290669472301,0.9996284,0.0014029156,31858843,planet
1672.0304558364578,0.99874383,0.0014024051,31858843,planet
1672.0318447261511,1.0016237,0.0014025448,31858843,planet
1672.0332336153795,1.0021361,0.0014032652,31858843,planet
1672.0346225046078,1.0006983,0.0014035344,31858843,planet
1672.0360113943016,0.99954545,0.0014009064,31858843,planet
1672.0374002835301,1.0020661,0.0014035811,31858843,planet
1672.0387891727578,1.0011804,0.0014028989,31858843,planet
1672.040178062451,1.0018501,0.0014033187,31858843,planet
1672.0415669516801,1.0014445,0.0014023533,31858843,planet
1672.0429558409082,1.0021098,0.0014029348,31858843,planet
1672.044344730136,1.0003026,0.0014019823,31858843,planet
1672.0457336198297,1.0014721,0.0014014744,31858843,planet
1672.0471225090573,0.99942243,0.001401529,31858843,planet
1672.048511398285,1.0008059,0.0014028631,31858843,planet
1672.059622513042,1.0022944,0.0014021957,31858843,planet
1672.0610114027354,1.0024405,0.0014030848,31858843,planet
1672.0624002919635,1.00155,0.0014025359,31858843,planet
1672.0637891811912,1.0005165,0.0014018925,31858843,planet
1672.0651780704188,1.0003494,0.0014012681,31858843,planet
1672.0665669596478,1.0026207,0.0014015965,31858843,planet
1672.067955849342,1.0000935,0.0014012633,31858843,planet
1672.0693447385695,1.0016911,0.0014009767,31858843,planet
1672.0707336277978,1.0017868,0.0014022825,31858843,planet
1672.0721225170255,1.0032434,0.001401525,31858843,planet
1672.0735114067193,1.0011139,0.0014022089,31858843,planet
1672.0749002959483,0.9997479,0.0014006961,31858843,planet
1672.076289185176,1.0011485,0.0014021096,31858843,planet
1672.080455853325,1.0003589,0.0013994413,31858843,planet
1672.0818447425536,0.9991615,0.001400496,31858843,planet
1672.0832336317826,0.9999504,0.0014016491,31858843,planet
1672.0846225210103,1.0016128,0.0014004454,31858843,planet
1672.0860114102377,1.0011436,0.0014008118,31858843,planet
1672.087400299466,1.0020821,0.001401332,31858843,planet
1672.0887891891598,1.0015031,0.0013997853,31858843,planet
1672.0901780783884,1.0019463,0.0014019165,31858843,planet
1672.0915669676165,1.0002956,0.0014011627,31858843,planet
1672.092955856845,1.0010602,0.0014026493,31858843,planet
1672.0943447460727,0.9996288,0.0014001805,31858843,planet
1672.0985114142231,1.0000733,0.0014001086,31858843,planet
1672.0999003034508,0.99944365,0.0013999366,31858843,planet
1672.101289192679,1.0030745,0.001401668,31858843,planet
1672.1026780819066,1.0005084,0.001401048,31858843,planet
1672.1040669711342,0.9984549,0.0014000726,31858843,planet
1672.1054558603632,1.0011822,0.0014008919,31858843,planet
1672.1068447495913,1.000702,0.0014013272,31858843,planet
1672.108233638819,0.99853206,0.001399294,31858843,planet
1672.1096225285132,1.0006942,0.0014010097,31858843,planet
1672.1110114177409,1.0005276,0.0013992245,31858843,planet
1672.1124003069685,1.0000038,0.0014003227,31858843,planet
1672.1137891961973,1.0029391,0.0014017717,31858843,planet
1672.1151780854257,1.0001938,0.0014009356,31858843,planet
1672.1165669746533,1.0016046,0.0014011934,31858843,planet
1672.1179558638814,1.0023166,0.0014007356,31858843,planet
1672.119344753109,0.9990634,0.0013992884,31858843,planet
1672.1207336423367,0.99893636,0.0013998132,31858843,planet
1672.1235114207939,1.0025737,0.0014018726,31858843,planet
1672.1249003104872,1.0005766,0.0014004163,31858843,planet
1672.1262891997158,1.0016297,0.0014019151,31858843,planet
1672.1276780889434,1.0011371,0.00140152,31858843,planet
1672.1304558674005,1.0003754,0.0013998116,31858843,planet
1672.134622535084,0.9997523,0.0014008726,31858843,planet
1672.141566981224,0.99903303,0.0013999594,31858843,planet
1672.1471225381374,1.0013088,0.001400823,31858843,planet
1672.1499003165927,0.9996819,0.001396947,31858843,planet
1672.1540669842775,0.9993242,0.0014001098,31858843,planet
1672.155455873506,1.0002501,0.0013991132,31858843,planet
1672.1568447627342,0.9995608,0.0014006282,31858843,planet
1672.1582336519618,1.0024587,0.0014015012,31858843,planet
1672.1596225411895,1.0002092,0.00140017,31858843,planet
1672.1610114304185,0.99925965,0.0013998952,31858843,planet
1672.1624003196466,1.002181,0.001401402,31858843,planet
1672.1637892088743,1.0009725,0.0014005295,31858843,planet
1672.1651780981028,1.0008721,0.0014008748,31858843,planet
1672.1665669873303,0.99872357,0.0013993913,31858843,planet
1672.1679558765577,1.0004122,0.0013999977,31858843,planet
1672.1693447657867,1.0002265,0.0014007313,31858843,planet
1672.1707336550153,1.0013075,0.0014005844,31858843,planet
1672.172122544243,0.9996254,0.0014003396,31858843,planet
1672.173511433471,1.0005367,0.0014003277,31858843,planet
1672.1749003226987,1.0019855,0.0014021513,31858843,planet
1672.1762892114607,1.0004375,0.0013997721,31858843,planet
1672.1776781006897,0.9995848,0.0013991387,31858843,planet
1672.1790669899178,1.0017506,0.001401137,31858843,planet
1672.1804558791455,1.0019274,0.0014002676,31858843,planet
1672.181844768374,1.0023152,0.0014005025,31858843,planet
1672.1832336576015,1.0007149,0.0014000604,31858843,planet
1672.184622546829,1.002564,0.0014010108,31858843,planet
1672.186011436058,1.0001775,0.0014002629,31858843,planet
1672.1874003252865,0.9997135,0.0014017016,31858843,planet
1672.1887892145141,0.9999612,0.0014002803,31858843,planet
1672.1971225494167,1.0017705,0.001401205,31858843,planet
1672.1985114386453,1.0005363,0.0013999435,31858843,planet
1672.199900327873,1.0017118,0.0014004171,31858843,planet
1672.201289217101,1.0015324,0.0014018208,31858843,planet
1672.2026781058644,0.9986755,0.0014000266,31858843,planet
1672.204066995092,1.001775,0.0013990221,31858843,planet
1672.2054558843197,1.0000418,0.0014002423,31858843,planet
1672.2068447735478,0.99962455,0.0013994983,31858843,planet
1672.2082336627755,1.0006709,0.0013998374,31858843,planet
1672.209622552004,1.0011331,0.0014009965,31858843,planet
1672.2110114407672,1.0025958,0.0014021925,31858843,planet
1672.2151781084508,1.001127,0.0014016262,31858843,planet
1672.216566997679,1.0011375,0.0014003126,31858843,planet
1672.2179558869075,1.0016418,0.00140112,31858843,planet
1672.21934477567,1.0006746,0.0014012816,31858843,planet
1672.220733664898,0.9990757,0.001399788,31858843,planet
1672.2221225541257,1.0001885,0.0013984933,31858843,planet
1672.2235114433533,1.0000579,0.0013989349,31858843,planet
1672.2249003325824,1.0012503,0.0014007611,31858843,planet
1672.2262892213453,0.9996739,0.0013986783,31858843,planet
1672.229066999801,1.0011356,0.0014007239,31858843,planet
1672.2304558890287,1.0010644,0.0014005735,31858843,planet
1672.2318447782563,0.9972291,0.0013988554,31858843,planet
1672.2332336670197,1.000869,0.0014007086,31858843,planet
1672.2346225562478,1.0019095,0.0014005476,31858843,planet
1672.2360114454755,1.0008779,0.0013997625,31858843,planet
1672.2374003347038,0.9982522,0.0013990551,31858843,planet
1672.2387892234656,1.0022305,0.0013996287,31858843,planet
1672.2415670019222,1.0017198,0.0014003045,31858843,planet
1672.2443447799128,0.99924725,0.0014001102,31858843,planet
1672.245733669141,1.0013926,0.0013999288,31858843,planet
1672.2485114475967,0.9993657,0.0013988033,31858843,planet
1672.24990033636,0.9995945,0.0013990332,31858843,planet
1672.2512892255877,0.9996649,0.001399845,31858843,planet
1672.2526781148154,1.0016388,0.0013996344,31858843,planet
1672.254067004044,1.0008433,0.0013998147,31858843,planet
1672.2554558928057,0.9992605,0.0013989146,31858843,planet
1672.256844782034,0.99943423,0.001398661,31858843,planet
1672.258233671263,0.9997888,0.0013980123,31858843,planet
1672.259622560025,0.99899435,0.0013981031,31858843,planet
1672.2610114492527,1.003947,0.0014007223,31858843,planet
1672.2624003384808,0.99893576,0.0013978649,31858843,planet
1672.2637892272428,1.0008255,0.0013993214,31858843,planet
1672.265178116471,0.99964917,0.0013982315,31858843,planet
1672.2665670057,1.0011895,0.0013988285,31858843,planet
1672.267955894462,1.002265,0.0013992809,31858843,planet
1672.2693447836896,0.9997109,0.0013978989,31858843,planet
1672.2707336729181,1.0009403,0.001398054,31858843,planet
1672.2721225621456,0.9994107,0.0013975955,31858843,planet
1672.2735114509082,1.0004313,0.0013967738,31858843,planet
1672.2749003401373,0.9998938,0.0013981165,31858843,planet
1672.2762892288993,1.0008965,0.0013986597,31858843,planet
1672.277678118127,1.0013012,0.0013976011,31858843,planet
1672.279067007355,1.0018154,0.0013984196,31858843,planet
1672.280455896118,1.0005956,0.0013980324,31858843,planet
1672.281844785346,1.0013338,0.0013987479,31858843,planet
1672.2832336745741,0.999956,0.0013974584,31858843,planet
1672.2846225633361,0.9997637,0.0013978846,31858843,planet
1672.2860114525638,1.0033056,0.0013976722,31858843,planet
1672.2874003417924,0.9989067,0.0013964958,31858843,planet
1672.2887892305557,1.0014766,0.0013985422,31858843,planet
1672.2901781197838,0.99954736,0.0013977287,31858843,planet
1672.2915670085458,0.9994703,0.0013972678,31858843,planet
1672.292955897774,0.9974767,0.0013966771,31858843,planet
1672.2943447870016,1.0004668,0.0013972609,31858843,planet
1672.2957336757636,1.0020318,0.001397933,31858843,planet
1672.2971225649926,1.0027609,0.0013970258,31858843,planet
1672.2985114537553,1.0031729,0.001399236,31858843,planet
1672.2999003429827,1.0010006,0.0013973014,31858843,planet
1672.3012892322113,1.0013193,0.0013983735,31858843,planet
1672.3026781209733,1.0009141,0.0013972484,31858843,planet
1672.304067010201,1.0011826,0.0013977081,31858843,planet
1672.3054558989643,0.9975631,0.0013965762,31858843,planet
1672.3068447881924,1.0013776,0.0013968756,31858843,planet
1672.30823367742,0.99866366,0.0013971722,31858843,planet
1672.3096225661825,0.9999681,0.0013951166,31858843,planet
1672.3110114554102,0.9998869,0.0013974342,31858843,planet
1672.312400344173,1.0022622,0.0013974917,31858843,planet
1672.313789233402,0.99911785,0.0013962663,31858843,planet
1672.315178122164,0.9993678,0.0013960506,31858843,planet
1672.3165670113915,0.99974555,0.0013958851,31858843,planet
1672.3179559001542,1.0014262,0.0013969429,31858843,planet
1672.3193447893818,1.001369,0.0013959465,31858843,planet
1672.32073367861,1.0015446,0.0013968395,31858843,planet
1672.3221225673733,0.9990019,0.0013952655,31858843,planet
1672.323511456601,1.0014396,0.0013963652,31858843,planet
1672.324900345363,0.99881417,0.0013955584,31858843,planet
1672.326289234591,0.99721605,0.001394497,31858843,planet
1672.327678123353,1.0004792,0.001396337,31858843,planet
1672.3290670125816,0.99946356,0.0013953709,31858843,planet
1672.330455901345,0.9982073,0.0013947301,31858843,planet
1672.3318447905726,1.0011249,0.0013968629,31858843,planet
1672.3332336793346,1.000127,0.001395431,31858843,planet
1672.3346225685627,1.0008546,0.0013955238,31858843,planet
1672.3360114573247,1.001298,0.0013954416,31858843,planet
1672.3374003465528,1.000761,0.0013952457,31858843,planet
1672.3387892353162,1.0026809,0.0013966311,31858843,planet
1672.3401781245439,1.0013785,0.0013957068,31858843,planet
1672.3415670133058,0.9973109,0.0013940274,31858843,planet
1672.3429559025342,0.9985905,0.0013934172,31858843,planet
1672.3443447912969,0.999563,0.0013953361,31858843,planet
1672.3457336800593,0.99954206,0.001394259,31858843,planet
1672.3471225692879,1.002483,0.001395788,31858843,planet
1672.3485114580499,0.9984693,0.0013941855,31858843,planet
1672.3499003472775,1.0010426,0.0013954447,31858843,planet
1672.35128923604,1.001672,0.0013955507,31858843,planet
1672.352678125269,0.9975884,0.0013936367,31858843,planet
1672.3540670140314,0.999745,0.0013939131,31858843,planet
1672.355455903259,1.0024581,0.0013956485,31858843,planet
1672.356844792022,0.99825853,0.0013940556,31858843,planet
1672.3582336812497,1.0000337,0.001395024,31858843,planet
1672.3596225700117,0.9989695,0.001393787,31858843,planet
1672.3610114587748,0.9997099,0.0013946643,31858843,planet
1672.3624003480031,0.9996515,0.0013949341,31858843,planet
1672.3637892367651,1.0003394,0.0013946,31858843,planet
1672.3651781259932,1.0007828,0.0013948207,31858843,planet
1672.3665670147552,0.9994339,0.0013944368,31858843,planet
1672.3679559035181,0.9993866,0.0013950125,31858843,planet
1672.3693447927471,1.0032493,0.0013951192,31858843,planet
1672.370733681509,1.0011259,0.001394758,31858843,planet
1672.3721225707363,0.99723077,0.0013936327,31858843,planet
1672.3735114594992,1.0005649,0.0013937668,31858843,planet
1672.3749003482612,1.0010594,0.0013950296,31858843,planet
1672.3762892374893,0.9981811,0.0013934555,31858843,planet
1672.3776781262527,1.0025198,0.0013953453,31858843,planet
1672.3790670154804,0.9996784,0.0013941819,31858843,planet
1672.3804559042424,0.9998984,0.0013943997,31858843,planet
1672.3818447930048,1.000252,0.0013943369,31858843,planet
1672.3832336822325,0.99986786,0.0013940856,31858843,planet
1672.3846225709954,0.99862474,0.0013927408,31858843,planet
1672.3860114597587,1.0016222,0.0013940396,31858843,planet
1672.3874003489861,1.0010219,0.0013941415,31858843,planet
1672.388789237748,0.99847806,0.0013934062,31858843,planet
1672.3901781265108,1.0013797,0.0013942389,31858843,planet
1672.3915670157385,1.0003082,0.0013943531,31858843,planet
1672.392955904501,1.0013751,0.0013949767,31858843,planet
1672.3943447932643,0.998672,0.0013930798,31858843,planet
1672.395733682492,0.9988142,0.0013929479,31858843,planet
1672.397122571254,0.99956024,0.001394031,31858843,planet
1672.3985114600164,1.0004323,0.0013942362,31858843,planet
1672.399900349245,0.99992055,0.0013934518,31858843,planet
1672.4012892380074,0.9999063,0.0013940221,31858843,planet
1672.4026781267703,1.0029348,0.0013955382,31858843,planet
1672.404067015998,1.0010675,0.0013938359,31858843,planet
1672.4054559047597,0.99873495,0.0013937748,31858843,planet
1672.4068447935224,0.9979089,0.0013924034,31858843,planet
1672.4082336822848,0.9998062,0.0013939334,31858843,planet
1672.4096225715134,0.9977435,0.0013931611,31858843,planet
1672.4110114602759,0.9996352,0.0013931975,31858843,planet
1672.4124003490379,1.0018463,0.0013940311,31858843,planet
1672.4137892382655,1.0002356,0.0013933203,31858843,planet
1672.415178127028,0.9980983,0.0013928217,31858843,planet
1672.4165670157909,1.0005922,0.0013944077,31858843,planet
1672.4179559045533,1.0010852,0.0013928592,31858843,planet
1672.4193447937819,1.0004603,0.0013923408,31858843,planet
1672.4207336825443,0.99857825,0.0013939311,31858843,planet
1672.4221225713063,1.0017008,0.0013926348,31858843,planet
1672.4235114600683,0.9999114,0.0013932718,31858843,planet
1672.4262892380598,1.0012419,0.0013943184,31858843,planet
1672.4318447935748,1.0012485,0.00139454,31858843,planet
1672.4332336823381,1.0016643,0.0013947235,31858843,planet
1672.4346225711001,0.99791753,0.0013929879,31858843,planet
1672.4360114603278,0.9966465,0.0013913453,31858843,planet
1672.4374003490902,1.0002877,0.0013930306,31858843,planet
1672.4387892378522,0.9989984,0.0013942865,31858843,planet
1672.4401781266151,1.0015868,0.0013941746,31858843,planet
1672.4415670153783,0.9998647,0.0013939426,31858843,planet
1672.4429559046057,0.99975175,0.0013934436,31858843,planet
1672.4443447933677,1.001338,0.0013941885,31858843,planet
1672.4457336821306,1.000901,0.0013937963,31858843,planet
1672.4471225708926,0.99842954,0.001393464,31858843,planet
1672.448511459655,1.0008662,0.0013947468,31858843,planet
1672.4499003484184,1.001075,0.0013949043,31858843,planet
1672.451289237646,0.99855095,0.0013935725,31858843,planet
1672.452678126408,0.99981964,0.0013937635,31858843,planet
1672.4540670151705,1.0002964,0.0013933,31858843,planet
1672.4554559039325,1.0005862,0.0013933949,31858843,planet
1672.4568447926954,1.0005003,0.0013943687,31858843,planet
1672.4582336814585,1.0013834,0.0013935392,31858843,planet
1672.459622570686,1.0012462,0.0013939273,31858843,planet
1672.461011459448,1.0013958,0.0013943504,31858843,planet
1672.4624003482108,0.99909747,0.0013942391,31858843,planet
1672.4637892369733,1.0019206,0.0013947845,31858843,planet
1672.4651781257362,1.0030434,0.0013958237,31858843,planet
1672.4665670144987,0.9995667,0.0013938028,31858843,planet
1672.4679559032606,0.99893177,0.0013928297,31858843,planet
1672.4693447924883,1.0017625,0.0013947882,31858843,planet
1672.4707336812507,1.0005918,0.0013917581,31858843,planet
1672.4762892363008,1.0008202,0.0013939908,31858843,planet
1672.4790670138254,0.99791306,0.0013932948,31858843,planet
1672.480455902588,0.99984336,0.0013945969,31858843,planet
1672.4874003468663,0.99919736,0.0013943625,31858843,planet
1672.4887892356296,1.0028142,0.0013947786,31858843,planet
1672.4901781243916,1.002642,0.0013951893,31858843,planet
1672.4915670131536,1.0025855,0.0013961387,31858843,planet
1672.492955901916,1.0006032,0.0013948611,31858843,planet
1672.4957336794405,0.9985992,0.001393591,31858843,planet
1672.4971225682038,0.99971646,0.001394894,31858843,planet
1672.5026781232525,0.9999335,0.0013940458,31858843,planet
1672.5040670120152,1.0030844,0.0013963538,31858843,planet
1672.5068447895405,1.0001028,0.0013954538,31858843,planet
1672.509622567065,0.9987024,0.0013951833,31858843,planet
1672.511011455827,0.9961705,0.0013938587,31858843,planet
1672.5124003445894,0.99990225,0.0013957103,31858843,planet
1672.5137892333528,1.0010265,0.0013955481,31858843,planet
1672.5151781221148,1.0009583,0.0013961076,31858843,planet
1672.5165670108768,1.0001658,0.001395846,31858843,planet
1672.5179558996397,0.99838424,0.001395175,31858843,planet
1672.5193447884021,0.9994179,0.0013951177,31858843,planet
1672.5207336771648,1.0010098,0.0013965501,31858843,planet
1672.5221225659275,0.9996795,0.0013947199,31858843,planet
1672.5235114546895,0.9988948,0.0013958017,31858843,planet
1672.5249003434515,0.9997711,0.0013946802,31858843,planet
1672.526289232214,1.0014105,0.0013960069,31858843,planet
1672.5276781209768,0.9979745,0.0013951395,31858843,planet
1672.5290670097393,1.0000308,0.0013951266,31858843,planet
1672.5304558985017,1.0001822,0.0013959713,31858843,planet
1672.5318447872637,1.000096,0.0013960557,31858843,planet
1672.5346225647886,1.0013198,0.0013970766,31858843,planet
1672.536011453551,1.0007167,0.0013945574,31858843,planet
1672.5387892310764,0.999859,0.0013965472,31858843,planet
1672.5401781198384,0.99705166,0.0013956722,31858843,planet
1672.5415670086004,0.99901414,0.0013961385,31858843,planet
1672.5429558968972,1.0019062,0.0013970152,31858843,planet
1672.54434478566,0.99946725,0.001395774,31858843,planet
1672.5457336744225,0.99855894,0.0013966335,31858843,planet
1672.548511451948,0.9999065,0.0013970693,31858843,planet
1672.5499003407099,0.99922,0.001395746,31858843,planet
1672.5512892294723,0.9988573,0.001396483,31858843,planet
1672.5526781182357,0.9994032,0.0013958974,31858843,planet
1672.5540670069977,1.002348,0.0013973436,31858843,planet
1672.5554558957597,1.0012981,0.001396643,31858843,planet
1672.5568447840565,0.99865526,0.0013955513,31858843,planet
1672.5582336728185,0.9994339,0.0013961254,31858843,planet
1672.5596225615814,1.0015347,0.0013978045,31858843,planet
1672.5610114503447,1.0009447,0.0013968985,31858843,planet
1672.5624003391067,0.99925506,0.001397201,31858843,planet
1672.5637892278685,0.9991375,0.0013967812,31858843,planet
1672.5651781166312,0.99860656,0.0013964854,31858843,planet
1672.5665670049275,1.0018477,0.0013982075,31858843,planet
1672.56795589369,1.0004122,0.0013976366,31858843,planet
1672.5693447824533,0.9989019,0.001397604,31858843,planet
1672.5707336712153,0.9995237,0.0013972005,31858843,planet
1672.5721225599773,1.0000664,0.001397967,31858843,planet
1672.57351144874,0.9994403,0.0013974203,31858843,planet
1672.574900337036,1.0010852,0.0013980453,31858843,planet
1672.576289225799,1.0025319,0.0013974638,31858843,planet
1672.5776781145623,1.0014405,0.0013982509,31858843,planet
1672.5790670033243,0.9962793,0.0013962665,31858843,planet
1672.5804558920863,1.0004562,0.001396033,31858843,planet
1672.581844780383,0.9998746,0.001397801,31858843,planet
1672.5832336691456,1.000822,0.0013981315,31858843,planet
1672.5846225579085,1.0026578,0.0013988469,31858843,planet
1672.586011446671,1.0006138,0.0013982595,31858843,planet
1672.587400335433,0.9986397,0.0013981469,31858843,planet
1672.5887892237292,1.0007894,0.0013977379,31858843,planet
1672.5901781124921,0.99994177,0.0013979106,31858843,planet
1672.5915670012546,0.99959254,0.0013974996,31858843,planet
1672.592955890017,1.0007583,0.0013983252,31858843,planet
1672.59434477878,0.9983876,0.001397563,31858843,planet
1672.5957336670763,0.9996475,0.0013985393,31858843,planet
1672.5985114446007,1.0002844,0.0013969664,31858843,planet
1672.5999003333634,1.0025094,0.0013985529,31858843,planet
1672.6012892216604,0.9988961,0.0013975418,31858843,planet
1672.6026781104229,1.0022409,0.0013985567,31858843,planet
1672.6040669991849,0.99956095,0.0013991568,31858843,planet
1672.6054558879468,0.99886274,0.0013978484,31858843,planet
1672.606844776244,0.99900997,0.0013984595,31858843,planet
1672.6082336650065,0.9983997,0.001397945,31858843,planet
1672.609622553769,1.0000281,0.0013976148,31858843,planet
1672.6110114420662,1.0012413,0.001397331,31858843,planet
1672.6124003308282,0.99994403,0.001398618,31858843,planet
1672.6137892195902,1.0001696,0.0013981444,31858843,planet
1672.6151781083536,0.99969697,0.0013979317,31858843,planet
1672.6165669966513,0.9999425,0.0013975443,31858843,planet
1672.617955885413,0.9977288,0.0013973452,31858843,planet
1672.6193447741748,0.9995686,0.0013967244,31858843,planet
1672.620733662472,1.0005912,0.0013982692,31858843,planet
1672.622122551234,0.99838275,0.0013977691,31858843,planet
1672.6235114399965,1.001212,0.001398693,31858843,planet
1672.6249003287598,0.99991447,0.001397605,31858843,planet
1672.6262892170562,0.9987208,0.0013967978,31858843,planet
1672.6276781058182,1.0014362,0.0013994591,31858843,planet
1672.6290669945806,1.0011051,0.0013993217,31858843,planet
1672.630455882877,0.9991175,0.0013981455,31858843,planet
1672.6318447716399,1.0027711,0.0013988503,31858843,planet
1672.6332336604032,0.99970484,0.0013978512,31858843,planet
1672.6346225486993,1.0012803,0.0013992025,31858843,planet
1672.636011437461,0.9995728,0.001398782,31858843,planet
1672.6374003257583,0.9995553,0.00139797,31858843,planet
1672.6387892145208,0.999645,0.0013976111,31858843,planet
1672.6401781032837,1.00152,0.0014000727,31858843,planet
1672.6415669915805,1.0012815,0.0013994558,31858843,planet
1672.6429558803425,1.0015818,0.0013987233,31858843,planet
1672.6443447691045,1.0010563,0.0013982158,31858843,planet
1672.6457336574013,0.9999409,0.0013989959,31858843,planet
1672.6471225461642,1.0009016,0.0013983872,31858843,planet
1672.6485114349266,0.9993464,0.0013976283,31858843,planet
1672.6499003232238,0.99877137,0.0013973153,31858843,planet
1672.6512892119858,0.9977406,0.0013974704,31858843,planet
1672.6540669890446,1.001455,0.0013999902,31858843,planet
1672.655455877807,0.99871486,0.0013978941,31858843,planet
1672.6568447661043,1.0013653,0.0013993989,31858843,planet
1672.6582336548668,1.0018787,0.0013984704,31858843,planet
1672.659622543163,1.0007479,0.0013988916,31858843,planet
1672.661011431925,1.00059,0.0013990046,31858843,planet
1672.6624003202219,1.0003715,0.001398469,31858843,planet
1672.6637892089848,1.0002958,0.0013982168,31858843,planet
1672.6665669860445,1.000921,0.0013979045,31858843,planet
1672.6679558748065,0.99869305,0.0013957993,31858843,planet
1672.6693447631028,0.999263,0.0013983632,31858843,planet
1672.670733651866,0.9997037,0.0013982469,31858843,planet
1672.672122540163,1.0002607,0.0013985311,31858843,planet
1672.6762892059837,0.9996462,0.0013979465,31858843,planet
1672.6776780947457,1.0018011,0.0013990578,31858843,planet
1672.6790669830434,0.9997316,0.0013960947,31858843,planet
1672.6804558718068,1.0000373,0.0013971967,31858843,planet
1672.681844760103,1.0000659,0.0013984061,31858843,planet
1672.6846225371619,1.0009383,0.0013982021,31858843,planet
1672.6860114259239,1.0010104,0.0013977278,31858843,planet
1672.6874003142211,0.99968696,0.0013976452,31858843,planet
1672.6887892029843,0.99998057,0.0013978645,31858843,planet
1672.6901780912804,1.0002805,0.0013978389,31858843,planet
1672.6915669800424,0.9999753,0.0013984711,31858843,planet
1672.6929558683396,1.0015998,0.0013984089,31858843,planet
1672.6943447571016,0.99888855,0.0013964643,31858843,planet
1672.6957336453984,1.0019226,0.0013992323,31858843,planet
1672.6971225341617,0.9989594,0.0013975351,31858843,planet
1672.698511422458,1.0002717,0.0013984632,31858843,planet
1672.69990031122,0.99836457,0.0013967687,31858843,planet
1672.7012891995169,1.0013834,0.0013987968,31858843,planet
1672.702678087814,1.0012279,0.0013982126,31858843,planet
1672.7040669765765,1.0007226,0.0013978707,31858843,planet
1672.7054558648738,0.9993892,0.0013980431,31858843,planet
1672.7068447536356,0.9998198,0.0013973425,31858843,planet
1672.7082336419317,0.99866194,0.0013980444,31858843,planet
1672.7096225306946,0.9983974,0.0013970943,31858843,planet
1672.7110114189913,1.0006651,0.00139766,31858843,planet
1672.7124003077543,1.0018613,0.0013992614,31858843,planet
1672.713789196051,1.0015079,0.0013983974,31858843,planet
1672.7151780843474,0.9994392,0.0013974636,31858843,planet
1672.7165669731094,0.99906844,0.0013977123,31858843,planet
1672.7179558614062,0.99997085,0.0013972766,31858843,planet
1672.719344750169,0.9999437,0.0013978659,31858843,planet
1672.7207336384658,1.0012248,0.0013983853,31858843,planet
1672.7221225272287,0.9991253,0.0013966799,31858843,planet
1672.7235114155249,0.99959767,0.0013979545,31858843,planet
1672.724900303821,1.0005128,0.00139696,31858843,planet
1672.7262891925839,0.99862766,0.0013976317,31858843,planet
1672.7276780808807,0.9999297,0.001397378,31858843,planet
1672.7290669696436,1.0001489,0.0013969694,31858843,planet
1672.7304558579403,1.0005409,0.0013987651,31858843,planet
1672.7318447462367,0.99912226,0.0013972333,31858843,planet
1672.7332336349987,1.0002629,0.0013979645,31858843,planet
1672.7346225232964,1.0007988,0.0013973555,31858843,planet
1672.7360114115932,0.99850106,0.001395377,31858843,planet
1672.7374003003551,1.0007184,0.0013984792,31858843,planet
1672.7387891886524,1.0015023,0.0013979276,31858843,planet
1672.7401780769487,1.0011569,0.0013985198,31858843,planet
1672.7415669657105,0.99990875,0.0013975907,31858843,planet
1672.742955854008,0.9984576,0.0013974938,31858843,planet
1672.7443447423057,1.0003006,0.0013978905,31858843,planet
1672.7457336310677,0.99892086,0.001397659,31858843,planet
1672.747122519364,1.0012566,0.0013984838,31858843,planet
1672.7485114076612,1.001789,0.0013982025,31858843,planet
1672.749900296423,0.9987962,0.0013966087,31858843,planet
1672.75128918472,0.9988188,0.0013973401,31858843,planet
1672.7526780730177,0.9997376,0.0013970105,31858843,planet
1672.7540669617797,0.9980768,0.001397208,31858843,planet
1672.755455850076,1.0017331,0.0013988675,31858843,planet
1672.7568447383728,0.999604,0.001396613,31858843,planet
1672.7582336271357,1.0020537,0.0013990791,31858843,planet
1672.7596225154325,0.9991165,0.001398303,31858843,planet
1672.7610114037293,1.001651,0.0013990584,31858843,planet
1672.7624002924913,0.9995802,0.0013973705,31858843,planet
1672.7637891807876,1.0007092,0.001398244,31858843,planet
1672.7651780690849,0.9986651,0.0013978044,31858843,planet
1672.7665669573817,0.9995379,0.001397998,31858843,planet
1672.7679558461443,0.997554,0.0013972108,31858843,planet
1672.7693447344413,1.0001968,0.001398097,31858843,planet
1672.7707336227377,1.0013026,0.0013979406,31858843,planet
1672.772122511034,0.9981125,0.0013973456,31858843,planet
1672.7735113997965,0.9989573,0.0013976169,31858843,planet
1672.7749002880937,0.99626327,0.0013966082,31858843,planet
1672.7762891763905,1.0008891,0.0013987725,31858843,planet
1672.777678065153,1.0007849,0.0013992635,31858843,planet
1672.7790669534493,0.999373,0.0013977017,31858843,planet
1672.7804558417456,0.9985935,0.0013969444,31858843,planet
1672.7818447300428,1.0011625,0.0013989271,31858843,planet
1672.7832336183396,0.9997214,0.0013987932,31858843,planet
1672.7846225071025,0.9996443,0.0013980619,31858843,planet
1672.7860113953993,1.0025402,0.0013993032,31858843,planet
1672.7874002836957,1.0021272,0.0013986616,31858843,planet
1672.788789171992,0.9980921,0.0013974621,31858843,planet
1672.7901780607554,0.9993558,0.0013978163,31858843,planet
1672.7915669490521,0.99768347,0.001396854,31858843,planet
1672.7929558373485,1.0008041,0.0013987725,31858843,planet
1672.7943447256455,0.99960655,0.0013992504,31858843,planet
1672.7957336139416,0.99978983,0.0013987476,31858843,planet
1672.7971225027036,1.0009369,0.0013987498,31858843,planet
1672.7985113910013,1.0009608,0.0013989347,31858843,planet
1672.7999002792985,1.0018386,0.0013997628,31858843,planet
1672.8012891675949,0.99891794,0.0013984898,31858843,planet
1672.8026780558916,1.0007017,0.0013992834,31858843,planet
1672.804066944188,0.9992718,0.0013986116,31858843,planet
1672.80545583295,0.99946886,0.0013987265,31858843,planet
1672.8068447212477,1.0000465,0.0013991134,31858843,planet
1672.8082336095445,1.0009228,0.0013987869,31858843,planet
1672.8096224978408,0.998946,0.0013990145,31858843,planet
1672.811011386138,1.0006447,0.0013994679,31858843,planet
1672.8124002744348,1.0003684,0.0013991739,31858843,planet
1672.8137891631968,1.0003442,0.0013991882,31858843,planet
1672.8151780514936,1.0005001,0.0013998554,31858843,planet
1672.8165669397913,1.0001886,0.0013991903,31858843,planet
1672.8179558280876,1.0001287,0.001399118,31858843,planet
1672.819344716384,0.99927473,0.0013996677,31858843,planet
1672.820733604681,1.0004979,0.0014004086,31858843,planet
1672.822122492978,1.0015982,0.0013996309,31858843,planet
1672.8235113812748,1.001291,0.0013992566,31858843,planet
1672.8249002700377,1.0003532,0.001398841,31858843,planet
1672.826289158334,0.9976505,0.0013989822,31858843,planet
1672.8276780466304,0.99878687,0.00139919,31858843,planet
1672.8290669349271,0.99678534,0.001398744,31858843,planet
1672.8304558232242,0.99874836,0.0013988477,31858843,planet
1672.8318447115212,0.9997675,0.0013994611,31858843,planet
1672.833233599818,0.9997082,0.0013995823,31858843,planet
1672.8346224881143,1.0011941,0.0013998535,31858843,planet
1672.8360113764106,0.9968895,0.0013988876,31858843,planet
1672.8374002647079,0.9989345,0.0013990715,31858843,planet
1672.8387891530047,1.001437,0.0014002181,31858843,planet
1672.8401780413014,1.0023761,0.0014014412,31858843,planet
1672.8415669300643,1.0008718,0.0014013507,31858843,planet
1672.8429558183607,0.9996522,0.0014006521,31858843,planet
1672.844344706657,0.99871564,0.0013995392,31858843,planet
1672.8457335949538,0.9988956,0.0013995604,31858843,planet
1672.8471224832508,0.9999598,0.0014005646,31858843,planet
1672.8485113715478,1.000482,0.0014005147,31858843,planet
1672.8499002598446,1.0005596,0.0014011583,31858843,planet
1672.851289148141,1.0013641,0.0014015972,31858843,planet
1672.8526780364373,0.998888,0.0013998902,31858843,planet
1672.854066924735,0.99939245,0.0014002287,31858843,planet
1672.8554558130322,0.99893457,0.0014003236,31858843,planet
1672.8568447013283,1.0001321,0.0013999338,31858843,planet
1672.8582335896253,0.999125,0.0013994814,31858843,planet
1672.8596224779217,0.99910694,0.0014001963,31858843,planet
1672.861011366218,1.0007095,0.0014021536,31858843,planet
1672.8624002545157,1.0004373,0.0014009732,31858843,planet
1672.8637891428125,0.9999608,0.0014011755,31858843,planet
1672.8651780311088,1.0021167,0.0014013725,31858843,planet
1672.8665669194056,1.0021509,0.0014015891,31858843,planet
1672.867955807702,1.0019455,0.0014014109,31858843,planet
1672.8693446959983,0.9997313,0.0014011895,31858843,planet
1672.870733584296,0.9976233,0.00140014,31858843,planet
1672.8721224725932,0.99869984,0.0014005305,31858843,planet
1672.8735113608893,0.9995387,0.0014004939,31858843,planet
1672.8749002491863,1.0015681,0.0014013599,31858843,planet
1672.8762891374831,0.999634,0.0014011696,31858843,planet
1672.8776780257795,1.0001196,0.0014010429,31858843,planet
1672.8790669140767,1.0014151,0.0014013491,31858843,planet
1672.8804558023744,1.0012286,0.0014020321,31858843,planet
1672.8818446906707,1.0003653,0.0014011498,31858843,planet
1672.8832335789668,1.0008799,0.0014012242,31858843,planet
1672.8846224667982,1.0014029,0.0014009232,31858843,planet
1672.886011355095,0.99938136,0.0014003913,31858843,planet
1672.8874002433922,1.0017095,0.0014021336,31858843,planet
1672.888789131689,1.0018215,0.0014013044,31858843,planet
1672.8901780199853,0.99986446,0.0014010845,31858843,planet
1672.8915669082817,1.0018996,0.0014019519,31858843,planet
1672.8929557965785,0.9981074,0.0014001505,31858843,planet
1672.8943446848757,0.99900377,0.0014007817,31858843,planet
1672.8957335731725,0.99985164,0.0014003911,31858843,planet
1672.8971224614697,1.0014548,0.0014010291,31858843,planet
1672.898511349766,1.0009627,0.0014015491,31858843,planet
1672.8999002375965,0.99860597,0.0013997197,31858843,planet
1672.9012891258935,1.0008467,0.0014003138,31858843,planet
1672.9026780141903,1.0009236,0.0014011248,31858843,planet
1672.9040669024876,1.0001646,0.0013999519,31858843,planet
1672.9054557907843,1.0018729,0.0014013851,31858843,planet
1672.9068446790807,1.0008581,0.0014026936,31858843,planet
1672.908233567377,0.99969566,0.0014005777,31858843,planet
1672.9096224556747,1.0019703,0.0014020455,31858843,planet
1672.9110113435058,0.999945,0.001400125,31858843,planet
1672.9124002318022,0.998764,0.0013995504,31858843,planet
1672.9137891200994,0.99961144,0.0014010547,31858843,planet
1672.9151780083957,1.0005496,0.0014004251,31858843,planet
1672.916566896692,1.0024018,0.0014008388,31858843,planet
1672.9179557849898,0.9984207,0.001399969,31858843,planet
1672.9207335611172,0.9971523,0.0013992228,31858843,planet
1672.922122449414,1.00127,0.0014005571,31858843,planet
1672.9235113377104,1.0000153,0.001400949,31858843,planet
1672.9249002260067,0.99963033,0.0014013662,31858843,planet
1672.9262891143044,0.9992418,0.0013997835,31858843,planet
1672.9276780026014,0.9972389,0.001399514,31858843,planet
1672.9290668904318,1.0001619,0.0014003103,31858843,planet
1672.9318446670254,0.99993616,0.0013992876,31858843,planet
1672.9332335553217,0.99934375,0.0014001133,31858843,planet
1672.9346224436194,0.99756277,0.001399319,31858843,planet
1672.9360113314506,1.0012296,0.0013994699,31858843,planet
1672.937400219747,1.0007615,0.0014008576,31858843,planet
1672.940177996341,1.0019281,0.0014020308,31858843,planet
1672.941566884172,0.99910825,0.0013992918,31858843,planet
1672.9429557724693,1.000645,0.0014004674,31858843,planet
1672.944344660766,0.99966687,0.0013992622,31858843,planet
1672.9457335490624,0.99974746,0.0013993535,31858843,planet
1672.947122436893,0.9996324,0.0013997658,31858843,planet
1672.9485113251899,0.9968877,0.0013989124,31858843,planet
1672.9499002134871,1.0034842,0.0014012465,31858843,planet
1672.951289101784,0.99860406,0.001398962,31858843,planet
1672.9526779896155,1.0000458,0.0013990221,31858843,planet
1672.9540668779116,0.9989631,0.001399207,31858843,planet
1672.9554557662077,1.0017599,0.0013992416,31858843,planet
1672.956844654505,1.0002639,0.0013994167,31858843,planet
1672.958233542336,0.99907714,0.0013990077,31858843,planet
1672.9596224306333,0.9995622,0.0013987147,31858843,planet
1672.96101131893,0.99941874,0.0013984911,31858843,planet
1672.9624002067608,1.0006826,0.001399474,31858843,planet
1672.963789095057,1.0002092,0.0013991172,31858843,planet
1672.965177983354,1.0001047,0.0013988154,31858843,planet
1672.9665668716511,1.0015659,0.0014000236,31858843,planet
1672.9693446477795,1.0000963,0.0013985025,31858843,planet
1672.972122423906,0.9979499,0.001398135,31858843,planet
1672.9735113122038,0.99719363,0.0013977655,31858843,planet
1672.974900200501,0.99981016,0.001398456,31858843,planet
1672.9762890883317,0.99961215,0.0013977155,31858843,planet
1672.9776779766285,0.99990475,0.0013974253,31858843,planet
1672.9790668649248,1.0017883,0.0013990023,31858843,planet
1672.9804557527555,0.9985915,0.0013988254,31858843,planet
1672.9818446410532,0.99815655,0.0013963466,31858843,planet
1672.98323352935,1.0005097,0.0013982657,31858843,planet
1672.9846224171806,0.99665105,0.0013964595,31858843,planet
1672.9860113054779,1.002338,0.0013985705,31858843,planet
1672.9874001937742,1.0007042,0.0013983673,31858843,planet
1672.9887890816046,1.0009692,0.0013985897,31858843,planet
1672.990177969902,0.99700606,0.001397601,31858843,planet
1672.9915668577337,1.000287,0.0013972193,31858843,planet
1672.99295574603,0.9989543,0.0013951617,31858843,planet
1672.9943446343268,1.001419,0.0013980012,31858843,planet
1672.9957335221575,0.99837947,0.0013961407,31858843,planet
1672.9971224104538,1.0006074,0.0013980665,31858843,planet
1672.9985112987515,1.0006999,0.0013976133,31858843,planet
1672.9999001865826,0.99829966,0.0013965407,31858843,planet
1673.001289074879,1.0004709,0.0013978675,31858843,planet
1673.0026779627105,1.0013237,0.0013970973,31858843,planet
1673.0040668510073,0.99906677,0.0013971867,31858843,planet
1673.0054557393046,1.0012958,0.0013975851,31858843,planet
1673.0068446271357,1.0010872,0.0013965121,31858843,planet
1673.0082335154325,0.9995003,0.0013960724,31858843,planet
1673.0096224032632,1.0010161,0.0013969323,31858843,planet
1673.0110112915595,1.0015887,0.0013975461,31858843,planet
1673.012400179391,0.9980748,0.0013964075,31858843,planet
1673.0137890676879,1.0007204,0.0013959467,31858843,planet
1673.0151779555192,1.0007777,0.0013966042,31858843,planet
1673.0165668438162,1.0021917,0.001397095,31858843,planet
1673.0179557321126,1.0017114,0.0013968147,31858843,planet
1673.0193446199432,0.99969256,0.0013957884,31858843,planet
1673.02073350824,0.999499,0.0013958949,31858843,planet
1673.0221223960716,1.001556,0.0013966579,31858843,planet
1673.0235112843684,0.99921757,0.0013958865,31858843,planet
1673.0249001721998,0.9988494,0.0013952964,31858843,planet
1673.0262890604959,1.0015124,0.0013963062,31858843,planet
1673.0276779483265,1.001911,0.0013957038,31858843,planet
1673.0304557244558,1.0001467,0.0013960092,31858843,planet
1673.0332335005833,0.9999026,0.001396246,31858843,planet
1673.0346223888796,0.99987495,0.0013949763,31858843,planet
1673.0360112767103,0.99956524,0.0013941742,31858843,planet
1673.037400165008,0.99843645,0.001394777,31858843,planet
1673.038789052839,1.0016023,0.0013958378,31858843,planet
1673.0401779411354,1.0015599,0.0013953056,31858843,planet
1673.0415668289668,0.9996321,0.00139425,31858843,planet
1673.0429557172629,1.0009258,0.0013947942,31858843,planet
1673.0443446050936,1.0020226,0.0013958181,31858843,planet
1673.0457334933913,1.0011215,0.0013952174,31858843,planet
1673.0471223812228,1.0007675,0.0013952453,31858843,planet
1673.0485112695192,1.0014255,0.001395705,31858843,planet
1673.0499001573503,1.0009749,0.0013948681,31858843,planet
1673.0512890456466,0.99990296,0.001394253,31858843,planet
1673.0526779334773,1.0000561,0.0013941848,31858843,planet
1673.0540668213093,0.9998215,0.001394045,31858843,planet
1673.0554557096061,1.0005822,0.0013944724,31858843,planet
1673.0568445974368,0.9988188,0.0013942024,31858843,planet
1673.058233485734,1.0024254,0.0013950969,31858843,planet
1673.0596223735645,0.99940187,0.0013948249,31858843,planet
1673.0610112618615,1.0013095,0.0013950526,31858843,planet
1673.0624001496935,1.0006654,0.0013949639,31858843,planet
1673.0637890375242,0.99875313,0.0013941961,31858843,planet
1673.0651779258205,1.0001495,0.0013942815,31858843,planet
1673.0665668136517,1.0002615,0.0013939061,31858843,planet
1673.067955701949,0.9997085,0.001394391,31858843,planet
1673.06934458978,0.9997616,0.0013941354,31858843,planet
1673.0707334776112,0.9995216,0.0013941228,31858843,planet
1673.0721223659084,1.0003861,0.0013937142,31858843,planet
1673.073511253739,0.99998647,0.0013943181,31858843,planet
1673.0749001420354,1.001819,0.0013947951,31858843,planet
1673.0762890298665,0.9971549,0.0013928066,31858843,planet
1673.0776779176979,1.0004619,0.0013945843,31858843,planet
1673.079066805995,1.0006348,0.0013943178,31858843,planet
1673.080455693826,1.0006421,0.001394685,31858843,planet
1673.0818445816567,0.9982107,0.0013929508,31858843,planet
1673.083233469953,0.9987346,0.0013931388,31858843,planet
1673.0846223577846,0.9999854,0.0013930681,31858843,planet
1673.0860112456157,1.0009974,0.0013940062,31858843,planet
1673.0874001339125,0.99878424,0.0013932836,31858843,planet
1673.088789021744,0.9999441,0.0013943786,31858843,planet
1673.0901779095748,0.99970317,0.001392657,31858843,planet
1673.091566797871,0.99834275,0.0013936197,31858843,planet
1673.0929556857031,0.9993369,0.0013928164,31858843,planet
1673.0943445735343,0.9995744,0.0013926305,31858843,planet
1673.0957334618306,0.9984131,0.001392053,31858843,planet
1673.0971223496617,0.998324,0.0013924122,31858843,planet
1673.0985112374924,1.0013732,0.001393675,31858843,planet
1673.0999001257887,1.0023545,0.0013938677,31858843,planet
1673.1012890136208,0.99947155,0.0013929452,31858843,planet
1673.1026779014524,1.0002457,0.0013938602,31858843,planet
1673.1040667897485,1.0002674,0.0013931501,31858843,planet
1673.1054556775798,0.9992448,0.0013917885,31858843,planet
1673.1068445654105,0.9994219,0.0013929892,31858843,planet
1673.1082334532412,0.99993664,0.001392506,31858843,planet
1673.1096223415389,1.0000612,0.0013925217,31858843,planet
1673.11101122937,0.9994791,0.0013924765,31858843,planet
1673.1124001172007,0.9987103,0.0013924955,31858843,planet
1673.1137890054974,0.99777406,0.0013916194,31858843,planet
1673.115177893328,0.9989268,0.0013923913,31858843,planet
1673.1165667811588,1.002092,0.0013928951,31858843,planet
1673.1179556689908,0.99946725,0.0013922772,31858843,planet
1673.119344557288,1.0006094,0.0013932784,31858843,planet
1673.1207334451187,1.0005804,0.0013925206,31858843,planet
1673.1221223329499,1.0003378,0.001393432,31858843,planet
1673.1235112207805,0.9979955,0.0013917515,31858843,planet
1673.1249001090773,0.9975056,0.0013914258,31858843,planet
1673.1262889969094,0.99948424,0.0013925793,31858843,planet
1673.12767788474,0.9983838,0.0013921288,31858843,planet
1673.1290667725707,1.0001543,0.0013932323,31858843,planet
1673.130455660402,0.9995253,0.0013925222,31858843,planet
1673.131844548699,0.99979025,0.0013923807,31858843,planet
1673.1332334365302,0.9995001,0.0013926143,31858843,planet
1673.1346223243618,0.99975044,0.0013931066,31858843,planet
1673.136011212193,1.002567,0.0013938033,31858843,planet
1673.1374001000236,1.0012071,0.0013931432,31858843,planet
1673.13878898832,0.9984272,0.0013923919,31858843,planet
1673.140177876151,0.99830216,0.0013921304,31858843,planet
1673.1415667639826,0.999421,0.0013923441,31858843,planet
1673.1429556518137,1.0023788,0.00139354,31858843,planet
1673.1443445396453,1.0020899,0.0013936402,31858843,planet
1673.1457334279417,0.9961578,0.0013895767,31858843,planet
1673.1471223157723,0.9981998,0.0013917502,31858843,planet
1673.1485112036034,1.0008733,0.001393031,31858843,planet
1673.1499000914346,0.9976708,0.0013918232,31858843,planet
1673.1512889792662,1.0009464,0.0013921532,31858843,planet
1673.154066754928,0.9981504,0.0013922325,31858843,planet
1673.1568445310563,0.9989737,0.0013921564,31858843,planet
1673.1582334188877,1.000218,0.0013926298,31858843,planet
1673.1596223067181,0.9984036,0.0013915184,31858843,planet
1673.1610111945497,0.9991008,0.0013923219,31858843,planet
1673.1624000823804,1.0005721,0.0013925462,31858843,planet
1673.163788970211,0.9995419,0.0013926949,31858843,planet
1673.1651778585087,0.9994677,0.0013912524,31858843,planet
1673.1665667463399,1.0016958,0.001390456,31858843,planet
1673.1679556341705,0.999538,0.0013917491,31858843,planet
1673.1693445220017,1.0004523,0.0013930291,31858843,planet
1673.172122297663,1.00039,0.0013918075,31858843,planet
1673.173511185495,0.9979012,0.0013916504,31858843,planet
1673.1749000733264,0.99955326,0.0013923624,31858843,planet
1673.1762889611568,0.9992764,0.001392399,31858843,planet
1673.1776778489884,1.0000038,0.0013926923,31858843,planet
1673.179066736819,0.99892753,0.0013921767,31858843,planet
1673.1804556246502,1.0034457,0.0013942746,31858843,planet
1673.181844512948,1.0000293,0.0013928501,31858843,planet
1673.1832334007786,0.99898785,0.0013919468,31858843,planet
1673.1846222886093,1.0016041,0.0013927869,31858843,planet
1673.1860111764404,0.99815017,0.0013918465,31858843,planet
1673.187400064271,1.00147,0.0013933355,31858843,planet
1673.1887889521026,0.99986047,0.0013925375,31858843,planet
1673.1901778399347,0.99976796,0.00139233,31858843,planet
1673.1915667277653,0.9992405,0.0013923106,31858843,planet
1673.1929556155958,1.0021403,0.001392857,31858843,planet
1673.1943445034271,0.9978515,0.0013910981,31858843,planet
1673.1957333912583,1.0005168,0.0013931487,31858843,planet
1673.1971222790899,1.0005833,0.0013922619,31858843,planet
1673.198511166921,0.99853325,0.0013913165,31858843,planet
1673.1999000547526,1.0013144,0.0013931728,31858843,planet
1673.201288942583,0.9999873,0.0013922825,31858843,planet
1673.2026778304134,1.001083,0.0013920303,31858843,planet
1673.204066718245,0.9999652,0.0013925901,31858843,planet
1673.2054556060762,1.0013841,0.0013925816,31858843,planet
1673.2068444939077,0.9999238,0.0013925653,31858843,planet
1673.2082333817389,0.9990203,0.0013913142,31858843,planet
1673.2096222695695,0.9994821,0.0013916387,31858843,planet
1673.2110111574002,1.0012062,0.0013932142,31858843,planet
1673.2124000452322,0.9999298,0.001392217,31858843,planet
1673.2137889330634,1.0003004,0.0013927055,31858843,planet
1673.215177820894,0.999099,0.0013919922,31858843,planet
1673.2165667087256,0.9973787,0.0013911916,31858843,planet
1673.2179555965563,1.0008696,0.0013931391,31858843,planet
1673.2193444843867,0.9986699,0.0013915777,31858843,planet
1673.2207333722185,0.9997899,0.0013920707,31858843,planet
1673.2221222600501,0.9991966,0.0013924935,31858843,planet
1673.2235111478808,1.0020045,0.0013930624,31858843,planet
1673.224900035712,0.99844176,0.0013925639,31858843,planet
1673.226288923077,0.999826,0.0013913988,31858843,planet
1673.2276778109076,1.0000458,0.0013924704,31858843,planet
1673.2290666987396,0.99985754,0.0013915258,31858843,planet
1673.2304555865708,0.9983194,0.0013917944,31858843,planet
1673.2318444744014,0.99854016,0.0013925041,31858843,planet
1673.233233362233,1.000829,0.0013925222,31858843,planet
1673.2346222500637,1.0010844,0.0013929419,31858843,planet
1673.2360111378941,1.0002158,0.0013924527,31858843,planet
1673.237400025726,0.9992794,0.0013921693,31858843,planet
1673.2387889135575,1.0006729,0.0013920993,31858843,planet
1673.2401778013882,1.0008351,0.0013935588,31858843,planet
1673.2415666887537,0.9986159,0.0013921809,31858843,planet
1673.2429555765843,1.0020397,0.0013933397,31858843,planet
1673.244344464416,0.9988248,0.0013921234,31858843,planet
1673.2457333522477,0.9993238,0.0013917312,31858843,planet
1673.2471222400782,1.0020099,0.0013932324,31858843,planet
1673.2485111279088,0.99797744,0.001391092,31858843,planet
1673.2499000157404,0.99928147,0.0013918513,31858843,planet
1673.251288903571,0.99851054,0.0013906984,31858843,planet
1673.2526777909366,1.0019242,0.0013922733,31858843,planet
1673.2540666787686,1.0008193,0.0013916801,31858843,planet
1673.2554555665993,0.9986325,0.0013919041,31858843,planet
1673.25684445443,0.9993395,0.001391842,31858843,planet
1673.258233342261,1.000975,0.0013926709,31858843,planet
1673.2596222300926,0.9997962,0.0013925439,31858843,planet
1673.261011117458,1.00105,0.0013926689,31858843,planet
1673.2624000052897,0.999877,0.0013919775,31858843,planet
1673.2637888931208,0.9998481,0.0013919299,31858843,planet
1673.2651777809515,1.0015801,0.0013933096,31858843,planet
1673.2665666687822,0.9995001,0.0013910953,31858843,planet
1673.2679555566133,0.9986796,0.0013919265,31858843,planet
1673.2693444439792,1.0006756,0.0013920495,31858843,planet
1673.2707333318103,0.9999207,0.0013912759,31858843,planet
1673.2721222196417,1.0018774,0.0013924161,31858843,planet
1673.2735111074721,1.0006205,0.0013919304,31858843,planet
1673.2748999948371,0.9979739,0.0013910782,31858843,planet
1673.2762888826692,0.9990807,0.0013907288,31858843,planet
1673.2776777705008,0.9983697,0.0013905786,31858843,planet
1673.2790666583314,0.99867886,0.001391499,31858843,planet
1673.2804555461626,0.99910516,0.001391715,31858843,planet
1673.2818444335276,0.9992024,0.0013896311,31858843,planet
1673.2832333213582,1.0000073,0.0013918233,31858843,planet
1673.2846222091903,0.999333,0.001391048,31858843,planet
1673.2860110970214,1.00111,0.0013914617,31858843,planet
1673.2873999843864,1.0005189,0.0013908059,31858843,planet
1673.288788872218,0.9996441,0.0013910308,31858843,planet
1673.2901777600484,0.99882334,0.0013910818,31858843,planet
1673.2915666478789,0.9994544,0.0013907925,31858843,planet
1673.2929555352453,1.0019627,0.0013917303,31858843,planet
1673.2943444230768,0.9995571,0.0013908965,31858843,planet
1673.2957333109075,1.0009862,0.0013904595,31858843,planet
1673.2971221987386,0.9997018,0.0013908767,31858843,planet
1673.2985110861036,0.9991721,0.0013906311,31858843,planet
1673.2998999739348,0.9994828,0.0013907626,31858843,planet
1673.3012888617668,1.0000825,0.0013902339,31858843,planet
1673.3026777491318,1.0015546,0.0013903218,31858843,planet
1673.3040666369625,0.99949944,0.0013896347,31858843,planet
1673.305455524794,0.9993937,0.0013907566,31858843,planet
1673.3068444121589,0.99876046,0.0013908829,31858843,planet
1673.3082332999902,1.0004671,0.0013910943,31858843,planet
1673.3096221878222,0.9997627,0.0013875582,31858843,planet
1673.311011075653,0.99980766,0.0013890953,31858843,planet
1673.312399963018,0.9995744,0.0013898726,31858843,planet
1673.313788850849,1.0003046,0.0013908728,31858843,planet
1673.3151777386797,1.0003332,0.0013895228,31858843,planet
1673.3165666260452,0.9995377,0.0013895242,31858843,planet
1673.3179555138772,0.9989578,0.0013897972,31858843,planet
1673.319344401708,1.0013418,0.001390317,31858843,planet
1673.320733289073,0.9975514,0.0013885902,31858843,planet
1673.3221221769045,0.99951375,0.0013902953,31858843,planet
1673.32351106427,1.0007094,0.001390006,31858843,planet
1673.3248999521013,0.9982893,0.0013888432,31858843,planet
1673.3262888399327,1.0016139,0.0013897106,31858843,planet
1673.3290666151288,1.0012625,0.0013899859,31858843,planet
1673.3304555029595,0.9986372,0.0013887865,31858843,planet
1673.3318443903258,0.99861556,0.0013887316,31858843,planet
1673.3332332781574,1.0006565,0.0013896221,31858843,planet
1673.3346221655222,1.0016016,0.0013906775,31858843,planet
1673.3360110533536,0.99973464,0.0013879457,31858843,planet
1673.3373999411842,0.99814665,0.0013884988,31858843,planet
1673.3387888285492,0.999564,0.0013902745,31858843,planet
1673.3401777163813,0.9991657,0.0013885584,31858843,planet
1673.3415666037467,0.9992117,0.0013890528,31858843,planet
1673.3429554915774,0.9977788,0.0013879429,31858843,planet
1673.3443443794085,1.0002644,0.0013894582,31858843,planet
1673.3457332667735,0.9993567,0.0013880195,31858843,planet
1673.3471221546042,0.99993324,0.0013888536,31858843,planet
1673.3485110419706,1.000024,0.0013890815,31858843,planet
1673.3498999298022,1.0001624,0.0013883901,31858843,planet
1673.351288817167,0.9998318,0.0013883323,31858843,planet
1673.3526777049983,0.99981034,0.0013875791,31858843,planet
1673.354066592829,1.0020677,0.0013896863,31858843,planet
1673.355455480194,1.001447,0.0013903074,31858843,planet
1673.356844368026,1.0016972,0.0013884503,31858843,planet
1673.3582332553915,1.0009173,0.001389188,31858843,planet
1673.3596221432222,0.99771917,0.0013872453,31858843,planet
1673.3610110305879,0.99925965,0.0013886272,31858843,planet
1673.3623999184183,0.999056,0.0013875213,31858843,planet
1673.3637888057842,0.99947137,0.0013880534,31858843,planet
1673.3651776936163,1.0001116,0.0013881744,31858843,planet
1673.3665665809813,1.0002873,0.001388295,31858843,planet
1673.367955468812,1.00018,0.0013882598,31858843,planet
1673.3693443561774,0.99865294,0.0013874894,31858843,planet
1673.370733244008,0.9996663,0.0013876263,31858843,planet
1673.3721221313735,0.9990897,0.0013874718,31858843,planet
1673.3735110192056,0.9985194,0.0013869897,31858843,planet
1673.3748999065706,0.99812466,0.0013873845,31858843,planet
1673.3762887944013,0.9985729,0.0013876404,31858843,planet
1673.377677681767,1.00033,0.0013876709,31858843,planet
1673.3790665695974,0.9988421,0.0013877566,31858843,planet
1673.3804554569633,0.99865454,0.0013878122,31858843,planet
1673.3818443447954,0.99798346,0.0013874719,31858843,planet
1673.3832332321604,1.0002018,0.0013878508,31858843,planet
1673.384622119991,0.9959634,0.0013854821,31858843,planet
1673.3860110073565,0.99706537,0.0013856866,31858843,planet
1673.3873998951879,0.99841154,0.001386084,31858843,planet
1673.3887887825535,0.99480164,0.001385135,31858843,planet
1673.390177669919,0.9925072,0.0013842806,31858843,planet
1673.3915665577506,0.99094254,0.0013829814,31858843,planet
1673.3929554451156,0.9919683,0.0013834204,31858843,planet
1673.3943443329463,0.990068,0.0013823581,31858843,planet
1673.3957332203126,0.98887473,0.0013816273,31858843,planet
1673.3971221081438,0.99103516,0.0013820764,31858843,planet
1673.3985109955088,0.98996377,0.0013815473,31858843,planet
1673.3998998828743,0.990832,0.0013835545,31858843,planet
1673.401288770705,0.9870152,0.0013802677,31858843,planet
1673.40267765807,0.98960614,0.0013820593,31858843,planet
1673.404066545902,0.98857737,0.0013818895,31858843,planet
1673.4054554332677,0.9894678,0.0013822151,31858843,planet
1673.4068443206324,0.98970735,0.0013821723,31858843,planet
1673.408233208464,0.9895013,0.0013823049,31858843,planet
1673.409622095829,0.9885133,0.0013817935,31858843,planet
1673.4110109836597,0.9890204,0.0013816521,31858843,planet
1673.412399871026,0.98570615,0.0013802034,31858843,planet
1673.4137887583915,0.9876145,0.0013805964,31858843,planet
1673.4151776462222,0.9891942,0.0013818354,31858843,planet
1673.4165665335877,0.9889036,0.0013813269,31858843,planet
1673.4179554209527,0.99220973,0.0013842296,31858843,planet
1673.4193443087834,0.9869847,0.0013804503,31858843,planet
1673.4207331961497,0.9863929,0.0013805077,31858843,planet
1673.4221220835154,0.9872785,0.0013810057,31858843,planet
1673.4235109713459,0.98562604,0.0013795324,31858843,planet
1673.4248998587118,0.98843193,0.0013811458,31858843,planet
1673.4262887460768,0.98642087,0.0013806251,31858843,planet
1673.427677633908,0.98661506,0.0013809956,31858843,planet
1673.4290665212743,0.9867194,0.0013807459,31858843,planet
1673.4304554086393,0.9871763,0.0013796983,31858843,planet
1673.43184429647,0.9865282,0.0013802578,31858843,planet
1673.4332331838355,0.98892146,0.0013811422,31858843,planet
1673.4346220712005,0.9901711,0.0013811181,31858843,planet
1673.436010959032,0.988123,0.0013806171,31858843,planet
1673.4373998463984,0.9865412,0.0013796057,31858843,planet
1673.4387887337634,0.9866639,0.0013794064,31858843,planet
1673.4401776215939,0.9885382,0.0013806195,31858843,planet
1673.4415665089596,0.9858683,0.0013803437,31858843,planet
1673.4429553963246,0.9878331,0.0013804134,31858843,planet
1673.44434428369,0.9890337,0.0013816429,31858843,planet
1673.445733171522,0.98685944,0.0013800419,31858843,planet
1673.447122058887,0.98793125,0.0013811787,31858843,planet
1673.448510946252,0.9875168,0.0013816596,31858843,planet
1673.4498998340832,0.9880233,0.0013804899,31858843,planet
1673.4512887214496,0.9867317,0.0013795942,31858843,planet
1673.4526776088155,0.9866456,0.0013814153,31858843,planet
1673.4540664961805,0.98998475,0.0013807988,31858843,planet
1673.4554553840117,0.98805064,0.0013809967,31858843,planet
1673.4568442713767,0.9854419,0.0013807461,31858843,planet
1673.4582331587417,0.98547024,0.0013800308,31858843,planet
1673.459622046108,0.98512924,0.0013806239,31858843,planet
1673.4610109334735,0.9889013,0.0013811535,31858843,planet
1673.4623998213042,0.98959345,0.0013805953,31858843,planet
1673.46378870867,0.98883116,0.0013805579,31858843,planet
1673.4651775960351,0.9869757,0.0013815761,31858843,planet
1673.4665664834,0.9882216,0.0013809786,31858843,planet
1673.4679553712317,0.98809654,0.0013813485,31858843,planet
1673.4693442585976,0.98670185,0.0013800313,31858843,planet
1673.4707331459626,0.9877895,0.0013808901,31858843,planet
1673.472122033328,0.9884032,0.0013814358,31858843,planet
1673.4735109206931,0.98891705,0.001381642,31858843,planet
1673.4748998085238,0.9881124,0.0013814265,31858843,planet
1673.4762886958902,0.987179,0.001381349,31858843,planet
1673.4776775832556,0.9869274,0.001380272,31858843,planet
1673.4790664706206,0.9899346,0.0013824236,31858843,planet
1673.4804553579866,0.9883076,0.0013816792,31858843,planet
1673.4818442453516,0.9887826,0.0013817379,31858843,planet
1673.4832331331827,0.9903546,0.001382298,31858843,planet
1673.484622020549,0.99288285,0.0013833788,31858843,planet
1673.486010907914,0.9896923,0.0013827115,31858843,planet
1673.487399795279,0.9893063,0.0013822506,31858843,planet
1673.4887886826446,0.9884683,0.0013812042,31858843,planet
1673.4901775700096,0.98968095,0.001382244,31858843,planet
1673.4915664573755,0.99029934,0.0013824628,31858843,planet
1673.4929553452073,0.9912505,0.0013832406,31858843,planet
1673.494344232572,0.9918594,0.0013829337,31858843,planet
1673.495733119937,0.9937143,0.001384219,31858843,planet
1673.497122007303,0.9929654,0.0013837225,31858843,planet
1673.498510894668,0.9931028,0.0013842336,31858843,planet
1673.4998997820335,0.99472547,0.0013856167,31858843,planet
1673.5012886693999,0.9947034,0.001385138,31858843,planet
1673.5026775567649,0.9971073,0.0013865216,31858843,planet
1673.5040664441299,0.9949331,0.0013861256,31858843,planet
1673.505455331961,0.996829,0.0013869206,31858843,planet
1673.506844219326,0.99711096,0.001386442,31858843,planet
1673.508233106692,1.0012819,0.0013879936,31858843,planet
1673.5096219940583,0.9995056,0.001387222,31858843,planet
1673.511010881423,0.99995327,0.0013878196,31858843,planet
1673.5123997687879,0.9989514,0.0013866131,31858843,planet
1673.5137886561538,1.0005647,0.0013885647,31858843,planet
1673.5151775435202,0.99860144,0.0013869422,31858843,planet
1673.5165664308856,0.9968551,0.001387079,31858843,planet
1673.5179553182506,1.0008005,0.0013888116,31858843,planet
1673.5193442056166,1.0001833,0.0013873748,31858843,planet
1673.5207330929813,0.9979408,0.0013875249,31858843,planet
1673.5221219803461,0.997134,0.0013869939,31858843,planet
1673.5235108677125,0.9986789,0.0013879361,31858843,planet
1673.5248997550784,0.99994975,0.0013884144,31858843,planet
1673.526288642909,1.0006858,0.0013880109,31858843,planet
1673.5276775302746,0.9993351,0.0013884443,31858843,planet
1673.5290664176396,0.9983516,0.0013878708,31858843,planet
1673.5304553050046,1.0001392,0.0013892071,31858843,planet
1673.531844192371,0.99855524,0.0013872439,31858843,planet
1673.5332330797364,0.99992007,0.0013892793,31858843,planet
1673.5346219671014,1.0019547,0.001390032,31858843,planet
1673.5360108544673,0.999375,0.0013887879,31858843,planet
1673.5373997418321,0.99979967,0.001389073,31858843,planet
1673.538788629197,1.0003896,0.0013894165,31858843,planet
1673.5401775165633,1.0002872,0.0013899409,31858843,planet
1673.5415664039292,1.0009799,0.0013891305,31858843,planet
1673.5429552912942,1.0009356,0.0013897383,31858843,planet
1673.5443441786597,0.9980696,0.0013883408,31858843,planet
1673.5457330660247,0.9991864,0.0013882504,31858843,planet
1673.5471219533902,0.9987244,0.0013886056,31858843,planet
1673.5485108402909,0.9996647,0.0013884054,31858843,planet
1673.5498997276559,0.99850845,0.0013896729,31858843,planet
1673.551288615021,1.001107,0.0013902301,31858843,planet
1673.5526775023868,1.0007627,0.0013889362,31858843,planet
1673.5540663897516,0.99698704,0.0013889038,31858843,planet
1673.5554552771173,1.0000788,0.0013894045,31858843,planet
1673.5568441644837,0.9992584,0.0013885212,31858843,planet
1673.5582330518487,0.99956465,0.0013899673,31858843,planet
1673.5596219392137,0.9995693,0.0013890051,31858843,planet
1673.5610108265791,1.0000546,0.0013897924,31858843,planet
1673.5623997139442,0.99883914,0.0013893085,31858843,planet
1673.5637886013099,1.0007241,0.0013902836,31858843,planet
1673.565177488676,0.99883634,0.0013897785,31858843,planet
1673.566566376041,0.9999035,0.001390192,31858843,planet
1673.567955263406,1.0014025,0.0013908729,31858843,planet
1673.5693441503063,1.0007336,0.0013894938,31858843,planet
1673.5707330376717,1.0007368,0.001390624,31858843,planet
1673.5721219250377,0.9996709,0.0013905363,31858843,planet
1673.5735108124031,0.9997524,0.0013902062,31858843,planet
1673.5748996997681,0.9994064,0.0013901279,31858843,planet
1673.5762885871331,0.9993362,0.0013902244,31858843,planet
1673.5776774744986,0.99824905,0.0013904882,31858843,planet
1673.579066361865,1.0004603,0.0013911104,31858843,planet
1673.580455249231,1.0004829,0.0013898587,31858843,planet
1673.58184413613,0.9980833,0.0013899679,31858843,planet
1673.5832330234957,0.9989501,0.0013900375,31858843,planet
1673.5846219108607,0.99884546,0.0013898935,31858843,planet
1673.5860107982257,1.0003927,0.0013908306,31858843,planet
1673.5873996855921,0.99801946,0.0013907254,31858843,planet
1673.5887885729576,1.0000458,0.001391223,31858843,planet
1673.590177459857,1.0006918,0.0013915689,31858843,planet
1673.5915663472224,0.99878144,0.0013903693,31858843,planet
1673.5929552345874,0.99689806,0.0013895587,31858843,planet
1673.5943441219524,1.0003154,0.0013915158,31858843,planet
1673.5957330093188,0.9996864,0.0013906551,31858843,planet
1673.5971218966847,0.99866056,0.0013907765,31858843,planet
1673.598510783584,0.9988878,0.0013906374,31858843,planet
1673.5998996709495,0.9981458,0.0013906015,31858843,planet
1673.6012885583145,1.0021174,0.0013915986,31858843,planet
1673.60267744568,1.0005981,0.0013909724,31858843,planet
1673.6040663330464,0.99786204,0.0013906356,31858843,planet
1673.6054552199457,1.0008711,0.0013910247,31858843,planet
1673.6068441073107,0.99916166,0.00139106,31858843,planet
1673.6082329946764,1.0003308,0.001391794,31858843,planet
1673.6096218820412,1.0014166,0.0013922816,31858843,planet
1673.6110107694071,0.9959519,0.001390238,31858843,planet
1673.6123996563078,1.0000703,0.0013917969,31858843,planet
1673.6137885436729,0.9995875,0.0013915041,31858843,planet
1673.6151774310379,1.0014106,0.001392188,31858843,planet
1673.6165663184033,0.99818426,0.0013908704,31858843,planet
1673.6179552053027,1.0017475,0.0013926178,31858843,planet
1673.6193440926681,0.9991841,0.0013921788,31858843,planet
1673.6207329800345,0.9994992,0.0013925922,31858843,planet
1673.6221218673995,1.0003588,0.001391789,31858843,planet
1673.6235107542989,1.0000666,0.0013928185,31858843,planet
1673.6248996416648,1.0000244,0.0013922448,31858843,planet
1673.6262885290296,0.9987875,0.0013918881,31858843,planet
1673.6276774163953,0.998536,0.0013922314,31858843,planet
1673.629066303296,0.9996866,0.001391353,31858843,planet
1673.630455190661,1.0014777,0.0013923884,31858843,planet
1673.631844078026,0.9985518,0.0013904573,31858843,planet
1673.6332329649258,1.00111,0.0013925104,31858843,planet
1673.6346218522915,0.9977364,0.0013907892,31858843,planet
1673.6360107396572,0.9963816,0.0013903683,31858843,planet
1673.637399626557,1.0005862,0.0013926147,31858843,planet
1673.638788513922,0.9984468,0.0013909851,31858843,planet
1673.640177401287,1.000606,0.0013918988,31858843,planet
1673.641566288653,0.99835336,0.0013909561,31858843,planet
1673.6429551755537,0.9989001,0.0013915604,31858843,planet
1673.6443440629191,1.0011004,0.0013923085,31858843,planet
1673.6457329502841,0.9991691,0.0013924916,31858843,planet
1673.647121837184,1.0008805,0.00139215,31858843,planet
1673.648510724549,0.9979992,0.00139202,31858843,planet
1673.649899611914,0.9998857,0.0013918682,31858843,planet
1673.6512884988147,0.99957615,0.0013920161,31858843,planet
1673.6526773861804,0.9977379,0.0013913843,31858843,planet
1673.6540662730795,0.99884194,0.0013914941,31858843,planet
1673.6554551604454,1.0017256,0.0013930463,31858843,planet
1673.6568440478104,0.99848783,0.0013914098,31858843,planet
1673.6582329347098,0.99725485,0.0013911696,31858843,planet
1673.6596218220761,0.99987787,0.0013929985,31858843,planet
1673.6610107094416,1.0004808,0.0013934559,31858843,planet
1673.662399596341,0.99893546,0.0013922981,31858843,planet
1673.6637884837064,0.99872315,0.0013922306,31858843,planet
1673.6651773710714,0.9982488,0.0013916092,31858843,planet
1673.6665662579717,1.0003729,0.0013920963,31858843,planet
1673.667955145338,1.000482,0.0013931727,31858843,planet
1673.6693440322374,0.998118,0.0013919364,31858843,planet
1673.6707329196022,1.0026195,0.0013940368,31858843,planet
1673.6721218065022,1.0007995,0.001392976,31858843,planet
1673.6735106938672,0.99959433,0.0013925576,31858843,planet
1673.6748995812327,1.0009778,0.0013930333,31858843,planet
1673.6762884681334,1.0011084,0.0013931398,31858843,planet
1673.6776773554984,1.000498,0.0013929105,31858843,planet
1673.6790662423978,1.0000851,0.0013935546,31858843,planet
1673.6804551297632,0.9982249,0.0013917839,31858843,planet
1673.6818440171282,1.0000507,0.001393045,31858843,planet
1673.6832329040285,0.99988145,0.0013930572,31858843,planet
1673.6846217913949,0.9991459,0.0013926909,31858843,planet
1673.6860106782942,0.9996126,0.001392942,31858843,planet
1673.687399565659,0.99858356,0.0013930638,31858843,planet
1673.688788452559,1.0005128,0.0013928663,31858843,planet
1673.690177339924,0.9998595,0.0013938474,31858843,planet
1673.6915662268239,0.99992555,0.0013930999,31858843,planet
1673.6929551141902,0.99942446,0.0013936119,31858843,planet
1673.6943440010896,1.0014594,0.0013936386,31858843,planet
1673.6957328884546,0.998016,0.0013922295,31858843,planet
1673.6971217753546,1.0003064,0.0013934114,31858843,planet
1673.6985106627203,0.99843854,0.0013925823,31858843,planet
1673.69989954962,1.0005778,0.001393607,31858843,planet
1673.701288436986,0.9996699,0.0013929405,31858843,planet
1673.7026773238858,0.999702,0.0013930878,31858843,planet
1673.7040662112508,1.000378,0.0013922298,31858843,planet
1673.7054550981502,0.9978966,0.0013923591,31858843,planet
1673.7068439855166,1.0024722,0.001394767,31858843,planet
1673.7082328724164,0.99824834,0.0013923971,31858843,planet
1673.7096217597814,1.0011183,0.0013935401,31858843,planet
1673.7110106466816,0.9984719,0.0013928874,31858843,planet
1673.7123995340467,1.0003436,0.0013934723,31858843,planet
1673.7137884209458,1.0015008,0.0013932522,31858843,planet
1673.715177308312,0.9991193,0.0013928029,31858843,planet
1673.7165661952122,1.0018482,0.0013943107,31858843,planet
1673.7179550825772,0.9992905,0.001393556,31858843,planet
1673.719343969477,1.0000976,0.0013928227,31858843,planet
1673.7207328563763,0.9991274,0.0013928193,31858843,planet
1673.7221217437423,1.0014694,0.0013941516,31858843,planet
1673.7235106306427,0.9989478,0.0013921008,31858843,planet
1673.7248995180075,0.9978209,0.0013922689,31858843,planet
1673.7262884049069,1.0012878,0.001393829,31858843,planet
1673.7276772922728,1.0002468,0.0013925233,31858843,planet
1673.7290661791722,1.0003322,0.0013933252,31858843,planet
1673.730455066072,1.0007417,0.0013940926,31858843,planet
1673.7318439534383,1.0013266,0.0013940622,31858843,planet
1673.7332328403377,0.99991596,0.0013929835,31858843,planet
1673.7346217277027,0.9994394,0.0013929841,31858843,planet
1673.7360106146025,0.99961114,0.0013937538,31858843,planet
1673.7373995015018,0.9997673,0.0013925697,31858843,planet
1673.7387883888678,0.99979055,0.0013934975,31858843,planet
1673.7401772757685,1.0001811,0.0013936778,31858843,planet
1673.7415661631333,0.9987182,0.0013931405,31858843,planet
1673.7429550500324,0.99877965,0.0013925871,31858843,planet
1673.7443439369326,0.9996573,0.0013931199,31858843,planet
1673.7457328242976,0.9984989,0.0013929941,31858843,planet
1673.7471217111975,0.9998428,0.001393087,31858843,planet
1673.7485105980982,0.99909353,0.0013924136,31858843,planet
1673.7498994854632,1.0003428,0.0013930758,31858843,planet
1673.7512883723625,1.0003511,0.0013933405,31858843,planet
1673.7526772592623,1.0013931,0.0013939904,31858843,planet
1673.7540661466282,0.9996565,0.0013934615,31858843,planet
1673.755455033528,1.0006527,0.0013934654,31858843,planet
1673.7568439204283,0.9971637,0.0013924525,31858843,planet
1673.758232807793,1.0012738,0.0013932082,31858843,planet
1673.7596216946922,1.0001138,0.0013938582,31858843,planet
1673.7610105815925,1.0010673,0.0013934945,31858843,planet
1673.762399468958,1.0003059,0.0013937064,31858843,planet
1673.7637883558582,0.99943167,0.0013937555,31858843,planet
1673.765177242758,1.0000935,0.0013941168,31858843,planet
1673.766566130124,0.99629426,0.0013919896,31858843,planet
1673.767955017023,0.9999062,0.0013934893,31858843,planet
1673.7693439039222,0.99937814,0.0013927815,31858843,planet
1673.7707327912885,0.9988661,0.0013926654,31858843,planet
1673.7721216781888,1.0012395,0.0013931239,31858843,planet
1673.7735105650881,1.0003397,0.0013934594,31858843,planet
1673.774899451988,1.0006386,0.0013938256,31858843,planet
1673.776288339353,1.000965,0.0013933132,31858843,planet
1673.7776772262523,0.9994373,0.0013920486,31858843,planet
1673.779066113153,1.0015241,0.001394462,31858843,planet
1673.7804550000528,1.0002943,0.0013935734,31858843,planet
1673.7818438874178,0.999766,0.0013928335,31858843,planet
1673.783232774318,0.9982748,0.0013924144,31858843,planet
1673.7846216612172,1.0004776,0.0013934921,31858843,planet
1673.7860105481172,0.9998855,0.0013938545,31858843,planet
1673.7873994354836,0.99737483,0.0013925593,31858843,planet
1673.788788322383,0.9998289,0.0013928565,31858843,planet
1673.7901772092823,1.0010011,0.0013943452,31858843,planet
1673.7915660961821,0.99990416,0.001393261,31858843,planet
1673.7929549835471,0.99984896,0.0013935713,31858843,planet
1673.794343870447,1.0005296,0.0013929394,31858843,planet
1673.7957327573477,0.99964833,0.0013932257,31858843,planet
1673.797121644247,1.0000241,0.001392442,31858843,planet
1673.7985105311463,1.0017929,0.0013941411,31858843,planet
1673.7998994185123,1.0008928,0.0013935864,31858843,planet
1673.8012883054116,0.99896425,0.0013931913,31858843,planet
1673.8026771923114,0.99954736,0.0013932578,31858843,planet
1673.8040660792121,0.99754107,0.0013920737,31858843,planet
1673.8054549661115,1.000357,0.0013932326,31858843,planet
1673.8068438534765,0.9996235,0.0013928646,31858843,planet
1673.8082327403763,0.9997842,0.0013937252,31858843,planet
1673.8096216272756,0.9993249,0.0013933233,31858843,planet
1673.811010514176,1.000508,0.0013938596,31858843,planet
1673.8123994010764,0.9989624,0.0013925527,31858843,planet
1673.8137882879755,0.999545,0.0013922015,31858843,planet
1673.8151771753405,0.9995105,0.0013935354,31858843,planet
1673.8165660622408,0.99863887,0.0013927486,31858843,planet
1673.8179549491406,1.002734,0.0013950046,31858843,planet
1673.8193438360408,0.99863726,0.0013925182,31858843,planet
1673.8207327229406,0.999865,0.0013942873,31858843,planet
1673.82212160984,1.0003839,0.0013937938,31858843,planet
1673.8235104967393,1.0008036,0.001393846,31858843,planet
1673.8248993836391,1.0013546,0.0013944352,31858843,planet
1673.826288271005,1.0001917,0.0013942749,31858843,planet
1673.8276771579049,0.99885535,0.0013930153,31858843,planet
1673.829066044805,1.0003523,0.0013932936,31858843,planet
1673.830454931705,0.999861,0.0013932848,31858843,planet
1673.8318438186043,0.999109,0.0013935501,31858843,planet
1673.8332327055036,0.9990048,0.0013931841,31858843,planet
1673.8346215924043,1.0007627,0.0013939402,31858843,planet
1673.8360104793042,0.9985001,0.0013933091,31858843,planet
1673.8373993662035,1.0001554,0.0013932902,31858843,planet
1673.8387882531035,1.0016061,0.001394324,31858843,planet
1673.8401771404683,1.0002122,0.0013942843,31858843,planet
1673.8415660273686,0.9980991,0.0013927581,31858843,planet
1673.8429549142693,0.9998781,0.0013923367,31858843,planet
1673.8443438011686,1.001469,0.001394224,31858843,planet
1673.845732688068,0.99889237,0.0013938573,31858843,planet
1673.8471215749678,0.9992642,0.0013926046,31858843,planet
1673.8485104618671,1.0003242,0.0013940498,31858843,planet
1673.849899348767,1.0020443,0.0013949643,31858843,planet
1673.8512882356677,0.999604,0.0013937654,31858843,planet
1673.852677122567,1.0016057,0.0013946762,31858843,planet
1673.8540660094664,0.9998542,0.0013943075,31858843,planet
1673.8554548963664,1.0011467,0.0013944481,31858843,planet
1673.8568437832655,0.99847573,0.001393727,31858843,planet
1673.8582326701658,1.0020097,0.001394336,31858843,planet
1673.8596215570665,1.0007201,0.0013943587,31858843,planet
1673.8610104439658,1.0010127,0.001393451,31858843,planet
1673.8623993308652,1.0016375,0.0013941946,31858843,planet
1673.863788217765,0.9989251,0.0013928049,31858843,planet
1673.8651771046643,1.0004187,0.0013936543,31858843,planet
1673.8665659915641,0.9967195,0.0013925139,31858843,planet
1673.8679548784648,0.99927676,0.0013930557,31858843,planet
1673.8693437653642,1.002509,0.001394221,31858843,planet
1673.8707326522635,1.0002433,0.001393566,31858843,planet
1673.8721215391638,0.99871343,0.0013932392,31858843,planet
1673.8735104260636,0.9994634,0.0013927202,31858843,planet
1673.8748993129634,0.99979514,0.0013937431,31858843,planet
1673.8762881998637,1.0015248,0.0013943906,31858843,planet
1673.877677086763,1.0011213,0.0013933766,31858843,planet
1673.8790659736624,1.0003278,0.0013932938,31858843,planet
1673.8804548605622,0.998186,0.0013924522,31858843,planet
1673.8818437474622,0.99886996,0.001393303,31858843,planet
1673.8832326343622,1.0027105,0.0013945267,31858843,planet
1673.884621521262,1.0018111,0.0013938772,31858843,planet
1673.8860104081614,0.99818873,0.0013923151,31858843,planet
1673.8873992950607,1.0018418,0.0013946701,31858843,planet
1673.8887881814953,0.99822295,0.0013923465,31858843,planet
1673.890177068396,1.0011507,0.001393917,31858843,planet
1673.8915659552958,0.99863815,0.0013933682,31858843,planet
1673.8929548421952,1.0022088,0.0013933489,31858843,planet
1673.894343729095,1.0009445,0.0013934982,31858843,planet
1673.8957326159943,1.0015401,0.0013935812,31858843,planet
1673.8971215028937,1.0007044,0.001394072,31858843,planet
1673.8985103897944,0.99928725,0.0013924477,31858843,planet
1673.8998992766944,1.0015589,0.001394116,31858843,planet
1673.9012881635936,1.0002342,0.00139246,31858843,planet
1673.9026770504938,1.001014,0.0013935742,31858843,planet
1673.9040659369275,0.9985409,0.0013926069,31858843,planet
1673.9054548238273,1.0013236,0.0013938039,31858843,planet
1673.906843710728,1.0012543,0.0013941841,31858843,planet
1673.9082325976274,1.0011547,0.0013929147,31858843,planet
1673.9096214845267,0.9994902,0.0013926713,31858843,planet
1673.9110103714265,1.0013118,0.0013935209,31858843,planet
1673.9123992583259,0.9986822,0.0013926895,31858843,planet
1673.9137881447605,0.9997939,0.001392083,31858843,planet
1673.9151770316612,0.99988145,0.0013931073,31858843,planet
1673.9165659185605,1.0000693,0.0013930337,31858843,planet
1673.9179548054597,0.99852765,0.0013923045,31858843,planet
1673.9193436923597,1.000486,0.001393178,31858843,planet
1673.920732579259,1.0011486,0.0013927572,31858843,planet
1673.9221214656932,0.9982695,0.001392373,31858843,planet
1673.923510352594,1.0000026,0.001392627,31858843,planet
1673.9248992394932,1.0027764,0.0013941665,31858843,planet
1673.9262881263926,0.9980324,0.0013919646,31858843,planet
1673.9276770132924,0.9999275,0.0013927257,31858843,planet
1673.929065899726,0.99927014,0.0013919424,31858843,planet
1673.9304547866263,0.9992209,0.0013926312,31858843,planet
1673.931843673527,0.9990188,0.0013914598,31858843,planet
1673.9332325604264,0.9996863,0.0013922035,31858843,planet
1673.9346214473258,1.0003793,0.0013921484,31858843,planet
1673.93601033376,0.99668676,0.0013905377,31858843,planet
1673.9373992206597,0.9995236,0.0013919508,31858843,planet
1673.93878810756,0.9988331,0.0013925235,31858843,planet
1673.9401769944598,0.99802357,0.0013908639,31858843,planet
1673.941565881359,1.0004215,0.0013919468,31858843,planet
1673.9429547677928,0.9983067,0.0013918324,31858843,planet
1673.9443436546928,1.0023148,0.0013924912,31858843,planet
1673.9457325415929,0.9998844,0.0013913292,31858843,planet
1673.9471214284927,1.0009348,0.0013917444,31858843,planet
1673.9485103149273,0.9983023,0.0013910517,31858843,planet
1673.9498992018266,0.9997822,0.0013916111,31858843,planet
1673.951288088726,0.99996483,0.0013917313,31858843,planet
1673.95267697516,1.0003971,0.0013911678,31858843,planet
1673.9540658620608,0.9986095,0.0013903601,31858843,planet
1673.9554547489606,0.99990016,0.0013911757,31858843,planet
1673.95684363586,1.0011492,0.0013922899,31858843,planet
1673.9582325222946,0.9990812,0.0013906929,31858843,planet
1673.959621409194,0.9992686,0.0013910299,31858843,planet
1673.9610102960933,0.99941605,0.0013906913,31858843,planet
1673.962399182528,0.9990403,0.001389543,31858843,planet
1673.9637880694281,0.9996427,0.001391106,31858843,planet
1673.9651769563275,1.0012578,0.0013925878,31858843,planet
1673.9665658432273,1.0010004,0.0013907905,31858843,planet
1673.967954729661,0.99929017,0.0013897747,31858843,planet
1673.9693436165612,0.99772686,0.0013896361,31858843,planet
1673.9707325034617,1.0004779,0.0013903201,31858843,planet
1673.9721213898952,0.99757886,0.0013895675,31858843,planet
1673.9735102767945,0.998574,0.001390472,31858843,planet
1673.9748991636948,1.0001986,0.0013900287,31858843,planet
1673.9762880501285,0.99958634,0.0013899789,31858843,planet
1673.9776769370283,1.000278,0.0013907715,31858843,planet
1673.979065823929,0.99877465,0.0013897798,31858843,planet
1673.9804547103627,0.999315,0.0013900505,31858843,planet
1673.981843597262,0.99844706,0.0013889971,31858843,planet
1673.9832324836962,1.0015718,0.001390482,31858843,planet
1673.9846213705955,0.9990541,0.0013897507,31858843,planet
1673.9860102574958,0.9985162,0.0013890734,31858843,planet
1673.9873991439308,0.99821466,0.0013892021,31858843,planet
1673.98878803083,0.99852836,0.0013885801,31858843,planet
1673.990176917729,0.9998548,0.0013908572,31858843,planet
1673.9915658041637,1.0000268,0.0013890804,31858843,planet
1673.9929546910635,1.0011313,0.0013902534,31858843,planet
1673.994343577498,1.0007435,0.0013896987,31858843,planet
1673.9957324643979,0.9972313,0.0013887441,31858843,planet
1673.9971213512972,1.0013161,0.0013906007,31858843,planet
1673.998510237731,1.0008457,0.0013897382,31858843,planet
1673.9998991246307,0.99935484,0.0013883492,31858843,planet
1674.0012880110653,1.0011101,0.0013898372,31858843,planet
1674.002676897965,0.99885106,0.0013895843,31858843,planet
1674.0040657843997,1.0010251,0.001388855,31858843,planet
1674.0054546712988,0.99868774,0.0013890271,31858843,planet
1674.006843558198,0.99863863,0.0013878682,31858843,planet
1674.0082324446325,0.9983224,0.0013876645,31858843,planet
1674.0096213315323,0.99841684,0.0013892077,31858843,planet
1674.011010217967,0.9989704,0.0013882515,31858843,planet
1674.0123991048667,1.0005859,0.0013888028,31858843,planet
1674.0137879913013,1.0009642,0.0013890421,31858843,planet
1674.0151768782005,0.99917495,0.0013873739,31858843,planet
1674.016565764634,0.999639,0.0013882159,31858843,planet
1674.0179546515346,1.0006622,0.0013885368,31858843,planet
1674.0193435379692,1.0000318,0.0013886128,31858843,planet
1674.0207324248686,1.0003002,0.0013882273,31858843,planet
1674.0221213113027,0.9993932,0.0013872768,31858843,planet
1674.023510198202,0.99954283,0.0013875955,31858843,planet
1674.0248990851019,0.99961245,0.0013880769,31858843,planet
1674.026287971537,0.99922734,0.0013878915,31858843,planet
1674.0276768584363,1.0002966,0.001388487,31858843,planet
1674.02906574487,1.0012429,0.0013885312,31858843,planet
1674.0304546317702,1.0012846,0.0013888712,31858843,planet
1674.0318435182037,0.9997125,0.0013869067,31858843,planet
1674.033232404638,1.0016571,0.0013887356,31858843,planet
1674.0346212915388,0.9998739,0.0013866783,31858843,planet
1674.0360101779725,1.0000753,0.00138869,31858843,planet
1674.0373990648718,0.99981296,0.00138695,31858843,planet
1674.038787951306,1.0003476,0.0013874592,31858843,planet
1674.0401768382053,1.0006171,0.0013875047,31858843,planet
1674.0415657246397,0.99979985,0.001387023,31858843,planet
1674.0429546115402,0.9991103,0.0013867537,31858843,planet
1674.0443434979738,1.0005524,0.0013869858,31858843,planet
1674.0457323848732,0.9997579,0.0013869109,31858843,planet
1674.0471212713078,1.0005326,0.0013869806,31858843,planet
1674.0485101577415,1.0007286,0.0013877399,31858843,planet
1674.0498990446413,0.9989082,0.0013866185,31858843,planet
1674.0512879310763,0.9988127,0.0013856596,31858843,planet
1674.0526768179757,1.0001603,0.0013864551,31858843,planet
1674.0540657044094,1.0003599,0.001387634,31858843,planet
1674.0554545913092,1.0016389,0.0013875685,31858843,planet
1674.0568434777438,1.0000262,0.0013873231,31858843,planet
1674.058232364178,1.0007927,0.0013874022,31858843,planet
1674.059621251078,0.99862653,0.0013863827,31858843,planet
1674.0610101375114,0.9993764,0.0013867548,31858843,planet
1674.0623990244108,1.000302,0.0013863142,31858843,planet
1674.0637879108453,0.99760675,0.0013861022,31858843,planet
1674.0651767972795,1.0002133,0.0013870898,31858843,planet
1674.0665656841797,0.9996707,0.0013871571,31858843,planet
1674.067954570614,1.0005262,0.0013873172,31858843,planet
1674.0693434570476,0.9978877,0.0013859915,31858843,planet
1674.070732343947,1.0004829,0.0013873178,31858843,planet
1674.072121230381,1.0009956,0.0013864526,31858843,planet
1674.0735101172813,0.99804324,0.0013861835,31858843,planet
1674.0748990037155,1.0002625,0.0013859933,31858843,planet
1674.07628789015,1.0011193,0.0013869306,31858843,planet
1674.0776767770499,1.0007855,0.0013872511,31858843,planet
1674.0790656634836,1.0011076,0.0013869294,31858843,planet
1674.0804545499172,1.0002697,0.0013858719,31858843,planet
1674.081843436818,1.0002149,0.0013864721,31858843,planet
1674.083232323252,0.9997438,0.0013855945,31858843,planet
1674.0846212096858,0.99968666,0.0013854196,31858843,planet
1674.0860100965858,0.99998796,0.0013864454,31858843,planet
1674.0873989830193,1.0018027,0.0013872148,31858843,planet
1674.0887878694539,0.99953455,0.0013853993,31858843,planet
1674.090176755889,1.0009392,0.0013864286,31858843,planet
1674.0915656427883,1.0011436,0.0013866948,31858843,planet
1674.092954529222,0.9989942,0.0013859645,31858843,planet
1674.094343415656,1.0010465,0.0013869386,31858843,planet
1674.0957323025555,0.9993378,0.0013855804,31858843,planet
1674.0971211889896,0.99942195,0.0013856599,31858843,planet
1674.0985100754247,0.9993275,0.0013858259,31858843,planet
1674.0998989618583,0.9988949,0.0013860757,31858843,planet
1674.1012878487577,1.0027966,0.0013870811,31858843,planet
1674.1026767351923,0.99822986,0.001385193,31858843,planet
1674.1040656216258,1.0011781,0.0013861081,31858843,planet
1674.1054545085258,0.99926525,0.001384611,31858843,planet
1674.1068433949608,0.9992297,0.0013861045,31858843,planet
1674.1082322813945,0.9968169,0.0013844911,31858843,planet
1674.1096211678282,1.0010314,0.0013864202,31858843,planet
1674.111010054728,1.0008736,0.0013860557,31858843,planet
1674.1123989411624,1.0004954,0.0013857916,31858843,planet
1674.1137878275968,1.0006001,0.0013850465,31858843,planet
1674.115176714031,0.9989789,0.0013853903,31858843,planet
1674.1165656004646,0.99922675,0.0013847933,31858843,planet
1674.117954487364,1.0018165,0.0013863696,31858843,planet
1674.1193433737985,1.0006484,0.001384944,31858843,planet
1674.1207322602327,1.0009842,0.001386137,31858843,planet
1674.1221211466668,0.998324,0.0013848657,31858843,planet
1674.123510033567,0.99803567,0.0013835303,31858843,planet
1674.1248989200008,0.9996812,0.0013851364,31858843,planet
1674.1262878064344,1.0002248,0.001386105,31858843,planet
1674.1276766928686,0.99913603,0.0013842797,31858843,planet
1674.1290655793032,0.9991812,0.0013848697,31858843,planet
1674.1304544657373,1.0008832,0.001386045,31858843,planet
1674.1318433526371,0.99828506,0.0013845023,31858843,planet
1674.1332322390708,1.0008298,0.0013857543,31858843,planet
1674.1346211255045,0.9977876,0.0013851476,31858843,planet
1674.136010011939,1.0008308,0.0013850019,31858843,planet
1674.1373988983742,0.9994419,0.0013847015,31858843,planet
1674.1387877848083,1.0009791,0.0013846455,31858843,planet
1674.1401766717076,1.0004857,0.0013848698,31858843,planet
1674.1415655581418,0.9991366,0.0013854238,31858843,planet
1674.1429544445755,0.999961,0.001385111,31858843,planet
1674.14434333101,0.99951434,0.0013848052,31858843,planet
1674.1457322174451,0.9988181,0.0013856697,31858843,planet
1674.1471211038788,0.99975157,0.0013856448,31858843,planet
1674.1485099903123,1.0013808,0.0013859356,31858843,planet
1674.1498988772123,1.0011375,0.0013848011,31858843,planet
1674.151287763646,0.99960506,0.0013848075,31858843,planet
1674.1526766500801,0.9996863,0.0013843758,31858843,planet
1674.1540655365152,1.0015942,0.0013855719,31858843,planet
1674.1554544229489,0.99880964,0.0013847395,31858843,planet
1674.1568433093826,0.9991031,0.0013854743,31858843,planet
1674.1582321958167,1.0015482,0.001385048,31858843,planet
1674.1596210822504,1.0003141,0.0013856437,31858843,planet
1674.161009968685,0.99995416,0.0013851457,31858843,planet
1674.16239885512,0.9994332,0.0013844455,31858843,planet
1674.1637877415537,1.0008508,0.0013854445,31858843,planet
1674.1651766284529,0.9990688,0.0013846634,31858843,planet
1674.1665655148872,0.99923635,0.0013848522,31858843,planet
1674.167954401321,1.0031651,0.001387101,31858843,planet
1674.169343287755,1.000813,0.0013849523,31858843,planet
1674.17073217419,1.001345,0.0013853073,31858843,planet
1674.1721210606238,1.0003557,0.0013855464,31858843,planet
1674.1735099470575,1.0008096,0.0013856136,31858843,planet
1674.1748988334919,0.999081,0.0013850047,31858843,planet
1674.1762877199262,1.0009439,0.0013854321,31858843,planet
1674.1776766063604,0.9981112,0.0013834729,31858843,planet
1674.179065492795,0.9971315,0.0013838543,31858843,planet
1674.1804543792286,0.9976441,0.0013840197,31858843,planet
1674.1818432656623,1.0014011,0.0013856649,31858843,planet
1674.1832321520965,1.0001023,0.0013855194,31858843,planet
1674.1846210385306,1.0005896,0.0013855816,31858843,planet
1674.1860099249652,0.99985623,0.0013843207,31858843,planet
1674.1873988113994,0.99982035,0.0013851327,31858843,planet
1674.188787697833,0.9998883,0.0013853082,31858843,planet
1674.1901765842667,0.9976734,0.0013836672,31858843,planet
1674.191565470701,1.000328,0.0013849029,31858843,planet
1674.1929543571355,0.9986497,0.0013847919,31858843,planet
1674.1943432435696,0.9993307,0.0013844528,31858843,planet
1674.1957321300042,1.0012885,0.0013855327,31858843,planet
1674.1971210164384,0.99958634,0.0013845391,31858843,planet
1674.198509902872,0.99880713,0.0013850396,31858843,planet
1674.1998987893057,1.0009394,0.0013855883,31858843,planet
1674.2012876757408,0.9992505,0.0013856714,31858843,planet
1674.202676562175,0.99916214,0.0013854859,31858843,planet
1674.2040654486086,0.99982095,0.0013852258,31858843,planet
1674.2054543350432,1.0026149,0.0013862707,31858843,planet
1674.206843221477,1.0008689,0.0013860407,31858843,planet
1674.208232107911,0.9988396,0.0013843542,31858843,planet
1674.209620994346,0.99988955,0.0013852098,31858843,planet
1674.2110098803141,0.99780774,0.0013840918,31858843,planet
1674.2123987667478,1.0021935,0.0013863035,31858843,planet
1674.213787653182,1.0014578,0.0013864024,31858843,planet
1674.2151765396156,1.0003699,0.0013853024,31858843,planet
1674.2165654260502,0.99949074,0.0013842642,31858843,planet
1674.2179543124853,1.000013,0.001384836,31858843,planet
1674.2193431989188,1.0007317,0.0013846239,31858843,planet
1674.2207320853522,1.0001279,0.0013843983,31858843,planet
1674.2221209717868,0.99993414,0.0013852876,31858843,planet
1674.2235098582205,1.0004488,0.0013858324,31858843,planet
1674.2248987446546,1.0019675,0.0013854109,31858843,planet
1674.226287630624,0.9980126,0.0013850547,31858843,planet
1674.2276765170577,1.0001687,0.001384126,31858843,planet
1674.2290654034914,1.000558,0.0013850265,31858843,planet
1674.2304542899255,1.0006186,0.0013846072,31858843,planet
1674.2318431763592,1.0015001,0.001386586,31858843,planet
1674.2332320627938,1.0001472,0.0013852911,31858843,planet
1674.2346209492289,0.99927235,0.0013844094,31858843,planet
1674.2360098351967,0.9997671,0.0013845467,31858843,planet
1674.2373987216301,1.0008053,0.0013852319,31858843,planet
1674.2387876080647,1.0011032,0.001384896,31858843,planet
1674.2401764944989,1.0000768,0.0013845181,31858843,planet
1674.2415653809335,0.99974483,0.0013847578,31858843,planet
1674.2429542673676,0.99928254,0.0013843181,31858843,planet
1674.2443431538013,1.0004363,0.0013852088,31858843,planet
1674.2457320397693,1.0001395,0.0013847961,31858843,planet
1674.2471209262035,0.9988839,0.0013844379,31858843,planet
1674.248509812638,1.0015479,0.0013856364,31858843,planet
1674.2498986990722,0.9999919,0.0013853459,31858843,planet
1674.2512875855068,0.9990829,0.001384086,31858843,planet
1674.2526764714748,0.9979729,0.0013832804,31858843,planet
1674.2540653579083,0.998093,0.0013835453,31858843,planet
1674.2554542443427,1.0017228,0.0013853695,31858843,planet
1674.2568431307768,0.99854726,0.0013835704,31858843,planet
1674.2582320172114,0.99998266,0.0013839375,31858843,planet
1674.25962090318,1.0010778,0.001385131,31858843,planet
1674.2610097896145,0.99955726,0.0013851332,31858843,planet
1674.262398676048,1.000525,0.0013847873,31858843,planet
1674.2637875624823,1.0017556,0.0013850714,31858843,planet
1674.2651764484517,0.9989414,0.0013840966,31858843,planet
1674.2665653348854,1.0003616,0.0013847176,31858843,planet
1674.267954221319,0.99921036,0.0013836805,31858843,planet
1674.2693431077532,1.0008606,0.0013849505,31858843,planet
1674.2707319937213,0.9997328,0.001383611,31858843,planet
1674.2721208801554,1.0004219,0.0013849043,31858843,planet
1674.2735097665905,0.9995015,0.0013838876,31858843,planet
1674.2748986530241,0.9995305,0.0013842534,31858843,planet
1674.2762875389922,1.000384,0.0013835859,31858843,planet
1674.2776764254268,1.0010041,0.0013840268,31858843,planet
1674.2790653118604,1.0001222,0.001384627,31858843,planet
1674.280454197829,0.9999566,0.0013833446,31858843,planet
1674.281843084264,1.0008259,0.0013842294,31858843,planet
1674.2832319706977,1.0001916,0.0013839818,31858843,planet
1674.2846208571314,1.0004984,0.0013835244,31858843,planet
1674.2860097430998,1.0008491,0.0013839026,31858843,planet
1674.2873986295335,1.0009531,0.0013831684,31858843,planet
1674.2887875159681,0.9990814,0.0013835684,31858843,planet
1674.2901764019373,0.9979784,0.0013828671,31858843,planet
1674.2915652883707,0.9979216,0.0013828926,31858843,planet
1674.2929541748044,0.99999315,0.0013836953,31858843,planet
1674.2943430607734,0.998337,0.0013831073,31858843,planet
1674.2957319472075,1.0006489,0.0013844431,31858843,planet
1674.297120833642,0.99862045,0.0013829633,31858843,planet
1674.2985097196106,1.0013956,0.0013839805,31858843,planet
1674.2998986060443,0.9998943,0.0013828838,31858843,planet
1674.301287492478,1.0000807,0.0013835097,31858843,planet
1674.3026763784464,1.0011365,0.0013844053,31858843,planet
1674.304065264881,1.0020105,0.0013832644,31858843,planet
1674.3054541513152,0.9994308,0.0013824741,31858843,planet
1674.306843037284,1.000173,0.0013827083,31858843,planet
1674.3082319237174,1.0013388,0.0013833268,31858843,planet
1674.3096208096854,0.99717057,0.0013827782,31858843,planet
1674.31100969612,1.0015485,0.0013826373,31858843,planet
1674.3123985825541,1.0020411,0.001383361,31858843,planet
1674.313787468523,1.0006226,0.001383126,31858843,planet
1674.3151763549572,1.0023445,0.001383572,31858843,planet
1674.3165652409252,0.9993351,0.001382162,31858843,planet
1674.317954127359,0.99684286,0.0013818147,31858843,planet
1674.319343013793,0.9992446,0.0013819139,31858843,planet
1674.3207318997624,1.0001006,0.001382048,31858843,planet
1674.322120786197,1.0021077,0.0013834689,31858843,planet
1674.323509672165,1.0001243,0.0013834111,31858843,planet
1674.3248985585992,0.99945104,0.0013812943,31858843,planet
1674.326287445033,0.9994022,0.0013819041,31858843,planet
1674.3276763310014,1.001348,0.0013821255,31858843,planet
1674.3290652174364,1.0011232,0.0013827339,31858843,planet
1674.3304541034045,1.0003493,0.001381863,31858843,planet
1674.3318429898382,1.0009961,0.0013823123,31858843,planet
1674.3332318758069,0.9991647,0.0013812397,31858843,planet
1674.3346207622403,0.99891955,0.0013816663,31858843,planet
1674.3360096482093,0.9999746,0.0013818312,31858843,planet
1674.3373985346443,1.0013801,0.0013830113,31858843,planet
1674.338787421078,0.9994163,0.0013816152,31858843,planet
1674.340176307046,1.0013596,0.0013829576,31858843,planet
1674.3415651934802,1.0003115,0.0013817388,31858843,planet
1674.3429540794482,1.0008001,0.0013816133,31858843,planet
1674.3443429658823,0.99905354,0.0013810355,31858843,planet
1674.3457318518517,0.9994029,0.0013810975,31858843,planet
1674.3471207382854,1.0008296,0.0013806295,31858843,planet
1674.3485096242534,0.999117,0.0013803125,31858843,planet
1674.349898510688,1.0025039,0.001383159,31858843,planet
1674.3512873966558,1.0009878,0.0013814911,31858843,planet
1674.3526762830902,1.0006391,0.0013816378,31858843,planet
1674.3540651690596,1.0010523,0.0013819267,31858843,planet
1674.3554540554933,0.9984354,0.0013794145,31858843,planet
1674.3568429414613,1.0010079,0.0013812844,31858843,planet
1674.3582318278955,0.9998558,0.0013805055,31858843,planet
1674.3596207138642,0.9999423,0.0013798586,31858843,planet
1674.3610095998329,0.9996939,0.0013802967,31858843,planet
1674.362398486267,0.99960864,0.001379834,31858843,planet
1674.363787372235,0.9989425,0.0013805011,31858843,planet
1674.3651762586687,1.0013314,0.0013795558,31858843,planet
1674.3665651446377,0.999934,0.0013808717,31858843,planet
1674.3679540310718,1.0001839,0.0013800752,31858843,planet
1674.3693429170405,0.9998336,0.0013792411,31858843,planet
1674.3707318034749,1.0000433,0.0013802163,31858843,planet
1674.372120689443,0.9998865,0.001379802,31858843,planet
1674.373509575411,1.0013653,0.0013811005,31858843,planet
1674.374898461845,1.0010388,0.00138024,31858843,planet
1674.376287347814,0.99968606,0.0013794531,31858843,planet
1674.3776762342482,1.0016414,0.0013809982,31858843,planet
1674.3790651202166,0.9988737,0.0013789019,31858843,planet
1674.3804540061856,1.0019754,0.0013799113,31858843,planet
1674.3818428926193,1.0003823,0.0013796606,31858843,planet
1674.3832317785877,1.0013036,0.001380226,31858843,planet
1674.3846206650228,1.0004904,0.0013799075,31858843,planet
1674.3860095509908,1.0009518,0.0013801816,31858843,planet
1674.3873984369588,0.99824035,0.0013789764,31858843,planet
1674.388787323393,1.0001732,0.0013796153,31858843,planet
1674.390176209361,0.99984336,0.0013794502,31858843,planet
1674.39156509533,0.9996762,0.0013794003,31858843,planet
1674.392953981765,1.0011781,0.0013800974,31858843,planet
1674.394342867733,1.0007995,0.001380302,31858843,planet
1674.3957317541665,1.001111,0.0013796939,31858843,planet
1674.3971206401352,1.0019393,0.0013802366,31858843,planet
1674.3985095261032,1.00178,0.0013799495,31858843,planet
1674.3998984125374,1.000687,0.0013783195,31858843,planet
1674.4012872985068,0.9979896,0.0013787627,31858843,planet
1674.4026761844748,1.0000675,0.0013790237,31858843,planet
1674.4040650709085,1.0003989,0.0013788982,31858843,planet
1674.405453956877,1.0008328,0.0013789578,31858843,planet
1674.406842842845,0.9999973,0.0013785154,31858843,planet
1674.4082317292796,1.0003778,0.0013796095,31858843,planet
1674.409620615249,0.9981804,0.0013783874,31858843,planet
1674.411009501217,0.9990918,0.0013781294,31858843,planet
1674.412398387185,0.9998497,0.0013788606,31858843,planet
1674.4137872736192,1.0023172,0.0013805312,31858843,planet
1674.4151761595876,1.0014266,0.0013792036,31858843,planet
1674.4165650455566,1.001369,0.001380058,31858843,planet
1674.4179539319907,1.0013888,0.0013796831,31858843,planet
1674.4193428179587,0.9984534,0.0013787308,31858843,planet
1674.4207317039268,0.9987652,0.0013783702,31858843,planet
1674.4221205898955,0.99965924,0.0013791098,31858843,planet
1674.4235094763299,1.000696,0.0013789659,31858843,planet
1674.4248983622983,0.99767417,0.001377692,31858843,planet
1674.4262872482673,0.99741334,0.0013779477,31858843,planet
1674.427676134701,0.99953437,0.0013795015,31858843,planet
1674.429065020669,0.9993381,0.001378329,31858843,planet
1674.4304539066375,0.9999391,0.0013778007,31858843,planet
1674.431842792606,1.0000309,0.0013785305,31858843,planet
1674.4332316785749,1.0016464,0.0013784351,31858843,planet
1674.434620565009,0.99942064,0.0013779853,31858843,planet
1674.436009450977,0.99828875,0.0013782198,31858843,planet
1674.437398336945,0.99981964,0.0013788086,31858843,planet
1674.438787222914,0.99915236,0.001377967,31858843,planet
1674.4401761093488,1.0001118,0.0013791719,31858843,planet
1674.4415649953175,0.9996333,0.0013787634,31858843,planet
1674.4429538812856,1.0013096,0.0013798214,31858843,planet
1674.444342767254,0.99915004,0.0013789827,31858843,planet
1674.445731653222,0.99967265,0.0013789181,31858843,planet
1674.4471205396567,0.999063,0.0013787092,31858843,planet
1674.4485094256258,1.003034,0.0013802553,31858843,planet
1674.4498983115936,1.0014712,0.0013795159,31858843,planet
1674.4512871975617,0.99976957,0.0013793537,31858843,planet
1674.4526760835306,0.9995901,0.001379337,31858843,planet
1674.4540649694986,0.9997717,0.0013798386,31858843,planet
1674.4554538559328,0.9995461,0.0013787585,31858843,planet
1674.4568427419022,1.0004033,0.0013806684,31858843,planet
1674.4582316278702,0.99790704,0.0013783801,31858843,planet
1674.4596205138382,1.0002294,0.0013797634,31858843,planet
1674.4610093998067,1.0001428,0.0013793224,31858843,planet
1674.4623982857747,1.0007961,0.0013798091,31858843,planet
1674.4637871722093,0.9990837,0.001378369,31858843,planet
1674.4651760581787,0.9988153,0.0013790544,31858843,planet
1674.4665649441465,0.9989999,0.0013783826,31858843,planet
1674.4679538301143,1.001342,0.0013800137,31858843,planet
1674.4693427160832,1.0009003,0.0013790227,31858843,planet
1674.4707316020513,0.9991948,0.0013794563,31858843,planet
1674.4721204880198,1.0006884,0.0013794268,31858843,planet
1674.4735093739891,0.99855363,0.0013783077,31858843,planet
1674.4748982604228,0.99819404,0.0013781408,31858843,planet
1674.4762871463909,1.0015379,0.0013798603,31858843,planet
1674.4776760323593,0.9983353,0.0013784831,31858843,planet
1674.4790649183283,1.0012122,0.0013797217,31858843,planet
1674.4804538042968,0.9982975,0.0013785763,31858843,planet
1674.4818426902657,0.9993567,0.0013784632,31858843,planet
1674.4832315762335,0.99885166,0.001378834,31858843,planet
1674.4846204622013,0.998344,0.0013784401,31858843,planet
1674.4860093481702,1.0009493,0.0013802379,31858843,planet
1674.4873982341387,0.99885607,0.0013790258,31858843,planet
1674.4887871201076,1.0001976,0.0013800351,31858843,planet
1674.4901760060761,1.0002204,0.0013801823,31858843,planet
1674.4915648920442,1.0000715,0.001379758,31858843,planet
1674.4929537784778,0.99920326,0.0013791387,31858843,planet
1674.4943426644463,0.9992018,0.001379707,31858843,planet
1674.4957315504153,0.99881285,0.001378818,31858843,planet
1674.4971204363837,1.0003378,0.0013808865,31858843,planet
1674.4985093223527,0.99972486,0.0013801006,31858843,planet
1674.4998982083207,0.99998206,0.0013799213,31858843,planet
1674.5012870942885,1.0012113,0.0013811941,31858843,planet
1674.5026759802572,0.9994971,0.0013798262,31858843,planet
1674.5040648662266,0.9999297,0.001379904,31858843,planet
1674.505453752195,1.0010155,0.0013804622,31858843,planet
1674.506842638163,1.0012388,0.0013800428,31858843,planet
1674.508231524132,1.0005579,0.001381065,31858843,planet
1674.5096204101,0.99954826,0.0013804238,31858843,planet
1674.5110092960686,0.9996266,0.0013804274,31858843,planet
1674.512398182038,0.99872637,0.0013798645,31858843,planet
1674.513787068006,1.0001119,0.0013802041,31858843,planet
1674.515175953974,1.0005463,0.0013789849,31858843,planet
1674.5165648399425,0.9993309,0.0013791046,31858843,planet
1674.5179537259105,1.0010506,0.0013815176,31858843,planet
1674.5193426118792,0.9983909,0.001379732,31858843,planet
1674.5207314978484,1.0012363,0.0013810671,31858843,planet
1674.5221203838164,0.998768,0.0013799167,31858843,planet
1674.5235092693188,0.9997277,0.0013800208,31858843,planet
1674.5248981552877,1.0019875,0.0013814324,31858843,planet
1674.5262870412557,0.99925077,0.0013798388,31858843,planet
1674.5276759272242,0.99927056,0.0013804481,31858843,planet
1674.5290648131936,0.9993586,0.0013807567,31858843,planet
1674.5304536991616,1.0000273,0.0013806826,31858843,planet
1674.5318425851297,0.99952716,0.0013807807,31858843,planet
1674.5332314710981,1.0016779,0.0013809165,31858843,planet
1674.534620357067,1.000964,0.0013809261,31858843,planet
1674.5360092430356,0.99955374,0.0013808117,31858843,planet
1674.5373981290043,1.0013059,0.0013816617,31858843,planet
1674.538787014972,0.9993044,0.0013801934,31858843,planet
1674.54017590094,1.0000296,0.0013811722,31858843,planet
1674.5415647864434,1.001908,0.0013816872,31858843,planet
1674.5429536724118,1.0014684,0.0013826302,31858843,planet
1674.5443425583808,0.9991138,0.0013814026,31858843,planet
1674.5457314443493,1.000793,0.0013819817,31858843,planet
1674.5471203303173,1.0002782,0.0013818409,31858843,planet
1674.5485092162853,1.0004035,0.0013820641,31858843,planet
1674.5498981022538,1.0009736,0.00138235,31858843,planet
1674.5512869882227,1.0000179,0.0013822014,31858843,planet
1674.5526758741912,1.0001446,0.0013819813,31858843,planet
1674.5540647596945,1.0002948,0.0013829026,31858843,planet
1674.5554536456623,1.001543,0.0013827505,31858843,planet
1674.55684253163,0.99829525,0.0013811162,31858843,planet
1674.558231417599,1.0004642,0.0013821078,31858843,planet
1674.5596203035675,1.0004276,0.001381902,31858843,planet
1674.5610091895364,1.00083,0.0013820623,31858843,planet
1674.5623980750393,0.9995462,0.0013816358,31858843,planet
1674.563786961008,0.9996659,0.0013829274,31858843,planet
1674.5651758469758,1.0011388,0.0013830565,31858843,planet
1674.5665647329447,0.9978317,0.001380329,31858843,planet
1674.567953618914,0.9985865,0.0013811045,31858843,planet
1674.5693425048821,1.0003314,0.0013829612,31858843,planet
1674.5707313903845,1.000496,0.0013830903,31858843,planet
1674.572120276353,0.9990687,0.0013822,31858843,planet
1674.573509162321,1.0003742,0.0013831059,31858843,planet
1674.5748980482895,1.0006967,0.0013832309,31858843,planet
1674.5762869337932,0.99938345,0.0013814801,31858843,planet
1674.5776758197612,1.0014931,0.0013830098,31858843,planet
1674.5790647057293,1.0012058,0.0013836762,31858843,planet
1674.5804535916982,0.99845177,0.001381784,31858843,planet
1674.581842477666,0.99805737,0.0013819395,31858843,planet
1674.583231363169,1.0000263,0.0013830415,31858843,planet
1674.5846202491384,0.9985226,0.00138261,31858843,planet
1674.5860091351065,0.999258,0.0013833169,31858843,planet
1674.5873980210745,0.99907345,0.0013833512,31858843,planet
1674.5887869065773,1.000146,0.0013830422,31858843,planet
1674.5901757925453,0.99850845,0.0013829463,31858843,planet
1674.5915646785138,1.0001063,0.0013831571,31858843,planet
1674.5929535644832,1.0001985,0.0013818806,31858843,planet
1674.5943424499856,0.99898994,0.0013834819,31858843,planet
1674.5957313359536,0.99885076,0.0013842145,31858843,planet
1674.5971202219225,0.9996578,0.0013833077,31858843,planet
1674.598509107891,0.9999056,0.0013834418,31858843,planet
1674.599897993394,1.0018411,0.0013833523,31858843,planet
1674.6012868793628,1.0008832,0.0013842019,31858843,planet
1674.6026757653308,1.0035332,0.0013849394,31858843,planet
1674.6040646508332,1.0014228,0.0013842032,31858843,planet
1674.6054535368016,0.99963295,0.0013836946,31858843,planet
1674.6068424227706,1.0002023,0.0013836741,31858843,planet
1674.6082313082734,1.0008118,0.0013847377,31858843,planet
1674.6096201942419,1.0007981,0.0013845162,31858843,planet
1674.61100908021,0.99951935,0.0013843979,31858843,planet
1674.6123979657123,0.9986909,0.0013837543,31858843,planet
1674.6137868516812,0.99840826,0.0013830366,31858843,planet
1674.6151757376497,0.9967414,0.0013827677,31858843,planet
1674.6165646231527,0.99980587,0.0013832026,31858843,planet
1674.6179535091214,0.99752206,0.0013831735,31858843,planet
1674.6193423950895,0.99978775,0.001384486,31858843,planet
1674.6207312805918,1.000992,0.0013854931,31858843,planet
1674.6221201665603,1.0005348,0.0013837754,31858843,planet
1674.6235090525297,1.0010768,0.0013858313,31858843,planet
1674.624897938033,1.0003762,0.0013849122,31858843,planet
1674.6262868240008,1.0007881,0.001385082,31858843,planet
1674.6276757099695,0.9998645,0.001385221,31858843,planet
1674.6290645954718,1.0001792,0.0013849145,31858843,planet
1674.6304534814403,1.0030509,0.0013861345,31858843,planet
1674.631842366944,0.99872386,0.0013843778,31858843,planet
1674.633231252912,1.001567,0.0013863564,31858843,planet
1674.63462013888,1.0005425,0.0013857526,31858843,planet
1674.636009024383,1.0000666,0.0013848156,31858843,planet
1674.637397910351,0.999782,0.0013854378,31858843,planet
1674.6387867958542,0.9996852,0.0013850495,31858843,planet
1674.6401756818236,1.0012244,0.001385828,31858843,planet
1674.6415645677916,0.99906653,0.0013844036,31858843,planet
1674.6429534532938,1.0005862,0.0013859785,31858843,planet
1674.6443423392625,0.99922955,0.001384698,31858843,planet
1674.6457312247649,0.99983513,0.0013844091,31858843,planet
1674.6471201107333,1.0005727,0.0013852348,31858843,planet
1674.648508996237,0.99934816,0.00138371,31858843,planet
1674.649897882205,0.9991903,0.001384993,31858843,planet
1674.6512867681731,0.9972036,0.0013833595,31858843,planet
1674.6526756536762,0.9994609,0.0013845586,31858843,planet
1674.6540645396449,1.0000665,0.001384568,31858843,planet
1674.6554534251477,0.9981296,0.0013853784,31858843,planet
1674.6568423111166,1.0006212,0.0013854804,31858843,planet
1674.658231196619,1.0011569,0.0013861229,31858843,planet
1674.659620082587,0.9995005,0.0013847926,31858843,planet
1674.6610089680898,1.0003694,0.0013864199,31858843,planet
1674.6623978540583,0.9986247,0.0013849463,31858843,planet
1674.6637867395616,1.0004992,0.0013852504,31858843,planet
1674.66517562553,0.9988847,0.0013849718,31858843,planet
1674.6665645110324,0.9992813,0.0013855986,31858843,planet
1674.6679533970005,0.9988026,0.001386224,31858843,planet
1674.6693422825035,0.9979722,0.0013856916,31858843,planet
1674.6707311684722,1.000042,0.0013857611,31858843,planet
1674.672120053975,0.9980948,0.0013842782,31858843,planet
1674.673508939944,1.0008833,0.001386181,31858843,planet
1674.6748978254464,0.99759614,0.0013846601,31858843,planet
1674.6762867114144,0.99897605,0.0013852841,31858843,planet
1674.6776755969172,1.0002427,0.0013859904,31858843,planet
1674.679064482886,1.0011003,0.0013866237,31858843,planet
1674.680453368389,1.001013,0.0013862958,31858843,planet
1674.6818422543574,1.0011885,0.0013856802,31858843,planet
1674.6832311398607,1.0012293,0.0013860662,31858843,planet
1674.684620025363,1.0002924,0.001385654,31858843,planet
1674.6860089113316,0.99811083,0.0013856078,31858843,planet
1674.6873977968353,1.0004805,0.0013852523,31858843,planet
1674.6887866828033,0.9972886,0.0013840345,31858843,planet
1674.6901755683057,0.99856687,0.0013855807,31858843,planet
1674.6915644542742,0.9990581,0.0013846223,31858843,planet
1674.6929533397765,1.0030403,0.001386584,31858843,planet
1674.6943422252798,0.9982173,0.001385601,31858843,planet
1674.6957311112492,0.99867195,0.0013846004,31858843,planet
1674.6971199967513,0.99926907,0.0013853739,31858843,planet
1674.6985088827191,1.000347,0.0013861451,31858843,planet
1674.6998977682224,0.99979335,0.0013857532,31858843,planet
1674.7012866541904,0.999141,0.0013858074,31858843,planet
1674.7026755396932,0.9984632,0.001384682,31858843,planet
1674.704064425197,1.0004549,0.001386438,31858843,planet
1674.705453311165,1.0012231,0.0013856643,31858843,planet
1674.7068421966674,1.0000056,0.0013854533,31858843,planet
1674.7082310821702,1.0003582,0.0013862102,31858843,planet
1674.7096199681382,0.99961096,0.0013859075,31858843,planet
1674.7110088536415,0.998273,0.0013849565,31858843,planet
1674.7123977396109,1.0018477,0.001386472,31858843,planet
1674.713786625113,1.0016509,0.0013864299,31858843,planet
1674.7151755106152,0.99846727,0.0013851351,31858843,planet
1674.716564396584,0.9992887,0.0013852511,31858843,planet
1674.717953282087,1.000685,0.0013856805,31858843,planet
1674.7193421675902,1.0003129,0.0013863038,31858843,planet
1674.7207310535587,1.001446,0.0013862936,31858843,planet
1674.722119939061,0.9983627,0.0013848896,31858843,planet
1674.7235088245634,1.0015092,0.0013861072,31858843,planet
1674.7248977105319,1.0002,0.001386895,31858843,planet
1674.7262865960352,1.000928,0.0013860156,31858843,planet
1674.727675481538,0.99974877,0.0013855429,31858843,planet
1674.7290643670412,1.0000715,0.001386108,31858843,planet
1674.7304532530093,1.000965,0.0013857579,31858843,planet
1674.7318421385114,0.9991922,0.0013856526,31858843,planet
1674.7332310240145,0.998673,0.0013851101,31858843,planet
1674.734619909983,1.0001045,0.0013864563,31858843,planet
1674.7360087954862,0.999536,0.0013853384,31858843,planet
1674.737397680989,1.0019052,0.0013867469,31858843,planet
1674.738786566957,1.0015327,0.0013868035,31858843,planet
1674.7401754524594,0.9997914,0.0013859826,31858843,planet
1674.7415643379622,0.99895555,0.0013856901,31858843,planet
1674.742953223466,0.9984239,0.0013853912,31858843,planet
1674.744342109435,0.999299,0.0013848202,31858843,planet
1674.7457309949373,1.0001137,0.0013860023,31858843,planet
1674.74711988044,0.99771434,0.0013856356,31858843,planet
1674.7485087659425,0.99887973,0.0013849325,31858843,planet
1674.7498976519112,0.99806195,0.0013852043,31858843,planet
1674.7512865374147,0.9975243,0.0013840743,31858843,planet
1674.752675422917,0.9982822,0.001384849,31858843,planet
1674.7540643084194,1.0012345,0.0013858117,31858843,planet
1674.7554531943883,0.99935013,0.0013858023,31858843,planet
1674.7568420798907,0.9988164,0.0013844355,31858843,planet
1674.7582309653935,1.0013083,0.0013865236,31858843,planet
1674.7596198508973,0.9998449,0.0013854963,31858843,planet
1674.7610087363996,1.0004276,0.0013845612,31858843,planet
1674.7623976223676,1.0009152,0.0013859147,31858843,planet
1674.7637865078705,0.9983004,0.0013859667,31858843,planet
1674.7651753933728,1.0015042,0.0013859966,31858843,planet
1674.766564278876,1.000989,0.001386344,31858843,planet
1674.7679531643796,0.99902725,0.0013847306,31858843,planet
1674.7693420503474,0.9996984,0.0013853385,31858843,planet
1674.7707309358498,1.0004371,0.0013846741,31858843,planet
1674.772119821353,1.0003294,0.0013860775,31858843,planet
1674.7735087068554,0.9973839,0.0013848651,31858843,planet
1674.7748975923582,0.99952036,0.0013848883,31858843,planet
1674.776286477862,0.99973315,0.0013853208,31858843,planet
1674.7776753633643,1.0002483,0.0013855251,31858843,planet
1674.7790642493324,0.9995379,0.0013847731,31858843,planet
1674.7804531348352,0.99980533,0.0013846753,31858843,planet
1674.7818420203384,1.0010828,0.0013858922,31858843,planet
1674.7832309058413,0.99982554,0.0013843294,31858843,planet
1674.7846197913443,0.9992788,0.0013846066,31858843,planet
1674.7860086768464,0.99985,0.0013855518,31858843,planet
1674.7873975623488,1.00019,0.0013854122,31858843,planet
1674.7887864483178,1.0008383,0.0013852757,31858843,planet
1674.7901753338206,1.0003251,0.0013858947,31858843,planet
1674.7915642193238,0.9995867,0.0013855482,31858843,planet
1674.7929531048267,1.0014417,0.0013861002,31858843,planet
1674.794341990329,0.99945015,0.0013849384,31858843,planet
1674.7957308758314,1.00003,0.0013849029,31858843,planet
1674.7971197613342,1.0007483,0.0013845257,31858843,planet
1674.7985086468375,1.0000459,0.0013860819,31858843,planet
1674.7998975323403,1.0007939,0.0013851852,31858843,planet
1674.8012864178436,0.9988498,0.0013848797,31858843,planet
1674.802675303812,0.99804026,0.0013847273,31858843,planet
1674.8040641893144,1.0008382,0.0013854738,31858843,planet
1674.8054530748173,1.0010451,0.0013852352,31858843,planet
1674.806841960321,0.9998225,0.0013850037,31858843,planet
1674.8082308458233,1.0022773,0.0013861551,31858843,planet
1674.8096197313257,0.9975694,0.001384282,31858843,planet
1674.8110086168288,0.99814826,0.00138519,31858843,planet
1674.812397502331,0.9993584,0.0013858788,31858843,planet
1674.8137863878342,1.0006809,0.0013857569,31858843,planet
1674.815175273338,0.9997023,0.0013851476,31858843,planet
1674.8165641588403,0.99948055,0.0013856323,31858843,planet
1674.8179530443426,1.000006,0.0013858451,31858843,planet
1674.8193419298455,1.0007671,0.0013859272,31858843,planet
1674.8207308153478,1.0005565,0.0013854746,31858843,planet
1674.8221197008506,0.9995432,0.0013858067,31858843,planet
1674.8235085863544,0.9990623,0.0013843885,31858843,planet
1674.8248974718567,0.9996117,0.0013855275,31858843,planet
1674.826286357359,1.0022744,0.0013868602,31858843,planet
1674.8276752428624,1.0014931,0.0013862413,31858843,planet
1674.8290641283645,1.0018926,0.0013866301,31858843,planet
1674.8304530138676,0.99970853,0.0013857648,31858843,planet
1674.8318418993713,1.0020047,0.001386797,31858843,planet
1674.8332307848736,1.0000064,0.0013856764,31858843,planet
1674.834619670376,1.0007925,0.0013860278,31858843,planet
1674.8360085558788,1.0002583,0.0013860161,31858843,planet
1674.837397441382,1.00013,0.0013854535,31858843,planet
1674.838786326885,0.997445,0.0013844937,31858843,planet
1674.8401752123877,0.9998276,0.0013858539,31858843,planet
1674.8415640978901,1.0000253,0.0013855884,31858843,planet
1674.8429529833925,0.99922836,0.0013842919,31858843,planet
1674.8443418688958,0.99822223,0.0013851824,31858843,planet
1674.8457307543986,1.0007131,0.0013859662,31858843,planet
1674.8471196399016,0.99974465,0.0013855391,31858843,planet
1674.8485085254047,0.9995645,0.0013858947,31858843,planet
1674.8498974104414,1.0019118,0.0013861929,31858843,planet
1674.8512862959437,0.99895155,0.0013856214,31858843,planet
1674.8526751814466,0.9995922,0.00138611,31858843,planet
1674.8540640669498,0.99962735,0.0013852378,31858843,planet
1674.8554529524527,1.0011955,0.0013862625,31858843,planet
1674.8568418379555,0.9998777,0.0013860888,31858843,planet
1674.8582307234578,1.0014218,0.0013858825,31858843,planet
1674.8596196089602,0.9999857,0.0013856641,31858843,planet
1674.8610084944635,1.003229,0.0013871111,31858843,planet
1674.8623973799672,1.0016584,0.0013860927,31858843,planet
1674.86378626547,1.0003129,0.0013849281,31858843,planet
1674.8651751505067,1.0010815,0.0013856275,31858843,planet
1674.8665640360095,1.0012807,0.0013867157,31858843,planet
1674.867952921512,1.000332,0.0013858775,31858843,planet
1674.8693418070152,0.9974136,0.001384923,31858843,planet
1674.870730692519,1.0008361,0.0013861103,31858843,planet
1674.8721195780213,0.998047,0.0013849781,31858843,planet
1674.8735084635234,0.9993519,0.0013854278,31858843,planet
1674.8748973485608,1.0013582,0.0013865158,31858843,planet
1674.8762862340632,0.9990046,0.0013857115,31858843,planet
1674.877675119566,0.9994168,0.0013861447,31858843,planet
1674.8790640050697,0.9985411,0.0013850188,31858843,planet
1674.880452890572,0.9989821,0.0013852211,31858843,planet
1674.8818417760745,1.00023,0.0013848167,31858843,planet
1674.8832306611116,1.0010515,0.001386487,31858843,planet
1674.884619546614,0.9988505,0.0013848387,31858843,planet
1674.8860084321173,1.0013161,0.0013859107,31858843,planet
1674.887397317621,0.9988059,0.0013855358,31858843,planet
1674.8887862031233,1.0001554,0.0013855484,31858843,planet
1674.89017508816,0.9989659,0.0013852426,31858843,planet
1674.8915639736629,0.9998237,0.0013848895,31858843,planet
1674.8929528591652,0.99802566,0.0013851753,31858843,planet
1674.894341744668,1.0013341,0.001386882,31858843,planet
1674.8957306301718,1.0001308,0.0013856406,31858843,planet
1674.8971195152085,0.99943656,0.0013856756,31858843,planet
1674.8985084007109,0.9981366,0.0013844189,31858843,planet
1674.899897286214,1.0008744,0.0013859578,31858843,planet
1674.901286171717,0.999946,0.0013853908,31858843,planet
1674.902675056754,1.0006549,0.001385877,31858843,planet
1674.9040639422574,1.0001459,0.0013858199,31858843,planet
1674.9054528277597,1.0000478,0.001385426,31858843,planet
1674.906841713262,0.9990515,0.0013846254,31858843,planet
1674.9082305982993,0.9976353,0.001384709,31858843,planet
1674.909619483802,0.998057,0.0013842471,31858843,planet
1674.9110083693054,0.99876946,0.0013849608,31858843,planet
1674.9123972548082,1.0027627,0.0013862111,31858843,planet
1674.913786139845,1.0002679,0.0013853842,31858843,planet
1674.9151750253473,0.998978,0.0013846193,31858843,planet
1674.9165639108505,0.99947137,0.0013850873,31858843,planet
1674.917952796354,1.0019864,0.001384841,31858843,planet
1674.9193416813914,0.99937326,0.0013859678,31858843,planet
1674.9207305668938,0.9998435,0.0013848998,31858843,planet
1674.9221194523966,1.0014719,0.0013857228,31858843,planet
1674.9235083374333,1.0008725,0.001384937,31858843,planet
1674.9248972229366,1.0013413,0.0013841194,31858843,planet
1674.9262861084403,0.9993708,0.0013841147,31858843,planet
1674.9276749934768,1.0006726,0.0013851572,31858843,planet
1674.929063878979,0.99964494,0.0013846315,31858843,planet
1674.9304527644822,0.997481,0.0013826435,31858843,planet
1674.931841649519,1.0008456,0.0013841524,31858843,planet
1674.9332305350217,1.000701,0.0013852624,31858843,planet
1674.9346194205255,1.0015806,0.0013856037,31858843,planet
1674.9360083055622,0.9987053,0.0013842372,31858843,planet
1674.9373971910645,1.0026072,0.0013856936,31858843,planet
1674.9387860765673,0.999279,0.0013839651,31858843,planet
1674.940174961604,1.0023773,0.0013844502,31858843,planet
1674.9415638471073,1.0008632,0.0013846244,31858843,planet
1674.942952732611,0.99820316,0.0013831118,31858843,planet
1674.9443416176475,1.0007223,0.0013843861,31858843,planet
1674.9457305031497,1.0004889,0.0013836481,31858843,planet
1674.9471193881873,0.99988,0.0013840527,31858843,planet
1674.9485082736896,0.99988157,0.0013834237,31858843,planet
1674.9498971591925,1.0002695,0.0013847428,31858843,planet
1674.9512860442305,1.0022131,0.0013844061,31858843,planet
1674.952674929733,1.0021373,0.0013843131,31858843,planet
1674.9540638147696,1.0003825,0.0013841762,31858843,planet
1674.9554527002724,0.999,0.0013835911,31858843,planet
1674.9568415857757,1.0008515,0.0013829633,31858843,planet
1674.9582304708129,1.001561,0.0013841942,31858843,planet
1674.9596193563161,0.99864656,0.0013822437,31858843,planet
1674.9610082413526,1.0011125,0.0013832273,31858843,planet
1674.9623971268547,1.0008461,0.0013833529,31858843,planet
1674.963786012358,1.0009148,0.0013832485,31858843,planet
1674.9651748973952,1.0006126,0.0013839598,31858843,planet
1674.9665637828984,0.99840873,0.0013826852,31858843,planet
1674.9679526679356,0.9993633,0.0013841969,31858843,planet
1674.969341553438,0.99841547,0.001383275,31858843,planet
1674.9707304384747,0.9991649,0.0013825544,31858843,planet
1674.9721193239775,1.0001006,0.001382835,31858843,planet
1674.973508209015,1.0015801,0.001383527,31858843,planet
1674.974897094518,1.0003123,0.0013828509,31858843,planet
1674.9762859795555,1.0003052,0.0013828978,31858843,planet
1674.9776748650584,1.0006272,0.0013828393,31858843,planet
1674.979063750095,0.9970294,0.0013808082,31858843,planet
1674.9804526355974,0.99936974,0.0013805797,31858843,planet
1674.9818415211012,1.0010325,0.0013830129,31858843,planet
1674.9832304061383,1.0000889,0.001382158,31858843,planet
1674.9846192916407,0.99953306,0.0013820499,31858843,planet
1674.9860081766783,1.0019678,0.0013830544,31858843,planet
1674.987397061715,0.9988678,0.0013819026,31858843,planet
1674.9887859472178,1.0007857,0.0013820037,31858843,planet
1674.990174832256,1.0001111,0.0013814607,31858843,planet
1674.9915637177583,1.0001346,0.0013822935,31858843,planet
1674.992952602795,0.9999956,0.0013816156,31858843,planet
1674.9943414882978,1.0007108,0.0013824874,31858843,planet
1674.9957303733345,1.0005106,0.0013807063,31858843,planet
1674.9971192588375,0.99916065,0.0013815679,31858843,planet
1674.9985081438754,1.0010195,0.001381065,31858843,planet
1674.9998970293777,1.0022097,0.0013831831,31858843,planet
1675.0012859144144,0.9996076,0.0013811871,31858843,planet
1675.0026747999177,0.9992437,0.0013815095,31858843,planet
1675.0040636849544,0.9997328,0.0013813886,31858843,planet
1675.0054525699916,1.0012579,0.0013820021,31858843,planet
1675.0068414554953,0.9989663,0.0013812131,31858843,planet
1675.008230340532,1.0007962,0.0013814269,31858843,planet
1675.0096192260344,1.0001298,0.001381416,31858843,planet
1675.0110081110715,1.0003462,0.0013812454,31858843,planet
1675.012396996574,1.0008792,0.0013822154,31858843,planet
1675.0137858816115,0.99997014,0.0013810291,31858843,planet
1675.0151747666494,1.0002033,0.0013820403,31858843,planet
1675.0165636521515,1.0004444,0.0013812802,31858843,planet
1675.0179525371882,1.0013822,0.001381011,31858843,planet
1675.0193414226915,0.99857706,0.0013806974,31858843,planet
1675.0207303077286,1.002262,0.0013815261,31858843,planet
1675.0221191927662,1.0018109,0.0013817016,31858843,planet
1675.023508078269,1.0014422,0.0013809773,31858843,planet
1675.0248969633058,0.99903315,0.0013806709,31858843,planet
1675.0262858483425,0.99968433,0.0013799594,31858843,planet
1675.0276747338453,0.9982152,0.0013794919,31858843,planet
1675.029063618883,0.99912834,0.001380146,31858843,planet
1675.0304525043857,1.0026684,0.0013815727,31858843,planet
1675.0318413894233,1.0002213,0.0013808318,31858843,planet
1675.0332302744598,0.9994825,0.0013797898,31858843,planet
1675.034619159962,1.001508,0.0013809204,31858843,planet
1675.0360080449996,1.0009192,0.0013802195,31858843,planet
1675.0373969300376,1.0016384,0.0013812757,31858843,planet
1675.0387858155405,0.99967957,0.0013797311,31858843,planet
1675.0401747005772,0.99858415,0.0013793354,31858843,planet
1675.0415635856145,1.0013921,0.0013801215,31858843,planet
1675.0429524711167,1.002667,0.0013806428,31858843,planet
1675.0443413561534,1.0008286,0.0013810245,31858843,planet
1675.0457302411914,1.0024061,0.0013806256,31858843,planet
1675.0471191266947,1.0018972,0.0013812496,31858843,planet
1675.0485080117314,0.9996508,0.0013797362,31858843,planet
1675.0498968967686,1.0015289,0.0013805525,31858843,planet
1675.0512857818053,1.000046,0.001379587,31858843,planet
1675.052674667308,1.0000116,0.0013803886,31858843,planet
1675.0540635523462,1.0017332,0.0013798941,31858843,planet
1675.0554524373829,1.0022229,0.0013807004,31858843,planet
1675.0568413228852,1.0013237,0.0013805466,31858843,planet
1675.0582302079229,1.0031401,0.0013803255,31858843,planet
1675.0596190929593,1.0008703,0.0013800007,31858843,planet
1675.0610079779967,1.0005461,0.0013789835,31858843,planet
1675.0623968635005,1.000147,0.0013799067,31858843,planet
1675.0637857485372,0.99989444,0.001378659,31858843,planet
1675.0651746335739,0.9995986,0.0013797916,31858843,planet
1675.066563518611,1.0027491,0.0013806256,31858843,planet
1675.0679524041134,0.99991226,0.0013793396,31858843,planet
1675.0693412891505,0.99865824,0.0013786448,31858843,planet
1675.0707301741886,0.99953574,0.0013783372,31858843,planet
1675.0721190592253,1.001342,0.0013798695,31858843,planet
1675.073507944262,1.001046,0.0013783964,31858843,planet
1675.0748968297653,1.0021005,0.0013804956,31858843,planet
1675.0762857148025,1.0009708,0.0013790939,31858843,planet
1675.0776745998398,1.0009043,0.0013794556,31858843,planet
1675.0790634848772,1.0011685,0.0013796963,31858843,planet
1675.080452369914,1.0009588,0.0013793731,31858843,planet
1675.0818412554163,1.0006734,0.0013792887,31858843,planet
1675.0832301404535,1.0018253,0.0013798006,31858843,planet
1675.084619025491,1.0005018,0.0013791878,31858843,planet
1675.0860079105282,1.0008603,0.0013787727,31858843,planet
1675.0873967955654,1.0003803,0.0013799348,31858843,planet
1675.0887856810677,1.001091,0.0013791409,31858843,planet
1675.0901745661045,0.9995045,0.001378782,31858843,planet
1675.091563451142,1.0014874,0.0013798536,31858843,planet
1675.0929523361801,0.9999808,0.001378748,31858843,planet
1675.0943412212173,1.0002544,0.001378701,31858843,planet
1675.095730106254,0.99933547,0.0013776576,31858843,planet
1675.0971189917568,0.9986846,0.0013779376,31858843,planet
1675.0985078767935,0.99952936,0.0013781304,31858843,planet
1675.0998967618302,0.9991163,0.0013774497,31858843,planet
1675.1012856468683,0.99975,0.0013784379,31858843,planet
1675.102674531906,1.0004296,0.0013788989,31858843,planet
1675.1040634169424,0.99884886,0.001377867,31858843,planet
1675.1054523019798,0.99723405,0.0013777316,31858843,planet
1675.1068411870165,1.0004975,0.0013773688,31858843,planet
1675.1082300725193,1.0011474,0.0013790609,31858843,planet
1675.1096189575574,1.0008988,0.0013778597,31858843,planet
1675.111007842594,0.9992875,0.001376784,31858843,planet
1675.1123967276308,1.001552,0.0013781692,31858843,planet
1675.113785612668,1.0011215,0.0013783341,31858843,planet
1675.1151744977046,0.9993337,0.0013770484,31858843,planet
1675.1165633827422,0.99877363,0.0013780065,31858843,planet
1675.1179522677803,1.0000994,0.0013777515,31858843,planet
1675.119341152817,1.0036914,0.0013794594,31858843,planet
1675.1207300378535,0.99834555,0.0013777873,31858843,planet
1675.1221189228909,0.9985549,0.001376363,31858843,planet
1675.1235078079276,1.0031704,0.0013787048,31858843,planet
1675.1248966929647,0.9970265,0.0013763269,31858843,planet
1675.1262855784685,1.0014318,0.0013781254,31858843,planet
1675.1276744635052,0.99960846,0.0013781398,31858843,planet
1675.1290633485419,1.0014393,0.0013777501,31858843,planet
1675.1304522335793,0.998657,0.0013768545,31858843,planet
1675.1318411186157,1.0010934,0.0013772817,31858843,planet
1675.1332300036534,1.0017283,0.001378197,31858843,planet
1675.1346188886914,1.0010414,0.0013785763,31858843,planet
1675.1360077737281,0.9998698,0.0013771192,31858843,planet
1675.1373966587648,1.0009848,0.0013772746,31858843,planet
1675.138785543802,0.99841404,0.00137682,31858843,planet
1675.1401744288391,1.0008442,0.001377534,31858843,planet
1675.1415633138768,0.9998551,0.0013769283,31858843,planet
1675.142952198914,0.9994075,0.0013774353,31858843,planet
1675.1443410839506,1.0017241,0.0013783795,31858843,planet
1675.1457299689873,0.99998266,0.0013768171,31858843,planet
1675.1471188540247,1.0030848,0.0013782454,31858843,planet
1675.148507739062,1.0015979,0.0013780106,31858843,planet
1675.1498966240993,1.0009285,0.0013775179,31858843,planet
1675.1512855091369,0.9987607,0.0013773075,31858843,planet
1675.152674394174,1.0004039,0.0013774654,31858843,planet
1675.1540632792107,1.0003749,0.0013770767,31858843,planet
1675.1554521642474,1.0000027,0.0013772174,31858843,planet
1675.1568410492855,1.0027546,0.0013786048,31858843,planet
1675.1582299343227,1.0013746,0.0013766489,31858843,planet
1675.1596188188937,1.0009906,0.001377574,31858843,planet
1675.1610077039313,0.99981385,0.0013764512,31858843,planet
1675.162396588968,0.9991138,0.0013765302,31858843,planet
1675.1637854740047,1.0008435,0.0013768504,31858843,planet
1675.1651743590428,1.0019232,0.0013780005,31858843,planet
1675.16656324408,1.0004816,0.0013767097,31858843,planet
1675.1679521291167,1.003262,0.0013784237,31858843,planet
1675.1693410141538,1.0008078,0.0013774094,31858843,planet
1675.1707298991905,1.0028214,0.0013792479,31858843,planet
1675.1721187842281,1.0011344,0.0013776522,31858843,planet
1675.1735076692662,0.99865204,0.0013767959,31858843,planet
1675.1748965543027,1.000916,0.0013774685,31858843,planet
1675.1762854393392,1.0019091,0.0013775638,31858843,planet
1675.177674323911,1.0006104,0.0013774824,31858843,planet
1675.1790632089478,1.0006539,0.0013769193,31858843,planet
1675.180452093985,1.0011346,0.001377716,31858843,planet
1675.181840979023,0.99969685,0.0013758956,31858843,planet
1675.1832298640597,1.0014676,0.0013774855,31858843,planet
1675.1846187490964,1.0021342,0.0013776374,31858843,planet
1675.1860076341336,1.0007305,0.0013774518,31858843,planet
1675.1873965191703,0.9986267,0.0013762494,31858843,planet
1675.1887854037423,1.0005244,0.0013770729,31858843,planet
1675.1901742887803,1.0024378,0.001378065,31858843,planet
1675.1915631738168,1.0002453,0.0013771561,31858843,planet
1675.1929520588533,1.0017174,0.0013771574,31858843,planet
1675.194340943891,1.0013779,0.0013770937,31858843,planet
1675.195729828928,1.0021105,0.0013777413,31858843,planet
1675.1971187135,0.9991759,0.0013763304,31858843,planet
1675.1985075985372,0.9998604,0.001376941,31858843,planet
1675.1998964835739,1.0020045,0.0013779519,31858843,planet
1675.2012853686106,1.0004404,0.0013771987,31858843,planet
1675.2026742536477,1.0017482,0.0013777661,31858843,planet
1675.2040631382197,1.0005853,0.0013776157,31858843,planet
1675.2054520232568,0.99950415,0.0013769483,31858843,planet
1675.2068409082945,1.0008461,0.0013770417,31858843,planet
1675.2082297933312,1.0021572,0.0013773169,31858843,planet
1675.2096186783676,1.0016502,0.0013772863,31858843,planet
1675.2110075629394,0.99889433,0.0013767512,31858843,planet
1675.2123964479774,1.0008591,0.0013766802,31858843,planet
1675.2137853330146,0.9973677,0.0013754796,31858843,planet
1675.2151742180513,0.9991971,0.0013769657,31858843,planet
1675.216563103089,1.0024698,0.0013776923,31858843,planet
1675.2179519876597,1.0004706,0.0013768278,31858843,planet
1675.2193408726962,1.002305,0.0013773019,31858843,planet
1675.2207297577343,0.99918145,0.0013760112,31858843,planet
1675.2221186427719,0.99948126,0.0013763795,31858843,planet
1675.223507527343,1.0010462,0.0013766414,31858843,planet
1675.22489641238,1.0003271,0.0013768432,31858843,planet
1675.2262852974168,1.0006646,0.001377605,31858843,planet
1675.2276741824542,0.9989019,0.0013769289,31858843,planet
1675.2290630670263,1.0002222,0.0013763822,31858843,planet
1675.230451952063,1.0017097,0.0013769197,31858843,planet
1675.2318408370998,1.0020845,0.0013779929,31858843,planet
1675.2332297216717,1.0018929,0.0013772155,31858843,planet
1675.2346186067084,0.9998477,0.0013767589,31858843,planet
1675.2360074917456,1.0015879,0.0013770361,31858843,planet
1675.2373963767836,1.0018244,0.0013772271,31858843,planet
1675.2387852613547,1.0016743,0.0013775409,31858843,planet
1675.2401741463914,1.0012193,0.0013767367,31858843,planet
1675.2415630314285,1.0017257,0.0013767162,31858843,planet
1675.2429519159996,0.99978954,0.0013766038,31858843,planet
1675.2443408010372,0.99995995,0.0013768174,31858843,planet
1675.245729686075,0.99994916,0.0013765196,31858843,planet
1675.2471185706459,1.003595,0.0013781609,31858843,planet
1675.2485074556826,1.00143,0.0013768885,31858843,planet
1675.2498963407202,1.0007493,0.0013771779,31858843,planet
1675.2512852252912,1.0016721,0.0013768448,31858843,planet
1675.2526741103284,1.0007463,0.0013767353,31858843,planet
1675.2540629953664,1.0027983,0.0013784023,31858843,planet
1675.2554518799375,1.0011595,0.0013761028,31858843,planet
1675.2568407649742,1.0005069,0.0013765009,31858843,planet
1675.2582296500113,0.99973166,0.0013768203,31858843,planet
1675.2596185345833,1.0000057,0.0013755467,31858843,planet
1675.2610074196205,1.0013788,0.0013771196,31858843,planet
1675.2623963041922,1.0003413,0.0013762864,31858843,planet
1675.2637851892287,1.0008898,0.001375633,31858843,planet
1675.2651740742654,1.0006342,0.0013768903,31858843,planet
1675.2665629588373,1.0015713,0.0013761827,31858843,planet
1675.2679518438754,0.9989231,0.0013766054,31858843,planet
1675.2693407284469,0.99984986,0.0013760594,31858843,planet
1675.2707296134836,1.000796,0.0013771146,31858843,planet
1675.272118498521,1.0027333,0.0013762498,31858843,planet
1675.2735073830918,1.000248,0.0013763509,31858843,planet
1675.2748962681285,1.0011809,0.0013770205,31858843,planet
1675.276285152701,1.0009505,0.0013765756,31858843,planet
1675.2776740377385,1.0007288,0.0013764945,31858843,planet
1675.2790629227752,0.99867254,0.0013750014,31858843,planet
1675.2804518073467,1.000603,0.0013764815,31858843,planet
1675.2818406923834,1.0038497,0.001377529,31858843,planet
1675.2832295769545,1.0018033,0.001376614,31858843,planet
1675.2846184619925,1.0000265,0.001376693,31858843,planet
1675.286007346564,1.0004554,0.0013760458,31858843,planet
1675.2873962316007,1.0003448,0.0013750442,31858843,planet
1675.2887851161724,1.0006237,0.0013761914,31858843,planet
1675.290174001209,0.9993678,0.0013755033,31858843,planet
1675.2915628857809,0.99984014,0.0013755469,31858843,planet
1675.292951770819,1.0011379,0.0013758924,31858843,planet
1675.29434065539,0.9986953,0.0013750097,31858843,planet
1675.2957295404267,0.9987396,0.0013750045,31858843,planet
1675.2971184254639,1.0025045,0.001377009,31858843,planet
1675.298507310035,0.9998416,0.0013752586,31858843,planet
1675.299896195072,0.99931073,0.0013755774,31858843,planet
1675.3012850796445,1.0019608,0.0013754746,31858843,planet
1675.3026739646812,1.0002912,0.0013755265,31858843,planet
1675.3040628492522,0.9993109,0.0013753937,31858843,planet
1675.3054517338242,0.9997187,0.0013748885,31858843,planet
1675.3068406188606,0.9992254,0.0013752317,31858843,planet
1675.3082295034324,1.0025698,0.0013756539,31858843,planet
1675.3096183884704,1.0004647,0.0013765794,31858843,planet
1675.3110072730415,1.0022756,0.0013755632,31858843,planet
1675.3123961580782,1.0014119,0.0013758758,31858843,planet
1675.3137850426497,1.0003637,0.0013755144,31858843,planet
1675.3151739276864,0.9987017,0.0013751197,31858843,planet
1675.3165628122579,1.0027534,0.0013746391,31858843,planet
1675.317951697296,0.99978167,0.0013745055,31858843,planet
1675.319340581867,0.99835205,0.0013747254,31858843,planet
1675.3207294669037,0.99896616,0.0013746528,31858843,planet
1675.3221183514756,0.9997357,0.0013739191,31858843,planet
1675.3235072360471,1.000206,0.0013747495,31858843,planet
1675.3248961210845,1.0010988,0.0013748801,31858843,planet
1675.3262850056562,1.0018374,0.0013754715,31858843,planet
1675.3276738906934,1.0030088,0.0013748218,31858843,planet
1675.3290627752644,1.0016285,0.0013758267,31858843,planet
1675.3304516598355,1.0002315,0.0013755467,31858843,planet
1675.3318405448736,1.0024272,0.0013757481,31858843,planet
1675.3332294294453,0.99967605,0.001374455,31858843,planet
1675.3346183144818,1.0006028,0.001375163,31858843,planet
1675.3360071990537,0.99959254,0.0013740092,31858843,planet
1675.3373960836248,1.0000957,0.0013743887,31858843,planet
1675.3387849686615,1.000454,0.001374619,31858843,planet
1675.3401738532339,1.0007237,0.0013747759,31858843,planet
1675.341562738271,1.0019672,0.0013750603,31858843,planet
1675.342951622842,1.0001084,0.0013748918,31858843,planet
1675.3443405074136,1.0014957,0.0013750695,31858843,planet
1675.3457293924503,0.99897784,0.001373042,31858843,planet
1675.3471182770222,0.9995947,0.0013747716,31858843,planet
1675.3485071615946,0.99874896,0.0013727746,31858843,planet
1675.3498960466313,0.9990041,0.0013737706,31858843,planet
1675.3512849312021,0.9988973,0.0013738413,31858843,planet
1675.3526738157739,1.0010595,0.0013746001,31858843,planet
1675.3540627008106,0.99960864,0.0013729836,31858843,planet
1675.355451585382,1.0012431,0.0013743185,31858843,planet
1675.3568404699545,1.000071,0.0013745506,31858843,planet
1675.3582293549912,1.0005848,0.0013736566,31858843,planet
1675.3596182395622,1.0016563,0.001374894,31858843,planet
1675.3610071241337,0.99962395,0.0013739453,31858843,planet
1675.3623960091704,0.9988207,0.0013738429,31858843,planet
1675.3637848937424,1.0001975,0.0013733403,31858843,planet
1675.3651737783148,1.0005655,0.0013741342,31858843,planet
1675.3665626628858,0.99943113,0.0013737282,31858843,planet
1675.3679515479225,0.9986371,0.0013731316,31858843,planet
1675.369340432494,1.0014898,0.0013743851,31858843,planet
1675.370729317065,1.0014877,0.0013739091,31858843,planet
1675.3721182021022,1.0002513,0.0013738511,31858843,planet
1675.3735070866746,1.0007623,0.0013742134,31858843,planet
1675.3748959712457,0.9992559,0.0013731964,31858843,planet
1675.3762848558167,0.9989235,0.0013729979,31858843,planet
1675.377673740854,0.99986607,0.0013733356,31858843,planet
1675.3790626254258,0.99940777,0.0013735831,31858843,planet
1675.3804515099973,1.0018436,0.001373827,31858843,planet
1675.3818403945693,1.0000523,0.0013736356,31858843,planet
1675.3832292796064,1.000501,0.0013744481,31858843,planet
1675.3846181641775,1.001024,0.001373961,31858843,planet
1675.3860070487485,1.002416,0.0013741448,31858843,planet
1675.387395933321,1.0004878,0.0013737768,31858843,planet
1675.388784818358,1.0009326,0.0013743781,31858843,planet
1675.3901737029291,0.9982773,0.0013727195,31858843,planet
1675.391562587501,1.0004278,0.0013739101,31858843,planet
1675.3929514720721,0.999347,0.0013730295,31858843,planet
1675.3943403566432,1.0002236,0.0013734722,31858843,planet
1675.395729241681,1.001786,0.0013747473,31858843,planet
1675.3971181262527,1.0009446,0.0013728931,31858843,planet
1675.3985070108238,1.0023743,0.0013738174,31858843,planet
1675.3998958953953,1.0011057,0.0013742476,31858843,planet
1675.4012847799663,0.99988323,0.0013730441,31858843,planet
1675.402673665003,1.0004967,0.001373211,31858843,planet
1675.4040625495754,1.0007844,0.0013735016,31858843,planet
1675.4054514341472,1.0006454,0.001374015,31858843,planet
1675.406840318718,1.0011103,0.0013733692,31858843,planet
1675.40822920329,1.0031427,0.001374556,31858843,planet
1675.409618087861,0.99727607,0.0013719867,31858843,planet
1675.4110069728981,0.99886835,0.001373048,31858843,planet
1675.4123958574705,1.0007281,0.0013733107,31858843,planet
1675.4137847420416,1.002162,0.0013740745,31858843,planet
1675.4151736266126,0.99964726,0.0013729847,31858843,planet
1675.416562511184,1.0011779,0.0013740227,31858843,planet
1675.4179513957552,1.0011861,0.001373755,31858843,planet
1675.419340280327,1.0015031,0.0013721109,31858843,planet
1675.4207291648995,1.0001603,0.0013732056,31858843,planet
1675.422118049936,0.9998666,0.0013725798,31858843,planet
1675.4235069345068,1.0003595,0.0013719071,31858843,planet
1675.4360068956503,1.0010995,0.0013735889,31858843,planet
1675.4373957806883,1.0013062,0.0013729273,31858843,planet
1675.4387846652592,0.9993318,0.0013725543,31858843,planet
1675.44017354983,1.0009,0.0013730968,31858843,planet
1675.441562434402,1.0003237,0.0013733166,31858843,planet
1675.4443402035458,0.9984087,0.0013712741,31858843,planet
1675.4457290881169,1.0009464,0.0013728589,31858843,planet
1675.4471179726888,1.0001276,0.0013723897,31858843,planet
1675.4498957418305,1.0000454,0.0013726903,31858843,planet
1675.4512846264029,1.0012385,0.0013740009,31858843,planet
1675.4526735109748,0.9987353,0.0013725183,31858843,planet
1675.4540623955459,1.0010626,0.0013737913,31858843,planet
1675.4554512801174,0.9996529,0.0013723538,31858843,planet
1675.4568401646884,0.99939245,0.0013722016,31858843,planet
1675.4582290492594,1.0006518,0.0013724874,31858843,planet
1675.4596179338319,1.0012769,0.0013737149,31858843,planet
1675.4610068184033,1.0027732,0.0013721839,31858843,planet
1675.4623957029744,0.9991836,0.0013732717,31858843,planet
1675.4637845875463,0.9988553,0.0013721556,31858843,planet
1675.4651734721174,1.0003415,0.0013727626,31858843,planet
1675.4665623566889,1.0006368,0.0013734617,31858843,planet
1675.4679512412613,1.0011286,0.0013732867,31858843,planet
1675.4693401258323,1.0003762,0.0013729336,31858843,planet
1675.4707290104034,0.99875146,0.0013718851,31858843,planet
1675.4721178949749,1.0000197,0.0013730917,31858843,planet
1675.473506779546,1.0004568,0.0013744081,31858843,planet
1675.4748956641176,1.0017585,0.0013737115,31858843,planet
1675.4762845486898,1.0006437,0.0013708669,31858843,planet
1675.4776734332609,0.9987783,0.001372249,31858843,planet
1675.479062317832,1.0006773,0.0013716288,31858843,planet
1675.4818400865092,1.0010926,0.001373703,31858843,planet
1675.4832289710807,1.0005535,0.0013730763,31858843,planet
1675.4846178556531,1.000382,0.0013726191,31858843,planet
1675.4860067402242,0.9984202,0.0013725582,31858843,planet
1675.4873956247952,1.0021943,0.0013739668,31858843,planet
1675.4887845093667,0.99968886,0.0013737959,31858843,planet
1675.4901733939378,1.0007939,0.0013721641,31858843,planet
1675.4915622785097,1.0014778,0.0013738817,31858843,planet
1675.492951163082,1.000953,0.0013742113,31858843,planet
1675.4943400476527,0.99979305,0.0013725777,31858843,planet
1675.495728931758,0.9994667,0.0013737574,31858843,planet
1675.49711781633,0.999854,0.0013734652,31858843,planet
1675.4985067009025,0.9998265,0.0013726536,31858843,planet
1675.499895585474,1.0018555,0.0013746317,31858843,planet
1675.501284470045,1.0019529,0.0013749042,31858843,planet
1675.5026733546165,0.99881583,0.0013733811,31858843,planet
1675.505451123293,0.99994755,0.0013729988,31858843,planet
1675.5068400078653,1.0006477,0.0013736273,31858843,planet
1675.5082288924373,0.99997777,0.001373633,31858843,planet
1675.5096177770083,0.99854994,0.0013727729,31858843,planet
1675.5110066615798,0.9997565,0.0013738046,31858843,planet
1675.5123955461509,0.9993011,0.0013732165,31858843,planet
1675.5137844302562,0.9989307,0.0013738972,31858843,planet
1675.5151733148286,0.998685,0.0013730797,31858843,planet
1675.5165621994001,1.0002712,0.0013739053,31858843,planet
1675.5179510839712,0.9994724,0.0013739086,31858843,planet
1675.519339968543,0.99888104,0.0013742297,31858843,planet
1675.5207288531137,1.0003023,0.0013746404,31858843,planet
1675.522117737219,0.99912703,0.0013737762,31858843,planet
1675.5248955063635,1.0001191,0.0013744489,31858843,planet
1675.5262843909345,1.0003731,0.0013753074,31858843,planet
1675.5276732750403,1.0014669,0.0013742847,31858843,planet
1675.5290621596114,0.99857306,0.0013740349,31858843,planet
1675.5304510441829,0.99786174,0.001373814,31858843,planet
1675.5318399287553,1.0001075,0.0013741034,31858843,planet
1675.5332288133263,0.9987392,0.0013745967,31858843,planet
1675.5346176974317,0.9993637,0.0013742979,31858843,planet
1675.5360065820037,1.000454,0.0013750292,31858843,planet
1675.5373954665745,0.9991257,0.0013752787,31858843,planet
1675.5387843511462,0.9992049,0.0013745348,31858843,planet
1675.540173235253,1.0000277,0.001375194,31858843,planet
1675.542951004395,1.0025619,0.001376268,31858843,planet
1675.5443398885009,0.9982894,0.0013734781,31858843,planet
1675.545728773072,1.0019646,0.0013755627,31858843,planet
1675.5471176576434,1.0014095,0.0013745653,31858843,planet
1675.5485065422158,0.9975785,0.0013742807,31858843,planet
1675.5498954263212,1.0012279,0.001374954,31858843,planet
1675.5512843108922,1.0011326,0.0013753612,31858843,planet
1675.5526731954642,0.9992543,0.0013751697,31858843,planet
1675.55406207957,0.9997597,0.0013750343,31858843,planet
1675.5554509641418,0.9996117,0.0013751971,31858843,planet
1675.5568398487135,1.001603,0.0013754502,31858843,planet
1675.558228733285,0.9998938,0.0013752289,31858843,planet
1675.5596176173904,1.0007943,0.0013755044,31858843,planet
1675.5610065019614,1.0020525,0.0013754499,31858843,planet
1675.5623953865338,0.99860036,0.0013746317,31858843,planet
1675.5637842706399,1.0004144,0.0013757587,31858843,planet
1675.5651731552107,1.000306,0.0013751183,31858843,planet
1675.5665620397826,1.0019019,0.0013753049,31858843,planet
1675.567950923888,1.0005809,0.0013755275,31858843,planet
1675.569339808459,0.9992751,0.001374981,31858843,planet
1675.5707286925658,0.9984991,0.0013751347,31858843,planet
1675.5721175771373,1.000713,0.0013762134,31858843,planet
1675.5735064617083,0.99763495,0.0013750592,31858843,planet
1675.5748953458142,0.99880975,0.0013755396,31858843,planet
1675.5762842303852,0.99809873,0.0013755567,31858843,planet
1675.5776731149563,0.99951315,0.0013759187,31858843,planet
1675.579061999063,0.99951303,0.0013758173,31858843,planet
1675.580450883635,0.9983941,0.00137542,31858843,planet
1675.5818397677401,0.9999972,0.0013760995,31858843,planet
1675.5832286523118,0.9985499,0.001375248,31858843,planet
1675.584617536883,0.99801034,0.00137596,31858843,planet
1675.5860064209883,1.000061,0.0013756221,31858843,planet
1675.5873953055607,0.9969958,0.001374654,31858843,planet
1675.5887841896665,0.9989056,0.0013763047,31858843,planet
1675.5901730742376,0.99966973,0.0013762346,31858843,planet
1675.591561958809,0.999534,0.001375918,31858843,planet
1675.5929508429144,0.99865156,0.0013752356,31858843,planet
1675.5943397274864,0.99993926,0.0013771087,31858843,planet
1675.5957286115931,0.99925816,0.0013757293,31858843,planet
1675.5971174961642,0.99960405,0.0013763786,31858843,planet
1675.5985063802693,0.9995843,0.0013760417,31858843,planet
1675.599895264841,0.99923384,0.001375605,31858843,planet
1675.601284149412,0.9987173,0.0013756612,31858843,planet
1675.602673033518,1.000253,0.0013764277,31858843,planet
1675.6040619180903,1.0006222,0.0013766356,31858843,planet
1675.6054508021957,0.9997523,0.0013756246,31858843,planet
1675.6068396867668,1.0005051,0.0013765475,31858843,planet
1675.6082285708728,0.9998798,0.001374923,31858843,planet
1675.6096174554445,0.9973026,0.001375322,31858843,planet
1675.6110063395504,0.99831396,0.0013768516,31858843,planet
1675.6123952241223,0.99908715,0.001377619,31858843,planet
1675.6137841082282,0.9986888,0.0013754023,31858843,planet
1675.6151729927992,0.9999226,0.0013759974,31858843,planet
1675.6165618769046,0.99903977,0.0013766643,31858843,planet
1675.617950761477,0.9992725,0.0013754638,31858843,planet
1675.6193396455828,1.0014424,0.0013766341,31858843,planet
1675.6207285301539,1.0004635,0.0013770919,31858843,planet
1675.6221174142602,1.002218,0.0013779011,31858843,planet
1675.6235062988312,1.000361,0.0013774456,31858843,planet
1675.6248951829364,1.0002826,0.0013765765,31858843,planet
1675.6262840675085,1.0002497,0.0013758345,31858843,planet
1675.6276729516148,0.99987775,0.0013759148,31858843,planet
1675.6290618361859,1.0014899,0.0013776151,31858843,planet
1675.6304507202917,0.99761367,0.0013762509,31858843,planet
1675.631839604397,1.000961,0.0013777892,31858843,planet
1675.6332284889681,0.9987892,0.0013765963,31858843,planet
1675.634617373075,1.0019674,0.0013776941,31858843,planet
1675.6360062576464,1.0005516,0.0013772037,31858843,planet
1675.6373951417518,0.99872035,0.0013757041,31858843,planet
1675.6387840263237,1.0006225,0.0013774525,31858843,planet
1675.640172910429,0.9988975,0.0013766933,31858843,planet
1675.6415617950001,1.0023516,0.0013789585,31858843,planet
1675.642950679107,0.99752647,0.0013767137,31858843,planet
1675.6443395632127,0.99780715,0.0013769554,31858843,planet
1675.6457284477838,1.0002644,0.0013766311,31858843,planet
1675.6471173318896,1.0009519,0.0013787722,31858843,planet
1675.6485062164606,1.0006266,0.0013779553,31858843,planet
1675.649895100567,0.99920404,0.001376152,31858843,planet
1675.6512839846737,1.0008931,0.0013773377,31858843,planet
1675.6526728692445,0.9996567,0.0013776218,31858843,planet
1675.6540617533497,1.0000042,0.0013776284,31858843,planet
1675.655450637456,1.0003698,0.0013778688,31858843,planet
1675.656839522027,0.9998306,0.0013772879,31858843,planet
1675.6582284061328,1.0013618,0.0013783785,31858843,planet
1675.6596172907052,0.9989316,0.0013772375,31858843,planet
1675.6610061748106,1.0003717,0.00137798,31858843,planet
1675.662395058916,0.99843574,0.0013762428,31858843,planet
1675.6637839434875,1.0006368,0.0013772782,31858843,planet
1675.6651728275929,0.9987895,0.0013770196,31858843,planet
1675.6665617116992,1.0010233,0.0013777879,31858843,planet
1675.6679505962716,1.001343,0.0013777924,31858843,planet
1675.6693394803774,0.9997978,0.0013771844,31858843,planet
1675.6707283644828,1.0001907,0.0013772562,31858843,planet
1675.6721172490538,1.0002717,0.0013773355,31858843,planet
1675.6735061331597,0.9992633,0.0013767391,31858843,planet
1675.674895017266,1.0016416,0.0013782129,31858843,planet
1675.6762839018375,1.0004915,0.001378396,31858843,planet
1675.6776727859437,0.998167,0.0013766325,31858843,planet
1675.679061670049,1.0004367,0.0013776773,31858843,planet
1675.6804505546197,0.99936247,0.0013764085,31858843,planet
1675.6818394387265,1.000077,0.0013770506,31858843,planet
1675.6832283228327,0.9990517,0.0013767878,31858843,planet
1675.6846172069381,0.9992128,0.0013776778,31858843,planet
1675.6860060915096,1.0004852,0.0013774027,31858843,planet
1675.687394975615,1.0020759,0.0013778262,31858843,planet
1675.6887838597204,1.000526,0.001377775,31858843,planet
1675.6901727438271,1.0000361,0.0013768977,31858843,planet
1675.6915616283986,1.0006386,0.0013774658,31858843,planet
1675.692950512504,0.9988977,0.0013770284,31858843,planet
1675.6943393966103,0.99975,0.0013773612,31858843,planet
1675.6957282807155,1.0006219,0.0013787053,31858843,planet
1675.6971171652863,0.99924004,0.001377747,31858843,planet
1675.698506049393,1.0004989,0.0013780195,31858843,planet
1675.6998949334993,1.0017763,0.0013782876,31858843,planet
1675.7012838176047,1.0009732,0.0013780685,31858843,planet
1675.7026727021762,1.0006325,0.0013779982,31858843,planet
1675.7040615862816,1.0003953,0.00137684,31858843,planet
1675.705450470387,0.9994136,0.0013773227,31858843,planet
1675.7068393544937,1.0012054,0.0013783656,31858843,planet
1675.7082282390652,1.0007607,0.0013780927,31858843,planet
1675.7096171231706,1.0012273,0.0013782841,31858843,planet
1675.7110060072769,1.0005963,0.0013768938,31858843,planet
1675.7123948913822,1.0000821,0.0013771559,31858843,planet
1675.713783775488,1.0004297,0.0013779883,31858843,planet
1675.7151726595948,0.9998578,0.0013769882,31858843,planet
1675.7165615441659,1.0005175,0.0013777988,31858843,planet
1675.7179504282713,0.99982834,0.0013770967,31858843,planet
1675.719339312377,0.99993175,0.001376942,31858843,planet
1675.7207281964825,0.99988747,0.0013771001,31858843,planet
1675.7221170805888,0.99997306,0.0013780366,31858843,planet
1675.723505965161,0.9988584,0.0013767714,31858843,planet
1675.724894849267,0.99933374,0.001376628,31858843,planet
1675.7262837333724,0.998754,0.0013770605,31858843,planet
1675.7276726174778,1.0014174,0.0013779013,31858843,planet
1675.7290615015836,1.000194,0.0013779454,31858843,planet
1675.73045038569,1.0021112,0.0013777843,31858843,planet
1675.7318392697957,1.0003266,0.0013773812,31858843,planet
1675.7332281543672,1.0024965,0.001378156,31858843,planet
1675.7346170384726,0.99899405,0.0013770224,31858843,planet
1675.736005922578,0.9983414,0.0013763123,31858843,planet
1675.7373948066847,0.99933004,0.001376938,31858843,planet
1675.738783690791,1.0010773,0.0013777651,31858843,planet
1675.7401725748962,0.9991765,0.0013767605,31858843,planet
1675.7415614590022,1.0019834,0.0013773054,31858843,planet
1675.7429503431076,1.0001295,0.0013767903,31858843,planet
1675.744339227213,1.0010474,0.0013772008,31858843,planet
1675.7457281113197,1.0019433,0.0013779352,31858843,planet
1675.7471169958912,1.0017544,0.0013767469,31858843,planet
1675.7485058799966,1.0019443,0.0013771545,31858843,planet
1675.7498947641027,1.0023812,0.0013788445,31858843,planet
1675.7512836482078,0.9996695,0.0013774165,31858843,planet
1675.7526725323132,1.0013726,0.0013776153,31858843,planet
1675.75406141642,1.0010022,0.0013774808,31858843,planet
1675.7554503005263,1.0001552,0.0013769569,31858843,planet
1675.7568391846316,1.0019941,0.0013784587,31858843,planet
1675.7582280687375,1.0012616,0.001377812,31858843,planet
1675.7596169528429,1.0013263,0.0013776281,31858843,planet
1675.7610058369482,1.0019529,0.0013783796,31858843,planet
1675.762394721055,1.0006297,0.0013781597,31858843,planet
1675.7637836051608,1.0011392,0.0013780458,31858843,planet
1675.7651724892662,0.9999947,0.0013763577,31858843,planet
1675.7665613733723,1.000852,0.0013767784,31858843,planet
1675.7679502574774,1.00035,0.0013775178,31858843,planet
1675.7693391415837,0.99766177,0.0013761837,31858843,planet
1675.7707280256905,1.0009508,0.0013773794,31858843,planet
1675.7721169097958,1.0001066,0.0013779631,31858843,planet
1675.7735057939012,1.0017282,0.0013781826,31858843,planet
1675.774894678007,1.0027076,0.0013779523,31858843,planet
1675.7762835621124,1.0013951,0.0013776441,31858843,planet
1675.7776724462183,0.99983656,0.0013768803,31858843,planet
1675.779061330325,1.0017399,0.0013779682,31858843,planet
1675.7804502144313,0.9991594,0.0013764007,31858843,planet
1675.7818390985367,0.999666,0.0013774767,31858843,planet
1675.783227982642,1.0024012,0.0013778402,31858843,planet
1675.784616866748,0.99922556,0.0013756597,31858843,planet
1675.7860057508537,1.001693,0.001377634,31858843,planet
1675.78739463496,1.0025423,0.001377664,31858843,planet
1675.7887835190659,1.0007315,0.0013766588,31858843,planet
1675.7901724031713,0.9997541,0.0013765203,31858843,planet
1675.7915612872766,0.99853486,0.0013768337,31858843,planet
1675.792950171383,1.0008885,0.001377501,31858843,planet
1675.7943390554888,0.9998271,0.0013770087,31858843,planet
1675.7957279395946,1.0012629,0.0013762988,31858843,planet
1675.797116823701,0.9999847,0.0013766588,31858843,planet
1675.7985057078063,1.0011588,0.0013769114,31858843,planet
1675.7998945919117,0.9974059,0.0013761704,31858843,planet
1675.8012834755527,1.0011766,0.0013783482,31858843,planet
1675.8026723596586,0.998836,0.0013764718,31858843,planet
1675.804061243764,1.0005529,0.0013767865,31858843,planet
1675.8054501278698,0.99820656,0.0013764966,31858843,planet
1675.8068390119752,0.99987435,0.0013769349,31858843,planet
1675.8082278960806,0.9966722,0.0013762027,31858843,planet
1675.8096167801873,0.99888337,0.0013759759,31858843,planet
1675.8110056642934,0.9992564,0.0013772356,31858843,planet
1675.8123945483985,1.0022427,0.0013787221,31858843,planet
1675.8137834320391,0.9993277,0.0013766664,31858843,planet
1675.8151723161445,0.99837786,0.0013765038,31858843,planet
1675.81656120025,1.000687,0.001377515,31858843,planet
1675.8179500843567,1.0014379,0.001377019,31858843,planet
1675.8193389684625,0.9986937,0.0013762806,31858843,planet
1675.8207278525679,0.9996262,0.0013768047,31858843,planet
1675.8221167366737,1.0015028,0.0013780132,31858843,planet
1675.8235056203134,1.0007579,0.0013774815,31858843,planet
1675.8248945044188,0.9993854,0.0013769512,31858843,planet
1675.8262833885256,1.0007116,0.0013769323,31858843,planet
1675.8276722726318,1.0014316,0.0013781642,31858843,planet
1675.829061156737,1.0011171,0.0013784519,31858843,planet
1675.830450040843,0.9993187,0.0013771285,31858843,planet
1675.8318389244828,0.99692744,0.0013763563,31858843,planet
1675.8332278085886,0.9988825,0.0013765526,31858843,planet
1675.8346166926954,1.0015484,0.00137847,31858843,planet
1675.8360055768017,0.99932325,0.0013775597,31858843,planet
1675.8373944609068,1.0002427,0.0013782929,31858843,planet
1675.8387833445463,0.99997866,0.0013768558,31858843,planet
1675.8401722286526,1.0018929,0.0013779198,31858843,planet
1675.8415611127584,0.9990849,0.0013769058,31858843,planet
1675.8429499968647,0.998973,0.0013771586,31858843,planet
1675.8443388809706,1.000824,0.0013771303,31858843,planet
1675.8457277646103,0.9991978,0.0013770005,31858843,planet
1675.8471166487157,0.9996674,0.0013770427,31858843,planet
1675.8485055328215,0.99833626,0.0013767028,31858843,planet
1675.8498944169278,0.9999093,0.0013770445,31858843,planet
1675.851283300568,1.0010751,0.0013777296,31858843,planet
1675.8526721846742,1.0007179,0.0013776504,31858843,planet
1675.8540610687796,1.0019603,0.0013784835,31858843,planet
1675.8554499528848,0.9983761,0.001377591,31858843,planet
1675.8568388365252,1.0004263,0.0013780083,31858843,planet
1675.858227720631,1.0003146,0.0013769333,31858843,planet
1675.8596166047373,0.99936235,0.0013772257,31858843,planet
1675.8610054888431,1.0004687,0.0013772344,31858843,planet
1675.8623943724829,0.99967545,0.0013777098,31858843,planet
1675.8637832565882,0.9989929,0.0013776135,31858843,planet
1675.865172140695,1.0002688,0.001378228,31858843,planet
1675.8665610243352,0.9998638,0.0013765992,31858843,planet
1675.8679499084406,0.99965596,0.001377755,31858843,planet
1675.8693387925468,0.9995505,0.00137742,31858843,planet
1675.8707276766522,1.0003401,0.0013776188,31858843,planet
1675.872116560292,0.9998832,0.0013776148,31858843,planet
1675.8735054443985,1.000949,0.0013778888,31858843,planet
1675.8748943285045,0.99876213,0.0013761822,31858843,planet
1675.8762832121442,1.0017486,0.0013782323,31858843,planet
1675.87767209625,0.9994048,0.0013768005,31858843,planet
1675.8790609803555,1.00138,0.0013779369,31858843,planet
1675.8804498639952,0.9993217,0.0013777696,31858843,planet
1675.881838748102,0.9995628,0.0013769893,31858843,planet
1675.883227632208,1.0021317,0.0013788333,31858843,planet
1675.8846165158475,1.0021775,0.0013783107,31858843,planet
1675.8860053999538,1.0010657,0.0013792948,31858843,planet
1675.8873942840592,1.0008671,0.0013770579,31858843,planet
1675.8887831676993,0.99997985,0.001377755,31858843,planet
1675.890172051806,0.99962765,0.0013776529,31858843,planet
1675.8915609354465,0.99927497,0.0013770902,31858843,planet
1675.8929498195516,1.0020944,0.0013786186,31858843,planet
1675.894338703657,0.99777275,0.0013769045,31858843,planet
1675.8957275872976,0.9996736,0.0013776036,31858843,planet
1675.8971164714035,1.0033001,0.0013787394,31858843,planet
1675.8985053555098,1.0000954,0.0013776554,31858843,planet
1675.89989423915,0.99909043,0.0013778192,31858843,planet
1675.9012831232553,0.9990418,0.0013772988,31858843,planet
1675.902672006895,1.0010269,0.0013784071,31858843,planet
1675.9040608910009,1.0018559,0.0013783452,31858843,planet
1675.9054497746415,1.0003151,0.0013773965,31858843,planet
1675.9068386587473,1.0003371,0.001377898,31858843,planet
1675.9082275428536,1.0019249,0.0013780972,31858843,planet
1675.9096164264931,1.0018891,0.0013778843,31858843,planet
1675.9110053105983,1.0013337,0.0013774143,31858843,planet
1675.912394194239,1.0007148,0.0013774047,31858843,planet
1675.9137830783447,1.0003842,0.0013776635,31858843,planet
1675.9151719619854,1.001179,0.0013781178,31858843,planet
1675.9165608460912,1.0021048,0.0013763225,31858843,planet
1675.9179497301966,1.0000844,0.0013778887,31858843,planet
1675.9193386138363,1.00131,0.0013771115,31858843,planet
1675.920727497943,1.0018163,0.0013782305,31858843,planet
1675.9221163815832,0.99890316,0.0013760801,31858843,planet
1675.9235052656886,0.9999885,0.0013773177,31858843,planet
1675.9248941493292,1.000693,0.0013761605,31858843,planet
1675.9262830334344,0.9995405,0.0013765894,31858843,planet
1675.927671917074,1.0021741,0.0013774621,31858843,planet
1675.9290608011806,1.0014138,0.0013772869,31858843,planet
1675.9304496848213,1.0024263,0.0013771896,31858843,planet
1675.9318385689267,0.99953824,0.0013770859,31858843,planet
1675.9332274525668,1.001292,0.0013777345,31858843,planet
1675.9346163366722,0.9999966,0.001376567,31858843,planet
1675.936005220312,1.0008663,0.0013762682,31858843,planet
1675.9373941044187,1.0005028,0.0013770271,31858843,planet
1675.9387829880588,1.0006592,0.0013766531,31858843,planet
1675.9401718721642,0.997822,0.0013766729,31858843,planet
1675.9415607558049,1.0007744,0.0013767049,31858843,planet
1675.9429496399102,1.0009531,0.0013767666,31858843,planet
1675.9443385235497,0.9997269,0.0013766041,31858843,planet
1675.9457274076562,1.0002404,0.0013764076,31858843,planet
1675.9471162912973,0.9997159,0.0013761366,31858843,planet
1675.948505174937,1.0012715,0.0013770188,31858843,planet
1675.9498940590424,1.0029588,0.0013764302,31858843,planet
1675.951282942683,1.0004743,0.0013758689,31858843,planet
1675.952671826789,1.0018125,0.0013772916,31858843,planet
1675.954060710429,1.0013198,0.0013765777,31858843,planet
1675.9554495945354,0.99853,0.0013756136,31858843,planet
1675.956838478175,0.9987805,0.0013755772,31858843,planet
1675.9582273618148,1.0012236,0.0013762268,31858843,planet
1675.9596162459206,1.0007124,0.0013769903,31858843,planet
1675.9610051295613,0.9979353,0.0013747128,31858843,planet
1675.962394013667,0.9984783,0.0013754163,31858843,planet
1675.9637828973073,1.001136,0.0013762056,31858843,planet
1675.965171780947,1.0022101,0.0013762788,31858843,planet
1675.9665606650524,0.99990857,0.0013749779,31858843,planet
1675.967949548693,0.9989759,0.0013755317,31858843,planet
1675.9693384327988,0.99922764,0.0013754594,31858843,planet
1675.9707273164393,1.0013766,0.0013766215,31858843,planet
1675.9721162000797,1.0012102,0.0013760406,31858843,planet
1675.973505084185,0.9998738,0.0013763749,31858843,planet
1675.9748939678248,0.999252,0.001374658,31858843,planet
1675.976282851465,1.0007411,0.0013760154,31858843,planet
1675.9776717355712,1.0004139,0.0013756123,31858843,planet
1675.9790606192114,0.9998199,0.0013741346,31858843,planet
1675.9804495028516,0.99929714,0.0013753249,31858843,planet
1675.981838386957,1.0008994,0.0013762533,31858843,planet
1675.9832272705967,1.0005478,0.0013762385,31858843,planet
1675.9846161547034,1.0003512,0.0013754299,31858843,planet
1675.986005038344,1.0008012,0.0013756718,31858843,planet
1675.9873939219838,0.9991686,0.00137518,31858843,planet
1675.988782805624,0.9993088,0.0013748199,31858843,planet
1675.9901716897293,1.0024467,0.0013761338,31858843,planet
1675.991560573369,1.0006908,0.0013746157,31858843,planet
1675.9929494570101,0.99713403,0.0013739779,31858843,planet
1675.994338341116,1.0015112,0.0013760771,31858843,planet
1675.9957272247557,1.0005856,0.0013748581,31858843,planet
1675.997116108396,1.0027366,0.0013766887,31858843,planet
1675.9985049925012,1.0028384,0.0013760062,31858843,planet
1675.999893876141,1.0004569,0.001374563,31858843,planet
1676.001282759782,1.0015569,0.0013752518,31858843,planet
1676.0026716434231,1.0007759,0.0013754016,31858843,planet
1676.0040605275285,0.9986718,0.001374324,31858843,planet
1676.0054494111682,0.99919903,0.0013739308,31858843,planet
1676.0068382948086,0.9996578,0.0013742944,31858843,planet
1676.008227178449,1.000254,0.0013748291,31858843,planet
1676.0096160625549,0.99923295,0.0013745537,31858843,planet
1676.0110049461955,1.0017391,0.0013755204,31858843,planet
1676.0123938298352,0.99971366,0.0013746246,31858843,planet
1676.013782713475,1.0018966,0.0013755026,31858843,planet
1676.0151715975808,1.0001032,0.0013737292,31858843,planet
1676.016560481221,0.99812007,0.0013734223,31858843,planet
1676.0179493648616,0.99920785,0.0013736767,31858843,planet
1676.0193382485018,1.0009766,0.0013740907,31858843,planet
1676.0207271326071,0.9994205,0.0013736561,31858843,planet
1676.0221160162469,1.0025871,0.001374823,31858843,planet
1676.0235048998873,0.9992139,0.001373778,31858843,planet
1676.0248937835277,1.0039237,0.0013752787,31858843,planet
1676.0262826671678,1.0003842,0.0013733648,31858843,planet
1676.0276715512741,1.0001861,0.0013741853,31858843,planet
1676.0290604349138,0.9996441,0.0013738738,31858843,planet
1676.0304493185536,1.0014942,0.0013740299,31858843,planet
1676.0318382021937,0.99838173,0.0013719897,31858843,planet
1676.0332270858341,1.0001075,0.0013735924,31858843,planet
1676.0346159699402,1.001619,0.0013744117,31858843,planet
1676.0360048535804,1.0003357,0.0013739413,31858843,planet
1676.03739373722,1.0019432,0.0013743307,31858843,planet
1676.0387826208598,1.0000632,0.0013732503,31858843,planet
1676.040171504501,1.0028495,0.0013739144,31858843,planet
1676.0415603881413,1.001105,0.0013735831,31858843,planet
1676.0429492722465,0.9999637,0.0013729527,31858843,planet
1676.044338155887,1.0008321,0.0013730986,31858843,planet
1676.0457270395268,1.0018287,0.0013745029,31858843,planet
1676.0471159231665,1.0009954,0.001373279,31858843,planet
1676.0485048068076,1.0005958,0.0013726006,31858843,planet
1676.0498936904478,0.9985894,0.0013726125,31858843,planet
1676.0512825740875,0.9973006,0.0013717466,31858843,planet
1676.0526714577277,0.9997315,0.0013725907,31858843,planet
1676.054060341833,0.9982352,0.0013712802,31858843,planet
1676.0554492254728,0.9988361,0.0013722192,31858843,planet
1676.0568381091139,1.0004853,0.001372681,31858843,planet
1676.058226992755,1.0000798,0.0013719199,31858843,planet
1676.0596158763947,1.0012367,0.0013739177,31858843,planet
1676.0610047600344,0.999654,0.001372072,31858843,planet
1676.0623936436746,1.0015785,0.0013728244,31858843,planet
1676.0637825273143,1.0004305,0.0013731435,31858843,planet
1676.065171410955,1.0018166,0.001372794,31858843,planet
1676.066560294596,1.0004156,0.0013723574,31858843,planet
1676.0679491782355,0.9987961,0.001372203,31858843,planet
1676.0693380623406,1.000683,0.0013730632,31858843,planet
1676.0707269459813,1.0014455,0.0013731789,31858843,planet
1676.0721158296215,1.0005563,0.0013732979,31858843,planet
1676.073504713262,0.99965006,0.0013719925,31858843,planet
1676.0748935969023,1.0011576,0.0013726853,31858843,planet
1676.076282480542,1.000873,0.0013722318,31858843,planet
1676.0776713641817,1.0008308,0.00137216,31858843,planet
1676.0790602478219,1.0021737,0.0013727809,31858843,planet
1676.0804491314625,0.9991017,0.0013713095,31858843,planet
1676.0818380151027,1.0011576,0.001373202,31858843,planet
1676.0832268987433,1.0010413,0.0013722277,31858843,planet
1676.084615782383,1.0013373,0.0013726767,31858843,planet
1676.0860046660225,0.9999942,0.0013723223,31858843,planet
1676.087393549663,0.9991447,0.001371814,31858843,planet
1676.088782433303,1.0006013,0.0013723329,31858843,planet
1676.0901713169437,1.0002953,0.0013721022,31858843,planet
1676.091560200584,0.9990969,0.0013713703,31858843,planet
1676.0929490842236,1.0004946,0.0013719659,31858843,planet
1676.0943379678633,1.0004026,0.0013720987,31858843,planet
1676.0957268515035,1.0004327,0.0013720067,31858843,planet
1676.0971157351441,0.9985955,0.0013710978,31858843,planet
1676.0985046187843,1.0000659,0.0013713824,31858843,planet
1676.099893502425,0.9985425,0.001370033,31858843,planet
1676.1012823860647,0.99899584,0.0013713418,31858843,planet
1676.1026712697042,1.0021003,0.0013732412,31858843,planet
1676.104060153345,1.0005319,0.0013712401,31858843,planet
1676.1054490369856,1.0002503,0.0013709975,31858843,planet
1676.1068379206254,1.0003003,0.0013717118,31858843,planet
1676.1082268042655,1.0015665,0.0013716562,31858843,planet
1676.1096156879053,1.0002698,0.0013720491,31858843,planet
1676.1110045710793,0.99995023,0.0013710053,31858843,planet
1676.1123934547204,1.0003589,0.0013708055,31858843,planet
1676.1137823383615,1.0014513,0.0013722448,31858843,planet
1676.1151712220012,1.0012745,0.0013717392,31858843,planet
1676.116560105641,1.0009415,0.0013718099,31858843,planet
1676.117948989281,1.001473,0.001371857,31858843,planet
1676.1193378729208,0.9981513,0.0013694934,31858843,planet
1676.1207267565615,1.0018395,0.0013707101,31858843,planet
1676.1221156402023,1.0008843,0.001369952,31858843,planet
1676.1235045238418,0.9992668,0.0013706598,31858843,planet
1676.1248934074815,1.0006922,0.001371747,31858843,planet
1676.1262822906565,0.99995923,0.00137026,31858843,planet
1676.1276711742962,1.0019962,0.0013710177,31858843,planet
1676.1290600579364,1.0002466,0.0013711293,31858843,planet
1676.1304489415775,1.0011933,0.0013709016,31858843,planet
1676.1318378252172,1.0016804,0.0013693599,31858843,planet
1676.133226708857,1.0000753,0.0013711293,31858843,planet
1676.134615592497,0.9994456,0.0013709712,31858843,planet
1676.1360044761377,0.99951214,0.0013702533,31858843,planet
1676.1373933593122,0.99881756,0.0013704153,31858843,planet
1676.1387822429526,0.99892604,0.0013711108,31858843,planet
1676.1401711265921,1.0011394,0.0013709313,31858843,planet
1676.1415600102318,1.0008619,0.0013712489,31858843,planet
1676.1429488938725,1.0026977,0.0013714154,31858843,planet
1676.1443377775126,0.999511,0.001370037,31858843,planet
1676.1457266606876,0.9998539,0.0013709924,31858843,planet
1676.1471155443278,0.99801344,0.0013686629,31858843,planet
1676.1485044279675,0.9997905,0.0013701784,31858843,planet
1676.1498933116072,0.9991876,0.0013701746,31858843,planet
1676.1512821952474,0.99908704,0.001369901,31858843,planet
1676.1526710784224,1.0019252,0.0013711293,31858843,planet
1676.1540599620625,0.9986928,0.0013703777,31858843,planet
1676.1554488457032,0.99972683,0.0013700805,31858843,planet
1676.1568377293427,1.0016078,0.0013697972,31858843,planet
1676.1582266129822,1.0017169,0.0013699093,31858843,planet
1676.1596154961576,1.0017323,0.0013708555,31858843,planet
1676.1610043797982,0.9996793,0.0013704057,31858843,planet
1676.162393263438,1.0019035,0.0013713336,31858843,planet
1676.163782147078,1.0014237,0.0013709979,31858843,planet
1676.1651710302528,1.0007963,0.0013710521,31858843,planet
1676.1665599138923,0.99921197,0.0013694426,31858843,planet
1676.167948797533,1.0017991,0.0013702061,31858843,planet
1676.169337681174,1.0030857,0.0013707727,31858843,planet
1676.1707265643481,0.9979501,0.0013692299,31858843,planet
1676.1721154479878,1.0019051,0.0013706819,31858843,planet
1676.173504331628,1.001761,0.0013704096,31858843,planet
1676.1748932152677,0.9995128,0.0013706636,31858843,planet
1676.1762820984422,0.9999771,0.0013693743,31858843,planet
1676.1776709820833,1.0022209,0.0013712124,31858843,planet
1676.179059865723,1.0006902,0.0013704024,31858843,planet
1676.1804487493628,1.0009415,0.0013704544,31858843,planet
1676.1818376325377,1.001826,0.0013704697,31858843,planet
1676.1832265161772,0.99816644,0.0013696863,31858843,planet
1676.1846153998176,0.9995292,0.0013697924,31858843,planet
1676.186004282993,0.99950033,0.0013696995,31858843,planet
1676.1873931666328,0.9984978,0.0013695875,31858843,planet
1676.1887820502725,1.0007983,0.0013705434,31858843,planet
1676.190170933447,1.0023631,0.0013714853,31858843,planet
1676.1915598170874,0.99990124,0.0013698573,31858843,planet
1676.1929487007278,1.001806,0.0013707662,31858843,planet
1676.1943375839023,1.0011264,0.0013707922,31858843,planet
1676.195726467542,1.001635,0.0013696753,31858843,planet
1676.1971153511818,0.9996323,0.0013699669,31858843,planet
1676.1985042343567,1.0008639,0.0013698153,31858843,planet
1676.199893117997,0.99879587,0.0013690725,31858843,planet
1676.2012820016373,1.0010623,0.0013704973,31858843,planet
1676.202670884812,0.99946564,0.0013694321,31858843,planet
1676.2040597684518,1.0003777,0.0013700349,31858843,planet
1676.2054486520915,1.0013844,0.0013702085,31858843,planet
1676.206837535266,1.001064,0.0013705532,31858843,planet
1676.2082264189066,1.0014886,0.001369079,31858843,planet
1676.2096153025468,1.0009562,0.0013701628,31858843,planet
1676.2110041857213,0.99937326,0.0013689114,31858843,planet
1676.212393069361,1.0011712,0.0013690016,31858843,planet
1676.213781952535,1.0028827,0.0013707144,31858843,planet
1676.2151708361757,1.0026275,0.0013706369,31858843,planet
1676.216559719816,1.0011635,0.0013704277,31858843,planet
1676.2179486029906,1.0020623,0.0013715521,31858843,planet
1676.219337486631,1.000332,0.0013700487,31858843,planet
1676.2207263698056,0.9998124,0.0013702245,31858843,planet
1676.2221152534453,1.0005884,0.0013701404,31858843,planet
1676.223504137086,1.0005918,0.0013700499,31858843,planet
1676.2248930202613,1.0014361,0.0013700249,31858843,planet
1676.226281903901,0.99893475,0.0013697618,31858843,planet
1676.2276707870749,0.9983045,0.0013693033,31858843,planet
1676.2290596707153,0.9994981,0.0013695073,31858843,planet
1676.2304485538893,1.000518,0.0013697708,31858843,planet
1676.2318374375295,0.9969398,0.001367501,31858843,planet
1676.2332263211706,1.0011165,0.0013704044,31858843,planet
1676.2346152043447,0.9988222,0.0013686328,31858843,planet
1676.2360040879844,1.0009698,0.001370131,31858843,planet
1676.237392971159,0.9988359,0.0013692507,31858843,planet
1676.2387818547986,1.0021948,0.0013705086,31858843,planet
1676.2401707379736,1.0051799,0.001371443,31858843,planet
1676.2415596216147,0.9993589,0.0013688784,31858843,planet
1676.2429485047887,0.9994641,0.001368952,31858843,planet
1676.2443373884284,0.9995223,0.0013688571,31858843,planet
1676.245726271603,1.0007609,0.0013698407,31858843,planet
1676.2471151552427,1.000392,0.0013690373,31858843,planet
1676.2485040384172,0.99895644,0.0013692505,31858843,planet
1676.2498929220583,1.0020711,0.0013704093,31858843,planet
1676.2512818052323,1.000044,0.0013704777,31858843,planet
1676.252670688872,1.0029771,0.0013700349,31858843,planet
1676.2540595720468,1.0000578,0.0013693216,31858843,planet
1676.2554484556872,1.0005385,0.0013703475,31858843,planet
1676.2568373388617,0.9993201,0.001368927,31858843,planet
1676.2582262225023,0.99704194,0.001369023,31858843,planet
1676.2596151056764,1.0007843,0.0013698515,31858843,planet
1676.2610039893161,1.0001525,0.0013689381,31858843,planet
1676.2623928724906,0.9979514,0.0013684205,31858843,planet
1676.2637817556651,0.997938,0.0013681024,31858843,planet
1676.2651706393058,1.0012591,0.001370148,31858843,planet
1676.2665595224803,1.0000939,0.0013699494,31858843,planet
1676.26794840612,0.9982144,0.0013688942,31858843,planet
1676.269337289294,0.99814934,0.0013682662,31858843,planet
1676.2707261729347,1.0006219,0.0013698958,31858843,planet
1676.2721150561092,1.0026863,0.0013701053,31858843,planet
1676.2735039397494,1.0018456,0.0013703846,31858843,planet
1676.2748928229244,1.000325,0.0013698903,31858843,planet
1676.2762817060989,1.0016334,0.0013701137,31858843,planet
1676.2776705897386,1.0007493,0.0013699494,31858843,planet
1676.2790594729136,1.0021054,0.0013707104,31858843,planet
1676.2804483565544,1.0014764,0.0013699669,31858843,planet
1676.2818372397282,1.0000377,0.001368853,31858843,planet
1676.2832261229023,1.001901,0.0013699168,31858843,planet
1676.284615006543,1.0038676,0.0013712547,31858843,planet
1676.286003889717,1.0006208,0.0013695457,31858843,planet
1676.2873927728915,0.99943537,0.0013686623,31858843,planet
1676.2887816565326,1.0012773,0.0013692839,31858843,planet
1676.2901705397067,1.0003284,0.0013690576,31858843,planet
1676.2915594233464,1.0007882,0.0013692497,31858843,planet
1676.2929483065209,1.0006878,0.0013691103,31858843,planet
1676.294337189695,1.0010418,0.0013688117,31858843,planet
1676.2957260733356,1.0007237,0.0013683329,31858843,planet
1676.297114956511,1.000023,0.0013683186,31858843,planet
1676.2985038396848,1.0013919,0.0013698685,31858843,planet
1676.2998927233243,1.0019296,0.0013700468,31858843,planet
1676.3012816064993,0.99864537,0.001368281,31858843,planet
1676.3026704896733,1.0009017,0.0013689285,31858843,planet
1676.3040593733135,0.9996356,0.0013675885,31858843,planet
1676.305448256489,0.9990335,0.001368525,31858843,planet
1676.306837139663,1.0004654,0.0013681882,31858843,planet
1676.3082260233027,1.0012826,0.0013691832,31858843,planet
1676.3096149064772,1.0013314,0.0013695613,31858843,planet
1676.3110037896522,0.9990584,0.0013685226,31858843,planet
1676.3123926732924,0.9999359,0.001368286,31858843,planet
1676.3137815564673,1.0029995,0.0013706371,31858843,planet
1676.3151704396412,0.99915636,0.001367595,31858843,planet
1676.316559322815,1.0013772,0.0013687292,31858843,planet
1676.3179482064556,1.0001541,0.0013683275,31858843,planet
1676.3193370896302,0.99937856,0.0013682231,31858843,planet
1676.3207259728051,1.0017232,0.0013688874,31858843,planet
1676.3221148564453,0.99848264,0.0013680257,31858843,planet
1676.3235037396194,1.0009502,0.0013685105,31858843,planet
1676.3248926227934,1.0020531,0.0013681478,31858843,planet
1676.326281505968,1.0013634,0.0013687522,31858843,planet
1676.327670389609,0.9997272,0.0013675042,31858843,planet
1676.329059272784,0.99986273,0.0013678164,31858843,planet
1676.330448155958,0.9990097,0.0013687079,31858843,planet
1676.3318370391326,0.9986379,0.0013670987,31858843,planet
1676.3332259223066,1.000329,0.0013684935,31858843,planet
1676.3346148059463,0.9974439,0.0013673124,31858843,planet
1676.3360036891218,1.001717,0.0013695324,31858843,planet
1676.3373925722963,0.99871457,0.0013672224,31858843,planet
1676.3387814554703,1.0011039,0.0013684079,31858843,planet
1676.340170339111,0.9998171,0.0013682708,31858843,planet
1676.3415592222848,0.99990016,0.001367799,31858843,planet
1676.3429481054595,0.9996272,0.0013673787,31858843,planet
1676.344336988635,0.9992652,0.0013672408,31858843,planet
1676.345725871809,0.9999338,0.0013675686,31858843,planet
1676.3471147554487,1.0018283,0.0013681054,31858843,planet
1676.3485036386232,1.000053,0.0013673214,31858843,planet
1676.3498925217973,0.999945,0.0013675669,31858843,planet
1676.351281404972,0.9982939,0.0013670933,31858843,planet
1676.3526702881472,0.99823385,0.0013669435,31858843,planet
1676.3540591713213,0.9996803,0.0013674406,31858843,planet
1676.355448054961,1.0016001,0.0013683179,31858843,planet
1676.356836938136,1.0000061,0.0013671257,31858843,planet
1676.35822582131,1.0023423,0.0013680557,31858843,planet
1676.3596147044846,0.9993835,0.0013672219,31858843,planet
1676.36100358766,0.9970828,0.0013650517,31858843,planet
1676.362392470834,0.99888945,0.001368014,31858843,planet
1676.3637813544738,0.9980974,0.0013662,31858843,planet
1676.3651702376483,0.99663514,0.0013654586,31858843,planet
1676.3665591208223,0.99538696,0.0013648941,31858843,planet
1676.3679480039973,0.996072,0.0013655466,31858843,planet
1676.3693368871725,0.9953271,0.0013647955,31858843,planet
1676.3707257703463,0.9932908,0.001364043,31858843,planet
1676.3721146535204,0.99075586,0.0013626803,31858843,planet
1676.3735035366954,0.99259627,0.0013629105,31858843,planet
1676.3748924198699,0.9883665,0.0013620654,31858843,planet
1676.3762813035105,0.9914606,0.0013629845,31858843,planet
1676.377670186685,0.98939157,0.001361383,31858843,planet
1676.379059069859,0.9884981,0.0013605694,31858843,planet
1676.3804479530331,0.98908365,0.0013620498,31858843,planet
1676.3818368362076,0.9894215,0.0013611818,31858843,planet
1676.383225719383,0.9874278,0.001360117,31858843,planet
1676.384614602558,0.99124235,0.001361886,31858843,planet
1676.386003485732,0.98822486,0.0013610127,31858843,planet
1676.3873923689066,0.98850256,0.0013613568,31858843,planet
1676.3887812520807,0.9887087,0.0013600179,31858843,planet
1676.3901701352547,0.98783237,0.0013607824,31858843,planet
1676.3915590184301,0.98940986,0.001361061,31858843,planet
1676.3929479016047,0.98918563,0.0013608271,31858843,planet
1676.3943367847787,0.98979884,0.0013606772,31858843,planet
1676.3957256679535,0.9908183,0.0013607775,31858843,planet
1676.397114551593,0.98810416,0.0013605967,31858843,planet
1676.398503434767,0.98753595,0.0013603402,31858843,planet
1676.3998923179424,0.9864707,0.0013596436,31858843,planet
1676.4012812011174,0.9868561,0.0013598854,31858843,planet
1676.4026700842915,0.98738986,0.0013607878,31858843,planet
1676.404058967466,0.9892251,0.0013599963,31858843,planet
1676.40544785064,0.98875564,0.0013612227,31858843,planet
1676.4068367338145,0.98887485,0.0013614962,31858843,planet
1676.40822561699,0.9858633,0.0013600026,31858843,planet
1676.409614500164,0.9883097,0.0013605742,31858843,planet
1676.411003383338,0.9871789,0.0013606448,31858843,planet
1676.412392266513,0.9885984,0.0013610171,31858843,planet
1676.4137811496869,0.98762983,0.0013596198,31858843,planet
1676.4151700328616,0.989376,0.0013615497,31858843,planet
1676.416558916037,0.9892692,0.0013612419,31858843,planet
1676.4179477987454,0.98855287,0.00135986,31858843,planet
1676.4193366819195,0.9876963,0.0013597631,31858843,planet
1676.420725565094,0.9888861,0.0013603143,31858843,planet
1676.422114448268,0.9884754,0.0013606854,31858843,planet
1676.4235033314426,0.98823047,0.0013605813,31858843,planet
1676.424892214618,0.9879834,0.0013604586,31858843,planet
1676.426281097792,0.98992586,0.0013610397,31858843,planet
1676.4276699809661,0.98765785,0.0013603952,31858843,planet
1676.429058864141,0.9870909,0.0013591046,31858843,planet
1676.4304477473156,0.98878753,0.0013607974,31858843,planet
1676.4318366304901,0.9891088,0.0013609031,31858843,planet
1676.433225513665,0.98829186,0.0013594409,31858843,planet
1676.4346143968392,0.98832613,0.0013602991,31858843,planet
1676.4360032800132,0.9887941,0.0013594362,31858843,planet
1676.4373921631877,0.9879753,0.0013602768,31858843,planet
1676.4387810458975,0.9875912,0.0013598994,31858843,planet
1676.4401699290722,0.9879367,0.0013601069,31858843,planet
1676.441558812246,0.988651,0.0013601369,31858843,planet
1676.442947695421,0.9893303,0.0013605919,31858843,planet
1676.444336578595,0.9880934,0.0013605354,31858843,planet
1676.4457254617691,0.99087024,0.0013607512,31858843,planet
1676.4471143449446,0.99001896,0.0013609646,31858843,planet
1676.448503228119,0.9892797,0.0013604844,31858843,planet
1676.4498921112931,0.98890686,0.0013594026,31858843,planet
1676.451280994002,0.9898302,0.0013604844,31858843,planet
1676.452669877176,0.9870976,0.0013591807,31858843,planet
1676.45405876035,0.99012995,0.0013606349,31858843,planet
1676.4554476435255,0.99148834,0.0013588902,31858843,planet
1676.4568365267003,0.99064565,0.0013606362,31858843,planet
1676.458225409874,0.9879932,0.001359626,31858843,planet
1676.4596142925834,0.98915935,0.001359658,31858843,planet
1676.4610031757575,0.9875664,0.0013594732,31858843,planet
1676.462392058932,0.9866953,0.0013590858,31858843,planet
1676.4637809421074,0.9890736,0.001360817,31858843,planet
1676.4651698252815,0.9899954,0.001360565,31858843,planet
1676.4665587084555,0.98807126,0.0013610681,31858843,planet
1676.4679475911644,0.9891745,0.0013613187,31858843,planet
1676.4693364743384,0.9900321,0.0013618453,31858843,planet
1676.4707253575134,0.9910373,0.0013609617,31858843,planet
1676.4721142406888,0.99469346,0.0013623097,31858843,planet
1676.4735031238629,0.99312794,0.0013616172,31858843,planet
1676.474892006571,0.99230695,0.0013634473,31858843,planet
1676.4762808897458,0.9958803,0.0013643273,31858843,planet
1676.4776697729199,0.99325734,0.0013629015,31858843,planet
1676.4790586560944,0.9946553,0.001363729,31858843,planet
1676.4804475388041,0.99810153,0.0013650217,31858843,planet
1676.4818364219782,0.99925214,0.0013658847,31858843,planet
1676.4832253051522,0.9992271,0.001366519,31858843,planet
1676.484614188327,0.9993339,0.0013659282,31858843,planet
1676.4860030715008,1.0014408,0.0013671552,31858843,planet
1676.4873919542101,1.0003878,0.0013674292,31858843,planet
1676.4887808373855,0.9998495,0.0013660172,31858843,planet
1676.49016972056,0.99938613,0.0013657502,31858843,planet
1676.4915586032685,0.99897563,0.0013667708,31858843,planet
1676.4929474864425,1.0005308,0.0013656764,31858843,planet
1676.494336369618,1.0000312,0.0013664704,31858843,planet
1676.4957252527925,1.001255,0.0013655135,31858843,planet
1676.4971141355009,0.9995253,0.0013667216,31858843,planet
1676.4985030186758,0.999727,0.0013665906,31858843,planet
1676.4998919018499,0.99787605,0.0013654563,31858843,planet
1676.5012807850237,1.001796,0.0013674883,31858843,planet
1676.5026696677332,1.000447,0.0013672558,31858843,planet
1676.5040585509082,1.0010701,0.0013668888,31858843,planet
1676.5054474340823,0.999983,0.001366587,31858843,planet
1676.5068363167911,0.99955904,0.001366237,31858843,planet
1676.5082251999652,1.0023587,0.0013674203,31858843,planet
1676.5096140831392,1.0007343,0.001366707,31858843,planet
1676.511002965849,1.0004903,0.0013676486,31858843,planet
1676.5123918490235,0.9994225,0.0013655027,31858843,planet
1676.5137807321976,0.9998219,0.0013674124,31858843,planet
1676.5151696149069,0.99852186,0.0013642256,31858843,planet
1676.516558498081,1.0008233,0.0013658686,31858843,planet
1676.517947381255,0.99862874,0.0013659354,31858843,planet
1676.5193362639645,1.0024828,0.0013668247,31858843,planet
1676.5207251471393,1.0014495,0.0013664565,31858843,planet
1676.5221140303133,1.0008115,0.0013675805,31858843,planet
1676.5235029130222,1.0006758,0.0013665727,31858843,planet
1676.5248917961962,0.999658,0.0013659741,31858843,planet
1676.5262806789056,1.0021803,0.0013687263,31858843,planet
1676.527669562081,1.0000117,0.0013666203,31858843,planet
1676.5290584452548,0.9996648,0.0013656992,31858843,planet
1676.530447327963,1.001778,0.0013672112,31858843,planet
1676.531836211138,1.0007975,0.0013675549,31858843,planet
1676.533225094312,0.9995765,0.001366856,31858843,planet
1676.5346139770209,0.9996569,0.0013655032,31858843,planet
1676.5360028601963,0.99811506,0.0013655496,31858843,planet
1676.5373917429047,1.0009215,0.0013660634,31858843,planet
1676.5387806260787,1.0012056,0.001367592,31858843,planet
1676.5401695087876,1.0000789,0.001366366,31858843,planet
1676.5415583919616,1.0018221,0.0013653149,31858843,planet
1676.5429472751366,1.000375,0.0013674292,31858843,planet
1676.5443361578464,1.0029621,0.0013682437,31858843,planet
1676.545725041021,0.9990899,0.0013656282,31858843,planet
1676.5471139237293,1.00221,0.0013668953,31858843,planet
1676.5485028069033,1.0021219,0.0013663713,31858843,planet
1676.549891689613,0.9999503,0.0013673009,31858843,planet
1676.5512805727876,1.0004859,0.001366496,31858843,planet
1676.5526694559617,0.9993072,0.0013665416,31858843,planet
1676.554058338671,0.9971741,0.0013667092,31858843,planet
1676.5554472218448,0.99923944,0.0013661039,31858843,planet
1676.556836104553,1.0001185,0.0013668323,31858843,planet
1676.5582249877284,1.0033313,0.0013685874,31858843,planet
1676.5596138704377,1.0003098,0.0013679456,31858843,planet
1676.5610027536118,1.0016029,0.0013661645,31858843,planet
1676.5623916363206,1.0022647,0.0013684202,31858843,planet
1676.5637805194947,0.99742866,0.0013657633,31858843,planet
1676.565169402203,1.0007703,0.0013673535,31858843,planet
1676.5665582853785,1.0012444,0.0013675912,31858843,planet
1676.5679471680874,1.0014582,0.001367499,31858843,planet
1676.5693360512614,1.0009563,0.0013664168,31858843,planet
1676.5707249339707,0.9984728,0.0013662081,31858843,planet
1676.5721138171446,1.0028152,0.0013679609,31858843,planet
1676.5735026998527,1.0001475,0.0013674152,31858843,planet
1676.5748915830281,1.0018386,0.0013685126,31858843,planet
1676.5762804657375,1.0020256,0.001368479,31858843,planet
1676.5776693489115,1.0010593,0.0013674852,31858843,planet
1676.5790582316204,0.9983713,0.001366939,31858843,planet
1676.5804471147944,1.0002853,0.0013682119,31858843,planet
1676.5818359975033,1.0011066,0.0013685584,31858843,planet
1676.583224880213,1.0003663,0.0013685513,31858843,planet
1676.584613763387,1.0028102,0.0013674323,31858843,planet
1676.5860026460955,1.000065,0.0013670609,31858843,planet
1676.5873915292705,1.0009805,0.0013678625,31858843,planet
1676.5887804119789,1.0014921,0.0013681637,31858843,planet
1676.5901692951534,1.0006453,0.0013681313,31858843,planet
1676.5915581778631,1.0026517,0.0013694012,31858843,planet
1676.5929470605715,1.0007268,0.0013691062,31858843,planet
1676.5943359437456,0.99909955,0.0013685179,31858843,planet
1676.5957248264544,1.0007331,0.0013673904,31858843,planet
1676.5971137096294,1.0009438,0.0013683216,31858843,planet
1676.5985025923383,1.0013235,0.0013686811,31858843,planet
1676.5998914750473,0.9996972,0.001368073,31858843,planet
1676.601280358222,0.9998094,0.0013678913,31858843,planet
1676.6026692409305,1.0027204,0.0013690295,31858843,planet
1676.6040581241045,1.0022146,0.0013698295,31858843,planet
1676.6054470068134,0.998927,0.0013677682,31858843,planet
1676.6068358895227,1.000939,0.0013685568,31858843,planet
1676.6082247726972,1.0009087,0.0013692107,31858843,planet
1676.609613655406,0.9986838,0.001367747,31858843,planet
1676.6110025381145,1.001103,0.0013676009,31858843,planet
1676.6123914212885,0.9976756,0.0013674889,31858843,planet
1676.6137803039983,1.0024077,0.0013693242,31858843,planet
1676.6151691871733,1.0010521,0.0013690435,31858843,planet
1676.6165580698814,0.9990519,0.0013684069,31858843,planet
1676.6179469525905,0.9999598,0.0013688605,31858843,planet
1676.6193358357646,1.0006801,0.0013694188,31858843,planet
1676.620724718473,1.0021899,0.0013690043,31858843,planet
1676.6221136011827,1.0004238,0.0013683599,31858843,planet
1676.6235024843572,0.9996623,0.0013685214,31858843,planet
1676.6248913670656,0.99896634,0.0013684679,31858843,planet
1676.6262802497747,1.0019525,0.0013687732,31858843,planet
1676.6276691324829,1.0007414,0.0013684683,31858843,planet
1676.629058015657,0.9993653,0.001367925,31858843,planet
1676.6304468983667,1.0019541,0.0013702025,31858843,planet
1676.631835781076,0.9983353,0.0013673982,31858843,planet
1676.63322466425,1.0022877,0.0013699061,31858843,planet
1676.634613546959,1.0014396,0.0013695308,31858843,planet
1676.6360024296673,1.0015222,0.0013691067,31858843,planet
1676.6373913128414,0.99878967,0.00136908,31858843,planet
1676.6387801955511,0.9976837,0.0013674555,31858843,planet
1676.64016907826,1.0014998,0.0013693749,31858843,planet
1676.6415579609684,1.0017009,0.0013699316,31858843,planet
1676.6429468441431,1.0013536,0.0013695157,31858843,planet
1676.6443357268513,1.0012072,0.0013701131,31858843,planet
1676.6457246095606,0.99955463,0.0013682905,31858843,planet
1676.6471134922704,0.9979942,0.0013684395,31858843,planet
1676.6485023754449,1.0015942,0.0013702885,31858843,planet
1676.6498912581533,1.0008852,0.0013688073,31858843,planet
1676.6512801408617,1.0008103,0.0013689275,31858843,planet
1676.6526690235708,0.99948156,0.0013674696,31858843,planet
1676.6540579067455,1.0005805,0.0013694655,31858843,planet
1676.6554467894543,1.0001898,0.0013689131,31858843,planet
1676.6568356721637,1.0008328,0.0013688606,31858843,planet
1676.658224554872,0.9988749,0.0013684921,31858843,planet
1676.6596134375804,1.0002,0.0013692434,31858843,planet
1676.661002320755,0.9997482,0.0013687678,31858843,planet
1676.6623912034638,0.9994295,0.0013682615,31858843,planet
1676.6637800861731,0.99961007,0.001369523,31858843,planet
1676.665168968882,0.99955606,0.00136864,31858843,planet
1676.6665578515904,1.0004199,0.0013686045,31858843,planet
1676.6679467347644,0.99994403,0.0013690258,31858843,planet
1676.6693356174735,0.99979514,0.001369134,31858843,planet
1676.6707245001826,1.0011389,0.0013697841,31858843,planet
1676.6721133828914,0.9995846,0.0013687036,31858843,planet
1676.6735022656007,1.0021453,0.001370103,31858843,planet
1676.6748911483091,0.9993759,0.0013684556,31858843,planet
1676.6762800314832,1.0001849,0.0013696764,31858843,planet
1676.677668914193,1.0012255,0.0013696421,31858843,planet
1676.6790577969018,0.9999779,0.0013692362,31858843,planet
1676.6804466796102,0.9996628,0.0013688267,31858843,planet
1676.681835562319,1.002091,0.001370729,31858843,planet
1676.6832244450275,0.9999977,0.0013691749,31858843,planet
1676.6846133277359,0.9993662,0.0013685088,31858843,planet
1676.6860022109113,1.0003895,0.0013693435,31858843,planet
1676.6873910936204,1.0021529,0.0013701598,31858843,planet
1676.6887799763285,1.0009967,0.0013694371,31858843,planet
1676.6901688590378,1.0011662,0.0013690498,31858843,planet
1676.6915577417462,0.9989023,0.0013691426,31858843,planet
1676.6929466244546,0.9999561,0.0013688045,31858843,planet
1676.6943355071644,0.9994451,0.0013683861,31858843,planet
1676.6957243898732,1.0016626,0.001369149,31858843,planet
1676.6971132725816,0.9999418,0.0013689135,31858843,planet
1676.6985021557562,1.0011363,0.0013694565,31858843,planet
1676.6998910384646,0.99975526,0.0013691721,31858843,planet
1676.7012799211739,1.00268,0.0013693044,31858843,planet
1676.7026688038836,0.9993383,0.0013692264,31858843,planet
1676.7040576865925,1.0000783,0.0013685086,31858843,planet
1676.7054465693009,0.99917346,0.0013681259,31858843,planet
1676.7068354520093,1.0003835,0.0013692647,31858843,planet
1676.7082243347181,1.0007043,0.0013690158,31858843,planet
1676.7096132174274,0.9999312,0.0013689563,31858843,planet
1676.7110021001363,0.9984285,0.001368408,31858843,planet
1676.7123909828456,1.000904,0.0013690786,31858843,planet
1676.7137798655538,0.9994082,0.0013676876,31858843,planet
1676.715168748262,0.99904674,0.0013682815,31858843,planet
1676.7165576309712,1.0000913,0.0013686819,31858843,planet
1676.71794651368,0.9980385,0.0013664789,31858843,planet
1676.7193353963894,1.0001365,0.001367905,31858843,planet
1676.7207242790982,1.0011295,0.0013699778,31858843,planet
1676.7221131618066,0.9994308,0.0013683024,31858843,planet
1676.723502044515,1.0007324,0.0013689225,31858843,planet
1676.724890927224,0.9994784,0.0013678491,31858843,planet
1676.7262798099332,0.9999893,0.0013688923,31858843,planet
1676.727668692642,0.99841845,0.0013685934,31858843,planet
1676.7290575753514,0.99960876,0.0013688984,31858843,planet
1676.7304464580598,1.0003029,0.0013685917,31858843,planet
1676.731835340768,0.9980264,0.0013673166,31858843,planet
1676.7332242234775,0.9998174,0.0013685891,31858843,planet
1676.7346131061868,0.99986905,0.0013680941,31858843,planet
1676.7360019888952,0.99943554,0.0013684445,31858843,planet
1676.737390871604,0.9989648,0.0013675406,31858843,planet
1676.7387797543124,1.0011723,0.0013687622,31858843,planet
1676.7401686370208,0.9982697,0.0013681566,31858843,planet
1676.7415575197306,1.0005741,0.0013687323,31858843,planet
1676.7429464024394,0.99979615,0.0013686981,31858843,planet
1676.7443352851478,0.9995112,0.0013683796,31858843,planet
1676.7457241678571,1.0000597,0.0013686963,31858843,planet
1676.7471130505655,0.99904346,0.001368256,31858843,planet
1676.748501933274,1.0022988,0.0013703395,31858843,planet
1676.7498908159835,0.99857455,0.001367876,31858843,planet
1676.7512796986925,0.99795395,0.0013670005,31858843,planet
1676.752668581401,1.0008358,0.0013689332,31858843,planet
1676.7540574636441,1.0005829,0.0013683408,31858843,planet
1676.7554463463534,1.0013472,0.0013694048,31858843,planet
1676.7568352290618,0.99979424,0.0013683075,31858843,planet
1676.7582241117707,1.0015471,0.0013687182,31858843,planet
1676.7596129944804,0.9992894,0.0013679917,31858843,planet
1676.7610018771888,0.99921983,0.0013688845,31858843,planet
1676.7623907598972,0.9986309,0.0013682891,31858843,planet
1676.763779642606,1.0017706,0.0013691105,31858843,planet
1676.7651685253154,0.99965376,0.0013685998,31858843,planet
1676.7665574080243,1.0004522,0.0013686402,31858843,planet
1676.7679462902677,1.0006193,0.0013687783,31858843,planet
1676.7693351729758,1.0008866,0.0013691323,31858843,planet
1676.7707240556842,0.9998864,0.0013680639,31858843,planet
1676.7721129383935,1.0020024,0.0013687965,31858843,planet
1676.7735018211024,0.9988095,0.0013680079,31858843,planet
1676.7748907038117,0.99998057,0.0013685934,31858843,planet
1676.7762795865206,1.0015401,0.0013684726,31858843,planet
1676.7776684687633,1.0004054,0.0013684223,31858843,planet
1676.7790573514717,1.0014523,0.0013688543,31858843,planet
1676.7804462341805,1.0016184,0.0013689423,31858843,planet
1676.7818351168899,1.0023078,0.0013693701,31858843,planet
1676.7832239995987,0.9998893,0.0013683441,31858843,planet
1676.7846128823078,1.0016118,0.0013683252,31858843,planet
1676.7860017645503,1.0019636,0.0013694065,31858843,planet
1676.7873906472587,1.0002437,0.0013687338,31858843,planet
1676.788779529968,1.0004977,0.0013681512,31858843,planet
1676.7901684126768,1.0012337,0.0013681437,31858843,planet
1676.7915572953862,0.99982536,0.0013681655,31858843,planet
1676.7929461776293,0.99971074,0.0013693183,31858843,planet
1676.7943350603377,1.0013851,0.0013694722,31858843,planet
1676.7957239430461,0.99866825,0.0013675223,31858843,planet
1676.797112825756,1.0007548,0.0013684153,31858843,planet
1676.798501707999,1.001208,0.0013688363,31858843,planet
1676.7998905907075,0.99792063,0.0013676764,31858843,planet
1676.8012794734168,0.99972874,0.0013678201,31858843,planet
1676.802668356125,1.0013968,0.001368231,31858843,planet
1676.8040572388331,0.9999336,0.0013675537,31858843,planet
1676.8054461210772,1.0011752,0.0013675055,31858843,planet
1676.806835003787,1.0021181,0.0013696617,31858843,planet
1676.8082238864954,1.0017346,0.0013688781,31858843,planet
1676.8096127692038,1.0000682,0.0013687155,31858843,planet
1676.8110016514474,0.9996892,0.0013672832,31858843,planet
1676.8123905341556,1.0014597,0.0013683522,31858843,planet
1676.8137794168647,1.002658,0.0013678219,31858843,planet
1676.8151682991088,1.0003717,0.0013681601,31858843,planet
1676.8165571818172,1.0020324,0.0013686093,31858843,planet
1676.8179460645256,1.0001309,0.0013677998,31858843,planet
1676.8193349472344,1.0000871,0.0013676434,31858843,planet
1676.8207238294779,0.9997396,0.0013679258,31858843,planet
1676.822112712187,0.9993676,0.0013675379,31858843,planet
1676.8235015948958,1.0000604,0.0013683644,31858843,planet
1676.8248904771385,1.0002936,0.0013687831,31858843,planet
1676.826279359847,1.0012963,0.001367553,31858843,planet
1676.8276682425562,0.99901044,0.001367974,31858843,planet
1676.8290571247994,1.0015748,0.0013682942,31858843,planet
1676.8304460075083,0.99777895,0.001366351,31858843,planet
1676.8318348902176,1.0016009,0.001368901,31858843,planet
1676.8332237724603,0.9990833,0.0013679351,31858843,planet
1676.8346126551687,1.0019782,0.0013691732,31858843,planet
1676.8360015378776,1.0008502,0.0013685909,31858843,planet
1676.8373904201212,0.99986094,0.0013690742,31858843,planet
1676.83877930283,1.0006962,0.0013680352,31858843,planet
1676.840168185539,1.0023817,0.0013689391,31858843,planet
1676.8415570677817,0.99927443,0.0013666264,31858843,planet
1676.84294595049,1.0002357,0.0013683598,31858843,planet
1676.8443348331994,1.0022116,0.0013692627,31858843,planet
1676.8457237154425,1.0013515,0.001368769,31858843,planet
1676.8471125981516,1.0011786,0.0013680947,31858843,planet
1676.8485014808607,0.9998399,0.0013677141,31858843,planet
1676.8498903631034,1.0021679,0.0013684669,31858843,planet
1676.8512792458118,0.9988832,0.0013685027,31858843,planet
1676.852668128056,1.0015273,0.0013696966,31858843,planet
1676.8540570107648,1.0012462,0.0013693654,31858843,planet
1676.8554458934732,0.9985188,0.0013676591,31858843,planet
1676.8568347757164,1.001678,0.0013685325,31858843,planet
1676.8582236584257,0.9991657,0.0013680699,31858843,planet
1676.8596125406684,0.99993116,0.0013669553,31858843,planet
1676.8610014233773,1.0008731,0.0013683669,31858843,planet
1676.862390306087,1.0004723,0.0013690486,31858843,planet
1676.8637791883298,0.99812514,0.001368042,31858843,planet
1676.8651680710382,0.9988553,0.0013677893,31858843,planet
1676.8665569532814,1.00112,0.0013679846,31858843,planet
1676.8679458359898,1.0005302,0.0013692405,31858843,planet
1676.8693347182334,1.001933,0.001369409,31858843,planet
1676.8707236009432,1.0004915,0.0013691953,31858843,planet
1676.872112483186,1.0005703,0.0013681758,31858843,planet
1676.873501365894,1.0004661,0.0013673139,31858843,planet
1676.8748902486032,1.0001551,0.0013683308,31858843,planet
1676.876279130846,1.0009258,0.0013687686,31858843,planet
1676.8776680135547,1.002458,0.0013695504,31858843,planet
1676.8790568957988,0.99937254,0.0013684588,31858843,planet
1676.8804457785072,0.99999404,0.0013684495,31858843,planet
1676.88183466075,0.99989605,0.00136895,31858843,planet
1676.8832235434588,1.0008718,0.0013687687,31858843,planet
1676.8846124257025,1.001136,0.0013684697,31858843,planet
1676.8860013084113,0.9993254,0.0013680307,31858843,planet
1676.887390190655,0.99959487,0.0013670982,31858843,planet
1676.8887790733634,1.0009556,0.0013686194,31858843,planet
1676.890167955606,1.000458,0.0013690001,31858843,planet
1676.891556838315,1.0004722,0.0013674218,31858843,planet
1676.8929457205581,0.9987717,0.0013679849,31858843,planet
1676.8943346032675,1.0000883,0.001368635,31858843,planet
1676.8957234855106,0.9991994,0.0013677129,31858843,planet
1676.897112368219,1.0000167,0.0013678638,31858843,planet
1676.8985012504618,0.9990016,0.0013671543,31858843,planet
1676.8998901331709,1.0001284,0.0013685874,31858843,planet
1676.9012790154143,0.9993612,0.0013680817,31858843,planet
1676.9026678976575,1.0010408,0.0013678358,31858843,planet
1676.9040567803668,1.0002607,0.0013691814,31858843,planet
1676.9054456626095,0.9979076,0.0013674685,31858843,planet
1676.906834545318,0.998579,0.001367348,31858843,planet
1676.908223427561,1.0020437,0.0013699145,31858843,planet
1676.9096123102709,1.0005441,0.0013677364,31858843,planet
1676.911001192514,1.0000322,0.0013685462,31858843,planet
1676.9123900747568,1.0015311,0.0013685371,31858843,planet
1676.913778957466,1.0006948,0.0013676952,31858843,planet
1676.9151678397088,1.000472,0.0013669848,31858843,planet
1676.9165567224177,1.0005349,0.0013682639,31858843,planet
1676.9179456046618,1.0005474,0.0013685713,31858843,planet
1676.9193344873702,1.0030496,0.0013692131,31858843,planet
1676.920723369613,1.0020748,0.0013688777,31858843,planet
1676.922112251856,1.0000596,0.0013680703,31858843,planet
1676.9235011345645,1.0022068,0.0013693583,31858843,planet
1676.9248900168081,1.0005616,0.0013683994,31858843,planet
1676.9262788990522,1.0000094,0.0013685739,31858843,planet
1676.9276677817604,1.0014899,0.0013688193,31858843,planet
1676.929056664003,0.9989259,0.0013680921,31858843,planet
1676.9304455467122,1.0010455,0.0013681945,31858843,planet
1676.931834428955,1.0005678,0.0013678093,31858843,planet
1676.9332233111982,0.9984386,0.0013671281,31858843,planet
1676.934612193908,1.0008366,0.0013685551,31858843,planet
1676.9360010761507,1.0005387,0.0013674984,31858843,planet
1676.9373899583934,0.9985773,0.0013680232,31858843,planet
1676.9387788411022,0.9987558,0.001367312,31858843,planet
1676.940167723345,0.99994373,0.0013681876,31858843,planet
1676.9415566055886,0.9990315,0.0013685046,31858843,planet
1676.9429454882984,1.001858,0.001367948,31858843,planet
1676.944334370541,1.0011606,0.0013683523,31858843,planet
1676.9457232527834,0.99878913,0.0013670353,31858843,planet
1676.9471121354927,1.0009525,0.001368223,31858843,planet
1676.948501017736,0.9999766,0.0013680891,31858843,planet
1676.9498898999796,1.0013062,0.001367757,31858843,planet
1676.9512787826884,0.9979745,0.0013678442,31858843,planet
1676.9526676649311,1.0000336,0.0013680006,31858843,planet
1676.9540565471739,1.0001003,0.0013677211,31858843,planet
1676.955445429417,1.0006502,0.0013676203,31858843,planet
1676.9568343121264,1.0004789,0.0013674913,31858843,planet
1676.9582231943696,1.0021279,0.0013680835,31858843,planet
1676.9596120766132,0.9993847,0.0013676145,31858843,planet
1676.961000959322,0.99837595,0.0013656784,31858843,planet
1676.9623898415648,1.00024,0.0013677982,31858843,planet
1676.9637787238075,1.0004911,0.0013672926,31858843,planet
1676.9651676060516,1.0015786,0.0013678973,31858843,planet
1676.9665564887605,0.9997429,0.001366819,31858843,planet
1676.9679453710032,1.0002966,0.001367476,31858843,planet
1676.9693342532469,0.99941766,0.0013666298,31858843,planet
1676.9707231354894,1.0017765,0.0013684349,31858843,planet
1676.9721120181985,0.99943167,0.001366956,31858843,planet
1676.9735009004426,1.0028996,0.0013686734,31858843,planet
1676.9748897826853,1.0012153,0.001368207,31858843,planet
1676.976278664928,0.99967146,0.0013669938,31858843,planet
1676.9776675471712,1.0018227,0.0013683056,31858843,planet
1676.9790564298796,0.99896735,0.0013669737,31858843,planet
1676.9804453121228,0.9992957,0.001367861,31858843,planet
1676.981834194367,0.9992477,0.0013661128,31858843,planet
1676.9832230766096,1.0015839,0.0013680047,31858843,planet
1676.984611959318,1.0002497,0.0013681912,31858843,planet
1676.9860008415617,0.99963593,0.0013660386,31858843,planet
1676.9873897238044,1.0002565,0.0013673834,31858843,planet
1676.9887786060476,1.0007733,0.0013674964,31858843,planet
1676.9901674882917,0.998915,0.0013666792,31858843,planet
1676.9915563705345,1.0018946,0.001367296,31858843,planet
1676.9929452532429,1.000048,0.001365793,31858843,planet
1676.994334135486,0.999649,0.0013663663,31858843,planet
1676.9957230177288,1.0017934,0.0013662901,31858843,planet
1676.9971118999722,1.0018716,0.0013676785,31858843,planet
1676.998500782216,1.0007354,0.0013667878,31858843,planet
1676.9998896644588,1.0031915,0.0013661591,31858843,planet
1677.0012785471672,1.0012186,0.0013667216,31858843,planet
1677.0026674294108,1.0029714,0.0013679321,31858843,planet
1677.004056311654,1.0000627,0.0013661532,31858843,planet
1677.0054451938977,1.0015475,0.0013675374,31858843,planet
1677.0068340761409,0.9992696,0.0013665435,31858843,planet
1677.0082229583836,0.99908936,0.0013657231,31858843,planet
1677.0096118406263,1.0025742,0.0013681519,31858843,planet
1677.0110007228695,0.9985365,0.0013631999,31858843,planet
1677.0123896055788,1.0000274,0.0013667571,31858843,planet
1677.013778487822,1.0000615,0.0013662573,31858843,planet
1677.0151673700655,1.0000839,0.0013661538,31858843,planet
1677.0165562523089,1.0010226,0.0013675218,31858843,planet
1677.0179451345516,0.99956536,0.0013661326,31858843,planet
1677.0193340167943,1.000109,0.0013661191,31858843,planet
1677.0207228990384,1.0000402,0.0013671068,31858843,planet
1677.0221117812816,0.9993118,0.0013657986,31858843,planet
1677.0235006635244,1.0010562,0.0013669407,31858843,planet
1677.0248895457676,1.0012643,0.0013670219,31858843,planet
1677.0262784280103,1.0008792,0.001366155,31858843,planet
1677.0276673107187,1.001172,0.0013660704,31858843,planet
1677.0290561929628,1.0012498,0.0013665581,31858843,planet
1677.0304450752064,1.0003221,0.0013651698,31858843,planet
1677.0318339574492,0.99926716,0.0013654596,31858843,planet
1677.0332228396924,1.0002247,0.0013659302,31858843,planet
1677.034611721935,1.0023125,0.0013664963,31858843,planet
1677.0360006041783,1.0003954,0.0013657737,31858843,planet
1677.0373894864224,1.0007846,0.0013651439,31858843,planet
1677.0387783686651,1.0022674,0.0013667899,31858843,planet
1677.0401672509079,1.001671,0.001367149,31858843,planet
1677.0415561331513,1.0017446,0.0013659879,31858843,planet
1677.0429450153938,0.99838525,0.0013646667,31858843,planet
1677.0443338976374,0.9993047,0.0013648605,31858843,planet
1677.0457227798815,0.9986928,0.0013647869,31858843,planet
1677.0471116621243,1.0025592,0.0013664356,31858843,planet
1677.048500544367,0.9993328,0.0013647015,31858843,planet
1677.0498894266102,1.0010437,0.0013656155,31858843,planet
1677.051278308853,1.0007943,0.0013657048,31858843,planet
1677.0526671910961,0.9980553,0.0013639913,31858843,planet
1677.0540560733402,0.9999762,0.001365833,31858843,planet
1677.055444955583,1.0010679,0.0013647763,31858843,planet
1677.0568338378257,1.0012252,0.0013659927,31858843,planet
1677.0582227200694,1.0007739,0.0013654702,31858843,planet
1677.0596116023119,1.0026084,0.0013654346,31858843,planet
1677.0610004845553,1.0005239,0.001365251,31858843,planet
1677.0623893667994,1.002302,0.0013656074,31858843,planet
1677.0637782490421,1.001055,0.0013646471,31858843,planet
1677.0651671312849,0.99883676,0.0013639034,31858843,planet
1677.066556013528,1.0027981,0.001366946,31858843,planet
1677.0679448957721,0.99977434,0.0013648309,31858843,planet
1677.0693337780156,1.0024407,0.0013658759,31858843,planet
1677.0707226597924,1.0001531,0.0013647341,31858843,planet
1677.072111542036,1.0021977,0.0013660743,31858843,planet
1677.0735004242788,1.0002071,0.0013659656,31858843,planet
1677.0748893065215,1.0022424,0.0013655177,31858843,planet
1677.0762781887656,1.0008363,0.0013654252,31858843,planet
1677.0776670710088,1.0003285,0.001364821,31858843,planet
1677.0790559532516,0.99943566,0.0013637093,31858843,planet
1677.0804448354947,1.000399,0.001364168,31858843,planet
1677.0818337177375,1.0015931,0.0013652552,31858843,planet
1677.0832225999802,1.0014135,0.001365537,31858843,planet
1677.0846114822243,1.0016489,0.0013656536,31858843,planet
1677.086000364002,1.002145,0.0013647225,31858843,planet
1677.0873892462446,0.9995364,0.0013643709,31858843,planet
1677.0887781284882,1.0014001,0.0013659165,31858843,planet
1677.090167010731,1.0022873,0.0013655259,31858843,planet
1677.0915558929742,0.99987715,0.0013643536,31858843,planet
1677.0929447752183,0.99825835,0.0013636256,31858843,planet
1677.094333657461,0.99977374,0.0013646847,31858843,planet
1677.0957225397037,0.99988586,0.001364746,31858843,planet
1677.0971114214813,1.0003392,0.0013639834,31858843,planet
1677.098500303724,1.0017586,0.0013656653,31858843,planet
1677.0998891859676,1.001269,0.0013642851,31858843,planet
1677.1012780682117,0.9997659,0.0013649832,31858843,planet
1677.1026669504545,1.0027682,0.0013651564,31858843,planet
1677.104055832697,1.0016377,0.0013652347,31858843,planet
1677.1054447144747,1.000024,0.0013647389,31858843,planet
1677.1068335967175,1.0018784,0.0013665596,31858843,planet
1677.1082224789607,1.0040344,0.001366521,31858843,planet
1677.1096113612048,0.99847686,0.0013642558,31858843,planet
1677.1110002434475,1.0001588,0.0013640809,31858843,planet
1677.1123891252246,1.0002441,0.0013653801,31858843,planet
1677.1137780074678,1.0028932,0.0013659415,31858843,planet
1677.1151668897114,1.0017438,0.0013660439,31858843,planet
1677.1165557719546,0.9999448,0.0013647603,31858843,planet
1677.1179446541983,1.0003989,0.0013638291,31858843,planet
1677.1193335359758,1.0002096,0.0013642017,31858843,planet
1677.1207224182185,0.9996737,0.0013636099,31858843,planet
1677.1221113004613,1.0008906,0.0013649872,31858843,planet
1677.1235001827054,0.9991597,0.001363969,31858843,planet
1677.1248890649485,0.9992582,0.0013630596,31858843,planet
1677.1262779467256,0.9996441,0.0013644154,31858843,planet
1677.1276668289693,0.99965554,0.0013632633,31858843,planet
1677.129055711212,1.0000936,0.0013635313,31858843,planet
1677.1304445934545,1.0008175,0.0013642744,31858843,planet
1677.1318334752327,0.99916416,0.0013645972,31858843,planet
1677.1332223574764,1.0023372,0.0013640877,31858843,planet
1677.134611239719,0.9998549,0.0013635999,31858843,planet
1677.1360001219623,0.99979705,0.001363933,31858843,planet
1677.1373890037394,0.99779415,0.0013624512,31858843,planet
1677.138777885982,1.000609,0.0013636787,31858843,planet
1677.1401667682262,1.0009981,0.0013652738,31858843,planet
1677.1415556500037,1.0008117,0.0013647471,31858843,planet
1677.1429445322465,1.0018171,0.0013647455,31858843,planet
1677.1443334144901,1.0000486,0.0013635142,31858843,planet
1677.1457222967329,1.001942,0.0013643608,31858843,planet
1677.1471111785097,1.0010625,0.0013644547,31858843,planet
1677.1485000607536,1.0013212,0.0013647565,31858843,planet
1677.1498889429972,1.0007254,0.0013645006,31858843,planet
1677.1512778247743,0.99952024,0.0013627594,31858843,planet
1677.1526667070175,0.9998664,0.0013643949,31858843,planet
1677.1540555892602,0.9993141,0.001363976,31858843,planet
1677.1554444710382,1.0017115,0.0013655266,31858843,planet
1677.156833353282,1.0017918,0.0013645806,31858843,planet
1677.1582222355246,1.0001541,0.0013645507,31858843,planet
1677.1596111173017,0.9984154,0.001363043,31858843,planet
1677.1609999995453,1.002734,0.0013647878,31858843,planet
1677.162388881788,0.99951375,0.0013634083,31858843,planet
1677.1637777635656,1.0005357,0.0013640904,31858843,planet
1677.1651666458097,0.9987781,0.0013628452,31858843,planet
1677.166555528053,1.0021685,0.0013651033,31858843,planet
1677.16794440983,1.0006089,0.0013645953,31858843,planet
1677.1693332920727,1.0000062,0.0013629256,31858843,planet
1677.1707221738507,1.0005568,0.0013633877,31858843,planet
1677.1721110560939,0.9988573,0.0013636627,31858843,planet
1677.1734999383375,1.0014465,0.001364828,31858843,planet
1677.174888820115,0.9997254,0.0013640078,31858843,planet
1677.1762777023578,1.0004432,0.0013631212,31858843,planet
1677.1776665841348,0.9982894,0.001362439,31858843,planet
1677.179055466378,1.0005001,0.0013649369,31858843,planet
1677.1804443486217,1.0009067,0.001363886,31858843,planet
1677.1818332303992,0.99935925,0.0013627307,31858843,planet
1677.1832221126426,0.99975437,0.0013636335,31858843,planet
1677.1846109944195,1.0010642,0.0013643523,31858843,planet
1677.1859998766622,1.000519,0.0013639826,31858843,planet
1677.1873887589063,1.0007347,0.0013648636,31858843,planet
1677.1887776406843,0.99878985,0.0013633266,31858843,planet
1677.190166522927,1.0014373,0.0013647974,31858843,planet
1677.1915554047046,0.99829406,0.0013629217,31858843,planet
1677.1929442869473,1.0003462,0.0013644316,31858843,planet
1677.1943331687244,1.0006567,0.0013641595,31858843,planet
1677.1957220509685,1.0002519,0.0013635008,31858843,planet
1677.197110932746,0.99957126,0.0013631395,31858843,planet
1677.1984998149887,1.0005999,0.0013636075,31858843,planet
1677.1998886972324,0.99985266,0.0013634353,31858843,planet
1677.2012775790092,1.0009981,0.0013643049,31858843,planet
1677.2026664612517,0.9987647,0.0013631344,31858843,planet
1677.2040553430302,1.0009766,0.001364568,31858843,planet
1677.2054442252738,1.0027924,0.0013651097,31858843,planet
1677.206833107051,1.0010486,0.0013646277,31858843,planet
1677.208221989294,0.9975381,0.0013625311,31858843,planet
1677.2096108710712,1.0001422,0.001364155,31858843,planet
1677.210999753314,1.0051372,0.001366656,31858843,planet
1677.2123886350923,0.9981486,0.0013624573,31858843,planet
1677.2137775173355,0.99897695,0.0013637495,31858843,planet
1677.2151663991126,0.9987563,0.0013630782,31858843,planet
1677.2165552813562,0.9993822,0.001363658,31858843,planet
1677.2179441631338,1.0010827,0.0013638041,31858843,planet
1677.2193330453772,1.0011642,0.0013644833,31858843,planet
1677.220721927155,0.9993126,0.0013633877,31858843,planet
1677.2221108093981,1.0026511,0.0013648694,31858843,planet
1677.2234996911752,0.99987066,0.001364313,31858843,planet
1677.2248885729523,0.9971022,0.0013625076,31858843,planet
1677.226277455196,1.0002997,0.0013634774,31858843,planet
1677.2276663369735,1.0015243,0.0013640685,31858843,planet
1677.2290552192167,0.9998059,0.0013640594,31858843,planet
1677.2304441009946,0.9976569,0.0013626544,31858843,planet
1677.2318329832374,0.99970776,0.0013631814,31858843,planet
1677.2332218650145,0.9993019,0.0013626112,31858843,planet
1677.2346107472576,1.0009835,0.0013638689,31858843,planet
1677.2359996290354,0.99915695,0.0013633864,31858843,planet
1677.2373885108132,1.0018702,0.0013648067,31858843,planet
1677.2387773930564,0.99915975,0.0013626863,31858843,planet
1677.2401662748334,0.99807686,0.0013624178,31858843,planet
1677.2415551570762,1.0009747,0.0013637794,31858843,planet
1677.2429440388546,0.9999898,0.0013636672,31858843,planet
1677.2443329206326,1.000166,0.0013634266,31858843,planet
1677.245721802875,0.99927914,0.0013629704,31858843,planet
1677.2471106846529,1.0005839,0.0013635186,31858843,planet
1677.2484995668956,0.9978444,0.0013619217,31858843,planet
1677.2498884486727,0.99797803,0.0013622522,31858843,planet
1677.251277330451,0.9992211,0.0013638134,31858843,planet
1677.2526662126943,0.9999855,0.0013631457,31858843,planet
1677.2540550944714,1.0004424,0.0013633842,31858843,planet
1677.255443976249,1.0011481,0.0013643405,31858843,planet
1677.2568328584916,1.0011665,0.0013639989,31858843,planet
1677.2582217402687,0.99958766,0.0013629321,31858843,planet
1677.2596106225128,1.000504,0.0013635909,31858843,planet
1677.2609995042908,0.9993822,0.0013632883,31858843,planet
1677.2623883860676,0.9989272,0.0013627169,31858843,planet
1677.263777268311,0.99965966,0.0013631958,31858843,planet
1677.2651661500881,0.99948406,0.0013632132,31858843,planet
1677.2665550318652,1.0007557,0.0013640402,31858843,planet
1677.2679439141093,1.0014689,0.001363562,31858843,planet
1677.2693327958877,1.0009949,0.0013634934,31858843,planet
1677.2707216776648,1.0001624,0.0013631309,31858843,planet
1677.2721105599073,0.9980076,0.0013629923,31858843,planet
1677.273499441685,1.0009775,0.0013632657,31858843,planet
1677.2748883234626,0.9988294,0.0013622477,31858843,planet
1677.2762772052406,1.0013925,0.001362806,31858843,planet
1677.2776660874838,1.0020119,0.0013643544,31858843,planet
1677.2790549692609,0.9989448,0.0013621226,31858843,planet
1677.280443851038,0.99889976,0.0013618306,31858843,planet
1677.2818327332811,1.0017518,0.0013641259,31858843,planet
1677.2832216150591,0.998032,0.0013623117,31858843,planet
1677.2846104968366,0.9993642,0.001362041,31858843,planet
1677.2859993786146,0.9995795,0.0013624151,31858843,planet
1677.2873882608574,1.0011476,0.0013639372,31858843,planet
1677.2887771426344,1.0014235,0.0013637595,31858843,planet
1677.290166024412,0.99905705,0.0013625491,31858843,planet
1677.2915549066552,0.998967,0.0013625034,31858843,planet
1677.2929437884331,0.9983394,0.0013622969,31858843,planet
1677.2943326702107,0.99820507,0.0013614873,31858843,planet
1677.2957215519878,1.0010912,0.0013637731,31858843,planet
1677.2971104337648,0.9999098,0.0013632248,31858843,planet
1677.2984993160082,0.99852306,0.0013619608,31858843,planet
1677.299888197786,0.9994059,0.0013625929,31858843,planet
1677.3012770795635,1.0016568,0.0013631427,31858843,planet
1677.3026659613415,1.0007523,0.0013627994,31858843,planet
1677.3040548435843,1.0000124,0.0013617424,31858843,planet
1677.3054437253613,1.0022199,0.0013639324,31858843,planet
1677.3068326071398,1.0001647,0.0013631745,31858843,planet
1677.3082214889173,1.0010443,0.0013624546,31858843,planet
1677.3096103706944,1.0028284,0.001363337,31858843,planet
1677.3109992529376,1.000098,0.0013625338,31858843,planet
1677.3123881347146,0.9992813,0.0013621296,31858843,planet
1677.3137770164917,0.9984932,0.0013617744,31858843,planet
1677.3151658982702,0.99983764,0.0013624771,31858843,planet
1677.316554780048,0.9999423,0.0013609623,31858843,planet
1677.3179436622904,1.0010738,0.0013632139,31858843,planet
1677.3193325440684,1.0009507,0.0013635722,31858843,planet
1677.320721425846,1.001397,0.0013629192,31858843,planet
1677.322110307623,0.9994241,0.001361354,31858843,planet
1677.323499189401,0.9996916,0.001361519,31858843,planet
1677.3248880711792,1.0008562,0.0013619768,31858843,planet
1677.3262769534217,1.0005414,0.0013626505,31858843,planet
1677.3276658351988,0.99837023,0.0013612369,31858843,planet
1677.3290547169768,1.0014387,0.0013627319,31858843,planet
1677.3304435987538,1.0015382,0.0013624467,31858843,planet
1677.3318324805314,0.9999404,0.0013626396,31858843,planet
1677.3332213623098,1.0001793,0.0013625643,31858843,planet
1677.334610244087,1.0019557,0.0013628424,31858843,planet
1677.335999125864,0.9987731,0.0013609963,31858843,planet
1677.3373880081072,1.0007359,0.001361802,31858843,planet
1677.3387768898851,0.99818176,0.0013610978,31858843,planet
1677.3401657716627,1.0008963,0.0013618979,31858843,planet
1677.3415546534407,0.9996388,0.0013618328,31858843,planet
1677.3429435352175,0.99950033,0.0013615114,31858843,planet
1677.3443324169943,1.0025488,0.0013640263,31858843,planet
1677.3457212987723,0.99856895,0.0013613757,31858843,planet
1677.3471101805499,0.9992972,0.0013610222,31858843,planet
1677.3484990623278,0.99904644,0.0013617956,31858843,planet
1677.3498879441054,0.99772674,0.0013608007,31858843,planet
1677.3512768258825,0.999826,0.0013622624,31858843,planet
1677.3526657081252,0.9980542,0.0013601892,31858843,planet
1677.3540545899027,1.0026822,0.0013630261,31858843,planet
1677.3554434716807,0.9997443,0.0013614479,31858843,planet
1677.3568323534582,0.99831647,0.0013600405,31858843,planet
1677.3582212352362,1.0006919,0.0013617027,31858843,planet
1677.359610117013,0.9999774,0.0013613862,31858843,planet
1677.36099899879,0.9995387,0.0013615412,31858843,planet
1677.3623878805683,0.9990943,0.0013606942,31858843,planet
1677.3637767623463,1.0001714,0.0013608935,31858843,planet
1677.3651656441234,1.0013939,0.0013608121,31858843,planet
1677.366554525901,1.0012702,0.0013611234,31858843,planet
1677.367943407678,1.0014685,0.0013622219,31858843,planet
1677.369332289455,1.0001439,0.0013614275,31858843,planet
1677.3707211712335,1.0014678,0.0013617524,31858843,planet
1677.372110053012,1.0012424,0.001361889,31858843,planet
1677.373498934789,0.99955267,0.001361317,31858843,planet
1677.3748878165661,1.0013002,0.001361254,31858843,planet
1677.3762766983436,1.0016239,0.0013614411,31858843,planet
1677.3776655801207,0.99981964,0.001360792,31858843,planet
1677.3790544618982,1.0001758,0.001360984,31858843,planet
1677.3804433436767,0.9995899,0.0013606236,31858843,planet
1677.3818322254538,1.0011677,0.0013618531,31858843,planet
1677.3832211072308,0.9995674,0.0013603877,31858843,planet
1677.3846099890088,1.0012804,0.0013614264,31858843,planet
1677.3859988707857,0.99879694,0.0013600853,31858843,planet
1677.3873877525634,1.0004461,0.0013610711,31858843,planet
1677.3887766343419,1.0010684,0.0013614746,31858843,planet
1677.390165516119,1.000707,0.0013605031,31858843,planet
1677.391554397896,0.9987991,0.0013598978,31858843,planet
1677.3929432796735,1.0009276,0.0013605532,31858843,planet
1677.3943321614515,1.0008295,0.0013604441,31858843,planet
1677.395721043229,0.99988884,0.0013604431,31858843,planet
1677.397109924541,0.99983877,0.0013604129,31858843,planet
1677.398498806318,1.0007452,0.0013608638,31858843,planet
1677.399887688095,0.9991153,0.0013603963,31858843,planet
1677.401276569873,0.99950504,0.0013606414,31858843,planet
1677.4026654516506,0.9997932,0.0013600355,31858843,planet
1677.4040543334286,0.99947536,0.0013604341,31858843,planet
1677.405443215206,1.0012124,0.0013607801,31858843,planet
1677.4068320969832,1.0006195,0.0013606342,31858843,planet
1677.4082209787603,1.0011355,0.0013617508,31858843,planet
1677.4096098605378,0.9988008,0.0013600168,31858843,planet
1677.4109987423158,0.9995303,0.0013607724,31858843,planet
1677.4123876236276,0.9986631,0.0013594674,31858843,planet
1677.4137765054054,1.0000823,0.0013607708,31858843,planet
1677.4151653871822,0.99791,0.0013592159,31858843,planet
1677.4165542689593,1.0018566,0.0013616771,31858843,planet
1677.4179431507373,1.0014902,0.0013607045,31858843,planet
1677.4193320325157,1.0023464,0.0013610093,31858843,planet
1677.4207209142933,0.9973037,0.001359231,31858843,planet
1677.4221097960703,1.0009962,0.0013609816,31858843,planet
1677.4234986773822,0.9980748,0.0013592181,31858843,planet
1677.4248875591593,1.0011586,0.001361202,31858843,planet
1677.4262764409373,1.001733,0.0013610093,31858843,planet
1677.4276653227157,1.0012902,0.0013604586,31858843,planet
1677.4290542044928,1.0001471,0.0013599548,31858843,planet
1677.4304430862699,1.002465,0.001361535,31858843,planet
1677.4318319675817,0.9982,0.0013594724,31858843,planet
1677.4332208493588,1.002295,0.0013615061,31858843,planet
1677.4346097311363,1.0015509,0.0013607604,31858843,planet
1677.4359986129148,0.99928004,0.0013605356,31858843,planet
1677.4373874946918,1.0013808,0.0013606191,31858843,planet
1677.438776376469,1.001024,0.0013603461,31858843,planet
1677.440165257781,1.0013396,0.0013602274,31858843,planet
1677.4415541395579,0.99796385,0.001359571,31858843,planet
1677.4429430213359,1.0008181,0.0013597771,31858843,planet
1677.4443319031143,1.0018684,0.0013611217,31858843,planet
1677.4457207844257,0.9999716,0.0013599362,31858843,planet
1677.4471096662028,0.99881756,0.0013577071,31858843,planet
1677.4484985479803,1.0021667,0.0013614749,31858843,planet
1677.4498874297574,1.0001414,0.0013590466,31858843,planet
1677.451276311535,1.0003096,0.0013601532,31858843,planet
1677.4526651928477,0.99926454,0.0013598355,31858843,planet
1677.4540540746248,1.0014222,0.0013601427,31858843,planet
1677.4554429564018,0.99836516,0.0013584767,31858843,planet
1677.4568318381798,1.0004698,0.0013609783,31858843,planet
1677.4582207194917,0.99943405,0.0013589301,31858843,planet
1677.4596096012692,1.0009533,0.0013606537,31858843,planet
1677.4609984830472,0.9989162,0.0013601528,31858843,planet
1677.4623873648243,1.0006415,0.0013604551,31858843,planet
1677.4637762461357,1.0010413,0.0013602754,31858843,planet
1677.4651651279132,1.0011512,0.0013612371,31858843,planet
1677.466554009691,1.0000905,0.0013603562,31858843,planet
1677.467942891003,0.9996368,0.0013602771,31858843,planet
1677.4693317727806,1.0012059,0.0013600771,31858843,planet
1677.4707206545586,1.0013416,0.0013601313,31858843,planet
1677.4721095363357,1.0000393,0.0013601048,31858843,planet
1677.473498417647,1.0006313,0.0013599813,31858843,planet
1677.4748872994255,1.0011628,0.0013605967,31858843,planet
1677.476276181203,0.99984205,0.0013593852,31858843,planet
1677.4776650625145,1.0032176,0.0013611538,31858843,planet
1677.479053944292,0.99988407,0.001359801,31858843,planet
1677.480442826069,0.99940395,0.0013597908,31858843,planet
1677.4818317073805,1.0010608,0.0013603417,31858843,planet
1677.483220589159,1.002494,0.0013608908,31858843,planet
1677.4846094709367,1.0010005,0.0013600452,31858843,planet
1677.4859983522479,1.0010856,0.0013609101,31858843,planet
1677.4873872340258,1.0016229,0.0013610409,31858843,planet
1677.488776115803,1.0006723,0.0013601624,31858843,planet
1677.4901649971148,0.9982477,0.0013590154,31858843,planet
1677.4915538788932,0.99874413,0.0013605393,31858843,planet
1677.4929427606703,1.000508,0.0013600797,31858843,planet
1677.4943316419817,1.0001079,0.0013593663,31858843,planet
1677.4957205237592,0.998621,0.0013592642,31858843,planet
1677.4971094055363,0.9980489,0.0013599232,31858843,planet
1677.4984982868486,1.0009745,0.0013613245,31858843,planet
1677.499887168627,1.0004216,0.0013608049,31858843,planet
1677.5012760499385,1.0004483,0.0013604751,31858843,planet
1677.5026649317153,1.0001782,0.001359608,31858843,planet
1677.504053813493,1.0011448,0.0013595967,31858843,planet
1677.5054426948045,1.0012429,0.001360315,31858843,planet
1677.506831576582,1.0016501,0.0013606738,31858843,planet
1677.5082204578948,0.9997464,0.0013596033,31858843,planet
1677.509609339672,0.9985136,0.00135871,31858843,planet
1677.510998221449,1.0018595,0.0013608235,31858843,planet
1677.5123871027608,0.99904484,0.0013606506,31858843,planet
1677.5137759845388,0.99965066,0.0013600973,31858843,planet
1677.5151648658507,1.0008479,0.00136148,31858843,planet
1677.5165537476287,0.9996095,0.0013586179,31858843,planet
1677.5179426294062,1.001287,0.0013609171,31858843,planet
1677.5193315107176,1.0007991,0.0013602002,31858843,planet
1677.5207203924947,0.99935824,0.0013600385,31858843,planet
1677.5221092738075,0.998664,0.0013599133,31858843,planet
1677.523498155585,1.0011845,0.0013604383,31858843,planet
1677.5248870368964,0.9998423,0.0013597647,31858843,planet
1677.5262759186744,1.0008522,0.0013608959,31858843,planet
1677.5276647999858,0.9997027,0.0013603122,31858843,planet
1677.5290536817627,1.0013973,0.0013608342,31858843,planet
1677.5304425630752,1.0006214,0.0013605214,31858843,planet
1677.5318314448532,0.9997076,0.0013597887,31858843,planet
1677.5332203261646,0.9984146,0.0013598066,31858843,planet
1677.5346092079421,1.0011373,0.0013602774,31858843,planet
1677.5359980897192,0.999688,0.0013602494,31858843,planet
1677.5373869710306,0.999423,0.0013615852,31858843,planet
1677.538775852809,1.0005318,0.0013606161,31858843,planet
1677.540164734121,0.99923325,0.0013594965,31858843,planet
1677.541553615898,1.0021751,0.0013612026,31858843,planet
1677.5429424972103,1.002303,0.0013613922,31858843,planet
1677.5443313785217,0.9996467,0.0013603853,31858843,planet
1677.5457202602993,0.9990867,0.001359267,31858843,planet
1677.547109141612,1.0004723,0.0013603716,31858843,planet
1677.5484980233891,0.9994408,0.0013601518,31858843,planet
1677.5498869047005,0.9987756,0.0013600258,31858843,planet
1677.551275786478,1.0005035,0.0013606556,31858843,planet
1677.5526646677895,0.999619,0.0013590874,31858843,planet
1677.5540535495675,0.99994355,0.0013610144,31858843,planet
1677.55544243088,1.0024173,0.0013620758,31858843,planet
1677.5568313126569,1.0013756,0.0013607502,31858843,planet
1677.5582201939683,0.99835664,0.0013595956,31858843,planet
1677.5596090757463,1.0004922,0.001360411,31858843,planet
1677.5609979570577,1.0010668,0.0013598048,31858843,planet
1677.5623868383695,1.0011009,0.0013610574,31858843,planet
1677.563775720148,0.99956095,0.0013598423,31858843,planet
1677.5651646014594,1.0009886,0.0013603676,31858843,planet
1677.5665534832365,0.9984678,0.0013603157,31858843,planet
1677.5679423645483,1.000525,0.001361023,31858843,planet
1677.5693312463263,0.9995947,0.0013601453,31858843,planet
1677.5707201276382,0.9983567,0.0013598095,31858843,planet
1677.5721090089505,1.00012,0.0013602343,31858843,planet
1677.573497890728,0.99921143,0.0013610821,31858843,planet
1677.5748867720395,1.000845,0.0013614753,31858843,planet
1677.5762756538165,1.0015761,0.0013617618,31858843,planet
1677.5776645351293,1.0012121,0.001361222,31858843,planet
1677.5790534164412,0.99836403,0.0013600857,31858843,planet
1677.5804422982183,0.9995262,0.0013605497,31858843,planet
1677.5818311795304,1.004422,0.0013626309,31858843,planet
1677.5832200608415,0.9996585,0.0013608063,31858843,planet
1677.5846089426186,0.9997712,0.0013622225,31858843,planet
1677.5859978239314,1.0011691,0.0013621347,31858843,planet
1677.5873867057094,0.9996127,0.0013611701,31858843,planet
1677.5887755870208,1.0008149,0.0013614785,31858843,planet
1677.5901644683327,1.0004169,0.0013616326,31858843,planet
1677.5915533501097,0.9999282,0.001361081,31858843,planet
1677.5929422314211,1.0007823,0.0013607694,31858843,planet
1677.594331112734,1.0005286,0.0013616217,31858843,planet
1677.5957199945115,0.99982554,0.001361593,31858843,planet
1677.5971088758229,1.0011011,0.0013616527,31858843,planet
1677.5984977571352,0.9994638,0.0013607191,31858843,planet
1677.599886638912,0.99966246,0.0013607215,31858843,planet
1677.6012755202232,0.9995992,0.0013612722,31858843,planet
1677.602664401536,1.0006473,0.0013617057,31858843,planet
1677.6040532828483,1.0018587,0.0013621562,31858843,planet
1677.6054421646254,0.99985975,0.0013612764,31858843,planet
1677.6068310459373,1.0006278,0.001361052,31858843,planet
1677.6082199272487,1.0012666,0.0013618597,31858843,planet
1677.6096088090262,0.99950784,0.0013610427,31858843,planet
1677.610997690339,0.99944437,0.0013607909,31858843,planet
1677.6123865716504,1.0002625,0.001360857,31858843,planet
1677.6137754534275,0.9989353,0.0013615421,31858843,planet
1677.6151643347398,1.0014731,0.0013626294,31858843,planet
1677.616553216051,0.998521,0.0013607175,31858843,planet
1677.617942097363,1.0021179,0.0013620569,31858843,planet
1677.6193309791415,1.0005984,0.0013621623,31858843,planet
1677.6207198604534,1.0025074,0.0013622296,31858843,planet
1677.6221087417648,1.0000727,0.0013617235,31858843,planet
1677.6234976230762,1.0003257,0.001362182,31858843,planet
1677.6248865048542,1.0024588,0.0013620959,31858843,planet
1677.626275386166,1.0001632,0.0013617589,31858843,planet
1677.627664267478,0.99851775,0.0013604539,31858843,planet
1677.6290531487903,0.99936014,0.0013608981,31858843,planet
1677.6304420305673,1.0006659,0.0013621419,31858843,planet
1677.6318309118788,0.99952024,0.0013612817,31858843,planet
1677.6332197931915,1.0011438,0.0013619022,31858843,planet
1677.6346086745034,1.0000483,0.0013614476,31858843,planet
1677.6359975558148,1.0005529,0.0013621665,31858843,planet
1677.6373864375923,1.0008693,0.001362398,31858843,planet
1677.6387753189038,0.99830097,0.0013605361,31858843,planet
1677.6401642002152,1.0007774,0.0013621973,31858843,planet
1677.641553081528,0.9999804,0.0013620936,31858843,planet
1677.6429419628403,0.9993946,0.0013613736,31858843,planet
1677.6443308446171,0.9987117,0.001361784,31858843,planet
1677.6457197259292,1.0021061,0.0013628678,31858843,planet
1677.6471086072406,1.0003777,0.0013610179,31858843,planet
1677.648497488552,0.9982902,0.0013598324,31858843,planet
1677.6498863698648,0.99800956,0.0013609156,31858843,planet
1677.6512752511767,1.0012021,0.001362518,31858843,planet
1677.6526641329538,1.0019641,0.0013629578,31858843,planet
1677.6540530142656,1.0019028,0.0013630752,31858843,planet
1677.655441895577,1.0016161,0.0013614453,31858843,planet
1677.6568307768885,0.9982559,0.0013604768,31858843,planet
1677.6582196582012,0.9981983,0.0013608638,31858843,planet
1677.6596085395136,1.0009295,0.0013618808,31858843,planet
1677.6609974208247,1.0010856,0.0013626784,31858843,planet
1677.6623863026025,0.99840605,0.0013604484,31858843,planet
1677.663775183914,0.9989316,0.0013620751,31858843,planet
1677.6651640652258,1.0011753,0.0013627625,31858843,planet
1677.6665529465386,0.999933,0.001361479,31858843,planet
1677.6679418278509,0.9978044,0.0013606646,31858843,planet
1677.6693307091623,1.0010034,0.0013624714,31858843,planet
1677.6707195904735,1.0029445,0.0013624167,31858843,planet
1677.6721084717856,1.0008476,0.0013621843,31858843,planet
1677.6734973530974,1.0025426,0.0013627452,31858843,planet
1677.6748862348754,1.0005606,0.0013615822,31858843,planet
1677.6762751161873,0.9987486,0.001359569,31858843,planet
1677.6776639974987,1.000182,0.0013615037,31858843,planet
1677.6790528788101,1.0022864,0.0013633318,31858843,planet
1677.680441760122,1.0037984,0.0013636041,31858843,planet
1677.6818306414343,1.0015059,0.0013618016,31858843,planet
1677.6832195227462,1.0007354,0.001362466,31858843,planet
1677.6846084040585,0.9987722,0.0013612674,31858843,planet
1677.68599728537,0.99852467,0.0013610206,31858843,planet
1677.687386166681,0.9997326,0.0013618665,31858843,planet
1677.6887750479932,0.99971557,0.0013615261,31858843,planet
1677.690163929305,0.99885416,0.0013607632,31858843,planet
1677.6915528106174,1.0008317,0.0013613822,31858843,planet
1677.6929416919293,1.0019033,0.0013632298,31858843,planet
1677.6943305732407,1.0019726,0.0013624809,31858843,planet
1677.695719454552,1.0004348,0.0013621494,31858843,planet
1677.6971083363305,1.0006324,0.0013616022,31858843,planet
1677.6984972176424,0.9996905,0.0013613808,31858843,planet
1677.6998860989538,0.99989295,0.001361393,31858843,planet
1677.7012749802661,1.0009309,0.0013618631,31858843,planet
1677.7026638615775,0.99947095,0.0013617497,31858843,planet
1677.704052742889,0.99613816,0.0013601215,31858843,planet
1677.7054416242017,1.0005254,0.001362242,31858843,planet
1677.7068305055136,1.0005944,0.0013624023,31858843,planet
1677.708219386825,0.99920684,0.0013608759,31858843,planet
1677.709608268137,0.99914503,0.0013614704,31858843,planet
1677.7109971494483,1.000359,0.0013617681,31858843,planet
1677.7123860307597,0.9987468,0.0013605813,31858843,planet
1677.7137749120725,0.9985143,0.001361062,31858843,planet
1677.7151637933853,1.0001975,0.0013612818,31858843,planet
1677.716552674231,1.0016669,0.0013625697,31858843,planet
1677.7179415555424,1.0030884,0.0013635774,31858843,planet
1677.7193304368543,1.0011339,0.0013619757,31858843,planet
1677.7207193181657,1.0012822,0.0013620424,31858843,planet
1677.722108199478,0.99882764,0.0013617941,31858843,planet
1677.7234970807906,0.9999747,0.00136057,31858843,planet
1677.7248859621018,1.0014218,0.0013622048,31858843,planet
1677.7262748434132,1.0003881,0.0013613736,31858843,planet
1677.7276637247255,0.9994694,0.0013609031,31858843,planet
1677.7290526060374,0.9997478,0.0013610198,31858843,planet
1677.7304414873497,1.0021992,0.0013617396,31858843,planet
1677.7318303686616,0.9996522,0.001361919,31858843,planet
1677.733219249973,1.0009468,0.0013617446,31858843,planet
1677.7346081312844,1.001578,0.0013628154,31858843,planet
1677.7359970125963,1.0027899,0.0013622638,31858843,planet
1677.7373858939086,1.0004076,0.0013612695,31858843,planet
1677.7387747747548,0.99784005,0.0013607035,31858843,planet
1677.7401636560671,1.0011909,0.0013621447,31858843,planet
1677.7415525373783,0.99781615,0.001360295,31858843,planet
1677.7429414186895,1.0006965,0.0013613661,31858843,planet
1677.7443303000018,1.0000756,0.001362173,31858843,planet
1677.7457191813137,1.0022984,0.001362694,31858843,planet
1677.747108062626,1.000996,0.0013616016,31858843,planet
1677.7484969439379,0.9993757,0.0013601207,31858843,planet
1677.7498858247836,1.0026178,0.0013623529,31858843,planet
1677.751274706095,0.9997506,0.0013614836,31858843,planet
1677.752663587407,1.0000601,0.0013614093,31858843,planet
1677.7540524687192,1.0004236,0.0013606562,31858843,planet
1677.755441350031,1.001197,0.0013619845,31858843,planet
1677.7568302313434,1.0005234,0.0013611313,31858843,planet
1677.7582191126546,1.0011638,0.0013617941,31858843,planet
1677.7596079935001,0.99915713,0.0013610912,31858843,planet
1677.760996874813,1.000258,0.0013612995,31858843,planet
1677.7623857561252,1.00088,0.0013614988,31858843,planet
1677.7637746374367,1.000141,0.0013615552,31858843,planet
1677.7651635187485,0.9997371,0.0013611532,31858843,planet
1677.7665524000608,1.0015019,0.0013615439,31858843,planet
1677.7679412809064,0.9981573,0.0013607794,31858843,planet
1677.7693301622185,1.0006392,0.0013620532,31858843,planet
1677.7707190435312,0.99939895,0.0013607052,31858843,planet
1677.7721079248427,1.0008192,0.0013615093,31858843,planet
1677.773496806154,0.99910736,0.0013608157,31858843,planet
1677.7748856870003,1.0000697,0.0013611412,31858843,planet
1677.7762745683117,1.0002224,0.0013615218,31858843,planet
1677.7776634496236,0.999455,0.0013608938,31858843,planet
1677.7790523309363,1.0020605,0.0013618171,31858843,planet
1677.7804412122478,1.0026544,0.0013619417,31858843,planet
1677.7818300930935,0.99891645,0.0013602842,31858843,planet
1677.7832189744058,0.99949926,0.0013603382,31858843,planet
1677.7846078557177,1.0011257,0.0013611323,31858843,planet
1677.7859967370298,1.0005522,0.0013615483,31858843,planet
1677.7873856178762,1.0007076,0.00136061,31858843,planet
1677.7887744991876,1.0006212,0.0013615515,31858843,planet
1677.790163380499,1.0016727,0.0013622398,31858843,planet
1677.791552261811,0.997901,0.0013605129,31858843,planet
1677.7929411426576,1.0016603,0.0013615838,31858843,planet
1677.7943300239695,1.0000958,0.0013610133,31858843,planet
1677.7957189052813,1.0001574,0.0013611161,31858843,planet
1677.7971077865927,0.99944156,0.0013607806,31858843,planet
1677.7984966674385,0.99761206,0.0013588836,31858843,planet
1677.7998855487508,0.99877733,0.0013601263,31858843,planet
1677.8012744300627,0.99887055,0.0013601958,31858843,planet
1677.802663310909,1.0025481,0.0013618737,31858843,planet
1677.8040521922212,1.0029219,0.001361965,31858843,planet
1677.8054410735326,1.0001737,0.0013605276,31858843,planet
1677.806829954844,1.0007299,0.0013610988,31858843,planet
1677.8082188356902,0.9996222,0.0013614744,31858843,planet
1677.8096077170026,1.0007539,0.0013604492,31858843,planet
1677.8109965983144,1.0003157,0.0013607668,31858843,planet
1677.8123854791609,0.9993504,0.0013604993,31858843,planet
1677.813774360473,1.0029255,0.0013619065,31858843,planet
1677.8151632417844,1.0005708,0.0013611723,31858843,planet
1677.8165521226306,1.0007939,0.0013604894,31858843,planet
1677.8179410039434,0.9998855,0.0013610052,31858843,planet
1677.8193298852548,0.9997166,0.0013605834,31858843,planet
1677.8207187661005,0.99813825,0.0013594814,31858843,planet
1677.8221076474124,1.0011889,0.001361647,31858843,planet
1677.8234965287238,1.0009539,0.001361538,31858843,planet
1677.8248854095705,0.9999658,0.0013604802,31858843,planet
1677.8262742908832,1.0004562,0.001361051,31858843,planet
1677.8276631721947,1.0006953,0.001360625,31858843,planet
1677.8290520530404,0.9999651,0.0013604481,31858843,planet
1677.8304409343523,0.99838954,0.0013599802,31858843,planet
1677.831829815198,1.0000024,0.0013613132,31858843,planet
1677.83321869651,1.0013447,0.0013610987,31858843,planet
1677.8346075778227,1.0013492,0.0013614785,31858843,planet
1677.8359964586684,0.9987867,0.0013613049,31858843,planet
1677.8373853399798,1.0008395,0.0013605368,31858843,planet
1677.838774221292,1.0011705,0.0013613536,31858843,planet
1677.8401631021375,1.0005386,0.0013608644,31858843,planet
1677.8415519834498,1.0003443,0.001360803,31858843,planet
1677.842940864297,0.9995195,0.0013601229,31858843,planet
1677.8443297456083,1.0008924,0.0013606874,31858843,planet
1677.8457186269197,1.0001959,0.0013603081,31858843,planet
1677.847107507766,0.9986206,0.0013592582,31858843,planet
1677.8484963890778,0.9998371,0.0013600953,31858843,planet
1677.8498852699245,0.99884,0.0013606078,31858843,planet
1677.8512741512363,0.99900705,0.0013600969,31858843,planet
1677.852663032082,1.000942,0.0013608605,31858843,planet
1677.8540519133935,1.0009787,0.0013619381,31858843,planet
1677.8554407947058,0.9989568,0.0013601888,31858843,planet
1677.856829675552,0.998143,0.0013606224,31858843,planet
1677.858218556864,1.0011892,0.0013605192,31858843,planet
1677.8596074377106,1.0014207,0.0013616517,31858843,planet
1677.8609963190224,1.0009111,0.0013609272,31858843,planet
1677.8623851998682,1.000516,0.0013612268,31858843,planet
1677.8637740811796,1.0010062,0.0013613346,31858843,planet
1677.8651629620267,0.9988281,0.0013600043,31858843,planet
1677.8665518433386,0.99950206,0.0013599361,31858843,planet
1677.8679407241843,1.0003593,0.0013617062,31858843,planet
1677.8693296054967,0.9997177,0.0013605927,31858843,planet
1677.8707184863424,1.0004436,0.0013609903,31858843,planet
1677.8721073676538,1.0029279,0.001362565,31858843,planet
1677.873496248501,1.0005876,0.0013610458,31858843,planet
1677.8748851298128,1.0004517,0.0013613921,31858843,planet
1677.8762740106586,0.99901456,0.001360286,31858843,planet
1677.8776628919704,0.9997989,0.0013605374,31858843,planet
1677.8790517728162,0.9998818,0.0013594315,31858843,planet
1677.8804406541285,0.9975893,0.001359659,31858843,planet
1677.8818295349756,0.9996868,0.0013604723,31858843,planet
1677.8832184162868,1.0011643,0.0013618483,31858843,planet
1677.8846072971323,1.0013791,0.0013620465,31858843,planet
1677.8859961784447,0.99877775,0.0013603314,31858843,planet
1677.8873850592904,1.0011945,0.0013609687,31858843,planet
1677.8887739406023,1.0005159,0.0013613414,31858843,planet
1677.8901628214494,0.99997675,0.0013600369,31858843,planet
1677.8915517027608,0.99842995,0.0013597212,31858843,planet
1677.8929405836066,1.0008552,0.0013603757,31858843,planet
1677.8943294644528,0.9992937,0.0013600899,31858843,planet
1677.8957183457642,1.0007342,0.0013611135,31858843,planet
1677.8971072266108,1.0006535,0.001360585,31858843,planet
1677.8984961079236,0.99979395,0.0013606682,31858843,planet
1677.8998849887691,1.0011142,0.0013611537,31858843,planet
1677.9012738700803,0.999537,0.0013601742,31858843,planet
1677.902662750927,1.0010443,0.0013605109,31858843,planet
1677.9040516317732,1.0001659,0.0013597722,31858843,planet
1677.9054405130855,0.99985266,0.0013600712,31858843,planet
1677.9068293939317,1.0009913,0.0013610595,31858843,planet
1677.9082182752431,0.99859333,0.0013597753,31858843,planet
1677.909607156089,1.0001149,0.0013601251,31858843,planet
1677.910996036935,1.0002309,0.0013608062,31858843,planet
1677.9123849182479,0.99729586,0.0013582,31858843,planet
1677.9137737990945,1.000911,0.0013613561,31858843,planet
1677.915162680406,1.0010248,0.0013606051,31858843,planet
1677.9165515612522,0.99753284,0.0013589073,31858843,planet
1677.917940442098,1.003453,0.0013618552,31858843,planet
1677.9193293234093,0.9998684,0.0013603816,31858843,planet
1677.9207182042564,0.99952674,0.0013598922,31858843,planet
1677.9221070851027,1.0008137,0.0013611023,31858843,planet
1677.923495966414,0.99976087,0.0013599419,31858843,planet
1677.9248848472607,0.999898,0.0013596085,31858843,planet
1677.9262737281063,1.002042,0.001361434,31858843,planet
1677.9276626094174,0.9988393,0.0013590332,31858843,planet
1677.9290514902646,1.0009522,0.0013607274,31858843,planet
1677.9304403711112,0.9995762,0.001360182,31858843,planet
1677.9318292524226,1.0008155,0.00136054,31858843,planet
1677.9332181332688,1.0036656,0.0013612021,31858843,planet
1677.9346070141146,0.9997593,0.0013599645,31858843,planet
1677.9359958954267,0.9997621,0.0013605381,31858843,planet
1677.9373847762736,1.0007449,0.0013603717,31858843,planet
1677.9387736571193,1.0011294,0.001359737,31858843,planet
1677.9401625384307,1.0005282,0.0013609864,31858843,planet
1677.9415514192774,1.0000252,0.0013604868,31858843,planet
1677.9429403001232,0.9990403,0.00136019,31858843,planet
1677.944329181435,1.0015548,0.0013607,31858843,planet
1677.9457180622821,0.9994568,0.001360562,31858843,planet
1677.947106943128,0.99779797,0.0013591705,31858843,planet
1677.9484958239736,1.0011272,0.0013611552,31858843,planet
1677.9498847052855,1.0011067,0.0013605721,31858843,planet
1677.9512735861313,1.0021666,0.001361142,31858843,planet
1677.952662466978,0.9994369,0.0013595554,31858843,planet
1677.9540513478248,1.0025934,0.0013613848,31858843,planet
1677.955440229136,1.0009592,0.0013608023,31858843,planet
1677.9568291099818,1.0017916,0.0013607432,31858843,planet
1677.9582179908284,0.99998814,0.0013601701,31858843,planet
1677.9596068716746,0.99984026,0.0013599274,31858843,planet
1677.960995752987,0.9990899,0.0013596884,31858843,planet
1677.9623846338332,1.0011325,0.0013606068,31858843,planet
1677.9637735146794,1.0001863,0.0013600462,31858843,planet
1677.965162395525,1.0003022,0.0013603027,31858843,planet
1677.9665512768365,0.9979118,0.0013590589,31858843,planet
1677.9679401576836,1.0017592,0.001359926,31858843,planet
1677.9693290385303,1.0031155,0.0013610556,31858843,planet
1677.970717919376,1.002653,0.0013606728,31858843,planet
1677.972106800688,1.0007839,0.0013600924,31858843,planet
1677.9734956815337,0.99789774,0.0013587527,31858843,planet
1677.9748845623794,1.0005115,0.001359988,31858843,planet
1677.9762734432265,0.99990207,0.0013597053,31858843,planet
1677.9776623240728,0.99850565,0.0013592913,31858843,planet
1677.9790512053842,1.0001049,0.0013594972,31858843,planet
1677.9804400862306,1.0003412,0.0013594829,31858843,planet
1677.9818289670761,0.99931747,0.0013591964,31858843,planet
1677.9832178479219,0.9989091,0.0013593809,31858843,planet
1677.984606728769,1.0005839,0.0013598095,31858843,planet
1677.9859956096157,0.9998463,0.00135933,31858843,planet
1677.987384490927,1.0002263,0.0013588497,31858843,planet
1677.9887733717733,1.0014936,0.0013598194,31858843,planet
1677.990162252619,1.001399,0.0013592469,31858843,planet
1677.9915511334648,1.000001,0.0013596679,31858843,planet
1677.992940014312,0.9995417,0.001359392,31858843,planet
1677.994328895158,0.9990739,0.0013588978,31858843,planet
1677.9957177760039,0.9999587,0.0013588305,31858843,planet
1677.9971066573162,0.99931306,0.0013594964,31858843,planet
1677.9984955381617,1.000561,0.001359691,31858843,planet
1677.9998844190081,0.9992165,0.0013593012,31858843,planet
1678.0012732998553,1.0002651,0.0013596544,31858843,planet
1678.002662180701,0.9983304,0.0013579881,31858843,planet
1678.0040510615468,0.99903923,0.0013585335,31858843,planet
1678.005439942393,1.0003542,0.0013598154,31858843,planet
1678.0068288232394,0.999267,0.0013591045,31858843,planet
1678.0082177045515,1.0002927,0.0013590375,31858843,planet
1678.0096065853977,1.0011054,0.0013596761,31858843,planet
1678.0109954662444,1.0000178,0.0013597446,31858843,planet
1678.0123843470901,0.99877447,0.0013588663,31858843,planet
1678.0137732279359,1.0007253,0.0013601045,31858843,planet
1678.015162108782,1.0013676,0.0013601234,31858843,planet
1678.0165509896283,1.0007397,0.0013595907,31858843,planet
1678.017939870475,0.99963135,0.0013586109,31858843,planet
1678.0193287513212,0.9973901,0.0013570279,31858843,planet
1678.020717632167,1.0000814,0.0013593681,31858843,planet
1678.0221065130127,0.9986856,0.0013585588,31858843,planet
1678.0234953938593,0.9983134,0.0013577195,31858843,planet
1678.0248842751712,0.99985546,0.0013589871,31858843,planet
1678.0262731560174,0.99837327,0.0013587349,31858843,planet
1678.027662036864,1.0011268,0.0013595879,31858843,planet
1678.0290509177098,1.0000672,0.0013587299,31858843,planet
1678.0304397985556,1.0013092,0.0013596436,31858843,planet
1678.0318286794027,1.0017384,0.0013594794,31858843,planet
1678.0332175602489,1.0011308,0.0013602112,31858843,planet
1678.0346064410946,0.99868274,0.0013578968,31858843,planet
1678.0359953219408,1.0013233,0.0013596974,31858843,planet
1678.0373842027866,0.9992019,0.0013583396,31858843,planet
1678.0387730836323,0.99998134,0.0013586491,31858843,planet
1678.0401619644795,0.9995307,0.0013584731,31858843,planet
1678.041550845326,0.9991345,0.0013589514,31858843,planet
1678.0429397261714,1.0009655,0.0013590398,31858843,planet
1678.044328607018,0.9982208,0.0013578638,31858843,planet
1678.0457174878638,1.0017191,0.0013597757,31858843,planet
1678.0471063687096,1.0016965,0.0013595596,31858843,planet
1678.0484952495567,1.002019,0.0013592738,31858843,planet
1678.049884130403,0.9989044,0.0013583539,31858843,planet
1678.0512730112487,1.0007387,0.0013586314,31858843,planet
1678.0526618920949,1.0018934,0.0013591852,31858843,planet
1678.0540507729415,1.0023196,0.0013598121,31858843,planet
1678.0554396537877,0.9990822,0.001359031,31858843,planet
1678.0568285346344,0.99946606,0.0013581893,31858843,planet
1678.0582174154806,1.0038106,0.0013600934,31858843,planet
1678.0596062963264,1.000259,0.0013583697,31858843,planet
1678.0609951771721,0.9998989,0.0013583001,31858843,planet
1678.0623840580183,1.0022081,0.0013593285,31858843,planet
1678.0637729383993,0.9989044,0.0013575093,31858843,planet
1678.0651618192455,0.99991125,0.0013583198,31858843,planet
1678.0665507000922,1.0012279,0.0013587881,31858843,planet
1678.067939580938,0.9997907,0.0013594254,31858843,planet
1678.0693284617835,0.9994858,0.001358784,31858843,planet
1678.07071734263,1.0003787,0.0013579036,31858843,planet
1678.072106223476,1.0012631,0.0013586106,31858843,planet
1678.0734951043228,0.9993718,0.0013582263,31858843,planet
1678.074883985169,0.9978883,0.0013574067,31858843,planet
1678.0762728660147,0.9995055,0.0013570642,31858843,planet
1678.0776617468605,0.99974287,0.001358778,31858843,planet
1678.0790506277067,1.0004268,0.0013576316,31858843,planet
1678.0804395080877,1.0014136,0.0013591334,31858843,planet
1678.081828388934,0.9984931,0.0013575963,31858843,planet
1678.0832172697806,1.0020045,0.0013583819,31858843,planet
1678.0846061506263,1.0008082,0.001358285,31858843,planet
1678.0859950314718,1.0020679,0.0013592382,31858843,planet
1678.0873839123187,0.9984038,0.0013574733,31858843,planet
1678.0887727931654,1.0018507,0.0013591414,31858843,planet
1678.0901616740111,0.99980956,0.00135818,31858843,planet
1678.0915505543917,1.0010808,0.0013583152,31858843,planet
1678.0929394352374,1.0020721,0.0013590953,31858843,planet
1678.0943283160832,1.0003439,0.0013577375,31858843,planet
1678.0957171969303,1.0013353,0.0013590457,31858843,planet
1678.0971060777765,1.0002979,0.0013578609,31858843,planet
1678.0984949586223,1.0000924,0.0013575936,31858843,planet
1678.099883839469,1.0011909,0.0013583236,31858843,planet
1678.1012727198495,1.0026543,0.0013592015,31858843,planet
1678.1026616006952,1.0005618,0.0013582818,31858843,planet
1678.1040504815417,1.0004367,0.0013586156,31858843,planet
1678.1054393623886,1.0001428,0.0013580935,31858843,planet
1678.1068282432343,0.9976244,0.0013577822,31858843,planet
1678.1082171236144,0.99909616,0.0013572671,31858843,planet
1678.109606004461,0.99934053,0.0013573094,31858843,planet
1678.1109948853068,0.9970529,0.0013574096,31858843,planet
1678.112383766153,0.9996187,0.0013581624,31858843,planet
1678.1137726470001,0.9979083,0.0013577432,31858843,planet
1678.1151615273802,0.9992859,0.0013578907,31858843,planet
1678.116550408226,0.9991378,0.0013582635,31858843,planet
1678.1179392890722,0.99945736,0.0013571278,31858843,planet
1678.1193281699188,1.001231,0.0013581358,31858843,planet
1678.120717050765,1.0001293,0.001357182,31858843,planet
1678.1221059311458,1.00109,0.001359153,31858843,planet
1678.1234948119913,0.9985605,0.0013578989,31858843,planet
1678.124883692837,0.9991956,0.0013575854,31858843,planet
1678.1262725736838,1.0022202,0.001359321,31858843,planet
1678.1276614540643,1.0010822,0.0013583747,31858843,planet
1678.129050334911,0.99716336,0.0013567866,31858843,planet
1678.1304392157572,1.001204,0.0013583099,31858843,planet
1678.131828096603,0.99903995,0.0013574259,31858843,planet
1678.133216976983,0.999093,0.001358748,31858843,planet
1678.1346058578292,0.99923825,0.001357633,31858843,planet
1678.135994738676,1.0000528,0.0013582341,31858843,planet
1678.137383619522,0.99995536,0.0013584022,31858843,planet
1678.138772499903,0.9998909,0.001357894,31858843,planet
1678.1401613807486,0.99982816,0.0013590505,31858843,planet
1678.1415502615941,0.9994186,0.0013576411,31858843,planet
1678.1429391419751,0.99943477,0.0013574623,31858843,planet
1678.1443280228214,1.0005637,0.0013579982,31858843,planet
1678.145716903668,0.99996775,0.0013589301,31858843,planet
1678.1471057845142,0.9995061,0.0013575314,31858843,planet
1678.148494664895,0.99870646,0.0013577027,31858843,planet
1678.1498835457405,0.9991046,0.0013567329,31858843,planet
1678.1512724265872,0.99855655,0.0013577421,31858843,planet
1678.1526613069686,1.0005988,0.001358505,31858843,planet
1678.1540501878144,0.999091,0.0013579795,31858843,planet
1678.1554390686601,1.0012412,0.001358161,31858843,planet
1678.1568279490407,0.9987542,0.0013576179,31858843,planet
1678.1582168298864,1.0002247,0.0013585793,31858843,planet
1678.1596057107326,1.0007722,0.0013580518,31858843,planet
1678.160994591114,0.99831593,0.0013584725,31858843,planet
1678.1623834719599,1.0011672,0.0013565505,31858843,planet
1678.1637723528056,0.9998558,0.0013581057,31858843,planet
1678.1651612331866,0.99944365,0.0013568457,31858843,planet
1678.1665501140321,0.99934787,0.0013574674,31858843,planet
1678.1679389948786,1.0008028,0.0013588981,31858843,planet
1678.16932787526,1.0004497,0.0013571352,31858843,planet
1678.1707167561058,0.9991809,0.0013577173,31858843,planet
1678.1721056364859,0.99996006,0.0013587292,31858843,planet
1678.173494517332,1.0013727,0.0013580243,31858843,planet
1678.1748833981785,1.0004073,0.0013582672,31858843,planet
1678.1762722785593,1.0005459,0.00135796,31858843,planet
1678.1776611594055,1.0002027,0.0013577724,31858843,planet
1678.1790500402512,0.99963284,0.0013582254,31858843,planet
1678.1804389206313,0.99921036,0.0013581892,31858843,planet
1678.181827801478,0.99983656,0.0013570496,31858843,planet
1678.1832166818585,1.0006742,0.0013577467,31858843,planet
1678.184605562705,1.0011908,0.0013581518,31858843,planet
1678.1859944435514,0.999997,0.0013578999,31858843,planet
1678.1873833239315,1.0014834,0.0013581187,31858843,planet
1678.1887722047773,0.99806553,0.0013559427,31858843,planet
1678.1901610851578,1.0013492,0.0013582401,31858843,planet
1678.1915499660045,0.99847806,0.0013581853,31858843,planet
1678.192938846385,0.99908125,0.0013571202,31858843,planet
1678.1943277272312,0.9988465,0.0013576632,31858843,planet
1678.1957166080779,0.99952906,0.0013576474,31858843,planet
1678.197105488458,0.99908316,0.0013574573,31858843,planet
1678.1984943693037,0.99782383,0.0013570319,31858843,planet
1678.1998832496852,0.9991443,0.001357495,31858843,planet
1678.2012721305314,1.0003929,0.0013573822,31858843,planet
1678.2026610109115,1.0002838,0.0013584475,31858843,planet
1678.2040498917577,0.9996062,0.0013576829,31858843,planet
1678.2054387721378,1.0008501,0.001357699,31858843,planet
1678.2068276529844,1.0003363,0.0013585825,31858843,planet
1678.2082165333659,1.0014712,0.0013590007,31858843,planet
1678.2096054142116,0.9990263,0.0013580961,31858843,planet
1678.2109942945915,1.0016586,0.0013581403,31858843,planet
1678.212383175438,1.0011569,0.0013576541,31858843,planet
1678.213772055818,0.99914664,0.001356855,31858843,planet
1678.2151609366642,1.0005021,0.0013582413,31858843,planet
1678.2165498170457,0.9999081,0.0013571368,31858843,planet
1678.2179386978914,0.9990838,0.0013576931,31858843,planet
1678.2193275782715,0.99914044,0.0013563652,31858843,planet
1678.2207164591177,1.0008427,0.001358996,31858843,planet
1678.2221053394978,1.0008892,0.0013577396,31858843,planet
1678.2234942203445,0.999753,0.0013578197,31858843,planet
1678.224883100726,0.99944717,0.0013572949,31858843,planet
1678.2262719815717,1.0010867,0.0013584425,31858843,planet
1678.2276608619516,1.0008636,0.0013579435,31858843,planet
1678.229049742798,0.9986667,0.0013578064,31858843,planet
1678.230438623178,1.0001633,0.0013577343,31858843,planet
1678.2318275040243,0.9996765,0.0013567416,31858843,planet
1678.2332163844058,1.000197,0.0013566347,31858843,planet
1678.2346052652515,0.9995936,0.0013576915,31858843,planet
1678.2359941456316,0.9999917,0.001357267,31858843,planet
1678.2373830260124,1.000017,0.0013580478,31858843,planet
1678.2387719068588,0.9982657,0.0013563371,31858843,planet
1678.2401607872393,1.0002894,0.0013581605,31858843,planet
1678.241549668086,0.9984625,0.0013567887,31858843,planet
1678.2429385484666,1.0021827,0.0013587655,31858843,planet
1678.2443274293123,0.9989764,0.0013566073,31858843,planet
1678.2457163096924,1.0002066,0.0013577797,31858843,planet
1678.2471051900739,1.000099,0.0013582392,31858843,planet
1678.24849407092,0.99979603,0.0013577542,31858843,planet
1678.2498829513002,0.9995223,0.0013577587,31858843,planet
1678.2512718321468,1.0002046,0.0013566911,31858843,planet
1678.252660712527,0.9993603,0.0013578166,31858843,planet
1678.2540495929068,0.9993937,0.0013576905,31858843,planet
1678.2554384737537,0.9994939,0.0013567042,31858843,planet
1678.2568273541347,1.0011895,0.0013577647,31858843,planet
1678.2582162349804,0.9978404,0.0013565886,31858843,planet
1678.259605115361,1.0005325,0.001357451,31858843,planet
1678.260993995741,1.0003994,0.001357887,31858843,planet
1678.2623828765868,1.0013018,0.0013583078,31858843,planet
1678.2637717569683,0.9998603,0.0013580266,31858843,planet
1678.2651606373488,1.0016634,0.0013585758,31858843,planet
1678.2665495181946,0.9991368,0.001356878,31858843,planet
1678.2679383985756,1.0000849,0.0013575312,31858843,planet
1678.2693272789556,1.003494,0.0013578668,31858843,planet
1678.2707161598019,1.0008755,0.0013576908,31858843,planet
1678.2721050401833,0.99952424,0.0013577348,31858843,planet
1678.2734939205634,0.9995158,0.0013575805,31858843,planet
1678.2748828014091,0.9996723,0.0013569922,31858843,planet
1678.2762716817897,1.0000906,0.0013571382,31858843,planet
1678.2776605621698,0.99797803,0.001356681,31858843,planet
1678.2790494430164,1.0024879,0.001358595,31858843,planet
1678.280438323398,1.0011994,0.0013578064,31858843,planet
1678.2818272037778,1.000992,0.0013577224,31858843,planet
1678.2832160846233,1.000052,0.001357402,31858843,planet
1678.2846049650043,1.0001291,0.0013569515,31858843,planet
1678.2859938453844,0.99901074,0.0013566677,31858843,planet
1678.2873827262306,0.9997237,0.001357005,31858843,planet
1678.288771606612,0.99983585,0.0013559482,31858843,planet
1678.2901604869928,1.0003728,0.001357392,31858843,planet
1678.2915493673727,0.999604,0.0013570357,31858843,planet
1678.2929382482184,1.0005492,0.001357936,31858843,planet
1678.2943271285994,1.0009333,0.0013575907,31858843,planet
1678.29571600898,1.0005088,0.0013561797,31858843,planet
1678.2971048898266,0.9994563,0.0013569877,31858843,planet
1678.2984937702072,1.0005676,0.0013579328,31858843,planet
1678.2998826505873,1.0024879,0.0013574556,31858843,planet
1678.3012715309674,1.0023556,0.0013578738,31858843,planet
1678.3026604118145,0.9988507,0.0013566103,31858843,planet
1678.304049292195,1.0035319,0.0013595095,31858843,planet
1678.3054381725751,1.0006145,0.0013576351,31858843,planet
1678.3068270529561,1.0015353,0.001357562,31858843,planet
1678.3082159338016,0.9990272,0.001356021,31858843,planet
1678.3096048141815,1.0003252,0.0013573589,31858843,planet
1678.310993694563,0.9988125,0.0013560033,31858843,planet
1678.312382574944,0.9994848,0.0013568895,31858843,planet
1678.313771455324,1.0006706,0.0013578231,31858843,planet
1678.3151603361703,0.99722713,0.0013557406,31858843,planet
1678.3165492165504,0.99912906,0.001356755,31858843,planet
1678.3179380969304,1.0004792,0.0013566896,31858843,planet
1678.319326977312,1.0004967,0.0013562543,31858843,planet
1678.3207158576924,0.99933904,0.0013557825,31858843,planet
1678.3221047385382,0.9993401,0.0013563888,31858843,planet
1678.3234936189192,1.0010998,0.0013573861,31858843,planet
1678.324882499299,1.0017743,0.0013575619,31858843,planet
1678.3262713796798,0.99960935,0.001355957,31858843,planet
1678.3276602600613,0.99962014,0.0013570184,31858843,planet
1678.329049140907,0.9988437,0.0013564383,31858843,planet
1678.3304380212871,0.9982093,0.0013553278,31858843,planet
1678.3318269016677,0.99797434,0.0013558323,31858843,planet
1678.3332157820478,0.9990127,0.0013558425,31858843,planet
1678.3346046624285,1.0001897,0.0013570902,31858843,planet
1678.3359935428098,0.99696326,0.001354397,31858843,planet
1678.3373824236564,1.0004843,0.0013567423,31858843,planet
1678.3387713040365,1.0022434,0.0013580638,31858843,planet
1678.3401601844166,1.0014366,0.0013569824,31858843,planet
1678.3415490647972,0.9985676,0.0013557691,31858843,planet
1678.342937945178,1.0002307,0.0013566779,31858843,planet
1678.3443268255587,0.99921125,0.0013567244,31858843,planet
1678.3457157059393,0.999947,0.0013563975,31858843,planet
1678.3471045863193,0.9992233,0.0013559343,31858843,planet
1678.348493467165,0.9998495,0.001355772,31858843,planet
1678.349882347546,1.00001,0.0013558047,31858843,planet
1678.3512712279266,0.9987779,0.001356442,31858843,planet
1678.3526601083074,0.99847203,0.0013557925,31858843,planet
1678.3540489886882,1.0013641,0.0013563738,31858843,planet
1678.3554378690683,0.9992005,0.0013563836,31858843,planet
1678.3568267494484,1.0000108,0.0013563413,31858843,planet
1678.3582156298298,1.0004376,0.0013562092,31858843,planet
1678.3596045102104,1.0014333,0.0013566517,31858843,planet
1678.3609933905905,1.000034,0.0013560591,31858843,planet
1678.3623822714367,0.998685,0.0013561471,31858843,planet
1678.3637711518168,0.9997403,0.0013560345,31858843,planet
1678.3651600321969,0.99997675,0.0013557248,31858843,planet
1678.3665489125783,1.0006,0.0013556993,31858843,planet
1678.3679377929593,1.0016485,0.0013563143,31858843,planet
1678.3693266733392,1.0004519,0.0013557563,31858843,planet
1678.37071555372,1.0015719,0.0013565407,31858843,planet
1678.3721044341,1.0004156,0.0013560104,31858843,planet
1678.3734933144801,1.0019631,0.0013566318,31858843,planet
1678.3748821948616,1.0001262,0.0013566621,31858843,planet
1678.3762710752421,0.9994811,0.0013554818,31858843,planet
1678.3776599556222,0.99976254,0.0013561741,31858843,planet
1678.379048836003,1.0015172,0.0013568144,31858843,planet
1678.3804377163829,0.9982775,0.00135529,31858843,planet
1678.381826596763,0.99942523,0.0013551811,31858843,planet
1678.3832154771444,1.0008649,0.001355486,31858843,planet
1678.3846043575259,1.0009841,0.0013567008,31858843,planet
1678.385993237906,1.0012349,0.00135592,31858843,planet
1678.387382118286,1.001928,0.0013570458,31858843,planet
1678.3887709986666,1.0008274,0.0013558939,31858843,planet
1678.3901598790476,0.9985079,0.0013549252,31858843,planet
1678.3915487594281,1.0012834,0.0013566336,31858843,planet
1678.3929376398091,1.0013735,0.0013561787,31858843,planet
1678.3943265201892,1.002256,0.0013569773,31858843,planet
1678.3957154005693,1.0010576,0.0013561555,31858843,planet
1678.3971042809499,0.9993334,0.0013553936,31858843,planet
1678.3984931613304,0.9999143,0.0013553519,31858843,planet
1678.3998820417114,1.0018778,0.0013559669,31858843,planet
1678.401270922092,0.99902916,0.0013549353,31858843,planet
1678.402659802472,0.99884015,0.0013557323,31858843,planet
1678.4040486828521,1.002651,0.0013574109,31858843,planet
1678.405437563233,1.0011702,0.0013561628,31858843,planet
1678.4068264436137,1.0018368,0.0013563884,31858843,planet
1678.4082153239942,0.9998838,0.0013563001,31858843,planet
1678.4096042043752,1.001818,0.0013565414,31858843,planet
1678.4109930847553,0.99945796,0.0013550951,31858843,planet
1678.4123819651354,1.0002294,0.0013566982,31858843,planet
1678.413770845516,0.9987719,0.0013549378,31858843,planet
1678.4151597258965,1.0009403,0.0013559457,31858843,planet
1678.4165486062775,0.9991864,0.0013564766,31858843,planet
1678.417937486658,1.0007457,0.001355757,31858843,planet
1678.4193263665725,1.0011514,0.0013563316,31858843,planet
1678.4207152469526,1.0024303,0.0013563086,31858843,planet
1678.422104127334,1.0012922,0.0013563946,31858843,planet
1678.4234930077148,1.0004805,0.0013552927,31858843,planet
1678.4248818880947,0.9998809,0.001354799,31858843,planet
1678.4262707684757,1.0009947,0.001356241,31858843,planet
1678.4276596488558,1.000202,0.0013559775,31858843,planet
1678.4290485292358,1.0011128,0.0013556548,31858843,planet
1678.4304374096173,0.9992878,0.0013553486,31858843,planet
1678.4318262899985,0.9999058,0.00135546,31858843,planet
1678.4332151699127,1.0016536,0.0013564366,31858843,planet
1678.4346040502928,0.9993044,0.001355493,31858843,planet
1678.4359929306738,1.0007027,0.0013557089,31858843,planet
1678.437381811054,0.99990803,0.0013558085,31858843,planet
1678.4387706914345,0.99933374,0.0013547759,31858843,planet
1678.440159571816,0.9999878,0.0013556565,31858843,planet
1678.441548452196,1.0010751,0.0013560877,31858843,planet
1678.4429373321104,1.0012376,0.0013557111,31858843,planet
1678.444326212491,1.0008523,0.0013555777,31858843,planet
1678.445715092872,0.9986575,0.001354968,31858843,planet
1678.4471039732525,1.0011913,0.0013559547,31858843,planet
1678.4484928536335,1.002564,0.001356788,31858843,planet
1678.4498817340134,0.9984702,0.001354553,31858843,planet
1678.4512706139276,1.0011725,0.001356615,31858843,planet
1678.4526594943086,0.9993559,0.0013556982,31858843,planet
1678.4540483746891,0.99953014,0.0013553838,31858843,planet
1678.4554372550701,1.0002728,0.0013555295,31858843,planet
1678.4568261354507,1.0013226,0.0013557296,31858843,planet
1678.4582150158308,1.0018741,0.0013567199,31858843,planet
1678.4596038957452,1.0014906,0.0013559569,31858843,planet
1678.4609927761257,0.99961144,0.0013556351,31858843,planet
1678.4623816565068,0.9999178,0.0013563744,31858843,planet
1678.4637705368873,1.002445,0.0013571202,31858843,planet
1678.4651594172683,0.99843293,0.0013545639,31858843,planet
1678.4665482971825,0.99956095,0.001354316,31858843,planet
1678.4679371775624,1.0002401,0.0013550385,31858843,planet
1678.4693260579434,0.99933535,0.0013552295,31858843,planet
1678.470714938324,1.0008053,0.0013552834,31858843,planet
1678.4721038182392,0.9982785,0.0013550931,31858843,planet
1678.4734926986198,1.0014948,0.0013563649,31858843,planet
1678.4748815789999,1.000142,0.0013567137,31858843,planet
1678.47627045938,1.002383,0.0013566607,31858843,planet
1678.4776593392958,0.9998442,0.0013552656,31858843,planet
1678.4790482196772,0.9989977,0.0013550861,31858843,planet
1678.4804371000573,1.0004823,0.0013561331,31858843,planet
1678.4818259804374,0.99812317,0.0013538555,31858843,planet
1678.4832148603523,0.99890065,0.001354962,31858843,planet
1678.4846037407324,0.99969935,0.0013545678,31858843,planet
1678.485992621113,0.99933356,0.0013548144,31858843,planet
1678.4873815014944,0.9996389,0.0013543417,31858843,planet
1678.4887703814088,0.99957,0.001354946,31858843,planet
1678.490159261789,1.0005999,0.0013561356,31858843,planet
1678.49154814217,1.002251,0.001356766,31858843,planet
1678.492937022084,0.99948424,0.0013549469,31858843,planet
1678.4943259024649,1.0012306,0.0013556576,31858843,planet
1678.4957147828463,1.0002502,0.0013554211,31858843,planet
1678.4971036632264,1.0013818,0.0013559167,31858843,planet
1678.4984925431409,0.9980548,0.0013545132,31858843,planet
1678.4998814235214,0.9989051,0.0013558768,31858843,planet
1678.5012703039015,1.0004848,0.0013550615,31858843,planet
1678.5026591838166,1.0010791,0.0013560249,31858843,planet
1678.5040480641978,1.0024544,0.001356367,31858843,planet
1678.505436944578,0.9990233,0.0013547319,31858843,planet
1678.5068258244924,0.9995732,0.0013543752,31858843,planet
1678.5082147048734,1.0010462,0.0013562717,31858843,planet
1678.509603585254,1.001766,0.0013564915,31858843,planet
1678.5109924651692,1.0007282,0.0013558419,31858843,planet
1678.5123813455498,0.99994373,0.0013561065,31858843,planet
1678.5137702259299,1.000666,0.0013556344,31858843,planet
1678.5151591058443,0.99897677,0.0013543722,31858843,planet
1678.5165479862249,1.000813,0.0013549878,31858843,planet
1678.5179368666059,0.9994136,0.0013557753,31858843,planet
1678.5193257465207,1.00221,0.001356664,31858843,planet
1678.5207146269015,1.0017757,0.0013565932,31858843,planet
1678.5221035068166,0.9978046,0.0013528366,31858843,planet
1678.5234923871967,1.00033,0.0013552168,31858843,planet
1678.5248812675768,1.0007795,0.0013545059,31858843,planet
1678.5262701474926,1.0022001,0.0013565632,31858843,planet
1678.5276590278731,1.0015682,0.0013559802,31858843,planet
1678.5290479082532,1.0026551,0.0013558869,31858843,planet
1678.5304367881681,1.0005729,0.0013555037,31858843,planet
1678.5318256685482,0.9992753,0.0013545054,31858843,planet
1678.5332145484626,1.002723,0.0013574288,31858843,planet
1678.534603428844,1.0015404,0.0013572183,31858843,planet
1678.535992309225,1.000195,0.0013545144,31858843,planet
1678.5373811891395,0.99863267,0.0013559612,31858843,planet
1678.53877006952,1.0001824,0.0013545861,31858843,planet
1678.5401589494345,1.0010262,0.0013555625,31858843,planet
1678.541547829815,0.9990076,0.0013549463,31858843,planet
1678.5429367097308,1.0011823,0.0013560758,31858843,planet
1678.544325590111,0.9989205,0.0013550383,31858843,planet
1678.545714470491,1.0008079,0.001355597,31858843,planet
1678.5471033504061,1.0005112,0.0013559805,31858843,planet
1678.548492230786,1.0008188,0.0013555282,31858843,planet
1678.5498811107013,1.0015453,0.0013556379,31858843,planet
1678.5512699910828,1.002303,0.0013555266,31858843,planet
1678.5526588709972,0.99934673,0.0013552747,31858843,planet
1678.5540477513773,1.0027685,0.0013571755,31858843,planet
1678.5554366312922,0.99928504,0.0013553121,31858843,planet
1678.5568255116723,0.9994572,0.0013541296,31858843,planet
1678.5582143915872,0.99973756,0.0013554705,31858843,planet
1678.5596032719686,0.9999178,0.0013556387,31858843,planet
1678.560992151883,0.9997768,0.0013559116,31858843,planet
1678.5623810322631,1.000052,0.0013558646,31858843,planet
1678.5637699121785,1.0010945,0.0013562434,31858843,planet
1678.5651587925583,1.0002836,0.0013557281,31858843,planet
1678.5665476724735,0.9995075,0.0013557235,31858843,planet
1678.567936552855,1.0012949,0.0013552568,31858843,planet
1678.5693254327698,1.0019997,0.0013563815,31858843,planet
1678.57071431315,0.9996444,0.0013559364,31858843,planet
1678.5721031930643,0.99865067,0.0013548824,31858843,planet
1678.5734920734458,1.0019127,0.0013568915,31858843,planet
1678.574880953361,1.0005388,0.0013556493,31858843,planet
1678.5762698337408,1.0000432,0.0013553608,31858843,planet
1678.577658713656,0.99933684,0.00135401,31858843,planet
1678.5790475940362,1.0021983,0.001356425,31858843,planet
1678.5804364739506,0.9988507,0.001355217,31858843,planet
1678.581825354332,1.0012052,0.0013555544,31858843,planet
1678.583214234247,1.001555,0.001356047,31858843,planet
1678.584603114627,1.0001897,0.0013548753,31858843,planet
1678.585991994542,1.0000862,0.0013548397,31858843,planet
1678.587380874922,1.000033,0.001355535,31858843,planet
1678.5887697548364,1.002391,0.0013558223,31858843,planet
1678.5901586347522,1.0012367,0.0013567471,31858843,planet
1678.591547515133,0.99936265,0.001355385,31858843,planet
1678.5929363950472,1.001675,0.0013560279,31858843,planet
1678.5943252754282,1.0004958,0.0013561404,31858843,planet
1678.5957141553426,1.0005031,0.001355285,31858843,planet
1678.5971030357232,1.001831,0.0013564634,31858843,planet
1678.598491915639,1.001046,0.0013564475,31858843,planet
1678.5998807955534,0.99841636,0.0013550753,31858843,planet
1678.6012696759335,1.0008566,0.0013553707,31858843,planet
1678.6026585558484,0.99987435,0.0013561136,31858843,planet
1678.6040474362285,1.0001254,0.0013558723,31858843,planet
1678.6054363161438,1.0001864,0.0013556404,31858843,planet
1678.6068251960596,1.0006,0.001356129,31858843,planet
1678.6082140764395,0.99931276,0.0013555891,31858843,planet
1678.6096029563537,1.0018839,0.0013568195,31858843,planet
1678.6109918367347,0.99894166,0.0013554828,31858843,planet
1678.612380716649,1.0014552,0.0013564351,31858843,planet
1678.613769596564,1.0010417,0.0013571216,31858843,planet
1678.6151584769455,1.0003823,0.0013561801,31858843,planet
1678.6165473568608,0.99940336,0.0013554906,31858843,planet
1678.617936236775,1.0002048,0.0013548818,31858843,planet
1678.6193251171549,0.9998497,0.0013563882,31858843,planet
1678.6207139970702,1.0005896,0.0013559685,31858843,planet
1678.622102876985,1.0010647,0.0013556969,31858843,planet
1678.623491757366,1.0005693,0.0013559293,31858843,planet
1678.624880637281,1.0011834,0.0013558856,31858843,planet
1678.6262695171954,0.9984687,0.0013545564,31858843,planet
1678.6276583975755,1.0007588,0.0013560639,31858843,planet
1678.6290472774913,1.0017331,0.0013571103,31858843,planet
1678.6304361574062,1.0013863,0.0013568705,31858843,planet
1678.6318250377863,1.0017226,0.0013565074,31858843,planet
1678.6332139177016,1.0001723,0.001355416,31858843,planet
1678.634602797616,0.9993725,0.0013560235,31858843,planet
1678.635991677996,1.0013888,0.0013569081,31858843,planet
1678.6373805579115,0.9992829,0.0013558938,31858843,planet
1678.6387694378268,0.9977342,0.0013552066,31858843,planet
1678.6401583182069,1.0005946,0.0013559966,31858843,planet
1678.6415471981218,0.9988236,0.0013562584,31858843,planet
1678.6429360780362,1.0015864,0.0013564947,31858843,planet
1678.6443249579506,1.0003248,0.0013574124,31858843,planet
1678.645713838332,0.9998612,0.0013549097,31858843,planet
1678.647102718247,1.0025694,0.0013566827,31858843,planet
1678.6484915981614,1.0024089,0.0013572641,31858843,planet
1678.6498804785424,1.0018507,0.0013570824,31858843,planet
1678.6512693584568,0.9993416,0.0013552266,31858843,planet
1678.652658238371,0.99962854,0.0013560164,31858843,planet
1678.6540471182866,0.9984171,0.0013562356,31858843,planet
1678.6554359986676,1.0007855,0.0013566372,31858843,planet
1678.656824878582,1.0019159,0.0013577612,31858843,planet
1678.658213758497,1.0001324,0.0013558571,31858843,planet
1678.6596026384123,1.0002781,0.0013550698,31858843,planet
1678.6609915187928,1.0017,0.0013570087,31858843,planet
1678.662380398708,0.9985811,0.0013552952,31858843,planet
1678.663769278623,1.0010304,0.0013566618,31858843,planet
1678.6651581585375,1.0005625,0.0013562676,31858843,planet
1678.6665470389175,0.99949974,0.0013551224,31858843,planet
1678.6679359188324,1.0016264,0.001357588,31858843,planet
1678.6693247987478,1.0012095,0.0013562676,31858843,planet
1678.6707136786627,0.99893594,0.0013556373,31858843,planet
1678.6721025585775,0.9993852,0.0013552128,31858843,planet
1678.6734914389576,0.9991034,0.0013551896,31858843,planet
1678.674880318872,1.0001134,0.001356198,31858843,planet
1678.6762691987874,1.0006886,0.0013560287,31858843,planet
1678.6776580787023,0.998172,0.0013550924,31858843,planet
1678.6790469586176,1.0004092,0.0013560422,31858843,planet
1678.6804358389982,0.9994154,0.0013557484,31858843,planet
1678.6818247189126,0.99764276,0.0013547307,31858843,planet
1678.683213598827,1.0011375,0.001356302,31858843,planet
1678.684602478742,1.0008277,0.00135611,31858843,planet
1678.6859913586572,0.9993104,0.001356152,31858843,planet
1678.6873802385721,1.001173,0.00135586,31858843,planet
1678.688769118953,0.9977952,0.0013555302,31858843,planet
1678.690157998867,1.0007784,0.001356634,31858843,planet
1678.6915468787815,0.9991576,0.0013560608,31858843,planet
1678.6929357586973,1.0008171,0.0013564478,31858843,planet
1678.6943246386127,1.0012026,0.0013564518,31858843,planet
1678.695713518527,1.0006921,0.0013566598,31858843,planet
1678.697102398442,1.0000391,0.001356347,31858843,planet
1678.698491278822,1.0001585,0.0013556242,31858843,planet
1678.6998801587365,0.99910057,0.0013561132,31858843,planet
1678.7012690386523,0.9994316,0.0013556055,31858843,planet
1678.7026579185672,0.99984264,0.0013562615,31858843,planet
1678.7040467984816,1.0002148,0.0013557706,31858843,planet
1678.705435678397,1.0002539,0.0013557655,31858843,planet
1678.7068245583118,1.0007029,0.0013564518,31858843,planet
1678.7082134382263,0.99856883,0.0013554381,31858843,planet
1678.7096023186068,1.0010948,0.0013568691,31858843,planet
1678.7109911985226,0.9999931,0.0013553228,31858843,planet
1678.712380078437,1.0014741,0.0013557194,31858843,planet
1678.7137689583515,0.9993813,0.0013562579,31858843,planet
1678.7151578382666,0.9996651,0.0013564106,31858843,planet
1678.7165467181817,0.9999829,0.0013562135,31858843,planet
1678.7179355980966,1.0012078,0.0013562982,31858843,planet
1678.719324478012,1.0014838,0.0013574902,31858843,planet
1678.7207133579263,1.000838,0.0013570084,31858843,planet
1678.7221022378408,1.0021906,0.0013568605,31858843,planet
1678.7234911177557,1.0008113,0.0013567308,31858843,planet
1678.7248799976708,1.0000492,0.0013563287,31858843,planet
1678.7262688780515,1.0005459,0.0013563407,31858843,planet
1678.7276577579664,1.0010107,0.0013566604,31858843,planet
1678.7290466378809,0.99988616,0.0013556692,31858843,planet
1678.7304355177953,1.0010123,0.0013568469,31858843,planet
1678.7318243977106,1.0003228,0.0013564973,31858843,planet
1678.7332132776255,1.0007274,0.0013563953,31858843,planet
1678.7346021575404,1.001977,0.0013560351,31858843,planet
1678.7359910374557,0.99954885,0.0013557493,31858843,planet
1678.7373799173702,1.0003453,0.0013550615,31858843,planet
1678.7387687972846,1.0004902,0.001357342,31858843,planet
1678.7401576771995,1.0014133,0.0013553647,31858843,planet
1678.7415465571146,1.0010042,0.0013560473,31858843,planet
1678.7429354370297,1.000096,0.0013561816,31858843,planet
1678.7443243169446,1.0007472,0.0013554615,31858843,planet
1678.745713196859,1.0012268,0.0013563301,31858843,planet
1678.7471020767734,1.0023084,0.0013575025,31858843,planet
1678.7484909566892,1.0013938,0.0013561933,31858843,planet
1678.749879836605,1.0008307,0.0013568014,31858843,planet
1678.7512687165195,0.99972665,0.0013555402,31858843,planet
1678.752657596434,1.001386,0.0013562833,31858843,planet
1678.7540464763488,1.0009176,0.0013556245,31858843,planet
1678.7554353562632,1.000358,0.001355828,31858843,planet
1678.7568242361785,1.0005379,0.0013562703,31858843,planet
1678.7582131160943,1.0025042,0.0013571661,31858843,planet
1678.7596019960085,1.0016401,0.001355748,31858843,planet
1678.7609908759227,0.9995542,0.0013560277,31858843,planet
1678.762379755838,1.0013479,0.0013563782,31858843,planet
1678.7637686357525,1.0008465,0.001356228,31858843,planet
1678.7651575156674,0.9999093,0.0013559838,31858843,planet
1678.7665463955832,1.0006006,0.0013556228,31858843,planet
1678.7679352754976,0.99824697,0.0013552947,31858843,planet
1678.7693241549464,1.001081,0.0013552185,31858843,planet
1678.7707130348613,0.9981045,0.0013548727,31858843,planet
1678.7721019147757,1.0013442,0.0013554773,31858843,planet
1678.773490794691,0.99953365,0.0013555823,31858843,planet
1678.7748796746068,1.0006138,0.0013557301,31858843,planet
1678.7762685545213,1.0009067,0.0013557366,31858843,planet
1678.7776574344355,1.0015938,0.0013557815,31858843,planet
1678.7790463143506,1.0008667,0.0013562863,31858843,planet
1678.7804351942655,0.9993027,0.001355677,31858843,planet
1678.7818240741808,1.0003977,0.0013550853,31858843,planet
1678.7832129540957,1.0018095,0.0013567604,31858843,planet
1678.7846018340101,1.0008832,0.0013561652,31858843,planet
1678.785990713459,1.0025153,0.001356884,31858843,planet
1678.7873795933738,0.9990408,0.001356151,31858843,planet
1678.788768473289,1.0017385,0.0013558945,31858843,planet
1678.790157353204,1.000384,0.001355868,31858843,planet
1678.7915462331193,0.9993252,0.0013553977,31858843,planet
1678.7929351130338,0.9999623,0.0013566175,31858843,planet
1678.794323992948,0.9999725,0.0013545556,31858843,planet
1678.795712872863,1.001642,0.0013568072,31858843,planet
1678.7971017527789,0.99822164,0.0013553996,31858843,planet
1678.798490632228,0.99988085,0.0013537429,31858843,planet
1678.809601671081,1.0005106,0.0013558965,31858843,planet
1678.8109905509955,1.0015928,0.0013563861,31858843,planet
1678.8123794309108,1.0021528,0.001356842,31858843,planet
1678.8137683108264,0.9997389,0.0013556032,31858843,planet
1678.815157190275,0.99913293,0.0013546479,31858843,planet
1678.8165460701894,0.99907696,0.0013554182,31858843,planet
1678.8179349501047,0.9979023,0.0013548046,31858843,planet
1678.8193238300191,1.0021765,0.0013561731,31858843,planet
1678.820712709934,1.0016037,0.0013567365,31858843,planet
1678.8221015893841,1.0018756,0.0013564564,31858843,planet
1678.8234904692986,0.99785435,0.0013548816,31858843,planet
1678.824879349213,1.0004063,0.0013560484,31858843,planet
1678.826268229128,0.9963546,0.0013540816,31858843,planet
1678.8276571090423,0.99813914,0.0013552202,31858843,planet
1678.829045988492,0.9992716,0.0013552441,31858843,planet
1678.8304348684076,1.0020329,0.001355675,31858843,planet
1678.8318237483218,0.9999404,0.0013557664,31858843,planet
1678.8332126282362,1.0019848,0.0013557058,31858843,planet
1678.8346015076859,0.9997244,0.0013559567,31858843,planet
1678.8359903876003,1.0008144,0.0013556834,31858843,planet
1678.8373792675152,0.9998142,0.0013557724,31858843,planet
1678.838768147431,1.000475,0.0013557259,31858843,planet
1678.8401570268804,1.000345,0.0013553889,31858843,planet
1678.8415459067946,0.99919623,0.0013542472,31858843,planet
1678.842934786709,1.0014218,0.0013561083,31858843,planet
1678.8443236666249,1.0,0.001355064,31858843,planet
1678.8457125460745,1.0001199,0.0013546628,31858843,planet
1678.847101425989,1.000248,0.0013553818,31858843,planet
1678.8484903059039,1.001114,0.0013559662,31858843,planet
1678.8498791858183,1.00145,0.0013557954,31858843,planet
1678.851268065267,1.0008949,0.0013545363,31858843,planet
1678.8526569451828,1.0000533,0.0013553982,31858843,planet
1678.8540458250977,0.9991094,0.0013559272,31858843,planet
1678.8554347045465,1.0002409,0.0013557432,31858843,planet
1678.8568235844616,0.99904186,0.001354558,31858843,planet
1678.8582124643758,0.9977125,0.0013541606,31858843,planet
1678.8596013442902,0.9974668,0.0013544864,31858843,planet
1678.8609902237404,1.0004739,0.0013555202,31858843,planet
1678.8623791036557,1.0001013,0.0013554395,31858843,planet
1678.8637679835701,1.0007992,0.0013553659,31858843,planet
1678.8651568630194,0.99726385,0.0013538166,31858843,planet
1678.8665457429338,0.99815935,0.0013543434,31858843,planet
1678.8679346228487,1.0008093,0.0013557222,31858843,planet
1678.8693235022988,1.0001181,0.0013553363,31858843,planet
1678.8707123822132,0.99914277,0.0013548101,31858843,planet
1678.8721012621277,0.9987265,0.0013536043,31858843,planet
1678.8734901415773,0.9994874,0.0013546392,31858843,planet
1678.8748790214916,0.99833924,0.0013548094,31858843,planet
1678.8762679014067,0.9977899,0.0013553599,31858843,planet
1678.8776567808568,0.99913096,0.0013550239,31858843,planet
1678.8790456607712,0.99941325,0.0013550988,31858843,planet
1678.8804345406857,0.9997039,0.0013550209,31858843,planet
1678.8818234201349,1.0001912,0.0013557351,31858843,planet
1678.8832123000493,0.9982487,0.0013553834,31858843,planet
1678.8846011794985,0.99995786,0.0013549755,31858843,planet
1678.8859900594143,0.99920547,0.0013553429,31858843,planet
1678.8873789393297,0.999823,0.0013557281,31858843,planet
1678.8887678187784,0.9988344,0.0013539703,31858843,planet
1678.8901566986929,0.99950945,0.0013552543,31858843,planet
1678.891545578142,0.9990426,0.0013544929,31858843,planet
1678.8929344580572,0.9982785,0.0013543734,31858843,planet
1678.8943233379723,0.9982792,0.0013542362,31858843,planet
1678.8957122174215,0.9980994,0.0013543792,31858843,planet
1678.897101097336,1.0005491,0.0013551754,31858843,planet
1678.8984899767847,1.0001291,0.0013549451,31858843,planet
1678.8998788567005,1.0014123,0.0013557567,31858843,planet
1678.9012677366156,1.0002861,0.0013548778,31858843,planet
1678.9026566160642,0.9993344,0.0013548488,31858843,planet
1678.9040454959795,1.0019792,0.0013563182,31858843,planet
1678.9054343754283,0.99915016,0.0013541796,31858843,planet
1678.9068232553427,0.9994182,0.001355366,31858843,planet
1678.9082121352585,0.9992693,0.0013551358,31858843,planet
1678.9096010147077,1.0030023,0.0013560501,31858843,planet
1678.9109898946222,0.9967153,0.0013532378,31858843,planet
1678.9123787740714,0.9986451,0.0013546926,31858843,planet
1678.9137676539858,1.000135,0.0013550759,31858843,planet
1678.9151565334346,0.99911386,0.0013548218,31858843,planet
1678.9165454133504,1.0016776,0.0013553271,31858843,planet
1678.9179342928,0.9985201,0.0013542279,31858843,planet
1678.9193231727143,0.99959505,0.001354031,31858843,planet
1678.9207120521637,0.9982099,0.0013545015,31858843,planet
1678.9221009320781,1.0002805,0.0013552629,31858843,planet
1678.923489811527,1.0008713,0.0013554405,31858843,planet
1678.9248786914427,0.99869066,0.0013545903,31858843,planet
1678.9262675713576,0.99992275,0.0013548101,31858843,planet
1678.9276564508064,1.0011868,0.0013557383,31858843,planet
1678.9290453307212,1.0013572,0.0013554499,31858843,planet
1678.930434210171,1.0006874,0.0013549726,31858843,planet
1678.9318230900858,1.0002224,0.0013550232,31858843,planet
1678.9332119695355,1.0016869,0.0013544494,31858843,planet
1678.9346008494504,0.99929154,0.0013544086,31858843,planet
1678.9359897288991,1.0027204,0.0013564936,31858843,planet
1678.937378608348,1.000257,0.0013560184,31858843,planet
1678.9387674882628,0.9997367,0.0013555514,31858843,planet
1678.9401563677125,1.0014325,0.0013559706,31858843,planet
1678.9415452476273,0.999645,0.0013554608,31858843,planet
1678.942934127077,0.9987498,0.0013550543,31858843,planet
1678.9443230069915,0.99882233,0.0013541962,31858843,planet
1678.94571188644,1.0010192,0.0013561826,31858843,planet
1678.947100766355,0.9989231,0.0013555039,31858843,planet
1678.9484896458043,1.0014567,0.001356236,31858843,planet
1678.9498785257197,1.0005568,0.0013553359,31858843,planet
1678.951267405169,0.9990639,0.0013554408,31858843,planet
1678.9526562850833,1.0009853,0.001355747,31858843,planet
1678.954045164532,1.0004525,0.0013555717,31858843,planet
1678.9554340439813,0.99946725,0.0013558681,31858843,planet
1678.9568229238967,1.0022024,0.0013561829,31858843,planet
1678.9582118033459,1.0011276,0.0013560384,31858843,planet
1678.9596006832612,0.99848855,0.0013547516,31858843,planet
1678.96098956271,1.00239,0.0013561095,31858843,planet
1678.9623784426244,1.0000039,0.001355222,31858843,planet
1678.9637673220743,0.9984188,0.0013551913,31858843,planet
1678.9651562015238,0.9988294,0.0013545809,31858843,planet
1678.9665450814382,1.0003499,0.0013542321,31858843,planet
1678.9679339608874,0.99976957,0.0013551195,31858843,planet
1678.9693228408019,1.0010732,0.0013551291,31858843,planet
1678.9707117202506,0.9990233,0.001354539,31858843,planet
1678.9721005997008,0.9987024,0.0013548015,31858843,planet
1678.9734894796156,0.99888724,0.0013542904,31858843,planet
1678.9748783590644,1.0000504,0.0013552461,31858843,planet
1678.9762672389797,0.9987443,0.0013548401,31858843,planet
1678.977656118429,0.99812514,0.001354843,31858843,planet
1678.9790449978777,0.9981982,0.0013541157,31858843,planet
1678.980433877793,0.99969655,0.0013549582,31858843,planet
1678.981822757243,0.99852276,0.0013546712,31858843,planet
1678.9832116366915,0.9991261,0.001354914,31858843,planet
1678.984600516606,1.0010073,0.0013555855,31858843,planet
1678.9859893960556,1.0000188,0.0013549636,31858843,planet
1678.9873782759705,0.99958354,0.0013549122,31858843,planet
1678.9887671554202,0.9991463,0.0013543504,31858843,planet
1678.9901560348694,1.0021245,0.0013560989,31858843,planet
1678.9915449147838,0.9987828,0.001354104,31858843,planet
1678.9929337942326,1.0007622,0.0013551725,31858843,planet
1678.9943226736818,1.0009897,0.0013563103,31858843,planet
1678.9957115535972,0.99951214,0.0013550551,31858843,planet
1678.9971004330464,0.99905944,0.0013546769,31858843,planet
1678.9984893124958,0.99913675,0.0013545363,31858843,planet
1678.99987819241,1.0006994,0.0013552431,31858843,planet
1679.0012670718588,0.999738,0.0013549315,31858843,planet
1679.0026559513085,0.99894905,0.001354182,31858843,planet
1679.0040448307577,0.9991779,0.0013541112,31858843,planet
1679.005433710673,0.99866295,0.0013536171,31858843,planet
1679.0068225901223,1.000882,0.0013552926,31858843,planet
1679.008211469571,1.0018154,0.0013558955,31858843,planet
1679.0096003494855,1.0013914,0.0013553496,31858843,planet
1679.0109892289347,0.99996793,0.0013546498,31858843,planet
1679.0123781083844,0.99914026,0.0013539621,31858843,planet
1679.0137669878336,0.9995747,0.0013547096,31858843,planet
1679.015155867749,0.9996933,0.0013538932,31858843,planet
1679.0165447471975,1.002818,0.0013560086,31858843,planet
1679.017933626646,1.0006267,0.0013547641,31858843,planet
1679.0193225065618,1.0008029,0.0013547891,31858843,planet
1679.020711386012,0.9986388,0.0013538388,31858843,planet
1679.0221002654607,0.9996746,0.0013548167,31858843,planet
1679.0234891449095,0.99989665,0.0013548183,31858843,planet
1679.0248780248246,1.0004796,0.0013547715,31858843,planet
1679.0262669042731,0.9986552,0.0013540123,31858843,planet
1679.0276557837228,0.99862987,0.0013525641,31858843,planet
1679.029044663173,1.0006106,0.0013544813,31858843,planet
1679.0304335430874,0.99931675,0.0013535408,31858843,planet
1679.0318224225362,0.99826443,0.0013531134,31858843,planet
1679.0332113019854,1.0016342,0.0013553731,31858843,planet
1679.0346001814341,0.99858254,0.0013538388,31858843,planet
1679.0359890608834,1.0019305,0.0013552587,31858843,planet
1679.0373779407992,0.99926805,0.0013538894,31858843,planet
1679.038766820248,1.0015396,0.001355058,31858843,planet
1679.0401556996967,1.0007825,0.0013542079,31858843,planet
1679.0415445791464,1.0002214,0.0013540651,31858843,planet
1679.0429334590606,0.99950135,0.0013539707,31858843,planet
1679.04432233851,0.99828684,0.0013537281,31858843,planet
1679.0457112179602,1.0003963,0.0013536984,31858843,planet
1679.047100097409,0.9995875,0.0013540558,31858843,planet
1679.0484889768577,0.99785674,0.0013536925,31858843,planet
1679.0498778567726,0.99914414,0.0013530185,31858843,planet
1679.0512667362223,0.9992486,0.0013533145,31858843,planet
1679.0526556156715,0.9997145,0.0013539628,31858843,planet
1679.0540444951207,0.997271,0.0013521852,31858843,planet
1679.0554333745695,0.9993361,0.0013534286,31858843,planet
1679.0568222540182,1.000486,0.0013542898,31858843,planet
1679.0582111339336,0.99931204,0.0013535637,31858843,planet
1679.0596000133828,0.99888164,0.0013532497,31858843,planet
1679.0609888928323,0.9994677,0.0013535225,31858843,planet
1679.0623777722817,1.0010821,0.001355073,31858843,planet
1679.063766651731,0.9984052,0.0013533588,31858843,planet
1679.0651555311797,0.99848676,0.0013528157,31858843,planet
1679.0665444106285,0.998026,0.0013526174,31858843,planet
1679.0679332905443,0.9990367,0.0013533308,31858843,planet
1679.0693221699937,0.99984133,0.001354216,31858843,planet
1679.0707110494423,0.99685913,0.0013527316,31858843,planet
1679.072099928892,0.99851316,0.0013522282,31858843,planet
1679.0734888083407,1.0005021,0.0013537804,31858843,planet
1679.0748776877895,0.9989245,0.0013534382,31858843,planet
1679.0762665672396,0.9982305,0.0013521212,31858843,planet
1679.0776554466888,0.999715,0.0013531275,31858843,planet
1679.0790443266033,0.9988633,0.0013529107,31858843,planet
1679.0804332060525,0.9980844,0.0013532349,31858843,planet
1679.0818220855012,0.99925786,0.0013539545,31858843,planet
1679.083210964951,1.0003731,0.0013529273,31858843,planet
1679.084599844401,0.9988942,0.0013536268,31858843,planet
1679.0859887238498,1.0003581,0.0013548555,31858843,planet
1679.0873776032984,1.0013756,0.0013539254,31858843,planet
1679.0887664827478,0.99978644,0.0013540686,31858843,planet
1679.0901553621966,0.99992305,0.0013536222,31858843,planet
1679.0915442416458,1.000493,0.0013536966,31858843,planet
1679.092933121096,0.9995314,0.0013541828,31858843,planet
1679.0943220010104,0.99978775,0.0013538033,31858843,planet
1679.0957108804591,0.99892455,0.0013531927,31858843,planet
1679.0970997599084,0.99971056,0.0013532209,31858843,planet
1679.0984886393571,0.99903953,0.0013531941,31858843,planet
1679.0998775188068,0.99936336,0.0013530687,31858843,planet
1679.101266398257,1.0002497,0.0013539197,31858843,planet
1679.1026552777057,0.9997892,0.0013532924,31858843,planet
1679.1040441571545,0.9981586,0.0013525817,31858843,planet
1679.1054330366037,0.99998075,0.001353619,31858843,planet
1679.106821916053,0.99811864,0.0013543409,31858843,planet
1679.1082107955026,0.99917173,0.0013527888,31858843,planet
1679.1095996749518,0.9987362,0.0013524456,31858843,planet
1679.1109885544015,0.9994786,0.0013534715,31858843,planet
1679.1123774338503,1.0039426,0.0013562167,31858843,planet
1679.1137663132988,1.0009842,0.0013541236,31858843,planet
1679.1151551927487,0.999015,0.0013529394,31858843,planet
1679.1165440721984,0.9987667,0.001353082,31858843,planet
1679.1179329516472,1.0013064,0.0013544286,31858843,planet
1679.1193218310964,1.0007592,0.0013532573,31858843,planet
1679.1207107105452,0.9985525,0.0013525117,31858843,planet
1679.122099589994,0.99961317,0.0013531547,31858843,planet
1679.123488469444,1.0009581,0.0013538825,31858843,planet
1679.1248773488933,0.99937236,0.0013526757,31858843,planet
1679.126266228342,0.99927235,0.0013537328,31858843,planet
1679.1276551077917,0.9978442,0.0013526389,31858843,planet
1679.1290439872405,0.99829257,0.0013533711,31858843,planet
1679.1304328666893,0.997737,0.0013524417,31858843,planet
1679.1318217461392,0.9988066,0.0013525117,31858843,planet
1679.1332106255886,0.9994107,0.0013526103,31858843,planet
1679.1345995050374,0.9978909,0.0013525164,31858843,planet
1679.1359883844866,0.99980164,0.0013529554,31858843,planet
1679.1373772639354,0.9993883,0.0013530592,31858843,planet
1679.138766143385,0.9994587,0.0013534292,31858843,planet
1679.1401550228352,0.9992297,0.0013528581,31858843,planet
1679.1415439022837,0.9982005,0.0013525815,31858843,planet
1679.1429327817323,0.99807465,0.0013525294,31858843,planet
1679.144321661182,0.9979971,0.0013522803,31858843,planet
1679.1457105406307,1.0018845,0.001354495,31858843,planet
1679.1470994196143,1.0000724,0.001353097,31858843,planet
1679.1484882990644,0.9999082,0.0013526878,31858843,planet
1679.1498771785132,1.0018344,0.0013543125,31858843,planet
1679.151266057962,1.0003738,0.0013529424,31858843,planet
1679.1526549374112,1.0003682,0.0013527776,31858843,planet
1679.1540438168608,1.0003273,0.001353341,31858843,planet
1679.15543269631,1.000263,0.001353444,31858843,planet
1679.1568215757597,1.0006094,0.0013526983,31858843,planet
1679.158210455209,0.9995098,0.001352798,31858843,planet
1679.1595993346577,0.99871033,0.0013527363,31858843,planet
1679.1609882141065,1.000211,0.0013527906,31858843,planet
1679.16237709309,0.99910855,0.0013525066,31858843,planet
1679.1637659725397,0.9985432,0.0013527533,31858843,planet
1679.165154851989,1.0001761,0.0013531938,31858843,planet
1679.1665437314387,1.000539,0.0013536377,31858843,planet
1679.1679326108872,0.99941736,0.0013524329,31858843,planet
1679.1693214903357,1.0008078,0.0013544438,31858843,planet
1679.1707103697859,0.99929476,0.0013533299,31858843,planet
1679.1720992492355,0.9999568,0.0013530947,31858843,planet
1679.1734881282187,1.0019493,0.0013540621,31858843,planet
1679.1748770076679,0.9998585,0.0013528701,31858843,planet
1679.1762658871166,1.0022571,0.001352605,31858843,planet
1679.1776547665654,1.0001574,0.001352164,31858843,planet
1679.1790436460155,1.0009739,0.0013540488,31858843,planet
1679.1804325254648,0.9977797,0.0013527387,31858843,planet
1679.1818214049135,0.9973253,0.0013512569,31858843,planet
1679.1832102838976,0.9998313,0.001352531,31858843,planet
1679.184599163346,0.9978545,0.001352482,31858843,planet
1679.1859880427946,1.0010341,0.0013523434,31858843,planet
1679.1873769222448,1.0013053,0.0013517187,31858843,planet
1679.1887658016944,0.9984567,0.0013519258,31858843,planet
1679.1901546806776,0.9997649,0.0013515223,31858843,planet
1679.1915435601268,1.0019825,0.0013542209,31858843,planet
1679.1929324395755,1.0000234,0.0013520019,31858843,planet
1679.1943213190243,0.9983371,0.0013518367,31858843,planet
1679.1957101984744,0.99823034,0.0013519465,31858843,planet
1679.1970990779246,0.996839,0.0013514531,31858843,planet
1679.1984879569077,1.0007843,0.0013522711,31858843,planet
1679.1998768363565,0.99931717,0.0013525059,31858843,planet
1679.2012657158057,1.0005295,0.001353719,31858843,planet
1679.2026545952551,0.99885994,0.0013519125,31858843,planet
1679.204043474239,1.0005531,0.0013523331,31858843,planet
1679.2054323536881,1.0020741,0.0013537136,31858843,planet
1679.206821233137,0.9990955,0.0013526431,31858843,planet
1679.2082101125857,0.9999968,0.0013531513,31858843,planet
1679.2095989920354,1.0017003,0.0013530251,31858843,planet
1679.210987871019,1.0010766,0.0013521005,31858843,planet
1679.2123767504681,1.0023054,0.0013538932,31858843,planet
1679.2137656299178,1.0002786,0.0013534292,31858843,planet
1679.2151545093666,1.0016592,0.0013535701,31858843,planet
1679.2165433883497,1.0019461,0.0013534295,31858843,planet
1679.217932267799,0.9989529,0.0013524387,31858843,planet
1679.2193211472486,0.99927825,0.0013523041,31858843,planet
1679.2207100266978,0.9983627,0.0013520508,31858843,planet
1679.2220989056814,0.99924725,0.0013502198,31858843,planet
1679.2234877851301,1.0025363,0.0013523826,31858843,planet
1679.224876664579,0.9991779,0.0013503889,31858843,planet
1679.226265543563,1.0008531,0.001352849,31858843,planet
1679.2276544230122,0.99853635,0.0013521686,31858843,planet
1679.2290433024616,1.0000304,0.0013533637,31858843,planet
1679.230432181911,0.99915373,0.0013517727,31858843,planet
1679.2318210608942,0.999553,0.001351168,31858843,planet
1679.233209940343,0.99864215,0.0013513766,31858843,planet
1679.234598819793,0.9994863,0.0013516787,31858843,planet
1679.2359876987766,0.99892986,0.0013521338,31858843,planet
1679.2373765782254,1.0010124,0.0013524399,31858843,planet
1679.2387654576746,1.0003108,0.0013510707,31858843,planet
1679.2401543371243,1.0027404,0.0013529691,31858843,planet
1679.2415432161074,0.99764824,0.0013513861,31858843,planet
1679.2429320955566,0.9995047,0.0013522403,31858843,planet
1679.2443209750068,0.9994017,0.0013526396,31858843,planet
1679.2457098539899,0.99870056,0.0013518844,31858843,planet
1679.2470987334386,1.001488,0.0013533885,31858843,planet
1679.2484876128879,0.9999218,0.0013525236,31858843,planet
1679.249876491871,0.9990919,0.0013526556,31858843,planet
1679.2512653713206,0.9980184,0.0013515948,31858843,planet
1679.2526542507708,0.9999449,0.00135313,31858843,planet
1679.2540431297539,1.0010029,0.0013516361,31858843,planet
1679.2554320092024,0.9993896,0.001351194,31858843,planet
1679.2568208886519,1.002461,0.0013536054,31858843,planet
1679.2582097676354,0.99885815,0.0013517438,31858843,planet
1679.259598647085,0.998567,0.0013500996,31858843,planet
1679.2609875260687,0.99856734,0.0013509783,31858843,planet
1679.2623764055174,0.99959004,0.0013495609,31858843,planet
1679.2637652849662,0.9996134,0.0013496672,31858843,planet
1679.26515416395,1.000075,0.0013492929,31858843,planet
1679.2665430433995,1.0012205,0.0013513626,31858843,planet
1679.2679319228487,1.0006214,0.0013512446,31858843,planet
1679.2693208018327,1.0006593,0.0013502504,31858843,planet
1679.2707096812815,0.9969039,0.0013502983,31858843,planet
1679.2720985602646,0.9998846,0.0013507189,31858843,planet
1679.2734874397138,0.99942136,0.0013523356,31858843,planet
1679.274876319163,0.99834555,0.0013509593,31858843,planet
1679.276265198147,0.9994478,0.0013509333,31858843,planet
1679.2776540775963,0.9984087,0.0013503882,31858843,planet
1679.2790429565794,1.0008354,0.0013518983,31858843,planet
1679.2804318360281,0.9989353,0.0013517616,31858843,planet
1679.2818207154776,0.99744004,0.0013517822,31858843,planet
1679.2832095944618,0.9986223,0.00135224,31858843,planet
1679.2845984739115,0.99746996,0.001351653,31858843,planet
1679.2859873528946,1.0006505,0.0013519061,31858843,planet
1679.2873762323438,0.99976104,0.0013518017,31858843,planet
1679.288765111327,0.9985764,0.0013514599,31858843,planet
1679.2901539907766,1.0003186,0.0013522884,31858843,planet
1679.2915428702265,0.99955624,0.001351623,31858843,planet
1679.2929317492094,0.9993746,0.0013522482,31858843,planet
1679.2943206286582,0.9989492,0.001351997,31858843,planet
1679.2957095076422,1.0000725,0.0013506643,31858843,planet
1679.297098387091,1.001815,0.001353222,31858843,planet
1679.2984872660745,0.9973909,0.0013506025,31858843,planet
1679.2998761455246,1.0033875,0.0013518007,31858843,planet
1679.3012650245078,0.9990456,0.0013505687,31858843,planet
1679.3026539039565,0.99664825,0.0013498149,31858843,planet
1679.30404278294,0.99769783,0.0013513777,31858843,planet
1679.3054316623889,0.99960613,0.0013518296,31858843,planet
1679.3068205413729,0.9989062,0.00135102,31858843,planet
1679.308209420823,0.99932015,0.0013525271,31858843,planet
1679.3095982998059,0.99912655,0.0013508674,31858843,planet
1679.3109871792544,0.9991698,0.0013506847,31858843,planet
1679.3123760582384,0.9963114,0.0013501875,31858843,planet
1679.3137649376872,0.99906987,0.001350567,31858843,planet
1679.3151538166708,0.9979891,0.0013508359,31858843,planet
1679.316542696121,0.99803954,0.0013493559,31858843,planet
1679.317931575104,0.9992518,0.0013510003,31858843,planet
1679.3193204545528,1.0000998,0.0013501126,31858843,planet
1679.3207093335363,0.99721056,0.0013506748,31858843,planet
1679.322098212986,0.9968064,0.0013510282,31858843,planet
1679.3234870919696,0.9987777,0.0013506714,31858843,planet
1679.3248759714193,1.0011898,0.0013528861,31858843,planet
1679.3262648504028,0.9981903,0.0013503969,31858843,planet
1679.3276537298516,0.99833006,0.0013510848,31858843,planet
1679.3290426088347,1.0044932,0.0013532691,31858843,planet
1679.3304314882848,0.99753636,0.0013494679,31858843,planet
1679.3318203672684,0.998533,0.0013516713,31858843,planet
1679.3332092467172,0.99964744,0.0013518062,31858843,planet
1679.3345981257012,1.0007272,0.00135092,31858843,planet
1679.3359870051497,0.9989847,0.0013492586,31858843,planet
1679.3373758841326,0.99685717,0.0013494344,31858843,planet
1679.338764763117,0.9980191,0.0013509694,31858843,planet
1679.3401536425667,0.9945613,0.0013490722,31858843,planet
1679.3415425215499,0.99413,0.0013470574,31858843,planet
1679.342931400999,0.9929858,0.0013472595,31858843,planet
1679.3443202799822,0.9954755,0.0013493277,31858843,planet
1679.345709159431,0.99174,0.0013457995,31858843,planet
1679.3470980384154,0.9918246,0.0013471483,31858843,planet
1679.348486917399,0.9913121,0.0013472651,31858843,planet
1679.3498757968478,0.98881066,0.0013453374,31858843,planet
1679.3512646758318,0.9906326,0.0013462853,31858843,planet
1679.3526535552803,0.9902163,0.0013454945,31858843,planet
1679.354042434264,0.99237967,0.0013475134,31858843,planet
1679.3554313132486,0.988544,0.0013457166,31858843,planet
1679.3568201926973,0.98867846,0.0013431403,31858843,planet
1679.3582090716804,0.9882627,0.0013445356,31858843,planet
1679.3595979511297,0.98828584,0.0013436371,31858843,planet
1679.3609868301128,0.98530304,0.0013442972,31858843,planet
1679.3623757090963,0.9871373,0.0013455454,31858843,planet
1679.3637645885465,0.98906916,0.0013438497,31858843,planet
1679.3651534675296,0.9863976,0.0013448446,31858843,planet
1679.3665423465127,0.9863085,0.0013442877,31858843,planet
1679.3679312259624,0.9894452,0.0013454063,31858843,planet
1679.369320104946,0.9888038,0.0013447125,31858843,planet
1679.3707089839297,0.9882177,0.0013453559,31858843,planet
1679.3720978633792,0.988876,0.0013433914,31858843,planet
1679.3734867423627,0.98686385,0.0013438427,31858843,planet
1679.3748756218115,0.9879627,0.0013431854,31858843,planet
1679.3762645007946,0.9875825,0.0013430736,31858843,planet
1679.3776533797786,0.98822623,0.0013442752,31858843,planet
1679.3790422592278,0.9883924,0.001344612,31858843,planet
1679.3804311382116,0.98791766,0.0013445611,31858843,planet
1679.3818200171954,0.9879646,0.001344418,31858843,planet
1679.3832088966442,0.98806757,0.0013452353,31858843,planet
1679.3845977756273,0.99048233,0.0013456169,31858843,planet
1679.3859866546118,0.98647916,0.0013439469,31858843,planet
1679.3873755335953,0.9870269,0.0013436715,31858843,planet
1679.388764413044,0.98677987,0.0013443036,31858843,planet
1679.3901532920277,0.9867069,0.0013431745,31858843,planet
1679.3915421710108,0.99045503,0.0013446301,31858843,planet
1679.3929310504595,0.9856546,0.0013418129,31858843,planet
1679.394319929444,0.98563004,0.0013433327,31858843,planet
1679.395708808428,0.98557943,0.0013440276,31858843,planet
1679.3970976878766,0.9849664,0.0013423611,31858843,planet
1679.3984865668604,0.9882973,0.0013441019,31858843,planet
1679.3998754458435,0.9869725,0.001343659,31858843,planet
1679.4012643248266,0.9860483,0.0013438911,31858843,planet
1679.4026532042767,0.98685133,0.0013445169,31858843,planet
1679.4040420832603,0.9852131,0.0013439436,31858843,planet
1679.4054309622434,0.98823094,0.0013438906,31858843,planet
1679.4068198416928,0.9876522,0.0013428635,31858843,planet
1679.4082087206757,0.98724496,0.0013419051,31858843,planet
1679.4095975996597,0.98775774,0.0013439977,31858843,planet
1679.4109864786442,0.98846334,0.0013436289,31858843,planet
1679.4123753580934,0.9868726,0.0013426511,31858843,planet
1679.4137642370765,0.9893056,0.0013458885,31858843,planet
1679.4151531160596,0.98690665,0.0013433236,31858843,planet
1679.4165419950432,0.9887584,0.0013419596,31858843,planet
1679.4179308744929,0.98708016,0.0013431922,31858843,planet
1679.4193197534764,0.9880044,0.0013436852,31858843,planet
1679.4207086324604,0.988226,0.0013434378,31858843,planet
1679.4220975114436,0.98737764,0.0013436163,31858843,planet
1679.4234863904264,0.9876153,0.0013427809,31858843,planet
1679.4248752698759,0.9855642,0.0013419113,31858843,planet
1679.4262641488594,0.9890444,0.0013438875,31858843,planet
1679.4276530278435,0.9864979,0.0013449464,31858843,planet
1679.429041906827,0.987995,0.001344416,31858843,planet
1679.4304307858101,0.9867883,0.0013435155,31858843,planet
1679.431819665259,0.98909557,0.0013429592,31858843,planet
1679.4332085442427,0.98808944,0.0013431556,31858843,planet
1679.4345974232265,0.98885435,0.0013438099,31858843,planet
1679.43598630221,0.99172944,0.001342643,31858843,planet
1679.437375181194,0.9860193,0.0013433013,31858843,planet
1679.4387640606428,0.9900165,0.0013444779,31858843,planet
1679.440152939626,0.9902475,0.0013452483,31858843,planet
1679.4415418186104,0.9856064,0.001343536,31858843,planet
1679.442930697594,0.98953927,0.0013453603,31858843,planet
1679.444319576577,0.987485,0.0013432958,31858843,planet
1679.4457084560263,0.9886022,0.0013438117,31858843,planet
1679.4470973350094,0.98841625,0.0013430171,31858843,planet
1679.4484862139925,0.99143225,0.0013452278,31858843,planet
1679.449875092977,0.9902727,0.0013435115,31858843,planet
1679.4512639719608,0.9888685,0.001344402,31858843,planet
1679.4526528509437,0.9928778,0.0013466829,31858843,planet
1679.4540417299277,0.99268275,0.0013471476,31858843,planet
1679.455430609377,0.9926642,0.0013470304,31858843,planet
1679.45681948836,0.99345016,0.0013456808,31858843,planet
1679.458208367344,0.99579877,0.0013479408,31858843,planet
1679.4595972463283,0.99689263,0.0013492462,31858843,planet
1679.4609861253111,0.9955057,0.0013487744,31858843,planet
1679.4623750042942,0.9978226,0.0013507527,31858843,planet
1679.4637638832783,0.99797195,0.0013495251,31858843,planet
1679.465152762727,1.0001957,0.0013494989,31858843,planet
1679.4665416417106,0.99703455,0.0013477057,31858843,planet
1679.467930520695,0.99744385,0.0013490351,31858843,planet
1679.4693193996782,0.998702,0.0013491297,31858843,planet
1679.4707082786613,0.99833214,0.0013482375,31858843,planet
1679.4720971576448,0.99980235,0.0013484111,31858843,planet
1679.4734860366289,0.9965012,0.0013478779,31858843,planet
1679.4748749156124,0.99806714,0.0013484921,31858843,planet
1679.4762637945964,0.99809057,0.0013507772,31858843,planet
1679.4776526735793,0.99712586,0.0013489592,31858843,planet
1679.4790415530279,0.99639785,0.0013481935,31858843,planet
1679.4804304320119,0.9977401,0.0013480529,31858843,planet
1679.4818193109954,1.0016779,0.001348909,31858843,planet
1679.4832081899795,0.99959415,0.001349832,31858843,planet
1679.484597068963,1.0002499,0.0013491106,31858843,planet
1679.4859859479461,0.99874663,0.0013485741,31858843,planet
1679.4873748269292,1.0000789,0.0013497898,31858843,planet
1679.4887637059128,1.0002619,0.0013505783,31858843,planet
1679.4901525848968,1.0004514,0.0013499428,31858843,planet
1679.4915414638804,0.9986568,0.0013485001,31858843,planet
1679.4929303428644,1.0014358,0.0013511045,31858843,planet
1679.4943192218473,1.0010422,0.0013485287,31858843,planet
1679.4957081008301,1.0000923,0.0013493113,31858843,planet
1679.4970969798142,1.001165,0.0013503006,31858843,planet
1679.4984858587986,0.99686986,0.0013482716,31858843,planet
1679.4998747377822,1.0020685,0.001350956,31858843,planet
1679.5012636167653,0.9975722,0.0013472002,31858843,planet
1679.5026524957493,0.9988839,0.0013482843,31858843,planet
1679.5040413747322,0.9992527,0.0013481565,31858843,planet
1679.5054302541816,1.0006069,0.0013487202,31858843,planet
1679.5068191331661,1.0005921,0.0013486232,31858843,planet
1679.5082080121492,0.9988529,0.0013483412,31858843,planet
1679.5095968911323,0.99849427,0.0013480731,31858843,planet
1679.510985770116,1.0001457,0.0013479143,31858843,planet
1679.512374649099,0.9986738,0.0013478736,31858843,planet
1679.5137635280826,0.9983414,0.0013493523,31858843,planet
1679.515152407067,1.0006293,0.0013487553,31858843,planet
1679.5165412860501,0.9989305,0.0013486703,31858843,planet
1679.5179301650332,0.9976507,0.0013447485,31858843,planet
1679.5193190440173,0.9989797,0.001349401,31858843,planet
1679.5207079225345,0.99987876,0.0013489765,31858843,planet
1679.5220968015183,0.9977056,0.00134688,31858843,planet
1679.5234856805027,1.0025007,0.0013490327,31858843,planet
1679.5248745594859,0.998525,0.0013499605,31858843,planet
1679.526263438469,1.0005851,0.001348835,31858843,planet
1679.5276523174525,1.0004876,0.0013474827,31858843,planet
1679.5290411964365,0.99994177,0.0013475679,31858843,planet
1679.53043007542,1.0024054,0.001350601,31858843,planet
1679.5318189544037,0.9975771,0.0013468959,31858843,planet
1679.5332078333868,0.9978506,0.0013481786,31858843,planet
1679.5345967123699,0.99858797,0.0013474146,31858843,planet
1679.535985591354,0.9997731,0.0013468254,31858843,planet
1679.5373744703375,0.9975833,0.0013460403,31858843,planet
1679.5387633493212,0.9974678,0.0013478348,31858843,planet
1679.540152228305,1.000831,0.0013474212,31858843,planet
1679.5415411072886,0.99941766,0.0013491178,31858843,planet
1679.5429299862717,0.9980133,0.0013473817,31858843,planet
1679.5443188652548,0.99768615,0.0013477737,31858843,planet
1679.5457077442393,0.9997512,0.0013469092,31858843,planet
1679.5470966232233,0.9994246,0.0013477883,31858843,planet
1679.5484855017405,0.99824,0.0013472006,31858843,planet
1679.5498743807243,0.9995204,0.0013490696,31858843,planet
1679.5512632597074,0.9965577,0.0013474668,31858843,planet
1679.5526521386905,0.9977182,0.0013469454,31858843,planet
1679.554041017675,0.99936974,0.0013484182,31858843,planet
1679.5554298966586,1.0005058,0.0013485147,31858843,planet
1679.5568187756417,1.0022817,0.001350238,31858843,planet
1679.5582076546252,0.9986907,0.001347883,31858843,planet
1679.5595965336083,1.0008363,0.0013460944,31858843,planet
1679.5609854125923,0.99687165,0.001346785,31858843,planet
1679.5623742911112,1.0001869,0.0013491432,31858843,planet
1679.5637631700943,0.99875975,0.0013472586,31858843,planet
1679.5651520490771,1.0007535,0.0013497794,31858843,planet
1679.566540928061,1.0009291,0.0013476338,31858843,planet
1679.567929807044,0.99725175,0.0013475904,31858843,planet
1679.5693186860276,1.0000099,0.001348288,31858843,planet
1679.570707565012,0.99862415,0.0013467871,31858843,planet
1679.5720964435295,0.999002,0.001348202,31858843,planet
1679.5734853225126,0.9989356,0.0013461822,31858843,planet
1679.5748742014964,0.9987495,0.0013479535,31858843,planet
1679.5762630804793,1.0028116,0.0013508602,31858843,planet
1679.5776519594633,0.99918985,0.001348912,31858843,planet
1679.5790408384478,0.99834085,0.0013487305,31858843,planet
1679.580429717431,0.9978233,0.0013477795,31858843,planet
1679.5818185959483,0.9991096,0.0013482756,31858843,planet
1679.583207474932,0.9992091,0.0013489531,31858843,planet
1679.5845963539155,0.9986199,0.0013471086,31858843,planet
1679.5859852328995,1.0004855,0.0013492003,31858843,planet
1679.587374111883,1.0005039,0.0013474309,31858843,planet
1679.5887629904014,1.0014611,0.0013496528,31858843,planet
1679.5901518693845,0.9994851,0.0013473699,31858843,planet
1679.5915407483676,0.9980214,0.0013466072,31858843,planet
1679.5929296273519,0.9999163,0.0013477666,31858843,planet
1679.5943185063356,1.0003684,0.0013494913,31858843,planet
1679.5957073853187,0.9957635,0.0013461153,31858843,planet
1679.5970962638366,0.9991063,0.0013462523,31858843,planet
1679.5984851428198,0.9982287,0.0013480223,31858843,planet
1679.5998740218029,0.998054,0.0013476149,31858843,planet
1679.6012629007873,0.99804854,0.0013475429,31858843,planet
1679.6026517793052,0.9983385,0.0013476732,31858843,planet
1679.6040406582883,1.0001208,0.0013472679,31858843,planet
1679.6054295372724,0.99911404,0.0013488963,31858843,planet
1679.6068184162555,0.9992649,0.0013483936,31858843,planet
1679.6082072952386,1.0017021,0.0013489263,31858843,planet
1679.6095961737574,0.99882954,0.0013472632,31858843,planet
1679.610985052741,0.99849874,0.0013469803,31858843,planet
1679.612373931724,1.0008253,0.0013491277,31858843,planet
1679.6137628107076,0.9991865,0.0013478266,31858843,planet
1679.615151689225,0.99943024,0.0013489444,31858843,planet
1679.6165405682082,0.9985847,0.0013481842,31858843,planet
1679.6179294471926,0.9992073,0.0013484458,31858843,planet
1679.6193183261764,0.9993734,0.0013476028,31858843,planet
1679.6207072046936,0.99957687,0.001348899,31858843,planet
1679.6220960836777,0.99834657,0.0013471962,31858843,planet
1679.6234849626608,0.9992549,0.0013486128,31858843,planet
1679.6248738416443,1.0012555,0.0013493906,31858843,planet
1679.6262627201631,0.9986039,0.0013485823,31858843,planet
1679.627651599147,0.99836284,0.0013470892,31858843,planet
1679.6290404781298,1.0003402,0.0013491579,31858843,planet
1679.6304293566473,0.9993965,0.0013485943,31858843,planet
1679.6318182356313,0.999946,0.0013489721,31858843,planet
1679.6332071146148,1.0003537,0.0013493613,31858843,planet
1679.6345959935989,0.99985564,0.0013479616,31858843,planet
1679.6359848721168,0.999778,0.0013492344,31858843,planet
1679.6373737510999,0.9999954,0.0013479239,31858843,planet
1679.638762630083,0.99738914,0.0013471504,31858843,planet
1679.6401515086009,0.9994886,0.0013465524,31858843,planet
1679.6415403875849,0.999582,0.0013483351,31858843,planet
1679.6429292665684,1.001118,0.0013485644,31858843,planet
1679.6443181450868,0.99997526,0.0013480652,31858843,planet
1679.6457070240697,1.0007054,0.0013491786,31858843,planet
1679.6470959030526,0.9999856,0.0013482216,31858843,planet
1679.648484781571,1.0030618,0.0013491007,31858843,planet
1679.6498736605545,1.0004563,0.0013474057,31858843,planet
1679.6512625395385,1.0019109,0.0013486074,31858843,planet
1679.6526514180564,1.0005988,0.0013496266,31858843,planet
1679.6540402970395,0.9999086,0.0013488504,31858843,planet
1679.6554291760226,0.999625,0.0013470011,31858843,planet
1679.6568180545414,1.0006365,0.0013482968,31858843,planet
1679.658206933525,0.99996924,0.0013489559,31858843,planet
1679.659595812508,0.9983682,0.0013475826,31858843,planet
1679.6609846910264,0.9998611,0.0013481232,31858843,planet
1679.6623735700093,0.99841046,0.0013478152,31858843,planet
1679.6637624489922,0.99805164,0.001346678,31858843,planet
1679.665151327511,1.0002469,0.0013487,31858843,planet
1679.6665402064955,1.0013995,0.0013498678,31858843,planet
1679.667929085013,0.99951845,0.0013486187,31858843,planet
1679.669317963996,0.9983641,0.0013474463,31858843,planet
1679.67070684298,1.0031587,0.0013499181,31858843,planet
1679.6720957214973,0.99904484,0.001348071,31858843,planet
1679.673484600481,0.99961585,0.0013477613,31858843,planet
1679.6748734794655,0.9981739,0.0013456331,31858843,planet
1679.676262357983,1.0013922,0.0013481132,31858843,planet
1679.677651236966,0.9991226,0.0013476405,31858843,planet
1679.679040115484,0.999474,0.0013469168,31858843,planet
1679.680428994468,1.0019488,0.0013494579,31858843,planet
1679.6818178734516,1.0010382,0.0013487308,31858843,planet
1679.6832067519695,1.0001767,0.0013475742,31858843,planet
1679.6845956309526,0.9982568,0.0013470459,31858843,planet
1679.68598450947,0.99872583,0.0013481311,31858843,planet
1679.687373388454,1.000236,0.0013488913,31858843,planet
1679.688762266972,1.0009291,0.0013481607,31858843,planet
1679.6901511459557,1.0008886,0.001348172,31858843,planet
1679.6915400249395,0.9983987,0.0013477993,31858843,planet
1679.692928903457,0.99819964,0.0013466766,31858843,planet
1679.69431778244,0.99838734,0.0013479573,31858843,planet
1679.695706660958,0.99854076,0.0013469199,31858843,planet
1679.697095539942,1.0005201,0.0013490256,31858843,planet
1679.6984844184599,1.0010661,0.0013491083,31858843,planet
1679.6998732974434,1.0003018,0.0013481014,31858843,planet
1679.701262175961,1.0007896,0.0013485177,31858843,planet
1679.702651054944,0.99928075,0.0013483546,31858843,planet
1679.704039933928,1.0003098,0.0013468827,31858843,planet
1679.705428812446,1.000366,0.0013485608,31858843,planet
1679.70681769143,0.9971049,0.0013461842,31858843,planet
1679.7082065699478,0.9987004,0.0013465811,31858843,planet
1679.7095954489314,1.0007185,0.0013480878,31858843,planet
1679.7109843274488,0.9994523,0.0013474612,31858843,planet
1679.7123732064329,1.0011816,0.0013487802,31858843,planet
1679.7137620849517,1.002969,0.0013500314,31858843,planet
1679.7151509639348,0.9986012,0.0013479999,31858843,planet
1679.716539842452,0.99939436,0.0013473727,31858843,planet
1679.7179287214358,0.9980297,0.001347027,31858843,planet
1679.7193175999532,0.9983089,0.0013485451,31858843,planet
1679.7207064789368,0.9996547,0.001348554,31858843,planet
1679.7220953574556,1.0007663,0.0013490076,31858843,planet
1679.7234842364387,1.0011499,0.0013474408,31858843,planet
1679.7248731149562,0.9990971,0.0013481755,31858843,planet
1679.7262619939397,0.9977454,0.0013465785,31858843,planet
1679.7276508724572,1.0001884,0.0013474061,31858843,planet
1679.7290397514412,0.9981257,0.0013472766,31858843,planet
1679.73042862996,0.99838364,0.0013478675,31858843,planet
1679.731817508943,0.9988573,0.0013475071,31858843,planet
1679.7332063874605,0.9996622,0.0013485996,31858843,planet
1679.734595266444,0.9991026,0.0013483287,31858843,planet
1679.7359841449615,1.0002475,0.0013489694,31858843,planet
1679.7373730234794,0.99939793,0.0013484409,31858843,planet
1679.738761902464,0.9997651,0.0013480923,31858843,planet
1679.7401507809814,0.99958676,0.0013483951,31858843,planet
1679.7415396599645,0.99950236,0.0013488216,31858843,planet
1679.7429285384826,1.0004617,0.001349112,31858843,planet
1679.7443174174664,0.99945647,0.0013487157,31858843,planet
1679.7457062959843,0.999681,0.0013487808,31858843,planet
1679.7470951749683,0.99847597,0.0013473772,31858843,planet
1679.7484840534858,0.9982418,0.0013474979,31858843,planet
1679.7498729320032,0.9976695,0.0013471941,31858843,planet
1679.7512618109868,0.9989944,0.0013474011,31858843,planet
1679.7526506895056,0.99961513,0.0013481209,31858843,planet
1679.7540395684891,1.0010521,0.0013477519,31858843,planet
1679.7554284470066,1.0017979,0.0013473917,31858843,planet
1679.7568173259906,0.9984929,0.0013469203,31858843,planet
1679.758206204508,1.000291,0.0013477681,31858843,planet
1679.7595950830255,1.0001693,0.0013491049,31858843,planet
1679.7609839620097,1.0032923,0.0013502428,31858843,planet
1679.7623728405279,1.0009422,0.001347919,31858843,planet
1679.763761719511,1.0002682,0.0013476848,31858843,planet
1679.7651505980289,0.99821603,0.0013468324,31858843,planet
1679.7665394765463,0.9997232,0.0013476665,31858843,planet
1679.7679283555294,0.99979705,0.0013479822,31858843,planet
1679.7693172340482,0.99972034,0.0013485034,31858843,planet
1679.770706113032,0.99842584,0.0013469425,31858843,planet
1679.7720949915492,0.9988453,0.0013480082,31858843,planet
1679.7734838700676,1.0004184,0.0013491279,31858843,planet
1679.7748727490507,1.0021296,0.0013502563,31858843,planet
1679.7762616275686,1.0002905,0.0013492588,31858843,planet
1679.7776505060874,1.0012178,0.0013481729,31858843,planet
1679.7790393850705,1.0015287,0.0013471612,31858843,planet
1679.780428263588,1.001111,0.0013485827,31858843,planet
1679.7818171421059,0.99876815,0.0013483316,31858843,planet
1679.783206021089,0.99944454,0.0013479555,31858843,planet
1679.7845948996073,0.9987445,0.0013480542,31858843,planet
1679.7859837785918,1.0003144,0.0013478282,31858843,planet
1679.787372657109,0.99956787,0.0013477304,31858843,planet
1679.7887615356262,0.9967516,0.0013469282,31858843,planet
1679.7901504146103,0.9994934,0.0013474664,31858843,planet
1679.7915392931277,1.0003625,0.0013472757,31858843,planet
1679.7929281716456,0.99908644,0.0013479019,31858843,planet
1679.79431705063,0.998369,0.0013475285,31858843,planet
1679.7957059291484,1.001248,0.0013486139,31858843,planet
1679.7970948076656,0.9998288,0.0013467363,31858843,planet
1679.7984836866485,0.99940485,0.0013472568,31858843,planet
1679.7998725651673,1.0007232,0.0013486817,31858843,planet
1679.8012614436857,0.9970604,0.0013469151,31858843,planet
1679.8026503222031,0.99651045,0.0013455052,31858843,planet
1679.8040392011867,1.0009545,0.0013491773,31858843,planet
1679.8054280797041,0.99927604,0.0013487426,31858843,planet
1679.8068169582216,1.0001049,0.0013473746,31858843,planet
1679.808205837206,1.0010748,0.0013487422,31858843,planet
1679.809594715724,0.9988273,0.001348482,31858843,planet
1679.8109835942414,0.99811894,0.0013481337,31858843,planet
1679.8123724727598,0.99854976,0.0013475354,31858843,planet
1679.8137613517426,1.000192,0.001348675,31858843,planet
1679.8151502302599,1.0004047,0.0013482878,31858843,planet
1679.8165391087787,0.99736786,0.0013480866,31858843,planet
1679.8179279877627,1.00188,0.0013491138,31858843,planet
1679.8193168662801,0.99906427,0.0013480893,31858843,planet
1679.820705744798,1.0005069,0.0013472155,31858843,planet
1679.8220946233155,1.0003866,0.0013485502,31858843,planet
1679.8234835022986,1.0004176,0.0013487363,31858843,planet
1679.8248723808174,1.0011618,0.0013486652,31858843,planet
1679.8262612593353,1.0000391,0.0013486887,31858843,planet
1679.8276501378527,0.9989884,0.0013483416,31858843,planet
1679.8290390168368,1.0015024,0.0013482614,31858843,planet
1679.8304278953542,0.9996543,0.0013472112,31858843,planet
1679.831816773872,0.9996099,0.0013469264,31858843,planet
1679.833205652391,1.0013752,0.0013482174,31858843,planet
1679.8345945313745,1.0022475,0.0013480594,31858843,planet
1679.835983409892,0.99955535,0.0013477926,31858843,planet
1679.8373722884094,0.99883914,0.0013468331,31858843,planet
1679.8387611669277,1.0013233,0.001348891,31858843,planet
1679.8401500459113,1.0015417,0.0013469622,31858843,planet
1679.8415389244292,0.99939317,0.0013473851,31858843,planet
1679.8429278029475,0.9997135,0.0013477469,31858843,planet
1679.844316681465,0.99906546,0.0013469213,31858843,planet
1679.8457055599824,1.0006392,0.0013475686,31858843,planet
1679.847094438966,1.0002092,0.0013485745,31858843,planet
1679.8484833174844,0.99874765,0.0013458488,31858843,planet
1679.8498721960023,1.0010166,0.0013466513,31858843,planet
1679.8512610745202,0.9993297,0.0013475176,31858843,planet
1679.8526499530376,1.0022568,0.001349056,31858843,planet
1679.8540388320207,0.99908584,0.001347539,31858843,planet
1679.855427710539,1.0006237,0.0013491359,31858843,planet
1679.856816589057,0.9994616,0.0013489724,31858843,planet
1679.858205467575,1.0020548,0.0013482763,31858843,planet
1679.8595943460932,0.998858,0.0013468147,31858843,planet
1679.8609832246107,0.9982661,0.001348201,31858843,planet
1679.8623721035938,0.99749386,0.0013479706,31858843,planet
1679.8637609821126,1.0008358,0.0013484509,31858843,planet
1679.8651498606305,1.0004063,0.0013480391,31858843,planet
1679.866538739148,0.9987263,0.0013475271,31858843,planet
1679.8679276176658,0.9987708,0.0013479362,31858843,planet
1679.8693164961833,0.99884564,0.0013472282,31858843,planet
1679.8707053751664,0.99903125,0.0013482161,31858843,planet
1679.8720942536852,0.99965084,0.0013478837,31858843,planet
1679.8734831322035,0.99878865,0.001347291,31858843,planet
1679.874872010721,1.0002633,0.0013490227,31858843,planet
1679.876260889239,1.0025539,0.001348881,31858843,planet
1679.8776497677568,1.0015519,0.0013486387,31858843,planet
1679.8790386462742,0.99782586,0.0013479433,31858843,planet
1679.8804275247926,1.000716,0.0013471293,31858843,planet
1679.881816403777,0.99992514,0.0013483423,31858843,planet
1679.8832052822945,0.99903655,0.0013473222,31858843,planet
1679.8845941608117,0.998799,0.0013482487,31858843,planet
1679.8859830393299,1.0012252,0.0013489629,31858843,planet
1679.8873719178473,0.99878615,0.0013477372,31858843,planet
1679.8887607963652,0.99980164,0.001348404,31858843,planet
1679.890149674884,0.99805564,0.0013468578,31858843,planet
1679.8915385534015,0.9988363,0.0013479361,31858843,planet
1679.892927431919,0.9991682,0.0013478217,31858843,planet
1679.8943163109025,0.99990714,0.0013493381,31858843,planet
1679.8957051894208,1.0009,0.0013478491,31858843,planet
1679.8970940679387,0.99834627,0.0013475674,31858843,planet
1679.898482946457,0.9999549,0.001347952,31858843,planet
1679.8998718249745,1.0003142,0.0013473268,31858843,planet
1679.901260703492,0.99829,0.0013476305,31858843,planet
1679.9026495820099,1.0001309,0.0013475927,31858843,planet
1679.9040384605278,1.0006484,0.0013472902,31858843,planet
1679.9054273390461,0.9982467,0.0013470027,31858843,planet
1679.906816217564,1.0008769,0.0013487779,31858843,planet
1679.9082050960815,1.0001342,0.0013479119,31858843,planet
1679.909593974599,0.9978698,0.0013473739,31858843,planet
1679.910982853117,0.9998849,0.0013481207,31858843,planet
1679.9123717321008,0.99908435,0.0013476246,31858843,planet
1679.9137606106187,0.9970783,0.0013468183,31858843,planet
1679.915149489137,1.0004277,0.0013487579,31858843,planet
1679.916538367655,1.0012115,0.001348887,31858843,planet
1679.9179272461724,0.999775,0.0013478013,31858843,planet
1679.9193161246899,0.99974287,0.0013490479,31858843,planet
1679.9207050032087,0.99964535,0.0013472732,31858843,planet
1679.9220938817266,1.0000829,0.0013486486,31858843,planet
1679.923482760244,0.99867254,0.0013477863,31858843,planet
1679.9248716387624,0.9999098,0.0013488263,31858843,planet
1679.9262605172798,0.99852484,0.0013478058,31858843,planet
1679.9276493957977,0.9996929,0.0013480218,31858843,planet
1679.9290382743166,0.9993536,0.0013481955,31858843,planet
1679.930427152834,0.9995732,0.0013482461,31858843,planet
1679.9318160313514,0.99722505,0.0013469304,31858843,planet
1679.9332049098693,0.99926865,0.0013483771,31858843,planet
1679.9345937883868,0.99720913,0.0013473127,31858843,planet
1679.9359826669051,0.998883,0.0013478375,31858843,planet
1679.937371545424,0.9996187,0.0013492042,31858843,planet
1679.9387604239412,1.0013958,0.0013488303,31858843,planet
1679.9401493024584,0.99965626,0.0013489088,31858843,planet
1679.9415381809767,1.001172,0.001348759,31858843,planet
1679.9429270594942,1.0005146,0.0013485451,31858843,planet
1679.944315938012,0.99751514,0.0013472867,31858843,planet
1679.945704816531,0.9989563,0.0013475184,31858843,planet
1679.9470936950484,0.99905086,0.001347958,31858843,planet
1679.9484825735658,0.9984638,0.0013478477,31858843,planet
1679.9498714520837,0.99841946,0.0013470203,31858843,planet
1679.951260330602,0.9991588,0.001347276,31858843,planet
1679.95264920912,1.0008243,0.0013491869,31858843,planet
1679.9540380876383,0.9970377,0.00134653,31858843,planet
1679.9554269661555,0.9992494,0.0013468773,31858843,planet
1679.9568158446727,1.0012105,0.0013477681,31858843,planet
1679.958204723191,0.995492,0.0013463604,31858843,planet
1679.9595936012443,0.9996541,0.001349331,31858843,planet
1679.9609824797622,0.9978046,0.0013469955,31858843,planet
1679.9623713582796,0.9993932,0.0013475801,31858843,planet
1679.963760236798,0.99805826,0.0013467795,31858843,planet
1679.9651491153152,1.0000869,0.0013468531,31858843,planet
1679.9665379938324,0.9975992,0.0013474153,31858843,planet
1679.9679268723512,0.99988693,0.0013480154,31858843,planet
1679.9693157508696,0.9979082,0.0013477419,31858843,planet
1679.970704629387,1.000753,0.0013481642,31858843,planet
1679.972093507905,0.9980925,0.0013479056,31858843,planet
1679.9734823864223,0.9999973,0.0013477434,31858843,planet
1679.9748712649398,0.9982695,0.001346646,31858843,planet
1679.9762601434586,0.99863756,0.0013479603,31858843,planet
1679.9776490215108,0.9989723,0.001348206,31858843,planet
1679.9790379000283,0.9975028,0.0013471607,31858843,planet
1679.9804267785466,0.99704367,0.0013466704,31858843,planet
1679.9818156570639,1.0011276,0.0013490845,31858843,planet
1679.983204535582,1.0005628,0.0013476958,31858843,planet
1679.9845934141008,0.9998239,0.0013493489,31858843,planet
1679.9859822926182,0.9998389,0.0013480869,31858843,planet
1679.9873711711357,0.9995838,0.0013481866,31858843,planet
1679.9887600496536,1.000199,0.0013468366,31858843,planet
1679.990148928171,0.9994387,0.0013485572,31858843,planet
1679.9915378062233,0.9986801,0.0013487395,31858843,planet
1679.992926684742,0.9987163,0.0013479774,31858843,planet
1679.9943155632595,0.9983713,0.0013483057,31858843,planet
1679.995704441777,0.99888563,0.001348754,31858843,planet
1679.9970933202953,0.99936974,0.0013482665,31858843,planet
1679.9984821988132,0.9994962,0.0013484836,31858843,planet
1679.9998710773314,1.0015551,0.0013476751,31858843,planet
1680.0012599553838,1.0005598,0.0013479121,31858843,planet
1680.0026488339017,0.9971337,0.0013472599,31858843,planet
1680.0040377124192,0.99818057,0.0013469834,31858843,planet
1680.0054265909366,0.9980857,0.0013474459,31858843,planet
1680.006815469455,1.0008233,0.0013487308,31858843,planet
1680.0082043479729,1.0005432,0.0013484173,31858843,planet
1680.0095932260253,0.99693215,0.0013473043,31858843,planet
1680.0109821045435,1.001122,0.0013490269,31858843,planet
1680.012370983061,1.0022001,0.0013487004,31858843,planet
1680.0137598615784,0.99976444,0.0013483684,31858843,planet
1680.0151487400972,1.0013615,0.001349561,31858843,planet
1680.016537618615,0.99707973,0.0013457822,31858843,planet
1680.0179264966669,1.0002751,0.0013467118,31858843,planet
1680.0193153751848,0.9965812,0.0013464426,31858843,planet
1680.0207042537022,0.9976588,0.0013474614,31858843,planet
1680.0220931322197,0.9973869,0.0013467756,31858843,planet
1680.0234820107385,1.0002685,0.0013482886,31858843,planet
1680.0248708887912,0.9994823,0.0013474982,31858843,planet
1680.0262597673084,0.9982861,0.0013472349,31858843,planet
1680.0276486458265,0.99793124,0.0013477824,31858843,planet
1680.029037524344,0.9987103,0.0013466506,31858843,planet
1680.0304264028614,0.9973373,0.0013473314,31858843,planet
1680.0318152809145,0.99990106,0.0013480522,31858843,planet
1680.0332041594324,0.9995737,0.0013485438,31858843,planet
1680.03459303795,0.99948156,0.0013484395,31858843,planet
1680.035981916468,1.0014576,0.0013480688,31858843,planet
1680.0373707949852,1.0001028,0.0013493883,31858843,planet
1680.038759673037,1.0001947,0.0013474366,31858843,planet
1680.0401485515558,0.9996741,0.0013480064,31858843,planet
1680.0415374300746,1.0014193,0.0013463751,31858843,planet
1680.042926308592,0.9999306,0.0013476184,31858843,planet
1680.0443151866439,1.0008016,0.0013484244,31858843,planet
1680.0457040651618,1.002091,0.0013469241,31858843,planet
1680.0470929436801,0.9987022,0.0013476803,31858843,planet
1680.048481822198,0.99870056,0.0013473346,31858843,planet
1680.0498707002507,0.9989582,0.0013478153,31858843,planet
1680.0512595787682,1.000103,0.0013486346,31858843,planet
1680.0526484572854,0.9989598,0.0013482982,31858843,planet
1680.0540373358035,0.9989252,0.0013472121,31858843,planet
1680.0554262138558,1.0003127,0.0013493316,31858843,planet
1680.056815092374,0.99931973,0.0013485192,31858843,planet
1680.058203970892,0.99745214,0.0013473688,31858843,planet
1680.0595928489438,1.0002404,0.0013482809,31858843,planet
1680.0609817274612,0.9994602,0.001348835,31858843,planet
1680.0623706059794,1.0003455,0.0013470014,31858843,planet
1680.0637594844975,0.9988297,0.00134807,31858843,planet
1680.0651483625497,1.0004364,0.0013480359,31858843,planet
1680.066537241068,0.99763024,0.0013481488,31858843,planet
1680.0679261195855,0.9972179,0.0013473752,31858843,planet
1680.0693149976373,0.99744475,0.001347813,31858843,planet
1680.070703876156,1.0007814,0.0013485375,31858843,planet
1680.072092754674,0.9964513,0.0013459302,31858843,planet
1680.0734816331915,0.9997694,0.0013470397,31858843,planet
1680.0748705112437,0.9974488,0.0013473077,31858843,planet
1680.0762593897612,0.99910384,0.0013466239,31858843,planet
1680.0776482682786,1.0005816,0.0013484291,31858843,planet
1680.0790371463318,0.99886763,0.0013476582,31858843,planet
1680.0804260248506,0.9983387,0.0013477099,31858843,planet
1680.081814903368,1.0008672,0.0013494544,31858843,planet
1680.0832037814198,0.9994828,0.0013465396,31858843,planet
1680.0845926599377,1.0054855,0.001350559,31858843,planet
1680.0859815384551,0.99915606,0.0013486509,31858843,planet
1680.0873704165078,0.9989776,0.0013485881,31858843,planet
1680.0887592950264,0.9994041,0.0013491376,31858843,planet
1680.0901481735436,0.9996162,0.0013471295,31858843,planet
1680.0915370515954,0.99981946,0.0013478384,31858843,planet
1680.0929259301138,1.0007126,0.001348536,31858843,planet
1680.0943148086312,1.0018342,0.0013483014,31858843,planet
1680.0957036866835,0.9990298,0.001347761,31858843,planet
1680.0970925652023,0.99871767,0.0013471667,31858843,planet
1680.0984814437197,1.0000653,0.0013480176,31858843,planet
1680.0998703217715,0.9982332,0.0013484544,31858843,planet
1680.1012592002894,0.99840945,0.001348156,31858843,planet
1680.102648078342,0.99755853,0.0013463733,31858843,planet
1680.10403695686,0.99983567,0.001347381,31858843,planet
1680.1054258353784,1.0006956,0.0013489004,31858843,planet
1680.10681471343,0.99859,0.0013476457,31858843,planet
1680.1082035919471,0.9990883,0.0013478297,31858843,planet
1680.1095924704655,0.9983082,0.0013481054,31858843,planet
1680.1109813485177,0.9974996,0.0013473091,31858843,planet
1680.112370227036,0.99834096,0.0013487687,31858843,planet
1680.1137591050883,1.0008824,0.0013483764,31858843,planet
1680.1151479836058,0.9979565,0.0013468765,31858843,planet
1680.1165368621232,0.9970461,0.0013476455,31858843,planet
1680.1179257401755,0.9984006,0.0013474015,31858843,planet
1680.1193146186938,0.9993395,0.0013481271,31858843,planet
1680.120703496746,0.99840397,0.001347247,31858843,planet
1680.1220923752644,1.0005025,0.0013482091,31858843,planet
1680.1234812533166,0.9986406,0.0013466604,31858843,planet
1680.124870131834,1.0008476,0.0013479625,31858843,planet
1680.1262590103515,1.0010089,0.0013494536,31858843,planet
1680.1276478884047,0.9990951,0.001348238,31858843,planet
1680.1290367669226,0.9990164,0.0013475812,31858843,planet
1680.1304256449744,0.9998959,0.0013481317,31858843,planet
1680.1318145234927,0.99765086,0.0013472144,31858843,planet
1680.1332034015443,0.99973166,0.0013480098,31858843,planet
1680.1345922800624,0.9990642,0.0013472554,31858843,planet
1680.1359811585812,0.9993104,0.0013481562,31858843,planet
1680.137370036633,1.0001196,0.0013473893,31858843,planet
1680.1387589151504,1.0018147,0.0013493863,31858843,planet
1680.1401477932027,1.0003424,0.0013483164,31858843,planet
1680.1415366717201,0.9988492,0.0013476461,31858843,planet
1680.1429255497724,0.99953544,0.0013475342,31858843,planet
1680.1443144282912,1.000774,0.0013488869,31858843,planet
1680.145703306343,0.9997625,0.0013483216,31858843,planet
1680.1470921848604,0.9982073,0.0013472383,31858843,planet
1680.148481062913,1.0001258,0.0013479769,31858843,planet
1680.1498699414303,1.0012462,0.0013486085,31858843,planet
1680.1512588199485,1.0000027,0.0013473465,31858843,planet
1680.1526476980016,1.0011362,0.0013485643,31858843,planet
1680.154036576519,0.9981605,0.0013464221,31858843,planet
1680.1554254545708,0.9992955,0.0013476287,31858843,planet
1680.1568143330887,0.9979974,0.0013470309,31858843,planet
1680.1582032111405,1.0018015,0.0013485189,31858843,planet
1680.1595920896586,0.9980897,0.001346032,31858843,planet
1680.1609809677116,0.99786913,0.0013468524,31858843,planet
1680.16236984623,0.999481,0.0013473992,31858843,planet
1680.1637587242817,1.0006796,0.0013490543,31858843,planet
1680.1651476027992,0.99976075,0.0013489081,31858843,planet
1680.1665364808523,0.99945384,0.0013480423,31858843,planet
1680.1679253593702,1.0018139,0.0013474525,31858843,planet
1680.169314237422,0.99942476,0.0013466732,31858843,planet
1680.17070311594,1.0004892,0.0013468312,31858843,planet
1680.1720919939917,1.0003346,0.0013484689,31858843,planet
1680.1734808725091,0.9999074,0.0013474674,31858843,planet
1680.1748697505623,1.0005765,0.0013474582,31858843,planet
1680.176258628615,0.99846447,0.0013454983,31858843,planet
1680.1776475071322,1.0006458,0.0013482479,31858843,planet
1680.1790363851846,1.0006226,0.0013487396,31858843,planet
1680.180425263702,1.0008814,0.0013485032,31858843,planet
1680.1818141417539,0.9990976,0.0013478261,31858843,planet
1680.1832030202727,1.0012312,0.0013490567,31858843,planet
1680.184591898325,0.99825275,0.0013469362,31858843,planet
1680.1859807768424,0.99826866,0.0013482246,31858843,planet
1680.1873696548946,1.0006746,0.0013489117,31858843,planet
1680.188758533412,0.99939686,0.0013475644,31858843,planet
1680.1901474114638,0.9985146,0.0013477418,31858843,planet
1680.191536289517,1.0003746,0.0013481054,31858843,planet
1680.1929251680353,1.0001789,0.0013477028,31858843,planet
1680.194314046087,1.000876,0.0013487329,31858843,planet
1680.195702924605,0.9996841,0.0013484798,31858843,planet
1680.1970918026568,0.99948823,0.0013476358,31858843,planet
1680.1984806811747,0.9992082,0.0013485715,31858843,planet
1680.1998695592279,0.9995207,0.0013477219,31858843,planet
1680.2012584372796,0.9976246,0.0013472596,31858843,planet
1680.202647315797,1.0018444,0.0013497027,31858843,planet
1680.2040361938496,1.000185,0.0013485869,31858843,planet
1680.2054250723677,1.0017738,0.001348371,31858843,planet
1680.20681395042,0.997495,0.0013474404,31858843,planet
1680.2082028284726,1.0001699,0.0013477344,31858843,planet
1680.2095917069905,1.0010412,0.001348697,31858843,planet
1680.2109805850423,0.9989381,0.0013473899,31858843,planet
1680.2123694635598,1.0000126,0.0013481429,31858843,planet
1680.213758341612,0.99946547,0.001348099,31858843,planet
1680.2151472196647,0.9986576,0.0013480912,31858843,planet
1680.2165360981826,0.9991081,0.0013477154,31858843,planet
1680.2179249762353,1.0007023,0.0013490076,31858843,planet
1680.2193138547527,1.0012624,0.0013488561,31858843,planet
1680.2207027328043,0.9998171,0.0013489064,31858843,planet
1680.2220916108572,1.0007272,0.0013487388,31858843,planet
1680.2234804893756,1.0004683,0.0013476249,31858843,planet
1680.2248693674273,1.0012496,0.0013489226,31858843,planet
1680.2262582454796,1.000091,0.0013481894,31858843,planet
1680.227647123997,1.0005249,0.0013486547,31858843,planet
1680.2290360020488,1.0025047,0.0013497996,31858843,planet
1680.230424880102,0.9985349,0.0013477801,31858843,planet
1680.2318137586199,1.0001912,0.0013482916,31858843,planet
1680.2332026366716,0.9994535,0.0013477133,31858843,planet
1680.23459151519,0.99937415,0.0013484154,31858843,planet
1680.2359803932418,0.9998751,0.0013472314,31858843,planet
1680.2373692712936,1.0008667,0.0013488203,31858843,planet
1680.2387581498124,1.0017633,0.0013489841,31858843,planet
1680.2401470278646,0.9993177,0.0013483759,31858843,planet
1680.2415359059164,0.99898463,0.0013465218,31858843,planet
1680.2429247844343,0.9975668,0.0013471176,31858843,planet
1680.244313662487,0.9987828,0.0013467559,31858843,planet
1680.2457025405388,1.0006518,0.001349366,31858843,planet
1680.247091418591,0.9983096,0.0013477702,31858843,planet
1680.2484802971098,0.99900633,0.0013470489,31858843,planet
1680.2498691751616,1.0000111,0.0013482508,31858843,planet
1680.2512580532134,1.0008574,0.0013480023,31858843,planet
1680.2526469317313,1.0005735,0.0013466039,31858843,planet
1680.254035809784,1.0001403,0.0013470731,31858843,planet
1680.2554246878362,1.0002512,0.0013483753,31858843,planet
1680.2568135663544,0.9990475,0.0013473227,31858843,planet
1680.258202444406,0.9991493,0.0013477253,31858843,planet
1680.2595913224577,0.9997738,0.0013477319,31858843,planet
1680.260980200976,1.0000719,0.0013485139,31858843,planet
1680.2623690790283,1.000464,0.0013475748,31858843,planet
1680.263757957081,1.0016308,0.0013491372,31858843,planet
1680.2651468351332,0.99900955,0.0013472408,31858843,planet
1680.2665357136507,0.9996667,0.0013478224,31858843,planet
1680.2679245917025,0.9990953,0.0013490316,31858843,planet
1680.2693134697547,0.9999106,0.001347728,31858843,planet
1680.2707023478074,0.99927324,0.0013476515,31858843,planet
1680.2720912263253,0.9982071,0.0013471087,31858843,planet
1680.273480104378,1.003052,0.0013491868,31858843,planet
1680.2748689824296,1.0016532,0.0013486228,31858843,planet
1680.276257860481,0.99866384,0.001347532,31858843,planet
1680.2776467389995,1.0002604,0.0013484932,31858843,planet
1680.2790356170517,0.9984965,0.0013483528,31858843,planet
1680.2804244951044,0.99933726,0.0013485543,31858843,planet
1680.2818133731566,1.0007862,0.0013477849,31858843,planet
1680.2832022516748,0.9970388,0.0013463793,31858843,planet
1680.2845911297263,0.99782217,0.0013475209,31858843,planet
1680.285980007779,1.0018305,0.001348721,31858843,planet
1680.2873688858322,1.0004514,0.0013485065,31858843,planet
1680.2887577643496,0.9986189,0.0013480746,31858843,planet
1680.2901466424014,1.0001478,0.0013486448,31858843,planet
1680.2915355204536,0.9997506,0.0013486965,31858843,planet
1680.2929243985054,1.0016685,0.0013496239,31858843,planet
1680.2943132770233,0.9989478,0.0013473504,31858843,planet
1680.2957021550765,0.99865353,0.0013483918,31858843,planet
1680.2970910331283,1.0011702,0.0013481365,31858843,planet
1680.29847991118,0.9971623,0.001347548,31858843,planet
1680.2998687892327,1.0022032,0.0013493524,31858843,planet
1680.30125766775,1.0007356,0.0013484673,31858843,planet
1680.3026465458024,1.0004492,0.0013488029,31858843,planet
1680.3040354238556,1.0004556,0.00134816,31858843,planet
1680.3054243019074,0.9996955,0.0013484485,31858843,planet
1680.3068131799591,0.99976,0.00134905,31858843,planet
1680.308202058477,0.99750245,0.0013473933,31858843,planet
1680.3095909365288,0.99987555,0.0013486954,31858843,planet
1680.310979814581,0.99895376,0.0013474777,31858843,planet
1680.3123686926342,0.99922764,0.001348287,31858843,planet
1680.313757570686,0.99785745,0.0013478579,31858843,planet
1680.3151464492034,0.99932694,0.0013472572,31858843,planet
1680.3165353272561,0.9991342,0.0013479625,31858843,planet
1680.3179242053084,0.99999416,0.0013486947,31858843,planet
1680.3193130833608,0.9982453,0.001347304,31858843,planet
1680.3207019614133,1.0004083,0.00134816,31858843,planet
1680.3220908394655,0.99864763,0.0013481195,31858843,planet
1680.323479717983,1.0009965,0.0013474437,31858843,planet
1680.3248685960348,0.99624753,0.001346951,31858843,planet
1680.326257474088,0.99973166,0.0013479828,31858843,planet
1680.3276463521404,1.000467,0.0013481932,31858843,planet
1680.329035230192,0.9994758,0.0013476254,31858843,planet
1680.3304241082446,0.99948823,0.0013469383,31858843,planet
1680.3318129862964,0.99703366,0.0013470984,31858843,planet
1680.3332018648139,0.9997182,0.0013479003,31858843,planet
1680.334590742867,1.0004121,0.0013477298,31858843,planet
1680.3359796209193,0.99913675,0.0013481315,31858843,planet
1680.337368498971,0.99844855,0.0013474877,31858843,planet
1680.3387573770233,0.99970096,0.0013483864,31858843,planet
1680.340146255075,0.9989495,0.0013472064,31858843,planet
1680.3415351331278,1.0014355,0.0013492275,31858843,planet
1680.342924011181,0.99850017,0.0013476444,31858843,planet
1680.3443128896984,0.99820656,0.0013475337,31858843,planet
1680.34570176775,0.9994006,0.001347802,31858843,planet
1680.3470906458024,0.9984803,0.0013469264,31858843,planet
1680.3484795238542,0.99866104,0.0013471054,31858843,planet
1680.3498684019064,1.0019689,0.0013483898,31858843,planet
1680.3512572799596,0.9991035,0.001347157,31858843,planet
1680.3526461580113,0.9990507,0.0013461828,31858843,planet
1680.3540350360631,0.9989291,0.001348301,31858843,planet
1680.3554239141154,0.99872667,0.0013478377,31858843,planet
1680.3568127921671,0.9991819,0.00134741,31858843,planet
1680.3582016706855,0.9997473,0.0013486362,31858843,planet
1680.3595905487387,1.0003,0.0013485972,31858843,planet
1680.3609794267904,0.9988273,0.0013476865,31858843,planet
1680.3623683048422,0.9998047,0.0013477829,31858843,planet
1680.3637571828945,0.9981889,0.0013469005,31858843,planet
1680.3651460609467,0.9995806,0.0013470212,31858843,planet
1680.3665349389994,0.9980549,0.0013482128,31858843,planet
1680.3679238170516,1.0009887,0.0013484431,31858843,planet
1680.3693126951043,0.9979953,0.0013472553,31858843,planet
1680.370701573156,1.0005122,0.0013482944,31858843,planet
1680.3720904512077,0.9986087,0.0013480347,31858843,planet
1680.3734793292606,0.9983738,0.0013478773,31858843,planet
1680.3748682073133,1.0018966,0.0013485112,31858843,planet
1680.376257085365,0.9986284,0.0013470984,31858843,planet
1680.3776459634173,0.9997544,0.0013477233,31858843,planet
1680.3790348419348,0.99954814,0.0013477358,31858843,planet
1680.3804237199865,0.9987939,0.0013477962,31858843,planet
1680.3818125980397,1.0011132,0.0013491282,31858843,planet
1680.383201476092,0.99776393,0.0013474107,31858843,planet
1680.3845903541437,0.9998334,0.0013474701,31858843,planet
1680.3859792321964,0.99950683,0.0013485448,31858843,planet
1680.3873681102482,0.9997212,0.0013473621,31858843,planet
1680.3887569883,0.9987498,0.0013477576,31858843,planet
1680.390145866353,0.9974615,0.001347265,31858843,planet
1680.3915347444054,1.0001003,0.0013484341,31858843,planet
1680.3929236224571,0.9991658,0.0013471985,31858843,planet
1680.3943125005094,1.000075,0.001347578,31858843,planet
1680.3957013785612,0.9980876,0.0013469391,31858843,planet
1680.397090256613,1.0014215,0.0013487866,31858843,planet
1680.398479134666,0.99851596,0.0013471534,31858843,planet
1680.3998680127183,0.9979948,0.0013471548,31858843,planet
1680.4012568907701,0.99768245,0.0013463977,31858843,planet
1680.4026457688228,1.0018951,0.0013483538,31858843,planet
1680.404034646875,0.99963385,0.0013482167,31858843,planet
1680.4054235249278,1.0009947,0.001347738,31858843,planet
1680.40681240298,0.99808776,0.0013470072,31858843,planet
1680.4082012810325,1.0001414,0.001347528,31858843,planet
1680.409590159084,0.99651206,0.001346718,31858843,planet
1680.4109790371358,0.99975806,0.0013473098,31858843,planet
1680.4123679151885,0.9999909,0.0013480252,31858843,planet
1680.4137567932407,1.0001607,0.0013473307,31858843,planet
1680.4151456712934,0.9997412,0.0013480587,31858843,planet
1680.4165345493457,0.9964832,0.0013459495,31858843,planet
1680.4179234273975,0.99981266,0.0013478921,31858843,planet
1680.4193123054492,1.0001056,0.0013475996,31858843,planet
1680.4207011835015,0.9991818,0.0013483138,31858843,planet
1680.4220900610885,0.9997344,0.0013477106,31858843,planet
1680.4234789391408,0.99759054,0.0013463696,31858843,planet
1680.4248678171934,1.0007803,0.0013483925,31858843,planet
1680.426256695245,1.0012413,0.0013491949,31858843,planet
1680.4276455732966,0.99936295,0.0013475284,31858843,planet
1680.4290344513493,1.0007828,0.001348885,31858843,planet
1680.4304233294015,0.9989773,0.0013472595,31858843,planet
1680.4318122074542,1.002425,0.0013485034,31858843,planet
1680.4332010855064,0.9996347,0.0013480562,31858843,planet
1680.4345899635582,0.9997295,0.001348348,31858843,planet
1680.43597884161,0.99942386,0.00134682,31858843,planet
1680.4373677196631,0.99994457,0.0013484865,31858843,planet
1680.4387565977154,1.0009981,0.0013489432,31858843,planet
1680.4401454757672,0.99789965,0.001346735,31858843,planet
1680.4415343538199,1.0011865,0.0013485677,31858843,planet
1680.4429232314064,0.9995571,0.001347864,31858843,planet
1680.4443121094582,0.9989741,0.0013469092,31858843,planet
1680.4457009875105,1.0005903,0.0013485368,31858843,planet
1680.4470898655636,0.9985538,0.0013483114,31858843,planet
1680.4484787436154,0.9996132,0.0013472256,31858843,planet
1680.4498676216672,1.0014699,0.0013488481,31858843,planet
1680.4512564997199,1.0011172,0.0013486417,31858843,planet
1680.4526453777714,0.9987578,0.0013479437,31858843,planet
1680.454034255824,1.0009832,0.0013480077,31858843,planet
1680.455423133877,0.99957705,0.0013477639,31858843,planet
1680.4568120114632,0.997528,0.0013469753,31858843,planet
1680.458200889515,0.99787176,0.0013470551,31858843,planet
1680.4595897675672,1.0004466,0.001348161,31858843,planet
1680.460978645619,0.9968049,0.0013463083,31858843,planet
1680.4623675236712,1.0003556,0.00134778,31858843,planet
1680.4637564017244,1.0000765,0.0013484441,31858843,planet
1680.4651452797762,0.99952865,0.001348076,31858843,planet
1680.466534157828,0.9996921,0.0013476481,31858843,planet
1680.467923035415,0.99831414,0.001347525,31858843,planet
1680.4693119134672,1.00143,0.0013495104,31858843,planet
1680.4707007915194,0.99656606,0.0013462426,31858843,planet
1680.4720896695721,0.9987317,0.0013472916,31858843,planet
1680.473478547624,0.99928963,0.0013473651,31858843,planet
1680.4748674256757,1.0002728,0.0013479084,31858843,planet
1680.476256303728,1.0007687,0.0013486735,31858843,planet
1680.477645181315,0.99980974,0.0013482233,31858843,planet
1680.4790340593672,0.99858147,0.0013468307,31858843,planet
1680.4804229374195,0.9988,0.0013467816,31858843,planet
1680.4818118154722,0.99767745,0.0013469587,31858843,planet
1680.483200693524,0.998231,0.001347449,31858843,planet
1680.4845895715757,0.9994216,0.0013475616,31858843,planet
1680.4859784491632,0.9992677,0.0013478589,31858843,planet
1680.4873673272155,0.99824584,0.0013470711,31858843,planet
1680.4887562052672,1.0002322,0.0013474266,31858843,planet
1680.4901450833195,0.9997316,0.0013476982,31858843,planet
1680.4915339613713,0.9975242,0.0013478415,31858843,planet
1680.492922839424,0.9988282,0.0013474642,31858843,planet
1680.4943117170114,1.0005962,0.0013484274,31858843,planet
1680.495700595063,1.0015537,0.0013488481,31858843,planet
1680.4970894731146,0.999555,0.0013481051,31858843,planet
1680.4984783511673,0.99945736,0.0013470893,31858843,planet
1680.499867229219,0.99994165,0.0013483583,31858843,planet
1680.5012561068056,1.0001847,0.0013479013,31858843,planet
1680.5026449848588,0.99878037,0.0013467547,31858843,planet
1680.5040338629105,0.99978584,0.0013487858,31858843,planet
1680.5054227409623,0.99886614,0.0013481735,31858843,planet
1680.5068116190146,0.9996829,0.0013476715,31858843,planet
1680.5082004966007,1.0021995,0.0013484069,31858843,planet
1680.5095893746534,0.99925274,0.001347563,31858843,planet
1680.5109782527065,0.99997675,0.0013477914,31858843,planet
1680.5123671307583,1.0008347,0.0013490845,31858843,planet
1680.5137560083442,0.9996827,0.0013482816,31858843,planet
1680.5151448863967,0.99955094,0.0013486748,31858843,planet
1680.5165337644485,0.9991638,0.0013466869,31858843,planet
1680.5179226425007,0.99791884,0.0013469587,31858843,planet
1680.5193115200882,1.0000663,0.001348175,31858843,planet
1680.520700398141,1.0002427,0.0013482545,31858843,planet
1680.5220892761924,1.0003566,0.0013481267,31858843,planet
1680.523478154244,0.9998467,0.0013481214,31858843,planet
1680.5248670318315,0.9999049,0.0013473859,31858843,planet
1680.5262559098842,0.9989108,0.0013479432,31858843,planet
1680.527644787936,1.0012621,0.0013485784,31858843,planet
1680.5290336659882,0.99898237,0.0013477477,31858843,planet
1680.5304225435743,1.0007098,0.0013486096,31858843,planet
1680.5318114216261,1.0001684,0.001348446,31858843,planet
1680.5332002996793,0.9982797,0.001347716,31858843,planet
1680.5345891777315,0.999919,0.0013472841,31858843,planet
1680.5359780553176,0.9987541,0.001347067,31858843,planet
1680.5373669333703,0.99936235,0.0013481344,31858843,planet
1680.538755811422,0.9991779,0.0013466892,31858843,planet
1680.5401446894737,1.0014088,0.0013492197,31858843,planet
1680.541533567061,0.9967523,0.0013465112,31858843,planet
1680.5429224451136,1.0020677,0.0013492542,31858843,planet
1680.5443113231654,0.9994946,0.0013478986,31858843,planet
1680.545700200752,0.99913746,0.0013470942,31858843,planet
1680.5470890788038,1.0018884,0.0013491558,31858843,planet
1680.5484779568555,1.0016208,0.0013482841,31858843,planet
1680.549866834443,0.9986547,0.0013470046,31858843,planet
1680.5512557124953,0.99959415,0.0013468382,31858843,planet
1680.552644590547,0.9994904,0.0013477887,31858843,planet
1680.5540334685998,1.0006965,0.0013484901,31858843,planet
1680.5554223461859,0.9977597,0.0013473101,31858843,planet
1680.5568112242381,0.99880713,0.0013475865,31858843,planet
1680.5582001022913,0.99846643,0.0013474947,31858843,planet
1680.5595889798778,0.9990899,0.0013486341,31858843,planet
1680.5609778579296,1.0011661,0.001348436,31858843,planet
1680.5623667359814,0.9981552,0.0013472219,31858843,planet
1680.5637556135684,1.000662,0.0013490677,31858843,planet
1680.5651444916207,0.9988804,0.0013473252,31858843,planet
1680.5665333696734,0.9996771,0.0013477552,31858843,planet
1680.56792224726,0.99838823,0.001346546,31858843,planet
1680.5693111253117,0.9999547,0.0013475679,31858843,planet
1680.5707000033635,0.99826187,0.0013480843,31858843,planet
1680.57208888095,1.0004324,0.0013485351,31858843,planet
1680.5734777590028,0.99888587,0.0013470185,31858843,planet
1680.574866637055,0.99910074,0.0013474701,31858843,planet
1680.5762555146418,1.0007459,0.0013483881,31858843,planet
1680.5776443926934,1.000195,0.0013481262,31858843,planet
1680.5790332707452,0.99714535,0.0013466227,31858843,planet
1680.5804221483322,0.9995234,0.0013478815,31858843,planet
1680.5818110263845,1.0027791,0.0013491483,31858843,planet
1680.5831999039715,0.9980177,0.0013474077,31858843,planet
1680.5845887820237,0.9994786,0.0013466554,31858843,planet
1680.5859776600755,1.00157,0.0013490714,31858843,planet
1680.5873665376616,1.0002024,0.0013486412,31858843,planet
1680.5887554157148,1.0002397,0.0013482847,31858843,planet
1680.590144293767,0.9977428,0.0013468135,31858843,planet
1680.5915331713531,0.9966779,0.001346443,31858843,planet
1680.5929220494058,0.9978406,0.0013469544,31858843,planet
1680.5943109269917,0.9986653,0.0013470897,31858843,planet
1680.5956998050433,1.0014013,0.0013490919,31858843,planet
1680.5970886830964,0.9978088,0.0013470397,31858843,planet
1680.598477560684,0.9977098,0.0013471922,31858843,planet
1680.5998664387357,1.0000563,0.0013475773,31858843,planet
1680.6012553163218,1.0007166,0.0013486932,31858843,planet
1680.6026441943743,0.9991885,0.0013472582,31858843,planet
1680.6040330724259,0.9980892,0.001347101,31858843,planet
1680.605421950013,0.99958616,0.0013480294,31858843,planet
1680.606810828066,1.0014728,0.0013482949,31858843,planet
1680.6081997056522,0.9988132,0.0013480865,31858843,planet
1680.609588583704,0.9994052,0.0013475901,31858843,planet
1680.6109774617562,1.0013946,0.001348156,31858843,planet
1680.6123663393428,1.0006652,0.001349092,31858843,planet
1680.6137552173955,0.9995838,0.0013476537,31858843,planet
1680.615144094982,0.99829084,0.00134687,31858843,planet
1680.6165329730338,0.9984206,0.0013472565,31858843,planet
1680.61792185062,1.0002292,0.0013488565,31858843,planet
1680.6193107286726,1.0006342,0.0013488173,31858843,planet
1680.6206996067249,0.99998647,0.001347984,31858843,planet
1680.6220884843115,0.9997607,0.0013476298,31858843,planet
1680.6234773623642,0.9986505,0.0013474914,31858843,planet
1680.6248662399503,0.99995446,0.0013485074,31858843,planet
1680.626255118002,0.999101,0.0013479727,31858843,planet
1680.6276439955886,0.99973196,0.0013480163,31858843,planet
1680.629032873641,0.99816024,0.0013463618,31858843,planet
1680.630421751228,1.0006895,0.0013490896,31858843,planet
1680.6318106292802,0.9993304,0.0013484254,31858843,planet
1680.6331995068663,0.9983918,0.0013475679,31858843,planet
1680.634588384918,1.0018066,0.0013496948,31858843,planet
1680.6359772629708,1.0003476,0.0013483122,31858843,planet
1680.6373661405582,0.998978,0.0013471629,31858843,planet
1680.6387550186105,0.9986198,0.0013484611,31858843,planet
1680.6401438961966,1.0013165,0.0013490617,31858843,planet
1680.6415327742488,0.99839485,0.0013475479,31858843,planet
1680.642921651835,0.99860847,0.001348158,31858843,planet
1680.6443105298877,1.0023618,0.0013497901,31858843,planet
1680.6456994074751,0.9989855,0.0013473151,31858843,planet
1680.6470882855267,0.9983491,0.0013473323,31858843,planet
1680.6484771631126,0.9980712,0.0013476051,31858843,planet
1680.6498660411653,1.0007234,0.0013487473,31858843,planet
1680.6512549187514,1.0007173,0.0013482756,31858843,planet
1680.6526437968037,0.99871415,0.0013478616,31858843,planet
1680.6540326743911,0.9972139,0.001347095,31858843,planet
1680.655421552443,1.0002295,0.0013478295,31858843,planet
1680.656810430029,1.0009766,0.0013476792,31858843,planet
1680.6581993080813,0.99834067,0.0013473777,31858843,planet
1680.6595881856674,0.99940944,0.0013482616,31858843,planet
1680.66097706372,0.99828315,0.0013469632,31858843,planet
1680.6623659413076,0.999125,0.00134683,31858843,planet
1680.6637548193594,0.9981136,0.0013468129,31858843,planet
1680.6651436969453,0.9975487,0.0013465809,31858843,planet
1680.6665325749977,1.0014024,0.0013489752,31858843,planet
1680.6679214525839,0.9989064,0.0013467256,31858843,planet
1680.6693103301704,0.99791867,0.0013455974,31858843,planet
1680.6706992082236,1.0015143,0.0013490414,31858843,planet
1680.6720880858097,0.9978055,0.0013468517,31858843,planet
1680.6734769638615,1.0016448,0.0013480417,31858843,planet
1680.674865841448,0.99894387,0.0013474261,31858843,planet
1680.6762547195012,0.9979953,0.001347818,31858843,planet
1680.6776435970883,0.99685836,0.0013462518,31858843,planet
1680.67903247514,0.99916506,0.0013479455,31858843,planet
1680.6804213527266,0.99803734,0.0013469763,31858843,planet
1680.6818102307784,1.0002712,0.0013479956,31858843,planet
1680.6831991083645,1.001395,0.0013478507,31858843,planet
1680.684587985952,1.0032378,0.0013498444,31858843,planet
1680.6859768640043,0.9982457,0.0013473934,31858843,planet
1680.6873657415904,0.99815995,0.0013469302,31858843,planet
1680.688754619643,0.9997274,0.0013476071,31858843,planet
1680.6901434972292,0.9975053,0.0013465926,31858843,planet
1680.6915323752808,0.9989642,0.0013478327,31858843,planet
1680.692921252868,0.99745953,0.0013464786,31858843,planet
1680.694310130455,0.99923503,0.0013461593,31858843,planet
1680.6956990085068,0.9991497,0.0013466546,31858843,planet
1680.6970878860934,0.99979776,0.0013483952,31858843,planet
1680.6984767641452,1.0007972,0.0013484258,31858843,planet
1680.6998656417313,0.99783915,0.0013471013,31858843,planet
1680.7012545193188,1.0003824,0.0013472507,31858843,planet
1680.702643397371,0.9981922,0.0013479411,31858843,planet
1680.7040322749572,1.0003179,0.0013474176,31858843,planet
1680.7054211530099,0.9999576,0.001347418,31858843,planet
1680.706810030596,1.0005895,0.0013485304,31858843,planet
1680.7081989081826,0.998671,0.0013478631,31858843,planet
1680.7095877862357,1.0019917,0.0013482515,31858843,planet
1680.7109766638218,0.9979768,0.0013465525,31858843,planet
1680.7123655418736,0.9995425,0.0013477519,31858843,planet
1680.7137544194602,0.99993247,0.0013476331,31858843,planet
1680.7151432970472,0.99990016,0.001348476,31858843,planet
1680.7165321750995,1.0003338,0.0013483046,31858843,planet
1680.7179210526863,1.0001705,0.001347852,31858843,planet
1680.719309930273,1.0000556,0.0013472087,31858843,planet
1680.7206988083249,0.997116,0.0013469823,31858843,planet
1680.722087685911,0.9995349,0.0013472968,31858843,planet
1680.7234765634976,0.9997546,0.0013485745,31858843,planet
1680.7248654415503,0.99990857,0.0013474935,31858843,planet
1680.7262543191368,0.997488,0.0013467016,31858843,planet
1680.727643197189,1.002818,0.0013497745,31858843,planet
1680.7290320747752,1.0011158,0.0013480945,31858843,planet
1680.7304209523613,1.0000421,0.0013471498,31858843,planet
1680.731809830414,1.00064,0.0013477876,31858843,planet
1680.7331987080006,0.99865067,0.00134706,31858843,planet
1680.7345875855876,0.9997298,0.0013471129,31858843,planet
1680.7359764636399,0.99841243,0.0013465601,31858843,planet
1680.737365341226,1.0014186,0.001348998,31858843,planet
1680.7387542188121,0.99852055,0.0013470043,31858843,planet
1680.7401430968653,0.9987396,0.0013467037,31858843,planet
1680.7415319744518,0.9997307,0.0013475278,31858843,planet
1680.742920852038,0.9996023,0.0013477426,31858843,planet
1680.7443097300904,0.9993865,0.0013475905,31858843,planet
1680.7456986076763,0.9983394,0.0013473652,31858843,planet
1680.7470874852625,1.0012884,0.0013485533,31858843,planet
1680.7484763633156,1.0009272,0.0013478583,31858843,planet
1680.7498652409026,0.99867195,0.0013465459,31858843,planet
1680.7512541184888,0.99840075,0.0013474354,31858843,planet
1680.7526429960753,1.0008163,0.0013480957,31858843,planet
1680.7540318741278,1.0017487,0.0013489818,31858843,planet
1680.7554207517137,0.9979198,0.0013460945,31858843,planet
1680.7568096293007,0.9995424,0.0013477777,31858843,planet
1680.7581985073539,1.0004545,0.0013483659,31858843,planet
1680.75958738494,0.99686295,0.0013460668,31858843,planet
1680.7609762625261,1.0006106,0.0013474157,31858843,planet
1680.7623651401127,0.99851376,0.0013463113,31858843,planet
1680.763754018165,0.9988049,0.0013466123,31858843,planet
1680.765142895752,0.9984559,0.0013475751,31858843,planet
1680.7665317733386,0.9999424,0.0013474439,31858843,planet
1680.7679206513903,0.999436,0.001348001,31858843,planet
1680.7693095289765,0.9995792,0.0013468324,31858843,planet
1680.7706984065633,0.99900115,0.0013472761,31858843,planet
1680.77208728415,0.9992497,0.0013474091,31858843,planet
1680.7734761622023,0.9983021,0.0013463291,31858843,planet
1680.7748650397893,0.99764013,0.0013460852,31858843,planet
1680.7762539173755,0.99952006,0.0013480275,31858843,planet
1680.7776427949616,1.0002996,0.0013475844,31858843,planet
1680.7790316730138,0.9997809,0.001347457,31858843,planet
1680.7804205506006,0.9987669,0.001346111,31858843,planet
1680.7818094281874,1.0014102,0.0013479413,31858843,planet
1680.783198305774,0.9988996,0.0013474082,31858843,planet
1680.7845871838258,1.0011908,0.001348033,31858843,planet
1680.785976061412,0.99982727,0.0013475742,31858843,planet
1680.787364938999,0.9994532,0.0013477126,31858843,planet
1680.7887538165855,1.0003147,0.0013479043,31858843,planet
1680.7901426946378,1.001002,0.0013473252,31858843,planet
1680.7915315722248,1.0002786,0.0013472363,31858843,planet
1680.7929204498114,1.000462,0.001347563,31858843,planet
1680.7943093273975,0.99821,0.0013474305,31858843,planet
1680.7956982054502,0.9996578,0.0013468121,31858843,planet
1680.7970870830377,1.0013043,0.0013481058,31858843,planet
1680.7984759606236,1.0015296,0.0013482617,31858843,planet
1680.7998648382095,1.0002376,0.0013481303,31858843,planet
1680.8012537157965,0.9975116,0.0013468157,31858843,planet
1680.8026425938483,0.9996602,0.0013470676,31858843,planet
1680.8040314714349,0.99885255,0.0013462178,31858843,planet
1680.8054203490224,1.0005188,0.0013469748,31858843,planet
1680.8068092266085,0.99962574,0.001347561,31858843,planet
1680.8081981041946,0.9970723,0.001346197,31858843,planet
1680.8095869822469,1.0000983,0.0013480273,31858843,planet
1680.810975859833,1.0009532,0.0013472312,31858843,planet
1680.81236473742,1.0011723,0.0013480957,31858843,planet
1680.8137536150075,1.002661,0.0013492462,31858843,planet
1680.8151424925934,0.9994975,0.0013474702,31858843,planet
1680.816531370645,0.9976846,0.0013462869,31858843,planet
1680.817920248232,0.9982806,0.0013470278,31858843,planet
1680.819309125818,0.99935293,0.001346839,31858843,planet
1680.8206980034047,1.0011501,0.0013476186,31858843,planet
1680.8220868809922,0.99918395,0.0013472664,31858843,planet
1680.8234757585783,0.9984513,0.001346369,31858843,planet
1680.82486463663,0.9990695,0.0013472555,31858843,planet
1680.8262535142167,1.0009743,0.001348334,31858843,planet
1680.8276423918037,0.9994695,0.0013471424,31858843,planet
1680.8290312693903,0.9982697,0.0013463069,31858843,planet
1680.8304201469773,1.0005326,0.0013479814,31858843,planet
1680.8318090245639,0.99993545,0.0013477358,31858843,planet
1680.83319790215,0.9991121,0.0013477032,31858843,planet
1680.8345867802018,1.0021108,0.0013485438,31858843,planet
1680.8359756577893,0.99992657,0.0013475344,31858843,planet
1680.8373645353759,0.9993159,0.0013472881,31858843,planet
1680.838753412962,0.9995781,0.001348193,31858843,planet
1680.840142290549,1.0009851,0.0013478654,31858843,planet
1680.841531168135,0.99867344,0.0013470777,31858843,planet
1680.8429200457208,0.99788254,0.0013466304,31858843,planet
1680.844308923774,1.0006341,0.0013480085,31858843,planet
1680.845697801361,0.99890953,0.0013465467,31858843,planet
1680.847086678947,0.9990212,0.0013472224,31858843,planet
1680.8484755565337,0.99963135,0.0013473609,31858843,planet
1680.8498644341198,0.99800074,0.0013468572,31858843,planet
1680.851253311706,0.9980172,0.0013465424,31858843,planet
1680.8526421892934,0.9992937,0.0013471958,31858843,planet
1680.85403106688,0.99857455,0.0013478129,31858843,planet
1680.8554199449318,0.99958956,0.0013481615,31858843,planet
1680.8568088225188,1.0004395,0.0013472768,31858843,planet
1680.858197700105,0.99985033,0.0013474793,31858843,planet
1680.8595865776915,0.999023,0.001346913,31858843,planet
1680.860975455279,0.9979535,0.0013464318,31858843,planet
1680.8623643328651,1.0008924,0.0013480707,31858843,planet
1680.8637532104513,1.0007619,0.0013471419,31858843,planet
1680.8651420880378,1.0003977,0.0013478289,31858843,planet
1680.866530965624,1.0000942,0.0013483419,31858843,planet
1680.867919843211,0.99776155,0.0013475884,31858843,planet
1680.8693087207982,0.99902755,0.001346669,31858843,planet
1680.8706975988507,0.99872726,0.0013467858,31858843,planet
1680.8720864764368,0.9997265,0.0013479809,31858843,planet
1680.873475354023,0.99890286,0.001347451,31858843,planet
1680.8748642316095,0.99945885,0.0013474665,31858843,planet
1680.8762531091966,0.9976849,0.0013465182,31858843,planet
1680.8776419867831,1.0010489,0.0013479593,31858843,planet
1680.8790308643697,1.0011381,0.0013481478,31858843,planet
1680.8804197419558,0.99851316,0.0013466802,31858843,planet
1680.881808619542,0.998864,0.0013472453,31858843,planet
1680.8831974971295,0.99890524,0.001346669,31858843,planet
1680.8845863747165,0.9977668,0.0013463494,31858843,planet
1680.8859752523024,0.99985385,0.0013472905,31858843,planet
1680.8873641298892,1.0003316,0.0013469332,31858843,planet
1680.8887530074753,1.0009863,0.0013485103,31858843,planet
1680.8901418850614,1.001291,0.001347608,31858843,planet
1680.891530762649,0.998973,0.0013471872,31858843,planet
1680.8929196402355,1.0018016,0.0013470196,31858843,planet
1680.8943085178216,0.99913305,0.0013477949,31858843,planet
1680.8956973954084,1.0005784,0.0013485439,31858843,planet
1680.8970862729943,0.9991539,0.0013467692,31858843,planet
1680.8984751505805,0.9968039,0.0013460226,31858843,planet
1680.899864028168,0.9976493,0.0013465213,31858843,planet
1680.9012529062206,1.0001622,0.0013481458,31858843,planet
1680.9026417838068,0.99849164,0.0013469245,31858843,planet
1680.9040306613933,1.000321,0.0013474842,31858843,planet
1680.9054195389795,1.0000926,0.0013477304,31858843,planet
1680.9068084165656,0.99882567,0.0013465886,31858843,planet
1680.908197294153,0.9983307,0.0013477305,31858843,planet
1680.9095861717406,0.99852484,0.001347115,31858843,planet
1680.9109750493267,1.0003939,0.0013476558,31858843,planet
1680.9123639269126,0.9981119,0.001346681,31858843,planet
1680.9137528044994,1.0009665,0.0013478801,31858843,planet
1680.915141682086,0.99766606,0.0013470452,31858843,planet
1680.916530559673,0.9984856,0.001346372,31858843,planet
1680.9179194372596,0.9998722,0.0013483583,31858843,planet
1680.91930831438,1.000086,0.0013474785,31858843,planet
1680.9206971919662,0.99705917,0.001346148,31858843,planet
1680.922086069553,0.99933684,0.001347675,31858843,planet
1680.9234749471398,1.0015591,0.0013476535,31858843,planet
1680.9248638247263,1.0024403,0.0013483587,31858843,planet
1680.9262527023134,0.9993594,0.0013476354,31858843,planet
1680.9276415798995,0.99865913,0.0013476075,31858843,planet
1680.9290304574856,1.0008556,0.00134801,31858843,planet
1680.9304193350722,1.000297,0.0013470397,31858843,planet
1680.9318082126588,1.0003154,0.0013483256,31858843,planet
1680.9331970902458,1.0000288,0.001348147,31858843,planet
1680.9345859678324,1.0003103,0.0013474982,31858843,planet
1680.9359748454185,0.99888504,0.0013470254,31858843,planet
1680.9373637230046,0.99890655,0.0013469937,31858843,planet
1680.9387526005914,1.0001171,0.0013480505,31858843,planet
1680.9401414781782,0.9996602,0.0013472844,31858843,planet
1680.9415303557648,0.9986859,0.0013471202,31858843,planet
1680.9429192333519,0.9993025,0.0013464649,31858843,planet
1680.944308110938,0.99809426,0.0013469578,31858843,planet
1680.945696988524,0.99917877,0.001346709,31858843,planet
1680.9470858661116,1.00008,0.0013473197,31858843,planet
1680.9484747436989,1.0012921,0.0013485604,31858843,planet
1680.949863620819,1.0001086,0.0013475713,31858843,planet
1680.9512524984052,0.99655527,0.0013463246,31858843,planet
1680.9526413759922,0.99891835,0.0013466546,31858843,planet
1680.9540302535784,0.99842477,0.0013472724,31858843,planet
1680.955419131165,1.0016686,0.00134787,31858843,planet
1680.9568080087524,0.9989977,0.0013473274,31858843,planet
1680.9581968863386,1.0003123,0.0013474419,31858843,planet
1680.9595857639247,1.0017192,0.0013481819,31858843,planet
1680.9609746415113,0.99656975,0.0013464082,31858843,planet
1680.9623635190974,0.99786776,0.0013459825,31858843,planet
1680.9637523966844,0.998642,0.001347111,31858843,planet
1680.9651412738062,0.9991857,0.0013473224,31858843,planet
1680.9665301513921,0.9993007,0.0013468347,31858843,planet
1680.967919028978,1.0003395,0.001347499,31858843,planet
1680.969307906565,0.9997062,0.001347489,31858843,planet
1680.9706967841512,0.9991242,0.0013466044,31858843,planet
1680.9720856617378,0.9996803,0.001347252,31858843,planet
1680.9734745393253,0.99910414,0.0013467415,31858843,planet
1680.9748634169114,0.99811876,0.0013470302,31858843,planet
1680.9762522940318,1.001446,0.0013481688,31858843,planet
1680.9776411716184,0.9979622,0.0013468898,31858843,planet
1680.9790300492054,1.0003859,0.0013465991,31858843,planet
1680.980418926792,1.0001647,0.0013477316,31858843,planet
1680.981807804379,1.0005698,0.001346975,31858843,planet
1680.9831966819656,1.000476,0.0013467314,31858843,planet
1680.9845855595518,0.9998303,0.0013471358,31858843,planet
1680.9859744366722,0.9999601,0.0013468452,31858843,planet
1680.9873633142597,0.999429,0.0013474241,31858843,planet
1680.9887521918463,0.99810994,0.0013465877,31858843,planet
1680.9901410694324,0.998149,0.0013469335,31858843,planet
1680.9915299470194,0.9980269,0.0013460426,31858843,planet
1680.9929188246053,1.0023062,0.0013486177,31858843,planet
1680.9943077021912,1.0008626,0.0013480055,31858843,planet
1680.995696579313,1.0018024,0.0013469369,31858843,planet
1680.9970854569,1.0012488,0.0013481574,31858843,planet
1680.9984743344862,1.0007274,0.0013474259,31858843,planet
1680.9998632120728,1.0009743,0.0013487961,31858843,planet
1681.001252089659,1.0004482,0.0013472344,31858843,planet
1681.0026409667794,0.9985448,0.0013475484,31858843,planet
1681.0040298443669,1.0018555,0.0013483099,31858843,planet
1681.0054187219534,1.0006559,0.0013462054,31858843,planet
1681.0068075995396,0.9997011,0.0013478345,31858843,planet
1681.0081964771266,1.0001748,0.0013472837,31858843,planet
1681.0095853547125,0.9998828,0.001347572,31858843,planet
1681.0109742318336,1.001659,0.0013482564,31858843,planet
1681.0123631094211,0.9987357,0.001346743,31858843,planet
1681.0137519870073,0.99871767,0.0013470533,31858843,planet
1681.0151408645934,0.999218,0.001347519,31858843,planet
1681.01652974218,0.99908185,0.0013474635,31858843,planet
1681.0179186193004,0.9993672,0.0013475927,31858843,planet
1681.0193074968872,1.0012792,0.0013476699,31858843,planet
1681.0206963744745,0.99911124,0.0013469381,31858843,planet
1681.0220852520615,0.99795574,0.0013462089,31858843,planet
1681.023474129182,0.9978714,0.0013466611,31858843,planet
1681.024863006768,1.0026648,0.0013487195,31858843,planet
1681.0262518843547,0.9989444,0.001346815,31858843,planet
1681.0276407619415,0.99925655,0.001347107,31858843,planet
1681.0290296395283,0.9992056,0.0013472066,31858843,planet
1681.0304185166492,1.001865,0.0013488383,31858843,planet
1681.0318073942353,0.99771583,0.0013462591,31858843,planet
1681.0331962718215,0.9962009,0.001345716,31858843,planet
1681.034585149409,0.99845976,0.0013466554,31858843,planet
1681.0359740265303,1.0002471,0.0013477346,31858843,planet
1681.0373629041162,0.99932414,0.0013471323,31858843,planet
1681.038751781703,1.0007563,0.0013485369,31858843,planet
1681.0401406592891,1.0006597,0.0013479845,31858843,planet
1681.0415295364096,1.0011421,0.001347715,31858843,planet
1681.042918413997,0.99895614,0.0013473224,31858843,planet
1681.0443072915837,0.9977326,0.001346993,31858843,planet
1681.0456961691698,1.0017694,0.001348199,31858843,planet
1681.0470850462907,0.9988534,0.0013467604,31858843,planet
1681.0484739238768,0.9996259,0.001346962,31858843,planet
1681.049862801463,1.0006666,0.0013473339,31858843,planet
1681.0512516785848,1.0001842,0.0013481273,31858843,planet
1681.0526405561718,1.0008087,0.0013475212,31858843,planet
1681.0540294337577,1.0004056,0.0013476906,31858843,planet
1681.0554183113445,1.0008637,0.0013477559,31858843,planet
1681.056807188465,0.998918,0.0013477962,31858843,planet
1681.058196066051,0.99998647,0.0013477305,31858843,planet
1681.0595849436386,0.999099,0.0013459603,31858843,planet
1681.0609738207604,0.998817,0.0013476078,31858843,planet
1681.0623626983465,0.9998018,0.0013479013,31858843,planet
1681.0637515759324,1.0026845,0.0013486383,31858843,planet
1681.0651404535192,1.0002469,0.0013473814,31858843,planet
1681.0665293306402,1.0009695,0.00134765,31858843,planet
1681.0679182082272,1.0006776,0.0013474531,31858843,planet
1681.0693070858138,0.99996406,0.0013462842,31858843,planet
1681.0706959629342,0.9993864,0.001347766,31858843,planet
1681.0720848405203,0.99973446,0.0013469583,31858843,planet
1681.073473718107,0.99644405,0.0013459218,31858843,planet
1681.0748625952283,0.99837554,0.001345661,31858843,planet
1681.0762514728149,0.9986958,0.001347335,31858843,planet
1681.077640350402,0.99954075,0.0013471588,31858843,planet
1681.0790292275224,0.9999867,0.001347242,31858843,planet
1681.0804181051085,1.0003911,0.0013475928,31858843,planet
1681.081806982695,0.9993238,0.0013471827,31858843,planet
1681.083195859816,0.99960196,0.0013473724,31858843,planet
1681.084584737403,1.0014968,0.0013479696,31858843,planet
1681.0859736149896,1.0002581,0.0013477699,31858843,planet
1681.08736249211,0.9996926,0.0013472413,31858843,planet
1681.0887513696962,1.0004239,0.0013471036,31858843,planet
1681.090140247283,1.0001112,0.0013472596,31858843,planet
1681.0915291244041,0.99980295,0.0013475071,31858843,planet
1681.0929180019907,0.9969897,0.0013471032,31858843,planet
1681.094306879112,0.9998904,0.0013472319,31858843,planet
1681.0956957566987,1.0012234,0.0013480508,31858843,planet
1681.0970846342848,0.99861926,0.0013464899,31858843,planet
1681.0984735114062,0.9980263,0.0013467806,31858843,planet
1681.0998623889934,1.0008935,0.0013480294,31858843,planet
1681.1012512665793,1.0004772,0.001346702,31858843,planet
1681.1026401436998,1.0016785,0.0013476269,31858843,planet
1681.1040290212868,0.9993921,0.0013464079,31858843,planet
1681.1054178984073,0.9998261,0.0013473821,31858843,planet
1681.1068067759938,0.99880433,0.0013463916,31858843,planet
1681.1081956535813,0.9993815,0.0013470544,31858843,planet
1681.1095845307018,0.999874,0.0013476555,31858843,planet
1681.110973408288,1.0007838,0.0013478805,31858843,planet
1681.1123622854088,1.0010173,0.001347852,31858843,planet
1681.113751162995,0.99869436,0.0013468157,31858843,planet
1681.115140040582,1.0015472,0.0013478873,31858843,planet
1681.1165289177036,0.9999803,0.0013470028,31858843,planet
1681.1179177952895,1.0000567,0.0013473224,31858843,planet
1681.11930667241,1.0004407,0.0013478607,31858843,planet
1681.120695549997,0.9983468,0.0013463396,31858843,planet
1681.122084427583,1.0000153,0.0013475532,31858843,planet
1681.123473304704,0.99910575,0.0013470659,31858843,planet
1681.1248621822915,0.9987475,0.0013466143,31858843,planet
1681.126251059412,0.9985514,0.001346623,31858843,planet
1681.127639936998,1.0003073,0.0013471058,31858843,planet
1681.129028814119,0.9987941,0.0013468183,31858843,planet
1681.130417691706,0.9979854,0.0013463509,31858843,planet
1681.1318065692926,0.99917436,0.001347189,31858843,planet
1681.133195446414,0.9993746,0.001347581,31858843,planet
1681.1345843240006,0.9994928,0.001346854,31858843,planet
1681.135973201121,1.0001807,0.0013468538,31858843,planet
1681.1373620787072,0.99896777,0.0013467061,31858843,planet
1681.138750955829,0.9989692,0.0013465048,31858843,planet
1681.1401398334156,1.0005752,0.0013476526,31858843,planet
1681.141528710536,0.9996381,0.0013471574,31858843,planet
1681.1429175881228,0.9998872,0.0013469125,31858843,planet
1681.144306465243,1.00048,0.0013474466,31858843,planet
1681.1456953428292,0.9994246,0.0013465427,31858843,planet
1681.1470842204167,0.9986378,0.0013468459,31858843,planet
1681.148473097538,0.9996226,0.001346933,31858843,planet
1681.1498619751242,0.99982667,0.0013473482,31858843,planet
1681.151250852245,0.999871,0.0013467673,31858843,planet
1681.1526397298312,1.000306,0.0013481369,31858843,planet
1681.1540286069521,0.9983519,0.0013458399,31858843,planet
1681.1554174845396,1.0021186,0.0013483486,31858843,planet
1681.15680636166,0.99978954,0.0013472091,31858843,planet
1681.1581952392462,0.9990265,0.0013470226,31858843,planet
1681.1595841163676,0.9991375,0.0013470189,31858843,planet
1681.1609729939535,0.9992515,0.0013474645,31858843,planet
1681.1623618710746,1.0004662,0.0013462472,31858843,planet
1681.163750748662,1.00187,0.0013483276,31858843,planet
1681.1651396257826,0.99768585,0.0013468502,31858843,planet
1681.1665285033687,1.0015259,0.0013485027,31858843,planet
1681.1679173804896,0.99900025,0.0013469171,31858843,planet
1681.1693062580757,1.0008994,0.0013479945,31858843,planet
1681.1706951351966,0.9996847,0.0013467188,31858843,planet
1681.1720840123185,0.99815017,0.0013467327,31858843,planet
1681.1734728899055,0.9994017,0.0013470588,31858843,planet
1681.174861767026,1.0014777,0.0013484607,31858843,planet
1681.176250644612,0.9993533,0.0013463586,31858843,planet
1681.177639521733,1.0007316,0.001347981,31858843,planet
1681.1790283993198,1.0010927,0.0013473525,31858843,planet
1681.180417276441,0.9998783,0.0013474383,31858843,planet
1681.1818061540275,1.0005561,0.0013478658,31858843,planet
1681.183195031148,0.9995296,0.0013469718,31858843,planet
1681.184583908734,0.99945796,0.001346796,31858843,planet
1681.185972785856,1.0020684,0.0013474824,31858843,planet
1681.1873616634427,1.0001788,0.0013471755,31858843,planet
1681.188750540563,0.99821144,0.0013459661,31858843,planet
1681.1901394176843,0.99918395,0.0013472325,31858843,planet
1681.1915282952705,0.99945295,0.0013462998,31858843,planet
1681.192917172391,0.99875736,0.0013475276,31858843,planet
1681.1943060499784,1.000514,0.0013476115,31858843,planet
1681.1956949270993,0.9998678,0.0013466455,31858843,planet
1681.1970838042198,1.0001405,0.0013467243,31858843,planet
1681.1984726818064,1.0010629,0.0013476198,31858843,planet
1681.1998615589268,0.99897623,0.0013463317,31858843,planet
1681.201250436513,1.0009376,0.001348506,31858843,planet
1681.2026393136348,0.9999421,0.0013466922,31858843,planet
1681.2040281912218,0.99885345,0.0013469439,31858843,planet
1681.205417068342,0.99775755,0.0013462529,31858843,planet
1681.2068059454632,0.9988382,0.0013470319,31858843,planet
1681.2081948230498,0.99793595,0.0013467957,31858843,planet
1681.2095837001702,1.000614,0.0013469596,31858843,planet
1681.2109725777573,0.99920034,0.0013475869,31858843,planet
1681.212361454879,1.0001692,0.0013471169,31858843,planet
1681.2137503319993,0.99915123,0.0013467344,31858843,planet
1681.2151392095852,0.9985345,0.0013465965,31858843,planet
1681.2165280867066,0.9984695,0.0013462877,31858843,planet
1681.2179169638275,0.99885786,0.0013465841,31858843,planet
1681.2193058414146,1.0008928,0.0013478241,31858843,planet
1681.2206947185355,0.9995469,0.0013467444,31858843,planet
1681.2220835961216,0.9992829,0.0013456916,31858843,planet
1681.223472473242,0.9994629,0.0013462714,31858843,planet
1681.224861350363,1.0016189,0.0013481897,31858843,planet
1681.22625022795,0.99806285,0.0013470426,31858843,planet
1681.227639105071,0.9982442,0.0013460915,31858843,planet
1681.2290279821923,0.9972576,0.0013464127,31858843,planet
1681.2304168597784,0.997964,0.0013465759,31858843,planet
1681.2318057368987,1.0000322,0.0013470892,31858843,planet
1681.2331946140198,0.9991414,0.0013463439,31858843,planet
1681.2345834916064,0.9989379,0.0013465129,31858843,planet
1681.2359723687277,1.0013235,0.0013478023,31858843,planet
1681.2373612458487,0.99903476,0.0013467988,31858843,planet
1681.2387501234348,0.9988858,0.0013467362,31858843,planet
1681.2401390005552,0.99975526,0.001347063,31858843,planet
1681.2415278776762,0.9992356,0.0013472443,31858843,planet
1681.2429167552632,1.0006473,0.0013480524,31858843,planet
1681.244305632384,1.0013634,0.0013481376,31858843,planet
1681.2456945095055,1.000476,0.001347466,31858843,planet
1681.247083387092,1.0000901,0.0013476975,31858843,planet
1681.2484722642125,0.99858963,0.0013464635,31858843,planet
1681.2498611413337,1.000297,0.0013468205,31858843,planet
1681.2512500184553,0.9996753,0.0013470656,31858843,planet
1681.2526388960414,1.002369,0.0013478694,31858843,planet
1681.2540277731619,1.0003557,0.0013481788,31858843,planet
1681.2554166502832,0.99982816,0.0013482668,31858843,planet
1681.2568055278693,0.99921906,0.0013463461,31858843,planet
1681.2581944049903,1.0005621,0.0013472202,31858843,planet
1681.259583282112,0.99957955,0.0013469151,31858843,planet
1681.2609721592326,0.9995608,0.0013466985,31858843,planet
1681.2623610368187,0.9976885,0.0013460597,31858843,planet
1681.2637499139396,1.0003053,0.001347213,31858843,planet
1681.26513879106,0.9988386,0.0013469597,31858843,planet
1681.266527668647,1.001125,0.0013471018,31858843,planet
1681.2679165457687,1.0009303,0.001348235,31858843,planet
1681.269305422889,0.9984989,0.0013463644,31858843,planet
1681.2706943000094,0.9996737,0.0013469309,31858843,planet
1681.2720831775964,1.0007875,0.0013465817,31858843,planet
1681.2734720547169,1.0006646,0.0013465701,31858843,planet
1681.2748609318378,1.0013895,0.0013483731,31858843,planet
1681.2762498089596,1.000372,0.0013469964,31858843,planet
1681.27763868608,0.99873745,0.0013467006,31858843,planet
1681.2790275636662,0.99948984,0.001346969,31858843,planet
1681.2804164407871,1.000892,0.0013473824,31858843,planet
1681.281805317909,1.0005238,0.001347347,31858843,planet
1681.2831941950303,0.99907786,0.0013462047,31858843,planet
1681.2845830726164,1.0002409,0.0013480388,31858843,planet
1681.2859719497374,1.0004925,0.001348061,31858843,planet
1681.2873608268578,0.9983028,0.0013466208,31858843,planet
1681.2887497039783,0.9993801,0.0013467659,31858843,planet
1681.2901385811,1.000425,0.0013477287,31858843,planet
1681.2915274586867,0.9980948,0.0013457745,31858843,planet
1681.2929163358071,0.9988705,0.0013462234,31858843,planet
1681.2943052129283,0.9999668,0.0013473516,31858843,planet
1681.2956940900485,0.9999395,0.0013464933,31858843,planet
1681.297082967169,1.0013016,0.0013473098,31858843,planet
1681.2984718447565,0.99837273,0.0013467376,31858843,planet
1681.2998607218778,0.9991221,0.0013464056,31858843,planet
1681.3012495989983,0.9991483,0.0013474262,31858843,planet
1681.3026384761192,0.99915695,0.0013465266,31858843,planet
1681.3040273532397,0.99986804,0.0013464622,31858843,planet
1681.3054162308263,0.99873364,0.0013461433,31858843,planet
1681.306805107948,1.0000696,0.0013467824,31858843,planet
1681.3081939850686,1.0002856,0.0013467869,31858843,planet
1681.309582862189,1.002716,0.0013476906,31858843,planet
1681.3109717393104,1.0016961,0.0013475658,31858843,planet
1681.3123606164306,0.9998876,0.0013470845,31858843,planet
1681.3137494935518,0.99926907,0.001346341,31858843,planet
1681.3151383711393,1.0012252,0.0013475688,31858843,planet
1681.3165272482597,1.0000204,0.0013467316,31858843,planet
1681.3179161253802,1.0001578,0.0013470982,31858843,planet
1681.319305002501,1.0001714,0.0013456132,31858843,planet
1681.3206938796222,1.0009443,0.001346684,31858843,planet
1681.3220827567434,1.0009587,0.001346942,31858843,planet
1681.3234716338643,0.9991432,0.0013462965,31858843,planet
1681.3248605114513,0.99993765,0.0013466371,31858843,planet
1681.3262493885718,0.9996448,0.0013472639,31858843,planet
1681.3276382656923,1.0009885,0.0013461392,31858843,planet
1681.3290271428132,0.9991255,0.0013467427,31858843,planet
1681.330416019934,1.000074,0.0013465617,31858843,planet
1681.3318048970555,1.0001013,0.0013461574,31858843,planet
1681.3331937741764,1.0011119,0.001347177,31858843,planet
1681.3345826512968,0.9998061,0.0013460304,31858843,planet
1681.3359715284173,0.9995894,0.0013448762,31858843,planet
1681.3373604060048,1.0009688,0.001346641,31858843,planet
1681.338749283126,1.0008569,0.001346116,31858843,planet
1681.3401381602462,1.0010921,0.0013467716,31858843,planet
1681.3415270373675,1.0008584,0.0013458631,31858843,planet
1681.342915914488,0.99869215,0.0013462531,31858843,planet
1681.3443047916085,1.0010716,0.0013459376,31858843,planet
1681.3456936687303,1.0004238,0.001347593,31858843,planet
1681.3470825458512,1.0006068,0.0013464327,31858843,planet
1681.3484714229717,0.99823946,0.0013453708,31858843,planet
1681.3498603000926,0.9994576,0.0013447155,31858843,planet
1681.351249177213,1.002244,0.0013470789,31858843,planet
1681.3526380543335,0.9998602,0.001345866,31858843,planet
1681.3540269314553,0.99863905,0.0013448984,31858843,planet
1681.3554158085772,0.99970263,0.0013462234,31858843,planet
1681.3568046856976,1.0004808,0.0013460809,31858843,planet
1681.358193562818,0.99837536,0.001345651,31858843,planet
1681.359582439939,1.0012662,0.0013464168,31858843,planet
1681.3609713175251,0.9984641,0.0013446424,31858843,planet
1681.3623601946465,1.0017754,0.0013466006,31858843,planet
1681.3637490717683,1.0008779,0.0013458416,31858843,planet
1681.3651379488886,0.9985755,0.001344025,31858843,planet
1681.3665268260088,1.0002136,0.0013453786,31858843,planet
1681.3679157031302,0.9977257,0.0013435192,31858843,planet
1681.369304580251,0.9977578,0.0013453208,31858843,planet
1681.3706934573725,1.0019208,0.0013453227,31858843,planet
1681.3720823344934,0.9983381,0.0013442052,31858843,planet
1681.3734712116138,1.0000372,0.001345251,31858843,planet
1681.3748600887343,1.0010923,0.0013451547,31858843,planet
1681.3762489658552,0.9990736,0.0013447861,31858843,planet
1681.3776378429766,0.99965465,0.0013447021,31858843,planet
1681.3790267200975,0.99936604,0.0013452985,31858843,planet
1681.3804155972189,0.9995261,0.0013454923,31858843,planet
1681.3818044743393,0.99920785,0.0013454426,31858843,planet
1681.383193350994,1.0020574,0.0013460994,31858843,planet
1681.384582228115,0.9994623,0.0013440783,31858843,planet
1681.385971105236,0.9997719,0.0013452405,31858843,planet
1681.3873599823573,1.0001669,0.0013453035,31858843,planet
1681.3887488594783,1.0014641,0.0013456248,31858843,planet
1681.3901377365987,1.0011388,0.0013447232,31858843,planet
1681.3915266137192,1.0003908,0.0013442511,31858843,planet
1681.39291549084,1.0004767,0.0013457258,31858843,planet
1681.394304367962,0.999147,0.0013443031,31858843,planet
1681.3956932450833,1.000401,0.0013449932,31858843,planet
1681.3970821222038,0.9996628,0.0013449534,31858843,planet
1681.3984709993247,1.0007384,0.0013455793,31858843,planet
1681.3998598764451,0.9995252,0.0013451793,31858843,planet
1681.401248753566,1.0004932,0.0013447804,31858843,planet
1681.4026376306879,0.99964356,0.0013447916,31858843,planet
1681.4040265078083,1.0000697,0.0013448063,31858843,planet
1681.4054153849288,1.0021832,0.0013461739,31858843,planet
1681.4068042615845,1.0003301,0.0013457055,31858843,planet
1681.408193138705,0.9995772,0.0013449496,31858843,planet
1681.409582015826,0.9998278,0.0013455034,31858843,planet
1681.4109708929477,0.9996619,0.0013446872,31858843,planet
1681.4123597700682,0.9977211,0.0013441434,31858843,planet
1681.4137486471886,0.99918795,0.0013447249,31858843,planet
1681.4151375243096,1.0008941,0.0013454618,31858843,planet
1681.41652640143,0.99889714,0.0013449275,31858843,planet
1681.4179152785512,0.9987577,0.0013441194,31858843,planet
1681.419304155207,1.0004916,0.0013449992,31858843,planet
1681.4206930323276,1.0006919,0.0013456077,31858843,planet
1681.422081909448,1.0013039,0.0013455987,31858843,planet
1681.4234707865694,1.0003717,0.0013451424,31858843,planet
1681.4248596636903,0.99931294,0.0013442662,31858843,planet
1681.4262485408117,1.0003767,0.0013455313,31858843,planet
1681.4276374179326,1.0016341,0.0013455972,31858843,planet
1681.4290262945879,0.99999017,0.0013444998,31858843,planet
1681.4304151717083,1.0006212,0.0013439421,31858843,planet
1681.4318040488288,0.99927145,0.0013462845,31858843,planet
1681.4331929259506,0.999846,0.0013441233,31858843,planet
1681.434581803072,1.0004706,0.0013445982,31858843,planet
1681.4359706801922,0.99978566,0.0013445575,31858843,planet
1681.4373595568477,1.0007461,0.0013463958,31858843,planet
1681.4387484339682,1.0007185,0.001346303,31858843,planet
1681.4401373110886,0.99882656,0.0013438945,31858843,planet
1681.4415261882104,0.99868226,0.0013450835,31858843,planet
1681.4429150653314,0.9992773,0.0013436859,31858843,planet
1681.4443039419862,0.99989325,0.0013462508,31858843,planet
1681.445692819107,0.9988928,0.0013438098,31858843,planet
1681.4470816962275,0.99996924,0.0013454073,31858843,planet
1681.448470573348,0.9999794,0.001345763,31858843,planet
1681.4498594504698,1.0014066,0.0013454246,31858843,planet
1681.4512483271255,0.99903625,0.001344751,31858843,planet
1681.452637204246,0.9994786,0.0013448952,31858843,planet
1681.454026081367,0.999159,0.0013449885,31858843,planet
1681.4554149584874,1.0013416,0.001345372,31858843,planet
1681.4568038351426,0.9994253,0.0013460594,31858843,planet
1681.4581927122645,0.99821836,0.0013446447,31858843,planet
1681.459581589385,1.0043269,0.0013465686,31858843,planet
1681.4609704665054,0.9990904,0.0013456097,31858843,planet
1681.4623593431609,0.9989912,0.0013433744,31858843,planet
1681.463748220281,0.9979916,0.0013448967,31858843,planet
1681.4651370974025,1.0011925,0.0013468683,31858843,planet
1681.4665259745243,0.9975471,0.0013440272,31858843,planet
1681.4679148511796,0.9981176,0.0013452278,31858843,planet
1681.4693037283,1.000097,0.001345333,31858843,planet
1681.4706926054205,1.0020267,0.0013471511,31858843,planet
1681.472081482076,0.9994965,0.0013458986,31858843,planet
1681.473470359197,1.0004653,0.0013467517,31858843,planet
1681.474859236318,0.9993595,0.0013462172,31858843,planet
1681.4762481134394,1.0001343,0.0013469687,31858843,planet
1681.4776369900942,0.99846196,0.0013461995,31858843,planet
1681.4790258672147,1.0010618,0.0013472834,31858843,planet
1681.4804147443356,1.0018216,0.00134736,31858843,planet
1681.4818036209908,0.99974835,0.0013462183,31858843,planet
1681.4831924981122,0.9986526,0.0013456681,31858843,planet
1681.4845813752331,1.0002794,0.001346382,31858843,planet
1681.485970251888,0.9981887,0.001344797,31858843,planet
1681.4873591290084,1.0000846,0.0013459066,31858843,planet
1681.4887480061302,1.0012393,0.0013465578,31858843,planet
1681.4901368827857,0.9980422,0.0013458465,31858843,planet
1681.491525759906,0.9980135,0.0013456503,31858843,planet
1681.4929146370273,1.002992,0.0013477999,31858843,planet
1681.494303513682,0.9997085,0.0013452914,31858843,planet
1681.4956923908026,0.9989245,0.00134648,31858843,planet
1681.4970812679244,0.99967235,0.0013466694,31858843,planet
1681.4984701445796,1.0003446,0.0013467892,31858843,planet
1681.4998590217,1.0017511,0.0013466799,31858843,planet
1681.5012478983554,1.0000639,0.0013468884,31858843,planet
1681.5026367754767,1.000386,0.0013466466,31858843,planet
1681.5040256525972,0.998197,0.001345435,31858843,planet
1681.5054145292524,0.9989109,0.0013467792,31858843,planet
1681.5068034063743,0.9998234,0.0013465463,31858843,planet
1681.508192283029,0.9989819,0.0013460668,31858843,planet
1681.5095811601495,1.0001233,0.0013468695,31858843,planet
1681.5109700372705,1.0008799,0.001346232,31858843,planet
1681.5123589139253,1.0007178,0.0013468824,31858843,planet
1681.5137477910466,0.9994938,0.0013465409,31858843,planet
1681.5151366677028,0.9989153,0.0013469462,31858843,planet
1681.516525544823,0.998865,0.0013462785,31858843,planet
1681.5179144219433,1.0003413,0.0013469446,31858843,planet
1681.519303298599,0.99979687,0.0013460196,31858843,planet
1681.52069217572,0.99997216,0.0013472963,31858843,planet
1681.5220810523756,0.9985303,0.001344892,31858843,planet
1681.5234699294965,1.0000706,0.0013471541,31858843,planet
1681.5248588061513,0.9988518,0.001345751,31858843,planet
1681.5262476832718,0.99879247,0.0013454603,31858843,planet
1681.527636559927,0.9993963,0.0013466332,31858843,planet
1681.5290254370484,1.0003573,0.0013470622,31858843,planet
1681.5304143137037,0.99938345,0.0013464424,31858843,planet
1681.531803190825,1.0009531,0.0013462617,31858843,planet
1681.5331920674796,1.0001822,0.001346602,31858843,planet
1681.5345809445998,0.99978423,0.0013465355,31858843,planet
1681.5359698212555,0.9980925,0.0013459856,31858843,planet
1681.5373586983774,0.999547,0.0013461087,31858843,planet
1681.5387475750326,0.9994856,0.0013461256,31858843,planet
1681.540136452153,1.0001887,0.001346836,31858843,planet
1681.5415253288088,1.000582,0.0013467871,31858843,planet
1681.542914205929,0.9991369,0.001346256,31858843,planet
1681.5443030825836,0.99936676,0.0013459488,31858843,planet
1681.5456919597054,1.0017562,0.0013472248,31858843,planet
1681.5470808363611,0.99923724,0.0013458468,31858843,planet
1681.5484697134816,1.000244,0.0013465867,31858843,planet
1681.5498585901369,0.9985595,0.0013458522,31858843,planet
1681.5512474672573,1.0003214,0.0013470553,31858843,planet
1681.5526363439126,1.0006546,0.0013467938,31858843,planet
1681.5540252205687,0.9983581,0.0013460078,31858843,planet
1681.5554140976892,1.0000703,0.001346728,31858843,planet
1681.556802974344,1.0004319,0.0013466462,31858843,planet
1681.5581918514654,0.9983106,0.001345183,31858843,planet
1681.55958072812,1.0003966,0.0013473006,31858843,planet
1681.560969605241,0.99896634,0.001346238,31858843,planet
1681.5623584818973,0.9999132,0.0013461635,31858843,planet
1681.563747358552,0.9996116,0.0013470369,31858843,planet
1681.5651362356725,1.0003518,0.0013468425,31858843,planet
1681.5665251123278,1.0020593,0.0013476971,31858843,planet
1681.5679139894482,1.0004379,0.0013473063,31858843,planet
1681.5693028661035,0.99972177,0.0013460898,31858843,planet
1681.5706917427597,1.0006491,0.0013470096,31858843,planet
1681.5720806198801,1.0015898,0.001346969,31858843,planet
1681.573469496535,1.000246,0.001346576,31858843,planet
1681.5748583731906,0.9997032,0.0013472356,31858843,planet
1681.5762472503125,0.99790287,0.0013443538,31858843,planet
1681.5776361269677,1.0006163,0.0013464423,31858843,planet
1681.5790250036225,0.99970144,0.0013471867,31858843,planet
1681.5804138807434,1.0000595,0.0013463221,31858843,planet
1681.5818027573982,1.0020092,0.0013478706,31858843,planet
1681.583191634053,1.0013142,0.001347419,31858843,planet
1681.5845805111749,1.0024465,0.0013475417,31858843,planet
1681.5859693878306,1.0022436,0.0013477778,31858843,planet
1681.5873582644851,1.0015346,0.0013478101,31858843,planet
1681.5887471416063,1.0007509,0.00134653,31858843,planet
1681.590136018261,0.99865705,0.0013456142,31858843,planet
1681.591524894916,0.99981594,0.0013463023,31858843,planet
1681.5929137720377,0.99951136,0.0013468476,31858843,planet
1681.594302648693,0.9997098,0.0013462133,31858843,planet
1681.5956915253478,0.9997717,0.0013459205,31858843,planet
1681.597080402003,1.0011655,0.0013463638,31858843,planet
1681.5984692791235,1.0000553,0.0013463281,31858843,planet
1681.5998581557783,1.0004048,0.001346358,31858843,planet
1681.6012470324345,0.99987,0.0013469863,31858843,planet
1681.6026359090902,0.99940765,0.0013456261,31858843,planet
1681.6040247862104,0.99902177,0.0013455781,31858843,planet
1681.6054136628659,1.0000712,0.0013462779,31858843,planet
1681.6068025395207,0.99989253,0.0013461268,31858843,planet
1681.608191416176,1.0018692,0.0013474637,31858843,planet
1681.6095802932978,0.99985015,0.0013460711,31858843,planet
1681.6109691699535,0.99966824,0.0013469897,31858843,planet
1681.6123580466083,1.0001256,0.0013459546,31858843,planet
1681.6137469232629,0.99961054,0.0013465756,31858843,planet
1681.6151357999183,1.0007594,0.0013472855,31858843,planet
1681.6165246770393,1.000916,0.0013467551,31858843,planet
1681.617913553695,0.99931186,0.0013461977,31858843,planet
1681.6193024303502,1.000543,0.0013461907,31858843,planet
1681.620691307005,1.0000353,0.0013468273,31858843,planet
1681.6220801836598,0.9985839,0.001345921,31858843,planet
1681.623469060315,1.00271,0.0013477542,31858843,planet
1681.6248579374364,0.99803406,0.001346146,31858843,planet
1681.6262468140917,1.0010312,0.0013475531,31858843,planet
1681.6276356907474,1.0021435,0.0013469493,31858843,planet
1681.6290245674022,1.0005183,0.0013464256,31858843,planet
1681.6304134440568,0.9991693,0.001345689,31858843,planet
1681.6318023207123,0.9998661,0.0013446986,31858843,planet
1681.6331911973675,1.0000863,0.0013454041,31858843,planet
1681.6345800740232,1.0002813,0.0013468517,31858843,planet
1681.6359689511442,0.9995239,0.0013464175,31858843,planet
1681.637357827799,1.0014149,0.001347027,31858843,planet
1681.6387467044538,1.0008259,0.0013446526,31858843,planet
1681.64013558111,1.0006279,0.0013461126,31858843,planet
1681.6415244577652,1.0003831,0.0013469432,31858843,planet
1681.64291333442,1.001127,0.0013463885,31858843,planet
1681.6443022110757,0.99719864,0.0013455522,31858843,planet
1681.645691087731,1.0004647,0.0013461601,31858843,planet
1681.6470799643857,1.0004083,0.0013473597,31858843,planet
1681.6484688410414,1.001326,0.0013469657,31858843,planet
1681.6498577176974,1.0004001,0.0013462775,31858843,planet
1681.651246594352,1.0014532,0.001346933,31858843,planet
1681.6526354710068,1.0021602,0.001347832,31858843,planet
1681.6540243476625,0.9975473,0.0013457384,31858843,planet
1681.6554132243173,1.0016292,0.0013469369,31858843,planet
1681.6568021009725,0.9996856,0.0013464097,31858843,planet
1681.6581909776287,0.99968326,0.0013464505,31858843,planet
1681.6595798542835,1.0010082,0.0013469793,31858843,planet
1681.6609687309383,1.000426,0.0013462885,31858843,planet
1681.6623576075935,1.0012722,0.0013467642,31858843,planet
1681.6637464842483,0.9995433,0.001346542,31858843,planet
1681.665135360904,0.9971213,0.0013439147,31858843,planet
1681.66652423756,0.9995661,0.0013466489,31858843,planet
1681.6679131142146,1.0007406,0.0013467029,31858843,planet
1681.6693019908694,0.9987396,0.001345102,31858843,planet
1681.670690867525,1.0004773,0.0013457425,31858843,planet
1681.6720797441803,0.99965346,0.0013462341,31858843,planet
1681.673468620836,1.0013435,0.0013464054,31858843,planet
1681.6748574974913,0.9991534,0.0013460676,31858843,planet
1681.676246374146,0.99957055,0.0013449742,31858843,planet
1681.677635250801,1.0009623,0.0013467475,31858843,planet
1681.6790241274562,0.99902034,0.0013444556,31858843,planet
1681.6804130036462,1.0001615,0.0013459065,31858843,planet
1681.6818018803015,0.99839336,0.0013459248,31858843,planet
1681.6831907569572,0.997963,0.0013444605,31858843,planet
1681.6845796336124,0.99998355,0.0013462856,31858843,planet
1681.6859685102672,1.0010029,0.0013467353,31858843,planet
1681.687357386922,0.9995494,0.001346765,31858843,planet
1681.6887462635782,1.0014998,0.0013474651,31858843,planet
1681.6901351402335,1.0001457,0.0013463696,31858843,planet
1681.6915240164226,1.0000398,0.001346116,31858843,planet
1681.692912893078,1.0007082,0.0013459767,31858843,planet
1681.6943017697326,0.9978707,0.0013447033,31858843,planet
1681.6956906463884,0.9997034,0.0013466531,31858843,planet
1681.6970795230445,1.0010875,0.0013465717,31858843,planet
1681.6984683992337,0.99857384,0.0013456978,31858843,planet
1681.6998572758885,0.9999224,0.0013459421,31858843,planet
1681.7012461525437,0.99931765,0.0013458537,31858843,planet
1681.7026350291985,0.9986934,0.0013457804,31858843,planet
1681.7040239058538,0.99968994,0.001344792,31858843,planet
1681.7054127820443,0.9983839,0.0013453708,31858843,planet
1681.706801658699,0.99986327,0.0013466148,31858843,planet
1681.7081905353539,0.9998186,0.0013467636,31858843,planet
1681.7095794120096,0.99909025,0.0013455473,31858843,planet
1681.7109682881985,0.9996132,0.0013467586,31858843,planet
1681.712357164854,0.9993078,0.0013456367,31858843,planet
1681.7137460415101,0.99952424,0.0013462873,31858843,planet
1681.7151349176993,0.9989882,0.0013462416,31858843,planet
1681.716523794354,1.0015864,0.0013463194,31858843,planet
1681.7179126710093,1.002407,0.0013471069,31858843,planet
1681.7193015476648,1.0008163,0.0013466672,31858843,planet
1681.7206904238546,1.0006806,0.0013459562,31858843,planet
1681.72207930051,1.0013843,0.0013471553,31858843,planet
1681.7234681771656,1.001265,0.0013478483,31858843,planet
1681.7248570533548,0.99792385,0.001346021,31858843,planet
1681.7262459300096,1.0004529,0.0013465894,31858843,planet
1681.7276348066657,1.0008736,0.0013472291,31858843,planet
1681.7290236828553,0.99944276,0.0013460726,31858843,planet
1681.7304125595101,1.0012275,0.00134705,31858843,planet
1681.7318014356997,1.0014656,0.0013473134,31858843,planet
1681.7331903123545,1.0000737,0.0013453803,31858843,planet
1681.7345791890093,1.0007682,0.0013459765,31858843,planet
1681.7359680651998,1.0014511,0.001347045,31858843,planet
1681.7373569418553,1.0025786,0.0013471784,31858843,planet
1681.7387458180442,0.9983038,0.0013447596,31858843,planet
1681.7401346947,0.99882585,0.001346049,31858843,planet
1681.741523570889,1.0006042,0.0013466824,31858843,planet
1681.7429124475439,1.0018877,0.0013481601,31858843,planet
1681.7443013242,0.9999292,0.0013454296,31858843,planet
1681.7456902003896,0.99980414,0.0013467254,31858843,planet
1681.7470790770444,0.99818975,0.0013452508,31858843,planet
1681.748467953234,0.99905014,0.0013462069,31858843,planet
1681.7498568298888,0.99993896,0.0013453141,31858843,planet
1681.751245706078,1.000321,0.001346767,31858843,planet
1681.7526345827341,0.99949926,0.0013466666,31858843,planet
1681.7540234589246,0.9990457,0.001346015,31858843,planet
1681.7554123355794,0.998592,0.0013461587,31858843,planet
1681.7568012117686,0.9988371,0.0013461511,31858843,planet
1681.7581900884238,0.9994498,0.001346855,31858843,planet
1681.7595789646139,1.0026044,0.0013475951,31858843,planet
1681.7609678408035,0.9991757,0.0013460575,31858843,planet
1681.7623567174592,1.0000502,0.0013470512,31858843,planet
1681.763745593648,1.0009699,0.0013474033,31858843,planet
1681.7651344703027,0.9992531,0.0013465072,31858843,planet
1681.7665233464927,0.99935544,0.0013465066,31858843,planet
1681.767912223148,1.0019271,0.0013467674,31858843,planet
1681.769301099338,1.0009202,0.0013476687,31858843,planet
1681.7706899755276,0.9981718,0.0013452548,31858843,planet
1681.7720788521824,1.0006204,0.001347025,31858843,planet
1681.7734677283715,1.0024227,0.0013472708,31858843,planet
1681.7748566045611,1.0005404,0.0013463475,31858843,planet
1681.7762454812168,0.9981993,0.0013461728,31858843,planet
1681.7776343574064,1.0003906,0.0013466298,31858843,planet
1681.7790232335965,1.0007652,0.0013471013,31858843,planet
1681.7804121102513,0.99907094,0.0013451094,31858843,planet
1681.7818009864402,1.0023564,0.0013470704,31858843,planet
1681.78318986263,0.9990429,0.0013465366,31858843,planet
1681.7845787392853,1.0001671,0.0013469715,31858843,planet
1681.7859676154753,0.99896497,0.0013450875,31858843,planet
1681.787356491665,1.0012423,0.0013473079,31858843,planet
1681.788745367855,1.001662,0.0013461058,31858843,planet
1681.7901342445095,0.99937904,0.0013457321,31858843,planet
1681.7915231206994,0.9987226,0.0013467852,31858843,planet
1681.7929119968899,0.99882835,0.0013458993,31858843,planet
1681.794300873079,0.9992278,0.0013463773,31858843,planet
1681.7956897497338,0.99875164,0.0013452638,31858843,planet
1681.7970786259234,1.0000664,0.0013464901,31858843,planet
1681.7984675021125,1.0007432,0.0013471681,31858843,planet
1681.7998563783024,1.0020791,0.0013466672,31858843,planet
1681.8012452544926,0.9990188,0.0013464004,31858843,planet
1681.8026341311474,1.0012833,0.0013456536,31858843,planet
1681.8040230073366,1.0016744,0.0013462567,31858843,planet
1681.8054118835266,0.9995977,0.0013456065,31858843,planet
1681.8068007597158,0.9990763,0.0013455021,31858843,planet
1681.8081896359054,0.99997526,0.0013470567,31858843,planet
1681.8095785120959,0.9981753,0.001345427,31858843,planet
1681.810967388285,0.99874383,0.0013455446,31858843,planet
1681.8123562644741,1.00109,0.001345453,31858843,planet
1681.8137451411294,1.00023,0.0013470656,31858843,planet
1681.8151340173185,1.001176,0.0013459896,31858843,planet
1681.8165228935086,1.0021737,0.0013474459,31858843,planet
1681.8179117696989,1.000669,0.0013456891,31858843,planet
1681.8193006458878,1.0011159,0.0013476803,31858843,planet
1681.820689522077,0.9993025,0.001346141,31858843,planet
1681.822078398267,0.9994233,0.0013465832,31858843,planet
1681.8234672744575,1.0006403,0.0013473368,31858843,planet
1681.824856150647,0.99917614,0.0013471047,31858843,planet
1681.8262450268362,0.99996257,0.0013460193,31858843,planet
1681.8276339030258,1.0009193,0.0013474228,31858843,planet
1681.829022779215,1.0002433,0.0013471388,31858843,planet
1681.830411655404,1.0026411,0.0013468106,31858843,planet
1681.8318005315946,1.000846,0.0013467737,31858843,planet
1681.8331894077846,1.002435,0.0013478374,31858843,planet
1681.8345782839735,1.003018,0.0013484511,31858843,planet
1681.8359671601634,0.9988804,0.0013457397,31858843,planet
1681.8373560358868,1.0008531,0.0013472249,31858843,planet
1681.838744912076,1.0014144,0.0013467086,31858843,planet
1681.8401337882665,0.99984354,0.0013464054,31858843,planet
1681.841522664456,1.0010754,0.0013472786,31858843,planet
1681.8429115406452,1.0027006,0.0013485089,31858843,planet
1681.844300416835,0.99834085,0.0013463561,31858843,planet
1681.845689293024,1.0010511,0.001346588,31858843,planet
1681.8470781687483,1.0001732,0.0013459859,31858843,planet
1681.8484670449388,0.9987609,0.0013459076,31858843,planet
1681.849855921128,1.0012963,0.001347007,31858843,planet
1681.8512447973171,1.0004646,0.0013459005,31858843,planet
1681.8526336735067,1.0016158,0.0013466381,31858843,planet
1681.8540225492302,0.99736303,0.0013462048,31858843,planet
1681.8554114254198,0.99980134,0.0013469032,31858843,planet
1681.8568003016103,0.9989723,0.001345244,31858843,planet
1681.8581891777994,1.0020972,0.0013478223,31858843,planet
1681.859578053523,1.0018457,0.0013466357,31858843,planet
1681.8609669297127,1.0025052,0.0013477195,31858843,planet
1681.8623558059026,0.99985933,0.0013460631,31858843,planet
1681.8637446820921,0.9999665,0.0013460168,31858843,planet
1681.8651335578165,1.000654,0.0013467793,31858843,planet
1681.8665224340061,0.9982536,0.0013449403,31858843,planet
1681.8679113101953,0.9982661,0.0013468766,31858843,planet
1681.8693001859187,0.9998577,0.001347183,31858843,planet
1681.8706890621086,0.998371,0.0013450101,31858843,planet
1681.8720779378327,0.9994412,0.0013464018,31858843,planet
1681.8734668140223,1.0002332,0.0013462147,31858843,planet
1681.8748556902124,0.9983678,0.001345313,31858843,planet
1681.8762445659358,0.9999549,0.001346298,31858843,planet
1681.877633442125,0.99981064,0.0013464746,31858843,planet
1681.8790223178498,0.9975245,0.0013461133,31858843,planet
1681.8804111940394,1.0004032,0.0013446378,31858843,planet
1681.881800069763,0.99935013,0.0013470321,31858843,planet
1681.8831889459525,1.0010879,0.0013470446,31858843,planet
1681.884577821676,1.0011281,0.0013479816,31858843,planet
1681.8859666978651,1.000594,0.0013457964,31858843,planet
1681.88735557359,0.9992884,0.0013456402,31858843,planet
1681.8887444497798,0.9995974,0.0013475108,31858843,planet
1681.890133325503,0.999029,0.0013454716,31858843,planet
1681.891522201693,1.0008898,0.0013463019,31858843,planet
1681.8929110774166,0.99813634,0.0013439006,31858843,planet
1681.8942999536057,0.9991812,0.0013452413,31858843,planet
1681.8956888293305,1.001295,0.0013469994,31858843,planet
1681.8970777050552,1.0014124,0.0013465129,31858843,planet
1681.898466581244,1.000293,0.0013455802,31858843,planet
1681.8998554569675,0.9981246,0.0013466922,31858843,planet
1681.9012443331576,0.99984086,0.001345104,31858843,planet
1681.902633208881,1.0007353,0.0013461993,31858843,planet
1681.904022084605,0.99816686,0.0013458156,31858843,planet
1681.9054109607955,1.0000957,0.0013465431,31858843,planet
1681.906799836519,0.9984463,0.001345663,31858843,planet
1681.9081887122425,1.0025063,0.0013468236,31858843,planet
1681.9095775879664,0.9978688,0.0013459624,31858843,planet
1681.9109664641564,0.999789,0.0013470224,31858843,planet
1681.9123553398804,1.0004543,0.0013451065,31858843,planet
1681.9137442156048,1.0001324,0.0013472545,31858843,planet
1681.915133091328,0.99886715,0.0013459886,31858843,planet
1681.916521967517,1.0027769,0.0013478218,31858843,planet
1681.9179108432413,1.0012023,0.0013464505,31858843,planet
1681.9192997189652,0.9994594,0.0013463451,31858843,planet
1681.9206885946896,1.0006844,0.0013474125,31858843,planet
1681.9220774704136,0.9992661,0.0013467469,31858843,planet
1681.923466346137,0.9995945,0.0013460423,31858843,planet
1681.9248552223262,0.998401,0.0013455104,31858843,planet
1681.9262440980501,1.0002383,0.001345861,31858843,planet
1681.9276329737745,0.99935174,0.001346405,31858843,planet
1681.9290218494984,1.0025077,0.0013471169,31858843,planet
1681.9304107252228,0.99991584,0.0013459153,31858843,planet
1681.9317996009468,0.9998018,0.0013471226,31858843,planet
1681.9331884766702,0.9998588,0.0013455573,31858843,planet
1681.9345773523937,0.9989898,0.0013458107,31858843,planet
1681.9359662281186,1.0014979,0.001346939,31858843,planet
1681.9373551038425,1.0002377,0.0013452743,31858843,planet
1681.938743979566,1.0009899,0.0013463227,31858843,planet
1681.9401328552904,1.0014685,0.0013474129,31858843,planet
1681.9415217310136,1.0005579,0.0013467137,31858843,planet
1681.9429106067378,0.99996084,0.0013464149,31858843,planet
1681.9442994824626,0.9991371,0.0013472196,31858843,planet
1681.945688358186,0.99944556,0.0013448845,31858843,planet
1681.947077233444,0.9988825,0.0013460547,31858843,planet
1681.9484661091678,1.0003754,0.0013460709,31858843,planet
1681.9498549848913,0.99975294,0.0013468086,31858843,planet
1681.9512438606153,0.99988407,0.0013456752,31858843,planet
1681.95263273634,1.0009803,0.0013469607,31858843,planet
1681.9540216120636,1.0003295,0.001345506,31858843,planet
1681.9554104873214,1.0016948,0.0013472775,31858843,planet
1681.9567993630458,1.0004123,0.0013458502,31858843,planet
1681.958188238769,0.9997708,0.0013459058,31858843,planet
1681.9595771144932,1.0008302,0.0013466214,31858843,planet
1681.9609659897524,1.0018029,0.0013465936,31858843,planet
1681.9623548654758,0.99912995,0.0013458866,31858843,planet
1681.9637437411993,1.0017706,0.0013468286,31858843,planet
1681.9651326164576,1.0009857,0.0013466009,31858843,planet
1681.9665214921824,1.0006312,0.0013460465,31858843,planet
1681.9679103679066,1.0015734,0.0013475573,31858843,planet
1681.9692992431642,0.9998114,0.0013453065,31858843,planet
1681.9706881188886,1.0006789,0.0013474027,31858843,planet
1681.972076994612,0.99995434,0.0013468605,31858843,planet
1681.9734658698699,0.99996185,0.0013463014,31858843,planet
1681.9748547455947,1.0026602,0.0013460201,31858843,planet
1681.976243620853,1.000144,0.0013463655,31858843,planet
1681.9776324965765,1.0019097,0.0013474893,31858843,planet
1681.9790213718347,0.9989395,0.0013469396,31858843,planet
1681.9804102475582,1.0017475,0.0013464887,31858843,planet
1681.981799122816,1.0013112,0.0013459509,31858843,planet
1681.9831879985409,1.000606,0.0013460754,31858843,planet
1681.9845768737996,0.9989596,0.0013463874,31858843,planet
1681.9859657490572,0.9996298,0.001345452,31858843,planet
1681.9873546247813,1.000341,0.0013465271,31858843,planet
1681.9887435000392,1.0014158,0.0013459164,31858843,planet
1681.9901323757626,1.0007453,0.0013471097,31858843,planet
1681.9915212510218,1.0009971,0.0013456302,31858843,planet
1681.99291012628,1.0001053,0.0013454386,31858843,planet
1681.9942990020036,1.001017,0.0013464529,31858843,planet
1681.9956878772618,0.99907285,0.001345774,31858843,planet
1681.9970767525197,1.0019217,0.0013476296,31858843,planet
1681.9984656277784,1.0002681,0.0013458433,31858843,planet
1681.9998545035032,0.9998675,0.0013465966,31858843,planet
1682.0012433787615,1.0020641,0.0013462813,31858843,planet
1682.0026322540193,0.9984901,0.0013452652,31858843,planet
1682.0040211292771,0.9998055,0.0013457971,31858843,planet
1682.0054100045354,1.0022619,0.0013470158,31858843,planet
1682.0067988802598,1.0012866,0.0013473014,31858843,planet
1682.008187755518,1.0002688,0.0013459848,31858843,planet
1682.0095766307768,0.99948245,0.0013468076,31858843,planet
1682.0109655060346,0.99864787,0.0013461539,31858843,planet
1682.0123543812922,1.0009441,0.0013460945,31858843,planet
1682.0137432565507,1.0010618,0.0013462801,31858843,planet
1682.015132131809,0.99908274,0.0013458654,31858843,planet
1682.0165210070677,1.0023081,0.001346262,31858843,planet
1682.017909882326,1.0007372,0.0013458336,31858843,planet
1682.0192987575838,1.0006545,0.0013463342,31858843,planet
1682.0206876328416,0.9993027,0.0013453559,31858843,planet
1682.0220765080999,1.0003107,0.0013463392,31858843,planet
1682.0234653833586,1.0010332,0.0013463858,31858843,planet
1682.0248542586169,1.0017544,0.0013470226,31858843,planet
1682.0262431338756,1.0013285,0.0013469055,31858843,planet
1682.0276320086678,1.0006882,0.0013465484,31858843,planet
1682.0290208839256,1.0009972,0.0013461564,31858843,planet
1682.0304097591845,0.9995407,0.0013469001,31858843,planet
1682.031798634443,0.9984791,0.0013452937,31858843,planet
1682.0331875097008,1.0002885,0.0013463697,31858843,planet
1682.0345763844934,1.0003922,0.0013450714,31858843,planet
1682.0359652597522,1.0010154,0.001346145,31858843,planet
1682.03735413501,1.0004026,0.0013464766,31858843,planet
1682.0387430102683,0.9988889,0.0013452517,31858843,planet
1682.0401318850618,1.0013002,0.0013462782,31858843,planet
1682.0415207603196,0.9998851,0.0013459607,31858843,planet
1682.0429096355774,0.9983775,0.0013461986,31858843,planet
1682.04429851037,1.0002168,0.0013457899,31858843,planet
1682.0456873856278,0.99839795,0.0013455555,31858843,planet
1682.047076260421,0.99916136,0.0013452359,31858843,planet
1682.0484651356799,1.0019245,0.0013471722,31858843,planet
1682.0498540104718,1.0018389,0.0013471585,31858843,planet
1682.0512428857296,1.0002393,0.00134646,31858843,planet
1682.0526317605227,1.0009875,0.0013476545,31858843,planet
1682.0540206357805,1.0008525,0.0013451958,31858843,planet
1682.055409510573,1.0014765,0.0013470182,31858843,planet
1682.0567983858323,0.99983484,0.0013475303,31858843,planet
1682.0581872606244,0.99988544,0.001345021,31858843,planet
1682.0595761354166,0.99859864,0.0013456808,31858843,planet
1682.0609650106749,0.9994975,0.0013459886,31858843,planet
1682.062353885468,1.0021331,0.0013481012,31858843,planet
1682.0637427602605,0.9997119,0.0013453052,31858843,planet
1682.0651316355193,1.0001658,0.0013459205,31858843,planet
1682.0665205103112,1.000684,0.001346249,31858843,planet
1682.0679093851031,1.0004482,0.0013460354,31858843,planet
1682.0692982598962,1.0010355,0.0013460965,31858843,planet
1682.0706871346897,0.99936676,0.0013464697,31858843,planet
1682.072076009948,0.99818707,0.0013453638,31858843,planet
1682.0734648847401,0.99976283,0.0013464687,31858843,planet
1682.074853759533,0.9971852,0.001345173,31858843,planet
1682.076242634325,0.9995486,0.0013453244,31858843,planet
1682.077631509117,1.0013574,0.0013479096,31858843,planet
1682.0790203839106,1.00118,0.0013463768,31858843,planet
1682.0804092587036,1.0001111,0.0013455111,31858843,planet
1682.0817981334958,1.0017244,0.0013469602,31858843,planet
1682.0831870082884,1.0003436,0.0013469148,31858843,planet
1682.0845758830806,1.0029365,0.001346862,31858843,planet
1682.0859647578727,0.9980179,0.0013455983,31858843,planet
1682.0873536326662,1.0003914,0.001347039,31858843,planet
1682.0887425074588,1.0015961,0.0013472472,31858843,planet
1682.090131382251,1.0004799,0.0013459945,31858843,planet
1682.0915202565784,1.0020472,0.0013471104,31858843,planet
1682.0929091313703,1.002987,0.0013478572,31858843,planet
1682.0942980061632,0.99932575,0.0013450978,31858843,planet
1682.0956868809567,0.99900675,0.0013455036,31858843,planet
1682.0970757552832,1.0001433,0.0013454191,31858843,planet
1682.0984646300753,1.000512,0.001346256,31858843,planet
1682.099853504868,1.0004532,0.0013472124,31858843,planet
1682.1012423791944,0.99937147,0.0013458472,31858843,planet
1682.102631253987,1.0002584,0.0013458795,31858843,planet
1682.1040201287806,0.9993759,0.0013460733,31858843,planet
1682.105409003108,1.0008131,0.0013469312,31858843,planet
1682.1067978779001,1.0016129,0.0013469561,31858843,planet
1682.1081867522266,1.0014323,0.00134658,31858843,planet
1682.1095756270192,1.0013976,0.0013473709,31858843,planet
1682.1109645013462,1.0001533,0.0013460905,31858843,planet
1682.1123533761393,1.0002463,0.0013457285,31858843,planet
1682.1137422504662,1.0009459,0.0013463601,31858843,planet
1682.1151311247927,0.9994344,0.001346486,31858843,planet
1682.1165199995849,1.000839,0.0013461566,31858843,planet
1682.1179088739127,1.0014257,0.0013479054,31858843,planet
1682.11929774824,1.0018847,0.0013463652,31858843,planet
1682.1206866230318,0.99960196,0.0013460781,31858843,planet
1682.1220754973592,0.99949783,0.0013463442,31858843,planet
1682.1234643716857,1.0025963,0.0013471259,31858843,planet
1682.1248532460122,1.001089,0.0013460167,31858843,planet
1682.1262421208057,1.0019156,0.0013459811,31858843,planet
1682.1276309951327,1.0013546,0.0013429242,31858843,planet
1682.1290198694592,1.0004594,0.0013436488,31858843,planet
1682.1304087437861,1.0014191,0.0013453192,31858843,planet
1682.1317976181126,1.0015441,0.0013446389,31858843,planet
1682.133186492439,1.0023785,0.0013432543,31858843,planet
1682.134575366767,1.0045547,0.001342329,31858843,planet
1682.1359642410941,1.0004,0.0013443591,31858843,planet
1682.1373531154204,1.0026116,0.0013441284,31858843,planet
1682.1387419897478,0.9995371,0.0013442799,31858843,planet
1682.1401308640748,0.99943936,0.0013418358,31858843,planet
1682.1415197384013,1.0019859,0.0013443808,31858843,planet
1682.142908612263,1.0013717,0.0013455849,31858843,planet
1682.1442974865909,1.0020928,0.001343703,31858843,planet
1682.1456863609171,1.0021591,0.0013432552,31858843,planet
1682.1470752352434,1.0045382,0.0013453865,31858843,planet
1682.1484641091051,1.0028577,0.0013427641,31858843,planet
1682.149852983432,1.0028415,0.0013427662,31858843,planet
1682.1512418577595,1.0026203,0.0013455441,31858843,planet
1682.1526307316208,0.9992832,0.0013417773,31858843,planet
1682.1540196059473,1.0005045,0.0013413428,31858843,planet
1682.155408479808,1.0005388,0.001343403,31858843,planet
1682.156797354135,1.0028354,0.0013448512,31858843,planet
1682.1581862279968,1.0006722,0.0013424472,31858843,planet
1682.1595751023237,1.0047207,0.0013448849,31858843,planet
1682.1609639761855,1.0017586,0.0013432216,31858843,planet
1682.1623528505118,1.0029806,0.001344911,31858843,planet
1682.1637417243724,1.002454,0.0013435995,31858843,planet
1682.165130598234,1.0003469,0.0013431896,31858843,planet
1682.166519472561,1.0000666,0.0013436866,31858843,planet
1682.1679083464228,1.0017968,0.001343743,31858843,planet
1682.169297220284,0.9999344,0.0013402317,31858843,planet
1682.170686094145,1.0019059,0.0013435745,31858843,planet
1682.1720749684714,1.0016304,0.0013441293,31858843,planet
1682.1734638423327,1.0031153,0.0013439204,31858843,planet
1682.184574833224,1.0013807,0.0013444519,31858843,planet
1682.1859637070847,1.0044614,0.0013450468,31858843,planet
1682.1873525804808,1.0017166,0.0013430247,31858843,planet
1682.1887414543414,1.0035851,0.0013454016,31858843,planet
1682.190130328203,1.0026405,0.0013446598,31858843,planet
1682.1915192020651,1.0021291,0.0013440325,31858843,planet
1682.1929080754603,1.0024729,0.0013434868,31858843,planet
1682.1942969493211,1.0040078,0.0013455718,31858843,planet
1682.1956858231824,1.0024165,0.0013438468,31858843,planet
1682.1970746965776,1.0018948,0.0013447106,31858843,planet
1682.1984635704391,1.0030481,0.001344245,31858843,planet
1682.1998524438354,1.0030137,0.001345193,31858843,planet
1682.2012413176963,1.0039945,0.0013450925,31858843,planet
1682.2026301910914,1.0035657,0.0013450137,31858843,planet
1682.2040190649532,1.0053622,0.001345467,31858843,planet
1682.2054079383483,1.0005962,0.0013432752,31858843,planet
1682.206796811744,1.0020278,0.0013447123,31858843,planet
1682.2081856851405,1.003058,0.0013447445,31858843,planet
1682.2095745590018,1.00093,0.0013443265,31858843,planet
1682.210963432397,0.99881566,0.0013436866,31858843,planet
1682.2123523057921,1.0020921,0.0013431971,31858843,planet
1682.2137411791887,1.001737,0.0013426924,31858843,planet
1682.2151300525848,1.0020537,0.0013433855,31858843,planet
1682.2165189259797,1.0039855,0.0013449595,31858843,planet
1682.2179077998412,1.001581,0.0013451256,31858843,planet
1682.2192966732364,1.004569,0.0013447198,31858843,planet
1682.220685546166,1.002479,0.0013439022,31858843,planet
1682.2220744195624,1.0025592,0.0013443922,31858843,planet
1682.223463292958,1.0021385,0.0013451851,31858843,planet
1682.2248521663532,1.002665,0.0013446506,31858843,planet
1682.2262410397489,1.0014627,0.001343597,31858843,planet
1682.227629913144,1.0014703,0.0013438798,31858843,planet
1682.2290187860735,1.0018742,0.0013444822,31858843,planet
1682.23040765947,1.0023048,0.0013438446,31858843,planet
1682.2317965328662,1.0031735,0.0013451104,31858843,planet
1682.2331854057957,1.0017058,0.0013440939,31858843,planet
1682.2345742791913,1.0019386,0.0013440449,31858843,planet
1682.2359631525865,1.0022343,0.0013447474,31858843,planet
1682.2373520255164,1.0027589,0.0013442617,31858843,planet
1682.238740898913,1.003954,0.0013451852,31858843,planet
1682.2401297718434,1.0035336,0.0013454267,31858843,planet
1682.241518644773,1.0017066,0.001344698,31858843,planet
1682.2429075181678,1.0027168,0.0013450165,31858843,planet
1682.244296391098,1.0010691,0.0013439512,31858843,planet
1682.245685264028,1.0021201,0.0013446275,31858843,planet
1682.247074137424,1.0020546,0.0013446574,31858843,planet
1682.248463010354,1.0025021,0.0013451752,31858843,planet
1682.2498518832836,1.0008548,0.001343343,31858843,planet
1682.251240756213,1.0006955,0.0013431732,31858843,planet
1682.252629629143,1.0036535,0.0013450902,31858843,planet
1682.2540185020734,1.0022224,0.0013449412,31858843,planet
1682.2554073750034,1.0032393,0.0013448885,31858843,planet
1682.2567962479338,1.0022042,0.0013447853,31858843,planet
1682.2581851208633,1.0007961,0.0013437766,31858843,planet
1682.2595739937929,1.001403,0.0013444748,31858843,planet
1682.2609628667228,1.0024477,0.0013448094,31858843,planet
1682.2623517391871,1.0015826,0.0013440873,31858843,planet
1682.2637406121175,1.0019372,0.0013447315,31858843,planet
1682.2651294850475,0.99979544,0.0013444349,31858843,planet
1682.2665183575114,1.000203,0.0013447648,31858843,planet
1682.2679072304409,1.0003573,0.0013439673,31858843,planet
1682.2692961033717,1.0013725,0.0013443629,31858843,planet
1682.2706849758363,0.9994232,0.0013435568,31858843,planet
1682.2720738487656,1.0011563,0.0013438815,31858843,planet
1682.2734627212303,1.0001057,0.0013444636,31858843,planet
1682.2748515936946,1.0005699,0.0013437344,31858843,planet
1682.2762404666241,1.0031279,0.0013449055,31858843,planet
1682.277629339089,1.0022972,0.001344843,31858843,planet
1682.2790182115539,1.0022751,0.0013438214,31858843,planet
1682.2804070844832,1.0022656,0.0013447095,31858843,planet
1682.281795956947,1.0043738,0.0013456536,31858843,planet
1682.2831848294118,1.000738,0.001344119,31858843,planet
1682.2845737018756,1.0026999,0.0013442624,31858843,planet
1682.28596257434,1.0004162,0.001343408,31858843,planet
1682.2873514468051,1.0006795,0.0013438524,31858843,planet
1682.288740319269,1.0001317,0.0013431465,31858843,planet
1682.2901291917328,1.0016451,0.0013446667,31858843,planet
1682.2915180641971,1.0033184,0.0013455852,31858843,planet
1682.292906936661,1.0028269,0.0013446754,31858843,planet
1682.29429580866,1.0048697,0.0013455251,31858843,planet
1682.2956846811253,1.0005803,0.0013440207,31858843,planet
1682.297073553589,1.0019168,0.0013448074,31858843,planet
1682.2984624255869,1.0023097,0.0013443871,31858843,planet
1682.2998512980516,1.0016671,0.0013444915,31858843,planet
1682.3012401700503,1.0032097,0.0013451383,31858843,planet
1682.302629042515,1.0023917,0.0013448676,31858843,planet
1682.3040179145137,1.0012777,0.0013442881,31858843,planet
1682.3054067869775,1.0024066,0.0013450149,31858843,planet
1682.3067956589757,1.0016994,0.001344897,31858843,planet
1682.3081845309744,1.0010072,0.0013437235,31858843,planet
1682.3095734034396,1.0042498,0.00134474,31858843,planet
1682.3109622754387,1.0004419,0.0013448432,31858843,planet
1682.3123511474369,1.0017643,0.0013445669,31858843,planet
1682.3137400194355,1.0017552,0.0013440545,31858843,planet
1682.3151288914337,1.0032473,0.0013444959,31858843,planet
1682.3165177634319,1.0015146,0.0013441734,31858843,planet
1682.3179066354314,1.0022265,0.0013437136,31858843,planet
1682.31929550743,1.0015063,0.0013434674,31858843,planet
1682.3206843794283,1.001186,0.0013437094,31858843,planet
1682.3220732514274,1.0007575,0.0013431283,31858843,planet
1682.3234621234253,0.99857867,0.001341792,31858843,planet
1682.3248509949576,0.9975032,0.0013417565,31858843,planet
1682.3262398669572,0.9944378,0.0013388305,31858843,planet
1682.3276287389563,0.9972547,0.0013404267,31858843,planet
1682.3290176104888,0.9959122,0.0013399756,31858843,planet
1682.3304064824874,0.9956139,0.0013407146,31858843,planet
1682.33179535402,0.9948994,0.0013399624,31858843,planet
1682.3331842260186,0.9956241,0.0013391422,31858843,planet
1682.3345730975525,0.9935435,0.0013385201,31858843,planet
1682.3359619695507,0.9921408,0.0013385287,31858843,planet
1682.3373508410832,0.9946197,0.0013387717,31858843,planet
1682.3387397126166,0.99410325,0.0013385189,31858843,planet
1682.340128584149,0.99294496,0.0013392349,31858843,planet
1682.3415174556822,0.9934789,0.0013387953,31858843,planet
1682.342906327216,0.99255145,0.0013379201,31858843,planet
1682.344295198749,0.9945239,0.0013375964,31858843,planet
1682.3456840702815,0.99336016,0.0013386444,31858843,planet
1682.347072941814,0.9932612,0.001338183,31858843,planet
1682.3484618133475,0.99281305,0.0013388604,31858843,planet
1682.3498506848805,0.9942647,0.0013381885,31858843,planet
1682.3512395564135,0.99477637,0.0013388152,31858843,planet
1682.352628427947,0.99364704,0.0013383133,31858843,planet
1682.3540172990138,0.99462605,0.0013382969,31858843,planet
1682.3554061705463,0.9942719,0.0013388477,31858843,planet
1682.3567950416136,0.99513143,0.0013383224,31858843,planet
1682.3581839131468,0.99339974,0.0013386687,31858843,planet
1682.3595727842144,0.9973004,0.0013386707,31858843,planet
1682.3609616557474,0.99489397,0.0013384046,31858843,planet
1682.3623505268142,0.99556077,0.0013381729,31858843,planet
