time,flux,flux_err,tic_id,label
1571.6357224289338,1.002302,0.012680239,5868998,eclipsing_binary
1571.637111340978,1.0193545,0.012695137,5868998,eclipsing_binary
1571.6385002530226,0.98999786,0.012666897,5868998,eclipsing_binary
1571.639889165066,0.9697963,0.012646843,5868998,eclipsing_binary
1571.6412780771095,1.012084,0.012683197,5868998,eclipsing_binary
1571.6426669891541,0.9789049,0.012660237,5868998,eclipsing_binary
1571.6440559011983,0.99953246,0.012691369,5868998,eclipsing_binary
1571.645444813242,0.99889106,0.012670079,5868998,eclipsing_binary
1571.6468337252857,0.9987673,0.0126509,5868998,eclipsing_binary
1571.6482226373298,0.9959859,0.012656502,5868998,eclipsing_binary
1571.6496115493735,0.9925879,0.012644394,5868998,eclipsing_binary
1571.6510004614172,0.98723656,0.01263489,5868998,eclipsing_binary
1571.6523893734613,0.9990741,0.01264847,5868998,eclipsing_binary
1571.653778285506,1.0098664,0.012707725,5868998,eclipsing_binary
1571.6551671975496,1.0129545,0.012671589,5868998,eclipsing_binary
1571.6565561095933,1.0091197,0.012680922,5868998,eclipsing_binary
1571.6579450216375,0.9929616,0.012642999,5868998,eclipsing_binary
1571.659333933216,1.0197452,0.012676401,5868998,eclipsing_binary
1571.6607228452597,1.0064015,0.012655475,5868998,eclipsing_binary
1571.6621117573043,1.0114692,0.012656262,5868998,eclipsing_binary
1571.663500669349,1.0019183,0.012630754,5868998,eclipsing_binary
1571.6648895813935,1.001591,0.012648188,5868998,eclipsing_binary
1571.6662784934372,1.0208347,0.012671512,5868998,eclipsing_binary
1571.6676674054809,0.9989753,0.012636646,5868998,eclipsing_binary
1571.669056317525,1.0184635,0.012667386,5868998,eclipsing_binary
1571.6704452295687,0.98137146,0.012613027,5868998,eclipsing_binary
1571.6718341416124,1.0018963,0.0126310345,5868998,eclipsing_binary
1571.6732230536566,0.99650156,0.012613338,5868998,eclipsing_binary
1571.6746119652355,1.0197201,0.012642681,5868998,eclipsing_binary
1571.676000877279,0.9856088,0.012618723,5868998,eclipsing_binary
1571.6773897893224,0.9878289,0.012635862,5868998,eclipsing_binary
1571.678778701367,0.9954954,0.01262735,5868998,eclipsing_binary
1571.6801676134112,1.0017459,0.012618078,5868998,eclipsing_binary
1571.6815565254549,0.9883455,0.0125970915,5868998,eclipsing_binary
1571.6829454374986,0.99379313,0.01261314,5868998,eclipsing_binary
1571.6843343495427,0.9915577,0.01259937,5868998,eclipsing_binary
1571.6857232615864,0.99533933,0.012588005,5868998,eclipsing_binary
1571.6871121731645,0.9888793,0.012604403,5868998,eclipsing_binary
1571.6885010852086,1.0149696,0.01261859,5868998,eclipsing_binary
1571.6898899972532,1.0177618,0.012625878,5868998,eclipsing_binary
1571.691278909297,1.0058577,0.012629884,5868998,eclipsing_binary
1571.6926678213406,0.9979099,0.0125812255,5868998,eclipsing_binary
1571.6940567333847,1.0094101,0.0125943795,5868998,eclipsing_binary
1571.695445645429,0.982137,0.0125550665,5868998,eclipsing_binary
1571.696834557007,0.98654306,0.012572538,5868998,eclipsing_binary
1571.6982234690506,1.0124286,0.012587795,5868998,eclipsing_binary
1571.699612381095,1.0158997,0.012589666,5868998,eclipsing_binary
1571.7010012931398,0.9860389,0.012556206,5868998,eclipsing_binary
1571.7023902051844,1.0138007,0.012594024,5868998,eclipsing_binary
1571.7037791172281,0.9969037,0.012565667,5868998,eclipsing_binary
1571.7051680292723,1.0124202,0.012601437,5868998,eclipsing_binary
1571.7065569408503,0.979437,0.012517721,5868998,eclipsing_binary
1571.707945852894,1.0181047,0.012578656,5868998,eclipsing_binary
1571.7093347649381,1.0110914,0.012564964,5868998,eclipsing_binary
1571.7107236769828,1.0097264,0.01255813,5868998,eclipsing_binary
1571.7121125890262,1.0012506,0.012544234,5868998,eclipsing_binary
1571.7135015010697,1.0039532,0.012563272,5868998,eclipsing_binary
1571.7148904126486,0.98415834,0.012536689,5868998,eclipsing_binary
1571.7162793246928,0.99609584,0.012526288,5868998,eclipsing_binary
1571.7176682367365,1.0183123,0.012540741,5868998,eclipsing_binary
1571.7190571487802,1.0177314,0.01254647,5868998,eclipsing_binary
1571.7204460608243,1.0043156,0.012529217,5868998,eclipsing_binary
1571.7218349724023,0.9869515,0.012487271,5868998,eclipsing_binary
1571.723223884446,0.99067986,0.012502441,5868998,eclipsing_binary
1571.7246127964902,0.9936458,0.012497761,5868998,eclipsing_binary
1571.7260017085348,0.9976425,0.012498107,5868998,eclipsing_binary
1571.7273906205785,1.0142088,0.0125080915,5868998,eclipsing_binary
1571.7287795321565,0.9744995,0.012446772,5868998,eclipsing_binary
1571.7301684442007,1.0023065,0.01248079,5868998,eclipsing_binary
1571.7315573562448,0.99417984,0.012482658,5868998,eclipsing_binary
1571.7329462682885,1.0162973,0.012511422,5868998,eclipsing_binary
1571.7343351803322,1.008302,0.012475487,5868998,eclipsing_binary
1571.735724091911,1.0023108,0.012471678,5868998,eclipsing_binary
1571.7371130039553,1.0082725,0.012473742,5868998,eclipsing_binary
1571.738501915999,0.9855252,0.012436449,5868998,eclipsing_binary
1571.7398908280427,1.0008589,0.012461104,5868998,eclipsing_binary
1571.741279739622,1.0001544,0.012448164,5868998,eclipsing_binary
1571.7426686516662,1.003234,0.012453748,5868998,eclipsing_binary
1571.74405756371,1.0094109,0.012444694,5868998,eclipsing_binary
1571.745446475754,1.0346751,0.012488169,5868998,eclipsing_binary
1571.7468353877987,0.9669645,0.012390021,5868998,eclipsing_binary
1571.7482242993765,1.0249277,0.0124381725,5868998,eclipsing_binary
1571.74961321142,1.0045083,0.012432356,5868998,eclipsing_binary
1571.7510021234646,1.0048716,0.01241309,5868998,eclipsing_binary
1571.7523910355087,0.98327273,0.012387602,5868998,eclipsing_binary
1571.7537799470867,0.9683143,0.012368931,5868998,eclipsing_binary
1571.7551688591304,0.993631,0.012408145,5868998,eclipsing_binary
1571.7565577711746,0.9832941,0.012414279,5868998,eclipsing_binary
1571.7579466832192,0.9963447,0.012385159,5868998,eclipsing_binary
1571.759335594797,0.99861276,0.012375349,5868998,eclipsing_binary
1571.7607245068405,1.0141582,0.012405715,5868998,eclipsing_binary
1571.762113418885,1.0090278,0.012390787,5868998,eclipsing_binary
1571.763502330463,1.0022634,0.012363911,5868998,eclipsing_binary
1571.7648912425068,1.002456,0.012353297,5868998,eclipsing_binary
1571.766280154551,1.0011601,0.012361097,5868998,eclipsing_binary
1571.767669066595,1.0072534,0.012358375,5868998,eclipsing_binary
1571.7690579781731,1.0033839,0.012349552,5868998,eclipsing_binary
1571.7704468902168,1.0125693,0.012345009,5868998,eclipsing_binary
1571.7718358022612,1.0178572,0.012350675,5868998,eclipsing_binary
1571.77322471384,1.0054891,0.0123403985,5868998,eclipsing_binary
1571.7746136258836,1.0164543,0.012339665,5868998,eclipsing_binary
1571.7760025379273,1.0027716,0.012339284,5868998,eclipsing_binary
1571.7773914499714,1.0003517,0.012299277,5868998,eclipsing_binary
1571.7787803615495,1.0181692,0.012333992,5868998,eclipsing_binary
1571.7801692735932,0.99325335,0.0122752795,5868998,eclipsing_binary
1571.7815581856382,1.0006152,0.012284079,5868998,eclipsing_binary
1571.7829470972176,0.9916988,0.012288356,5868998,eclipsing_binary
1571.784336009261,1.018128,0.012301673,5868998,eclipsing_binary
1571.7857249213046,1.0013819,0.0122686485,5868998,eclipsing_binary
1571.7871138328835,1.0034922,0.012276063,5868998,eclipsing_binary
1571.7885027449277,1.0009851,0.012268467,5868998,eclipsing_binary
1571.7898916569713,0.99208975,0.012258724,5868998,eclipsing_binary
1571.7912805685494,0.9887154,0.012244062,5868998,eclipsing_binary
1571.7926694805935,1.0159962,0.012274777,5868998,eclipsing_binary
1571.7940583926381,0.98913205,0.012238389,5868998,eclipsing_binary
1571.795447304216,0.99927765,0.012276243,5868998,eclipsing_binary
1571.7968362162594,0.98829764,0.012244184,5868998,eclipsing_binary
1571.798225128304,1.0035005,0.0122246165,5868998,eclipsing_binary
1571.799614039882,0.99149024,0.012220096,5868998,eclipsing_binary
1571.8010029519257,1.003438,0.012209981,5868998,eclipsing_binary
1571.80239186397,0.99359053,0.012239777,5868998,eclipsing_binary
1571.8037807755484,0.9862107,0.012200857,5868998,eclipsing_binary
1571.805169687592,0.9992304,0.012207008,5868998,eclipsing_binary
1571.8065585996358,1.0194019,0.012232143,5868998,eclipsing_binary
1571.8079475112145,1.0147368,0.012231795,5868998,eclipsing_binary
1571.8093364232589,1.0001181,0.012182125,5868998,eclipsing_binary
1571.810725334837,1.0160927,0.012232807,5868998,eclipsing_binary
1571.8121142468806,0.99814934,0.012187118,5868998,eclipsing_binary
1571.8135031589247,0.9829632,0.012177708,5868998,eclipsing_binary
1571.8148920705028,1.0102115,0.012208296,5868998,eclipsing_binary
1571.8162809825465,0.9990328,0.012189672,5868998,eclipsing_binary
1571.8176698945906,1.0186061,0.012195581,5868998,eclipsing_binary
1571.8190588061696,0.9736897,0.012150021,5868998,eclipsing_binary
1571.820447718213,0.96746707,0.0121362675,5868998,eclipsing_binary
1571.8218366297917,0.9742538,0.012136617,5868998,eclipsing_binary
1571.8232255418368,0.97265637,0.012116039,5868998,eclipsing_binary
1571.824614453881,0.97680455,0.012107952,5868998,eclipsing_binary
1571.826003365459,0.97238475,0.01210636,5868998,eclipsing_binary
1571.8273922775027,0.96972144,0.0121063255,5868998,eclipsing_binary
1571.8287811890812,0.96416956,0.01209969,5868998,eclipsing_binary
1571.8301701011258,0.95339835,0.012069996,5868998,eclipsing_binary
1571.8315590131692,0.9539643,0.012078711,5868998,eclipsing_binary
1571.832947924747,0.967913,0.012135647,5868998,eclipsing_binary
1571.8343368367916,0.95049566,0.012056901,5868998,eclipsing_binary
1571.8357257483697,0.94566494,0.012046458,5868998,eclipsing_binary
1571.8371146604134,0.94019943,0.01204305,5868998,eclipsing_binary
1571.8385035719919,0.9445995,0.012040492,5868998,eclipsing_binary
1571.839892484036,0.9640046,0.012063707,5868998,eclipsing_binary
1571.8412813960797,0.9458523,0.0120383855,5868998,eclipsing_binary
1571.8426703076577,0.941943,0.012038755,5868998,eclipsing_binary
1571.844059219702,0.9508001,0.012036113,5868998,eclipsing_binary
1571.8454481312808,0.9663197,0.012062693,5868998,eclipsing_binary
1571.8468370433245,0.95391816,0.012047745,5868998,eclipsing_binary
1571.8482259549025,0.94847417,0.012053494,5868998,eclipsing_binary
1571.8496148669467,0.95614713,0.012051046,5868998,eclipsing_binary
1571.8510037785247,0.970494,0.01206182,5868998,eclipsing_binary
1571.8523926905684,0.9633186,0.012059427,5868998,eclipsing_binary
1571.8537816026126,0.9660062,0.01203731,5868998,eclipsing_binary
1571.8551705141915,0.96133304,0.012032029,5868998,eclipsing_binary
1571.856559426235,0.9640209,0.012025758,5868998,eclipsing_binary
1571.8579483378128,0.9684836,0.012037467,5868998,eclipsing_binary
1571.8593372498574,0.9840072,0.012052365,5868998,eclipsing_binary
1571.8607261614359,0.97766495,0.012060008,5868998,eclipsing_binary
1571.8621150734803,1.0100522,0.012092759,5868998,eclipsing_binary
1571.863503985059,0.98508185,0.012053245,5868998,eclipsing_binary
1571.8648928971031,0.9905724,0.012066349,5868998,eclipsing_binary
1571.866281808682,1.0074459,0.0120784845,5868998,eclipsing_binary
1571.8676707207255,0.99948317,0.012053925,5868998,eclipsing_binary
1571.8690596323033,0.99118435,0.012051442,5868998,eclipsing_binary
1571.870448544348,1.0042429,0.012070743,5868998,eclipsing_binary
1571.871837455926,1.0162586,0.012116414,5868998,eclipsing_binary
1571.8732263679697,1.0159634,0.012063941,5868998,eclipsing_binary
1571.8746152795482,1.0056287,0.01204866,5868998,eclipsing_binary
1571.8760041915923,1.0068214,0.012052805,5868998,eclipsing_binary
1571.8773931031703,0.9907674,0.012026418,5868998,eclipsing_binary
1571.878782015214,0.97894704,0.012006369,5868998,eclipsing_binary
1571.8801709267927,0.9846584,0.012023548,5868998,eclipsing_binary
1571.8815598388371,0.9832315,0.0120136775,5868998,eclipsing_binary
1571.8829487504152,1.0150846,0.012043352,5868998,eclipsing_binary
1571.8843376624588,0.98388076,0.012007108,5868998,eclipsing_binary
1571.8857265740373,1.029813,0.012068472,5868998,eclipsing_binary
1571.8871154856158,1.0127711,0.012054251,5868998,eclipsing_binary
1571.8885043976595,1.0068026,0.012026768,5868998,eclipsing_binary
1571.8898933092376,0.982548,0.01201901,5868998,eclipsing_binary
1571.8912822212822,0.98429364,0.011993482,5868998,eclipsing_binary
1571.89267113286,0.99338734,0.012013958,5868998,eclipsing_binary
1571.8940600449034,0.99395996,0.012067952,5868998,eclipsing_binary
1571.8954489564824,0.9895263,0.011999818,5868998,eclipsing_binary
1571.8968378685265,0.9929123,0.012024884,5868998,eclipsing_binary
1571.8982267801046,1.0142905,0.012038302,5868998,eclipsing_binary
1571.8996156916826,0.994296,0.012075855,5868998,eclipsing_binary
1571.9010046037267,0.9957765,0.012020925,5868998,eclipsing_binary
1571.9023935153057,1.0139185,0.01202907,5868998,eclipsing_binary
1571.9037824273498,1.0191652,0.012039859,5868998,eclipsing_binary
1571.9051713389283,0.9964546,0.011997713,5868998,eclipsing_binary
1571.906560250973,0.99608916,0.0120466305,5868998,eclipsing_binary
1571.907949162551,1.0026268,0.0120292725,5868998,eclipsing_binary
1571.909338074129,1.0022588,0.012008943,5868998,eclipsing_binary
1571.9107269861731,1.0091789,0.012015372,5868998,eclipsing_binary
1571.9121158977516,0.9826235,0.011989629,5868998,eclipsing_binary
1571.9135048097953,0.98451436,0.0119923195,5868998,eclipsing_binary
1571.9148937213733,1.0109743,0.012065622,5868998,eclipsing_binary
1571.916282632952,0.9793272,0.011989387,5868998,eclipsing_binary
1571.9176715449964,0.99822044,0.012013447,5868998,eclipsing_binary
1571.9190604565745,1.0177057,0.01202838,5868998,eclipsing_binary
1571.9204493686182,0.9906246,0.011992065,5868998,eclipsing_binary
1571.9218382801967,0.98466206,0.011996306,5868998,eclipsing_binary
1571.9232271917751,1.0092266,0.012035091,5868998,eclipsing_binary
1571.9246161038188,0.978843,0.011969462,5868998,eclipsing_binary
1571.9260050153969,0.9992022,0.01200794,5868998,eclipsing_binary
1571.9273939269758,0.9953099,0.011997207,5868998,eclipsing_binary
1571.9287828390193,0.9927086,0.01198594,5868998,eclipsing_binary
1571.930171750597,1.0145104,0.012029561,5868998,eclipsing_binary
1571.9315606626417,0.9942168,0.012001994,5868998,eclipsing_binary
1571.9329495742202,1.007,0.011995609,5868998,eclipsing_binary
1571.9343384857982,1.0191319,0.012023865,5868998,eclipsing_binary
1571.935727397842,1.0137153,0.012001836,5868998,eclipsing_binary
1571.9371163094204,1.0075929,0.012004838,5868998,eclipsing_binary
1571.9385052209993,0.99944776,0.011992103,5868998,eclipsing_binary
1571.9398941330428,0.9933973,0.01200384,5868998,eclipsing_binary
1571.9412830446206,0.9861578,0.012024441,5868998,eclipsing_binary
1571.9426719561995,1.006653,0.012009784,5868998,eclipsing_binary
1571.9440608682432,0.995179,0.011981874,5868998,eclipsing_binary
1571.9454497798217,1.0113983,0.012007796,5868998,eclipsing_binary
1571.9468386914011,1.0044744,0.011976014,5868998,eclipsing_binary
1571.9482276034453,1.0007205,0.011989948,5868998,eclipsing_binary
1571.9496165150233,1.0189224,0.01199214,5868998,eclipsing_binary
1571.9510054266013,1.0050262,0.011969368,5868998,eclipsing_binary
1571.9523943386457,1.0078793,0.0119814025,5868998,eclipsing_binary
1571.9537832502244,1.0057478,0.012035804,5868998,eclipsing_binary
1571.9551721618025,1.0056888,0.011967602,5868998,eclipsing_binary
1571.9565610733805,1.0001456,0.011989315,5868998,eclipsing_binary
1571.9579499854246,1.0040723,0.011967795,5868998,eclipsing_binary
1571.9593388970031,1.0155149,0.012011575,5868998,eclipsing_binary
1571.9607278085812,1.0088649,0.011988269,5868998,eclipsing_binary
1571.9621167206249,1.0080696,0.011980301,5868998,eclipsing_binary
1571.9635056322038,1.0169151,0.011978804,5868998,eclipsing_binary
1571.9648945437816,1.0130589,0.011995339,5868998,eclipsing_binary
1571.966283455825,0.9941562,0.011961278,5868998,eclipsing_binary
1571.967672367404,1.0180482,0.011990808,5868998,eclipsing_binary
1571.9690612789825,0.99964356,0.011969424,5868998,eclipsing_binary
1571.9704501905605,1.0080994,0.011975316,5868998,eclipsing_binary
1571.9718391026042,1.0133407,0.0119788265,5868998,eclipsing_binary
1571.9732280141827,1.020456,0.011991793,5868998,eclipsing_binary
1571.9746169257617,0.9966002,0.011950068,5868998,eclipsing_binary
1571.9760058373395,1.0055782,0.0119760875,5868998,eclipsing_binary
1571.977394749383,0.99907726,0.011950538,5868998,eclipsing_binary
1571.9787836609619,0.98589385,0.011926602,5868998,eclipsing_binary
1571.98017257254,1.0199844,0.011972792,5868998,eclipsing_binary
1571.981561484118,1.0137558,0.012013652,5868998,eclipsing_binary
1571.982950396162,0.99351066,0.011934139,5868998,eclipsing_binary
1571.9843393077406,1.0017358,0.011944425,5868998,eclipsing_binary
1571.9857282193186,1.0093318,0.011949951,5868998,eclipsing_binary
1571.9871171308976,1.007306,0.011963891,5868998,eclipsing_binary
1571.9885060424767,0.9959542,0.0119713005,5868998,eclipsing_binary
1571.989894954521,1.0048419,0.011938329,5868998,eclipsing_binary
1571.9912838660991,0.98863494,0.011956159,5868998,eclipsing_binary
1571.9926727776772,1.0167152,0.011977787,5868998,eclipsing_binary
1571.9940616892557,0.99077773,0.011910385,5868998,eclipsing_binary
1571.9954506013,0.99786097,0.011926973,5868998,eclipsing_binary
1571.9968395128778,1.0071698,0.011943309,5868998,eclipsing_binary
1571.9982284244559,1.0068944,0.011941384,5868998,eclipsing_binary
1571.9996173360348,0.9892067,0.011907332,5868998,eclipsing_binary
1572.0010062476126,1.0143226,0.011941177,5868998,eclipsing_binary
1572.002395159656,1.000445,0.0119278915,5868998,eclipsing_binary
1572.003784071235,0.99379575,0.011900021,5868998,eclipsing_binary
1572.0051729828135,1.0009701,0.011927231,5868998,eclipsing_binary
1572.0065618943916,0.9948708,0.0119551085,5868998,eclipsing_binary
1572.0079508059696,1.0180298,0.011941263,5868998,eclipsing_binary
1572.009339717548,1.016506,0.011928292,5868998,eclipsing_binary
1572.0107286295927,1.0136606,0.011933609,5868998,eclipsing_binary
1572.0121175411705,0.9981225,0.01190615,5868998,eclipsing_binary
1572.0135064527483,1.0166556,0.011939137,5868998,eclipsing_binary
1572.0148953643272,0.9939052,0.011894946,5868998,eclipsing_binary
1572.0162842759057,0.9993545,0.011902359,5868998,eclipsing_binary
1572.0176731874838,1.0044124,0.011890116,5868998,eclipsing_binary
1572.0190620995274,1.0166911,0.011919353,5868998,eclipsing_binary
1572.020451011106,0.9971066,0.011882861,5868998,eclipsing_binary
1572.021839922684,1.015196,0.011912445,5868998,eclipsing_binary
1572.023228834262,1.016625,0.011926279,5868998,eclipsing_binary
1572.0246177458407,0.9822569,0.011892161,5868998,eclipsing_binary
1572.0260066574194,1.0088118,0.011892629,5868998,eclipsing_binary
1572.0273955689975,0.9957955,0.01187096,5868998,eclipsing_binary
1572.028784480576,0.9941545,0.011859758,5868998,eclipsing_binary
1572.030173392621,1.0188845,0.011887913,5868998,eclipsing_binary
1572.0315623041997,0.9949647,0.011865725,5868998,eclipsing_binary
1572.0329512157775,0.9971026,0.011858388,5868998,eclipsing_binary
1572.0343401273556,1.0035498,0.0118810525,5868998,eclipsing_binary
1572.0357290389345,0.9825285,0.011845506,5868998,eclipsing_binary
1572.0371179505123,1.0099878,0.01186891,5868998,eclipsing_binary
1572.0385068620901,1.0033641,0.011868438,5868998,eclipsing_binary
1572.039895773669,1.0043222,0.011874026,5868998,eclipsing_binary
1572.0412846852475,1.0008708,0.011851933,5868998,eclipsing_binary
1572.0426735972912,1.0077873,0.011871495,5868998,eclipsing_binary
1572.0440625088693,1.007884,0.011846229,5868998,eclipsing_binary
1572.0454514204478,1.0024174,0.011857356,5868998,eclipsing_binary
1572.0468403320267,1.0026896,0.011846652,5868998,eclipsing_binary
1572.0482292436045,1.010542,0.011856922,5868998,eclipsing_binary
1572.0496181551823,0.9912361,0.011820299,5868998,eclipsing_binary
1572.0510070667613,1.001812,0.011851256,5868998,eclipsing_binary
1572.0523959783397,0.9902471,0.011825861,5868998,eclipsing_binary
1572.0537848899178,0.9970526,0.011826055,5868998,eclipsing_binary
1572.0551738014958,1.0021378,0.011822868,5868998,eclipsing_binary
1572.0565627130743,1.002535,0.011832969,5868998,eclipsing_binary
1572.0579516246523,0.9920128,0.011841855,5868998,eclipsing_binary
1572.0593405362304,1.0167344,0.011839002,5868998,eclipsing_binary
1572.060729447809,0.9953308,0.011805308,5868998,eclipsing_binary
1572.0621183593878,1.0123974,0.011832968,5868998,eclipsing_binary
1572.0635072709658,1.0097958,0.011821874,5868998,eclipsing_binary
1572.0648961825439,1.0103973,0.011815992,5868998,eclipsing_binary
1572.0662850941223,1.016284,0.011820127,5868998,eclipsing_binary
1572.0676740061665,1.0037066,0.011808665,5868998,eclipsing_binary
1572.0690629177445,0.968679,0.011757238,5868998,eclipsing_binary
1572.0704518293235,0.9960346,0.011800599,5868998,eclipsing_binary
1572.0718407409029,0.98863095,0.011792031,5868998,eclipsing_binary
1572.0732296524807,1.006445,0.011793207,5868998,eclipsing_binary
1572.0746185640585,0.98542184,0.011751218,5868998,eclipsing_binary
1572.0760074756374,0.9916647,0.011766959,5868998,eclipsing_binary
1572.077396387216,1.0246887,0.011797458,5868998,eclipsing_binary
1572.078785298794,1.0024664,0.01177828,5868998,eclipsing_binary
1572.080174210372,0.9971602,0.011771951,5868998,eclipsing_binary
1572.0815631219505,0.9982562,0.011762584,5868998,eclipsing_binary
1572.0829520335294,0.9868317,0.011741342,5868998,eclipsing_binary
1572.0843409451072,1.0017496,0.01175545,5868998,eclipsing_binary
1572.085729856685,0.9992332,0.011755648,5868998,eclipsing_binary
1572.0871187677983,0.9798048,0.01173531,5868998,eclipsing_binary
1572.0885076793768,0.9908129,0.011742067,5868998,eclipsing_binary
1572.0898965909548,1.0123671,0.011769375,5868998,eclipsing_binary
1572.0912855025329,0.99100214,0.011746272,5868998,eclipsing_binary
1572.0926744141113,1.0070578,0.011747216,5868998,eclipsing_binary
1572.0940633256894,0.9929203,0.011742722,5868998,eclipsing_binary
1572.0954522372674,1.0000693,0.011733936,5868998,eclipsing_binary
1572.0968411488461,1.0096182,0.011752477,5868998,eclipsing_binary
1572.0982300604248,0.9844858,0.011707751,5868998,eclipsing_binary
1572.0996189720029,1.0101366,0.011754515,5868998,eclipsing_binary
1572.101007883581,1.0027491,0.0117790615,5868998,eclipsing_binary
1572.1023967951594,1.0052286,0.011739634,5868998,eclipsing_binary
1572.1037857067379,0.9954234,0.011711772,5868998,eclipsing_binary
1572.105174618316,0.99819946,0.0117318565,5868998,eclipsing_binary
1572.106563529894,0.993119,0.011725253,5868998,eclipsing_binary
1572.107952441473,0.9890733,0.011692454,5868998,eclipsing_binary
1572.1093413530507,1.0137837,0.011731103,5868998,eclipsing_binary
1572.1107302641628,1.0022167,0.011712515,5868998,eclipsing_binary
1572.1121191757418,0.98823863,0.011710857,5868998,eclipsing_binary
1572.1135080873212,0.9982122,0.01169466,5868998,eclipsing_binary
1572.1148969988997,0.995326,0.011690232,5868998,eclipsing_binary
1572.1162859104777,1.0048283,0.01170661,5868998,eclipsing_binary
1572.1176748220562,0.9864936,0.011691737,5868998,eclipsing_binary
1572.1190637336351,0.9840229,0.011676136,5868998,eclipsing_binary
1572.120452645213,0.9843739,0.011666991,5868998,eclipsing_binary
1572.1218415567907,1.012667,0.011707598,5868998,eclipsing_binary
1572.1232304683697,0.996701,0.011684232,5868998,eclipsing_binary
1572.1246193794825,1.0064114,0.0116907805,5868998,eclipsing_binary
1572.1260082910605,0.9880042,0.011676694,5868998,eclipsing_binary
1572.1273972026386,0.9908514,0.011677089,5868998,eclipsing_binary
1572.128786114217,1.0055119,0.011693418,5868998,eclipsing_binary
1572.130175025795,0.9918691,0.011665611,5868998,eclipsing_binary
1572.1315639373731,0.99827033,0.011658278,5868998,eclipsing_binary
1572.1329528489518,0.9838131,0.011645896,5868998,eclipsing_binary
1572.134341760065,0.9845968,0.011647342,5868998,eclipsing_binary
1572.135730671643,0.9982483,0.011665759,5868998,eclipsing_binary
1572.137119583221,0.996288,0.011665738,5868998,eclipsing_binary
1572.1385084947995,1.0009636,0.01167443,5868998,eclipsing_binary
1572.139897406378,1.00636,0.011683096,5868998,eclipsing_binary
1572.141286317956,1.0110762,0.011695426,5868998,eclipsing_binary
1572.1426752290683,0.989398,0.01163671,5868998,eclipsing_binary
1572.1440641406473,0.98138016,0.011642231,5868998,eclipsing_binary
1572.1454530522258,0.9848133,0.011624942,5868998,eclipsing_binary
1572.1468419638038,1.0007628,0.011661765,5868998,eclipsing_binary
1572.1482308753818,0.99960804,0.011640811,5868998,eclipsing_binary
1572.1496197869603,0.99971783,0.011652035,5868998,eclipsing_binary
1572.1510086980727,0.9955456,0.011634236,5868998,eclipsing_binary
1572.1523976096507,0.98992854,0.011637515,5868998,eclipsing_binary
1572.1537865212292,1.011175,0.011657903,5868998,eclipsing_binary
1572.1551754328082,0.9990925,0.011637219,5868998,eclipsing_binary
1572.1565643443867,1.0083898,0.011650561,5868998,eclipsing_binary
1572.1579532554995,1.0115621,0.011662117,5868998,eclipsing_binary
1572.1593421670784,0.9938733,0.0116283735,5868998,eclipsing_binary
1572.160731078657,0.9956961,0.011643439,5868998,eclipsing_binary
1572.162119990235,1.0156921,0.011646307,5868998,eclipsing_binary
1572.1635089013473,0.9949567,0.011646384,5868998,eclipsing_binary
1572.1648978129258,1.0000001,0.011640623,5868998,eclipsing_binary
1572.1662867245038,0.99847925,0.011634385,5868998,eclipsing_binary
1572.1676756360819,1.0034775,0.011646114,5868998,eclipsing_binary
1572.169064547195,1.0059289,0.01163575,5868998,eclipsing_binary
1572.1704534587736,1.005251,0.011630598,5868998,eclipsing_binary
1572.1718423703517,0.9916504,0.011635482,5868998,eclipsing_binary
1572.1732312819297,1.0065608,0.011631605,5868998,eclipsing_binary
1572.1746201930425,0.9965486,0.011613138,5868998,eclipsing_binary
1572.176009104621,0.97481066,0.011588188,5868998,eclipsing_binary
1572.177398016199,1.0186032,0.011688254,5868998,eclipsing_binary
1572.178786927777,0.99210125,0.011609591,5868998,eclipsing_binary
1572.1801758388904,0.9909232,0.011596953,5868998,eclipsing_binary
1572.1815647504689,1.0082644,0.011626284,5868998,eclipsing_binary
1572.1829536620469,0.9954635,0.011611605,5868998,eclipsing_binary
1572.184342573625,0.99670655,0.011613306,5868998,eclipsing_binary
1572.1857314847377,1.0025687,0.011626217,5868998,eclipsing_binary
1572.1871203963158,1.0111766,0.011623857,5868998,eclipsing_binary
1572.1885093078938,0.9939547,0.011610922,5868998,eclipsing_binary
1572.1898982190066,0.9890193,0.011586515,5868998,eclipsing_binary
1572.1912871305856,1.0024955,0.011644491,5868998,eclipsing_binary
1572.1926760421634,0.9831185,0.011588721,5868998,eclipsing_binary
1572.1940649532755,1.0100037,0.011628701,5868998,eclipsing_binary
1572.1954538648545,1.000317,0.011601319,5868998,eclipsing_binary
1572.196842776433,1.013272,0.011620031,5868998,eclipsing_binary
1572.1982316875453,0.9788542,0.011569268,5868998,eclipsing_binary
1572.1996205991238,0.99004775,0.011594639,5868998,eclipsing_binary
1572.2010095107032,0.9942215,0.011596418,5868998,eclipsing_binary
1572.2023984218156,1.0034502,0.011610511,5868998,eclipsing_binary
1572.2037873333936,1.0122092,0.0116315,5868998,eclipsing_binary
1572.2051762449723,0.9847343,0.011587317,5868998,eclipsing_binary
1572.2065651560854,1.0111574,0.011639488,5868998,eclipsing_binary
1572.2079540676634,1.0056534,0.011605051,5868998,eclipsing_binary
1572.2093429792415,1.0108093,0.011623359,5868998,eclipsing_binary
1572.2107318903543,1.0049028,0.011606804,5868998,eclipsing_binary
1572.2121208019328,0.9896147,0.011588838,5868998,eclipsing_binary
1572.2135097135108,1.0010712,0.01159401,5868998,eclipsing_binary
1572.2148986246232,1.0005069,0.011604956,5868998,eclipsing_binary
1572.2162875362021,1.0063019,0.011592483,5868998,eclipsing_binary
1572.217676447315,0.99626905,0.011578511,5868998,eclipsing_binary
1572.219065358893,0.97958386,0.01158289,5868998,eclipsing_binary
1572.220454270471,1.0069094,0.01160601,5868998,eclipsing_binary
1572.2218431815838,0.9935183,0.011614485,5868998,eclipsing_binary
1572.2232320931619,1.0149164,0.011599691,5868998,eclipsing_binary
1572.22462100474,0.9847707,0.011564296,5868998,eclipsing_binary
1572.2260099158527,0.9934528,0.0115897525,5868998,eclipsing_binary
1572.2273988274317,0.9910485,0.011578518,5868998,eclipsing_binary
1572.2287877385438,0.9989177,0.011591252,5868998,eclipsing_binary
1572.2301766501216,0.9970132,0.011614085,5868998,eclipsing_binary
1572.231565561235,1.0061707,0.011595623,5868998,eclipsing_binary
1572.2329544728134,0.98164934,0.011567161,5868998,eclipsing_binary
1572.2343433843914,1.0018178,0.011604761,5868998,eclipsing_binary
1572.2357322955038,1.0081009,0.011644418,5868998,eclipsing_binary
1572.2371212070823,1.0062346,0.011582712,5868998,eclipsing_binary
1572.2385101181947,1.0133122,0.0116003845,5868998,eclipsing_binary
1572.2398990297727,0.99827147,0.011570517,5868998,eclipsing_binary
1572.2412879408857,0.9960092,0.011578338,5868998,eclipsing_binary
1572.2426768524645,1.0155485,0.011600506,5868998,eclipsing_binary
1572.244065764043,0.979338,0.011560184,5868998,eclipsing_binary
1572.2454546751562,1.0326855,0.011617671,5868998,eclipsing_binary
1572.2468435867347,0.99345446,0.011560083,5868998,eclipsing_binary
1572.2482324978475,1.0015618,0.01158364,5868998,eclipsing_binary
1572.2496214094256,0.98934865,0.011580488,5868998,eclipsing_binary
1572.251010320538,1.0045393,0.01159258,5868998,eclipsing_binary
1572.2523992321169,0.9936859,0.011564202,5868998,eclipsing_binary
1572.2537881432297,0.99515283,0.0115579255,5868998,eclipsing_binary
1572.2551770548077,0.98510116,0.0115418155,5868998,eclipsing_binary
1572.2565659659201,0.9799007,0.01154508,5868998,eclipsing_binary
1572.2579548774986,1.0107952,0.011578167,5868998,eclipsing_binary
1572.259343788611,0.9967777,0.011551617,5868998,eclipsing_binary
1572.260732700189,1.0111425,0.011562843,5868998,eclipsing_binary
1572.2621216113018,0.99459624,0.0115704285,5868998,eclipsing_binary
1572.2635105228808,1.0196214,0.011572137,5868998,eclipsing_binary
1572.264899433993,1.0066938,0.011562858,5868998,eclipsing_binary
1572.2662883455707,1.0112013,0.011570642,5868998,eclipsing_binary
1572.267677256684,1.0197524,0.011576722,5868998,eclipsing_binary
1572.2690661682625,0.9924063,0.011542966,5868998,eclipsing_binary
1572.2704550793749,1.00169,0.011539151,5868998,eclipsing_binary
1572.271843990953,0.99461263,0.011540488,5868998,eclipsing_binary
1572.2732329020657,1.0129106,0.011558552,5868998,eclipsing_binary
1572.2746218136447,0.9969398,0.011531826,5868998,eclipsing_binary
1572.276010724757,1.002548,0.011537916,5868998,eclipsing_binary
1572.2773996358692,0.98245907,0.011536363,5868998,eclipsing_binary
1572.278788547448,0.98780245,0.011543162,5868998,eclipsing_binary
1572.2801774585603,1.009867,0.011533848,5868998,eclipsing_binary
1572.2815663701383,0.97511774,0.011519707,5868998,eclipsing_binary
1572.2829552812511,0.9953844,0.011531916,5868998,eclipsing_binary
1572.2843441928296,0.9999952,0.011536247,5868998,eclipsing_binary
1572.285733103942,0.98807484,0.011504612,5868998,eclipsing_binary
1572.287122015521,1.0169545,0.0115593355,5868998,eclipsing_binary
1572.2885109266347,0.99751383,0.01153333,5868998,eclipsing_binary
1572.2898998377475,1.0059787,0.011524771,5868998,eclipsing_binary
1572.2912887493255,0.99153835,0.011504819,5868998,eclipsing_binary
1572.292677660438,1.0030109,0.011516792,5868998,eclipsing_binary
1572.2940665720164,0.9961431,0.011505434,5868998,eclipsing_binary
1572.2954554831288,1.014065,0.011540858,5868998,eclipsing_binary
1572.2968443942411,1.004557,0.011511208,5868998,eclipsing_binary
1572.2982333058196,0.9927464,0.011494169,5868998,eclipsing_binary
1572.299622216933,1.0112805,0.011519048,5868998,eclipsing_binary
1572.3010111285107,0.99016106,0.011500167,5868998,eclipsing_binary
1572.3024000396229,1.014875,0.011526988,5868998,eclipsing_binary
1572.3037889507361,1.0180082,0.011519544,5868998,eclipsing_binary
1572.3051778623146,1.020791,0.011521359,5868998,eclipsing_binary
1572.306566773427,0.9894265,0.01147746,5868998,eclipsing_binary
1572.3079556845394,0.9975771,0.01149194,5868998,eclipsing_binary
1572.3093445961179,0.99557894,0.01149257,5868998,eclipsing_binary
1572.3107335072311,0.9843335,0.011485642,5868998,eclipsing_binary
1572.3121224183435,0.9948451,0.011489873,5868998,eclipsing_binary
1572.3135113299213,0.9824378,0.01145064,5868998,eclipsing_binary
1572.3149002410344,0.97368103,0.011444803,5868998,eclipsing_binary
1572.3162891526124,0.9961587,0.011479991,5868998,eclipsing_binary
1572.3176780637248,0.9977981,0.011484532,5868998,eclipsing_binary
1572.3190669748376,0.98651785,0.011463717,5868998,eclipsing_binary
1572.3204558859504,1.0045254,0.011485506,5868998,eclipsing_binary
1572.3218447975285,1.0067635,0.011495379,5868998,eclipsing_binary
1572.3232337086408,0.98031324,0.011449966,5868998,eclipsing_binary
1572.3246226197539,1.0040196,0.011460734,5868998,eclipsing_binary
1572.3260115313326,1.0114125,0.011474109,5868998,eclipsing_binary
1572.327400442445,1.0186082,0.01149426,5868998,eclipsing_binary
1572.3287893535573,0.9998666,0.011450879,5868998,eclipsing_binary
1572.3301782651358,1.005463,0.011472868,5868998,eclipsing_binary
1572.3315671762489,1.0040039,0.011467202,5868998,eclipsing_binary
1572.332956087362,1.0068762,0.01146831,5868998,eclipsing_binary
1572.3343449989404,1.0169573,0.011521602,5868998,eclipsing_binary
1572.3357339100537,0.98807883,0.011439341,5868998,eclipsing_binary
1572.3371228211658,1.0005162,0.011464426,5868998,eclipsing_binary
1572.338511732278,0.9973734,0.011447137,5868998,eclipsing_binary
1572.339900643857,0.98128015,0.011405095,5868998,eclipsing_binary
1572.3412895549698,0.9788958,0.011412578,5868998,eclipsing_binary
1572.3426784660821,0.98192096,0.011406027,5868998,eclipsing_binary
1572.3440673771945,0.9801181,0.011413294,5868998,eclipsing_binary
1572.345456288773,0.9973688,0.011408635,5868998,eclipsing_binary
1572.3468451998863,1.0083859,0.011434535,5868998,eclipsing_binary
1572.3482341109986,0.99968207,0.011420974,5868998,eclipsing_binary
1572.3496230221108,0.99177617,0.011409373,5868998,eclipsing_binary
1572.3510119336895,1.0014609,0.011431737,5868998,eclipsing_binary
1572.3524008448019,0.9790596,0.011388034,5868998,eclipsing_binary
1572.3537897559142,0.99683243,0.0114049595,5868998,eclipsing_binary
1572.355178667027,1.0164205,0.0114392685,5868998,eclipsing_binary
1572.3565675786056,1.0174706,0.011437969,5868998,eclipsing_binary
1572.357956489718,1.0061651,0.011416443,5868998,eclipsing_binary
1572.3593454008303,0.99011636,0.011421468,5868998,eclipsing_binary
1572.3607343119436,0.9983962,0.011386144,5868998,eclipsing_binary
1572.3621232230564,1.0043007,0.011392517,5868998,eclipsing_binary
1572.3635121346344,1.0008209,0.011403644,5868998,eclipsing_binary
1572.3649010457468,1.014367,0.011414929,5868998,eclipsing_binary
1572.3662899568596,0.99614334,0.011376952,5868998,eclipsing_binary
1572.367678867972,0.99709004,0.011407203,5868998,eclipsing_binary
1572.3690677790844,1.0219553,0.011420127,5868998,eclipsing_binary
1572.3704566901972,1.0179666,0.011411901,5868998,eclipsing_binary
1572.3718456017762,1.0013365,0.011392262,5868998,eclipsing_binary
1572.3732345128883,0.9828125,0.011363946,5868998,eclipsing_binary
1572.3746234240004,1.0106792,0.011373342,5868998,eclipsing_binary
1572.3760123351142,1.0121567,0.011386347,5868998,eclipsing_binary
1572.377401246228,1.0073714,0.011357961,5868998,eclipsing_binary
1572.3787901573403,1.0057222,0.011382328,5868998,eclipsing_binary
1572.3801790689183,0.9868688,0.011348726,5868998,eclipsing_binary
1572.3815679800312,1.0031698,0.011353145,5868998,eclipsing_binary
1572.3829568911444,0.9953809,0.011355325,5868998,eclipsing_binary
1572.3843458022568,1.0000678,0.011354395,5868998,eclipsing_binary
1572.385734713369,1.0153306,0.011382316,5868998,eclipsing_binary
1572.387123624482,1.0115196,0.011359892,5868998,eclipsing_binary
1572.3885125355944,0.9981153,0.011348085,5868998,eclipsing_binary
1572.3899014471724,1.0043917,0.011331684,5868998,eclipsing_binary
1572.3912903582852,1.002538,0.011336456,5868998,eclipsing_binary
1572.392679269398,1.0058055,0.0113442615,5868998,eclipsing_binary
1572.3940681805104,1.000117,0.01134345,5868998,eclipsing_binary
1572.3954570916228,0.993769,0.011322509,5868998,eclipsing_binary
1572.396846002736,1.0164921,0.011351843,5868998,eclipsing_binary
1572.398234913849,0.99081165,0.011339791,5868998,eclipsing_binary
1572.3996238249613,0.9928169,0.011344583,5868998,eclipsing_binary
1572.4010127360737,1.0110041,0.011327294,5868998,eclipsing_binary
1572.4024016471865,1.0051255,0.011334983,5868998,eclipsing_binary
1572.4037905587652,0.99344075,0.01129878,5868998,eclipsing_binary
1572.4051794698773,0.9813446,0.011282973,5868998,eclipsing_binary
1572.4065683809897,1.0129603,0.011311242,5868998,eclipsing_binary
1572.407957292103,1.011025,0.011322675,5868998,eclipsing_binary
1572.4093462032151,1.0079676,0.011321421,5868998,eclipsing_binary
1572.4107351143273,1.0111021,0.011308246,5868998,eclipsing_binary
1572.4121240254406,1.0015129,0.011295778,5868998,eclipsing_binary
1572.4135129365534,0.99845695,0.0113421595,5868998,eclipsing_binary
1572.4149018476658,0.99694866,0.011295004,5868998,eclipsing_binary
1572.4162907587781,1.0058022,0.011284271,5868998,eclipsing_binary
1572.417679669891,0.98476154,0.011264331,5868998,eclipsing_binary
1572.4190685810042,1.0095149,0.011288117,5868998,eclipsing_binary
1572.4204574921166,0.9998368,0.011340777,5868998,eclipsing_binary
1572.4218464032294,1.0098821,0.011300397,5868998,eclipsing_binary
1572.4232353143432,1.0195951,0.011303021,5868998,eclipsing_binary
1572.4246242254555,1.0015913,0.01129406,5868998,eclipsing_binary
1572.426013136568,0.9858827,0.011269706,5868998,eclipsing_binary
1572.4274020476807,1.0017093,0.0112737585,5868998,eclipsing_binary
1572.4287909587936,1.0118147,0.0112828305,5868998,eclipsing_binary
1572.430179869906,1.0090585,0.011278107,5868998,eclipsing_binary
1572.4315687810183,0.99709064,0.011326281,5868998,eclipsing_binary
1572.4329576921316,1.0055145,0.011262207,5868998,eclipsing_binary
1572.4343466032444,0.9995,0.0112701105,5868998,eclipsing_binary
1572.4357355143568,1.0057918,0.011276138,5868998,eclipsing_binary
1572.4371244254692,1.0164579,0.011339263,5868998,eclipsing_binary
1572.438513336582,1.0057133,0.011286776,5868998,eclipsing_binary
1572.439902247695,1.0049378,0.011264641,5868998,eclipsing_binary
1572.4412911588072,0.99580914,0.011244013,5868998,eclipsing_binary
1572.4426800699196,1.0074681,0.011258846,5868998,eclipsing_binary
1572.4440689810328,0.9909082,0.011235353,5868998,eclipsing_binary
1572.445457892145,0.9957345,0.011240109,5868998,eclipsing_binary
1572.4468468032571,1.0022365,0.011256931,5868998,eclipsing_binary
1572.4482357143704,1.0067163,0.011257865,5868998,eclipsing_binary
1572.4496246254832,0.99726087,0.011243562,5868998,eclipsing_binary
1572.4510135365956,0.9961651,0.011232436,5868998,eclipsing_binary
1572.452402447708,0.99885786,0.011279556,5868998,eclipsing_binary
1572.4537913583551,1.002742,0.011258818,5868998,eclipsing_binary
1572.4551802694684,0.9838529,0.011221231,5868998,eclipsing_binary
1572.4565691805808,0.9645294,0.011187014,5868998,eclipsing_binary
1572.457958091693,0.9814148,0.011204442,5868998,eclipsing_binary
1572.459347002806,0.98423266,0.011224086,5868998,eclipsing_binary
1572.4607359139184,0.96843654,0.011185446,5868998,eclipsing_binary
1572.4621248250307,0.97661674,0.011216888,5868998,eclipsing_binary
1572.4635137361436,0.9558897,0.011171589,5868998,eclipsing_binary
1572.4649026472564,0.9796369,0.011214871,5868998,eclipsing_binary
1572.4662915583697,0.96354353,0.011169419,5868998,eclipsing_binary
1572.4676804690168,0.97943556,0.011199688,5868998,eclipsing_binary
1572.4690693801301,0.93913656,0.01114889,5868998,eclipsing_binary
1572.470458291243,0.95345247,0.011178461,5868998,eclipsing_binary
1572.4718472023553,0.95230556,0.011164185,5868998,eclipsing_binary
1572.4732361134677,0.9536145,0.011158892,5868998,eclipsing_binary
1572.4746250245805,0.9521873,0.011142932,5868998,eclipsing_binary
1572.4760139356936,0.9382181,0.011140819,5868998,eclipsing_binary
1572.47740284634,0.948957,0.011144631,5868998,eclipsing_binary
1572.4787917574524,0.9480937,0.011151232,5868998,eclipsing_binary
1572.4801806685657,0.9663821,0.011166005,5868998,eclipsing_binary
1572.4815695796779,0.95287,0.011189969,5868998,eclipsing_binary
1572.48295849079,0.9737227,0.0111717945,5868998,eclipsing_binary
1572.4843474019033,0.9483653,0.011137485,5868998,eclipsing_binary
1572.4857363125504,0.98551756,0.01119532,5868998,eclipsing_binary
1572.4871252236628,0.9811858,0.01119474,5868998,eclipsing_binary
1572.4885141347752,0.97497547,0.011189959,5868998,eclipsing_binary
1572.489903045888,0.9686812,0.0111750765,5868998,eclipsing_binary
1572.4912919570013,0.96701586,0.011183278,5868998,eclipsing_binary
1572.4926808681137,0.9806549,0.01118787,5868998,eclipsing_binary
1572.4940697787601,0.9771469,0.0111804865,5868998,eclipsing_binary
1572.4954586898732,0.9872543,0.011206051,5868998,eclipsing_binary
1572.4968476009856,0.9827558,0.011187865,5868998,eclipsing_binary
1572.498236512098,1.0221083,0.011246221,5868998,eclipsing_binary
1572.499625422745,0.9870382,0.011205748,5868998,eclipsing_binary
1572.501014333858,0.9994238,0.011208419,5868998,eclipsing_binary
1572.5024032449703,0.9883632,0.0111917835,5868998,eclipsing_binary
1572.5037921560827,0.9997727,0.011220624,5868998,eclipsing_binary
1572.5051810671957,0.98486245,0.01119532,5868998,eclipsing_binary
1572.5065699778431,1.0222102,0.011273533,5868998,eclipsing_binary
1572.5079588889555,1.0009726,0.011214949,5868998,eclipsing_binary
1572.5093478000679,0.98566127,0.011195223,5868998,eclipsing_binary
1572.5107367111807,0.98471975,0.011189039,5868998,eclipsing_binary
1572.5121256218288,0.9976269,0.01120806,5868998,eclipsing_binary
1572.5135145329416,0.99474454,0.011202746,5868998,eclipsing_binary
1572.514903444054,0.9921777,0.011215648,5868998,eclipsing_binary
1572.5162923547016,0.98679054,0.011194177,5868998,eclipsing_binary
1572.5176812658137,0.99597234,0.011195989,5868998,eclipsing_binary
1572.5190701769259,1.0100929,0.011228038,5868998,eclipsing_binary
1572.5204590880392,0.9972823,0.01122082,5868998,eclipsing_binary
1572.5218479986863,1.0270748,0.011246321,5868998,eclipsing_binary
1572.5232369097987,0.98991376,0.011233516,5868998,eclipsing_binary
1572.524625820911,1.0015892,0.011199438,5868998,eclipsing_binary
1572.5260147315582,0.99668,0.011195237,5868998,eclipsing_binary
1572.5274036426715,0.99846107,0.011214698,5868998,eclipsing_binary
1572.528792553784,1.0193679,0.0112429755,5868998,eclipsing_binary
1572.530181464896,0.9946802,0.011209249,5868998,eclipsing_binary
1572.5315703755434,0.99911,0.01120734,5868998,eclipsing_binary
1572.5329592866563,0.99745643,0.011202045,5868998,eclipsing_binary
1572.5343481977686,0.98838097,0.011204641,5868998,eclipsing_binary
1572.5357371084153,1.0033218,0.011215417,5868998,eclipsing_binary
1572.5371260195282,0.98814124,0.01123747,5868998,eclipsing_binary
1572.5385149306405,1.0221605,0.011236873,5868998,eclipsing_binary
1572.5399038412872,1.0012227,0.01120691,5868998,eclipsing_binary
1572.5412927524003,1.000109,0.011204468,5868998,eclipsing_binary
1572.5426816630477,1.0181291,0.011218565,5868998,eclipsing_binary
1572.54407057416,0.97872585,0.011166899,5868998,eclipsing_binary
1572.5454594852724,0.9776844,0.011199149,5868998,eclipsing_binary
1572.5468483959196,0.9931614,0.01118923,5868998,eclipsing_binary
1572.5482373070327,0.97907764,0.011164596,5868998,eclipsing_binary
1572.5496262181448,0.99839336,0.011207291,5868998,eclipsing_binary
1572.5510151287915,1.01408,0.011210818,5868998,eclipsing_binary
1572.5524040399048,0.99103934,0.011181039,5868998,eclipsing_binary
1572.5537929505513,1.0014306,0.011202678,5868998,eclipsing_binary
1572.5551818616634,1.0126872,0.011198001,5868998,eclipsing_binary
1572.5565707727767,1.0029153,0.011193077,5868998,eclipsing_binary
1572.5579596834248,1.0012296,0.011192779,5868998,eclipsing_binary
1572.5593485945376,1.0147527,0.011205072,5868998,eclipsing_binary
1572.5607375051843,1.005558,0.011231234,5868998,eclipsing_binary
1572.5621264162971,1.0007029,0.0112011535,5868998,eclipsing_binary
1572.5635153274104,1.0032573,0.011200643,5868998,eclipsing_binary
1572.5649042380571,1.0036042,0.0112070935,5868998,eclipsing_binary
1572.5662931491693,0.99573004,0.011188395,5868998,eclipsing_binary
1572.5676820598167,1.0009327,0.011203975,5868998,eclipsing_binary
1572.5690709709295,0.9861041,0.0111835925,5868998,eclipsing_binary
1572.5704598815762,1.0089304,0.011209223,5868998,eclipsing_binary
1572.5718487926886,0.98109806,0.011160686,5868998,eclipsing_binary
1572.5732377033357,0.9897101,0.01117103,5868998,eclipsing_binary
1572.574626614448,1.0195284,0.011214935,5868998,eclipsing_binary
1572.5760155255605,1.0073081,0.011199395,5868998,eclipsing_binary
1572.5774044362079,0.99816287,0.011198758,5868998,eclipsing_binary
1572.578793347321,1.0131503,0.011213366,5868998,eclipsing_binary
1572.5801822579676,1.0002253,0.011203075,5868998,eclipsing_binary
1572.58157116908,0.9988249,0.0111827925,5868998,eclipsing_binary
1572.5829600797272,1.0099014,0.011256768,5868998,eclipsing_binary
1572.5843489908402,0.995941,0.011176654,5868998,eclipsing_binary
1572.5857379014867,1.0071722,0.01120193,5868998,eclipsing_binary
1572.587126812599,1.0187304,0.011227847,5868998,eclipsing_binary
1572.5885157232467,1.0082221,0.011204757,5868998,eclipsing_binary
1572.5899046343588,1.0038506,0.0111896815,5868998,eclipsing_binary
1572.5912935450053,0.9948135,0.011181181,5868998,eclipsing_binary
1572.5926824561186,1.0070748,0.0112311905,5868998,eclipsing_binary
1572.5940713667658,0.9919602,0.011186022,5868998,eclipsing_binary
1572.5954602778781,0.99513155,0.011186913,5868998,eclipsing_binary
1572.5968491885249,1.0033623,0.011195224,5868998,eclipsing_binary
1572.5982380996377,1.0130664,0.011218697,5868998,eclipsing_binary
1572.5996270102853,1.0041215,0.0111946855,5868998,eclipsing_binary
1572.6010159209318,1.0020261,0.011220268,5868998,eclipsing_binary
1572.602404832044,0.9945344,0.011217185,5868998,eclipsing_binary
1572.6037937426916,1.014446,0.011209137,5868998,eclipsing_binary
1572.6051826538053,1.0055751,0.011194535,5868998,eclipsing_binary
1572.6065715644525,0.98710144,0.011180615,5868998,eclipsing_binary
1572.6079604755648,0.997005,0.011176728,5868998,eclipsing_binary
1572.609349386212,0.9937568,0.011200961,5868998,eclipsing_binary
1572.6107382968587,0.99677503,0.011192376,5868998,eclipsing_binary
1572.6218495838973,1.0000739,0.011191279,5868998,eclipsing_binary
1572.623238494544,1.0058228,0.011204769,5868998,eclipsing_binary
1572.6246274051916,1.0131811,0.011203361,5868998,eclipsing_binary
1572.6260163163038,1.0160255,0.011213776,5868998,eclipsing_binary
1572.6274052269503,0.99769145,0.01117303,5868998,eclipsing_binary
1572.6287941380635,1.0126283,0.011208592,5868998,eclipsing_binary
1572.6301830487107,1.002504,0.011190697,5868998,eclipsing_binary
1572.6315719593574,0.9835174,0.011154683,5868998,eclipsing_binary
1572.6329608704698,0.99618816,0.011215745,5868998,eclipsing_binary
1572.634349781117,0.9848914,0.011166341,5868998,eclipsing_binary
1572.6357386917646,0.9942193,0.011191291,5868998,eclipsing_binary
1572.6371276028767,0.9884756,0.011176143,5868998,eclipsing_binary
1572.6385165135232,0.98525804,0.011161985,5868998,eclipsing_binary
1572.6399054241708,0.9970509,0.011189046,5868998,eclipsing_binary
1572.6412943352836,1.0049235,0.011251656,5868998,eclipsing_binary
1572.6426832459304,0.9886483,0.011203515,5868998,eclipsing_binary
1572.644072156577,0.99612164,0.011179511,5868998,eclipsing_binary
1572.64546106769,0.97689515,0.01115771,5868998,eclipsing_binary
1572.6468499783366,0.999144,0.011206892,5868998,eclipsing_binary
1572.6482388889833,1.0009952,0.011235244,5868998,eclipsing_binary
1572.6496277996307,1.0199609,0.011215076,5868998,eclipsing_binary
1572.6510167107438,0.9822012,0.0111645395,5868998,eclipsing_binary
1572.652405621391,1.0027844,0.011197792,5868998,eclipsing_binary
1572.6537945320385,1.0274043,0.011220796,5868998,eclipsing_binary
1572.6551834431514,1.011543,0.011229051,5868998,eclipsing_binary
1572.6565723537988,0.9830803,0.011166274,5868998,eclipsing_binary
1572.6579612644452,1.0154034,0.011219869,5868998,eclipsing_binary
1572.659350175092,0.9999708,0.011190234,5868998,eclipsing_binary
1572.6607390862052,1.0023319,0.011195304,5868998,eclipsing_binary
1572.6621279968524,0.9986638,0.011186861,5868998,eclipsing_binary
1572.6635169074991,0.98800504,0.011156972,5868998,eclipsing_binary
1572.6649058181458,1.0119647,0.011211712,5868998,eclipsing_binary
1572.6662947292587,1.0043359,0.011229018,5868998,eclipsing_binary
1572.6676836399054,1.0036738,0.011207998,5868998,eclipsing_binary
1572.669072550552,0.9717804,0.011148855,5868998,eclipsing_binary
1572.6704614611992,1.0242654,0.011229472,5868998,eclipsing_binary
1572.6718503723125,0.98660904,0.011184978,5868998,eclipsing_binary
1572.673239282959,0.97875,0.0111635495,5868998,eclipsing_binary
1572.6746281936055,1.001289,0.011186318,5868998,eclipsing_binary
1572.676017104253,1.0019518,0.011177058,5868998,eclipsing_binary
1572.6774060149003,0.9963689,0.01117943,5868998,eclipsing_binary
1572.6787949260126,1.0047588,0.011197351,5868998,eclipsing_binary
1572.6801838366594,0.99704325,0.011188854,5868998,eclipsing_binary
1572.6815727473065,1.0082241,0.011195568,5868998,eclipsing_binary
1572.6829616579532,0.9876187,0.011170431,5868998,eclipsing_binary
1572.6843505686,1.0010166,0.011199623,5868998,eclipsing_binary
1572.6857394792473,1.0033518,0.011182106,5868998,eclipsing_binary
1572.6871283903604,0.9954223,0.011169056,5868998,eclipsing_binary
1572.688517301007,1.0034207,0.011244125,5868998,eclipsing_binary
1572.6899062116538,1.0038004,0.011185573,5868998,eclipsing_binary
1572.691295122301,1.0091751,0.011194575,5868998,eclipsing_binary
1572.6926840329481,0.99921453,0.011177039,5868998,eclipsing_binary
1572.6940729435948,0.98953223,0.011176507,5868998,eclipsing_binary
1572.6954618547072,0.99041295,0.01117345,5868998,eclipsing_binary
1572.6968507653548,0.98738533,0.011161643,5868998,eclipsing_binary
1572.698239676002,1.0060174,0.011180929,5868998,eclipsing_binary
1572.6996285866492,1.015621,0.011198462,5868998,eclipsing_binary
1572.7010174972968,1.0124149,0.011187521,5868998,eclipsing_binary
1572.702406407944,0.99430937,0.011159842,5868998,eclipsing_binary
1572.7037953185907,1.0105715,0.011201596,5868998,eclipsing_binary
1572.7051842292374,1.006638,0.011167602,5868998,eclipsing_binary
1572.7065731403502,1.003207,0.011180911,5868998,eclipsing_binary
1572.7079620509978,0.9950689,0.011164519,5868998,eclipsing_binary
1572.7093509616443,1.004611,0.01117896,5868998,eclipsing_binary
1572.7107398722908,0.989654,0.0111687435,5868998,eclipsing_binary
1572.7121287829384,1.0090296,0.011188891,5868998,eclipsing_binary
1572.7135176935856,0.9833685,0.011149141,5868998,eclipsing_binary
1572.7149066042323,1.0049611,0.011169166,5868998,eclipsing_binary
1572.716295514879,0.97877514,0.011159528,5868998,eclipsing_binary
1572.7176844255262,1.0206859,0.011191686,5868998,eclipsing_binary
1572.7190733361729,0.99146503,0.011153727,5868998,eclipsing_binary
1572.7204622468196,1.006961,0.011172251,5868998,eclipsing_binary
1572.721851157467,0.98452675,0.011150112,5868998,eclipsing_binary
1572.7232400681144,1.006381,0.01116236,5868998,eclipsing_binary
1572.724628978761,1.0024227,0.01117919,5868998,eclipsing_binary
1572.7260178894078,1.026075,0.011235989,5868998,eclipsing_binary
1572.7274068005206,0.9897711,0.011151483,5868998,eclipsing_binary
1572.7287957111678,1.0068159,0.011151769,5868998,eclipsing_binary
1572.7301846218145,1.008646,0.011158269,5868998,eclipsing_binary
1572.7315735324612,1.0228838,0.011199881,5868998,eclipsing_binary
1572.7329624431088,1.0115639,0.011179674,5868998,eclipsing_binary
1572.734351353756,1.004589,0.011157994,5868998,eclipsing_binary
1572.7357402644027,0.9881319,0.01112657,5868998,eclipsing_binary
1572.7371291750494,1.0012854,0.011148469,5868998,eclipsing_binary
1572.7385180856966,1.0109328,0.011168704,5868998,eclipsing_binary
1572.7399069963433,0.9809268,0.011113927,5868998,eclipsing_binary
1572.74129590699,0.9864579,0.011125823,5868998,eclipsing_binary
1572.7426848176372,0.9951791,0.01114303,5868998,eclipsing_binary
1572.7440737282848,1.0091003,0.01115474,5868998,eclipsing_binary
1572.7454626389313,1.0075326,0.011141371,5868998,eclipsing_binary
1572.7468515495777,0.96117806,0.011084495,5868998,eclipsing_binary
1572.7482404597602,0.9746057,0.011112071,5868998,eclipsing_binary
1572.7496293704082,0.99446785,0.011120302,5868998,eclipsing_binary
1572.751018281055,1.0051974,0.011134363,5868998,eclipsing_binary
1572.7524071917016,1.0009001,0.0111952275,5868998,eclipsing_binary
1572.7537961023488,1.0206724,0.0111679025,5868998,eclipsing_binary
1572.7551850129955,0.9941998,0.011129358,5868998,eclipsing_binary
1572.7565739236422,1.0184324,0.011159757,5868998,eclipsing_binary
1572.7579628342896,1.0165114,0.011163545,5868998,eclipsing_binary
1572.759351744937,0.9990275,0.011127002,5868998,eclipsing_binary
1572.7607406555837,0.99555945,0.011148905,5868998,eclipsing_binary
1572.7621295662304,1.0126026,0.0111862235,5868998,eclipsing_binary
1572.7635184768776,1.0027274,0.011141067,5868998,eclipsing_binary
1572.764907387525,0.9998605,0.011131736,5868998,eclipsing_binary
1572.7662962981715,0.9963391,0.011119957,5868998,eclipsing_binary
1572.7676852083525,1.0022247,0.0111407805,5868998,eclipsing_binary
1572.7690741190002,0.9956101,0.011122061,5868998,eclipsing_binary
1572.7704630296473,1.0061903,0.011137787,5868998,eclipsing_binary
1572.771851940294,0.99768555,0.011116797,5868998,eclipsing_binary
1572.7732408509407,1.0140685,0.011134102,5868998,eclipsing_binary
1572.774629761588,1.0050242,0.011131304,5868998,eclipsing_binary
1572.7760186722346,0.99876034,0.011107172,5868998,eclipsing_binary
1572.7774075828813,0.9854284,0.011100318,5868998,eclipsing_binary
1572.7787964930628,0.9759375,0.011072616,5868998,eclipsing_binary
1572.7801854037104,0.98708594,0.0110989455,5868998,eclipsing_binary
1572.781574314357,1.0010843,0.011106302,5868998,eclipsing_binary
1572.7829632250034,1.0086756,0.011125787,5868998,eclipsing_binary
1572.784352135651,0.98618865,0.0111008,5868998,eclipsing_binary
1572.7857410462982,0.9895883,0.011096283,5868998,eclipsing_binary
1572.7871299564792,1.0059183,0.011111606,5868998,eclipsing_binary
1572.788518867126,1.0168184,0.011122363,5868998,eclipsing_binary
1572.7899077777731,0.99812156,0.0111244675,5868998,eclipsing_binary
1572.7912966884207,0.9853237,0.011085052,5868998,eclipsing_binary
1572.7926855990675,0.9777287,0.01105986,5868998,eclipsing_binary
1572.794074509714,1.0053563,0.011107451,5868998,eclipsing_binary
1572.7954634198961,1.0030643,0.011101482,5868998,eclipsing_binary
1572.7968523305437,0.99816895,0.0110838665,5868998,eclipsing_binary
1572.7982412411905,1.002062,0.011105874,5868998,eclipsing_binary
1572.7996301518376,1.0032129,0.011110964,5868998,eclipsing_binary
1572.801019062485,0.99673396,0.011091313,5868998,eclipsing_binary
1572.8024079726658,1.0151495,0.011142919,5868998,eclipsing_binary
1572.8037968833125,1.0210764,0.011127796,5868998,eclipsing_binary
1572.8051857939602,1.0092528,0.011109259,5868998,eclipsing_binary
1572.8065747046073,1.000346,0.011112735,5868998,eclipsing_binary
1572.8079636147884,1.0116361,0.011098745,5868998,eclipsing_binary
1572.809352525435,1.0076262,0.011096861,5868998,eclipsing_binary
1572.8107414360823,1.0091914,0.011108551,5868998,eclipsing_binary
1572.812130346729,1.0049874,0.011126788,5868998,eclipsing_binary
1572.81351925691,0.98362553,0.0110618565,5868998,eclipsing_binary
1572.8149081675572,1.007069,0.011099137,5868998,eclipsing_binary
1572.8162970782048,0.98364276,0.011054091,5868998,eclipsing_binary
1572.8176859888513,1.0051833,0.0110969795,5868998,eclipsing_binary
1572.819074899032,1.0127662,0.011101775,5868998,eclipsing_binary
1572.8204638096797,0.9945582,0.011130058,5868998,eclipsing_binary
1572.821852720327,1.0008702,0.011079515,5868998,eclipsing_binary
1572.823241630508,0.9956903,0.01108134,5868998,eclipsing_binary
1572.8246305411546,1.0099399,0.011090402,5868998,eclipsing_binary
1572.8260194518018,0.9871589,0.011061715,5868998,eclipsing_binary
1572.8274083619838,0.98829234,0.011061069,5868998,eclipsing_binary
1572.8287972726305,1.0074271,0.011084603,5868998,eclipsing_binary
1572.830186183277,1.0120264,0.0111059435,5868998,eclipsing_binary
1572.8315750934587,0.99781203,0.01108071,5868998,eclipsing_binary
1572.8329640041054,1.0002662,0.011064929,5868998,eclipsing_binary
1572.8343529147521,1.0201159,0.011104333,5868998,eclipsing_binary
1572.8357418249336,1.0081854,0.011086649,5868998,eclipsing_binary
1572.8371307355808,0.9975753,0.011081564,5868998,eclipsing_binary
1572.8385196462275,0.9782987,0.011040337,5868998,eclipsing_binary
1572.8399085564085,0.98945725,0.011082352,5868998,eclipsing_binary
1572.8412974670562,0.9901171,0.011049539,5868998,eclipsing_binary
1572.8426863777033,1.0143317,0.011070486,5868998,eclipsing_binary
1572.8440752878848,0.9750709,0.011011999,5868998,eclipsing_binary
1572.8454641985325,1.0094832,0.011065468,5868998,eclipsing_binary
1572.8468531091796,0.994917,0.011057372,5868998,eclipsing_binary
1572.8482420193607,1.0185534,0.0110757,5868998,eclipsing_binary
1572.8496309300074,1.0252479,0.011105028,5868998,eclipsing_binary
1572.8510198401889,1.0179632,0.011100019,5868998,eclipsing_binary
1572.8524087508365,1.000599,0.0110511575,5868998,eclipsing_binary
1572.853797661483,1.0123806,0.011080194,5868998,eclipsing_binary
1572.8551865716638,1.0032349,0.011053108,5868998,eclipsing_binary
1572.8565754823114,0.9931054,0.011045483,5868998,eclipsing_binary
1572.857964392493,1.0239993,0.011088405,5868998,eclipsing_binary
1572.8593533031396,1.0012764,0.011079584,5868998,eclipsing_binary
1572.8607422137864,1.009514,0.011081685,5868998,eclipsing_binary
1572.8621311239679,1.0021219,0.011081705,5868998,eclipsing_binary
1572.8635200346155,1.0175917,0.011087695,5868998,eclipsing_binary
1572.8649089447965,1.0018507,0.011056338,5868998,eclipsing_binary
1572.866297855443,1.0073274,0.011052906,5868998,eclipsing_binary
1572.8676867656247,0.9971961,0.011048128,5868998,eclipsing_binary
1572.8690756762714,1.0049176,0.011061147,5868998,eclipsing_binary
1572.8704645864525,0.984086,0.011051733,5868998,eclipsing_binary
1572.8718534970997,0.9951229,0.011045479,5868998,eclipsing_binary
1572.8732424072812,1.0022159,0.011033655,5868998,eclipsing_binary
1572.8746313179279,0.9872099,0.011030302,5868998,eclipsing_binary
1572.8760202285746,1.0159305,0.011062709,5868998,eclipsing_binary
1572.8774091387565,0.99600035,0.011034296,5868998,eclipsing_binary
1572.8787980494037,0.98329014,0.0110127395,5868998,eclipsing_binary
1572.8801869595848,0.98465794,0.011017442,5868998,eclipsing_binary
1572.8815758702315,0.99515384,0.011036044,5868998,eclipsing_binary
1572.882964780413,1.0056847,0.011053477,5868998,eclipsing_binary
1572.8843536910597,1.0115938,0.011074774,5868998,eclipsing_binary
1572.8857426012407,0.9970056,0.011049662,5868998,eclipsing_binary
1572.8871315114222,0.99627477,0.011034427,5868998,eclipsing_binary
1572.8885204220699,0.98093,0.011022094,5868998,eclipsing_binary
1572.8899093322507,0.99369895,0.011038447,5868998,eclipsing_binary
1572.8912982428972,1.015395,0.011053245,5868998,eclipsing_binary
1572.8926871530791,0.9941344,0.011036772,5868998,eclipsing_binary
1572.8940760637272,0.9866613,0.01106247,5868998,eclipsing_binary
1572.8954649739087,1.0035731,0.011040539,5868998,eclipsing_binary
1572.8968538845554,0.9989852,0.011041738,5868998,eclipsing_binary
1572.898242794737,1.0015153,0.011028059,5868998,eclipsing_binary
1572.8996317053845,1.003488,0.01104035,5868998,eclipsing_binary
1572.9010206155656,0.98904675,0.011012995,5868998,eclipsing_binary
1572.9024095257464,1.0018195,0.011056972,5868998,eclipsing_binary
1572.9037984363938,0.9962737,0.011035465,5868998,eclipsing_binary
1572.9051873465748,1.0209252,0.011062534,5868998,eclipsing_binary
1572.9065762572216,1.0137705,0.011048396,5868998,eclipsing_binary
1572.907965167403,0.9928094,0.011031466,5868998,eclipsing_binary
1572.9093540775846,0.9982935,0.011027094,5868998,eclipsing_binary
1572.9107429882313,1.009079,0.011053272,5868998,eclipsing_binary
1572.9121318984123,1.0013578,0.011020225,5868998,eclipsing_binary
1572.91352080906,1.0109651,0.0110478895,5868998,eclipsing_binary
1572.9149097192415,1.0054121,0.011031243,5868998,eclipsing_binary
1572.9162986294225,0.99582696,0.011053083,5868998,eclipsing_binary
1572.9176875400692,1.0001668,0.0110248,5868998,eclipsing_binary
1572.9190764502507,0.9947424,0.011029848,5868998,eclipsing_binary
1572.920465360898,0.98791647,0.011007218,5868998,eclipsing_binary
1572.921854271079,0.99698365,0.011035848,5868998,eclipsing_binary
1572.92324318126,1.0033296,0.011024939,5868998,eclipsing_binary
1572.9246320919076,0.97487086,0.010972226,5868998,eclipsing_binary
1572.9260210020884,0.9970404,0.011019805,5868998,eclipsing_binary
1572.9274099122692,0.99683297,0.011036071,5868998,eclipsing_binary
1572.9287988229169,0.9871603,0.011012558,5868998,eclipsing_binary
1572.9301877330984,1.0004865,0.011030268,5868998,eclipsing_binary
1572.9315766432794,1.0089725,0.011040683,5868998,eclipsing_binary
1572.9329655539261,0.9932327,0.011005065,5868998,eclipsing_binary
1572.9343544641076,1.0073262,0.011033023,5868998,eclipsing_binary
1572.9357433742896,0.9951292,0.011009449,5868998,eclipsing_binary
1572.9371322844706,0.9939526,0.011004142,5868998,eclipsing_binary
1572.9385211951171,1.0119419,0.011036036,5868998,eclipsing_binary
1572.9399101052988,1.0003767,0.011017508,5868998,eclipsing_binary
1572.94129901548,1.0276147,0.011052549,5868998,eclipsing_binary
1572.9426879261266,0.9975721,0.011020426,5868998,eclipsing_binary
1572.9440768363088,1.0056536,0.0110164555,5868998,eclipsing_binary
1572.945465746491,1.0195947,0.011046056,5868998,eclipsing_binary
1572.946854656672,0.9866923,0.010978108,5868998,eclipsing_binary
1572.9482435673187,0.99596035,0.011001356,5868998,eclipsing_binary
1572.9496324775007,0.9995848,0.011011713,5868998,eclipsing_binary
1572.9510213876822,1.0072876,0.011014654,5868998,eclipsing_binary
1572.9524102978633,1.0065422,0.011044276,5868998,eclipsing_binary
1572.95379920851,1.0034173,0.011013558,5868998,eclipsing_binary
1572.9551881186915,0.98524195,0.010983466,5868998,eclipsing_binary
1572.9565770288732,0.9945604,0.011007909,5868998,eclipsing_binary
1572.957965939054,0.9923238,0.011009427,5868998,eclipsing_binary
1572.9593548497007,1.004953,0.011002314,5868998,eclipsing_binary
1572.9607437598827,0.993752,0.010997092,5868998,eclipsing_binary
1572.9621326700635,0.9930824,0.010993404,5868998,eclipsing_binary
1572.9635215802443,1.0123805,0.011022634,5868998,eclipsing_binary
1572.9649104904263,1.0034549,0.0110044945,5868998,eclipsing_binary
1572.9662994010735,1.0058386,0.01100972,5868998,eclipsing_binary
1572.9676883112545,1.0187451,0.011014061,5868998,eclipsing_binary
1572.9690772214356,1.0166764,0.0110081,5868998,eclipsing_binary
1572.970466131617,1.0016623,0.011006128,5868998,eclipsing_binary
1572.971855041799,0.9974052,0.010993113,5868998,eclipsing_binary
1572.9732439524457,1.0062155,0.011017,5868998,eclipsing_binary
1572.9746328626265,1.0028945,0.011034514,5868998,eclipsing_binary
1572.9760217728083,0.98745316,0.010982198,5868998,eclipsing_binary
1572.9774106829893,1.0223416,0.011034717,5868998,eclipsing_binary
1572.9787995931704,0.96970963,0.010955747,5868998,eclipsing_binary
1572.9801885033519,0.9965417,0.011006194,5868998,eclipsing_binary
1572.9815774135334,1.004138,0.011023112,5868998,eclipsing_binary
1572.98296632418,1.003066,0.011009718,5868998,eclipsing_binary
1572.9843552343611,0.9911372,0.010995145,5868998,eclipsing_binary
1572.9857441445429,1.0096494,0.011041635,5868998,eclipsing_binary
1572.9871330547246,0.9996437,0.010990541,5868998,eclipsing_binary
1572.9885219649057,1.0103378,0.011011497,5868998,eclipsing_binary
1572.9899108750867,1.0070554,0.011011085,5868998,eclipsing_binary
1572.9912997852682,0.9905525,0.010977049,5868998,eclipsing_binary
1572.99268869545,0.9967003,0.010979771,5868998,eclipsing_binary
1572.9940776060973,1.0025494,0.010987674,5868998,eclipsing_binary
1572.9954665162788,1.0194038,0.0110171605,5868998,eclipsing_binary
1572.9968554264608,1.0059263,0.010996742,5868998,eclipsing_binary
1572.9982443366416,0.9829155,0.011004152,5868998,eclipsing_binary
1572.9996332468224,1.0123788,0.011015917,5868998,eclipsing_binary
1573.0010221570044,0.9996248,0.010981895,5868998,eclipsing_binary
1573.002411067186,0.9807568,0.010961335,5868998,eclipsing_binary
1573.003799977367,1.0133848,0.011012629,5868998,eclipsing_binary
1573.005188887548,1.0163481,0.01103745,5868998,eclipsing_binary
1573.0065777977295,0.9984952,0.010971124,5868998,eclipsing_binary
1573.0079667079115,0.9959325,0.010975471,5868998,eclipsing_binary
1573.0093556180925,0.99993867,0.010961155,5868998,eclipsing_binary
1573.0107445282733,0.9922087,0.010983769,5868998,eclipsing_binary
1573.012133438455,1.0014337,0.011007599,5868998,eclipsing_binary
1573.0135223486361,0.99777085,0.01097646,5868998,eclipsing_binary
1573.0149112588172,1.0048538,0.011004569,5868998,eclipsing_binary
1573.0163001689987,0.9924031,0.010966699,5868998,eclipsing_binary
1573.0176890791802,0.990806,0.010973863,5868998,eclipsing_binary
1573.0190779893612,1.0078682,0.011004802,5868998,eclipsing_binary
1573.0204668995423,1.0121384,0.011004626,5868998,eclipsing_binary
1573.021855809724,0.9767984,0.01093518,5868998,eclipsing_binary
1573.0232447199057,1.0154371,0.011051101,5868998,eclipsing_binary
1573.0246336300868,1.0075508,0.010988291,5868998,eclipsing_binary
1573.0260225402678,0.99988323,0.010989277,5868998,eclipsing_binary
1573.0274114504493,0.98689514,0.010969263,5868998,eclipsing_binary
1573.028800360631,1.0149126,0.01103923,5868998,eclipsing_binary
1573.030189270812,0.98499346,0.010953697,5868998,eclipsing_binary
1573.031578180993,1.008599,0.010986557,5868998,eclipsing_binary
1573.032967091175,0.9991891,0.010975134,5868998,eclipsing_binary
1573.0343560013557,1.0035539,0.010969817,5868998,eclipsing_binary
1573.0357449115365,0.9996707,0.010973858,5868998,eclipsing_binary
1573.0371338217185,0.9664674,0.010989111,5868998,eclipsing_binary
1573.0385227319,1.002412,0.010979179,5868998,eclipsing_binary
1573.039911642081,0.99849486,0.01095924,5868998,eclipsing_binary
1573.041300552262,1.0011159,0.0109797595,5868998,eclipsing_binary
1573.0426894624436,0.9799396,0.010950465,5868998,eclipsing_binary
1573.0440783726256,0.97967803,0.010951418,5868998,eclipsing_binary
1573.045467282807,0.9838422,0.010957837,5868998,eclipsing_binary
1573.0468561925231,1.0010977,0.010968697,5868998,eclipsing_binary
1573.0482451027049,1.0022417,0.010987286,5868998,eclipsing_binary
1573.0496340128864,0.99157846,0.010965355,5868998,eclipsing_binary
1573.0510229230674,0.9959805,0.010972371,5868998,eclipsing_binary
1573.0524118332485,0.99772227,0.010969556,5868998,eclipsing_binary
1573.05380074343,0.99842834,0.010973223,5868998,eclipsing_binary
1573.055189653611,0.9902582,0.010965273,5868998,eclipsing_binary
1573.056578563792,1.0134124,0.010980742,5868998,eclipsing_binary
1573.0579674739738,0.99824464,0.010967879,5868998,eclipsing_binary
1573.0593563836899,0.9935394,0.011003791,5868998,eclipsing_binary
1573.060745293871,0.99301404,0.010959286,5868998,eclipsing_binary
1573.062134204052,0.98724383,0.010939022,5868998,eclipsing_binary
1573.0635231142335,1.0009681,0.010956489,5868998,eclipsing_binary
1573.0649120244152,1.002504,0.010959645,5868998,eclipsing_binary
1573.066300934596,0.9870249,0.0109343575,5868998,eclipsing_binary
1573.0676898443114,1.0037514,0.010979984,5868998,eclipsing_binary
1573.0690787544934,1.00129,0.010970204,5868998,eclipsing_binary
1573.0704676646742,1.0004777,0.010973348,5868998,eclipsing_binary
1573.071856574855,0.9864267,0.010927331,5868998,eclipsing_binary
1573.073245485037,0.9975651,0.010957837,5868998,eclipsing_binary
1573.0746343947528,0.99160975,0.010949564,5868998,eclipsing_binary
1573.0760233049339,1.0082927,0.010977099,5868998,eclipsing_binary
1573.077412215115,0.99188817,0.010943733,5868998,eclipsing_binary
1573.0788011252964,0.99097013,0.01094631,5868998,eclipsing_binary
1573.0801900354784,0.9934553,0.010940117,5868998,eclipsing_binary
1573.0815789451935,1.0099325,0.010968976,5868998,eclipsing_binary
1573.0829678553744,0.9898705,0.010934444,5868998,eclipsing_binary
1573.0843567655563,1.0024685,0.010950592,5868998,eclipsing_binary
1573.0857456757378,0.99266016,0.010928355,5868998,eclipsing_binary
1573.0871345854532,1.0057961,0.0109551605,5868998,eclipsing_binary
1573.0885234956343,0.9791482,0.010923072,5868998,eclipsing_binary
1573.0899124058158,0.9973239,0.010954738,5868998,eclipsing_binary
1573.0913013159968,0.97623676,0.010904778,5868998,eclipsing_binary
1573.0926902257122,0.97189057,0.010919481,5868998,eclipsing_binary
1573.094079135894,0.9669361,0.01089275,5868998,eclipsing_binary
1573.0954680460757,0.95849687,0.010941331,5868998,eclipsing_binary
1573.0968569562572,0.9643509,0.010889151,5868998,eclipsing_binary
1573.0982458659735,0.97521544,0.010907917,5868998,eclipsing_binary
1573.099634776155,0.9581616,0.010874447,5868998,eclipsing_binary
1573.1010236863367,0.96809477,0.01090349,5868998,eclipsing_binary
1573.1024125960519,0.9463771,0.010869673,5868998,eclipsing_binary
1573.103801506233,0.9503312,0.010877748,5868998,eclipsing_binary
1573.1051904164149,0.9568753,0.010873252,5868998,eclipsing_binary
1573.10657932613,0.93508023,0.010839241,5868998,eclipsing_binary
1573.1079682363109,0.96490437,0.010875922,5868998,eclipsing_binary
1573.1093571464928,0.9448417,0.010865012,5868998,eclipsing_binary
1573.1107460566743,0.9355463,0.010834965,5868998,eclipsing_binary
1573.1121349663897,0.95015305,0.010855682,5868998,eclipsing_binary
1573.1135238765708,0.9335394,0.010824849,5868998,eclipsing_binary
1573.1149127862866,0.9362664,0.010833284,5868998,eclipsing_binary
1573.1163016964686,0.94204617,0.010834782,5868998,eclipsing_binary
1573.1176906066494,0.9292006,0.010824319,5868998,eclipsing_binary
1573.1190795163645,0.9481067,0.010854518,5868998,eclipsing_binary
1573.1204684265465,0.96153724,0.010891095,5868998,eclipsing_binary
1573.121857336728,0.9556502,0.010875423,5868998,eclipsing_binary
1573.1232462464434,0.97021145,0.010878459,5868998,eclipsing_binary
1573.1246351566244,0.9495904,0.010862954,5868998,eclipsing_binary
1573.126024066806,0.97527266,0.010891388,5868998,eclipsing_binary
1573.1274129765213,0.97388357,0.010890027,5868998,eclipsing_binary
1573.1288018867024,0.97438675,0.01089784,5868998,eclipsing_binary
1573.1301907964184,0.96364176,0.010875653,5868998,eclipsing_binary
1573.1315797066002,0.9923713,0.010914934,5868998,eclipsing_binary
1573.1329686167812,0.99870396,0.010919964,5868998,eclipsing_binary
1573.1343575264966,0.9701322,0.010935943,5868998,eclipsing_binary
1573.1357464366781,1.0057828,0.010937434,5868998,eclipsing_binary
1573.1371353463942,1.0123456,0.010954142,5868998,eclipsing_binary
1573.138524256575,0.98321676,0.010888957,5868998,eclipsing_binary
1573.1399131662904,1.0134814,0.010951041,5868998,eclipsing_binary
1573.1413020764724,0.99295807,0.010920038,5868998,eclipsing_binary
1573.1426909861875,1.0147307,0.010973863,5868998,eclipsing_binary
1573.1440798963683,1.0093155,0.010935808,5868998,eclipsing_binary
1573.1454688065503,1.0130992,0.010956202,5868998,eclipsing_binary
1573.1468577162661,0.998852,0.010922771,5868998,eclipsing_binary
1573.1482466264479,1.0076047,0.010934932,5868998,eclipsing_binary
1573.149635536164,1.0094421,0.010935991,5868998,eclipsing_binary
1573.1510244463454,0.994672,0.010905725,5868998,eclipsing_binary
1573.1524133560617,0.982369,0.010882533,5868998,eclipsing_binary
1573.1538022662428,1.0087342,0.01092363,5868998,eclipsing_binary
1573.155191175958,1.0225079,0.010962784,5868998,eclipsing_binary
1573.1565800861397,1.0075418,0.010922261,5868998,eclipsing_binary
1573.1579689958555,0.9906693,0.0109116705,5868998,eclipsing_binary
1573.1593579060366,0.9867428,0.010879729,5868998,eclipsing_binary
1573.160746815752,0.9966826,0.010902507,5868998,eclipsing_binary
1573.1621357259335,1.0060465,0.010923294,5868998,eclipsing_binary
1573.1635246356489,1.0075158,0.010917558,5868998,eclipsing_binary
1573.16491354583,0.9894638,0.010886636,5868998,eclipsing_binary
1573.166302455546,0.99167114,0.010889797,5868998,eclipsing_binary
1573.167691365262,1.0013748,0.0109262,5868998,eclipsing_binary
1573.169080275443,0.99020624,0.010902446,5868998,eclipsing_binary
1573.1704691851585,0.99774116,0.010903514,5868998,eclipsing_binary
1573.17185809534,1.0021561,0.01091079,5868998,eclipsing_binary
1573.173247005056,0.9812335,0.010878384,5868998,eclipsing_binary
1573.1746359152369,1.006806,0.010911726,5868998,eclipsing_binary
1573.1760248249523,1.0083764,0.010912297,5868998,eclipsing_binary
1573.1774137346686,1.0251205,0.010927116,5868998,eclipsing_binary
1573.17880264485,1.0013227,0.0109300595,5868998,eclipsing_binary
1573.1801915545655,0.99846774,0.010909658,5868998,eclipsing_binary
1573.1815804647465,1.0135397,0.01092003,5868998,eclipsing_binary
1573.1829693744623,0.98945457,0.010905002,5868998,eclipsing_binary
1573.1843582846434,1.0009791,0.010913467,5868998,eclipsing_binary
1573.1857471943588,1.0080142,0.010904461,5868998,eclipsing_binary
1573.1871361040746,0.9959771,0.010887796,5868998,eclipsing_binary
1573.1885250142566,0.99439514,0.010893694,5868998,eclipsing_binary
1573.1899139239717,0.9982127,0.010885757,5868998,eclipsing_binary
1573.191302833687,0.9704043,0.01086079,5868998,eclipsing_binary
1573.1926917438689,0.9898125,0.010884652,5868998,eclipsing_binary
1573.1940806535847,0.9986577,0.010904929,5868998,eclipsing_binary
1573.1954695633,1.002048,0.010907925,5868998,eclipsing_binary
1573.1968584734811,1.001852,0.010908088,5868998,eclipsing_binary
1573.198247383197,0.9931306,0.010877897,5868998,eclipsing_binary
1573.1996362929124,1.0113567,0.010907111,5868998,eclipsing_binary
1573.2010252030943,0.9923334,0.01088114,5868998,eclipsing_binary
1573.2024141128109,1.010301,0.010930183,5868998,eclipsing_binary
1573.203803022527,1.0029612,0.010893428,5868998,eclipsing_binary
1573.205191932708,1.0024196,0.010893882,5868998,eclipsing_binary
1573.2065808424234,0.9917058,0.01088365,5868998,eclipsing_binary
1573.2079697521392,0.9937754,0.010906973,5868998,eclipsing_binary
1573.209358662321,1.006582,0.010901639,5868998,eclipsing_binary
1573.210747572036,1.0002892,0.010883107,5868998,eclipsing_binary
1573.2121364817515,0.9888438,0.010895151,5868998,eclipsing_binary
1573.2135253919334,0.9830741,0.010865444,5868998,eclipsing_binary
1573.2149143016493,0.99371374,0.010887362,5868998,eclipsing_binary
1573.2163032113647,0.9984024,0.01088901,5868998,eclipsing_binary
1573.21769212108,0.99779445,0.010911715,5868998,eclipsing_binary
1573.2190810312616,1.0184517,0.010929877,5868998,eclipsing_binary
1573.220469940977,0.98562795,0.010883756,5868998,eclipsing_binary
1573.2218588506923,0.997904,0.010886564,5868998,eclipsing_binary
1573.2232477604082,0.9882987,0.010881007,5868998,eclipsing_binary
1573.2246366705901,1.0043412,0.010903888,5868998,eclipsing_binary
1573.2260255803053,0.99675494,0.010886063,5868998,eclipsing_binary
1573.2274144900205,0.9904597,0.01087957,5868998,eclipsing_binary
1573.2288033997368,0.9907781,0.010861613,5868998,eclipsing_binary
1573.2301923099183,1.0018815,0.01089203,5868998,eclipsing_binary
1573.2315812196337,1.0079626,0.010895531,5868998,eclipsing_binary
1573.232970129349,0.99761564,0.010891029,5868998,eclipsing_binary
1573.2343590390649,0.99411637,0.0108742975,5868998,eclipsing_binary
1573.2357479487803,1.0058012,0.010900592,5868998,eclipsing_binary
1573.2371368589613,0.99463964,0.01087371,5868998,eclipsing_binary
1573.2385257686774,0.99545926,0.010875562,5868998,eclipsing_binary
1573.2399146783935,0.9860087,0.010873211,5868998,eclipsing_binary
1573.2413035881088,0.9964547,0.010879356,5868998,eclipsing_binary
1573.2426924978242,0.99256504,0.010875597,5868998,eclipsing_binary
1573.24408140754,1.0129908,0.010894987,5868998,eclipsing_binary
1573.2454703177216,1.009338,0.010910901,5868998,eclipsing_binary
1573.246859227437,0.99852806,0.010876303,5868998,eclipsing_binary
1573.2482481371524,1.0054876,0.010893346,5868998,eclipsing_binary
1573.2496370468687,0.99711454,0.010862185,5868998,eclipsing_binary
1573.2510259565845,0.9828294,0.01085859,5868998,eclipsing_binary
1573.2524148663,1.0026995,0.010895206,5868998,eclipsing_binary
1573.2538037760157,0.993521,0.010875771,5868998,eclipsing_binary
1573.2551926861981,0.99179596,0.010870032,5868998,eclipsing_binary
1573.2565815959135,0.9683752,0.010838656,5868998,eclipsing_binary
1573.257970505629,1.007992,0.010900454,5868998,eclipsing_binary
1573.2593594153448,1.0128226,0.010948208,5868998,eclipsing_binary
1573.260748325061,0.99839383,0.010881485,5868998,eclipsing_binary
1573.2621372347762,1.0005417,0.010879989,5868998,eclipsing_binary
1573.2635261444914,1.0067682,0.010884283,5868998,eclipsing_binary
1573.2649150542077,0.989737,0.0108573865,5868998,eclipsing_binary
1573.2663039639235,0.9940386,0.010868844,5868998,eclipsing_binary
1573.267692873639,0.9861736,0.010851273,5868998,eclipsing_binary
1573.2690817833543,0.98395306,0.010847208,5868998,eclipsing_binary
1573.2704706935358,0.99551475,0.010858601,5868998,eclipsing_binary
1573.2718596032512,0.99557257,0.010876675,5868998,eclipsing_binary
1573.2732485129666,0.99842656,0.01087593,5868998,eclipsing_binary
1573.2746374226826,0.99331176,0.010868109,5868998,eclipsing_binary
1573.2760263323987,1.0048611,0.010895495,5868998,eclipsing_binary
1573.277415242114,0.9912895,0.010857804,5868998,eclipsing_binary
1573.2788041518295,0.99753445,0.01090083,5868998,eclipsing_binary
1573.2801930615453,0.98357064,0.010845874,5868998,eclipsing_binary
1573.2815819712612,1.0068445,0.010887632,5868998,eclipsing_binary
1573.2829708809766,1.0057274,0.010871451,5868998,eclipsing_binary
1573.284359790692,0.9878753,0.010854165,5868998,eclipsing_binary
1573.2857487004082,1.0034453,0.010882915,5868998,eclipsing_binary
1573.287137610124,1.0093958,0.010895713,5868998,eclipsing_binary
1573.2885265198395,0.99989396,0.010872618,5868998,eclipsing_binary
1573.2899154295549,0.98155415,0.010849907,5868998,eclipsing_binary
1573.2913043392707,1.0058221,0.010873662,5868998,eclipsing_binary
1573.292693248986,0.9926158,0.010855279,5868998,eclipsing_binary
1573.2940821587015,1.005658,0.010887043,5868998,eclipsing_binary
1573.2954710684173,0.9880454,0.0108385645,5868998,eclipsing_binary
1573.2968599781336,0.9890674,0.0108400695,5868998,eclipsing_binary
1573.2982488878488,0.98571676,0.01083792,5868998,eclipsing_binary
1573.299637797564,1.0016705,0.010887638,5868998,eclipsing_binary
1573.3010267072802,0.98583186,0.010830216,5868998,eclipsing_binary
1573.302415616996,0.98629516,0.010840293,5868998,eclipsing_binary
1573.3038045267115,0.9813492,0.010840756,5868998,eclipsing_binary
1573.3051934359612,1.002228,0.010863088,5868998,eclipsing_binary
1573.306582345677,1.0201824,0.010884043,5868998,eclipsing_binary
1573.3079712553938,1.0075976,0.010861719,5868998,eclipsing_binary
1573.30936016511,0.98733056,0.010839127,5868998,eclipsing_binary
1573.3107490748253,1.0145594,0.0108678825,5868998,eclipsing_binary
1573.3121379845413,1.0005774,0.0108603155,5868998,eclipsing_binary
1573.3135268942567,1.0014249,0.01085174,5868998,eclipsing_binary
1573.314915803972,1.0018644,0.0108369,5868998,eclipsing_binary
1573.316304713688,1.023656,0.010897955,5868998,eclipsing_binary
1573.3176936234038,1.0088341,0.010865386,5868998,eclipsing_binary
1573.3190825326535,1.0019295,0.010877886,5868998,eclipsing_binary
1573.320471442369,1.000922,0.010857848,5868998,eclipsing_binary
1573.3218603520852,0.9878508,0.010839336,5868998,eclipsing_binary
1573.323249261801,0.9984443,0.0108413,5868998,eclipsing_binary
1573.3246381715164,0.99915314,0.010888505,5868998,eclipsing_binary
1573.3260270812318,1.0140026,0.010893114,5868998,eclipsing_binary
1573.3274159909477,0.9882886,0.010874257,5868998,eclipsing_binary
1573.3288049001974,1.00478,0.010857949,5868998,eclipsing_binary
1573.3301938099128,1.0078527,0.010910804,5868998,eclipsing_binary
1573.3315827196286,0.9857807,0.010829048,5868998,eclipsing_binary
1573.332971629345,1.0023079,0.010851542,5868998,eclipsing_binary
1573.33436053906,1.0192473,0.010882983,5868998,eclipsing_binary
1573.3357494487752,0.9862743,0.0108092865,5868998,eclipsing_binary
1573.3371383580259,0.99526614,0.010849843,5868998,eclipsing_binary
1573.3385272677417,0.986632,0.01083886,5868998,eclipsing_binary
1573.339916177457,0.9888706,0.01082907,5868998,eclipsing_binary
1573.3413050871725,1.0032005,0.010853041,5868998,eclipsing_binary
1573.3426939968883,1.0220602,0.010870382,5868998,eclipsing_binary
1573.344082906139,0.99318767,0.010840902,5868998,eclipsing_binary
1573.3454718158544,1.0003405,0.010860203,5868998,eclipsing_binary
1573.3468607255695,1.0109249,0.010862926,5868998,eclipsing_binary
1573.3482496352856,0.99327403,0.010821759,5868998,eclipsing_binary
1573.3496385445353,0.9955116,0.010842717,5868998,eclipsing_binary
1573.3510274542507,1.0036602,0.010855144,5868998,eclipsing_binary
1573.3524163639665,1.0196142,0.010861934,5868998,eclipsing_binary
1573.3538052736824,0.9872137,0.010874208,5868998,eclipsing_binary
1573.355194182932,0.9971712,0.0108564,5868998,eclipsing_binary
1573.3565830926475,1.0038176,0.010852186,5868998,eclipsing_binary
1573.3579720023636,1.0020331,0.010868087,5868998,eclipsing_binary
1573.3593609120796,0.9917631,0.010824246,5868998,eclipsing_binary
1573.3607498213294,1.0073231,0.010852292,5868998,eclipsing_binary
1573.3621387310452,0.9882695,0.010810962,5868998,eclipsing_binary
1573.363527640762,0.999779,0.010833128,5868998,eclipsing_binary
1573.3649165500117,1.0053824,0.010837029,5868998,eclipsing_binary
1573.366305459727,0.9899336,0.010825934,5868998,eclipsing_binary
1573.367694369443,1.0028362,0.010840286,5868998,eclipsing_binary
1573.3690832786936,0.9976735,0.01086153,5868998,eclipsing_binary
1573.3704721884087,0.9963814,0.010830185,5868998,eclipsing_binary
1573.3718610981239,1.0087924,0.010847393,5868998,eclipsing_binary
1573.3732500078402,1.0182823,0.010853623,5868998,eclipsing_binary
1573.3746389170904,0.99841297,0.010819951,5868998,eclipsing_binary
1573.3760278268057,0.9937629,0.010843439,5868998,eclipsing_binary
1573.3774167360555,0.9948313,0.010821115,5868998,eclipsing_binary
1573.3788056457713,0.99423605,0.010822734,5868998,eclipsing_binary
1573.3801945554876,1.0015169,0.010831178,5868998,eclipsing_binary
1573.3815834647373,1.0022724,0.0108298,5868998,eclipsing_binary
1573.3829723744525,1.0038239,0.010846438,5868998,eclipsing_binary
1573.3843612841686,0.9907464,0.010815472,5868998,eclipsing_binary
1573.3857501934183,0.9989704,0.010825561,5868998,eclipsing_binary
1573.3871391031337,1.0104419,0.010856419,5868998,eclipsing_binary
1573.3885280123839,1.0048274,0.010838154,5868998,eclipsing_binary
1573.3899169220997,1.005358,0.0108368015,5868998,eclipsing_binary
1573.391305831815,1.0174304,0.010853527,5868998,eclipsing_binary
1573.3926947410648,0.9907364,0.010803909,5868998,eclipsing_binary
1573.3940836507809,0.9850038,0.0108136395,5868998,eclipsing_binary
1573.3954725600313,0.9885201,0.010804429,5868998,eclipsing_binary
1573.3968614697467,1.0083224,0.0108382,5868998,eclipsing_binary
1573.398250379462,1.0272356,0.010864219,5868998,eclipsing_binary
1573.3996392887123,1.0139163,0.010830632,5868998,eclipsing_binary
1573.4010281984276,1.0134544,0.010834338,5868998,eclipsing_binary
1573.4024171076774,1.0061216,0.01082801,5868998,eclipsing_binary
1573.4038060173932,0.9917739,0.0108084,5868998,eclipsing_binary
1573.4051949266438,1.0000361,0.010833846,5868998,eclipsing_binary
1573.406583836359,1.0024755,0.010822281,5868998,eclipsing_binary
1573.4079727456085,1.0158141,0.010859632,5868998,eclipsing_binary
1573.4093616553248,0.9791402,0.010784771,5868998,eclipsing_binary
1573.410750564575,1.0009143,0.010833029,5868998,eclipsing_binary
1573.4121394742904,0.9963522,0.010818082,5868998,eclipsing_binary
1573.4135283840058,0.9723324,0.010798025,5868998,eclipsing_binary
1573.414917293256,0.99260736,0.010811558,5868998,eclipsing_binary
1573.4163062029722,0.9999467,0.010813376,5868998,eclipsing_binary
1573.4176951122224,1.0128543,0.010838948,5868998,eclipsing_binary
1573.4190840214728,1.010571,0.01084762,5868998,eclipsing_binary
1573.420472931189,1.0104529,0.010830879,5868998,eclipsing_binary
1573.4218618404386,1.0036925,0.0108225215,5868998,eclipsing_binary
1573.423250750154,1.0004027,0.010804015,5868998,eclipsing_binary
1573.4246396594042,0.99562997,0.010801591,5868998,eclipsing_binary
1573.42602856912,1.0043684,0.010824197,5868998,eclipsing_binary
1573.4274174783698,0.9952047,0.010801659,5868998,eclipsing_binary
1573.4288063880851,0.9763703,0.010775514,5868998,eclipsing_binary
1573.4301952973356,1.0021585,0.010820616,5868998,eclipsing_binary
1573.4315842070516,1.0171891,0.010831354,5868998,eclipsing_binary
1573.4329731163014,0.9963527,0.010826971,5868998,eclipsing_binary
1573.4343620260167,1.0007123,0.010835202,5868998,eclipsing_binary
1573.435750935267,0.9853674,0.010797835,5868998,eclipsing_binary
1573.4371398445173,1.0156503,0.010833506,5868998,eclipsing_binary
1573.4385287542325,0.9983205,0.0108100055,5868998,eclipsing_binary
1573.4399176634822,0.98691803,0.010788146,5868998,eclipsing_binary
1573.4413065731985,1.0154412,0.010833672,5868998,eclipsing_binary
1573.442695482448,1.0079556,0.010845517,5868998,eclipsing_binary
1573.4440843916975,1.0127242,0.010867595,5868998,eclipsing_binary
1573.4454733014138,1.0111388,0.0108207315,5868998,eclipsing_binary
1573.446862210664,1.0025462,0.010801787,5868998,eclipsing_binary
1573.4482511199137,1.0227854,0.010869123,5868998,eclipsing_binary
1573.449640029629,0.9944293,0.010792835,5868998,eclipsing_binary
1573.4510289388793,0.9984641,0.010822407,5868998,eclipsing_binary
1573.4524178485956,1.0006924,0.01080614,5868998,eclipsing_binary
1573.453806757845,0.9849355,0.010792442,5868998,eclipsing_binary
1573.4551956670946,0.99576885,0.010802344,5868998,eclipsing_binary
1573.4565845768109,0.9920069,0.010797444,5868998,eclipsing_binary
1573.4579734860606,0.99732995,0.010803821,5868998,eclipsing_binary
1573.4593623953103,1.011436,0.010828,5868998,eclipsing_binary
1573.4607513050262,1.0137014,0.010823559,5868998,eclipsing_binary
1573.4621402142764,0.9991136,0.010805723,5868998,eclipsing_binary
1573.463529123526,0.9933248,0.010842874,5868998,eclipsing_binary
1573.4649180332415,1.0141009,0.01081595,5868998,eclipsing_binary
1573.4663069424919,1.0019317,0.010824784,5868998,eclipsing_binary
1573.4676958517423,1.003239,0.0108018685,5868998,eclipsing_binary
1573.469084760992,1.0110911,0.010837079,5868998,eclipsing_binary
1573.4704736707074,0.9929489,0.010791752,5868998,eclipsing_binary
1573.4718625799576,1.0095882,0.010815914,5868998,eclipsing_binary
1573.4732514892087,0.9971589,0.010790967,5868998,eclipsing_binary
1573.4746403989245,0.99436474,0.010777314,5868998,eclipsing_binary
1573.4760293081742,1.0013202,0.0108098015,5868998,eclipsing_binary
1573.4774182174249,0.9926279,0.010789785,5868998,eclipsing_binary
1573.4788071266744,0.9916133,0.0107769575,5868998,eclipsing_binary
1573.4801960363895,1.0203545,0.010842412,5868998,eclipsing_binary
1573.4815849456402,1.0066732,0.010815176,5868998,eclipsing_binary
1573.4829738548904,0.98238033,0.010779131,5868998,eclipsing_binary
1573.48436276414,1.0057962,0.010798068,5868998,eclipsing_binary
1573.4857516733898,0.98524094,0.01077258,5868998,eclipsing_binary
1573.4871405831057,1.026819,0.01084502,5868998,eclipsing_binary
1573.4885294923563,0.999167,0.0107941935,5868998,eclipsing_binary
1573.4899184016058,0.9948582,0.010799256,5868998,eclipsing_binary
1573.4913073108553,1.0029647,0.010806115,5868998,eclipsing_binary
1573.4926962205716,0.98925227,0.010779787,5868998,eclipsing_binary
1573.4940851298213,1.0116469,0.010819941,5868998,eclipsing_binary
1573.495474039071,0.9976803,0.010784909,5868998,eclipsing_binary
1573.4968629483212,1.0087144,0.010820259,5868998,eclipsing_binary
1573.4982518575714,1.0065787,0.01080575,5868998,eclipsing_binary
1573.4996407668211,1.011313,0.0108228205,5868998,eclipsing_binary
1573.5010296765365,1.0074958,0.010807849,5868998,eclipsing_binary
1573.502418585787,1.0101169,0.0108177075,5868998,eclipsing_binary
1573.5038074950373,1.003603,0.010800195,5868998,eclipsing_binary
1573.505196404287,1.0084856,0.010832344,5868998,eclipsing_binary
1573.5065853135368,0.98527575,0.010769069,5868998,eclipsing_binary
1573.507974222787,0.9899243,0.01077466,5868998,eclipsing_binary
1573.5093631320374,1.0062762,0.010796414,5868998,eclipsing_binary
1573.5107520417525,0.99696875,0.010792036,5868998,eclipsing_binary
1573.5121409510023,1.0081289,0.010804196,5868998,eclipsing_binary
1573.513529860253,0.981173,0.010761112,5868998,eclipsing_binary
1573.5149187695024,1.0054234,0.01079699,5868998,eclipsing_binary
1573.516307678752,0.99646777,0.010773437,5868998,eclipsing_binary
1573.5176965880025,1.0018262,0.010798662,5868998,eclipsing_binary
1573.5190854972527,0.9955539,0.0107946955,5868998,eclipsing_binary
1573.5204744065024,1.0059884,0.010791681,5868998,eclipsing_binary
1573.5218633157522,1.0044221,0.010795546,5868998,eclipsing_binary
1573.5232522250024,1.0024611,0.01079459,5868998,eclipsing_binary
1573.5246411347186,1.004709,0.010796601,5868998,eclipsing_binary
1573.5260300439681,1.0108813,0.01080882,5868998,eclipsing_binary
1573.5274189532176,0.9961091,0.010781629,5868998,eclipsing_binary
1573.5288078624683,1.0155605,0.010820095,5868998,eclipsing_binary
1573.5301967717185,1.0129248,0.010806876,5868998,eclipsing_binary
1573.531585680969,0.98880047,0.010772914,5868998,eclipsing_binary
1573.5329745902193,1.0082449,0.010810841,5868998,eclipsing_binary
1573.5343634994695,0.99664694,0.010787057,5868998,eclipsing_binary
1573.5357524087192,0.9962572,0.010786725,5868998,eclipsing_binary
1573.537141317969,0.9952608,0.010768262,5868998,eclipsing_binary
1573.5385302272193,0.97535294,0.010754712,5868998,eclipsing_binary
1573.5399191364697,0.9849823,0.010763485,5868998,eclipsing_binary
1573.5413080457195,1.0111159,0.010795717,5868998,eclipsing_binary
1573.5426969549692,1.0117095,0.010790576,5868998,eclipsing_binary
1573.5440858642194,1.0063016,0.010792913,5868998,eclipsing_binary
1573.5454747734698,1.0021659,0.010794757,5868998,eclipsing_binary
1573.5468636827193,1.019086,0.010831037,5868998,eclipsing_binary
1573.548252591969,1.0033684,0.010785159,5868998,eclipsing_binary
1573.5496415012196,1.0018889,0.010784364,5868998,eclipsing_binary
1573.5510304104691,1.0036103,0.010804197,5868998,eclipsing_binary
1573.5524193197186,1.0155549,0.010822507,5868998,eclipsing_binary
1573.5538082289693,1.014106,0.0108048,5868998,eclipsing_binary
1573.5551971382195,1.0228891,0.010836795,5868998,eclipsing_binary
1573.5565860474692,1.0000284,0.010790388,5868998,eclipsing_binary
1573.557974956719,0.9999933,0.010788876,5868998,eclipsing_binary
1573.5593638655034,0.9921646,0.01077728,5868998,eclipsing_binary
1573.560752774754,0.9996457,0.010783144,5868998,eclipsing_binary
1573.5621416840036,0.9962182,0.0107857045,5868998,eclipsing_binary
1573.563530593253,1.0038861,0.010796462,5868998,eclipsing_binary
1573.5649195025037,1.0084999,0.010810343,5868998,eclipsing_binary
1573.5663084117539,1.0038773,0.0107892705,5868998,eclipsing_binary
1573.5676973210036,1.005202,0.010789465,5868998,eclipsing_binary
1573.5690862302533,1.0053297,0.010776503,5868998,eclipsing_binary
1573.5704751395035,0.99537563,0.010777684,5868998,eclipsing_binary
1573.5718640487532,0.99647176,0.010795485,5868998,eclipsing_binary
1573.5732529575373,1.0100759,0.010805589,5868998,eclipsing_binary
1573.5746418667877,1.0106514,0.010797478,5868998,eclipsing_binary
1573.5760307760381,1.0078146,0.010791137,5868998,eclipsing_binary
1573.5774196852879,0.9980867,0.010785438,5868998,eclipsing_binary
1573.5788085945376,1.0071465,0.010793635,5868998,eclipsing_binary
1573.5801975037878,1.0047178,0.01078884,5868998,eclipsing_binary
1573.581586413038,1.0149146,0.010808923,5868998,eclipsing_binary
1573.582975321822,0.993244,0.01076813,5868998,eclipsing_binary
1573.5843642310717,0.98994297,0.010758626,5868998,eclipsing_binary
1573.5857531403224,0.9960827,0.010780076,5868998,eclipsing_binary
1573.5871420495725,0.984791,0.010771221,5868998,eclipsing_binary
1573.5885309588227,0.9950159,0.010797067,5868998,eclipsing_binary
1573.5899198680734,0.9942603,0.010788966,5868998,eclipsing_binary
1573.5913087768579,1.0055555,0.010818156,5868998,eclipsing_binary
1573.5926976861076,1.0037471,0.010784359,5868998,eclipsing_binary
1573.5940865953573,0.9941527,0.010774208,5868998,eclipsing_binary
1573.5954755046075,0.9998042,0.010786245,5868998,eclipsing_binary
1573.5968644138582,0.9998354,0.010778934,5868998,eclipsing_binary
1573.598253322642,0.99594367,0.01078544,5868998,eclipsing_binary
1573.5996422318915,1.0049808,0.010794518,5868998,eclipsing_binary
1573.6010311411421,0.9775377,0.01081163,5868998,eclipsing_binary
1573.6024200503923,1.0145601,0.010811435,5868998,eclipsing_binary
1573.6038089591764,1.0088749,0.010794233,5868998,eclipsing_binary
1573.605197868426,1.0095617,0.010796743,5868998,eclipsing_binary
1573.6065867776763,1.004498,0.010816071,5868998,eclipsing_binary
1573.607975686926,0.9889394,0.0107580405,5868998,eclipsing_binary
1573.60936459571,0.9816792,0.010787154,5868998,eclipsing_binary
1573.6107535049605,0.99586874,0.0107764825,5868998,eclipsing_binary
1573.612142414211,1.0043397,0.010797003,5868998,eclipsing_binary
1573.613531322995,0.999509,0.010791908,5868998,eclipsing_binary
1573.6149202322447,1.0222762,0.010802437,5868998,eclipsing_binary
1573.6163091414949,1.0130165,0.010806439,5868998,eclipsing_binary
1573.617698050745,1.0059814,0.010780099,5868998,eclipsing_binary
1573.619086959529,1.0136436,0.010809076,5868998,eclipsing_binary
1573.6204758687788,0.97815245,0.010758962,5868998,eclipsing_binary
1573.6218647780295,1.0039525,0.010787833,5868998,eclipsing_binary
1573.6232536868133,1.0214068,0.01080777,5868998,eclipsing_binary
1573.6246425960628,1.0052032,0.010812567,5868998,eclipsing_binary
1573.6260315053134,0.9873989,0.010741935,5868998,eclipsing_binary
1573.627420414098,0.99994206,0.010761011,5868998,eclipsing_binary
1573.6288093233477,1.0051693,0.010790827,5868998,eclipsing_binary
1573.6301982325974,1.0045474,0.010800506,5868998,eclipsing_binary
1573.631587141382,0.986082,0.010766197,5868998,eclipsing_binary
1573.6329760506326,1.0187606,0.010852132,5868998,eclipsing_binary
1573.6343649594164,0.9937317,0.010768751,5868998,eclipsing_binary
1573.635753868666,1.0044112,0.01078301,5868998,eclipsing_binary
1573.6371427779166,1.005499,0.010845092,5868998,eclipsing_binary
1573.638531686701,1.0044409,0.0107907485,5868998,eclipsing_binary
1573.6399205959508,1.0163362,0.010853143,5868998,eclipsing_binary
1573.6413095052005,0.98978,0.010759348,5868998,eclipsing_binary
1573.642698413985,1.001715,0.010781163,5868998,eclipsing_binary
1573.6440873232348,1.0021956,0.010780036,5868998,eclipsing_binary
1573.6454762320197,1.0093281,0.010782242,5868998,eclipsing_binary
1573.6468651412706,1.001365,0.010791502,5868998,eclipsing_binary
1573.6482540500554,0.98486525,0.010770923,5868998,eclipsing_binary
1573.649642959305,1.0067396,0.01080249,5868998,eclipsing_binary
1573.6510318685548,0.9819109,0.010763026,5868998,eclipsing_binary
1573.6524207773393,0.9984515,0.010780333,5868998,eclipsing_binary
1573.6538096865895,1.0027096,0.010810025,5868998,eclipsing_binary
1573.6551985953736,1.0054579,0.010787806,5868998,eclipsing_binary
1573.6565875046233,1.0261062,0.010824026,5868998,eclipsing_binary
1573.6579764134083,1.0071543,0.010793317,5868998,eclipsing_binary
1573.6593653226578,0.99841523,0.010785949,5868998,eclipsing_binary
1573.6607542314416,1.01459,0.0108067775,5868998,eclipsing_binary
1573.6621431406923,1.0181328,0.010813441,5868998,eclipsing_binary
1573.6635320494768,1.0064588,0.010787387,5868998,eclipsing_binary
1573.6649209587265,0.9891568,0.010756837,5868998,eclipsing_binary
1573.6663098675106,0.9960287,0.010766935,5868998,eclipsing_binary
1573.6676987767607,0.9914351,0.010780137,5868998,eclipsing_binary
1573.6690876855457,1.0142771,0.010798676,5868998,eclipsing_binary
1573.6704765947952,0.9886696,0.010759271,5868998,eclipsing_binary
1573.671865503579,1.012384,0.010808842,5868998,eclipsing_binary
1573.6732544128297,0.99312115,0.010769172,5868998,eclipsing_binary
1573.6746433216142,0.99881667,0.010777937,5868998,eclipsing_binary
1573.676032230864,1.0046926,0.010791951,5868998,eclipsing_binary
1573.677421139648,0.9907479,0.010760224,5868998,eclipsing_binary
1573.6788100488982,0.99435794,0.010795888,5868998,eclipsing_binary
1573.6801989576823,0.9846411,0.01076513,5868998,eclipsing_binary
1573.6815878664663,1.0155702,0.010800953,5868998,eclipsing_binary
1573.6829767757167,1.0172962,0.010793892,5868998,eclipsing_binary
1573.6843656845015,0.9908006,0.01077725,5868998,eclipsing_binary
1573.6857545937512,0.9919382,0.01076849,5868998,eclipsing_binary
1573.6871435025353,0.9987825,0.010790488,5868998,eclipsing_binary
1573.6885324117854,1.0003566,0.010776393,5868998,eclipsing_binary
1573.68992132057,1.0044568,0.0107928235,5868998,eclipsing_binary
1573.691310229354,1.0131557,0.010824908,5868998,eclipsing_binary
1573.6926991386038,1.0059805,0.010800211,5868998,eclipsing_binary
1573.6940880473885,1.017548,0.010812357,5868998,eclipsing_binary
1573.695476956639,1.0075365,0.0107980585,5868998,eclipsing_binary
1573.696865865423,1.015098,0.010817668,5868998,eclipsing_binary
1573.698254774207,1.0069273,0.010792648,5868998,eclipsing_binary
1573.6996436834572,0.99205583,0.010771972,5868998,eclipsing_binary
1573.7010325922413,0.99975795,0.010772983,5868998,eclipsing_binary
1573.7024215010254,0.99070406,0.01077946,5868998,eclipsing_binary
1573.7038104102764,0.9985065,0.010761197,5868998,eclipsing_binary
1573.7051993190619,1.0125331,0.010786748,5868998,eclipsing_binary
1573.7065882278457,0.9992306,0.010779784,5868998,eclipsing_binary
1573.7079771370952,0.9972863,0.010816333,5868998,eclipsing_binary
1573.7093660458802,0.99478865,0.010769238,5868998,eclipsing_binary
1573.7107549546647,1.0108261,0.010805863,5868998,eclipsing_binary
1573.7121438639144,0.9790617,0.010765642,5868998,eclipsing_binary
1573.7135327726985,1.0019239,0.010794734,5868998,eclipsing_binary
1573.714921681483,0.99182975,0.010767131,5868998,eclipsing_binary
1573.7163105907327,0.99900556,0.01078297,5868998,eclipsing_binary
1573.7176994995168,1.0056514,0.0107900305,5868998,eclipsing_binary
1573.7190884083016,1.0078452,0.010822238,5868998,eclipsing_binary
1573.7204773170863,1.0179447,0.0108071,5868998,eclipsing_binary
1573.721866226336,0.9926782,0.010776771,5868998,eclipsing_binary
1573.72325513512,0.9952523,0.010779974,5868998,eclipsing_binary
1573.7246440439046,0.985381,0.010764768,5868998,eclipsing_binary
1573.7260329526891,0.9918768,0.010769344,5868998,eclipsing_binary
1573.7274218619389,0.99126804,0.010772814,5868998,eclipsing_binary
1573.728810770723,1.0007623,0.010773798,5868998,eclipsing_binary
1573.7301996795077,0.99215955,0.01079284,5868998,eclipsing_binary
1573.7315885882924,0.976876,0.01074315,5868998,eclipsing_binary
1573.7329774975422,0.98129153,0.010747069,5868998,eclipsing_binary
1573.7343664063262,0.94590145,0.010695619,5868998,eclipsing_binary
1573.7357553151107,0.985232,0.010748489,5868998,eclipsing_binary
1573.7371442238948,0.95432633,0.010742609,5868998,eclipsing_binary
1573.7385331326789,0.97158855,0.010748988,5868998,eclipsing_binary
1573.739922041929,0.95662224,0.01071063,5868998,eclipsing_binary
1573.741310950714,0.96216005,0.010723765,5868998,eclipsing_binary
1573.7426998594979,0.9575973,0.010711183,5868998,eclipsing_binary
1573.7440887682817,0.9576582,0.010706444,5868998,eclipsing_binary
1573.7454776770667,0.96457446,0.010719824,5868998,eclipsing_binary
1573.7468665863169,0.94563943,0.010691866,5868998,eclipsing_binary
1573.748255495101,0.94833195,0.010690465,5868998,eclipsing_binary
1573.749644403885,0.95160013,0.01070134,5868998,eclipsing_binary
1573.7510333126695,0.94241005,0.01069048,5868998,eclipsing_binary
1573.7524222214536,0.946001,0.010687533,5868998,eclipsing_binary
1573.7538111302376,0.9493974,0.010718336,5868998,eclipsing_binary
1573.7552000390222,0.95435596,0.010710516,5868998,eclipsing_binary
1573.7565889482728,0.96113974,0.010720549,5868998,eclipsing_binary
1573.7579778570569,0.98017365,0.010741618,5868998,eclipsing_binary
1573.759366765841,0.9840004,0.010752568,5868998,eclipsing_binary
1573.7607556746254,0.96595746,0.010731034,5868998,eclipsing_binary
1573.76214458341,0.9724998,0.010750074,5868998,eclipsing_binary
1573.763533492194,0.99386424,0.010783784,5868998,eclipsing_binary
1573.764922400979,0.98901516,0.010790466,5868998,eclipsing_binary
1573.7663113097642,0.992464,0.010766634,5868998,eclipsing_binary
1573.767700218549,0.9998741,0.010783996,5868998,eclipsing_binary
1573.769089127333,0.95840764,0.010714739,5868998,eclipsing_binary
1573.7704780365827,1.0095031,0.010800787,5868998,eclipsing_binary
1573.7718669453673,0.99810886,0.010786676,5868998,eclipsing_binary
1573.7732558541513,0.9923691,0.010761295,5868998,eclipsing_binary
1573.7746447629354,0.9965796,0.010771452,5868998,eclipsing_binary
1573.77603367172,1.0052302,0.010770806,5868998,eclipsing_binary
1573.777422580505,1.0209888,0.010816985,5868998,eclipsing_binary
1573.7788114892887,0.998266,0.010770413,5868998,eclipsing_binary
1573.7802003980726,1.0056511,0.010789026,5868998,eclipsing_binary
1573.7815893068575,1.0078015,0.0107872095,5868998,eclipsing_binary
1573.782978215642,0.99071604,0.010777652,5868998,eclipsing_binary
1573.7843671244261,0.9994447,0.010782921,5868998,eclipsing_binary
1573.7857560332102,1.0070406,0.010783607,5868998,eclipsing_binary
1573.7871449419947,1.0131514,0.010798088,5868998,eclipsing_binary
1573.7885338507788,1.0020363,0.010785682,5868998,eclipsing_binary
1573.7899227595628,1.0028056,0.010802082,5868998,eclipsing_binary
1573.7913116683474,0.99678326,0.010783883,5868998,eclipsing_binary
1573.7927005771323,1.0023823,0.010803456,5868998,eclipsing_binary
1573.7940894859164,1.0122137,0.010821221,5868998,eclipsing_binary
1573.7954783947005,0.9961918,0.010777344,5868998,eclipsing_binary
1573.796867303485,0.99209833,0.010759546,5868998,eclipsing_binary
1573.7982562122695,0.9924211,0.010767405,5868998,eclipsing_binary
1573.7996451210536,1.0125251,0.010802683,5868998,eclipsing_binary
1573.8010340298376,1.0150423,0.010798051,5868998,eclipsing_binary
1573.8024229386224,1.002004,0.010790666,5868998,eclipsing_binary
1573.8038118469415,1.0156548,0.010799743,5868998,eclipsing_binary
1573.8052007557255,0.99801457,0.010794255,5868998,eclipsing_binary
1573.8065896645096,0.97947586,0.010753053,5868998,eclipsing_binary
1573.8079785732941,0.9854615,0.010758684,5868998,eclipsing_binary
1573.8093674820782,1.0036676,0.010819284,5868998,eclipsing_binary
1573.8107563908623,0.9903635,0.010760858,5868998,eclipsing_binary
1573.8121452996468,0.99195683,0.010777153,5868998,eclipsing_binary
1573.8135342084317,1.0115261,0.010785526,5868998,eclipsing_binary
1573.8149231172156,0.9736525,0.010787505,5868998,eclipsing_binary
1573.8163120259994,0.9884816,0.0107622575,5868998,eclipsing_binary
1573.8177009347844,1.0064625,0.010790296,5868998,eclipsing_binary
1573.8190898431033,1.0007715,0.010790371,5868998,eclipsing_binary
1573.8204787518873,0.9933876,0.010778657,5868998,eclipsing_binary
1573.8218676606714,1.0043921,0.010788921,5868998,eclipsing_binary
1573.823256569456,1.0059911,0.010775982,5868998,eclipsing_binary
1573.8246454782413,0.98678935,0.010751324,5868998,eclipsing_binary
1573.826034387026,1.0184479,0.01080589,5868998,eclipsing_binary
1573.8274232953443,1.0075498,0.010789369,5868998,eclipsing_binary
1573.8288122041292,0.99000376,0.010753484,5868998,eclipsing_binary
1573.8302011129133,0.99226594,0.010792401,5868998,eclipsing_binary
1573.8315900216974,1.0171129,0.010795448,5868998,eclipsing_binary
1573.8329789304819,1.003084,0.010782416,5868998,eclipsing_binary
1573.8343678392664,1.0100306,0.010796635,5868998,eclipsing_binary
1573.8357567475848,1.009143,0.010802076,5868998,eclipsing_binary
1573.8371456563689,0.9960986,0.010784604,5868998,eclipsing_binary
1573.8385345651536,1.0153714,0.010808579,5868998,eclipsing_binary
1573.8399234739384,1.0038662,0.010783437,5868998,eclipsing_binary
1573.8413123827224,1.0076643,0.010789917,5868998,eclipsing_binary
1573.8427012910408,1.0001129,0.010774706,5868998,eclipsing_binary
1573.8440901998254,0.9948724,0.0107745165,5868998,eclipsing_binary
1573.8454791086094,0.9982352,0.010827759,5868998,eclipsing_binary
1573.8468680173935,1.0048476,0.010808532,5868998,eclipsing_binary
1573.8482569257123,1.0128446,0.010803107,5868998,eclipsing_binary
1573.8496458344973,1.0054463,0.010785157,5868998,eclipsing_binary
1573.8510347432812,0.9914488,0.010778638,5868998,eclipsing_binary
1573.852423652065,1.0107675,0.010811056,5868998,eclipsing_binary
1573.8538125603843,1.0101749,0.010792849,5868998,eclipsing_binary
1573.8552014691688,1.0198708,0.010792302,5868998,eclipsing_binary
1573.856590377953,0.98899233,0.010767471,5868998,eclipsing_binary
1573.8579792862713,0.9895456,0.010757033,5868998,eclipsing_binary
1573.8593681950558,1.0078977,0.010806283,5868998,eclipsing_binary
1573.8607571038408,1.0294224,0.010818058,5868998,eclipsing_binary
1573.862146012159,1.0095942,0.010843389,5868998,eclipsing_binary
1573.8635349209428,1.0042884,0.010803857,5868998,eclipsing_binary
1573.8649238297278,1.0006052,0.010785881,5868998,eclipsing_binary
1573.8663127380462,1.0092096,0.010811253,5868998,eclipsing_binary
1573.8677016468303,0.9858299,0.010814982,5868998,eclipsing_binary
1573.8690905556148,1.0120999,0.010788708,5868998,eclipsing_binary
1573.8704794639336,0.9931189,0.010780523,5868998,eclipsing_binary
1573.8718683727177,1.014075,0.010820421,5868998,eclipsing_binary
1573.8732572815018,0.9966644,0.010781241,5868998,eclipsing_binary
1573.8746461898209,1.007478,0.010784707,5868998,eclipsing_binary
1573.8760350986056,1.0030382,0.010784433,5868998,eclipsing_binary
1573.8774240073897,1.0085344,0.010793944,5868998,eclipsing_binary
1573.878812915708,1.0063719,0.010779806,5868998,eclipsing_binary
1573.8802018244926,1.0012319,0.0107767405,5868998,eclipsing_binary
1573.8815907332767,1.0048435,0.010795515,5868998,eclipsing_binary
1573.882979641595,1.0011446,0.010799872,5868998,eclipsing_binary
1573.8843685503796,1.0064613,0.010792269,5868998,eclipsing_binary
1573.885757458699,1.0015442,0.010773569,5868998,eclipsing_binary
1573.8871463674834,1.0109314,0.010797667,5868998,eclipsing_binary
1573.8885352758023,0.9904964,0.010786139,5868998,eclipsing_binary
1573.8899241845872,0.9954062,0.010771458,5868998,eclipsing_binary
1573.8913130933718,1.0064657,0.010782528,5868998,eclipsing_binary
1573.8927020016902,1.0055315,0.010816484,5868998,eclipsing_binary
1573.8940909104742,0.9994487,0.010780052,5868998,eclipsing_binary
1573.895479818793,1.0085993,0.010795837,5868998,eclipsing_binary
1573.896868727578,0.9816303,0.0107543515,5868998,eclipsing_binary
1573.8982576358962,1.0002038,0.010788748,5868998,eclipsing_binary
1573.89964654468,1.0031427,0.010789905,5868998,eclipsing_binary
1573.9010354529994,1.0020782,0.010777126,5868998,eclipsing_binary
1573.9024243617835,1.0030283,0.010796287,5868998,eclipsing_binary
1573.9038132701019,1.015742,0.01079467,5868998,eclipsing_binary
1573.9052021788864,0.9915444,0.010768754,5868998,eclipsing_binary
1573.9065910872052,1.0040911,0.010803152,5868998,eclipsing_binary
1573.9079799959893,1.0093838,0.010790436,5868998,eclipsing_binary
1573.9093689043077,0.9943245,0.010772342,5868998,eclipsing_binary
1573.9107578130925,0.9984413,0.010833922,5868998,eclipsing_binary
1573.9121467214115,1.0129958,0.010798501,5868998,eclipsing_binary
1573.9135356301956,0.9913775,0.0107847,5868998,eclipsing_binary
1573.914924538514,0.9949178,0.010778293,5868998,eclipsing_binary
1573.9163134472985,0.98916185,0.010750593,5868998,eclipsing_binary
1573.917702355617,0.99929583,0.010779162,5868998,eclipsing_binary
1573.919091264401,0.9916704,0.010766445,5868998,eclipsing_binary
1573.9204801727199,1.0070572,0.010791218,5868998,eclipsing_binary
1573.9218690815048,1.0124851,0.010791738,5868998,eclipsing_binary
1573.923257989823,0.9993138,0.010777278,5868998,eclipsing_binary
1573.9246468981412,1.004457,0.010774435,5868998,eclipsing_binary
1573.9260358069262,1.0217843,0.010808983,5868998,eclipsing_binary
1573.927424715245,0.995759,0.010779515,5868998,eclipsing_binary
1573.928813624029,1.0050082,0.010787633,5868998,eclipsing_binary
1573.9302025323475,1.0022122,0.010795156,5868998,eclipsing_binary
1573.931591441132,1.0002911,0.010782523,5868998,eclipsing_binary
1573.9329803494513,1.0025836,0.010771777,5868998,eclipsing_binary
1573.9343692577695,0.98404,0.010824073,5868998,eclipsing_binary
1573.9357581665533,1.0025262,0.010778703,5868998,eclipsing_binary
1573.9371470748727,0.9966254,0.010783598,5868998,eclipsing_binary
1573.938535983191,0.9924329,0.01077458,5868998,eclipsing_binary
1573.939924891975,0.9953943,0.010774916,5868998,eclipsing_binary
1573.941313800294,1.0207815,0.010823148,5868998,eclipsing_binary
1573.9427027090785,0.9918949,0.010788138,5868998,eclipsing_binary
1573.944091617397,0.9823723,0.01078111,5868998,eclipsing_binary
1573.9454805257153,1.002681,0.010783583,5868998,eclipsing_binary
1573.9468694345,0.9684315,0.010758929,5868998,eclipsing_binary
1573.9482583428191,1.0086573,0.010803935,5868998,eclipsing_binary
1573.949647251138,0.99085283,0.010779589,5868998,eclipsing_binary
1573.9510361594573,0.9981814,0.010767943,5868998,eclipsing_binary
1573.9524250682418,1.0010554,0.010787864,5868998,eclipsing_binary
1573.9538139765607,0.9889003,0.0107819745,5868998,eclipsing_binary
1573.955202884879,1.0066488,0.010796028,5868998,eclipsing_binary
1573.9565917936632,1.0113697,0.010786132,5868998,eclipsing_binary
1573.9579807019825,0.99769205,0.010784964,5868998,eclipsing_binary
1573.9593696103007,0.9925879,0.010765383,5868998,eclipsing_binary
1573.9607585190845,0.980898,0.010743406,5868998,eclipsing_binary
1573.9621474274038,1.0145106,0.010793334,5868998,eclipsing_binary
1573.9635363357227,1.003102,0.010801746,5868998,eclipsing_binary
1573.964925244041,1.0016898,0.010804303,5868998,eclipsing_binary
1573.9663141528251,1.0043368,0.010793236,5868998,eclipsing_binary
1573.967703061144,0.995314,0.010786442,5868998,eclipsing_binary
1573.9690919694633,0.9983412,0.010767501,5868998,eclipsing_binary
1573.9704808777815,1.0068976,0.0107841585,5868998,eclipsing_binary
1573.9718697865653,1.0187333,0.0108046485,5868998,eclipsing_binary
1573.9732586948846,0.99475694,0.01076349,5868998,eclipsing_binary
1573.974647603203,0.99387646,0.010783115,5868998,eclipsing_binary
1573.9760365115212,0.9940273,0.010767932,5868998,eclipsing_binary
1573.9774254198403,1.0100787,0.010807948,5868998,eclipsing_binary
1573.9788143286248,0.99285597,0.010808714,5868998,eclipsing_binary
1573.9802032369432,1.0011384,0.010796137,5868998,eclipsing_binary
1573.9815921452616,1.001401,0.010769886,5868998,eclipsing_binary
1573.9829810535807,0.99915844,0.010822268,5868998,eclipsing_binary
1573.9843699618998,1.0205035,0.010823114,5868998,eclipsing_binary
1573.9857588702182,0.99859786,0.010830249,5868998,eclipsing_binary
1573.9871477790023,0.9881674,0.010747977,5868998,eclipsing_binary
1573.9885366873211,0.98483956,0.010746191,5868998,eclipsing_binary
1573.98992559564,0.99044114,0.010787822,5868998,eclipsing_binary
1573.9913145039584,1.0189679,0.010797533,5868998,eclipsing_binary
1573.9927034122768,0.992555,0.010773965,5868998,eclipsing_binary
1573.9940923205959,1.017995,0.010801649,5868998,eclipsing_binary
1573.9954812293797,1.0073264,0.010787402,5868998,eclipsing_binary
1573.9968701376981,1.0116178,0.010788939,5868998,eclipsing_binary
1573.9982590460174,0.9957727,0.010784028,5868998,eclipsing_binary
1573.9996479543363,1.0100356,0.010806142,5868998,eclipsing_binary
1574.0010368626547,1.0050861,0.010787782,5868998,eclipsing_binary
1574.002425770973,0.99186563,0.01077654,5868998,eclipsing_binary
1574.003814679292,1.0028801,0.010789329,5868998,eclipsing_binary
1574.0052035876113,0.9938136,0.010772912,5868998,eclipsing_binary
1574.0065924959295,1.017266,0.010807108,5868998,eclipsing_binary
1574.0079814042476,0.9948344,0.010791553,5868998,eclipsing_binary
1574.009370312567,0.9928837,0.0107712345,5868998,eclipsing_binary
1574.010759221351,1.0105807,0.010810916,5868998,eclipsing_binary
1574.0121481296692,0.9978747,0.01077102,5868998,eclipsing_binary
1574.0135370379887,1.0049782,0.010786465,5868998,eclipsing_binary
1574.0149259463085,0.99688005,0.010765675,5868998,eclipsing_binary
1574.016314854627,1.0041857,0.010782918,5868998,eclipsing_binary
1574.0177037629453,0.9841184,0.010754046,5868998,eclipsing_binary
1574.0190926712644,0.9912103,0.010767617,5868998,eclipsing_binary
1574.0204815795835,0.9980295,0.010770147,5868998,eclipsing_binary
1574.0218704879019,1.0140803,0.010789929,5868998,eclipsing_binary
1574.0232593962203,1.0038688,0.010775758,5868998,eclipsing_binary
1574.0246483045391,1.0140218,0.010789513,5868998,eclipsing_binary
1574.026037212858,1.006209,0.010839641,5868998,eclipsing_binary
1574.0274261211764,1.0161846,0.010793123,5868998,eclipsing_binary
1574.0288150294948,1.0173568,0.010823702,5868998,eclipsing_binary
1574.030203937814,1.000306,0.010785448,5868998,eclipsing_binary
1574.031592846132,0.99664223,0.010778315,5868998,eclipsing_binary
1574.0329817544505,1.0094621,0.010817928,5868998,eclipsing_binary
1574.0343706627698,1.0005673,0.010778589,5868998,eclipsing_binary
1574.0357595710886,0.9905313,0.010814988,5868998,eclipsing_binary
1574.037148479407,0.9962967,0.010789274,5868998,eclipsing_binary
1574.0385373877255,0.9881166,0.010765152,5868998,eclipsing_binary
1574.0399262960443,1.0071676,0.010794949,5868998,eclipsing_binary
1574.041315203898,1.0045404,0.010785256,5868998,eclipsing_binary
1574.0427041122161,1.0146134,0.010853295,5868998,eclipsing_binary
1574.0440930205343,0.99313706,0.010775239,5868998,eclipsing_binary
1574.0454819288536,1.0030303,0.010787442,5868998,eclipsing_binary
1574.046870837172,1.0119296,0.010795191,5868998,eclipsing_binary
1574.0482597454902,1.0137053,0.010841208,5868998,eclipsing_binary
1574.0496486538093,1.0049709,0.010820366,5868998,eclipsing_binary
1574.0510375621282,0.9732185,0.01076184,5868998,eclipsing_binary
1574.0524264704466,1.0058373,0.010792645,5868998,eclipsing_binary
1574.053815378765,1.0021495,0.010807166,5868998,eclipsing_binary
1574.0552042866182,0.9974805,0.010772713,5868998,eclipsing_binary
1574.0565931949375,1.0014468,0.010774284,5868998,eclipsing_binary
1574.0579821032559,0.9985891,0.010792374,5868998,eclipsing_binary
1574.0593710115743,1.0020964,0.010773214,5868998,eclipsing_binary
1574.0607599198931,1.0116562,0.010799796,5868998,eclipsing_binary
1574.062148828212,1.0153148,0.010795328,5868998,eclipsing_binary
1574.0635377365304,0.99102455,0.010791296,5868998,eclipsing_binary
1574.0649266443831,0.9999382,0.010781759,5868998,eclipsing_binary
1574.0663155527022,1.0070844,0.010789446,5868998,eclipsing_binary
1574.0677044610204,1.0131844,0.010796099,5868998,eclipsing_binary
1574.0690933693388,0.99475837,0.010777577,5868998,eclipsing_binary
1574.0704822776581,1.0058683,0.01078517,5868998,eclipsing_binary
1574.0718711855113,1.0121758,0.010803652,5868998,eclipsing_binary
1574.0732600938297,1.0125146,0.010806427,5868998,eclipsing_binary
1574.0746490021481,1.0003097,0.0107611995,5868998,eclipsing_binary
1574.076037910467,0.9949517,0.010767455,5868998,eclipsing_binary
1574.0774268187868,1.0105304,0.010797608,5868998,eclipsing_binary
1574.0788157266402,0.9975206,0.010770426,5868998,eclipsing_binary
1574.0802046349584,1.0122374,0.010803266,5868998,eclipsing_binary
1574.0815935432777,0.99843186,0.010782035,5868998,eclipsing_binary
1574.0829824515965,1.0072047,0.01078203,5868998,eclipsing_binary
1574.0843713594493,1.0121518,0.010805554,5868998,eclipsing_binary
1574.0857602677677,0.98240143,0.0107511375,5868998,eclipsing_binary
1574.0871491760865,0.99088836,0.010779742,5868998,eclipsing_binary
1574.088538084405,0.9836291,0.010760286,5868998,eclipsing_binary
1574.0899269922577,1.0039551,0.010791959,5868998,eclipsing_binary
1574.0913159005765,0.98590964,0.010744512,5868998,eclipsing_binary
1574.0927048088959,1.0233829,0.010806573,5868998,eclipsing_binary
1574.0940937167486,0.99736625,0.010791682,5868998,eclipsing_binary
1574.095482625067,1.0041419,0.010795579,5868998,eclipsing_binary
1574.0968715333859,1.0104407,0.010808887,5868998,eclipsing_binary
1574.0982604417047,0.99602675,0.010772221,5868998,eclipsing_binary
1574.0996493495575,0.99801654,0.010786595,5868998,eclipsing_binary
1574.1010382578759,0.983524,0.010758507,5868998,eclipsing_binary
1574.102427166195,0.9884659,0.01075124,5868998,eclipsing_binary
1574.1038160740475,0.98687273,0.010788491,5868998,eclipsing_binary
1574.1052049823659,1.0202577,0.010807338,5868998,eclipsing_binary
1574.1065938906852,0.99606335,0.0107658375,5868998,eclipsing_binary
1574.1079827985384,1.0112538,0.010799575,5868998,eclipsing_binary
1574.1093717068568,1.0101248,0.010801882,5868998,eclipsing_binary
1574.1107606151752,0.99465936,0.01077049,5868998,eclipsing_binary
1574.1121495230284,1.0113739,0.010813695,5868998,eclipsing_binary
1574.1135384313477,1.0143445,0.010803453,5868998,eclipsing_binary
1574.1149273392002,0.99024487,0.010768959,5868998,eclipsing_binary
1574.1163162475184,1.0129181,0.010821415,5868998,eclipsing_binary
1574.1177051558377,0.9916588,0.010774002,5868998,eclipsing_binary
1574.119094063691,1.0105976,0.010794792,5868998,eclipsing_binary
1574.1204829720093,1.0022042,0.0107913,5868998,eclipsing_binary
1574.121871879862,1.0112637,0.0107977865,5868998,eclipsing_binary
1574.123260788181,0.9952006,0.010762375,5868998,eclipsing_binary
1574.1246496964993,1.001831,0.010797478,5868998,eclipsing_binary
1574.126038604352,1.0114709,0.010800252,5868998,eclipsing_binary
1574.127427512671,0.99051726,0.010780002,5868998,eclipsing_binary
1574.1288164205246,0.9987453,0.010802427,5868998,eclipsing_binary
1574.130205328843,1.0083846,0.010792598,5868998,eclipsing_binary
1574.1315942366955,0.9943606,0.010774086,5868998,eclipsing_binary
1574.1329831450146,1.0157492,0.010811183,5868998,eclipsing_binary
1574.1343720528678,1.005549,0.010787994,5868998,eclipsing_binary
1574.1357609611862,1.0089046,0.010792121,5868998,eclipsing_binary
1574.137149869039,0.9940609,0.010783363,5868998,eclipsing_binary
1574.138538777358,0.9873692,0.0107871,5868998,eclipsing_binary
1574.1399276852105,1.0034479,0.010784473,5868998,eclipsing_binary
1574.141316593529,1.00998,0.010811425,5868998,eclipsing_binary
1574.1427055013826,1.017045,0.010801602,5868998,eclipsing_binary
1574.1440944097021,1.0037351,0.010836934,5868998,eclipsing_binary
1574.1454833175555,0.99193126,0.010820005,5868998,eclipsing_binary
1574.146872225874,0.9954948,0.010789281,5868998,eclipsing_binary
1574.1482611337271,0.9946211,0.010772182,5868998,eclipsing_binary
1574.1496500420465,0.9929177,0.010779111,5868998,eclipsing_binary
1574.151038949899,1.0013973,0.01078101,5868998,eclipsing_binary
1574.1524278582172,1.0014518,0.010775957,5868998,eclipsing_binary
1574.1538167660708,0.99178743,0.010766305,5868998,eclipsing_binary
1574.1552056743897,1.0082834,0.010799509,5868998,eclipsing_binary
1574.1565945822424,0.99830973,0.010806349,5868998,eclipsing_binary
1574.1579834905608,1.0073746,0.010789295,5868998,eclipsing_binary
1574.159372398414,0.9991989,0.010769639,5868998,eclipsing_binary
1574.1607613062667,1.0053089,0.010781204,5868998,eclipsing_binary
1574.1621502145852,1.0025359,0.01078172,5868998,eclipsing_binary
1574.1635391224384,1.0101689,0.0107880095,5868998,eclipsing_binary
1574.1649280307577,1.0127496,0.010804974,5868998,eclipsing_binary
1574.1663169386104,1.0005774,0.010770639,5868998,eclipsing_binary
1574.167705846463,0.9898841,0.010769301,5868998,eclipsing_binary
1574.169094754782,1.0018454,0.010788185,5868998,eclipsing_binary
1574.1704836626352,0.99772197,0.01078633,5868998,eclipsing_binary
1574.1718725709536,1.0185736,0.010804901,5868998,eclipsing_binary
1574.1732614788064,0.99065715,0.010763618,5868998,eclipsing_binary
1574.1746503866598,0.9972238,0.010787343,5868998,eclipsing_binary
1574.176039294978,0.9869584,0.0107638445,5868998,eclipsing_binary
1574.1774282028307,0.9965743,0.010777072,5868998,eclipsing_binary
1574.1788171106843,1.004119,0.010794813,5868998,eclipsing_binary
1574.1802060190032,1.0247253,0.010804225,5868998,eclipsing_binary
1574.181594926856,0.97951955,0.010763828,5868998,eclipsing_binary
1574.1829838347087,0.9921117,0.010795058,5868998,eclipsing_binary
1574.1843727430276,1.0131333,0.010794047,5868998,eclipsing_binary
1574.185761650881,1.000358,0.010777795,5868998,eclipsing_binary
1574.1871505587335,1.0073436,0.010777011,5868998,eclipsing_binary
1574.188539467052,1.0045117,0.010804125,5868998,eclipsing_binary
1574.1899283749055,0.9985025,0.010780567,5868998,eclipsing_binary
1574.1913172827587,0.98272425,0.010766188,5868998,eclipsing_binary
1574.1927061906115,0.99727434,0.010782199,5868998,eclipsing_binary
1574.19409509893,0.9943753,0.01082143,5868998,eclipsing_binary
1574.195484006783,1.0038058,0.010826665,5868998,eclipsing_binary
1574.1968729146358,0.9854451,0.01076933,5868998,eclipsing_binary
1574.1982618224886,1.0134873,0.010825825,5868998,eclipsing_binary
1574.1996507308074,1.0168874,0.010796099,5868998,eclipsing_binary
1574.201039638661,0.9801142,0.010761655,5868998,eclipsing_binary
1574.2024285465138,1.0084355,0.010800352,5868998,eclipsing_binary
1574.2038174543663,0.9949579,0.010763048,5868998,eclipsing_binary
1574.2052063626854,1.0021204,0.010785249,5868998,eclipsing_binary
1574.2065952705386,1.0076413,0.01081804,5868998,eclipsing_binary
1574.2079841783914,1.0050176,0.010787547,5868998,eclipsing_binary
1574.209373086244,1.0265007,0.010804783,5868998,eclipsing_binary
1574.2107619945639,1.0127233,0.010801657,5868998,eclipsing_binary
1574.212150902418,1.0049222,0.0107786525,5868998,eclipsing_binary
1574.2135398102707,1.0168798,0.010809654,5868998,eclipsing_binary
1574.2149287181235,1.0037092,0.0107836425,5868998,eclipsing_binary
1574.2163176259767,0.99841684,0.010769561,5868998,eclipsing_binary
1574.2177065338294,0.9948026,0.01077771,5868998,eclipsing_binary
1574.2190954421478,0.99687815,0.01078207,5868998,eclipsing_binary
1574.220484350001,1.0080061,0.01078893,5868998,eclipsing_binary
1574.2218732578547,0.9885912,0.010793965,5868998,eclipsing_binary
1574.2232621657072,0.99201477,0.010773431,5868998,eclipsing_binary
1574.2246510735597,0.9894351,0.010758165,5868998,eclipsing_binary
1574.2260399814134,1.0154155,0.010802505,5868998,eclipsing_binary
1574.2274288892665,1.0088143,0.010809639,5868998,eclipsing_binary
1574.228817797585,0.9988353,0.010778982,5868998,eclipsing_binary
1574.2302067054377,1.0014162,0.010781368,5868998,eclipsing_binary
1574.231595613291,0.99666536,0.010781482,5868998,eclipsing_binary
1574.2329845211436,1.0029536,0.010788864,5868998,eclipsing_binary
1574.2343734289964,1.0233781,0.010820606,5868998,eclipsing_binary
1574.2357623368496,0.99065185,0.010775089,5868998,eclipsing_binary
1574.2371512447032,1.0205114,0.01080746,5868998,eclipsing_binary
1574.238540152556,0.99949247,0.010796864,5868998,eclipsing_binary
1574.2399290604085,0.98423266,0.010785658,5868998,eclipsing_binary
1574.241317968262,0.9911005,0.010778433,5868998,eclipsing_binary
1574.2427068765808,0.99198955,0.010765407,5868998,eclipsing_binary
1574.2440957844335,0.9972286,0.010774403,5868998,eclipsing_binary
1574.2454846922863,1.0071199,0.010793611,5868998,eclipsing_binary
1574.2468736001397,0.9941389,0.010769416,5868998,eclipsing_binary
1574.248262507993,0.9893758,0.01076964,5868998,eclipsing_binary
1574.2496514158458,1.0094177,0.010787416,5868998,eclipsing_binary
1574.2510403236986,1.0144993,0.010824275,5868998,eclipsing_binary
1574.2524292315518,1.0055352,0.010796827,5868998,eclipsing_binary
1574.2538181394045,0.9998414,0.010789822,5868998,eclipsing_binary
1574.2552070472573,0.98901063,0.010819773,5868998,eclipsing_binary
1574.2565959551105,0.9902662,0.010782322,5868998,eclipsing_binary
1574.257984862964,1.0305412,0.01082692,5868998,eclipsing_binary
1574.2593737708164,1.0012529,0.01078716,5868998,eclipsing_binary
1574.2607626786692,0.9942575,0.010773439,5868998,eclipsing_binary
1574.2621515865228,0.99873877,0.010775196,5868998,eclipsing_binary
1574.263540494376,0.9952768,0.010796935,5868998,eclipsing_binary
1574.2649294022287,1.0058227,0.01079645,5868998,eclipsing_binary
1574.2663183100815,1.0048249,0.010813953,5868998,eclipsing_binary
1574.2677072179347,1.0049219,0.010773299,5868998,eclipsing_binary
1574.2690961257874,1.0125434,0.010793482,5868998,eclipsing_binary
1574.2704850336402,1.0069885,0.010789841,5868998,eclipsing_binary
1574.2718739410277,1.0070192,0.010816123,5868998,eclipsing_binary
1574.2732628488814,0.9831181,0.010763649,5868998,eclipsing_binary
1574.274651756734,0.9853821,0.010757901,5868998,eclipsing_binary
1574.2760406645866,0.9930972,0.010782382,5868998,eclipsing_binary
1574.27742957244,0.9996627,0.010782834,5868998,eclipsing_binary
1574.2788184802941,1.0043565,0.01077514,5868998,eclipsing_binary
1574.2802073881473,1.0033768,0.010779602,5868998,eclipsing_binary
1574.281596296,0.99547356,0.010769329,5868998,eclipsing_binary
1574.2829852038535,1.0099845,0.010805444,5868998,eclipsing_binary
1574.284374111707,0.989079,0.010777113,5868998,eclipsing_binary
1574.2857630195597,0.99700534,0.010772521,5868998,eclipsing_binary
1574.2871519269468,0.9840082,0.010765166,5868998,eclipsing_binary
1574.2885408348,0.9947525,0.010788771,5868998,eclipsing_binary
1574.2899297426527,0.98615557,0.01076159,5868998,eclipsing_binary
1574.2913186505054,0.9882974,0.010764514,5868998,eclipsing_binary
1574.2927075583586,0.9987814,0.010806039,5868998,eclipsing_binary
1574.294096466212,1.0234563,0.010812679,5868998,eclipsing_binary
1574.295485373599,1.0024912,0.010799313,5868998,eclipsing_binary
1574.2968742814517,1.0036685,0.010790171,5868998,eclipsing_binary
1574.2982631893053,1.0069814,0.010795925,5868998,eclipsing_binary
1574.2996520971585,1.0213642,0.010805423,5868998,eclipsing_binary
1574.3010410050113,1.0110708,0.010844392,5868998,eclipsing_binary
1574.302429912864,1.0127393,0.010792072,5868998,eclipsing_binary
1574.3038188202515,1.0037898,0.010779104,5868998,eclipsing_binary
1574.3052077281043,0.9896471,0.010759794,5868998,eclipsing_binary
1574.306596635957,1.0032766,0.010797124,5868998,eclipsing_binary
1574.3079855438102,1.0147896,0.01079853,5868998,eclipsing_binary
1574.3093744511982,0.98881245,0.01076471,5868998,eclipsing_binary
1574.310763359051,1.014305,0.01080685,5868998,eclipsing_binary
1574.3121522669035,1.0008204,0.010790089,5868998,eclipsing_binary
1574.313541174757,1.0037605,0.01077889,5868998,eclipsing_binary
1574.31493008261,0.9978159,0.010780985,5868998,eclipsing_binary
1574.3163189899972,0.97532034,0.010753457,5868998,eclipsing_binary
1574.31770789785,1.0111196,0.010791887,5868998,eclipsing_binary
1574.319096805703,1.0017349,0.01078238,5868998,eclipsing_binary
1574.320485713091,1.0031148,0.010788773,5868998,eclipsing_binary
1574.3218746209438,0.9847407,0.0107688885,5868998,eclipsing_binary
1574.3232635287966,0.9848534,0.0107619865,5868998,eclipsing_binary
1574.3246524366498,0.9995006,0.010795587,5868998,eclipsing_binary
1574.3260413440369,1.0060406,0.010776741,5868998,eclipsing_binary
1574.3274302518896,0.9956392,0.010784133,5868998,eclipsing_binary
1574.3288191597428,0.98764604,0.010775475,5868998,eclipsing_binary
1574.3302080671306,0.99546874,0.010796165,5868998,eclipsing_binary
1574.331596974983,1.0043482,0.010782187,5868998,eclipsing_binary
1574.3329858828358,1.0227201,0.010804709,5868998,eclipsing_binary
1574.3343747902238,0.99535686,0.010765476,5868998,eclipsing_binary
1574.335763698077,1.0085379,0.01080557,5868998,eclipsing_binary
1574.3371526059298,1.0003635,0.010790644,5868998,eclipsing_binary
1574.3385415133168,0.9957426,0.010778481,5868998,eclipsing_binary
1574.33993042117,1.019019,0.010808977,5868998,eclipsing_binary
1574.3413193290237,0.98947287,0.01077468,5868998,eclipsing_binary
1574.3427082364105,1.0015793,0.010789019,5868998,eclipsing_binary
1574.344097144263,1.0116202,0.010799091,5868998,eclipsing_binary
1574.345486051651,1.0061044,0.010788058,5868998,eclipsing_binary
1574.3468749595038,0.99400586,0.010781824,5868998,eclipsing_binary
1574.3482638673563,0.98569626,0.010796251,5868998,eclipsing_binary
1574.3496527747445,1.0125226,0.010793567,5868998,eclipsing_binary
1574.3510416825986,1.0127625,0.010797903,5868998,eclipsing_binary
1574.3524305899857,0.998896,0.010816992,5868998,eclipsing_binary
1574.3538194978385,0.99948484,0.010765067,5868998,eclipsing_binary
1574.3552084056917,0.99233896,0.01077273,5868998,eclipsing_binary
1574.3565973130796,0.9954326,0.010775777,5868998,eclipsing_binary
1574.3579862209324,1.0002509,0.010807421,5868998,eclipsing_binary
1574.3593751283195,0.9985121,0.010799216,5868998,eclipsing_binary
1574.3607640361727,1.0041974,0.01078937,5868998,eclipsing_binary
1574.3621529435597,0.9887979,0.0107619725,5868998,eclipsing_binary
1574.3635418514125,1.0010493,0.010777404,5868998,eclipsing_binary
1574.3649307588,0.9895487,0.0107788425,5868998,eclipsing_binary
1574.3663196666535,0.9732042,0.010738084,5868998,eclipsing_binary
1574.3677085740403,0.9963676,0.010773598,5868998,eclipsing_binary
1574.369097481893,0.97737956,0.010730574,5868998,eclipsing_binary
1574.370486389281,0.9677381,0.01073708,5868998,eclipsing_binary
1574.3718752971342,0.95799506,0.010709724,5868998,eclipsing_binary
1574.3732642045213,0.9568301,0.010727695,5868998,eclipsing_binary
1574.374653112374,0.95735484,0.0107572945,5868998,eclipsing_binary
1574.3760420197616,0.94348186,0.010683357,5868998,eclipsing_binary
1574.3774309276153,0.9461413,0.010685692,5868998,eclipsing_binary
1574.378819835002,0.95057243,0.010688746,5868998,eclipsing_binary
1574.3802087428546,0.95177126,0.010705241,5868998,eclipsing_binary
1574.3815976502426,0.96304405,0.010718511,5868998,eclipsing_binary
1574.3829865580954,0.94326264,0.010698017,5868998,eclipsing_binary
1574.3843754654822,0.9275757,0.010669456,5868998,eclipsing_binary
1574.3857643733356,0.96600974,0.010705648,5868998,eclipsing_binary
1574.3871532807232,0.94876343,0.010689526,5868998,eclipsing_binary
1574.3885421881103,0.9534931,0.010696188,5868998,eclipsing_binary
1574.389931095963,0.96895134,0.010726082,5868998,eclipsing_binary
1574.3913200033505,0.9622502,0.010750977,5868998,eclipsing_binary
1574.3927089112042,0.9666266,0.010716535,5868998,eclipsing_binary
1574.3940978185913,0.9623316,0.010723463,5868998,eclipsing_binary
1574.3954867259781,0.95683396,0.010719176,5868998,eclipsing_binary
1574.3968756338315,0.96557325,0.010736004,5868998,eclipsing_binary
1574.3982645412186,0.96929246,0.010743197,5868998,eclipsing_binary
1574.3996534490714,0.9804547,0.0107521685,5868998,eclipsing_binary
1574.401042356459,1.0035157,0.01080629,5868998,eclipsing_binary
1574.4024312638467,0.98177946,0.010761791,5868998,eclipsing_binary
1574.4038201716992,0.98951674,0.010774222,5868998,eclipsing_binary
1574.4052090790863,0.99896216,0.010800814,5868998,eclipsing_binary
1574.4065979864743,0.9790487,0.010758779,5868998,eclipsing_binary
1574.4079868943275,0.99396175,0.010776321,5868998,eclipsing_binary
1574.4093758017145,1.0013547,0.010782504,5868998,eclipsing_binary
1574.4107647091016,0.99665457,0.010776741,5868998,eclipsing_binary
1574.4121536169548,0.98914814,0.010767925,5868998,eclipsing_binary
1574.4135425243426,1.0149443,0.010804204,5868998,eclipsing_binary
1574.4149314317294,1.0039527,0.010809983,5868998,eclipsing_binary
1574.4163203395822,0.98654604,0.010752534,5868998,eclipsing_binary
1574.4177092469702,0.9894365,0.010760318,5868998,eclipsing_binary
1574.419098154357,0.98508006,0.010762386,5868998,eclipsing_binary
1574.4204870617448,0.99829704,0.010785731,5868998,eclipsing_binary
1574.421875969599,1.002597,0.010779177,5868998,eclipsing_binary
1574.4232648769864,0.98298156,0.010756363,5868998,eclipsing_binary
1574.4246537843735,0.98325545,0.010803574,5868998,eclipsing_binary
1574.4260426922262,0.9966616,0.010778766,5868998,eclipsing_binary
1574.4274315996138,1.020428,0.010818339,5868998,eclipsing_binary
1574.4288205070018,1.021416,0.010807965,5868998,eclipsing_binary
1574.4302094143889,0.98426235,0.01076016,5868998,eclipsing_binary
1574.4315983222414,0.99823755,0.01078082,5868998,eclipsing_binary
1574.4329872296291,1.010453,0.010793435,5868998,eclipsing_binary
1574.4343761370162,1.011039,0.010846278,5868998,eclipsing_binary
1574.4357650444033,1.005711,0.010794529,5868998,eclipsing_binary
1574.4371539517908,0.9858722,0.010766435,5868998,eclipsing_binary
1574.4385428596443,0.9879322,0.010755807,5868998,eclipsing_binary
1574.439931767031,0.99399704,0.010775638,5868998,eclipsing_binary
1574.4413206744182,0.98743063,0.010772519,5868998,eclipsing_binary
1574.4427095818062,0.9956965,0.010774341,5868998,eclipsing_binary
1574.4440984891937,1.0049036,0.010789234,5868998,eclipsing_binary
1574.4454873970465,0.9981675,0.010781358,5868998,eclipsing_binary
1574.4468763044335,0.99596363,0.0107697705,5868998,eclipsing_binary
1574.448265211821,1.0000383,0.010773363,5868998,eclipsing_binary
1574.4496541192088,0.9908274,0.010773484,5868998,eclipsing_binary
1574.4510430265957,0.99165225,0.010773011,5868998,eclipsing_binary
1574.4524319339828,1.0003363,0.010793993,5868998,eclipsing_binary
1574.4538208413708,0.99204916,0.010781445,5868998,eclipsing_binary
1574.4552097492233,1.0156021,0.010828607,5868998,eclipsing_binary
1574.4565986566101,0.98783964,0.010764721,5868998,eclipsing_binary
1574.4579875639981,1.0109565,0.01078457,5868998,eclipsing_binary
1574.4593764713857,0.9843388,0.010748392,5868998,eclipsing_binary
1574.4607653787727,1.0026394,0.010814148,5868998,eclipsing_binary
1574.4621542861598,1.0093901,0.010786783,5868998,eclipsing_binary
1574.4635431935474,1.0060136,0.010791525,5868998,eclipsing_binary
1574.4649321009354,0.9897386,0.010767012,5868998,eclipsing_binary
1574.4663210083224,0.99251974,0.0108112795,5868998,eclipsing_binary
1574.4677099157093,0.9995189,0.010777203,5868998,eclipsing_binary
1574.469098823097,1.001758,0.010830819,5868998,eclipsing_binary
1574.4704877309503,0.9978795,0.010778592,5868998,eclipsing_binary
1574.4718766383373,0.9918502,0.010767781,5868998,eclipsing_binary
1574.4732655457244,1.0034492,0.010781531,5868998,eclipsing_binary
1574.474654453112,1.0040039,0.010779957,5868998,eclipsing_binary
1574.476043360499,0.97641903,0.010761603,5868998,eclipsing_binary
1574.4774322678861,0.9945685,0.010782203,5868998,eclipsing_binary
1574.478821175274,0.9884435,0.010766884,5868998,eclipsing_binary
1574.4802100826616,0.9917169,0.010797525,5868998,eclipsing_binary
1574.4815989900487,0.99580675,0.010786742,5868998,eclipsing_binary
1574.4829878974358,0.99474615,0.010783647,5868998,eclipsing_binary
1574.4843768048233,0.99762106,0.010778543,5868998,eclipsing_binary
1574.485765712211,1.000109,0.010777801,5868998,eclipsing_binary
1574.487154619598,1.0210682,0.010810343,5868998,eclipsing_binary
1574.488543526985,1.0016996,0.010782465,5868998,eclipsing_binary
1574.489932434373,1.011733,0.010812062,5868998,eclipsing_binary
1574.4913213417599,0.990816,0.010800398,5868998,eclipsing_binary
1574.4927102491476,0.9972978,0.010771787,5868998,eclipsing_binary
1574.494099156536,1.0001663,0.010781484,5868998,eclipsing_binary
1574.4954880639236,1.0051706,0.010787584,5868998,eclipsing_binary
1574.4968769713107,0.99435854,0.010783188,5868998,eclipsing_binary
1574.4982658782321,1.0036956,0.010782043,5868998,eclipsing_binary
1574.4996547856197,1.0232332,0.010813202,5868998,eclipsing_binary
1574.5010436930077,0.994372,0.010831704,5868998,eclipsing_binary
1574.5024326003947,0.9895539,0.010759959,5868998,eclipsing_binary
1574.5038215077816,1.0087615,0.010799721,5868998,eclipsing_binary
1574.5052104151694,1.0220151,0.010803974,5868998,eclipsing_binary
1574.506599322557,0.98146164,0.010755164,5868998,eclipsing_binary
1574.507988229944,1.0179076,0.010807723,5868998,eclipsing_binary
1574.509377137331,1.0124906,0.0108000655,5868998,eclipsing_binary
1574.5107660447186,1.0032969,0.010800654,5868998,eclipsing_binary
1574.51215495164,1.0038656,0.01078406,5868998,eclipsing_binary
1574.513543859027,1.0153104,0.010813183,5868998,eclipsing_binary
1574.514932766415,0.9991351,0.010777217,5868998,eclipsing_binary
1574.5163216738026,1.004885,0.010788864,5868998,eclipsing_binary
1574.5177105811897,0.9937279,0.010784182,5868998,eclipsing_binary
1574.5190994885768,1.0080142,0.010796169,5868998,eclipsing_binary
1574.5204883959643,0.9994685,0.010784788,5868998,eclipsing_binary
1574.5218773028864,1.0104407,0.0108083505,5868998,eclipsing_binary
1574.5232662102733,1.0183079,0.010817666,5868998,eclipsing_binary
1574.5246551176604,1.01551,0.010799155,5868998,eclipsing_binary
1574.5260440250483,0.9994155,0.010793531,5868998,eclipsing_binary
1574.5274329324352,1.0150256,0.010813124,5868998,eclipsing_binary
1574.5288218393564,1.0032239,0.010786672,5868998,eclipsing_binary
1574.5302107467444,0.99967957,0.010773966,5868998,eclipsing_binary
1574.531599654132,1.0021741,0.010804507,5868998,eclipsing_binary
1574.532988561519,1.0027051,0.0107880505,5868998,eclipsing_binary
1574.534377468906,1.0091615,0.010796167,5868998,eclipsing_binary
1574.535766375828,1.0082554,0.010788255,5868998,eclipsing_binary
1574.537155283216,1.0032405,0.010774594,5868998,eclipsing_binary
1574.538544190603,1.0066203,0.01079073,5868998,eclipsing_binary
1574.53993309799,0.9936939,0.010758795,5868998,eclipsing_binary
1574.541322004912,0.99829835,0.010784785,5868998,eclipsing_binary
1574.5427109122995,0.9888037,0.010759619,5868998,eclipsing_binary
1574.5440998196866,1.010512,0.010797386,5868998,eclipsing_binary
1574.5454887270737,0.9977386,0.010783143,5868998,eclipsing_binary
1574.5468776339956,1.0009358,0.010770131,5868998,eclipsing_binary
1574.5482665413826,1.002881,0.010783216,5868998,eclipsing_binary
1574.5496554487697,1.0022624,0.010783345,5868998,eclipsing_binary
1574.551044355692,0.99344105,0.01079849,5868998,eclipsing_binary
1574.5524332630796,1.0062238,0.010788505,5868998,eclipsing_binary
1574.5538221704667,0.99050283,0.010825649,5868998,eclipsing_binary
1574.5552110778538,0.99642307,0.010776927,5868998,eclipsing_binary
1574.5565999847756,0.99219793,0.010784682,5868998,eclipsing_binary
1574.5579888921634,0.9991142,0.010788374,5868998,eclipsing_binary
1574.5593777995502,0.9952166,0.010778683,5868998,eclipsing_binary
1574.5607667064717,1.0134963,0.010802082,5868998,eclipsing_binary
1574.5621556138597,0.99524254,0.010772056,5868998,eclipsing_binary
1574.5635445207809,1.014469,0.0108064,5868998,eclipsing_binary
1574.5649334281677,0.98864245,0.01076597,5868998,eclipsing_binary
1574.5663223355557,0.9846382,0.010749624,5868998,eclipsing_binary
1574.5677112424785,1.0095032,0.010789453,5868998,eclipsing_binary
1574.569100149866,1.0183036,0.010793009,5868998,eclipsing_binary
1574.570489057253,0.9850017,0.010782946,5868998,eclipsing_binary
1574.571877964175,0.9987459,0.010777974,5868998,eclipsing_binary
1574.573266871563,1.0002286,0.01077598,5868998,eclipsing_binary
1574.5746557784844,0.9949826,0.010776923,5868998,eclipsing_binary
1574.5760446858712,1.000559,0.010800692,5868998,eclipsing_binary
1574.577433593259,1.0052423,0.0107825855,5868998,eclipsing_binary
1574.5788225001809,1.0189681,0.010807511,5868998,eclipsing_binary
1574.580211407568,0.9914172,0.010764143,5868998,eclipsing_binary
1574.5816003144894,1.0009897,0.010782375,5868998,eclipsing_binary
1574.582989221877,0.9986984,0.010773367,5868998,eclipsing_binary
1574.5843781287983,0.999792,0.010775765,5868998,eclipsing_binary
1574.5857670361854,1.01263,0.010808549,5868998,eclipsing_binary
1574.5871559431077,0.9989538,0.010773242,5868998,eclipsing_binary
1574.5885448504953,0.99660915,0.010778385,5868998,eclipsing_binary
1574.5899337578824,1.0154562,0.010804907,5868998,eclipsing_binary
1574.5913226648038,1.0142791,0.010796006,5868998,eclipsing_binary
1574.5927115721913,0.9977473,0.010788669,5868998,eclipsing_binary
1574.5941004791134,0.9884776,0.010783805,5868998,eclipsing_binary
1574.5954893865003,1.0009571,0.010781873,5868998,eclipsing_binary
1574.5968782934217,0.98084015,0.010755223,5868998,eclipsing_binary
1574.5982672008097,1.0032908,0.010775755,5868998,eclipsing_binary
1574.5996561077316,0.98623216,0.010762688,5868998,eclipsing_binary
1574.601045014653,1.0060055,0.010785582,5868998,eclipsing_binary
1574.60243392204,1.0141395,0.010793134,5868998,eclipsing_binary
1574.603822828962,0.99416786,0.010777054,5868998,eclipsing_binary
1574.605211736349,1.0153899,0.010837068,5868998,eclipsing_binary
1574.6066006432704,0.98680484,0.010806814,5868998,eclipsing_binary
1574.607989550658,1.0098199,0.01079287,5868998,eclipsing_binary
1574.6093784575803,0.9910278,0.0107758455,5868998,eclipsing_binary
1574.6107673649674,1.0061554,0.010799377,5868998,eclipsing_binary
1574.6121562718886,0.99271405,0.010763876,5868998,eclipsing_binary
1574.6135451788107,0.9840881,0.0107638575,5868998,eclipsing_binary
1574.6149340861982,0.9965195,0.010795102,5868998,eclipsing_binary
1574.6163229931196,0.997041,0.0107793,5868998,eclipsing_binary
1574.6177119005067,1.0106888,0.010787766,5868998,eclipsing_binary
1574.6191008074286,0.9922029,0.010773148,5868998,eclipsing_binary
1574.62048971435,0.99675494,0.010777666,5868998,eclipsing_binary
1574.621878621737,0.9765885,0.010761821,5868998,eclipsing_binary
1574.6232675286592,1.0106813,0.01079216,5868998,eclipsing_binary
1574.624656436047,0.99839926,0.010779748,5868998,eclipsing_binary
1574.6260453429684,1.0072896,0.010785543,5868998,eclipsing_binary
1574.6274342498898,1.008204,0.010787722,5868998,eclipsing_binary
1574.6288231572773,1.0070226,0.0107864505,5868998,eclipsing_binary
1574.6302120641994,1.0052332,0.0107976785,5868998,eclipsing_binary
1574.6316009711206,0.98530895,0.010756833,5868998,eclipsing_binary
1574.6329898785077,0.98880047,0.010777072,5868998,eclipsing_binary
1574.63437878543,0.9884749,0.010757936,5868998,eclipsing_binary
1574.635767692352,1.0142502,0.010788547,5868998,eclipsing_binary
1574.637156599739,0.9881984,0.010762403,5868998,eclipsing_binary
1574.6385455066604,1.0116664,0.01079449,5868998,eclipsing_binary
1574.6399344135823,0.9950822,0.010769825,5868998,eclipsing_binary
1574.6413233209694,1.0004767,0.010781869,5868998,eclipsing_binary
1574.6427122278908,1.007864,0.010789748,5868998,eclipsing_binary
1574.6441011348136,1.0048844,0.010794812,5868998,eclipsing_binary
1574.6454900417364,0.9900662,0.010786749,5868998,eclipsing_binary
1574.6468789491234,0.99331224,0.010779023,5868998,eclipsing_binary
1574.6482678560446,0.9956337,0.010772447,5868998,eclipsing_binary
1574.6496567629667,0.99010795,0.010765765,5868998,eclipsing_binary
1574.6510456698886,0.9943429,0.010767532,5868998,eclipsing_binary
1574.6524345772757,1.0043036,0.010801016,5868998,eclipsing_binary
1574.6538234841971,0.99605703,0.010773691,5868998,eclipsing_binary
1574.655212391119,1.0016578,0.010791339,5868998,eclipsing_binary
1574.6566012980404,1.0028017,0.010789068,5868998,eclipsing_binary
1574.6579902054275,0.99351275,0.0107770115,5868998,eclipsing_binary
1574.6593791123496,1.0182412,0.010830487,5868998,eclipsing_binary
1574.6607680192717,1.0008814,0.0107825,5868998,eclipsing_binary
1574.6621569261931,1.0182704,0.0108044315,5868998,eclipsing_binary
1574.6635458331145,0.99915516,0.010770757,5868998,eclipsing_binary
1574.664934740502,0.9928665,0.010772898,5868998,eclipsing_binary
1574.6663236474242,1.0054938,0.010804441,5868998,eclipsing_binary
1574.6677125543454,1.0140815,0.010810204,5868998,eclipsing_binary
1574.6691014612668,0.99431103,0.01077914,5868998,eclipsing_binary
1574.6704903681891,1.0138093,0.01080277,5868998,eclipsing_binary
1574.671879275111,1.003161,0.010773991,5868998,eclipsing_binary
1574.673268182498,0.99839514,0.010792276,5868998,eclipsing_binary
1574.6746570894195,1.0218318,0.010815767,5868998,eclipsing_binary
1574.6760459963414,1.0069045,0.010792324,5868998,eclipsing_binary
1574.6774349032628,0.99475276,0.010771305,5868998,eclipsing_binary
1574.6788238101842,1.0073947,0.0107947625,5868998,eclipsing_binary
1574.680212717106,0.9891764,0.010790461,5868998,eclipsing_binary
1574.6816016240284,1.0152577,0.0108088525,5868998,eclipsing_binary
1574.6829905309496,1.0035596,0.010799711,5868998,eclipsing_binary
1574.6843794383365,0.9978699,0.010779197,5868998,eclipsing_binary
1574.6857683452588,1.0062857,0.010798598,5868998,eclipsing_binary
1574.6871572521807,0.99718076,0.01077107,5868998,eclipsing_binary
1574.688546159102,0.9843605,0.010757577,5868998,eclipsing_binary
1574.6899350660235,0.9996473,0.010777967,5868998,eclipsing_binary
1574.6913239729454,0.9918746,0.010772332,5868998,eclipsing_binary
1574.6927128798668,0.9872536,0.010753957,5868998,eclipsing_binary
1574.6941017867882,1.0060354,0.010791351,5868998,eclipsing_binary
1574.6954906937103,0.98899233,0.010760566,5868998,eclipsing_binary
1574.6968796006324,1.0161585,0.010809168,5868998,eclipsing_binary
1574.6982685075538,1.0158792,0.010793872,5868998,eclipsing_binary
1574.6996574144753,0.9991418,0.010779832,5868998,eclipsing_binary
1574.7010463213971,1.0125915,0.010805253,5868998,eclipsing_binary
1574.702435228319,1.0011975,0.010781348,5868998,eclipsing_binary
1574.7038241352404,1.006553,0.010837528,5868998,eclipsing_binary
1574.7052130421619,0.97202486,0.010758005,5868998,eclipsing_binary
1574.7066019490842,1.0089996,0.010795152,5868998,eclipsing_binary
1574.707990856006,1.0045131,0.010794258,5868998,eclipsing_binary
1574.7093797629275,0.99474186,0.01076759,5868998,eclipsing_binary
1574.710768669849,0.9932355,0.010770104,5868998,eclipsing_binary
1574.7121575767708,0.9993638,0.0107738115,5868998,eclipsing_binary
1574.7135464836922,1.0090019,0.010793888,5868998,eclipsing_binary
1574.7149353906136,0.9930234,0.010770693,5868998,eclipsing_binary
1574.7163242975355,1.0086254,0.010795021,5868998,eclipsing_binary
1574.7177132044578,1.0069159,0.010786683,5868998,eclipsing_binary
1574.719102111379,0.99226314,0.010769056,5868998,eclipsing_binary
1574.7204910183002,1.0046746,0.010786273,5868998,eclipsing_binary
1574.721879925223,1.029524,0.0108733475,5868998,eclipsing_binary
1574.7232688321458,1.0108135,0.010848552,5868998,eclipsing_binary
1574.7246577390672,1.0071234,0.010796467,5868998,eclipsing_binary
1574.7260466459886,0.99893516,0.010760903,5868998,eclipsing_binary
1574.7274355524448,0.9903089,0.010767305,5868998,eclipsing_binary
1574.7288244593672,1.012011,0.010791156,5868998,eclipsing_binary
1574.7302133662886,0.9965147,0.010809143,5868998,eclipsing_binary
1574.7316022732098,1.0087044,0.010796964,5868998,eclipsing_binary
1574.7329911801319,0.9942609,0.010772067,5868998,eclipsing_binary
1574.7343800870533,1.0039041,0.010786463,5868998,eclipsing_binary
1574.7357689939747,1.0040978,0.010783014,5868998,eclipsing_binary
1574.7371579008966,0.99726707,0.010765001,5868998,eclipsing_binary
1574.7385468073528,0.9948019,0.0107786255,5868998,eclipsing_binary
1574.7399357142742,0.9984741,0.010779557,5868998,eclipsing_binary
1574.7413246211956,1.0042772,0.01077277,5868998,eclipsing_binary
1574.742713528118,1.003806,0.0107954955,5868998,eclipsing_binary
1574.7441024350398,0.9899032,0.010768826,5868998,eclipsing_binary
1574.7454913419613,0.99811125,0.010780144,5868998,eclipsing_binary
1574.746880248417,0.9907804,0.010768648,5868998,eclipsing_binary
1574.748269155339,1.00613,0.010781902,5868998,eclipsing_binary
1574.7496580622603,1.0047723,0.010768641,5868998,eclipsing_binary
1574.7510469691817,0.9950723,0.010777479,5868998,eclipsing_binary
1574.7524358761036,0.99912465,0.010792342,5868998,eclipsing_binary
1574.7538247825603,1.0009114,0.010798612,5868998,eclipsing_binary
1574.7552136894815,0.99601257,0.01077301,5868998,eclipsing_binary
1574.7566025964027,1.0046463,0.010792797,5868998,eclipsing_binary
1574.757991503325,1.0065869,0.010784379,5868998,eclipsing_binary
1574.7593804097812,1.0057026,0.01078399,5868998,eclipsing_binary
1574.7607693167026,0.9822162,0.010761788,5868998,eclipsing_binary
1574.762158223624,1.019837,0.010803255,5868998,eclipsing_binary
1574.763547130546,1.0000457,0.010773528,5868998,eclipsing_binary
1574.7649360370026,1.0147252,0.010804221,5868998,eclipsing_binary
1574.766324943924,0.9991521,0.010788375,5868998,eclipsing_binary
1574.7677138508452,1.0084137,0.010792211,5868998,eclipsing_binary
1574.7691027577673,0.984083,0.0107888,5868998,eclipsing_binary
1574.770491664223,1.0044878,0.010784914,5868998,eclipsing_binary
1574.7718805711445,0.99206454,0.010760303,5868998,eclipsing_binary
1574.7732694780664,1.0160824,0.010799152,5868998,eclipsing_binary
1574.7746583845226,0.9937405,0.010802295,5868998,eclipsing_binary
1574.776047291444,1.0041739,0.010802291,5868998,eclipsing_binary
1574.7774361983654,1.0011817,0.010786694,5868998,eclipsing_binary
1574.7788251048219,1.0012516,0.010797359,5868998,eclipsing_binary
1574.780214011744,0.99662465,0.0108012315,5868998,eclipsing_binary
1574.7816029186654,0.99092096,0.010764621,5868998,eclipsing_binary
1574.7829918251211,1.0063766,0.010779283,5868998,eclipsing_binary
1574.784380732043,1.0149196,0.010804015,5868998,eclipsing_binary
1574.7857696389644,1.0144482,0.010807162,5868998,eclipsing_binary
1574.7871585454202,1.0141526,0.010847557,5868998,eclipsing_binary
1574.788547452342,0.9927956,0.010759861,5868998,eclipsing_binary
1574.7899363587987,1.0086738,0.010799313,5868998,eclipsing_binary
1574.79132526572,1.005015,0.010794198,5868998,eclipsing_binary
1574.7927141726411,1.0036767,0.010790537,5868998,eclipsing_binary
1574.7941030790978,0.98778063,0.010762596,5868998,eclipsing_binary
1574.7954919860197,1.0034535,0.010795388,5868998,eclipsing_binary
1574.7968808924754,0.98813456,0.01076812,5868998,eclipsing_binary
1574.7982697993968,0.99822116,0.010772866,5868998,eclipsing_binary
1574.7996587063187,1.0152545,0.010814719,5868998,eclipsing_binary
1574.8010476127758,1.0043643,0.010786837,5868998,eclipsing_binary
1574.8024365196982,0.99460256,0.010779661,5868998,eclipsing_binary
1574.8038254261537,0.99537617,0.010772381,5868998,eclipsing_binary
1574.8052143330758,0.9897311,0.010772584,5868998,eclipsing_binary
1574.8066032395316,1.0094186,0.010790093,5868998,eclipsing_binary
1574.807992146453,1.0032582,0.010813231,5868998,eclipsing_binary
1574.8093810529092,0.9875457,0.010756621,5868998,eclipsing_binary
1574.810769959831,1.0147705,0.0108505655,5868998,eclipsing_binary
1574.8121588662868,0.9826839,0.010760477,5868998,eclipsing_binary
1574.8135477732083,0.9913017,0.010785025,5868998,eclipsing_binary
1574.8149366801304,0.98539096,0.010762162,5868998,eclipsing_binary
1574.8163255865868,1.0042259,0.010794659,5868998,eclipsing_binary
1574.8177144930426,0.9938571,0.010784474,5868998,eclipsing_binary
1574.819103399964,1.015866,0.010789185,5868998,eclipsing_binary
1574.8204923064202,0.98414433,0.01076441,5868998,eclipsing_binary
1574.8218812133416,1.0042254,0.010833207,5868998,eclipsing_binary
1574.8232701197974,0.98865724,0.0107621085,5868998,eclipsing_binary
1574.8246590267192,1.0139334,0.0108061535,5868998,eclipsing_binary
1574.826047933176,1.0203466,0.010816851,5868998,eclipsing_binary
1574.827436840097,0.9967256,0.010776166,5868998,eclipsing_binary
1574.8288257465526,0.9966576,0.010773806,5868998,eclipsing_binary
1574.830214653475,0.9929461,0.010768469,5868998,eclipsing_binary
1574.8316035599312,1.0090262,0.010790302,5868998,eclipsing_binary
1574.832992466387,0.97287816,0.010732644,5868998,eclipsing_binary
1574.8343813733084,1.0006969,0.010773998,5868998,eclipsing_binary
1574.8357702797646,1.0049996,0.0107937055,5868998,eclipsing_binary
1574.837159186687,1.0066382,0.010803987,5868998,eclipsing_binary
1574.8385480931424,0.98146963,0.010754595,5868998,eclipsing_binary
1574.839936999598,1.0047392,0.010797488,5868998,eclipsing_binary
1574.8413259065203,1.0055922,0.010788203,5868998,eclipsing_binary
1574.842714812976,1.0254852,0.010817911,5868998,eclipsing_binary
1574.8441037198975,0.9937743,0.010766496,5868998,eclipsing_binary
1574.8454926263537,1.0075082,0.0107881315,5868998,eclipsing_binary
1574.84688153281,1.0104455,0.010813604,5868998,eclipsing_binary
1574.8482704397313,0.9944127,0.010775888,5868998,eclipsing_binary
1574.849659346187,1.0056435,0.010800866,5868998,eclipsing_binary
1574.8510482526435,1.0075583,0.010783515,5868998,eclipsing_binary
1574.8524371595656,1.0287445,0.010818513,5868998,eclipsing_binary
1574.8538260660214,1.0076035,0.010779864,5868998,eclipsing_binary
1574.8552149724771,1.0100963,0.010809303,5868998,eclipsing_binary
1574.856603879399,0.9810795,0.010780439,5868998,eclipsing_binary
1574.8579927858552,0.99957573,0.010783454,5868998,eclipsing_binary
1574.859381692311,1.0166845,0.010801779,5868998,eclipsing_binary
1574.8607705992324,0.9936661,0.010753014,5868998,eclipsing_binary
1574.862159505689,0.9987424,0.010804051,5868998,eclipsing_binary
1574.8635484121446,0.9937501,0.010774594,5868998,eclipsing_binary
1574.8649373186001,0.99615407,0.010771342,5868998,eclipsing_binary
1574.8663262255225,0.9877317,0.010766932,5868998,eclipsing_binary
1574.8677151319787,1.0045259,0.010814829,5868998,eclipsing_binary
1574.8691040384344,1.0082043,0.010795383,5868998,eclipsing_binary
1574.8704929448902,1.0157524,0.0107924,5868998,eclipsing_binary
1574.871881851812,1.0055723,0.010767728,5868998,eclipsing_binary
1574.8732707582687,0.9986157,0.010764614,5868998,eclipsing_binary
1574.8746596647243,1.0020396,0.010795606,5868998,eclipsing_binary
1574.8760485711798,1.009629,0.010789091,5868998,eclipsing_binary
1574.8774374781021,1.0222685,0.010821303,5868998,eclipsing_binary
1574.878826384558,1.000899,0.010780339,5868998,eclipsing_binary
1574.8802152910137,0.98643535,0.010752555,5868998,eclipsing_binary
1574.8816041974699,0.9928785,0.0107747195,5868998,eclipsing_binary
1574.882993103926,0.99723786,0.010771778,5868998,eclipsing_binary
1574.8843820103828,1.0132405,0.010801216,5868998,eclipsing_binary
1574.8857709173046,0.9958064,0.010776918,5868998,eclipsing_binary
1574.887159823761,1.0020226,0.010797963,5868998,eclipsing_binary
1574.8885487302175,0.9985088,0.010820538,5868998,eclipsing_binary
1574.8899376366733,0.99288285,0.010779134,5868998,eclipsing_binary
1574.891326543129,1.0087328,0.010792304,5868998,eclipsing_binary
1574.8927154495852,1.0104729,0.0107992375,5868998,eclipsing_binary
1574.8941043565071,0.9891711,0.010767471,5868998,eclipsing_binary
1574.8954932629629,0.99468327,0.010770552,5868998,eclipsing_binary
1574.8968821694186,1.0100393,0.010801036,5868998,eclipsing_binary
1574.8982710758753,0.9920826,0.01076465,5868998,eclipsing_binary
1574.8996599823308,1.0252763,0.010824293,5868998,eclipsing_binary
1574.9010488887864,1.0095239,0.010791029,5868998,eclipsing_binary
1574.902437795243,1.001621,0.010781039,5868998,eclipsing_binary
1574.9038267016992,0.98869985,0.010792253,5868998,eclipsing_binary
1574.905215608155,0.9906157,0.010771711,5868998,eclipsing_binary
1574.9066045150764,1.0006851,0.010793342,5868998,eclipsing_binary
1574.9079934215326,1.0048343,0.010787192,5868998,eclipsing_binary
1574.9093823279893,0.9885041,0.010768868,5868998,eclipsing_binary
1574.9107712344448,1.0214846,0.010827831,5868998,eclipsing_binary
1574.9121601409004,1.0006039,0.010785368,5868998,eclipsing_binary
1574.913549047357,1.0043132,0.010783308,5868998,eclipsing_binary
1574.9149379538128,0.99895656,0.010776354,5868998,eclipsing_binary
1574.9163268602686,0.99717474,0.010777522,5868998,eclipsing_binary
1574.9177157667248,0.9943021,0.010826404,5868998,eclipsing_binary
1574.919104673181,1.0225474,0.0108072,5868998,eclipsing_binary
1574.9204935796367,0.98983413,0.01076265,5868998,eclipsing_binary
1574.9218824860925,1.00552,0.010792113,5868998,eclipsing_binary
1574.923271392549,1.0159484,0.010823266,5868998,eclipsing_binary
1574.9246602990054,1.0040169,0.010780628,5868998,eclipsing_binary
1574.9260492054611,0.9966007,0.010812838,5868998,eclipsing_binary
1574.927438111917,1.0176578,0.0108104,5868998,eclipsing_binary
1574.928827018373,1.0105568,0.0107949665,5868998,eclipsing_binary
1574.9302159248293,1.0039722,0.010786668,5868998,eclipsing_binary
1574.931604831285,1.0017183,0.010779188,5868998,eclipsing_binary
1574.9329937377408,1.0010616,0.010787975,5868998,eclipsing_binary
1574.9343826441975,0.98246574,0.010742791,5868998,eclipsing_binary
1574.935771550653,0.99548,0.010768807,5868998,eclipsing_binary
1574.9371604571086,1.0143989,0.010810109,5868998,eclipsing_binary
1574.9385493635652,1.0072742,0.010836304,5868998,eclipsing_binary
1574.9399382700215,1.0072689,0.0107913315,5868998,eclipsing_binary
1574.9413271760116,0.97799224,0.010750746,5868998,eclipsing_binary
1574.9427160824673,1.000547,0.010789996,5868998,eclipsing_binary
1574.9441049889235,0.989055,0.01077353,5868998,eclipsing_binary
1574.9454938953802,0.9962762,0.010780229,5868998,eclipsing_binary
1574.9468828018357,1.01399,0.010820005,5868998,eclipsing_binary
1574.9482717082913,0.98820376,0.0107658,5868998,eclipsing_binary
1574.949660614748,1.0108932,0.010798971,5868998,eclipsing_binary
1574.9510495212037,1.0052277,0.010822247,5868998,eclipsing_binary
1574.9524384276592,1.0058873,0.010787941,5868998,eclipsing_binary
1574.95382733365,1.016946,0.0108074825,5868998,eclipsing_binary
1574.9552162401062,1.014753,0.010803865,5868998,eclipsing_binary
1574.956605146562,1.0148281,0.010800899,5868998,eclipsing_binary
1574.9579940530177,1.0013424,0.010792684,5868998,eclipsing_binary
1574.9593829594742,0.9811393,0.010749945,5868998,eclipsing_binary
1574.9607718659306,1.0032276,0.010787747,5868998,eclipsing_binary
1574.9621607719207,1.0058969,0.010802647,5868998,eclipsing_binary
1574.9635496783765,0.98842895,0.010778212,5868998,eclipsing_binary
1574.9649385848327,1.0015478,0.010821253,5868998,eclipsing_binary
1574.966327491289,1.0044914,0.0108091235,5868998,eclipsing_binary
1574.9677163977447,1.0032095,0.010783936,5868998,eclipsing_binary
1574.9691053037357,0.99465513,0.0107829645,5868998,eclipsing_binary
1574.9704942101928,1.0027388,0.010828264,5868998,eclipsing_binary
1574.9718831166483,1.0067426,0.010798256,5868998,eclipsing_binary
1574.9732720231038,1.005821,0.010791731,5868998,eclipsing_binary
1574.9746609295605,1.0044545,0.010786315,5868998,eclipsing_binary
1574.976049835551,0.99341935,0.010765724,5868998,eclipsing_binary
1574.9774387420068,0.9957061,0.010788167,5868998,eclipsing_binary
1574.9788276484626,1.0143762,0.010798692,5868998,eclipsing_binary
1574.9802165549188,1.0005921,0.010782643,5868998,eclipsing_binary
1574.9816054609098,0.9814559,0.010764146,5868998,eclipsing_binary
1574.9829943673653,0.9885465,0.0107646,5868998,eclipsing_binary
1574.9843832738209,0.99833274,0.010777215,5868998,eclipsing_binary
1574.9857721798119,0.9917488,0.010769597,5868998,eclipsing_binary
1574.987161086268,1.0014542,0.010778137,5868998,eclipsing_binary
1574.9885499927238,0.9952354,0.010783128,5868998,eclipsing_binary
1574.9899388991796,1.0053575,0.010797585,5868998,eclipsing_binary
1574.9913278051702,0.9957465,0.010789048,5868998,eclipsing_binary
1574.992716711626,1.0167085,0.01079638,5868998,eclipsing_binary
1574.9941056180817,0.99232817,0.010793718,5868998,eclipsing_binary
1574.9954945240725,0.9975922,0.010771067,5868998,eclipsing_binary
1574.996883430529,0.98894763,0.010758616,5868998,eclipsing_binary
1574.9982723369847,0.97911364,0.010745683,5868998,eclipsing_binary
1574.9996612429748,0.98802733,0.010761766,5868998,eclipsing_binary
1575.001050149431,0.9843334,0.0107645495,5868998,eclipsing_binary
1575.0024390558872,0.9638318,0.010709202,5868998,eclipsing_binary
1575.0038279618773,0.9789821,0.010741364,5868998,eclipsing_binary
1575.005216868333,0.98625517,0.010746703,5868998,eclipsing_binary
1575.0066057743238,0.96164554,0.010709433,5868998,eclipsing_binary
1575.0079946807793,0.96624404,0.010717927,5868998,eclipsing_binary
1575.009383587235,0.9763792,0.0107422825,5868998,eclipsing_binary
1575.010772493226,0.97072035,0.010724326,5868998,eclipsing_binary
1575.0121613996823,0.9491788,0.010711082,5868998,eclipsing_binary
1575.0135503056724,0.96390104,0.010748027,5868998,eclipsing_binary
1575.0149392121282,0.9598302,0.01070527,5868998,eclipsing_binary
1575.0163281185844,0.9544783,0.010707085,5868998,eclipsing_binary
1575.0177170245754,0.94391686,0.010680729,5868998,eclipsing_binary
1575.019105931031,0.93316203,0.010674854,5868998,eclipsing_binary
1575.0204948370208,0.94588125,0.010711274,5868998,eclipsing_binary
1575.0218837434775,0.95383435,0.0107268505,5868998,eclipsing_binary
1575.023272649468,0.95877284,0.01070509,5868998,eclipsing_binary
1575.0246615559238,0.9674884,0.010714498,5868998,eclipsing_binary
1575.0260504619139,0.97183436,0.010762481,5868998,eclipsing_binary
1575.02743936837,0.97700775,0.010783092,5868998,eclipsing_binary
1575.0288282743602,0.97563416,0.010753249,5868998,eclipsing_binary
1575.030217180816,0.9659167,0.010743551,5868998,eclipsing_binary
1575.0316060868065,0.9772426,0.0107497005,5868998,eclipsing_binary
1575.0329949932632,0.957343,0.0107227685,5868998,eclipsing_binary
1575.0343838992533,0.98797923,0.01079065,5868998,eclipsing_binary
1575.035772805709,0.9854743,0.010755298,5868998,eclipsing_binary
1575.0371617116996,0.979187,0.010749681,5868998,eclipsing_binary
1575.0385506181558,0.99537736,0.010777572,5868998,eclipsing_binary
1575.039939524146,0.98814595,0.010761304,5868998,eclipsing_binary
1575.0413284306017,0.99333316,0.010769669,5868998,eclipsing_binary
1575.0427173365924,1.0047035,0.010785931,5868998,eclipsing_binary
1575.044106243048,1.0178086,0.010860361,5868998,eclipsing_binary
1575.045495149038,1.0067405,0.010832595,5868998,eclipsing_binary
1575.046884055029,0.987881,0.010767332,5868998,eclipsing_binary
1575.0482729614853,0.9869042,0.01077033,5868998,eclipsing_binary
1575.0496618674754,1.0155957,0.010802901,5868998,eclipsing_binary
1575.0510507739311,0.99451244,0.010782813,5868998,eclipsing_binary
1575.0524396799217,0.9980799,0.010777898,5868998,eclipsing_binary
1575.0538285859127,1.007384,0.010790851,5868998,eclipsing_binary
1575.0552174923682,1.0145241,0.010799788,5868998,eclipsing_binary
1575.056606398359,0.9929856,0.010768744,5868998,eclipsing_binary
1575.0579953048161,1.0069315,0.0107899485,5868998,eclipsing_binary
1575.0593842108067,1.0038886,0.010787464,5868998,eclipsing_binary
1575.0607731167968,1.00193,0.01080946,5868998,eclipsing_binary
1575.0621620232525,1.007636,0.010788108,5868998,eclipsing_binary
1575.063550929243,0.99867016,0.010806786,5868998,eclipsing_binary
1575.0649398352332,0.99067307,0.010757888,5868998,eclipsing_binary
1575.066328741689,0.98814934,0.010812152,5868998,eclipsing_binary
1575.0677176476795,0.9879166,0.010772468,5868998,eclipsing_binary
1575.0691065536705,0.99968076,0.01079349,5868998,eclipsing_binary
1575.0704954601263,1.006015,0.010801622,5868998,eclipsing_binary
1575.0718843661164,1.0047201,0.010779331,5868998,eclipsing_binary
1575.073273272107,0.9942839,0.010783326,5868998,eclipsing_binary
1575.0746621785631,0.98916477,0.010761756,5868998,eclipsing_binary
1575.0760510845532,0.9894561,0.010771797,5868998,eclipsing_binary
1575.0774399905433,1.0132154,0.010812794,5868998,eclipsing_binary
1575.078828896534,0.99769825,0.010780916,5868998,eclipsing_binary
1575.0802178029896,0.9776225,0.010741563,5868998,eclipsing_binary
1575.0816067089797,0.98332477,0.010745256,5868998,eclipsing_binary
1575.0829956149707,1.0101987,0.010806195,5868998,eclipsing_binary
1575.084384521427,0.9892104,0.01077208,5868998,eclipsing_binary
1575.085773427417,0.994888,0.010787237,5868998,eclipsing_binary
1575.0871623334072,0.9765325,0.0107532125,5868998,eclipsing_binary
1575.0885512393977,1.0200232,0.010818811,5868998,eclipsing_binary
1575.0899401453887,0.9831914,0.010817849,5868998,eclipsing_binary
1575.0913290518442,1.0016736,0.010788902,5868998,eclipsing_binary
1575.092717957834,0.9908129,0.010762019,5868998,eclipsing_binary
1575.0941068638251,0.9974846,0.010792531,5868998,eclipsing_binary
1575.0954957698157,0.9934272,0.010764891,5868998,eclipsing_binary
1575.0968846762714,0.99966234,0.010768463,5868998,eclipsing_binary
1575.0982735822615,0.99959415,0.010784794,5868998,eclipsing_binary
1575.099662488252,0.99172467,0.010771227,5868998,eclipsing_binary
1575.1010513942422,0.9943157,0.010769512,5868998,eclipsing_binary
1575.1024403002323,0.9961396,0.010776605,5868998,eclipsing_binary
1575.1038292062228,1.0097227,0.01079602,5868998,eclipsing_binary
1575.1052181126795,0.99345505,0.010778221,5868998,eclipsing_binary
1575.1066070186696,0.9817033,0.010768333,5868998,eclipsing_binary
1575.1079959246595,1.0042002,0.010849005,5868998,eclipsing_binary
1575.1093848306502,0.9956799,0.010800664,5868998,eclipsing_binary
1575.1107737366408,1.0011579,0.010794831,5868998,eclipsing_binary
1575.112162642631,1.002708,0.010795104,5868998,eclipsing_binary
1575.113551548621,0.99865735,0.010793156,5868998,eclipsing_binary
1575.1149404546118,1.002794,0.010797194,5868998,eclipsing_binary
1575.1163293610682,0.99224955,0.010774687,5868998,eclipsing_binary
1575.1177182670583,0.9936011,0.010798025,5868998,eclipsing_binary
1575.1191071730484,0.99700266,0.010767323,5868998,eclipsing_binary
1575.120496079039,1.0034349,0.0107864365,5868998,eclipsing_binary
1575.121884985029,0.9915082,0.0107839415,5868998,eclipsing_binary
1575.1232738910192,1.0028003,0.01078767,5868998,eclipsing_binary
1575.1246627970097,1.0161693,0.010807721,5868998,eclipsing_binary
1575.1260517030005,0.9956696,0.010776247,5868998,eclipsing_binary
1575.1274406089904,1.00707,0.010781592,5868998,eclipsing_binary
1575.1288295149805,1.0158592,0.0107956845,5868998,eclipsing_binary
1575.1302184209715,0.9947168,0.010781982,5868998,eclipsing_binary
1575.131607326962,0.9929426,0.010805175,5868998,eclipsing_binary
1575.132996232952,0.9955449,0.0107835615,5868998,eclipsing_binary
1575.1343851389422,1.0003024,0.010770434,5868998,eclipsing_binary
1575.1357740449328,1.0123141,0.010800978,5868998,eclipsing_binary
1575.1371629509229,0.98907644,0.010775473,5868998,eclipsing_binary
1575.138551856913,0.99203014,0.010768773,5868998,eclipsing_binary
1575.1399407629035,0.9941652,0.010784886,5868998,eclipsing_binary
1575.1413296688945,1.0007911,0.010773906,5868998,eclipsing_binary
1575.1427185748846,0.9914311,0.010774805,5868998,eclipsing_binary
1575.1441074808745,1.0190346,0.01081505,5868998,eclipsing_binary
1575.1454963868653,1.0058614,0.01077148,5868998,eclipsing_binary
1575.1468852928567,1.0035074,0.010790422,5868998,eclipsing_binary
1575.1482741988473,0.98442984,0.010755751,5868998,eclipsing_binary
1575.1496631048374,0.9918536,0.010769242,5868998,eclipsing_binary
1575.1510520108282,1.0034955,0.010786303,5868998,eclipsing_binary
1575.152440916819,0.982914,0.0107474495,5868998,eclipsing_binary
1575.153829822809,1.0112374,0.0107889045,5868998,eclipsing_binary
1575.1552187287991,1.0040404,0.010791456,5868998,eclipsing_binary
1575.1566076347897,1.0079329,0.010796273,5868998,eclipsing_binary
1575.1579965407798,1.0249698,0.010821447,5868998,eclipsing_binary
1575.1593854463042,0.98864925,0.010761843,5868998,eclipsing_binary
1575.1607743522948,0.9826141,0.0107561555,5868998,eclipsing_binary
1575.1621632582855,0.99155384,0.010772156,5868998,eclipsing_binary
1575.1635521642754,1.0065857,0.010776104,5868998,eclipsing_binary
1575.1649410702655,1.000202,0.010779616,5868998,eclipsing_binary
1575.1663299762565,1.0135248,0.010849261,5868998,eclipsing_binary
1575.167718882247,0.9924619,0.010768999,5868998,eclipsing_binary
1575.1691077882372,0.9917379,0.010781611,5868998,eclipsing_binary
1575.1704966937616,1.0112715,0.010808414,5868998,eclipsing_binary
1575.1718855997522,0.9945193,0.010769559,5868998,eclipsing_binary
1575.1732745057423,0.9867025,0.010772946,5868998,eclipsing_binary
1575.1746634117324,1.0063223,0.010795749,5868998,eclipsing_binary
1575.176052317723,1.0067862,0.010785791,5868998,eclipsing_binary
1575.177441223714,0.9963506,0.0107803885,5868998,eclipsing_binary
1575.1788301292383,0.98801655,0.010780286,5868998,eclipsing_binary
1575.1802190352282,1.0094662,0.010803695,5868998,eclipsing_binary
1575.181607941219,0.98679495,0.010768981,5868998,eclipsing_binary
1575.1829968472096,0.9838403,0.01075809,5868998,eclipsing_binary
1575.1843857531996,0.9913784,0.010775691,5868998,eclipsing_binary
1575.185774658724,0.99484223,0.010774621,5868998,eclipsing_binary
1575.1871635647146,0.9907575,0.010776588,5868998,eclipsing_binary
1575.1885524707056,0.9854601,0.010758434,5868998,eclipsing_binary
1575.1899413766957,0.99211895,0.010794832,5868998,eclipsing_binary
1575.1913302822202,0.97867453,0.010757549,5868998,eclipsing_binary
1575.1927191882107,0.98978966,0.01076504,5868998,eclipsing_binary
1575.1941080942008,1.005771,0.010781512,5868998,eclipsing_binary
1575.195497000191,0.99184746,0.010790932,5868998,eclipsing_binary
1575.1968859057158,1.0058603,0.010797688,5868998,eclipsing_binary
1575.1982748117066,1.0164216,0.010811222,5868998,eclipsing_binary
1575.1996637176965,1.0001966,0.010781304,5868998,eclipsing_binary
1575.201052623221,0.9923093,0.010774345,5868998,eclipsing_binary
1575.202441529212,1.0030717,0.010783201,5868998,eclipsing_binary
1575.2038304352025,1.0077348,0.010798913,5868998,eclipsing_binary
1575.2052193411926,0.98647213,0.010772776,5868998,eclipsing_binary
1575.206608246717,1.0069324,0.010807185,5868998,eclipsing_binary
1575.2079971527075,1.0088558,0.010801112,5868998,eclipsing_binary
1575.2093860586976,0.9922491,0.010821082,5868998,eclipsing_binary
1575.210774964222,0.98496366,0.01078399,5868998,eclipsing_binary
1575.2121638702126,0.9949677,0.010763867,5868998,eclipsing_binary
1575.213552775738,0.999433,0.01078899,5868998,eclipsing_binary
1575.214941681728,0.998715,0.010772084,5868998,eclipsing_binary
1575.216330587718,1.0066038,0.010795583,5868998,eclipsing_binary
1575.217719493243,0.9976252,0.010796568,5868998,eclipsing_binary
1575.2191083992336,0.9921937,0.010774853,5868998,eclipsing_binary
1575.2204973052237,1.0163968,0.010799701,5868998,eclipsing_binary
1575.2218862107482,0.99762046,0.010784254,5868998,eclipsing_binary
1575.2232751167387,0.9988891,0.010789435,5868998,eclipsing_binary
1575.224664022264,1.0113109,0.010787794,5868998,eclipsing_binary
1575.2260529282541,1.0023091,0.010798668,5868998,eclipsing_binary
1575.2274418342442,0.9954568,0.010769133,5868998,eclipsing_binary
1575.2288307397691,0.99929523,0.010773427,5868998,eclipsing_binary
1575.2302196457592,1.0044867,0.010781459,5868998,eclipsing_binary
1575.2316085512837,1.0118538,0.010792363,5868998,eclipsing_binary
1575.2329974572742,1.0086222,0.010798914,5868998,eclipsing_binary
1575.2343863627993,1.0078148,0.010789957,5868998,eclipsing_binary
1575.2357752687892,1.0129997,0.0107962275,5868998,eclipsing_binary
1575.2371641743136,1.0105793,0.010797219,5868998,eclipsing_binary
1575.2385530803047,0.9890193,0.010754821,5868998,eclipsing_binary
1575.2399419858305,1.0129229,0.010806697,5868998,eclipsing_binary
1575.241330891821,1.0096353,0.010802137,5868998,eclipsing_binary
1575.242719797811,1.0060039,0.010792291,5868998,eclipsing_binary
1575.244108703336,0.9970491,0.010782453,5868998,eclipsing_binary
1575.2454976088613,1.004752,0.010798424,5868998,eclipsing_binary
1575.2468865148512,1.011648,0.010786162,5868998,eclipsing_binary
1575.2482754203754,0.9973457,0.010768867,5868998,eclipsing_binary
1575.2496643263664,1.0028396,0.010794483,5868998,eclipsing_binary
1575.2510532318909,0.99263954,0.010783188,5868998,eclipsing_binary
1575.2524421378807,1.01276,0.010789438,5868998,eclipsing_binary
1575.2538310434059,1.0084966,0.010782161,5868998,eclipsing_binary
1575.2552199493964,1.0174227,0.010794219,5868998,eclipsing_binary
1575.2566088549208,0.9996261,0.010775036,5868998,eclipsing_binary
1575.257997760911,1.0117143,0.010789131,5868998,eclipsing_binary
1575.2593866664358,0.9943433,0.010782955,5868998,eclipsing_binary
1575.2607755719612,1.0091873,0.010794267,5868998,eclipsing_binary
1575.2621644779513,1.0019928,0.010787512,5868998,eclipsing_binary
1575.2635533834757,1.0126312,0.010801687,5868998,eclipsing_binary
1575.2649422894663,1.0164338,0.01082452,5868998,eclipsing_binary
1575.2663311949907,0.9976149,0.010770399,5868998,eclipsing_binary
1575.2677201005151,1.0026566,0.01080005,5868998,eclipsing_binary
1575.2691090065057,1.0029061,0.010786477,5868998,eclipsing_binary
1575.2704979120308,0.9949883,0.010771679,5868998,eclipsing_binary
1575.2718868180207,0.99320465,0.010796226,5868998,eclipsing_binary
1575.273275723545,0.9888404,0.010763642,5868998,eclipsing_binary
1575.2746646290705,1.0055944,0.010787836,5868998,eclipsing_binary
1575.276053535061,1.0073177,0.010786983,5868998,eclipsing_binary
1575.2774424405854,0.98090625,0.010749604,5868998,eclipsing_binary
1575.2788313461099,1.017238,0.010823269,5868998,eclipsing_binary
1575.2802202521004,1.0024594,0.010797609,5868998,eclipsing_binary
1575.2816091576258,1.0005364,0.010766586,5868998,eclipsing_binary
1575.28299806315,1.0020365,0.0107847145,5868998,eclipsing_binary
1575.2843869691399,1.055305,0.0108657945,5868998,eclipsing_binary
1575.2857758746652,1.0077388,0.010828009,5868998,eclipsing_binary
1575.2871647801896,0.996481,0.010772648,5868998,eclipsing_binary
1575.2885536861795,1.0104046,0.010810227,5868998,eclipsing_binary
1575.2899425917046,1.0069938,0.010799144,5868998,eclipsing_binary
1575.2913314972295,1.0148476,0.010806927,5868998,eclipsing_binary
1575.292720402754,0.99848187,0.01078075,5868998,eclipsing_binary
1575.294109308744,1.0096337,0.010833121,5868998,eclipsing_binary
1575.295498214269,0.9907249,0.010745315,5868998,eclipsing_binary
1575.2968871197943,1.0117506,0.010799508,5868998,eclipsing_binary
1575.2982760253187,1.0200804,0.010829211,5868998,eclipsing_binary
1575.2996649313086,1.0141399,0.010793091,5868998,eclipsing_binary
1575.3010538368337,0.9975284,0.010766401,5868998,eclipsing_binary
1575.3024427423582,1.0050361,0.010790965,5868998,eclipsing_binary
1575.3038316478826,0.99818856,0.010778734,5868998,eclipsing_binary
1575.3052205534075,1.001625,0.010789964,5868998,eclipsing_binary
1575.3066094593983,0.98967725,0.0107614575,5868998,eclipsing_binary
1575.3079983649225,1.0014867,0.010826006,5868998,eclipsing_binary
1575.309387270447,0.9840724,0.010782044,5868998,eclipsing_binary
1575.3107761759723,1.008084,0.010784455,5868998,eclipsing_binary
1575.3121650814971,0.98842937,0.010767356,5868998,eclipsing_binary
1575.3135539874872,0.99383587,0.010773927,5868998,eclipsing_binary
1575.3149428930117,1.012908,0.010794088,5868998,eclipsing_binary
1575.3163317985366,0.9922188,0.010772257,5868998,eclipsing_binary
1575.3177207040617,1.0111184,0.010783132,5868998,eclipsing_binary
1575.319109609586,0.99309134,0.0107843345,5868998,eclipsing_binary
1575.3204985151103,0.9812956,0.010754363,5868998,eclipsing_binary
1575.3218874206357,0.9926428,0.01076969,5868998,eclipsing_binary
1575.3232763266255,0.99138474,0.010835022,5868998,eclipsing_binary
1575.3246652321498,0.9965845,0.010776474,5868998,eclipsing_binary
1575.326054137675,1.0082217,0.010823198,5868998,eclipsing_binary
1575.3274430432,1.0024441,0.010777096,5868998,eclipsing_binary
1575.3288319487244,0.9951388,0.0107825855,5868998,eclipsing_binary
1575.3302208542489,1.0140355,0.010809799,5868998,eclipsing_binary
1575.3316097597738,1.0137409,0.010808145,5868998,eclipsing_binary
1575.332998665299,1.0073663,0.010787262,5868998,eclipsing_binary
1575.3343875708235,1.0027068,0.01076938,5868998,eclipsing_binary
1575.3357764763477,0.99705476,0.010793796,5868998,eclipsing_binary
1575.3371653818733,1.0205243,0.010823759,5868998,eclipsing_binary
1575.3385542873987,0.9916508,0.010773732,5868998,eclipsing_binary
1575.3399431933888,1.0020531,0.010778031,5868998,eclipsing_binary
1575.3413320989137,1.0027865,0.010782738,5868998,eclipsing_binary
1575.3427210044388,0.99811065,0.01076608,5868998,eclipsing_binary
1575.344109909963,1.0021688,0.010818927,5868998,eclipsing_binary
1575.3454988154874,1.0032587,0.010777927,5868998,eclipsing_binary
1575.3468877210128,0.9918307,0.010759709,5868998,eclipsing_binary
1575.3482766265377,0.9952279,0.01076838,5868998,eclipsing_binary
1575.349665532062,1.0026293,0.010783792,5868998,eclipsing_binary
1575.3510544375865,1.004555,0.010782047,5868998,eclipsing_binary
1575.3524433431114,0.9837367,0.0107451,5868998,eclipsing_binary
1575.3538322486365,0.99456185,0.010805317,5868998,eclipsing_binary
1575.3552211541607,0.99635994,0.010771529,5868998,eclipsing_binary
1575.3566100596852,0.9941109,0.01079954,5868998,eclipsing_binary
1575.3579989647449,1.0135839,0.010803477,5868998,eclipsing_binary
1575.359387870269,0.9954589,0.010778671,5868998,eclipsing_binary
1575.3607767757933,1.0061206,0.010800395,5868998,eclipsing_binary
1575.3621656813186,1.0051559,0.010798604,5868998,eclipsing_binary
1575.3635545868435,0.9923557,0.010778293,5868998,eclipsing_binary
1575.364943492368,0.9919818,0.010776424,5868998,eclipsing_binary
1575.3663323978924,1.0110582,0.010806029,5868998,eclipsing_binary
1575.3677213034173,0.9837728,0.010760881,5868998,eclipsing_binary
1575.3691102089426,1.0030894,0.010778219,5868998,eclipsing_binary
1575.370499114467,1.0016686,0.010798156,5868998,eclipsing_binary
1575.3718880199913,1.0111507,0.0108137345,5868998,eclipsing_binary
1575.3732769255164,0.99343663,0.0107683735,5868998,eclipsing_binary
1575.3746658305756,0.98965085,0.0107529815,5868998,eclipsing_binary
1575.3760547361,1.0026143,0.010786629,5868998,eclipsing_binary
1575.3774436416245,0.99363136,0.010772927,5868998,eclipsing_binary
1575.3788325471494,1.0145046,0.010786342,5868998,eclipsing_binary
1575.3802214526738,1.0029318,0.010790349,5868998,eclipsing_binary
1575.3816103581983,0.99194956,0.010776237,5868998,eclipsing_binary
1575.3829992637236,0.9904219,0.0107766725,5868998,eclipsing_binary
1575.3843881687828,1.008725,0.010794819,5868998,eclipsing_binary
1575.3857770743073,0.98817396,0.010752583,5868998,eclipsing_binary
1575.3871659798317,1.002495,0.01080174,5868998,eclipsing_binary
1575.3885548853566,1.0157394,0.0107961055,5868998,eclipsing_binary
1575.3899437908817,0.9981218,0.010779564,5868998,eclipsing_binary
1575.3913326959403,1.0051892,0.010786808,5868998,eclipsing_binary
1575.3927216014647,0.99620754,0.010800536,5868998,eclipsing_binary
1575.39411050699,0.99889445,0.010780972,5868998,eclipsing_binary
1575.3954994125143,1.0179785,0.010815545,5868998,eclipsing_binary
1575.3968883180385,0.999948,0.010775901,5868998,eclipsing_binary
1575.3982772230981,1.0094169,0.010793391,5868998,eclipsing_binary
1575.399666128623,0.9974238,0.010787842,5868998,eclipsing_binary
1575.4010550341475,1.002669,0.010785446,5868998,eclipsing_binary
1575.402443939672,0.99964017,0.010785043,5868998,eclipsing_binary
1575.4038328447311,0.9935977,0.010776021,5868998,eclipsing_binary
1575.4052217502565,1.0166309,0.010788014,5868998,eclipsing_binary
1575.406610655781,0.99898833,0.010787366,5868998,eclipsing_binary
1575.4079995613051,0.9919459,0.010821125,5868998,eclipsing_binary
1575.4093884663646,1.0033262,0.010791349,5868998,eclipsing_binary
1575.4107773718895,0.9973254,0.010804078,5868998,eclipsing_binary
1575.412166277414,1.0073769,0.010788259,5868998,eclipsing_binary
1575.4135551824727,0.99679005,0.010789644,5868998,eclipsing_binary
1575.4149440879976,0.99317545,0.010768675,5868998,eclipsing_binary
1575.416332993522,1.003723,0.010787983,5868998,eclipsing_binary
1575.4177218985808,0.9960929,0.010767135,5868998,eclipsing_binary
1575.419110804106,0.9979115,0.010779984,5868998,eclipsing_binary
1575.420499709631,1.006942,0.010786822,5868998,eclipsing_binary
1575.4218886146898,1.0015634,0.01079305,5868998,eclipsing_binary
1575.4232775202142,1.0160218,0.010804495,5868998,eclipsing_binary
1575.4246664257391,0.9915157,0.01079656,5868998,eclipsing_binary
1575.4260553307986,0.99564815,0.010785337,5868998,eclipsing_binary
1575.4274442363228,1.0044149,0.010804765,5868998,eclipsing_binary
1575.4288331413816,0.9915774,0.010767381,5868998,eclipsing_binary
1575.430222046907,0.9904168,0.010775253,5868998,eclipsing_binary
1575.4316109524311,0.9854475,0.010783259,5868998,eclipsing_binary
1575.4329998574897,1.0010364,0.010775314,5868998,eclipsing_binary
1575.434388763015,1.0113648,0.010816345,5868998,eclipsing_binary
1575.4357776680743,0.9990122,0.010787808,5868998,eclipsing_binary
1575.4371665735994,1.0128007,0.010857871,5868998,eclipsing_binary
1575.4385554791245,0.9901459,0.010766953,5868998,eclipsing_binary
1575.4399443841837,1.0024168,0.010799158,5868998,eclipsing_binary
1575.441333289709,1.0047493,0.010791489,5868998,eclipsing_binary
1575.4427221947678,0.9933963,0.010777243,5868998,eclipsing_binary
1575.444111100292,0.98936737,0.010812603,5868998,eclipsing_binary
1575.4455000053515,1.0181371,0.010795703,5868998,eclipsing_binary
1575.4468889108764,1.0208703,0.010808493,5868998,eclipsing_binary
1575.4482778159352,0.9939953,0.010780541,5868998,eclipsing_binary
1575.4496667214596,0.997457,0.0107778255,5868998,eclipsing_binary
1575.4510556265188,1.0094333,0.010781461,5868998,eclipsing_binary
1575.4524445320433,1.0087972,0.010831031,5868998,eclipsing_binary
1575.453833437102,0.99808234,0.010794897,5868998,eclipsing_binary
1575.4552223426272,1.0112387,0.010812251,5868998,eclipsing_binary
1575.4566112476866,1.0092255,0.010800109,5868998,eclipsing_binary
1575.458000153211,1.0210626,0.010801749,5868998,eclipsing_binary
1575.4593890582698,1.0138092,0.010799614,5868998,eclipsing_binary
1575.4607779637947,1.0170454,0.010810925,5868998,eclipsing_binary
1575.4621668688542,1.0171404,0.010798014,5868998,eclipsing_binary
1575.4635557743784,1.0059282,0.01077899,5868998,eclipsing_binary
1575.4649446794372,0.997399,0.010768116,5868998,eclipsing_binary
1575.4663335849625,1.0051109,0.010781222,5868998,eclipsing_binary
1575.467722490021,0.9980494,0.010794551,5868998,eclipsing_binary
1575.4691113950796,0.9834589,0.010777997,5868998,eclipsing_binary
1575.470500300605,1.0119362,0.010804054,5868998,eclipsing_binary
1575.4718892056642,0.9993336,0.010791552,5868998,eclipsing_binary
1575.4732781111886,1.0094336,0.010812241,5868998,eclipsing_binary
1575.4746670162474,0.9873673,0.010795952,5868998,eclipsing_binary
1575.4760559217723,0.98656094,0.010774652,5868998,eclipsing_binary
1575.477444826832,0.98953503,0.010769151,5868998,eclipsing_binary
1575.4788337318905,1.0066464,0.01078224,5868998,eclipsing_binary
1575.4802226374147,1.008577,0.010800028,5868998,eclipsing_binary
1575.4816115424744,0.99063486,0.010774185,5868998,eclipsing_binary
1575.4830004475336,1.019191,0.010815235,5868998,eclipsing_binary
1575.484389353058,0.99877536,0.010782412,5868998,eclipsing_binary
1575.4857782581169,0.9865106,0.01076538,5868998,eclipsing_binary
1575.487167163176,1.0128713,0.010792965,5868998,eclipsing_binary
1575.4885560687005,1.0034032,0.0107772155,5868998,eclipsing_binary
1575.4899449737593,0.99827045,0.010804844,5868998,eclipsing_binary
1575.4913338788188,0.99022233,0.010790837,5868998,eclipsing_binary
1575.4927227843439,1.0055918,0.010797066,5868998,eclipsing_binary
1575.4941116894026,1.0103624,0.01078767,5868998,eclipsing_binary
1575.4955005944614,0.9788584,0.010783534,5868998,eclipsing_binary
1575.4968894999863,0.9798497,0.010762347,5868998,eclipsing_binary
1575.4982784050455,0.99779636,0.01082936,5868998,eclipsing_binary
1575.4996673101043,0.97312975,0.010753509,5868998,eclipsing_binary
1575.501056215163,1.0046401,0.010797144,5868998,eclipsing_binary
1575.5024451206884,0.99929124,0.010776746,5868998,eclipsing_binary
1575.5038340257477,1.006401,0.010792153,5868998,eclipsing_binary
1575.5052229308064,0.98779035,0.010766276,5868998,eclipsing_binary
1575.5066118358652,1.0028119,0.010793447,5868998,eclipsing_binary
1575.50800074139,0.9899226,0.010764867,5868998,eclipsing_binary
1575.5093896464489,1.0087992,0.010806391,5868998,eclipsing_binary
1575.5107785515077,1.0002004,0.010773953,5868998,eclipsing_binary
1575.5121674565669,0.9849056,0.010752473,5868998,eclipsing_binary
1575.5135563620922,1.0018383,0.010780958,5868998,eclipsing_binary
1575.5149452671508,1.0085264,0.010796721,5868998,eclipsing_binary
1575.5163341722093,0.9848587,0.010736239,5868998,eclipsing_binary
1575.517723077269,1.0019147,0.010781985,5868998,eclipsing_binary
1575.5191119823282,0.99249685,0.010770021,5868998,eclipsing_binary
1575.520500887387,1.0066844,0.010787209,5868998,eclipsing_binary
1575.5218897929115,1.0074873,0.010792055,5868998,eclipsing_binary
1575.5232786979707,1.0024699,0.010786178,5868998,eclipsing_binary
1575.5246676030295,1.0003635,0.010782105,5868998,eclipsing_binary
1575.5260565080882,0.99912924,0.010784242,5868998,eclipsing_binary
1575.5274454131477,1.0107286,0.010789442,5868998,eclipsing_binary
1575.5288343182071,1.0022266,0.01080421,5868998,eclipsing_binary
1575.5302232237316,1.0076396,0.010796202,5868998,eclipsing_binary
1575.5316121287904,1.0026321,0.010779863,5868998,eclipsing_binary
1575.5330010338496,1.0177723,0.010830548,5868998,eclipsing_binary
1575.5343899389088,0.99735296,0.010776017,5868998,eclipsing_binary
1575.5357788439676,1.0090227,0.010789296,5868998,eclipsing_binary
1575.5371677490264,1.0093976,0.010797277,5868998,eclipsing_binary
1575.538556654086,1.0229714,0.010806549,5868998,eclipsing_binary
1575.5399455591453,1.0020094,0.010792022,5868998,eclipsing_binary
1575.541334464204,0.98939604,0.010760542,5868998,eclipsing_binary
1575.5427233692633,1.005629,0.0107783545,5868998,eclipsing_binary
1575.5441122743234,0.9882969,0.010749207,5868998,eclipsing_binary
1575.5455011793822,1.008363,0.01078331,5868998,eclipsing_binary
1575.5468900849066,1.0020958,0.010784772,5868998,eclipsing_binary
1575.5482789899659,1.0144237,0.0108003225,5868998,eclipsing_binary
1575.5496678950256,0.99177825,0.0108216945,5868998,eclipsing_binary
1575.551056800084,0.99386024,0.01077283,5868998,eclipsing_binary
1575.5524457051426,0.9899954,0.010769893,5868998,eclipsing_binary
1575.5538346102023,1.0047232,0.010788455,5868998,eclipsing_binary
1575.5552235152616,1.001573,0.010789399,5868998,eclipsing_binary
1575.5566124203203,0.994774,0.010770448,5868998,eclipsing_binary
1575.558001325379,1.0066962,0.010805244,5868998,eclipsing_binary
1575.5593902304383,1.0023857,0.010810752,5868998,eclipsing_binary
1575.5607791354971,0.99328774,0.01076204,5868998,eclipsing_binary
1575.562168040556,1.0065262,0.010780312,5868998,eclipsing_binary
1575.5635569456153,0.99790764,0.010775951,5868998,eclipsing_binary
1575.5649458506748,0.9827176,0.010762582,5868998,eclipsing_binary
1575.5663347557336,1.0079505,0.010800255,5868998,eclipsing_binary
1575.5677236603267,0.99907845,0.010777699,5868998,eclipsing_binary
1575.569112565386,0.99573916,0.010779067,5868998,eclipsing_binary
1575.5705014704452,0.99412715,0.010774978,5868998,eclipsing_binary
1575.571890375504,0.9995185,0.0108031845,5868998,eclipsing_binary
1575.5732792805627,1.0017878,0.010789075,5868998,eclipsing_binary
1575.5746681856224,1.0044247,0.01078382,5868998,eclipsing_binary
1575.5760570906816,0.98383355,0.010749152,5868998,eclipsing_binary
1575.5774459957404,0.99841285,0.010764346,5868998,eclipsing_binary
1575.5788349007992,0.9892754,0.010770922,5868998,eclipsing_binary
1575.5802238058584,1.005002,0.010809687,5868998,eclipsing_binary
1575.5816127109172,0.9908149,0.0107504465,5868998,eclipsing_binary
1575.5830016155103,0.9997387,0.010777863,5868998,eclipsing_binary
1575.5843905205695,1.0080776,0.010789913,5868998,eclipsing_binary
1575.5857794256292,0.9956675,0.0107846605,5868998,eclipsing_binary
1575.5871683306877,1.0010244,0.010777346,5868998,eclipsing_binary
1575.5885572357463,0.9964141,0.010787512,5868998,eclipsing_binary
1575.589946140806,0.9967823,0.010771335,5868998,eclipsing_binary
1575.5913350458652,0.9876207,0.010770419,5868998,eclipsing_binary
1575.5927239504583,1.0136034,0.010801374,5868998,eclipsing_binary
1575.594112855517,1.0002483,0.010828478,5868998,eclipsing_binary
1575.5955017605763,0.97939605,0.010743199,5868998,eclipsing_binary
1575.596890665635,1.012443,0.010799361,5868998,eclipsing_binary
1575.5982795706939,1.003316,0.010779034,5868998,eclipsing_binary
1575.5996684752877,0.999905,0.010772929,5868998,eclipsing_binary
1575.6010573803471,0.9993117,0.010779017,5868998,eclipsing_binary
1575.602446285406,1.0125048,0.010795488,5868998,eclipsing_binary
1575.6038351904647,1.0152544,0.01080725,5868998,eclipsing_binary
1575.6052240950582,0.9931483,0.01076922,5868998,eclipsing_binary
1575.6066130001175,0.9908091,0.010780652,5868998,eclipsing_binary
1575.6080019051763,0.9944944,0.010756955,5868998,eclipsing_binary
1575.609390810235,0.9878336,0.010772527,5868998,eclipsing_binary
1575.6107797148288,1.0092006,0.010792136,5868998,eclipsing_binary
1575.6121686198883,0.99510425,0.010783654,5868998,eclipsing_binary
1575.613557524947,0.99357414,0.010768021,5868998,eclipsing_binary
1575.6149464300058,0.98808527,0.010763702,5868998,eclipsing_binary
1575.6163353345994,0.9988484,0.010799529,5868998,eclipsing_binary
1575.6177242396582,1.0098809,0.0108017055,5868998,eclipsing_binary
1575.619113144717,1.0112369,0.010793349,5868998,eclipsing_binary
1575.6205020493105,0.9892238,0.010812031,5868998,eclipsing_binary
1575.6218909543702,0.9903418,0.01077277,5868998,eclipsing_binary
1575.6232798594287,0.99068,0.0107841985,5868998,eclipsing_binary
1575.6246687640216,1.0061214,0.010787117,5868998,eclipsing_binary
1575.6260576690813,0.99396247,0.010772067,5868998,eclipsing_binary
1575.6274465741405,1.0078766,0.010790721,5868998,eclipsing_binary
1575.6288354787337,1.0024703,0.010788915,5868998,eclipsing_binary
1575.6302243837924,0.9986406,0.010779408,5868998,eclipsing_binary
1575.6316132888517,0.98810995,0.010769683,5868998,eclipsing_binary
1575.6330021934448,0.9848846,0.0107996,5868998,eclipsing_binary
1575.6343910985036,0.9700641,0.010734111,5868998,eclipsing_binary
1575.6357800035628,0.97948724,0.010746734,5868998,eclipsing_binary
1575.6371689081568,0.9522838,0.010712449,5868998,eclipsing_binary
1575.6385578132156,0.9632285,0.010702275,5868998,eclipsing_binary
1575.6399467178087,0.9793847,0.010743929,5868998,eclipsing_binary
1575.641335622868,0.9672197,0.010744492,5868998,eclipsing_binary
1575.6427245279272,0.9793882,0.010758289,5868998,eclipsing_binary
1575.6441134325203,0.96036553,0.010770263,5868998,eclipsing_binary
1575.645502337579,0.95345205,0.010696321,5868998,eclipsing_binary
1575.6468912421728,0.94974107,0.010706393,5868998,eclipsing_binary
1575.6482801472323,0.9451465,0.010696156,5868998,eclipsing_binary
1575.6496690518254,0.94689775,0.01069782,5868998,eclipsing_binary
1575.6510579568842,0.928714,0.010675567,5868998,eclipsing_binary
1575.6524468614778,0.950988,0.010687681,5868998,eclipsing_binary
1575.653835766537,0.9427261,0.01072667,5868998,eclipsing_binary
1575.655224671131,0.9338247,0.0106839165,5868998,eclipsing_binary
1575.6566135761902,0.9513441,0.010702276,5868998,eclipsing_binary
1575.65800248125,0.9416968,0.010681781,5868998,eclipsing_binary
1575.6593913858428,0.95400035,0.010696128,5868998,eclipsing_binary
1575.6607802909014,0.9490815,0.010705351,5868998,eclipsing_binary
1575.6621691954954,0.970755,0.010733378,5868998,eclipsing_binary
1575.663558100089,0.9361519,0.010688474,5868998,eclipsing_binary
1575.6649470051477,0.99024636,0.010758848,5868998,eclipsing_binary
1575.6663359097408,0.9730267,0.010784996,5868998,eclipsing_binary
1575.6677248148,0.9854302,0.010749909,5868998,eclipsing_binary
1575.669113719394,0.9623633,0.010749382,5868998,eclipsing_binary
1575.6705026244526,0.95988226,0.010725401,5868998,eclipsing_binary
1575.6718915290455,0.9905913,0.010762926,5868998,eclipsing_binary
1575.6732804341052,0.9960394,0.010778848,5868998,eclipsing_binary
1575.6746693386983,0.9959613,0.010780962,5868998,eclipsing_binary
1575.6760582432914,1.0067573,0.010786801,5868998,eclipsing_binary
1575.6774471483507,0.98930216,0.010784151,5868998,eclipsing_binary
1575.6788360529442,1.0139395,0.010795142,5868998,eclipsing_binary
1575.680224958003,0.99943614,0.0107689,5868998,eclipsing_binary
1575.6816138625961,1.0036749,0.010781968,5868998,eclipsing_binary
1575.68300276719,0.9917556,0.010760734,5868998,eclipsing_binary
1575.6843916722494,0.99430174,0.010828386,5868998,eclipsing_binary
1575.6857805768425,1.0024158,0.010789491,5868998,eclipsing_binary
1575.6871694819013,1.0077188,0.010790261,5868998,eclipsing_binary
1575.6885583864948,0.99232686,0.010780301,5868998,eclipsing_binary
1575.689947291088,1.0043634,0.010794101,5868998,eclipsing_binary
1575.6913361961467,0.994545,0.010776314,5868998,eclipsing_binary
1575.6927251007403,0.9969394,0.01078255,5868998,eclipsing_binary
1575.6941140053343,0.997003,0.010783784,5868998,eclipsing_binary
1575.6955029103929,0.99292475,0.010764157,5868998,eclipsing_binary
1575.6968918149857,1.0006819,0.010771039,5868998,eclipsing_binary
1575.6982807195798,1.0150018,0.010799857,5868998,eclipsing_binary
1575.699669624639,0.9851526,0.01076542,5868998,eclipsing_binary
1575.7010585292321,1.0036176,0.010799057,5868998,eclipsing_binary
1575.7024474338252,0.99122393,0.010780375,5868998,eclipsing_binary
1575.7038363384188,0.998751,0.010791053,5868998,eclipsing_binary
1575.7052252434785,1.0018171,0.010779061,5868998,eclipsing_binary
1575.7066141480714,1.0052949,0.010785441,5868998,eclipsing_binary
1575.7080030526643,1.0017465,0.010767893,5868998,eclipsing_binary
1575.709391957724,1.0015681,0.010787728,5868998,eclipsing_binary
1575.710780862317,0.9955605,0.010783621,5868998,eclipsing_binary
1575.71216976691,1.0204562,0.010816907,5868998,eclipsing_binary
1575.7135586715037,0.9870239,0.010766804,5868998,eclipsing_binary
1575.7149475760973,1.0073304,0.010794795,5868998,eclipsing_binary
1575.716336481156,1.0010777,0.010782436,5868998,eclipsing_binary
1575.7177253857492,1.0033062,0.010798754,5868998,eclipsing_binary
1575.719114290343,1.0113009,0.010790444,5868998,eclipsing_binary
1575.7205031949368,1.0164819,0.010830712,5868998,eclipsing_binary
1575.7218920999956,0.9981293,0.010790585,5868998,eclipsing_binary
1575.7232810045887,1.0136095,0.010803125,5868998,eclipsing_binary
1575.7246699091822,0.99460834,0.010789279,5868998,eclipsing_binary
1575.7260588137754,1.0012285,0.010793129,5868998,eclipsing_binary
1575.7274477183685,0.9913166,0.010775599,5868998,eclipsing_binary
1575.728836622962,1.0162091,0.0108245555,5868998,eclipsing_binary
1575.7302255280215,0.99894494,0.010789541,5868998,eclipsing_binary
1575.7316144326144,0.9942152,0.010777685,5868998,eclipsing_binary
1575.7330033372075,0.9747459,0.010744908,5868998,eclipsing_binary
1575.7343922418015,0.9895992,0.010760524,5868998,eclipsing_binary
1575.735781146395,0.98739815,0.010781174,5868998,eclipsing_binary
1575.7468923836075,1.0061493,0.010806442,5868998,eclipsing_binary
1575.7482812882004,0.9914411,0.010792841,5868998,eclipsing_binary
1575.7496701927942,1.0210075,0.010805091,5868998,eclipsing_binary
1575.7510590973877,0.9963431,0.010798081,5868998,eclipsing_binary
1575.7524480019808,0.995746,0.010767242,5868998,eclipsing_binary
1575.753836906574,1.0024353,0.010794926,5868998,eclipsing_binary
1575.7552258111675,1.0026915,0.010783255,5868998,eclipsing_binary
1575.7566147157615,1.0184758,0.010820651,5868998,eclipsing_binary
1575.7580036203547,1.0089226,0.010796649,5868998,eclipsing_binary
1575.7593925249478,1.0181454,0.01080627,5868998,eclipsing_binary
1575.7607814295413,0.98659563,0.010753204,5868998,eclipsing_binary
1575.762170334135,0.99047905,0.010773154,5868998,eclipsing_binary
1575.763559238728,1.0052723,0.010790166,5868998,eclipsing_binary
1575.7649481433211,1.010465,0.010794892,5868998,eclipsing_binary
1575.766337047915,1.0164285,0.010815266,5868998,eclipsing_binary
1575.7677259525078,1.0070914,0.01078878,5868998,eclipsing_binary
1575.769114857101,1.0073849,0.010802441,5868998,eclipsing_binary
1575.7705037616954,0.9924634,0.010761144,5868998,eclipsing_binary
1575.77189266629,0.99211156,0.010755544,5868998,eclipsing_binary
1575.773281570883,1.0096203,0.0107970685,5868998,eclipsing_binary
1575.7746704754761,1.012785,0.010794966,5868998,eclipsing_binary
1575.7760593800697,0.977803,0.010754008,5868998,eclipsing_binary
1575.7774482846637,1.005843,0.010783758,5868998,eclipsing_binary
1575.7788371892566,1.0059329,0.010776024,5868998,eclipsing_binary
1575.7802260938495,0.98902977,0.010757601,5868998,eclipsing_binary
1575.7816149979778,1.0051622,0.010790162,5868998,eclipsing_binary
1575.783003902571,0.98868763,0.010762194,5868998,eclipsing_binary
1575.7843928071638,0.98657525,0.010746133,5868998,eclipsing_binary
1575.7857817117576,0.9851155,0.010751871,5868998,eclipsing_binary
1575.7871706163512,0.9897229,0.010762376,5868998,eclipsing_binary
1575.7885595209443,1.0143147,0.010801677,5868998,eclipsing_binary
1575.7899484255374,1.0161858,0.010801369,5868998,eclipsing_binary
1575.791337330131,1.0205495,0.010805327,5868998,eclipsing_binary
1575.7927262342594,1.0125808,0.010799747,5868998,eclipsing_binary
1575.7941151388525,1.0204349,0.010809742,5868998,eclipsing_binary
1575.7955040434456,1.016927,0.010803521,5868998,eclipsing_binary
1575.7968929480392,1.0012227,0.010780433,5868998,eclipsing_binary
1575.7982818526327,0.99754035,0.010779055,5868998,eclipsing_binary
1575.7996707572258,0.99606854,0.010767955,5868998,eclipsing_binary
1575.8010596613533,1.0138376,0.010819329,5868998,eclipsing_binary
1575.802448565947,0.9929365,0.010768196,5868998,eclipsing_binary
1575.80383747054,1.0061748,0.010788233,5868998,eclipsing_binary
1575.805226375133,1.0054165,0.010787188,5868998,eclipsing_binary
1575.806615279727,0.9946869,0.010782668,5868998,eclipsing_binary
1575.808004183855,1.0050794,0.010789773,5868998,eclipsing_binary
1575.8093930884481,1.0017607,0.010808684,5868998,eclipsing_binary
1575.8107819930412,0.9879795,0.010748687,5868998,eclipsing_binary
1575.8121708976348,0.98713064,0.010753975,5868998,eclipsing_binary
1575.8135598017632,1.0112041,0.010801476,5868998,eclipsing_binary
1575.814948706356,1.0147182,0.0107976,5868998,eclipsing_binary
1575.816337610949,1.0029603,0.010787366,5868998,eclipsing_binary
1575.8177265150773,1.0120724,0.0108001875,5868998,eclipsing_binary
1575.8191154196704,1.0006568,0.010774631,5868998,eclipsing_binary
1575.8205043242633,0.9921491,0.010769561,5868998,eclipsing_binary
1575.821893228857,0.9824152,0.010757698,5868998,eclipsing_binary
1575.823282132985,1.0060875,0.010772535,5868998,eclipsing_binary
1575.8246710375781,0.9990146,0.010775872,5868998,eclipsing_binary
1575.8260599421712,1.0051044,0.010782346,5868998,eclipsing_binary
1575.8274488462991,0.98738396,0.010788608,5868998,eclipsing_binary
1575.8288377508932,0.99483746,0.010779346,5868998,eclipsing_binary
1575.8302266554863,0.98339695,0.010785001,5868998,eclipsing_binary
1575.8316155596135,0.97697747,0.010753273,5868998,eclipsing_binary
1575.8330044642073,1.0043788,0.010792111,5868998,eclipsing_binary
1575.8343933688009,1.0094303,0.010780835,5868998,eclipsing_binary
1575.8357822729283,1.0003475,0.010779073,5868998,eclipsing_binary
1575.8371711775214,1.0009897,0.010785267,5868998,eclipsing_binary
1575.8385600821152,1.006584,0.010827745,5868998,eclipsing_binary
1575.8399489862425,0.9827784,0.010771715,5868998,eclipsing_binary
1575.8413378908356,0.9998557,0.010798703,5868998,eclipsing_binary
1575.842726794964,0.98790497,0.01077288,5868998,eclipsing_binary
1575.8441156995575,0.99157304,0.010780767,5868998,eclipsing_binary
1575.8455046041506,1.0030595,0.010780176,5868998,eclipsing_binary
1575.846893508278,0.98596716,0.01075465,5868998,eclipsing_binary
1575.8482824128716,0.9857353,0.010767173,5868998,eclipsing_binary
1575.8496713169998,1.0155337,0.0108130425,5868998,eclipsing_binary
1575.8510602215927,1.0031836,0.01078674,5868998,eclipsing_binary
1575.85244912572,0.9925887,0.010768416,5868998,eclipsing_binary
1575.8538380303141,0.99294704,0.010782582,5868998,eclipsing_binary
1575.8552269344416,0.9912456,0.010777403,5868998,eclipsing_binary
1575.8566158390345,1.0055404,0.010809407,5868998,eclipsing_binary
1575.8580047431626,0.99351805,0.010775815,5868998,eclipsing_binary
1575.8593936477562,1.0251273,0.010827583,5868998,eclipsing_binary
1575.8607825523493,0.985402,0.010760107,5868998,eclipsing_binary
1575.8621714564767,0.9880821,0.010765219,5868998,eclipsing_binary
1575.8635603610703,0.9927327,0.010759065,5868998,eclipsing_binary
1575.8649492651987,1.015306,0.010790982,5868998,eclipsing_binary
1575.8663381693261,1.0051584,0.010790001,5868998,eclipsing_binary
1575.867727073919,0.9901133,0.01077661,5868998,eclipsing_binary
1575.8691159780471,1.0011151,0.010768618,5868998,eclipsing_binary
1575.8705048826407,0.99386495,0.010772168,5868998,eclipsing_binary
1575.8718937867682,0.98473173,0.010764808,5868998,eclipsing_binary
1575.8732826913613,1.0008126,0.010800431,5868998,eclipsing_binary
1575.8746715954894,1.0177085,0.010806876,5868998,eclipsing_binary
1575.8760605000823,1.0032575,0.010789089,5868998,eclipsing_binary
1575.8774494042098,1.0018113,0.010779581,5868998,eclipsing_binary
1575.8788383088038,0.9967146,0.0107728625,5868998,eclipsing_binary
1575.8802272129317,0.99890864,0.010780489,5868998,eclipsing_binary
1575.8816161170591,1.0053965,0.010780286,5868998,eclipsing_binary
1575.8830050216523,0.9998314,0.010773877,5868998,eclipsing_binary
1575.8843939257802,0.993777,0.010759245,5868998,eclipsing_binary
1575.885782830374,0.9981904,0.0107850395,5868998,eclipsing_binary
1575.8871717345012,0.9969254,0.0107731605,5868998,eclipsing_binary
1575.8885606386286,1.0070192,0.010820042,5868998,eclipsing_binary
1575.8899495432227,1.0037711,0.010781273,5868998,eclipsing_binary
1575.8913384473499,1.0052849,0.010781257,5868998,eclipsing_binary
1575.892727351477,1.0148566,0.010795161,5868998,eclipsing_binary
1575.8941162560716,0.98293597,0.010756261,5868998,eclipsing_binary
1575.8955051602004,1.0139002,0.010795372,5868998,eclipsing_binary
1575.898282968921,0.9990112,0.010776107,5868998,eclipsing_binary
1575.8996718730489,0.9970241,0.010764066,5868998,eclipsing_binary
1575.9010607771772,0.9835438,0.010760203,5868998,eclipsing_binary
1575.9024496817703,0.99045897,0.010769321,5868998,eclipsing_binary
1575.9038385858976,0.9970553,0.010788253,5868998,eclipsing_binary
1575.9052274900257,1.0096395,0.0107975425,5868998,eclipsing_binary
1575.9066163946193,0.9961889,0.010764721,5868998,eclipsing_binary
1575.9080052987467,1.0012773,0.010784487,5868998,eclipsing_binary
1575.9093942028742,0.9975157,0.010782064,5868998,eclipsing_binary
1575.9107831070023,1.0231689,0.010807805,5868998,eclipsing_binary
1575.9121720115952,0.99531037,0.01077836,5868998,eclipsing_binary
1575.9135609157227,0.99374366,0.010773547,5868998,eclipsing_binary
1575.914949819851,1.001597,0.010773233,5868998,eclipsing_binary
1575.916338723979,1.0054352,0.010828035,5868998,eclipsing_binary
1575.917727628572,1.0004467,0.010777834,5868998,eclipsing_binary
1575.9191165326995,1.0120907,0.010795473,5868998,eclipsing_binary
1575.9205054368274,1.0114917,0.010788701,5868998,eclipsing_binary
1575.9218943409555,0.9959736,0.010830287,5868998,eclipsing_binary
1575.9232832450828,0.9852972,0.0107791945,5868998,eclipsing_binary
1575.9246721496759,0.9992888,0.010785662,5868998,eclipsing_binary
1575.9260610538042,0.99390507,0.010796362,5868998,eclipsing_binary
1575.9274499579321,1.0058491,0.010787946,5868998,eclipsing_binary
1575.9288388620596,0.9870646,0.010749133,5868998,eclipsing_binary
1575.930227766187,0.9784421,0.010745743,5868998,eclipsing_binary
1575.931616670315,1.0009238,0.010784416,5868998,eclipsing_binary
1575.933005574908,1.0027086,0.01079134,5868998,eclipsing_binary
1575.9343944790355,1.0137765,0.010797818,5868998,eclipsing_binary
1575.9357833831634,0.99793327,0.0107731605,5868998,eclipsing_binary
1575.9371722872918,0.9986333,0.010777258,5868998,eclipsing_binary
1575.9385611914192,0.9961742,0.010768256,5868998,eclipsing_binary
1575.9399500955465,0.9931961,0.010776555,5868998,eclipsing_binary
1575.9413389996746,0.98577356,0.010755605,5868998,eclipsing_binary
1575.9427279038025,0.99819887,0.010779381,5868998,eclipsing_binary
1575.9441168083956,0.9960516,0.010772713,5868998,eclipsing_binary
1575.945505712523,1.0171204,0.010808933,5868998,eclipsing_binary
1575.946894616651,1.0072265,0.01079581,5868998,eclipsing_binary
1575.9482835207784,1.0024725,0.010783325,5868998,eclipsing_binary
1575.9496724249059,1.0246657,0.010813672,5868998,eclipsing_binary
1575.9510613290342,1.0009098,0.010774231,5868998,eclipsing_binary
1575.9524502331622,1.0080857,0.010797429,5868998,eclipsing_binary
1575.9538391372896,1.006254,0.01079287,5868998,eclipsing_binary
1575.955228041417,0.99141115,0.010776643,5868998,eclipsing_binary
1575.956616945545,0.98041916,0.010754038,5868998,eclipsing_binary
1575.958005849673,0.9820415,0.0107559245,5868998,eclipsing_binary
1575.9593947538003,0.99960625,0.010787109,5868998,eclipsing_binary
1575.9607836579278,0.97576714,0.010750608,5868998,eclipsing_binary
1575.9621725620561,1.0030752,0.010790231,5868998,eclipsing_binary
1575.963561466184,0.9938388,0.010756162,5868998,eclipsing_binary
1575.9649503703115,1.0010751,0.010781974,5868998,eclipsing_binary
1575.966339274439,1.0039693,0.010795707,5868998,eclipsing_binary
1575.9677281785669,0.9803289,0.010747306,5868998,eclipsing_binary
1575.9691170826943,1.0014365,0.0107735675,5868998,eclipsing_binary
1575.9705059868218,1.0088204,0.010792161,5868998,eclipsing_binary
1575.9718948909497,1.0065165,0.010821475,5868998,eclipsing_binary
1575.973283795078,0.9966814,0.010770362,5868998,eclipsing_binary
1575.9746726992055,0.98207176,0.010758342,5868998,eclipsing_binary
1575.9760616033327,1.0008801,0.010775233,5868998,eclipsing_binary
1575.9774505074608,1.000638,0.010777198,5868998,eclipsing_binary
1575.9788394115888,1.0082037,0.010801136,5868998,eclipsing_binary
1575.9802283157162,0.99119633,0.010772471,5868998,eclipsing_binary
1575.9816172198437,1.0101959,0.010842813,5868998,eclipsing_binary
1575.983006123506,1.0171465,0.010830557,5868998,eclipsing_binary
1575.9843950276334,0.9974838,0.010785085,5868998,eclipsing_binary
1575.9857839317608,0.9920299,0.010768026,5868998,eclipsing_binary
1575.987172835889,1.0047448,0.010783329,5868998,eclipsing_binary
1575.988561740017,0.9992666,0.01075976,5868998,eclipsing_binary
1575.9899506441445,1.002272,0.010778154,5868998,eclipsing_binary
1575.991339548272,0.9894794,0.010791575,5868998,eclipsing_binary
1575.9927284524,0.9967473,0.010783459,5868998,eclipsing_binary
1575.9941173560624,0.99184316,0.010774968,5868998,eclipsing_binary
1575.9955062601896,0.99247044,0.010754298,5868998,eclipsing_binary
1575.996895164317,0.9839329,0.010759745,5868998,eclipsing_binary
1575.9982840684454,1.0063647,0.01078213,5868998,eclipsing_binary
1575.9996729725733,0.9994074,0.010791527,5868998,eclipsing_binary
1576.0010618767008,1.0100238,0.0107929045,5868998,eclipsing_binary
1576.0024507803626,1.0044162,0.010794775,5868998,eclipsing_binary
1576.0038396844905,0.9973302,0.010769718,5868998,eclipsing_binary
1576.005228588618,0.99044615,0.010764749,5868998,eclipsing_binary
1576.0066174927454,0.97508883,0.0107420385,5868998,eclipsing_binary
1576.0080063968733,1.0101901,0.010797304,5868998,eclipsing_binary
1576.009395300536,0.99549854,0.010771462,5868998,eclipsing_binary
1576.0107842046632,1.0115724,0.010782824,5868998,eclipsing_binary
1576.0121731087904,1.0061347,0.01078351,5868998,eclipsing_binary
1576.0135620129188,1.0116758,0.010785736,5868998,eclipsing_binary
1576.014950916581,1.0024335,0.010794307,5868998,eclipsing_binary
1576.0163398207085,1.0046263,0.010787955,5868998,eclipsing_binary
1576.017728724836,0.9813623,0.010750375,5868998,eclipsing_binary
1576.0191176284982,0.99217576,0.010790267,5868998,eclipsing_binary
1576.0205065326256,1.0008125,0.010768299,5868998,eclipsing_binary
1576.021895436753,0.99296933,0.010771629,5868998,eclipsing_binary
1576.0232843408812,0.9979397,0.010786522,5868998,eclipsing_binary
1576.0246732445437,1.0008192,0.010785016,5868998,eclipsing_binary
1576.0260621486716,0.9951851,0.010773417,5868998,eclipsing_binary
1576.0274510528,1.0151436,0.010797736,5868998,eclipsing_binary
1576.0288399564622,1.001238,0.010792198,5868998,eclipsing_binary
1576.0302288605903,0.99730676,0.01079522,5868998,eclipsing_binary
1576.0316177647176,1.0096042,0.010813411,5868998,eclipsing_binary
1576.0330066683794,0.99866605,0.010763898,5868998,eclipsing_binary
1576.0343955725077,1.0065249,0.010780508,5868998,eclipsing_binary
1576.0357844766356,0.99870884,0.010769683,5868998,eclipsing_binary
1576.0371733802974,0.9897286,0.010766757,5868998,eclipsing_binary
1576.0385622844249,1.004228,0.010768583,5868998,eclipsing_binary
1576.0399511880871,1.007715,0.010788972,5868998,eclipsing_binary
1576.0413400922146,0.99576217,0.010810794,5868998,eclipsing_binary
1576.042728996342,1.0053865,0.0107964035,5868998,eclipsing_binary
1576.0441179000043,1.0368915,0.010842557,5868998,eclipsing_binary
1576.0455068041326,1.0149736,0.010797495,5868998,eclipsing_binary
1576.0468957077942,1.0078256,0.010814451,5868998,eclipsing_binary
1576.0482846119214,1.0131291,0.010786807,5868998,eclipsing_binary
1576.0496735160498,1.0046715,0.010787563,5868998,eclipsing_binary
1576.051062419712,0.9847652,0.010766492,5868998,eclipsing_binary
1576.0524513238395,1.0046914,0.010780949,5868998,eclipsing_binary
1576.0538402275013,1.0063831,0.010790846,5868998,eclipsing_binary
1576.0552291316292,0.9917659,0.010784147,5868998,eclipsing_binary
1576.0566180352919,1.0010027,0.01078779,5868998,eclipsing_binary
1576.0580069394193,0.99109274,0.010809004,5868998,eclipsing_binary
1576.059395843081,0.9950747,0.010776879,5868998,eclipsing_binary
1576.060784747209,0.98847586,0.010761024,5868998,eclipsing_binary
1576.0621736508708,1.0183228,0.01080075,5868998,eclipsing_binary
1576.0635625549983,1.000378,0.01079917,5868998,eclipsing_binary
1576.0649514586605,0.98573273,0.010754565,5868998,eclipsing_binary
1576.0663403627884,0.9901711,0.01075746,5868998,eclipsing_binary
1576.0677292664502,1.0069336,0.010796697,5868998,eclipsing_binary
1576.0691181705777,0.98153865,0.010765959,5868998,eclipsing_binary
1576.0705070742404,0.99555314,0.010775137,5868998,eclipsing_binary
1576.0718959783683,1.0162729,0.010801815,5868998,eclipsing_binary
1576.07328488203,1.0059671,0.010777928,5868998,eclipsing_binary
1576.0746737861575,1.0092934,0.010832849,5868998,eclipsing_binary
1576.0760626898198,0.9823992,0.010755388,5868998,eclipsing_binary
1576.0774515939472,0.9907776,0.010758844,5868998,eclipsing_binary
1576.078840497609,0.99753684,0.010771764,5868998,eclipsing_binary
1576.0802294012713,0.99727386,0.010782312,5868998,eclipsing_binary
1576.0816183053996,0.99527144,0.010783206,5868998,eclipsing_binary
1576.0830072090612,1.0025892,0.0107809445,5868998,eclipsing_binary
1576.0843961131884,1.0018324,0.010774186,5868998,eclipsing_binary
1576.085785016851,0.9960474,0.010771349,5868998,eclipsing_binary
1576.0871739205134,1.0034293,0.010778499,5868998,eclipsing_binary
1576.0885628246408,0.9991919,0.0107881725,5868998,eclipsing_binary
1576.0899517283026,0.9963738,0.010779827,5868998,eclipsing_binary
1576.0913406319648,1.0008063,0.010788772,5868998,eclipsing_binary
1576.0927295360932,0.9885959,0.010782896,5868998,eclipsing_binary
1576.094118439755,0.9940228,0.010778551,5868998,eclipsing_binary
1576.0955073438822,1.006322,0.010790948,5868998,eclipsing_binary
1576.0968962475447,1.0169806,0.010808852,5868998,eclipsing_binary
1576.0982851512065,1.0204858,0.010823744,5868998,eclipsing_binary
1576.0996740548683,1.0145394,0.010812497,5868998,eclipsing_binary
1576.1010629589962,0.9987082,0.010790279,5868998,eclipsing_binary
1576.1024518626584,1.0202377,0.010799412,5868998,eclipsing_binary
1576.1038407663202,0.99678993,0.010775122,5868998,eclipsing_binary
1576.1052296704477,1.0093664,0.010809592,5868998,eclipsing_binary
1576.1066185741101,1.0128347,0.0107894745,5868998,eclipsing_binary
1576.1080074777726,1.0007561,0.010785664,5868998,eclipsing_binary
1576.1093963819,1.010951,0.010786796,5868998,eclipsing_binary
1576.1107852855619,1.000168,0.0107886195,5868998,eclipsing_binary
1576.112174189224,0.99509156,0.0107762525,5868998,eclipsing_binary
1576.113563092886,1.0032868,0.010803282,5868998,eclipsing_binary
1576.1149519970133,0.9933842,0.010778757,5868998,eclipsing_binary
1576.1163409006756,0.9918855,0.010825379,5868998,eclipsing_binary
1576.1177298043383,1.0003097,0.010783287,5868998,eclipsing_binary
1576.1191187079999,0.9918438,0.010781879,5868998,eclipsing_binary
1576.1205076116614,0.9894891,0.010767258,5868998,eclipsing_binary
1576.1218965157898,0.9897913,0.010776319,5868998,eclipsing_binary
1576.123285419452,1.0138069,0.010823105,5868998,eclipsing_binary
1576.1246743231138,1.0156865,0.010809127,5868998,eclipsing_binary
1576.1260632267756,0.99043095,0.0108142095,5868998,eclipsing_binary
1576.1274521304379,1.0056713,0.010801619,5868998,eclipsing_binary
1576.1288410345662,1.009673,0.010843744,5868998,eclipsing_binary
1576.1302299382278,0.99037075,0.010764072,5868998,eclipsing_binary
1576.1316188418893,0.991952,0.010816466,5868998,eclipsing_binary
1576.133007745552,0.9967949,0.01084007,5868998,eclipsing_binary
1576.1343966492138,0.9914854,0.010800984,5868998,eclipsing_binary
1576.1357855528756,1.0033015,0.010784584,5868998,eclipsing_binary
1576.1371744565379,1.0065445,0.010788555,5868998,eclipsing_binary
1576.1385633606658,0.99983776,0.010781059,5868998,eclipsing_binary
1576.1399522643276,1.0057716,0.010789306,5868998,eclipsing_binary
1576.1413411679894,1.0080565,0.010787965,5868998,eclipsing_binary
1576.1427300716518,0.9904261,0.010755203,5868998,eclipsing_binary
1576.1441189753143,1.015774,0.010806471,5868998,eclipsing_binary
1576.145507878976,1.0042351,0.010797822,5868998,eclipsing_binary
1576.146896782638,1.0024924,0.010787245,5868998,eclipsing_binary
1576.1482856863001,1.0246612,0.0108175045,5868998,eclipsing_binary
1576.149674589962,1.0096527,0.010789511,5868998,eclipsing_binary
1576.1510634936237,0.99359995,0.010781851,5868998,eclipsing_binary
1576.152452397286,1.0070233,0.010791081,5868998,eclipsing_binary
1576.1538413009487,0.99323297,0.010765787,5868998,eclipsing_binary
1576.1552302046102,1.0004957,0.010776045,5868998,eclipsing_binary
1576.1566191087375,1.0010458,0.010788078,5868998,eclipsing_binary
1576.1580080124002,1.0183084,0.010818926,5868998,eclipsing_binary
1576.1593969160624,1.011793,0.010798019,5868998,eclipsing_binary
1576.1607858197242,1.0034984,0.010788679,5868998,eclipsing_binary
1576.162174723386,0.99906975,0.010780898,5868998,eclipsing_binary
1576.1635636270482,1.013975,0.010792631,5868998,eclipsing_binary
1576.164952530711,1.0065128,0.010823795,5868998,eclipsing_binary
1576.1663414343725,1.0076348,0.010790148,5868998,eclipsing_binary
1576.167730338034,0.98676634,0.010812842,5868998,eclipsing_binary
1576.169119241231,0.9983182,0.010782579,5868998,eclipsing_binary
1576.1705081448933,1.0102233,0.010792849,5868998,eclipsing_binary
1576.171897048556,1.0077584,0.010802717,5868998,eclipsing_binary
1576.1732859522183,1.0026485,0.010782843,5868998,eclipsing_binary
1576.1746748558805,1.0015228,0.010783483,5868998,eclipsing_binary
1576.1760637595423,1.0066884,0.010776456,5868998,eclipsing_binary
1576.1774526632041,0.9882441,0.010770499,5868998,eclipsing_binary
1576.1788415668666,1.009593,0.010791119,5868998,eclipsing_binary
1576.180230470529,0.9985958,0.010794401,5868998,eclipsing_binary
1576.1816193741909,1.0022284,0.010778211,5868998,eclipsing_binary
1576.1830082778527,0.99266344,0.0107913045,5868998,eclipsing_binary
1576.184397181515,1.0028161,0.010789941,5868998,eclipsing_binary
1576.1857860851774,1.0070844,0.0108039435,5868998,eclipsing_binary
1576.1871749883733,0.99424887,0.010800676,5868998,eclipsing_binary
1576.188563892035,1.0066608,0.010786259,5868998,eclipsing_binary
1576.1899527956978,1.0084652,0.010791506,5868998,eclipsing_binary
1576.1913416993593,0.9854324,0.010763988,5868998,eclipsing_binary
1576.192730603021,0.9993226,0.010769243,5868998,eclipsing_binary
1576.1941195066836,1.0017208,0.010801854,5868998,eclipsing_binary
1576.1955084103458,1.0001761,0.010793805,5868998,eclipsing_binary
1576.196897313542,0.9983108,0.010775738,5868998,eclipsing_binary
1576.1982862172038,0.98861474,0.010791986,5868998,eclipsing_binary
1576.199675120866,0.99431944,0.0107787,5868998,eclipsing_binary
1576.2010640245287,0.99861526,0.010775734,5868998,eclipsing_binary
1576.2024529281903,1.0093833,0.01085345,5868998,eclipsing_binary
1576.2038418313862,1.0153655,0.010796665,5868998,eclipsing_binary
1576.2052307350489,1.0047555,0.010796059,5868998,eclipsing_binary
1576.2066196387107,1.0012815,0.010790671,5868998,eclipsing_binary
1576.2080085423725,0.99203473,0.0107657,5868998,eclipsing_binary
1576.2093974460347,0.9982338,0.010776078,5868998,eclipsing_binary
1576.2107863492313,0.9813318,0.010762282,5868998,eclipsing_binary
1576.212175252893,1.0051486,0.01078169,5868998,eclipsing_binary
1576.2135641565549,1.0042117,0.010776178,5868998,eclipsing_binary
1576.2149530602173,0.9949263,0.010781448,5868998,eclipsing_binary
1576.2163419634142,0.98923635,0.010799353,5868998,eclipsing_binary
1576.217730867076,1.013862,0.01079067,5868998,eclipsing_binary
1576.2191197707377,0.9941099,0.010808232,5868998,eclipsing_binary
1576.2205086739343,0.99510413,0.010796353,5868998,eclipsing_binary
1576.2218975775966,0.99084365,0.010775973,5868998,eclipsing_binary
1576.2232864812584,1.0050082,0.010788954,5868998,eclipsing_binary
1576.2246753844545,1.0198414,0.010820236,5868998,eclipsing_binary
1576.2260642881172,1.0023372,0.010795791,5868998,eclipsing_binary
1576.2274531917787,1.0012193,0.010775798,5868998,eclipsing_binary
1576.2288420949747,0.99312514,0.010768322,5868998,eclipsing_binary
1576.2302309986374,1.0075608,0.0107952515,5868998,eclipsing_binary
1576.2316199022996,0.98949045,0.010763513,5868998,eclipsing_binary
1576.2330088054957,0.9956892,0.010781486,5868998,eclipsing_binary
1576.2343977091575,1.0014576,0.010781062,5868998,eclipsing_binary
1576.2357866128198,1.0079406,0.01080631,5868998,eclipsing_binary
1576.2371755160168,1.0007049,0.010783293,5868998,eclipsing_binary
1576.2385644196784,1.0003719,0.010776474,5868998,eclipsing_binary
1576.23995332334,0.9987192,0.010774008,5868998,eclipsing_binary
1576.241342226537,0.99803674,0.010785832,5868998,eclipsing_binary
1576.2427311301988,1.0109874,0.010802249,5868998,eclipsing_binary
1576.2441200333947,1.0095936,0.010795277,5868998,eclipsing_binary
1576.2455089370571,1.0173534,0.0108072525,5868998,eclipsing_binary
1576.2468978402537,0.99396354,0.010774629,5868998,eclipsing_binary
1576.2482867439155,1.0147407,0.010809525,5868998,eclipsing_binary
1576.2496756475773,0.98682594,0.010760229,5868998,eclipsing_binary
1576.2510645507741,0.98560697,0.010758764,5868998,eclipsing_binary
1576.2524534544366,1.0017732,0.010762565,5868998,eclipsing_binary
1576.2538423576327,0.9974437,0.010782622,5868998,eclipsing_binary
1576.2552312612945,1.009137,0.010792566,5868998,eclipsing_binary
1576.256620164491,1.0097344,0.010807385,5868998,eclipsing_binary
1576.2580090681533,1.0037622,0.010769321,5868998,eclipsing_binary
1576.2593979713495,1.0059114,0.010801996,5868998,eclipsing_binary
1576.2607868750113,1.0043597,0.010801155,5868998,eclipsing_binary
1576.262175778208,1.0144295,0.010790318,5868998,eclipsing_binary
1576.2635646818696,0.99866414,0.01078495,5868998,eclipsing_binary
1576.2649535850658,1.0112602,0.010777771,5868998,eclipsing_binary
1576.2663424887285,0.99645835,0.0107660815,5868998,eclipsing_binary
1576.267731391925,1.0004241,0.010784782,5868998,eclipsing_binary
1576.2691202955868,0.9834858,0.010748115,5868998,eclipsing_binary
1576.270509198783,0.9817883,0.010740954,5868998,eclipsing_binary
1576.2718981024452,0.98301923,0.010743062,5868998,eclipsing_binary
1576.2732870056423,0.97593766,0.010747113,5868998,eclipsing_binary
1576.2746759088382,0.9492638,0.010701356,5868998,eclipsing_binary
1576.2760648124997,0.9677354,0.010746965,5868998,eclipsing_binary
1576.2774537156968,0.97168314,0.010723009,5868998,eclipsing_binary
1576.2788426193586,0.96978927,0.010714321,5868998,eclipsing_binary
1576.2802315225545,0.9514339,0.010688843,5868998,eclipsing_binary
1576.281620426217,0.9567797,0.010694661,5868998,eclipsing_binary
1576.2830093294135,0.9435538,0.01068747,5868998,eclipsing_binary
1576.2843982326096,0.939805,0.010672201,5868998,eclipsing_binary
1576.2857871362714,0.9423094,0.010681114,5868998,eclipsing_binary
1576.287176039468,0.94848734,0.010703941,5868998,eclipsing_binary
1576.288564942665,0.9363778,0.010683521,5868998,eclipsing_binary
1576.2899538463269,0.9573168,0.010720906,5868998,eclipsing_binary
1576.291342749523,0.93336606,0.0106741795,5868998,eclipsing_binary
1576.2927316527196,0.94711435,0.01067507,5868998,eclipsing_binary
1576.2941205563818,0.9493207,0.010687803,5868998,eclipsing_binary
1576.295509459578,0.94958615,0.010679322,5868998,eclipsing_binary
1576.296898362774,0.9622095,0.010722437,5868998,eclipsing_binary
1576.2982872664365,0.97732604,0.01073409,5868998,eclipsing_binary
1576.2996761696324,0.9733937,0.010780902,5868998,eclipsing_binary
1576.3010650728286,0.9605411,0.01071381,5868998,eclipsing_binary
1576.3024539764913,0.9979024,0.010764556,5868998,eclipsing_binary
1576.3038428796879,0.9629639,0.010709373,5868998,eclipsing_binary
1576.305231782884,0.9839153,0.0107731465,5868998,eclipsing_binary
1576.3066206860801,1.0006545,0.010779958,5868998,eclipsing_binary
1576.3080095897424,0.9894845,0.010761598,5868998,eclipsing_binary
1576.3093984929394,0.9692207,0.010728004,5868998,eclipsing_binary
1576.3107873961353,1.0018795,0.010785565,5868998,eclipsing_binary
1576.3121762997969,1.0047033,0.010768867,5868998,eclipsing_binary
1576.313565202994,0.9879555,0.01080903,5868998,eclipsing_binary
1576.3149541061905,0.9900779,0.010814527,5868998,eclipsing_binary
1576.3163430093866,0.98763674,0.010767956,5868998,eclipsing_binary
1576.3177319125828,0.98049074,0.010760086,5868998,eclipsing_binary
1576.319120816245,0.9907728,0.010758103,5868998,eclipsing_binary
1576.3205097194411,1.0124,0.010808802,5868998,eclipsing_binary
1576.3218986226373,1.004578,0.010779726,5868998,eclipsing_binary
1576.3232875258338,1.0039192,0.010771238,5868998,eclipsing_binary
1576.324676429031,1.0060482,0.010789201,5868998,eclipsing_binary
1576.3260653326927,1.0081426,0.010786292,5868998,eclipsing_binary
1576.3274542358893,1.004552,0.010788046,5868998,eclipsing_binary
1576.3288431390868,1.0093662,0.010784785,5868998,eclipsing_binary
1576.3302320422833,0.9892834,0.01078814,5868998,eclipsing_binary
1576.3316209454795,0.99186647,0.010767656,5868998,eclipsing_binary
1576.3330098486756,1.0180923,0.010801936,5868998,eclipsing_binary
1576.3343987518724,1.0085123,0.010809938,5868998,eclipsing_binary
1576.335787655534,0.98987246,0.010756523,5868998,eclipsing_binary
1576.33717655873,1.0054765,0.010790624,5868998,eclipsing_binary
1576.3385654619271,0.98693305,0.01077542,5868998,eclipsing_binary
1576.3399543651237,0.9804276,0.010781223,5868998,eclipsing_binary
1576.3413432683199,0.989413,0.01076032,5868998,eclipsing_binary
1576.342732171516,0.98835945,0.010765319,5868998,eclipsing_binary
1576.3441210747126,1.0152845,0.010802012,5868998,eclipsing_binary
1576.3455099779096,0.99107724,0.010758933,5868998,eclipsing_binary
1576.3468988811055,1.0249666,0.010854871,5868998,eclipsing_binary
1576.3482877843014,1.0178478,0.010799576,5868998,eclipsing_binary
1576.3496766874985,0.99700207,0.010772402,5868998,eclipsing_binary
1576.351065590695,1.0271866,0.0108108865,5868998,eclipsing_binary
1576.3524544938912,1.0100936,0.010799977,5868998,eclipsing_binary
1576.3538433970873,1.0107896,0.010793648,5868998,eclipsing_binary
1576.355232300284,1.0075064,0.01078677,5868998,eclipsing_binary
1576.35662120348,1.0079665,0.01079363,5868998,eclipsing_binary
1576.3580101071418,1.0017328,0.010779916,5868998,eclipsing_binary
1576.3593990103384,0.98652947,0.010780426,5868998,eclipsing_binary
1576.3607879130698,0.98735845,0.010765678,5868998,eclipsing_binary
1576.362176816266,1.0181419,0.010797042,5868998,eclipsing_binary
1576.3635657194618,1.0118134,0.0107908435,5868998,eclipsing_binary
1576.3649546226586,0.9977325,0.010780823,5868998,eclipsing_binary
1576.3663435258552,0.9814593,0.010777363,5868998,eclipsing_binary
1576.3677324290513,1.000991,0.010784601,5868998,eclipsing_binary
1576.3691213322475,0.9968182,0.010769317,5868998,eclipsing_binary
1576.3705102354443,1.0226458,0.010811942,5868998,eclipsing_binary
1576.3718991386402,1.0156018,0.010790244,5868998,eclipsing_binary
1576.3732880418363,0.99830997,0.01077133,5868998,eclipsing_binary
1576.3746769450333,1.0028523,0.010772242,5868998,eclipsing_binary
1576.37606584823,1.0125518,0.010794161,5868998,eclipsing_binary
1576.377454751426,0.98114866,0.010754433,5868998,eclipsing_binary
1576.3788436546222,1.003765,0.010803701,5868998,eclipsing_binary
1576.3802325578188,0.9892944,0.010819872,5868998,eclipsing_binary
1576.3816214610156,1.0165306,0.010800476,5868998,eclipsing_binary
1576.3830103637458,1.0115558,0.01081741,5868998,eclipsing_binary
1576.384399266942,0.9963834,0.010779892,5868998,eclipsing_binary
1576.385788170139,1.0069513,0.010793878,5868998,eclipsing_binary
1576.3871770733356,0.98519105,0.010764608,5868998,eclipsing_binary
1576.3885659765317,0.99557906,0.010768087,5868998,eclipsing_binary
1576.3899548797278,0.9774322,0.010767372,5868998,eclipsing_binary
1576.3913437829244,1.0245806,0.010809274,5868998,eclipsing_binary
1576.392732685655,1.0205772,0.010807324,5868998,eclipsing_binary
1576.394121588851,0.99990815,0.010777055,5868998,eclipsing_binary
1576.3955104920476,1.0013993,0.010770723,5868998,eclipsing_binary
1576.3968993952446,0.99616283,0.010780272,5868998,eclipsing_binary
1576.3982882984408,0.9963774,0.01075859,5868998,eclipsing_binary
1576.399677201171,1.0037307,0.0107794255,5868998,eclipsing_binary
1576.4010661043678,1.0109426,0.010800778,5868998,eclipsing_binary
1576.4024550075644,1.0140508,0.0108536035,5868998,eclipsing_binary
1576.4038439107605,0.9897421,0.010762532,5868998,eclipsing_binary
1576.4052328139567,0.9878077,0.010762041,5868998,eclipsing_binary
1576.4066217166876,0.9880546,0.010799138,5868998,eclipsing_binary
1576.4080106198837,0.9926211,0.010758594,5868998,eclipsing_binary
1576.4093995230799,0.9880804,0.0107633425,5868998,eclipsing_binary
1576.410788426277,1.0037285,0.010768422,5868998,eclipsing_binary
1576.4121773290078,1.0002769,0.010778745,5868998,eclipsing_binary
1576.413566232204,1.0014479,0.010775126,5868998,eclipsing_binary
1576.4149551354,1.0143795,0.010791364,5868998,eclipsing_binary
1576.416344038131,0.99018043,0.010757236,5868998,eclipsing_binary
1576.4177329413278,1.0067277,0.010787016,5868998,eclipsing_binary
1576.4191218445237,1.009301,0.010791859,5868998,eclipsing_binary
1576.4205107472542,1.0141739,0.010814942,5868998,eclipsing_binary
1576.4218996504512,0.97956055,0.010748259,5868998,eclipsing_binary
1576.4232885536478,1.001154,0.0107762115,5868998,eclipsing_binary
1576.4246774563783,1.011392,0.010797917,5868998,eclipsing_binary
1576.4260663595744,0.9956948,0.010800569,5868998,eclipsing_binary
1576.427455262771,1.0077189,0.010790211,5868998,eclipsing_binary
1576.4288441655015,0.99889237,0.01078392,5868998,eclipsing_binary
1576.4302330686976,1.0018841,0.01077142,5868998,eclipsing_binary
1576.4316219718942,0.98807377,0.010762845,5868998,eclipsing_binary
1576.4330108746256,1.0046415,0.010790655,5868998,eclipsing_binary
1576.4343997778217,1.0051357,0.010794713,5868998,eclipsing_binary
1576.4357886810176,0.9869912,0.010766151,5868998,eclipsing_binary
1576.4371775837487,0.99498725,0.010785239,5868998,eclipsing_binary
1576.4385664869453,1.0112841,0.010802267,5868998,eclipsing_binary
1576.4399553896758,1.0059499,0.01078974,5868998,eclipsing_binary
1576.441344292872,1.0173028,0.010823838,5868998,eclipsing_binary
1576.4427331956028,0.9863447,0.0107951155,5868998,eclipsing_binary
1576.4441220987999,1.0117333,0.010781243,5868998,eclipsing_binary
1576.445511001996,0.9986021,0.010798621,5868998,eclipsing_binary
1576.4468999047263,0.9843222,0.010749276,5868998,eclipsing_binary
1576.448288807923,0.99164426,0.010764051,5868998,eclipsing_binary
1576.4496777106535,1.0051188,0.010789232,5868998,eclipsing_binary
1576.4510666138497,0.9982452,0.010780763,5868998,eclipsing_binary
1576.4524555165806,1.004984,0.010856333,5868998,eclipsing_binary
1576.4538444197774,0.9838042,0.010762439,5868998,eclipsing_binary
1576.4552333225076,0.9811404,0.010761265,5868998,eclipsing_binary
1576.4566222257038,0.98434305,0.010767897,5868998,eclipsing_binary
1576.4580111284351,0.99376315,0.010768394,5868998,eclipsing_binary
1576.4594000316317,0.9976776,0.010780191,5868998,eclipsing_binary
1576.4607889343622,1.0073332,0.010777408,5868998,eclipsing_binary
1576.4621778375583,0.9979259,0.010811622,5868998,eclipsing_binary
1576.4635667402893,1.0130026,0.010787409,5868998,eclipsing_binary
1576.4649556434854,0.9997839,0.0107879825,5868998,eclipsing_binary
1576.4663445462159,1.0024322,0.010795388,5868998,eclipsing_binary
1576.4677334494124,0.99863046,0.010769284,5868998,eclipsing_binary
1576.4691223521438,0.99812955,0.010774055,5868998,eclipsing_binary
1576.4705112548743,1.0010593,0.010776901,5868998,eclipsing_binary
1576.4719001580702,1.0134075,0.010803917,5868998,eclipsing_binary
1576.4732890608013,0.99698436,0.010779538,5868998,eclipsing_binary
1576.474677963998,0.9941035,0.010771924,5868998,eclipsing_binary
1576.4760668667284,1.0074575,0.010803736,5868998,eclipsing_binary
1576.4774557694589,0.9964381,0.010808828,5868998,eclipsing_binary
1576.4788446726554,1.0044765,0.01078191,5868998,eclipsing_binary
1576.4802335753868,0.99657404,0.01077846,5868998,eclipsing_binary
1576.481622478583,1.0108926,0.010782955,5868998,eclipsing_binary
1576.4830113813132,1.0020633,0.010786523,5868998,eclipsing_binary
1576.4844002840443,1.0077828,0.010791663,5868998,eclipsing_binary
1576.4857891872405,0.99720514,0.010771111,5868998,eclipsing_binary
1576.487178089971,1.0058904,0.010796657,5868998,eclipsing_binary
1576.4885669927019,1.0059714,0.0108066555,5868998,eclipsing_binary
1576.4899558958987,1.0050458,0.010789067,5868998,eclipsing_binary
1576.491344798629,0.98305273,0.010758799,5868998,eclipsing_binary
1576.4927337013594,1.0004042,0.010778861,5868998,eclipsing_binary
1576.4941226045564,1.019195,0.010801558,5868998,eclipsing_binary
1576.4955115072873,0.9824421,0.010790267,5868998,eclipsing_binary
1576.4969004100178,1.0036011,0.010788097,5868998,eclipsing_binary
1576.498289313214,0.9768346,0.010738737,5868998,eclipsing_binary
1576.4996782159449,1.0185409,0.010806161,5868998,eclipsing_binary
1576.5010671186753,1.0010966,0.01077993,5868998,eclipsing_binary
1576.5024560214058,0.9969116,0.010789872,5868998,eclipsing_binary
1576.5038449246033,0.9788817,0.010741542,5868998,eclipsing_binary
1576.5052338273351,1.0085641,0.0107909525,5868998,eclipsing_binary
1576.5066227300656,0.9999204,0.010785451,5868998,eclipsing_binary
1576.5080116327958,1.0039032,0.010790803,5868998,eclipsing_binary
1576.5094005359927,1.0053644,0.010786097,5868998,eclipsing_binary
1576.5107894387236,1.0032951,0.010792432,5868998,eclipsing_binary
1576.512178341454,0.9947248,0.010770452,5868998,eclipsing_binary
1576.5135672441845,0.9839497,0.010759218,5868998,eclipsing_binary
1576.5149561469154,1.0062006,0.010789275,5868998,eclipsing_binary
1576.5163450501125,1.0085369,0.010793123,5868998,eclipsing_binary
1576.517733952843,1.0046425,0.010780119,5868998,eclipsing_binary
1576.5191228555732,0.9862079,0.010756377,5868998,eclipsing_binary
1576.5205117583043,1.0043789,0.010784929,5868998,eclipsing_binary
1576.5219006610348,1.0010357,0.010796314,5868998,eclipsing_binary
1576.5232895637653,1.0067339,0.010789897,5868998,eclipsing_binary
1576.5246784669619,0.9972593,0.010775908,5868998,eclipsing_binary
1576.526067369693,0.99288404,0.010768462,5868998,eclipsing_binary
1576.5274562724233,1.0201033,0.010814689,5868998,eclipsing_binary
1576.5288451751537,1.0171449,0.010795368,5868998,eclipsing_binary
1576.530234077885,1.0107617,0.010782685,5868998,eclipsing_binary
1576.531622980616,0.99260914,0.010770225,5868998,eclipsing_binary
1576.5330118833465,1.0087966,0.01079075,5868998,eclipsing_binary
1576.534400786077,1.0156322,0.010813094,5868998,eclipsing_binary
1576.5357896892735,1.000781,0.010771762,5868998,eclipsing_binary
1576.537178592004,1.0051107,0.010784497,5868998,eclipsing_binary
1576.5385674947345,1.0027708,0.01080631,5868998,eclipsing_binary
1576.5399563974654,1.0062965,0.0107827885,5868998,eclipsing_binary
1576.5413453001968,0.9940164,0.010785551,5868998,eclipsing_binary
1576.542734202927,1.022071,0.010822051,5868998,eclipsing_binary
1576.5441231056573,1.0079409,0.010788587,5868998,eclipsing_binary
1576.5455120083886,1.006972,0.010812032,5868998,eclipsing_binary
1576.5469009111196,1.0006051,0.010770159,5868998,eclipsing_binary
1576.54828981385,1.002488,0.010778409,5868998,eclipsing_binary
1576.5496787165805,0.9926509,0.010791327,5868998,eclipsing_binary
1576.5510676193114,1.0049586,0.010790948,5868998,eclipsing_binary
1576.5524565220428,1.0001585,0.01077939,5868998,eclipsing_binary
1576.5538454247733,1.0097895,0.010791396,5868998,eclipsing_binary
1576.5552343275035,0.98556626,0.0107674785,5868998,eclipsing_binary
1576.5566232302347,1.0287884,0.010833103,5868998,eclipsing_binary
1576.5580121329651,1.0113361,0.01081419,5868998,eclipsing_binary
1576.5594010356956,1.0038517,0.010831037,5868998,eclipsing_binary
1576.5607899384265,1.0047638,0.010779006,5868998,eclipsing_binary
1576.5621788411574,1.0024301,0.010789185,5868998,eclipsing_binary
1576.563567743888,1.0240822,0.010818115,5868998,eclipsing_binary
1576.5649566466184,1.0025353,0.010780852,5868998,eclipsing_binary
1576.5663455493498,1.0076954,0.010773877,5868998,eclipsing_binary
1576.5677344520807,1.0163952,0.010798688,5868998,eclipsing_binary
1576.5691233548112,1.0006695,0.010783208,5868998,eclipsing_binary
1576.570512257076,0.9940547,0.01078622,5868998,eclipsing_binary
1576.5719011598069,1.0079238,0.010792029,5868998,eclipsing_binary
1576.573290062538,1.0059206,0.0107876975,5868998,eclipsing_binary
1576.5746789652683,0.9906834,0.010759687,5868998,eclipsing_binary
1576.5760678679987,1.002538,0.010789385,5868998,eclipsing_binary
1576.5774567707301,1.0001819,0.010771049,5868998,eclipsing_binary
1576.5788456734604,0.9992218,0.010773427,5868998,eclipsing_binary
1576.5802345761906,0.9910301,0.01079173,5868998,eclipsing_binary
1576.581623478922,1.0040659,0.010775868,5868998,eclipsing_binary
1576.5830123811872,0.9982402,0.010759447,5868998,eclipsing_binary
1576.5844012839177,0.99346524,0.010764214,5868998,eclipsing_binary
1576.5857901866482,0.99554926,0.010784301,5868998,eclipsing_binary
1576.587179089379,1.0039375,0.010787484,5868998,eclipsing_binary
1576.5885679921105,1.0130191,0.010820101,5868998,eclipsing_binary
1576.5899568943753,0.98424697,0.010775812,5868998,eclipsing_binary
1576.5913457971055,0.99958795,0.010770972,5868998,eclipsing_binary
1576.5927346998367,0.9925654,0.010760565,5868998,eclipsing_binary
1576.5941236025672,0.9839981,0.010744288,5868998,eclipsing_binary
1576.5955125052976,0.98890233,0.010767852,5868998,eclipsing_binary
1576.5969014075629,1.0010538,0.010782797,5868998,eclipsing_binary
1576.5982903102938,0.99820745,0.010795626,5868998,eclipsing_binary
1576.5996792130243,0.99403894,0.010770862,5868998,eclipsing_binary
1576.6010681157547,1.0101779,0.010791101,5868998,eclipsing_binary
1576.6024570180202,1.0077367,0.010784844,5868998,eclipsing_binary
1576.6038459207514,1.002585,0.010785933,5868998,eclipsing_binary
1576.6052348234819,0.99502033,0.010787102,5868998,eclipsing_binary
1576.6066237262123,1.0025035,0.010790279,5868998,eclipsing_binary
1576.6080126284776,1.0209366,0.01081034,5868998,eclipsing_binary
1576.6094015312087,1.0023406,0.010813878,5868998,eclipsing_binary
1576.610790433939,1.0017873,0.010778649,5868998,eclipsing_binary
1576.6121793362038,0.98800105,0.010765735,5868998,eclipsing_binary
1576.6135682389352,0.9916925,0.010780383,5868998,eclipsing_binary
1576.6149571416654,1.0016255,0.010787099,5868998,eclipsing_binary
1576.6163460443956,1.0069796,0.010797393,5868998,eclipsing_binary
1576.6177349466614,1.0104257,0.01080018,5868998,eclipsing_binary
1576.6191238493923,1.0081096,0.01079324,5868998,eclipsing_binary
1576.620512751657,0.9929542,0.010759432,5868998,eclipsing_binary
1576.6219016543876,1.0043094,0.010777094,5868998,eclipsing_binary
1576.6232905571185,1.0044984,0.010777485,5868998,eclipsing_binary
1576.6246794593842,0.98695135,0.010767334,5868998,eclipsing_binary
1576.6260683621144,0.99316657,0.010786742,5868998,eclipsing_binary
1576.6274572648447,0.9807963,0.010750692,5868998,eclipsing_binary
1576.6288461671104,1.0098763,0.010785545,5868998,eclipsing_binary
1576.6302350698409,1.0200915,0.0107991425,5868998,eclipsing_binary
1576.6316239721057,0.994695,0.010763251,5868998,eclipsing_binary
1576.6330128748366,1.0094854,0.010777563,5868998,eclipsing_binary
1576.6344017775675,1.0012051,0.010797222,5868998,eclipsing_binary
1576.6357906798323,0.9906585,0.010783414,5868998,eclipsing_binary
1576.6371795825628,1.0156717,0.010819961,5868998,eclipsing_binary
1576.6385684848283,1.0015652,0.010787141,5868998,eclipsing_binary
1576.6399573875594,0.99564296,0.010821385,5868998,eclipsing_binary
1576.6413462898242,1.0068069,0.01079621,5868998,eclipsing_binary
1576.6427351925547,1.0216101,0.010806069,5868998,eclipsing_binary
1576.64412409482,1.0034937,0.010829975,5868998,eclipsing_binary
1576.645512997551,1.008225,0.01079571,5868998,eclipsing_binary
1576.6469018998157,0.99159783,0.010768515,5868998,eclipsing_binary
1576.6482908025462,0.99820507,0.010795554,5868998,eclipsing_binary
1576.649679704812,0.985843,0.010775868,5868998,eclipsing_binary
1576.6510686075421,0.9959754,0.010777835,5868998,eclipsing_binary
1576.6524575098067,1.0069928,0.0108232545,5868998,eclipsing_binary
1576.653846412538,0.9929158,0.010762238,5868998,eclipsing_binary
1576.6552353148033,0.98989993,0.01075139,5868998,eclipsing_binary
1576.6566242175338,0.99814725,0.010779241,5868998,eclipsing_binary
1576.6580131197986,0.9861207,0.010762792,5868998,eclipsing_binary
1576.6594020225295,1.0000018,0.010781468,5868998,eclipsing_binary
1576.6607909247953,1.008451,0.010801569,5868998,eclipsing_binary
1576.6621798275255,1.0066966,0.010773905,5868998,eclipsing_binary
1576.66356872979,0.9945643,0.01076656,5868998,eclipsing_binary
1576.6649576325215,1.0056679,0.01077488,5868998,eclipsing_binary
1576.6663465347863,0.9941343,0.010773043,5868998,eclipsing_binary
1576.6677354370509,1.0142902,0.010804804,5868998,eclipsing_binary
1576.669124339782,1.003955,0.010797814,5868998,eclipsing_binary
1576.6705132420473,1.0017424,0.010779904,5868998,eclipsing_binary
1576.671902144312,1.011124,0.010820744,5868998,eclipsing_binary
1576.6732910470425,0.9905534,0.010774065,5868998,eclipsing_binary
1576.674679949308,1.015655,0.010802097,5868998,eclipsing_binary
1576.6760688520392,0.9976967,0.010764787,5868998,eclipsing_binary
1576.677457754304,1.0041813,0.010779874,5868998,eclipsing_binary
1576.6788466565688,1.0040834,0.010786481,5868998,eclipsing_binary
1576.6802355592997,0.9838025,0.01075691,5868998,eclipsing_binary
1576.681624461565,1.0151169,0.010807777,5868998,eclipsing_binary
1576.6830133638298,1.009254,0.010838552,5868998,eclipsing_binary
1576.6844022665603,1.0018744,0.01078293,5868998,eclipsing_binary
1576.6857911688257,1.0014355,0.01078309,5868998,eclipsing_binary
1576.6871800710903,0.99604577,0.010781241,5868998,eclipsing_binary
1576.6885689738208,0.9943147,0.010768326,5868998,eclipsing_binary
1576.6899578760865,1.0091755,0.010790445,5868998,eclipsing_binary
1576.6913467783518,1.0088242,0.010794095,5868998,eclipsing_binary
1576.6927356806166,1.0041039,0.010830844,5868998,eclipsing_binary
1576.694124583347,0.98977345,0.0107623935,5868998,eclipsing_binary
1576.6955134856123,1.0066009,0.010788459,5868998,eclipsing_binary
1576.696902387878,1.0212878,0.010811714,5868998,eclipsing_binary
1576.6982912901426,0.99217165,0.010774601,5868998,eclipsing_binary
1576.6996801928728,0.99536073,0.010772052,5868998,eclipsing_binary
1576.7010690951386,1.0075775,0.010783074,5868998,eclipsing_binary
1576.7024579974038,0.9983486,0.010769401,5868998,eclipsing_binary
1576.7038468996686,0.9985708,0.010777878,5868998,eclipsing_binary
1576.705235802399,1.0150251,0.010805072,5868998,eclipsing_binary
1576.7066247046644,1.0148606,0.01078936,5868998,eclipsing_binary
1576.70801360693,0.9845243,0.010757652,5868998,eclipsing_binary
1576.7094025091953,1.012718,0.0107978415,5868998,eclipsing_binary
1576.7107914114608,0.99411464,0.010783369,5868998,eclipsing_binary
1576.7121803137263,1.005789,0.010819904,5868998,eclipsing_binary
1576.7135692164568,1.0025575,0.010800344,5868998,eclipsing_binary
1576.7149581187216,0.9992787,0.010775193,5868998,eclipsing_binary
1576.7163470209869,1.0071733,0.0107828695,5868998,eclipsing_binary
1576.7177359232521,1.0174372,0.010808674,5868998,eclipsing_binary
1576.719124825517,1.0082676,0.010782369,5868998,eclipsing_binary
1576.7205137277817,1.0193902,0.010798998,5868998,eclipsing_binary
1576.7219026300472,1.0016353,0.010786246,5868998,eclipsing_binary
1576.7232915327775,1.0028499,0.010776354,5868998,eclipsing_binary
1576.7246804350423,0.9971867,0.010778831,5868998,eclipsing_binary
1576.726069337308,0.98069465,0.010758795,5868998,eclipsing_binary
1576.7274582395733,1.0120614,0.010844541,5868998,eclipsing_binary
1576.728847141838,1.0031847,0.010793172,5868998,eclipsing_binary
1576.7302360441029,0.99515784,0.010788834,5868998,eclipsing_binary
1576.7316249463681,1.0009428,0.010778068,5868998,eclipsing_binary
1576.7330138486338,1.0067981,0.010794926,5868998,eclipsing_binary
1576.7344027508984,0.99642867,0.010758866,5868998,eclipsing_binary
1576.735791653163,1.0018237,0.01081033,5868998,eclipsing_binary
1576.7371805554287,1.0059677,0.010782526,5868998,eclipsing_binary
1576.738569457694,1.0101929,0.01078873,5868998,eclipsing_binary
1576.7399583599588,1.0048562,0.010782358,5868998,eclipsing_binary
1576.7413472622236,1.0339897,0.0108506065,5868998,eclipsing_binary
1576.7427361644889,1.0105265,0.0107961055,5868998,eclipsing_binary
1576.7441250667537,1.004353,0.010794956,5868998,eclipsing_binary
1576.7455139690185,1.0109435,0.010798386,5868998,eclipsing_binary
1576.7469028712837,1.0118333,0.010785025,5868998,eclipsing_binary
1576.7482917735495,1.0068336,0.010787202,5868998,eclipsing_binary
1576.7496806758143,1.0001708,0.0107740965,5868998,eclipsing_binary
1576.751069578079,0.9987213,0.010771556,5868998,eclipsing_binary
1576.7524584803443,1.003153,0.010781053,5868998,eclipsing_binary
1576.7538473826096,1.0101973,0.010805307,5868998,eclipsing_binary
1576.7552362848744,1.0005277,0.010780049,5868998,eclipsing_binary
1576.7566251871392,1.0058441,0.010786597,5868998,eclipsing_binary
1576.7580140894047,0.9928601,0.010771448,5868998,eclipsing_binary
1576.7594029916693,1.0168314,0.010803773,5868998,eclipsing_binary
1576.760791893934,1.0046641,0.010787812,5868998,eclipsing_binary
1576.7621807961998,0.99763817,0.010767177,5868998,eclipsing_binary
1576.763569698465,1.0175092,0.010807607,5868998,eclipsing_binary
1576.7649586007299,1.0051775,0.010778414,5868998,eclipsing_binary
1576.766347502529,0.9773858,0.010748454,5868998,eclipsing_binary
1576.7677364047943,1.0040826,0.01080455,5868998,eclipsing_binary
1576.7705142093246,1.0305173,0.010856288,5868998,eclipsing_binary
1576.7719031115892,1.0042942,0.010797788,5868998,eclipsing_binary
1576.7732920138549,0.9923888,0.010763948,5868998,eclipsing_binary
1576.7746809161201,0.9951244,0.010751904,5868998,eclipsing_binary
1576.7760698179193,1.0097529,0.010791773,5868998,eclipsing_binary
1576.777458720184,1.0000266,0.010769663,5868998,eclipsing_binary
1576.7788476224493,0.9782867,0.010743,5868998,eclipsing_binary
1576.7802365247142,1.0024844,0.010793991,5868998,eclipsing_binary
1576.781625426979,0.99539906,0.010790793,5868998,eclipsing_binary
1576.7830143292442,0.9984863,0.010768594,5868998,eclipsing_binary
1576.7844032310443,1.0117766,0.010803455,5868998,eclipsing_binary
1576.785792133309,0.9890893,0.010773658,5868998,eclipsing_binary
1576.787181035574,1.0069492,0.010806836,5868998,eclipsing_binary
1576.7885699378392,1.0115548,0.010826952,5868998,eclipsing_binary
1576.7899588396388,0.9838008,0.010763874,5868998,eclipsing_binary
1576.7913477419036,0.9931438,0.010827067,5868998,eclipsing_binary
1576.7927366441684,0.9923494,0.010758488,5868998,eclipsing_binary
1576.7941255464339,0.9877927,0.010761208,5868998,eclipsing_binary
1576.7955144482328,0.9921592,0.010759481,5868998,eclipsing_binary
1576.7969033504976,0.99816024,0.010768187,5868998,eclipsing_binary
1576.7982922527633,1.0154055,0.010801181,5868998,eclipsing_binary
1576.7996811550286,0.9987527,0.0107781105,5868998,eclipsing_binary
1576.8010700568277,1.0017754,0.010769036,5868998,eclipsing_binary
1576.8024589590925,1.0042782,0.010807054,5868998,eclipsing_binary
1576.8038478613578,0.99603635,0.010787741,5868998,eclipsing_binary
1576.8052367631578,0.99196166,0.010758391,5868998,eclipsing_binary
1576.8066256654224,1.0080804,0.010803065,5868998,eclipsing_binary
1576.808014567687,1.0041779,0.010778536,5868998,eclipsing_binary
1576.809403469487,0.9828262,0.010752379,5868998,eclipsing_binary
1576.8107923717523,1.0000201,0.010768959,5868998,eclipsing_binary
1576.8121812740171,1.0025465,0.010786112,5868998,eclipsing_binary
1576.8135701758163,0.99974376,0.010785807,5868998,eclipsing_binary
1576.8149590780815,0.98565084,0.010760727,5868998,eclipsing_binary
1576.8163479803463,1.0109949,0.010795093,5868998,eclipsing_binary
1576.8177368821455,1.0025762,0.01079816,5868998,eclipsing_binary
1576.8191257844107,0.9757284,0.010770262,5868998,eclipsing_binary
1576.8205146862108,1.0095007,0.010795917,5868998,eclipsing_binary
1576.8219035884756,1.0084964,0.010785327,5868998,eclipsing_binary
1576.8232924907402,0.99607897,0.010765885,5868998,eclipsing_binary
1576.82468139254,1.0020083,0.01082843,5868998,eclipsing_binary
1576.8260702948053,1.0027772,0.010789648,5868998,eclipsing_binary
1576.8274591966044,0.98684293,0.01076686,5868998,eclipsing_binary
1576.8288480988692,1.0191009,0.010811766,5868998,eclipsing_binary
1576.830237000669,1.0087346,0.010788175,5868998,eclipsing_binary
1576.8316259029345,1.0045696,0.010817802,5868998,eclipsing_binary
1576.8330148047337,1.0057298,0.010771796,5868998,eclipsing_binary
1576.8344037069985,1.0063729,0.0107859485,5868998,eclipsing_binary
1576.8357926092638,0.9975543,0.010763301,5868998,eclipsing_binary
1576.837181511063,1.0004871,0.0107896915,5868998,eclipsing_binary
1576.8385704133277,1.0207708,0.010801753,5868998,eclipsing_binary
1576.8399593151273,1.0062846,0.0107898945,5868998,eclipsing_binary
1576.8413482173928,0.9949528,0.010801507,5868998,eclipsing_binary
1576.8427371191917,1.0155829,0.01079949,5868998,eclipsing_binary
1576.8441260209909,0.9998191,0.010766908,5868998,eclipsing_binary
1576.8455149232566,0.997245,0.010759128,5868998,eclipsing_binary
1576.8469038250562,1.0067831,0.010796255,5868998,eclipsing_binary
1576.848292727321,0.9999908,0.010776514,5868998,eclipsing_binary
1576.8496816291201,0.9934335,0.010772353,5868998,eclipsing_binary
1576.8510705313854,1.0116158,0.010791933,5868998,eclipsing_binary
1576.8524594331845,0.9973085,0.010782496,5868998,eclipsing_binary
1576.8538483354494,1.0047013,0.010794928,5868998,eclipsing_binary
1576.855237237249,0.98977417,0.010765974,5868998,eclipsing_binary
1576.856626139049,1.0119061,0.010804175,5868998,eclipsing_binary
1576.8580150413138,1.0000714,0.010772583,5868998,eclipsing_binary
1576.8594039431127,1.0090454,0.010783988,5868998,eclipsing_binary
1576.8607928453782,0.9923122,0.010760594,5868998,eclipsing_binary
1576.8621817471778,0.9973823,0.0107793445,5868998,eclipsing_binary
1576.863570648977,1.0027261,0.010778404,5868998,eclipsing_binary
1576.8649595512418,1.0031238,0.010778447,5868998,eclipsing_binary
1576.8663484530414,0.996959,0.010764122,5868998,eclipsing_binary
1576.8677373548414,1.0049559,0.010784911,5868998,eclipsing_binary
1576.8691262571062,1.0113286,0.010806378,5868998,eclipsing_binary
1576.8705151589054,1.0078237,0.010786044,5868998,eclipsing_binary
1576.871904060705,1.0009563,0.010770458,5868998,eclipsing_binary
1576.8732929629698,0.9996615,0.010826049,5868998,eclipsing_binary
1576.874681864769,1.0032845,0.010781025,5868998,eclipsing_binary
1576.8760707665685,0.9671909,0.010730136,5868998,eclipsing_binary
1576.877459668834,1.0041258,0.010781202,5868998,eclipsing_binary
1576.878848570633,1.0106336,0.010787958,5868998,eclipsing_binary
1576.880237472432,0.97459996,0.010758282,5868998,eclipsing_binary
1576.8816263746978,1.0020076,0.010786182,5868998,eclipsing_binary
1576.8830152764974,1.002468,0.010783984,5868998,eclipsing_binary
1576.8844041782966,0.9914921,0.010761196,5868998,eclipsing_binary
1576.8857930800957,0.99263895,0.010756415,5868998,eclipsing_binary
1576.887181982361,1.0091804,0.010795301,5868998,eclipsing_binary
1576.8885708841601,1.0004507,0.010764204,5868998,eclipsing_binary
1576.8899597859593,0.9984814,0.010791991,5868998,eclipsing_binary
1576.8913486877589,1.0158165,0.010806351,5868998,eclipsing_binary
1576.8927375900246,0.9905159,0.010762121,5868998,eclipsing_binary
1576.8941264918237,1.0038474,0.010787538,5868998,eclipsing_binary
1576.8955153936226,1.0064325,0.010770135,5868998,eclipsing_binary
1576.8969042954225,0.9944161,0.010766623,5868998,eclipsing_binary
1576.898293197222,0.9926003,0.010768843,5868998,eclipsing_binary
1576.8996820994869,1.0006453,0.010787497,5868998,eclipsing_binary
1576.901071001286,1.0143777,0.010791411,5868998,eclipsing_binary
1576.9024599030856,0.9928255,0.010757217,5868998,eclipsing_binary
1576.9038488048857,1.0059406,0.010778567,5868998,eclipsing_binary
1576.9052377066848,0.99222547,0.010790215,5868998,eclipsing_binary
1576.9066266084837,0.9772439,0.010733614,5868998,eclipsing_binary
1576.9080155102836,0.98001343,0.010750699,5868998,eclipsing_binary
1576.9094044125484,0.9713517,0.010716013,5868998,eclipsing_binary
1576.9107933143475,0.9810885,0.010743468,5868998,eclipsing_binary
1576.9121822161471,0.97871614,0.010735763,5868998,eclipsing_binary
1576.913571117947,0.97432303,0.010720989,5868998,eclipsing_binary
1576.9149600197459,0.96821016,0.01072219,5868998,eclipsing_binary
1576.916348921545,0.9404129,0.010690236,5868998,eclipsing_binary
1576.917737823345,0.95508176,0.010703211,5868998,eclipsing_binary
1576.9191267251447,0.96311,0.010707823,5868998,eclipsing_binary
1576.9205156269438,0.96789026,0.0107271215,5868998,eclipsing_binary
1576.921904528743,0.9435488,0.010705022,5868998,eclipsing_binary
1576.9232934305426,0.95560056,0.010704218,5868998,eclipsing_binary
1576.9246823328074,0.9298456,0.01066641,5868998,eclipsing_binary
1576.9260712346065,0.93325406,0.010667156,5868998,eclipsing_binary
1576.9274601364061,0.96329606,0.010714869,5868998,eclipsing_binary
1576.9288490382062,0.9491099,0.010700941,5868998,eclipsing_binary
1576.930237940005,0.96098393,0.010703816,5868998,eclipsing_binary
1576.931626841804,0.96248966,0.010714859,5868998,eclipsing_binary
1576.933015743604,0.9590281,0.0107132625,5868998,eclipsing_binary
1576.9344046454037,0.95672727,0.010699462,5868998,eclipsing_binary
1576.9357935472028,0.95602494,0.010716941,5868998,eclipsing_binary
1576.937182449002,0.96048915,0.010718005,5868998,eclipsing_binary
1576.9385713508016,0.9645891,0.010714243,5868998,eclipsing_binary
1576.9399602526016,0.97917944,0.010743551,5868998,eclipsing_binary
1576.9413491544008,0.9994433,0.010770347,5868998,eclipsing_binary
1576.942738055734,0.96913975,0.010722779,5868998,eclipsing_binary
1576.9441269575339,0.97405434,0.010736017,5868998,eclipsing_binary
1576.945515859333,1.0074738,0.010832986,5868998,eclipsing_binary
1576.9469047611321,0.99731493,0.01078548,5868998,eclipsing_binary
1576.9482936629317,0.98815054,0.010769918,5868998,eclipsing_binary
1576.9496825647313,0.9964253,0.010812574,5868998,eclipsing_binary
1576.9510714665305,1.0059536,0.010788986,5868998,eclipsing_binary
1576.9524603683296,0.9880141,0.010750123,5868998,eclipsing_binary
1576.9538492701297,0.99660575,0.010780034,5868998,eclipsing_binary
1576.9552381719293,1.008203,0.010796783,5868998,eclipsing_binary
1576.9566270737284,0.9915437,0.010761024,5868998,eclipsing_binary
1576.958015975062,1.0080564,0.010780169,5868998,eclipsing_binary
1576.9594048768615,0.9762054,0.01073946,5868998,eclipsing_binary
1576.960793778662,0.9908934,0.010777628,5868998,eclipsing_binary
1576.9621826804616,1.0045252,0.0107892705,5868998,eclipsing_binary
1576.9635715822608,0.9834462,0.010758957,5868998,eclipsing_binary
1576.9649604840608,1.0071864,0.010775648,5868998,eclipsing_binary
1576.9663493858598,0.9942901,0.010783003,5868998,eclipsing_binary
1576.967738287193,0.98465276,0.010761365,5868998,eclipsing_binary
1576.969127188993,1.017368,0.010808061,5868998,eclipsing_binary
1576.9705160907927,1.0018625,0.010793556,5868998,eclipsing_binary
1576.9719049925918,1.0099195,0.0107809175,5868998,eclipsing_binary
1576.973293894391,0.98050624,0.010757701,5868998,eclipsing_binary
1576.974682795725,0.9859939,0.010761171,5868998,eclipsing_binary
1576.976071697525,1.0096233,0.010785625,5868998,eclipsing_binary
1576.977460599324,1.0008042,0.0107825175,5868998,eclipsing_binary
1576.978849501123,0.9978422,0.010777144,5868998,eclipsing_binary
1576.9802384024572,1.0055805,0.010783606,5868998,eclipsing_binary
1576.9816273042563,1.0129653,0.010795365,5868998,eclipsing_binary
1576.9830162060555,0.98041767,0.010740816,5868998,eclipsing_binary
1576.984405107855,0.9781062,0.010762151,5868998,eclipsing_binary
1576.985794009189,0.99342805,0.0107801845,5868998,eclipsing_binary
1576.9871829109882,0.99185055,0.010771598,5868998,eclipsing_binary
1576.9885718127873,0.988002,0.010777111,5868998,eclipsing_binary
1576.9899607141217,0.98680437,0.010762569,5868998,eclipsing_binary
1576.9913496159213,0.9950828,0.010779019,5868998,eclipsing_binary
1576.9927385177205,1.0131309,0.01079459,5868998,eclipsing_binary
1576.9941274195196,1.0067647,0.010784636,5868998,eclipsing_binary
1576.9955163208535,0.9943056,0.010776574,5868998,eclipsing_binary
1576.9969052226534,0.9783556,0.010739299,5868998,eclipsing_binary
1576.9982941244523,0.9952529,0.010771908,5868998,eclipsing_binary
1576.9996830257858,0.98734665,0.010742517,5868998,eclipsing_binary
1577.0010719275858,1.0142584,0.010803423,5868998,eclipsing_binary
1577.002460828919,1.0152234,0.010810956,5868998,eclipsing_binary
1577.003849730718,1.002168,0.010771035,5868998,eclipsing_binary
1577.005238632518,1.0043664,0.010797521,5868998,eclipsing_binary
1577.006627533852,0.98838365,0.010772253,5868998,eclipsing_binary
1577.0080164356511,0.9967335,0.01077305,5868998,eclipsing_binary
1577.0094053369846,1.0009907,0.010779297,5868998,eclipsing_binary
1577.0107942387842,1.0097808,0.0108020315,5868998,eclipsing_binary
1577.0121831405843,1.0005277,0.01076419,5868998,eclipsing_binary
1577.0135720419178,0.99611324,0.010782853,5868998,eclipsing_binary
1577.0149609437167,1.0074006,0.01077426,5868998,eclipsing_binary
1577.0163498450509,1.0070302,0.010779679,5868998,eclipsing_binary
1577.01773874685,1.010359,0.010806085,5868998,eclipsing_binary
1577.0191276481835,1.0153509,0.010810594,5868998,eclipsing_binary
1577.020516549983,1.0121713,0.010796984,5868998,eclipsing_binary
1577.0219054517827,0.9957927,0.010771758,5868998,eclipsing_binary
1577.0232943531162,0.98739004,0.01075665,5868998,eclipsing_binary
1577.0246832549153,1.0026215,0.010776445,5868998,eclipsing_binary
1577.0260721562495,0.9973256,0.010825966,5868998,eclipsing_binary
1577.0274610580493,1.0004774,0.010771185,5868998,eclipsing_binary
1577.0288499593828,1.0187908,0.010797544,5868998,eclipsing_binary
1577.030238861182,1.0064014,0.010782743,5868998,eclipsing_binary
1577.0316277625159,0.988121,0.010815721,5868998,eclipsing_binary
1577.03301666385,0.9927599,0.010770669,5868998,eclipsing_binary
1577.034405565649,1.0054449,0.010806115,5868998,eclipsing_binary
1577.0357944669825,0.99793595,0.0107824225,5868998,eclipsing_binary
1577.0371833687825,1.0025415,0.010836111,5868998,eclipsing_binary
1577.0385722701158,0.9948645,0.010776378,5868998,eclipsing_binary
1577.0399611719147,0.9931494,0.010767008,5868998,eclipsing_binary
1577.041350073249,1.0139378,0.010803407,5868998,eclipsing_binary
1577.0427389750487,1.0045322,0.010796257,5868998,eclipsing_binary
1577.0441278763822,0.98871344,0.010766664,5868998,eclipsing_binary
1577.0455167777156,1.0151712,0.010827503,5868998,eclipsing_binary
1577.0469056795152,0.9916627,0.010781972,5868998,eclipsing_binary
1577.0482945808496,1.0247642,0.010814956,5868998,eclipsing_binary
1577.0496834826486,1.000396,0.010779524,5868998,eclipsing_binary
1577.0510723839818,1.0020494,0.0107974475,5868998,eclipsing_binary
1577.0524612853162,1.0161192,0.010802419,5868998,eclipsing_binary
1577.0538501871154,0.98380816,0.0107581355,5868998,eclipsing_binary
1577.0552390884488,0.98838353,0.010769137,5868998,eclipsing_binary
1577.0566279897828,0.9860238,0.010757704,5868998,eclipsing_binary
1577.0580168915824,1.0012844,0.010791161,5868998,eclipsing_binary
1577.0594057929159,1.0070825,0.01077878,5868998,eclipsing_binary
1577.0607946942494,0.98136055,0.010765359,5868998,eclipsing_binary
1577.0621835960492,1.0065368,0.010802864,5868998,eclipsing_binary
1577.0635724973833,1.014088,0.010805417,5868998,eclipsing_binary
1577.0649613987168,0.99330276,0.010771328,5868998,eclipsing_binary
1577.066350300516,0.9890137,0.010765159,5868998,eclipsing_binary
1577.06773920185,0.9812934,0.010770737,5868998,eclipsing_binary
1577.0691281031839,0.9955876,0.010778327,5868998,eclipsing_binary
1577.0705170045173,0.9901442,0.010777894,5868998,eclipsing_binary
1577.0719059063165,1.0021875,0.0107878195,5868998,eclipsing_binary
1577.0732948076509,0.99834585,0.010788089,5868998,eclipsing_binary
1577.0746837089841,1.0002706,0.010778292,5868998,eclipsing_binary
1577.0760726103174,0.99051154,0.010774676,5868998,eclipsing_binary
1577.0774615121175,0.9938911,0.010780585,5868998,eclipsing_binary
1577.0788504134514,1.0044707,0.010795741,5868998,eclipsing_binary
1577.0802393147849,1.0045213,0.01079168,5868998,eclipsing_binary
1577.0816282161184,1.0084745,0.0107870065,5868998,eclipsing_binary
1577.0830171174523,0.99235183,0.010770711,5868998,eclipsing_binary
1577.0844060192524,0.98353374,0.010762622,5868998,eclipsing_binary
1577.0857949205856,1.0022522,0.010787991,5868998,eclipsing_binary
1577.0871838219189,1.001481,0.010764785,5868998,eclipsing_binary
1577.0885727232533,0.9942837,0.01078495,5868998,eclipsing_binary
1577.0899616245872,0.9913912,0.01077159,5868998,eclipsing_binary
1577.0913505259207,0.99774563,0.010781713,5868998,eclipsing_binary
1577.0927394277198,1.0091836,0.010790132,5868998,eclipsing_binary
1577.0941283290538,1.0077293,0.010786296,5868998,eclipsing_binary
1577.0955172303873,0.9866138,0.01079744,5868998,eclipsing_binary
1577.0969061317207,0.99739975,0.010782177,5868998,eclipsing_binary
1577.098295033055,1.0020622,0.010782752,5868998,eclipsing_binary
1577.099683934389,0.9914401,0.01077865,5868998,eclipsing_binary
1577.1010728357226,1.00452,0.010786018,5868998,eclipsing_binary
1577.102461737056,1.0054892,0.010784128,5868998,eclipsing_binary
1577.1038506388556,1.0162656,0.010807104,5868998,eclipsing_binary
1577.1052395401896,1.0055994,0.010783419,5868998,eclipsing_binary
1577.106628441523,0.99035573,0.010766607,5868998,eclipsing_binary
1577.1080173428566,0.9999518,0.010782194,5868998,eclipsing_binary
1577.109406244191,0.9894411,0.010782117,5868998,eclipsing_binary
1577.1107951455242,0.9965854,0.010778158,5868998,eclipsing_binary
1577.1121840468575,0.9918353,0.010764208,5868998,eclipsing_binary
1577.1135729481919,0.9970613,0.010784373,5868998,eclipsing_binary
1577.1149618495258,0.98831946,0.010769938,5868998,eclipsing_binary
1577.1163507508593,1.001169,0.010769679,5868998,eclipsing_binary
1577.1177396521928,1.0025185,0.010771819,5868998,eclipsing_binary
1577.1191285535267,1.0027691,0.010774345,5868998,eclipsing_binary
1577.120517454861,1.010849,0.010791367,5868998,eclipsing_binary
1577.1219063561944,1.0016162,0.010797093,5868998,eclipsing_binary
1577.1232952575276,0.99421376,0.010762786,5868998,eclipsing_binary
1577.124684158862,1.0033829,0.010762249,5868998,eclipsing_binary
1577.126073060196,0.9944207,0.01077625,5868998,eclipsing_binary
1577.1274619615294,0.98748296,0.010761397,5868998,eclipsing_binary
1577.128850862863,0.9951607,0.01078349,5868998,eclipsing_binary
1577.1302397641969,0.99356097,0.010775282,5868998,eclipsing_binary
1577.1316286655303,1.0137013,0.010811548,5868998,eclipsing_binary
1577.1330175668638,0.9967902,0.010768235,5868998,eclipsing_binary
1577.134406468198,0.9874475,0.010768957,5868998,eclipsing_binary
1577.1357953695322,0.98848933,0.010762465,5868998,eclipsing_binary
1577.1371842704,0.9996884,0.010797932,5868998,eclipsing_binary
1577.1385731717335,0.9867937,0.010770157,5868998,eclipsing_binary
1577.1399620730674,0.9860172,0.0107695125,5868998,eclipsing_binary
1577.1413509744013,0.9970331,0.010794553,5868998,eclipsing_binary
1577.1427398757348,0.9970092,0.01078061,5868998,eclipsing_binary
1577.1441287770683,1.0009364,0.010788487,5868998,eclipsing_binary
1577.1455176784025,1.0068661,0.010784422,5868998,eclipsing_binary
1577.1469065797357,1.0237026,0.0108095715,5868998,eclipsing_binary
1577.1482954806036,0.9984463,0.01078064,5868998,eclipsing_binary
1577.149684381938,0.99626034,0.010779165,5868998,eclipsing_binary
1577.151073283272,1.0296777,0.0108256275,5868998,eclipsing_binary
1577.1524621846054,0.9918794,0.010762233,5868998,eclipsing_binary
1577.1538510859389,0.9866699,0.010759989,5868998,eclipsing_binary
1577.1552399872728,0.9872225,0.010822324,5868998,eclipsing_binary
1577.1566288881415,1.0020556,0.010774638,5868998,eclipsing_binary
1577.1580177894748,1.007528,0.010798295,5868998,eclipsing_binary
1577.159406690808,1.006003,0.010789576,5868998,eclipsing_binary
1577.1607955921424,0.9884009,0.010766289,5868998,eclipsing_binary
1577.1621844930107,1.0020537,0.010785598,5868998,eclipsing_binary
1577.1635733943442,1.0139339,0.010789674,5868998,eclipsing_binary
1577.1649622956777,0.9921186,0.010778063,5868998,eclipsing_binary
1577.1663511970116,1.0054232,0.010807655,5868998,eclipsing_binary
1577.1677400978795,1.0074512,0.010789132,5868998,eclipsing_binary
1577.169128999213,1.014418,0.010799525,5868998,eclipsing_binary
1577.1705179005469,1.0001409,0.010778567,5868998,eclipsing_binary
1577.1719068018813,0.98030573,0.010764319,5868998,eclipsing_binary
1577.173295702749,1.0105122,0.010782059,5868998,eclipsing_binary
1577.1746846040826,1.0032434,0.0107783,5868998,eclipsing_binary
1577.1760735054165,1.0004568,0.010783013,5868998,eclipsing_binary
1577.1774624062848,0.9974197,0.010780361,5868998,eclipsing_binary
1577.1788513076183,1.0202817,0.010846564,5868998,eclipsing_binary
1577.1802402089518,1.017899,0.010811732,5868998,eclipsing_binary
1577.181629110286,1.0064937,0.010791237,5868998,eclipsing_binary
1577.1830180111535,0.9862472,0.010779682,5868998,eclipsing_binary
1577.184406912487,0.9999025,0.0107728895,5868998,eclipsing_binary
1577.1857958133558,1.0054744,0.010791296,5868998,eclipsing_binary
1577.1871847146897,0.99641484,0.010795306,5868998,eclipsing_binary
1577.1885736160232,1.0018395,0.010794004,5868998,eclipsing_binary
1577.189962516891,0.9797833,0.010764702,5868998,eclipsing_binary
1577.191351418225,0.9943407,0.010814891,5868998,eclipsing_binary
1577.1927403195593,1.012357,0.010784333,5868998,eclipsing_binary
1577.194129220427,0.9987804,0.010795122,5868998,eclipsing_binary
1577.1955181217602,1.0041813,0.010788142,5868998,eclipsing_binary
1577.196907022629,0.99602664,0.010765304,5868998,eclipsing_binary
1577.1982959239629,0.9962172,0.01079999,5868998,eclipsing_binary
1577.1996848248307,1.014769,0.010804182,5868998,eclipsing_binary
1577.2010737261642,1.0123792,0.010798213,5868998,eclipsing_binary
1577.202462627498,0.9985061,0.010767066,5868998,eclipsing_binary
1577.203851528366,1.0134443,0.01083637,5868998,eclipsing_binary
1577.2052404296994,1.0101516,0.010785135,5868998,eclipsing_binary
1577.2066293305677,0.9962429,0.010771488,5868998,eclipsing_binary
1577.208018231902,1.0081269,0.010782967,5868998,eclipsing_binary
1577.20940713277,1.0011057,0.010777205,5868998,eclipsing_binary
1577.2107960341032,1.008823,0.010800739,5868998,eclipsing_binary
1577.2121849349717,0.99547464,0.01079886,5868998,eclipsing_binary
1577.2135738363056,0.98914355,0.01076069,5868998,eclipsing_binary
1577.2149627371734,0.99511963,0.0107841175,5868998,eclipsing_binary
1577.216351638507,0.9936512,0.010777313,5868998,eclipsing_binary
1577.2177405393754,1.0001844,0.01078275,5868998,eclipsing_binary
1577.2191294407096,0.9967999,0.010793617,5868998,eclipsing_binary
1577.2205183415774,0.9944116,0.010767403,5868998,eclipsing_binary
1577.221907242911,0.99689096,0.010777166,5868998,eclipsing_binary
1577.2232961437792,0.99704385,0.010766223,5868998,eclipsing_binary
1577.224685044647,1.0011834,0.010778667,5868998,eclipsing_binary
1577.2260739459805,1.0084952,0.010797298,5868998,eclipsing_binary
1577.2274628468488,0.9950329,0.010791524,5868998,eclipsing_binary
1577.228851748183,1.0030067,0.01078546,5868998,eclipsing_binary
1577.2302406490505,0.9911522,0.010822478,5868998,eclipsing_binary
1577.2316295499184,0.9951933,0.010784357,5868998,eclipsing_binary
1577.2330184512527,1.0068382,0.010785976,5868998,eclipsing_binary
1577.234407352121,1.010288,0.010793374,5868998,eclipsing_binary
1577.2357962534545,1.0039114,0.010802345,5868998,eclipsing_binary
1577.2371851543223,1.0085633,0.010788161,5868998,eclipsing_binary
1577.2385740551906,1.0009128,0.010781516,5868998,eclipsing_binary
1577.239962956524,1.0018703,0.010806935,5868998,eclipsing_binary
1577.241351857392,1.0003669,0.010803277,5868998,eclipsing_binary
1577.2427407582602,1.0066993,0.0107930545,5868998,eclipsing_binary
1577.2441296595946,1.0151206,0.010843932,5868998,eclipsing_binary
1577.2455185604624,1.0048224,0.010785915,5868998,eclipsing_binary
1577.24690746133,1.0011652,0.010781348,5868998,eclipsing_binary
1577.2482963626642,1.0117688,0.010790754,5868998,eclipsing_binary
1577.2496852635325,0.9956357,0.010765682,5868998,eclipsing_binary
1577.2510741644003,1.000953,0.010779278,5868998,eclipsing_binary
1577.2524630657338,1.0090959,0.010794715,5868998,eclipsing_binary
1577.253851966602,1.0028151,0.01079486,5868998,eclipsing_binary
1577.2552408674708,0.9924456,0.010769937,5868998,eclipsing_binary
1577.2566297683386,1.0041605,0.010808349,5868998,eclipsing_binary
1577.258018669672,1.0283407,0.010837059,5868998,eclipsing_binary
1577.2594075705404,1.0102459,0.010803267,5868998,eclipsing_binary
1577.2607964714082,1.0027865,0.010790932,5868998,eclipsing_binary
1577.262185372276,0.9994245,0.0107723195,5868998,eclipsing_binary
1577.2635742731443,1.0007483,0.010780795,5868998,eclipsing_binary
1577.2649631744785,0.99680835,0.01077521,5868998,eclipsing_binary
1577.266352075346,1.0060828,0.010777998,5868998,eclipsing_binary
1577.2677409762139,0.9882957,0.010771515,5868998,eclipsing_binary
1577.2691298770826,1.0024939,0.010778202,5868998,eclipsing_binary
1577.2705187779509,0.98818773,0.010764036,5868998,eclipsing_binary
1577.2719076792844,0.9965996,0.010829263,5868998,eclipsing_binary
1577.2732965801522,0.9972028,0.010789965,5868998,eclipsing_binary
1577.2746854810205,1.0116433,0.010813242,5868998,eclipsing_binary
1577.2760743818883,1.0192178,0.010816545,5868998,eclipsing_binary
1577.2774632827561,1.0058525,0.010826084,5868998,eclipsing_binary
1577.2788521836244,0.99381405,0.010766027,5868998,eclipsing_binary
1577.2802410849588,0.9948478,0.010793183,5868998,eclipsing_binary
1577.2816299858266,1.0150834,0.010827176,5868998,eclipsing_binary
1577.2830188866942,0.99689555,0.01077771,5868998,eclipsing_binary
1577.2844077875627,0.9752486,0.010747855,5868998,eclipsing_binary
1577.285796688431,0.99682546,0.010771545,5868998,eclipsing_binary
1577.2871855892988,1.0044372,0.010790414,5868998,eclipsing_binary
1577.2885744901666,0.9884681,0.010759745,5868998,eclipsing_binary
1577.289963391035,1.0026942,0.010783508,5868998,eclipsing_binary
1577.2913522919036,1.0088859,0.010837562,5868998,eclipsing_binary
1577.2927411927715,0.9927837,0.010777577,5868998,eclipsing_binary
1577.294130093639,0.9781807,0.01075145,5868998,eclipsing_binary
1577.2955189945076,0.9998313,0.0107766995,5868998,eclipsing_binary
1577.296907895841,1.0032388,0.010786825,5868998,eclipsing_binary
1577.2982967967089,1.0128764,0.0107859075,5868998,eclipsing_binary
1577.2996856975772,0.9839486,0.010765191,5868998,eclipsing_binary
1577.3010745984457,0.9866266,0.0107630445,5868998,eclipsing_binary
1577.3024634993133,1.012396,0.010783432,5868998,eclipsing_binary
1577.303852400181,1.0050825,0.010787791,5868998,eclipsing_binary
1577.3052413010498,0.9984339,0.010775053,5868998,eclipsing_binary
1577.306630201918,0.9938348,0.010777947,5868998,eclipsing_binary
1577.308019102786,1.0151626,0.010806994,5868998,eclipsing_binary
1577.3094080036537,1.0123305,0.010806666,5868998,eclipsing_binary
1577.3107969040564,0.99196434,0.010789474,5868998,eclipsing_binary
1577.3121858049242,0.9897399,0.010757998,5868998,eclipsing_binary
1577.313574705792,1.0086812,0.010784164,5868998,eclipsing_binary
1577.3149636066603,1.0051657,0.010812025,5868998,eclipsing_binary
1577.316352507529,1.0017574,0.010771376,5868998,eclipsing_binary
1577.3177414083966,1.0072577,0.010799863,5868998,eclipsing_binary
1577.3191303092642,1.0007545,0.010773563,5868998,eclipsing_binary
1577.320519210133,0.9948317,0.010772125,5868998,eclipsing_binary
1577.3219081110012,1.0054035,0.010788062,5868998,eclipsing_binary
1577.323297011869,1.0011187,0.010791971,5868998,eclipsing_binary
1577.3246859127369,0.9974359,0.010788167,5868998,eclipsing_binary
1577.3260748136051,0.9950364,0.010793008,5868998,eclipsing_binary
1577.3274637140082,0.9738773,0.010746381,5868998,eclipsing_binary
1577.328852614876,1.0025703,0.0107840095,5868998,eclipsing_binary
1577.3302415157436,1.0093327,0.010787337,5868998,eclipsing_binary
1577.3316304166121,0.9805819,0.010814313,5868998,eclipsing_binary
1577.33301931748,1.005414,0.010790653,5868998,eclipsing_binary
1577.3344082183478,1.0155092,0.010811499,5868998,eclipsing_binary
1577.335797119216,0.9926387,0.010781251,5868998,eclipsing_binary
1577.3371860196187,0.9796064,0.010768795,5868998,eclipsing_binary
1577.3385749204865,1.0036991,0.010786823,5868998,eclipsing_binary
1577.3399638213552,0.9882739,0.010799206,5868998,eclipsing_binary
1577.3413527222244,1.006556,0.010779837,5868998,eclipsing_binary
1577.3427416230927,0.9866014,0.010757626,5868998,eclipsing_binary
1577.3441305234949,1.0006635,0.010783304,5868998,eclipsing_binary
1577.3455194243627,0.9848927,0.010793301,5868998,eclipsing_binary
1577.346908325231,0.99245334,0.01077391,5868998,eclipsing_binary
1577.3482972260995,1.0046483,0.0107687535,5868998,eclipsing_binary
1577.3496861265014,0.9858132,0.010768913,5868998,eclipsing_binary
1577.3510750273692,1.0100161,0.010784731,5868998,eclipsing_binary
1577.352463928238,0.9977833,0.010777137,5868998,eclipsing_binary
1577.3538528291056,1.015762,0.010814779,5868998,eclipsing_binary
1577.3552417295075,0.99665934,0.010773359,5868998,eclipsing_binary
1577.3566306303762,0.9843839,0.010780539,5868998,eclipsing_binary
1577.3580195312445,0.9839177,0.010742036,5868998,eclipsing_binary
1577.3594084316467,0.9893999,0.010763007,5868998,eclipsing_binary
1577.3607973325145,1.0025753,0.010793254,5868998,eclipsing_binary
1577.3621862333828,0.9960733,0.010785778,5868998,eclipsing_binary
1577.3635751337858,1.0051892,0.0108087985,5868998,eclipsing_binary
1577.3649640346537,1.0005125,0.010781447,5868998,eclipsing_binary
1577.3663529355213,0.9991669,0.010773877,5868998,eclipsing_binary
1577.367741835924,1.0152966,0.010792648,5868998,eclipsing_binary
1577.369130736792,0.9941046,0.010784639,5868998,eclipsing_binary
1577.3705196376598,0.9994954,0.010773939,5868998,eclipsing_binary
1577.3719085380624,0.9965067,0.010771773,5868998,eclipsing_binary
1577.3732974389309,0.99787414,0.010776404,5868998,eclipsing_binary
1577.3746863397985,1.0032438,0.01079271,5868998,eclipsing_binary
1577.3760752402006,0.99450916,0.010764383,5868998,eclipsing_binary
1577.3774641410694,0.9889822,0.01076371,5868998,eclipsing_binary
1577.378853041472,1.0038472,0.010777409,5868998,eclipsing_binary
1577.3802419423398,0.99750745,0.010775916,5868998,eclipsing_binary
1577.381630842742,1.0020549,0.010784731,5868998,eclipsing_binary
1577.3830197436102,1.0026118,0.010794529,5868998,eclipsing_binary
1577.3844086444788,1.0013423,0.0107841855,5868998,eclipsing_binary
1577.3857975448807,0.9984979,0.010772555,5868998,eclipsing_binary
1577.3871864457485,1.0171082,0.01081523,5868998,eclipsing_binary
1577.3885753461516,1.006709,0.010788033,5868998,eclipsing_binary
1577.3899642470192,0.998881,0.010790923,5868998,eclipsing_binary
1577.3913531474211,0.9919857,0.01077836,5868998,eclipsing_binary
1577.3927420482898,1.0067115,0.010780997,5868998,eclipsing_binary
1577.3941309486925,1.0078312,0.010792357,5868998,eclipsing_binary
1577.3955198495603,0.9936631,0.010770687,5868998,eclipsing_binary
1577.3969087499624,0.989182,0.010764214,5868998,eclipsing_binary
1577.3982976508307,0.99254495,0.010769252,5868998,eclipsing_binary
1577.3996865512338,1.0050223,0.010809959,5868998,eclipsing_binary
1577.4010754521016,1.0078391,0.010797003,5868998,eclipsing_binary
1577.4024643525036,1.0282928,0.010812643,5868998,eclipsing_binary
1577.403853253372,0.9983468,0.010777061,5868998,eclipsing_binary
1577.4052421537742,0.9946619,0.010791961,5868998,eclipsing_binary
1577.4066310541764,1.0048351,0.0107871005,5868998,eclipsing_binary
1577.4080199550447,0.9751342,0.010744865,5868998,eclipsing_binary
1577.4094088554473,1.0037763,0.010786857,5868998,eclipsing_binary
1577.410797756315,1.0097327,0.0108033735,5868998,eclipsing_binary
1577.4121866567173,0.9936702,0.010769827,5868998,eclipsing_binary
1577.413575557586,1.0030605,0.010794743,5868998,eclipsing_binary
1577.4149644579886,1.0074662,0.010790156,5868998,eclipsing_binary
1577.4163533583908,0.9889123,0.01075906,5868998,eclipsing_binary
1577.4177422592586,0.9865227,0.010743951,5868998,eclipsing_binary
1577.4191311596612,1.0031358,0.01080781,5868998,eclipsing_binary
1577.420520060064,0.99383867,0.010778979,5868998,eclipsing_binary
1577.4219089609317,0.9743304,0.010749582,5868998,eclipsing_binary
1577.4232978613338,0.98797923,0.010768757,5868998,eclipsing_binary
1577.424686761737,0.99163216,0.010786082,5868998,eclipsing_binary
1577.4260756626045,1.0179906,0.010812373,5868998,eclipsing_binary
1577.4274645630064,1.0086714,0.01081114,5868998,eclipsing_binary
1577.4288534634095,1.0161134,0.010818157,5868998,eclipsing_binary
1577.4302423642778,1.0120604,0.010801209,5868998,eclipsing_binary
1577.43163126468,1.0038068,0.010785907,5868998,eclipsing_binary
1577.433020165082,1.0143355,0.010819353,5868998,eclipsing_binary
1577.4344090659504,0.98838073,0.010774606,5868998,eclipsing_binary
1577.4357979663534,1.0102409,0.010796216,5868998,eclipsing_binary
1577.4371868667556,1.0024953,0.010804375,5868998,eclipsing_binary
1577.4385757671575,1.0020294,0.010792107,5868998,eclipsing_binary
1577.439964668026,0.9968207,0.010770441,5868998,eclipsing_binary
1577.4413535684282,1.0025787,0.010781106,5868998,eclipsing_binary
1577.4427424688304,1.0002769,0.010788263,5868998,eclipsing_binary
1577.444131369233,1.0103287,0.010809321,5868998,eclipsing_binary
1577.4455202701013,0.98942584,0.0107772155,5868998,eclipsing_binary
1577.4469091705034,0.99888015,0.010784064,5868998,eclipsing_binary
1577.4482980709056,0.98887616,0.0107649835,5868998,eclipsing_binary
1577.4496869713084,0.98910403,0.010757269,5868998,eclipsing_binary
1577.4510758717113,0.99219674,0.010775859,5868998,eclipsing_binary
1577.4524647721134,0.98261005,0.010764521,5868998,eclipsing_binary
1577.4538536729813,1.0058336,0.010779172,5868998,eclipsing_binary
1577.4552425733839,0.999408,0.010772886,5868998,eclipsing_binary
1577.4566314737867,1.0090764,0.010789873,5868998,eclipsing_binary
1577.4580203741887,0.989234,0.01076161,5868998,eclipsing_binary
1577.4594092745908,0.9946738,0.010775331,5868998,eclipsing_binary
1577.460798174994,0.99088275,0.010762134,5868998,eclipsing_binary
1577.4621870758615,0.99875814,0.010776382,5868998,eclipsing_binary
1577.4635759762634,1.0104517,0.010795143,5868998,eclipsing_binary
1577.4649648766665,1.0047686,0.010788235,5868998,eclipsing_binary
1577.4663537770691,0.9975666,0.010784822,5868998,eclipsing_binary
1577.4677426774713,1.0085156,0.010780521,5868998,eclipsing_binary
1577.4691315778734,0.98396665,0.0107487375,5868998,eclipsing_binary
1577.470520478276,0.990218,0.010768477,5868998,eclipsing_binary
1577.4719093786791,1.0242414,0.01082663,5868998,eclipsing_binary
1577.473298279081,1.0114195,0.010803468,5868998,eclipsing_binary
1577.474687179483,1.0022311,0.010786252,5868998,eclipsing_binary
1577.476076079886,1.0037277,0.010795205,5868998,eclipsing_binary
1577.4774649802887,1.0022843,0.010785427,5868998,eclipsing_binary
1577.4788538806908,0.98366094,0.010754177,5868998,eclipsing_binary
1577.480242781093,0.9830643,0.010774534,5868998,eclipsing_binary
1577.4816316819613,0.99985754,0.010779522,5868998,eclipsing_binary
1577.4830205823635,0.9955618,0.010782899,5868998,eclipsing_binary
1577.4844094827656,1.010253,0.0107907485,5868998,eclipsing_binary
1577.4857983831685,1.0093309,0.010789703,5868998,eclipsing_binary
1577.4871872835713,0.9923585,0.010767641,5868998,eclipsing_binary
1577.4885761835078,1.0024502,0.010804795,5868998,eclipsing_binary
1577.48996508391,1.0012451,0.010799846,5868998,eclipsing_binary
1577.4913539843126,0.9925269,0.010770288,5868998,eclipsing_binary
1577.4927428847152,0.99707127,0.010785214,5868998,eclipsing_binary
1577.4941317851174,1.0005182,0.010792871,5868998,eclipsing_binary
1577.4955206855195,0.9981726,0.010783088,5868998,eclipsing_binary
1577.4969095859226,0.9957933,0.01077678,5868998,eclipsing_binary
1577.4982984863245,0.9936064,0.010791344,5868998,eclipsing_binary
1577.4996873867265,1.0089643,0.010792908,5868998,eclipsing_binary
1577.5010762871295,1.0030632,0.010786996,5868998,eclipsing_binary
1577.5024651875322,1.0061356,0.0107932035,5868998,eclipsing_binary
1577.5038540879343,1.0153321,0.010791481,5868998,eclipsing_binary
1577.5052429883365,1.0157341,0.010850445,5868998,eclipsing_binary
1577.506631888739,0.9964821,0.010777368,5868998,eclipsing_binary
1577.5080207886765,1.0140152,0.010790642,5868998,eclipsing_binary
1577.5094096890784,0.99232465,0.010761888,5868998,eclipsing_binary
1577.5107985894804,1.007555,0.010800196,5868998,eclipsing_binary
1577.5121874898834,0.9981496,0.010778858,5868998,eclipsing_binary
1577.513576390286,1.0033194,0.010792097,5868998,eclipsing_binary
1577.5149652906882,0.9914385,0.010764547,5868998,eclipsing_binary
1577.5163541906247,1.0007106,0.010791247,5868998,eclipsing_binary
1577.5177430910273,1.0187529,0.010797807,5868998,eclipsing_binary
1577.5191319914295,1.0044538,0.0108285,5868998,eclipsing_binary
1577.5205208918317,1.0019538,0.010787761,5868998,eclipsing_binary
1577.5219097922345,1.0149945,0.010811656,5868998,eclipsing_binary
1577.5232986921717,1.0124003,0.010804542,5868998,eclipsing_binary
1577.5246875925739,0.9934861,0.010765536,5868998,eclipsing_binary
1577.526076492976,1.0041361,0.010774113,5868998,eclipsing_binary
1577.5274653933786,1.0019426,0.010778307,5868998,eclipsing_binary
1577.5288542937813,1.0063312,0.010786843,5868998,eclipsing_binary
1577.5302431937178,0.9926869,0.010777268,5868998,eclipsing_binary
1577.53163209412,0.9842065,0.010763974,5868998,eclipsing_binary
1577.5330209945228,1.0040349,0.01078167,5868998,eclipsing_binary
1577.534409894459,0.9954572,0.010837061,5868998,eclipsing_binary
1577.5357987948612,1.0025345,0.0107845515,5868998,eclipsing_binary
1577.5371876952643,0.985767,0.010755031,5868998,eclipsing_binary
1577.5385765956669,1.0114096,0.010790752,5868998,eclipsing_binary
1577.5399654956034,1.0094609,0.010788591,5868998,eclipsing_binary
1577.5413543960055,0.9859798,0.010754643,5868998,eclipsing_binary
1577.5427432964082,0.9876491,0.010777852,5868998,eclipsing_binary
1577.5441321963456,0.9678727,0.0107373325,5868998,eclipsing_binary
1577.5455210967475,0.9649776,0.010720002,5868998,eclipsing_binary
1577.5469099971494,0.9716787,0.010733675,5868998,eclipsing_binary
1577.5482988970869,0.9679643,0.010724092,5868998,eclipsing_binary
1577.5496877974895,0.9651697,0.010716532,5868998,eclipsing_binary
1577.5510766978916,0.94327325,0.010682018,5868998,eclipsing_binary
1577.5524655978281,0.94642735,0.010674168,5868998,eclipsing_binary
1577.5538544982307,0.95698965,0.010695414,5868998,eclipsing_binary
1577.5552433981672,0.95856875,0.010700725,5868998,eclipsing_binary
1577.5566322985694,0.95043,0.0106994305,5868998,eclipsing_binary
1577.558021198972,0.9443603,0.010695124,5868998,eclipsing_binary
1577.5594100989094,0.9483306,0.0107015185,5868998,eclipsing_binary
1577.5607989993116,0.9413252,0.0107123135,5868998,eclipsing_binary
1577.562187899248,0.9705805,0.010729855,5868998,eclipsing_binary
1577.5635767996507,0.93666196,0.0106724035,5868998,eclipsing_binary
1577.5649656995877,0.9440826,0.010715343,5868998,eclipsing_binary
1577.5663545999898,0.94920486,0.010688609,5868998,eclipsing_binary
1577.567743500392,0.96116614,0.010711421,5868998,eclipsing_binary
1577.5691324003292,0.9574428,0.010721144,5868998,eclipsing_binary
1577.5705213007311,0.9555375,0.010718824,5868998,eclipsing_binary
1577.5719102006676,0.966596,0.010709787,5868998,eclipsing_binary
1577.5732991010707,0.98826104,0.010811227,5868998,eclipsing_binary
1577.5746880010076,0.9674308,0.010724726,5868998,eclipsing_binary
1577.5760769014098,0.97322696,0.010725079,5868998,eclipsing_binary
1577.5774658013463,0.96665394,0.01073863,5868998,eclipsing_binary
1577.578854701749,1.01137,0.010787197,5868998,eclipsing_binary
1577.5802436016863,0.994983,0.010780359,5868998,eclipsing_binary
1577.5816325020883,0.99451596,0.010777084,5868998,eclipsing_binary
1577.5830214020245,0.9916989,0.010767838,5868998,eclipsing_binary
1577.584410301962,1.0010917,0.010783055,5868998,eclipsing_binary
1577.5857992023646,0.9927732,0.010761438,5868998,eclipsing_binary
1577.587188102301,1.0002762,0.010811986,5868998,eclipsing_binary
1577.5885770027032,1.0036694,0.010781775,5868998,eclipsing_binary
1577.5899659026402,0.99923855,0.010823141,5868998,eclipsing_binary
1577.5913548030423,1.0002106,0.01077961,5868998,eclipsing_binary
1577.5927437029789,0.98223764,0.010753145,5868998,eclipsing_binary
1577.5941326029158,1.0100766,0.010810938,5868998,eclipsing_binary
1577.5955215033189,0.99175256,0.010775018,5868998,eclipsing_binary
1577.5969104032554,1.0122447,0.010799647,5868998,eclipsing_binary
1577.5982993031917,1.0111092,0.010785501,5868998,eclipsing_binary
1577.5996882035945,1.002216,0.010797398,5868998,eclipsing_binary
1577.6010771035315,0.9917818,0.010791154,5868998,eclipsing_binary
1577.602466003468,1.009579,0.0107943285,5868998,eclipsing_binary
1577.6038549038701,0.98624873,0.010773551,5868998,eclipsing_binary
1577.6052438038073,0.997618,0.010769387,5868998,eclipsing_binary
1577.6066327037445,0.99193686,0.010765768,5868998,eclipsing_binary
1577.6080216041466,1.001959,0.01078979,5868998,eclipsing_binary
1577.6094105040831,1.0003117,0.010781305,5868998,eclipsing_binary
1577.61079940402,0.99037534,0.010761223,5868998,eclipsing_binary
1577.6121883044223,0.996449,0.010775471,5868998,eclipsing_binary
1577.6135772043588,1.0211481,0.010798626,5868998,eclipsing_binary
1577.6149661042957,1.0060604,0.0107744085,5868998,eclipsing_binary
1577.616355004233,1.0012493,0.010785669,5868998,eclipsing_binary
1577.6177439046348,1.0095241,0.010792333,5868998,eclipsing_binary
1577.6191328045713,1.005594,0.010797575,5868998,eclipsing_binary
1577.6205217045087,0.9875146,0.010788357,5868998,eclipsing_binary
1577.6219106044457,1.0027462,0.010788086,5868998,eclipsing_binary
1577.6232995048479,0.99884576,0.010784844,5868998,eclipsing_binary
1577.6246884047844,0.9928323,0.010796193,5868998,eclipsing_binary
1577.6260773047213,1.012966,0.010797942,5868998,eclipsing_binary
1577.6274662046578,1.0098004,0.010792069,5868998,eclipsing_binary
1577.62885510506,0.99622047,0.01077336,5868998,eclipsing_binary
1577.630244004997,1.0031492,0.010787626,5868998,eclipsing_binary
1577.6316329049343,1.0049076,0.010798871,5868998,eclipsing_binary
1577.6330218048709,0.99713814,0.01078203,5868998,eclipsing_binary
1577.6344107048071,1.0161538,0.010812568,5868998,eclipsing_binary
1577.6357996047443,1.0165471,0.010801662,5868998,eclipsing_binary
1577.637188505147,1.0187811,0.010804346,5868998,eclipsing_binary
1577.6385774050834,0.99233997,0.010773953,5868998,eclipsing_binary
1577.63996630502,1.0003722,0.010790918,5868998,eclipsing_binary
1577.6413552049569,1.0047423,0.010779772,5868998,eclipsing_binary
1577.6427441048943,1.0134403,0.010798136,5868998,eclipsing_binary
1577.6441330048308,1.0052425,0.010782486,5868998,eclipsing_binary
1577.6455219047673,0.97546273,0.010777554,5868998,eclipsing_binary
1577.6469108047042,0.9849069,0.010771879,5868998,eclipsing_binary
1577.6482997046407,0.9995428,0.010785755,5868998,eclipsing_binary
1577.649688605043,1.0076605,0.010794267,5868998,eclipsing_binary
1577.6510775049799,1.0071611,0.010791744,5868998,eclipsing_binary
1577.652466404917,0.9981904,0.010764704,5868998,eclipsing_binary
1577.6538553048533,0.9918834,0.010787517,5868998,eclipsing_binary
1577.6552442047898,1.0095255,0.010777738,5868998,eclipsing_binary
1577.6566331047272,0.99862367,0.010772115,5868998,eclipsing_binary
1577.6580220046642,0.9923265,0.010779055,5868998,eclipsing_binary
1577.6594109046007,0.99616426,0.0108231325,5868998,eclipsing_binary
1577.6607998045372,0.9919201,0.010773025,5868998,eclipsing_binary
1577.6621887044741,0.9960257,0.010770089,5868998,eclipsing_binary
1577.6635776044106,1.0059518,0.010798206,5868998,eclipsing_binary
1577.6649665043471,0.98431116,0.010767155,5868998,eclipsing_binary
1577.666355404284,1.0093765,0.010794646,5868998,eclipsing_binary
1577.6677443042215,0.99802935,0.010777185,5868998,eclipsing_binary
1577.669133204158,0.9844228,0.010751056,5868998,eclipsing_binary
1577.6705221040943,0.97452146,0.010784993,5868998,eclipsing_binary
1577.6719110040315,1.0031688,0.010782519,5868998,eclipsing_binary
1577.6732999039684,1.0289993,0.010833662,5868998,eclipsing_binary
1577.674688803905,0.98500896,0.010768226,5868998,eclipsing_binary
1577.6760777033758,1.0220298,0.010812276,5868998,eclipsing_binary
1577.6774666033127,0.98582226,0.010753046,5868998,eclipsing_binary
1577.6788555032501,1.0168636,0.010839849,5868998,eclipsing_binary
1577.6802444031866,1.0015918,0.010783444,5868998,eclipsing_binary
1577.6816333031231,1.0010723,0.01077854,5868998,eclipsing_binary
1577.68302220306,0.99763006,0.010788997,5868998,eclipsing_binary
1577.6844111029966,0.9992618,0.010767978,5868998,eclipsing_binary
1577.685800002933,1.0088491,0.010784733,5868998,eclipsing_binary
1577.68718890287,1.0106378,0.010793165,5868998,eclipsing_binary
1577.6885778023416,0.99173987,0.010772115,5868998,eclipsing_binary
1577.6899667022778,1.0200887,0.01081179,5868998,eclipsing_binary
1577.6913556022143,0.99200726,0.010763446,5868998,eclipsing_binary
1577.6927445021518,0.9913055,0.010790301,5868998,eclipsing_binary
1577.6941334020887,0.9854022,0.010763721,5868998,eclipsing_binary
1577.6955223020252,1.0056283,0.010780384,5868998,eclipsing_binary
1577.696911201496,0.9950674,0.010799836,5868998,eclipsing_binary
1577.698300101433,0.9880597,0.01076617,5868998,eclipsing_binary
1577.6996890013695,0.98997855,0.010774553,5868998,eclipsing_binary
1577.701077901306,0.9855762,0.010804907,5868998,eclipsing_binary
1577.702466801243,1.0006526,0.010762236,5868998,eclipsing_binary
1577.7038557007147,1.0128493,0.01080548,5868998,eclipsing_binary
1577.7052446006512,0.9961788,0.010774311,5868998,eclipsing_binary
1577.7066335005875,0.9945122,0.010762933,5868998,eclipsing_binary
1577.7080224005247,1.0148023,0.01079756,5868998,eclipsing_binary
1577.709411299996,0.98621374,0.010769495,5868998,eclipsing_binary
1577.7108001999325,1.0130508,0.010791634,5868998,eclipsing_binary
1577.712189099869,0.9998018,0.010783505,5868998,eclipsing_binary
1577.713577999806,1.0135251,0.010777888,5868998,eclipsing_binary
1577.7149668992777,0.9881474,0.010778683,5868998,eclipsing_binary
1577.7163557992142,0.9870512,0.010764376,5868998,eclipsing_binary
1577.7177446991504,1.0087026,0.010780952,5868998,eclipsing_binary
1577.719133598622,1.0000831,0.010781524,5868998,eclipsing_binary
1577.7205224985585,0.9972937,0.010770118,5868998,eclipsing_binary
1577.721911398495,1.0102788,0.01080744,5868998,eclipsing_binary
1577.7233002979663,0.99915856,0.010798047,5868998,eclipsing_binary
1577.7246891979034,0.9868493,0.010761909,5868998,eclipsing_binary
1577.7260780978397,1.0053138,0.010790841,5868998,eclipsing_binary
1577.7274669973106,0.9913145,0.01076587,5868998,eclipsing_binary
1577.728855897248,0.99987096,0.010771466,5868998,eclipsing_binary
1577.730244797185,0.99668634,0.010778144,5868998,eclipsing_binary
1577.7316336966558,1.0038438,0.010786166,5868998,eclipsing_binary
1577.7330225965923,0.9990158,0.010792712,5868998,eclipsing_binary
1577.7344114960636,0.997528,0.010785918,5868998,eclipsing_binary
1577.7358003960007,0.99981886,0.01078554,5868998,eclipsing_binary
1577.737189295937,1.0009288,0.010785242,5868998,eclipsing_binary
1577.7385781954079,0.9732767,0.010743516,5868998,eclipsing_binary
1577.7399670953453,0.9935084,0.010805191,5868998,eclipsing_binary
1577.7413559948159,1.018207,0.010814121,5868998,eclipsing_binary
1577.7427448947521,0.99676085,0.010780241,5868998,eclipsing_binary
1577.744133794224,1.0100739,0.010800616,5868998,eclipsing_binary
1577.7455226941609,0.99276775,0.010776635,5868998,eclipsing_binary
1577.7469115936317,1.0018576,0.010785085,5868998,eclipsing_binary
1577.7483004935682,1.019311,0.010816105,5868998,eclipsing_binary
1577.7496893930395,1.0221361,0.010819716,5868998,eclipsing_binary
1577.751078292977,1.0038441,0.01078455,5868998,eclipsing_binary
1577.7524671924477,0.99758655,0.010774117,5868998,eclipsing_binary
1577.753856092384,0.9891291,0.010773916,5868998,eclipsing_binary
1577.7552449918555,1.0100971,0.010806073,5868998,eclipsing_binary
1577.756633891792,0.9722123,0.010739743,5868998,eclipsing_binary
1577.7580227912629,0.9862168,0.010753032,5868998,eclipsing_binary
1577.7594116911998,1.0068944,0.010805552,5868998,eclipsing_binary
1577.7608005906711,0.99011695,0.010768424,5868998,eclipsing_binary
1577.7621894906076,0.9946104,0.010764385,5868998,eclipsing_binary
1577.7635783900785,1.0011572,0.01077727,5868998,eclipsing_binary
1577.7649672900159,1.0120634,0.010800029,5868998,eclipsing_binary
1577.7663561894872,1.0031134,0.010788909,5868998,eclipsing_binary
1577.767745088958,0.98301005,0.010767479,5868998,eclipsing_binary
1577.7691339888945,1.01232,0.010800012,5868998,eclipsing_binary
1577.7705228883658,1.0127639,0.010796654,5868998,eclipsing_binary
1577.771911788303,1.0081779,0.010786074,5868998,eclipsing_binary
1577.7733006877736,1.0071261,0.010780902,5868998,eclipsing_binary
1577.7746895872444,1.0034313,0.010792291,5868998,eclipsing_binary
1577.7760784871818,0.99197453,0.010788228,5868998,eclipsing_binary
1577.7774673866525,1.0012939,0.010768326,5868998,eclipsing_binary
1577.778856286123,1.0022388,0.010761392,5868998,eclipsing_binary
1577.7802451860605,1.0029562,0.010782464,5868998,eclipsing_binary
1577.7816340855318,1.0112686,0.01079092,5868998,eclipsing_binary
1577.7830229850026,0.98681635,0.010761673,5868998,eclipsing_binary
1577.7844118849391,0.9979797,0.010779929,5868998,eclipsing_binary
1577.7858007844104,0.99653184,0.010776656,5868998,eclipsing_binary
1577.7871896838822,1.0135111,0.010795124,5868998,eclipsing_binary
1577.7885785838187,1.0025516,0.0107844835,5868998,eclipsing_binary
1577.7899674832893,1.0131476,0.010787744,5868998,eclipsing_binary
1577.7913563827608,1.0023792,0.010803378,5868998,eclipsing_binary
1577.7927452822316,0.9868393,0.010758095,5868998,eclipsing_binary
1577.7941341821681,1.0061458,0.010803628,5868998,eclipsing_binary
1577.7955230816394,1.0048769,0.010790086,5868998,eclipsing_binary
1577.7969119811107,0.9803786,0.010784746,5868998,eclipsing_binary
1577.7983008805816,0.9895887,0.010762212,5868998,eclipsing_binary
1577.799689780518,1.0065218,0.0107797235,5868998,eclipsing_binary
1577.8010786799896,0.9961977,0.010774048,5868998,eclipsing_binary
1577.802467579461,1.0133797,0.0108094495,5868998,eclipsing_binary
1577.803856478932,0.99613035,0.010773641,5868998,eclipsing_binary
1577.8052453784028,0.98872447,0.0107631795,5868998,eclipsing_binary
1577.8066342783397,1.0051882,0.010811693,5868998,eclipsing_binary
1577.8080231778113,0.97632396,0.0107543655,5868998,eclipsing_binary
1577.8094120772819,1.0122085,0.01079035,5868998,eclipsing_binary
1577.8108009767527,1.0000049,0.010775501,5868998,eclipsing_binary
1577.8121898762245,0.9791931,0.010748742,5868998,eclipsing_binary
1577.813578775695,0.9802943,0.010753818,5868998,eclipsing_binary
1577.8149676756314,1.0036579,0.010780097,5868998,eclipsing_binary
1577.816356575103,1.0002537,0.010789471,5868998,eclipsing_binary
1577.8177454745744,0.98543346,0.0107772155,5868998,eclipsing_binary
1577.8191343740452,1.0276066,0.010817567,5868998,eclipsing_binary
1577.820523273516,1.0154147,0.010797006,5868998,eclipsing_binary
1577.8219121729874,1.0013385,0.010784372,5868998,eclipsing_binary
1577.8233010724591,1.0144516,0.01080354,5868998,eclipsing_binary
1577.8246899719297,0.9978537,0.010791986,5868998,eclipsing_binary
1577.8260788714003,1.0139364,0.01079383,5868998,eclipsing_binary
1577.827467770872,1.0028827,0.010780134,5868998,eclipsing_binary
1577.828856670343,0.9838215,0.010752688,5868998,eclipsing_binary
1577.8302455698138,0.9953868,0.010777937,5868998,eclipsing_binary
1577.8316344697507,1.007579,0.010781432,5868998,eclipsing_binary
1577.833023369222,1.0009323,0.010823863,5868998,eclipsing_binary
1577.8344122686929,1.0024081,0.010780568,5868998,eclipsing_binary
1577.8358011681637,0.999213,0.010799711,5868998,eclipsing_binary
1577.8371900676352,0.9989091,0.01077856,5868998,eclipsing_binary
1577.8385789671067,1.0071149,0.01079286,5868998,eclipsing_binary
1577.8399678665776,0.98091066,0.010739683,5868998,eclipsing_binary
1577.8413567660484,1.0107678,0.010812326,5868998,eclipsing_binary
1577.8427456655197,1.0151925,0.010798116,5868998,eclipsing_binary
1577.844134564991,1.0217025,0.0108071435,5868998,eclipsing_binary
1577.8455234644618,1.0114352,0.010790888,5868998,eclipsing_binary
1577.846912363467,0.99423814,0.010730897,5868998,eclipsing_binary
1577.8483012629388,0.9991649,0.0107566025,5868998,eclipsing_binary
1577.8496901624094,0.99398357,0.010772904,5868998,eclipsing_binary
1577.85107906188,1.008816,0.010793326,5868998,eclipsing_binary
1577.8524679613517,0.9998482,0.010786964,5868998,eclipsing_binary
1577.853856860823,0.9848244,0.0107575385,5868998,eclipsing_binary
1577.8552457602939,0.9978456,0.01076865,5868998,eclipsing_binary
1577.8566346597647,0.98850447,0.010791895,5868998,eclipsing_binary
1577.858023559236,1.0086353,0.010824126,5868998,eclipsing_binary
1577.8594124587078,0.9909694,0.010760509,5868998,eclipsing_binary
1577.8608013581784,1.0008377,0.0107938,5868998,eclipsing_binary
1577.8621902571833,1.0041903,0.01077831,5868998,eclipsing_binary
1577.863579156655,1.0067073,0.0108208265,5868998,eclipsing_binary
1577.8649680561264,0.99641275,0.010771206,5868998,eclipsing_binary
1577.8663569555972,0.991381,0.010812675,5868998,eclipsing_binary
1577.867745855068,0.9991135,0.010778447,5868998,eclipsing_binary
1577.8691347545393,0.99769014,0.010788998,5868998,eclipsing_binary
1577.8705236535445,1.0009248,0.010760546,5868998,eclipsing_binary
1577.8719125530154,1.0105715,0.0108128255,5868998,eclipsing_binary
1577.8733014524869,0.9986188,0.010781286,5868998,eclipsing_binary
1577.8746903519584,1.0086075,0.010840829,5868998,eclipsing_binary
1577.8760792514292,0.99230283,0.010752124,5868998,eclipsing_binary
1577.8774681504344,0.99534816,0.010780355,5868998,eclipsing_binary
1577.8788570499057,1.0010473,0.010764725,5868998,eclipsing_binary
1577.880245949377,0.99035394,0.010796316,5868998,eclipsing_binary
1577.8816348488479,1.0089703,0.010791703,5868998,eclipsing_binary
1577.8830237483187,1.004984,0.010779586,5868998,eclipsing_binary
1577.8844126473246,0.9883995,0.010757304,5868998,eclipsing_binary
1577.8858015467952,1.0057365,0.010857601,5868998,eclipsing_binary
1577.887190446266,0.9944009,0.01079995,5868998,eclipsing_binary
1577.888579345272,0.99064505,0.010761972,5868998,eclipsing_binary
1577.8899682447434,1.0080018,0.010789014,5868998,eclipsing_binary
1577.8913571442142,1.0058881,0.010779913,5868998,eclipsing_binary
1577.892746043685,1.0077341,0.010782058,5868998,eclipsing_binary
1577.8941349426907,0.9968653,0.010764175,5868998,eclipsing_binary
1577.8955238421624,0.986919,0.010746843,5868998,eclipsing_binary
1577.896912741633,0.9995625,0.010768323,5868998,eclipsing_binary
1577.898301640638,1.009191,0.010796355,5868998,eclipsing_binary
1577.8996905401098,0.9995539,0.010779127,5868998,eclipsing_binary
1577.9010794391154,0.9973727,0.010800022,5868998,eclipsing_binary
1577.9024683385862,1.0001328,0.010794377,5868998,eclipsing_binary
1577.903857238057,1.0110699,0.01079525,5868998,eclipsing_binary
1577.9052461370627,1.0123265,0.010795734,5868998,eclipsing_binary
1577.9066350365335,1.0145807,0.010794667,5868998,eclipsing_binary
1577.9080239360044,0.9909276,0.010744462,5868998,eclipsing_binary
1577.90941283501,1.0110474,0.010791633,5868998,eclipsing_binary
1577.9108017344818,0.98882663,0.010758,5868998,eclipsing_binary
1577.912190633487,0.99933445,0.010761472,5868998,eclipsing_binary
1577.9135795329578,1.0151757,0.010803174,5868998,eclipsing_binary
1577.9149684319634,0.9958544,0.0107637765,5868998,eclipsing_binary
1577.9163573314347,0.9944631,0.010785034,5868998,eclipsing_binary
1577.9177462309055,0.99592936,0.010771105,5868998,eclipsing_binary
1577.9191351299107,0.99558175,0.010766151,5868998,eclipsing_binary
1577.9205240293822,1.0068967,0.0107931765,5868998,eclipsing_binary
1577.9219129283872,0.9944586,0.010802434,5868998,eclipsing_binary
1577.923301827858,1.0094925,0.0107948985,5868998,eclipsing_binary
1577.9246907268641,0.9977667,0.010779388,5868998,eclipsing_binary
1577.9260796263354,1.0057478,0.010782461,5868998,eclipsing_binary
1577.9274685253406,1.0009694,0.0107699605,5868998,eclipsing_binary
1577.9288574248114,0.9943515,0.010753645,5868998,eclipsing_binary
1577.930246323817,1.0091163,0.010798914,5868998,eclipsing_binary
1577.9316352232888,1.0031048,0.010810049,5868998,eclipsing_binary
1577.9330241222938,0.9897188,0.010768189,5868998,eclipsing_binary
1577.9344130217644,0.9882615,0.01076297,5868998,eclipsing_binary
1577.9358019207705,0.9963797,0.010809013,5868998,eclipsing_binary
1577.937190819776,0.9808113,0.01077016,5868998,eclipsing_binary
1577.938579719247,0.9898562,0.0108181285,5868998,eclipsing_binary
1577.9399686182521,0.98707974,0.010761784,5868998,eclipsing_binary
1577.9413575177234,1.0028149,0.010787036,5868998,eclipsing_binary
1577.9427464167286,1.0124679,0.010798136,5868998,eclipsing_binary
1577.9441353157338,0.9971567,0.010757597,5868998,eclipsing_binary
1577.945524215205,1.0033774,0.01078581,5868998,eclipsing_binary
1577.9469131142112,0.995365,0.010771771,5868998,eclipsing_binary
1577.948302013682,1.0144972,0.010842907,5868998,eclipsing_binary
1577.9496909126872,1.0183376,0.010806527,5868998,eclipsing_binary
1577.9510798116928,0.99981266,0.010766932,5868998,eclipsing_binary
1577.952468711164,0.98430914,0.01075764,5868998,eclipsing_binary
1577.9538576101693,0.9953775,0.010831567,5868998,eclipsing_binary
1577.9552465091745,1.0143284,0.010791435,5868998,eclipsing_binary
1577.956635408646,1.0003148,0.0107819205,5868998,eclipsing_binary
1577.958024307651,1.0054296,0.0108237425,5868998,eclipsing_binary
1577.959413206656,1.0086414,0.010781224,5868998,eclipsing_binary
1577.9608021061279,1.0047252,0.010769939,5868998,eclipsing_binary
1577.9621910051335,0.9916025,0.010768242,5868998,eclipsing_binary
1577.9635799041387,0.98787904,0.010744393,5868998,eclipsing_binary
1577.9649688031438,0.9933212,0.010773612,5868998,eclipsing_binary
1577.9663577026151,1.0198704,0.010804165,5868998,eclipsing_binary
1577.9677466016212,1.0144825,0.010798181,5868998,eclipsing_binary
1577.9691355006262,1.0137131,0.01080758,5868998,eclipsing_binary
1577.9705243996311,0.97976375,0.0107432855,5868998,eclipsing_binary
1577.9719132991029,1.0117227,0.010800291,5868998,eclipsing_binary
1577.9733021981085,1.0155336,0.01082429,5868998,eclipsing_binary
1577.9746910971137,0.9892302,0.0107714115,5868998,eclipsing_binary
1577.9760799961189,1.0036861,0.01082844,5868998,eclipsing_binary
1577.9774688951245,1.001651,0.010786465,5868998,eclipsing_binary
1577.9788577945953,1.0112828,0.01079603,5868998,eclipsing_binary
1577.9802466936005,1.006897,0.010787,5868998,eclipsing_binary
1577.9816355926062,0.9924105,0.010761531,5868998,eclipsing_binary
1577.9830244916122,1.0088254,0.010807221,5868998,eclipsing_binary
1577.9844133906174,0.9969657,0.010817573,5868998,eclipsing_binary
1577.985802290088,1.0055674,0.01083578,5868998,eclipsing_binary
1577.987191189094,1.0204947,0.010807447,5868998,eclipsing_binary
1577.9885800880995,1.0093721,0.010794679,5868998,eclipsing_binary
1577.9899689871047,1.0255761,0.010827195,5868998,eclipsing_binary
1577.9913578861099,1.0063964,0.010780773,5868998,eclipsing_binary
1577.9927467851157,1.0183219,0.010801793,5868998,eclipsing_binary
1577.9941356841216,0.9965729,0.010764667,5868998,eclipsing_binary
1577.9955245831268,1.0111783,0.010805196,5868998,eclipsing_binary
1577.996913482132,1.0331514,0.010826223,5868998,eclipsing_binary
1577.9983023816033,0.9839715,0.010757061,5868998,eclipsing_binary
1577.9996912806084,1.0124085,0.010809443,5868998,eclipsing_binary
1578.0010801796136,1.01146,0.010789572,5868998,eclipsing_binary
1578.0024690786192,0.99324936,0.010765019,5868998,eclipsing_binary
1578.003857977625,1.0051503,0.010787787,5868998,eclipsing_binary
1578.00524687663,1.0010478,0.010797782,5868998,eclipsing_binary
1578.0066357756352,1.0076352,0.010781823,5868998,eclipsing_binary
1578.0080246746413,0.99760026,0.010762689,5868998,eclipsing_binary
1578.009413573647,0.99466896,0.01078369,5868998,eclipsing_binary
1578.0108024726521,1.0060802,0.010772186,5868998,eclipsing_binary
1578.0121913716573,1.0042347,0.01079928,5868998,eclipsing_binary
1578.013580270663,1.0071732,0.010792342,5868998,eclipsing_binary
1578.0149691696681,1.001069,0.010770957,5868998,eclipsing_binary
1578.0163580686733,0.9904591,0.010775707,5868998,eclipsing_binary
1578.017746967679,1.0045482,0.010800059,5868998,eclipsing_binary
1578.019135866685,0.99635375,0.01077798,5868998,eclipsing_binary
1578.0205247656902,1.0030727,0.010781106,5868998,eclipsing_binary
1578.0219136646951,1.0058414,0.010786541,5868998,eclipsing_binary
1578.023302563701,1.0048463,0.01077626,5868998,eclipsing_binary
1578.024691462241,1.0136638,0.010779638,5868998,eclipsing_binary
1578.0260803612462,0.9915593,0.0107596675,5868998,eclipsing_binary
1578.0274692602513,0.9941001,0.010759596,5868998,eclipsing_binary
1578.028858159257,0.99009365,0.010751579,5868998,eclipsing_binary
1578.030247058263,1.0190496,0.010795358,5868998,eclipsing_binary
1578.0316359572682,0.99241334,0.010767959,5868998,eclipsing_binary
1578.0330248562734,1.0093995,0.0107794255,5868998,eclipsing_binary
1578.034413755279,1.0037359,0.010769647,5868998,eclipsing_binary
1578.0358026542842,0.99579436,0.010763221,5868998,eclipsing_binary
1578.0371915528237,0.97474205,0.010761641,5868998,eclipsing_binary
1578.0385804518294,1.020691,0.010805656,5868998,eclipsing_binary
1578.0399693508352,1.0199283,0.010814162,5868998,eclipsing_binary
1578.0413582498402,0.98748296,0.010770285,5868998,eclipsing_binary
1578.0427471488454,0.99223334,0.010765929,5868998,eclipsing_binary
1578.0441360478515,0.9928012,0.010771156,5868998,eclipsing_binary
1578.0455249463914,0.99674255,0.010772647,5868998,eclipsing_binary
1578.0469138453966,1.0070556,0.010800271,5868998,eclipsing_binary
1578.0483027444018,1.0160744,0.010804526,5868998,eclipsing_binary
1578.0496916434074,0.9898521,0.010781828,5868998,eclipsing_binary
1578.051080541947,1.0060424,0.010775473,5868998,eclipsing_binary
1578.052469440952,0.9849556,0.010754651,5868998,eclipsing_binary
1578.0538583399577,1.0098593,0.01080899,5868998,eclipsing_binary
1578.0552472389638,1.0103806,0.010773389,5868998,eclipsing_binary
1578.0566361375033,1.0270116,0.010799615,5868998,eclipsing_binary
1578.0580250365083,0.98193544,0.01076129,5868998,eclipsing_binary
1578.0594139355142,0.9915097,0.010750734,5868998,eclipsing_binary
1578.0608028345198,0.9817164,0.010753295,5868998,eclipsing_binary
1578.0621917330593,1.0215873,0.010796953,5868998,eclipsing_binary
1578.0635806320645,1.014176,0.010809403,5868998,eclipsing_binary
1578.0649695310701,0.98596996,0.010738503,5868998,eclipsing_binary
1578.0663584296105,1.0037662,0.010783059,5868998,eclipsing_binary
1578.0677473286157,1.0032341,0.010770833,5868998,eclipsing_binary
1578.0691362276207,1.0003209,0.010781121,5868998,eclipsing_binary
1578.0705251261609,1.0081434,0.010788905,5868998,eclipsing_binary
1578.071914025166,0.99602336,0.010747585,5868998,eclipsing_binary
1578.0733029241712,0.9918874,0.010769151,5868998,eclipsing_binary
1578.0746918227112,1.0010644,0.010776317,5868998,eclipsing_binary
1578.076080721717,1.009378,0.010784119,5868998,eclipsing_binary
1578.077469620722,0.998533,0.010760772,5868998,eclipsing_binary
1578.0788585192615,0.9996627,0.010762929,5868998,eclipsing_binary
1578.0802474182676,1.0194846,0.010799418,5868998,eclipsing_binary
1578.0816363168076,0.98755324,0.010756236,5868998,eclipsing_binary
1578.0830252158128,1.0005141,0.010779293,5868998,eclipsing_binary
1578.084414114818,0.9965566,0.010767862,5868998,eclipsing_binary
1578.085803013358,1.0108348,0.010798771,5868998,eclipsing_binary
1578.087191912363,1.0053327,0.010774894,5868998,eclipsing_binary
1578.0885808109026,0.99353045,0.010776002,5868998,eclipsing_binary
1578.0899697099082,1.0030344,0.010779058,5868998,eclipsing_binary
1578.0913586084487,0.9947768,0.010778812,5868998,eclipsing_binary
1578.0927475074536,0.9871894,0.010744446,5868998,eclipsing_binary
1578.094136405993,0.99581665,0.010763724,5868998,eclipsing_binary
1578.095525304999,0.9995096,0.010804935,5868998,eclipsing_binary
1578.096914203539,1.0090287,0.010793825,5868998,eclipsing_binary
1578.0983031025442,1.0008243,0.0107623795,5868998,eclipsing_binary
1578.0996920010837,1.0003526,0.010781904,5868998,eclipsing_binary
1578.1010809000893,1.0073189,0.01079889,5868998,eclipsing_binary
1578.1024697986297,1.0097351,0.01078395,5868998,eclipsing_binary
1578.103858697635,1.0130128,0.010795934,5868998,eclipsing_binary
1578.1052475961742,0.9939249,0.010750027,5868998,eclipsing_binary
1578.10663649518,1.0135462,0.0108008925,5868998,eclipsing_binary
1578.1080253937196,0.9910317,0.010784596,5868998,eclipsing_binary
1578.109414292259,1.0006647,0.010766571,5868998,eclipsing_binary
1578.1108031912647,0.9890655,0.010760093,5868998,eclipsing_binary
1578.1121920898047,1.0002866,0.010785697,5868998,eclipsing_binary
1578.1135809888099,0.9920843,0.010784388,5868998,eclipsing_binary
1578.1149698873494,1.0072871,0.010804109,5868998,eclipsing_binary
1578.1163587863555,0.9837675,0.010758072,5868998,eclipsing_binary
1578.1177476848954,0.99633306,0.01076781,5868998,eclipsing_binary
1578.119136583435,1.0015438,0.010765469,5868998,eclipsing_binary
1578.1205254824401,0.9876911,0.010765545,5868998,eclipsing_binary
1578.1219143809801,1.0052209,0.010775102,5868998,eclipsing_binary
1578.1233032795203,1.0080001,0.010804552,5868998,eclipsing_binary
1578.1246921785253,0.98529416,0.010752834,5868998,eclipsing_binary
1578.1260810770648,0.998458,0.010772423,5868998,eclipsing_binary
1578.1274699756052,1.013111,0.010789656,5868998,eclipsing_binary
1578.1288588746102,1.0016818,0.010795472,5868998,eclipsing_binary
1578.1302477731494,1.0325292,0.010828966,5868998,eclipsing_binary
1578.1316366716899,1.0201639,0.010800247,5868998,eclipsing_binary
1578.1330255706955,1.0182642,0.010783962,5868998,eclipsing_binary
1578.134414469235,1.0038022,0.010774717,5868998,eclipsing_binary
1578.1358033677745,1.0095627,0.0107845785,5868998,eclipsing_binary
1578.1371922663145,1.0004272,0.010766507,5868998,eclipsing_binary
1578.1385811653206,1.0004352,0.010761068,5868998,eclipsing_binary
1578.1399700638601,1.0041455,0.010758271,5868998,eclipsing_binary
1578.1413589623994,0.99327767,0.010752874,5868998,eclipsing_binary
1578.1427478609396,1.0038987,0.010772031,5868998,eclipsing_binary
1578.1441367599448,1.0152818,0.010775018,5868998,eclipsing_binary
1578.1455256584843,0.98534685,0.010736188,5868998,eclipsing_binary
1578.1469145570243,0.9938194,0.010765211,5868998,eclipsing_binary
1578.1483034555642,0.9817809,0.01077975,5868998,eclipsing_binary
1578.1496923541038,0.98128873,0.010728826,5868998,eclipsing_binary
1578.151081253109,1.0045489,0.010810399,5868998,eclipsing_binary
1578.1524701516491,1.00462,0.010776182,5868998,eclipsing_binary
1578.1538590501893,1.0080175,0.0107881315,5868998,eclipsing_binary
1578.1552479487289,0.99512595,0.010780888,5868998,eclipsing_binary
1578.1566368472684,1.0040436,0.010775392,5868998,eclipsing_binary
1578.1580257458083,1.0065584,0.010808858,5868998,eclipsing_binary
1578.1594146443485,0.9932159,0.010788695,5868998,eclipsing_binary
1578.1608035433535,1.0239377,0.010813899,5868998,eclipsing_binary
1578.162192441893,1.0085733,0.010789432,5868998,eclipsing_binary
1578.1635813404334,0.9867358,0.010764525,5868998,eclipsing_binary
1578.1649702389727,1.0078613,0.01080369,5868998,eclipsing_binary
1578.166359137512,1.0065787,0.010770011,5868998,eclipsing_binary
1578.1677480360524,1.0005558,0.010779647,5868998,eclipsing_binary
1578.1691369345924,0.9883454,0.010763123,5868998,eclipsing_binary
1578.170525833132,0.9883673,0.0107589755,5868998,eclipsing_binary
1578.1719147316714,0.98353034,0.010746581,5868998,eclipsing_binary
1578.1733036302114,1.0136303,0.01080158,5868998,eclipsing_binary
1578.1746925287518,0.9828743,0.010739764,5868998,eclipsing_binary
1578.1760814272911,0.9986806,0.010769242,5868998,eclipsing_binary
1578.1774703258304,1.0088714,0.01078585,5868998,eclipsing_binary
1578.1788592243709,0.995791,0.010754637,5868998,eclipsing_binary
1578.1802481229104,0.96142215,0.010707621,5868998,eclipsing_binary
1578.18163702145,0.96791005,0.0107194,5868998,eclipsing_binary
1578.1830259199899,0.97432256,0.010770783,5868998,eclipsing_binary
1578.1844148185298,0.96239036,0.010720562,5868998,eclipsing_binary
1578.1858037170693,0.9467788,0.010689443,5868998,eclipsing_binary
1578.1871926156089,0.9494007,0.010666901,5868998,eclipsing_binary
1578.188581514149,0.96060354,0.010697737,5868998,eclipsing_binary
1578.1899704126893,0.9661862,0.010702839,5868998,eclipsing_binary
1578.1913593112288,0.9383402,0.010665989,5868998,eclipsing_binary
1578.1927482097683,0.97031957,0.010739888,5868998,eclipsing_binary
1578.1941371083083,0.9625882,0.010716674,5868998,eclipsing_binary
1578.1955260068482,0.94431263,0.010676785,5868998,eclipsing_binary
1578.1969149053878,0.9553059,0.01069186,5868998,eclipsing_binary
1578.1983038039273,0.94597703,0.010685705,5868998,eclipsing_binary
1578.1996927024677,0.95656466,0.010701016,5868998,eclipsing_binary
1578.201081601007,0.9462909,0.010694171,5868998,eclipsing_binary
1578.2024704990806,0.9433733,0.010674592,5868998,eclipsing_binary
1578.203859397621,0.97648925,0.010713195,5868998,eclipsing_binary
1578.205248296161,0.9590262,0.010699224,5868998,eclipsing_binary
1578.2066371947005,0.95748913,0.010712111,5868998,eclipsing_binary
1578.20802609324,0.96010965,0.0106922,5868998,eclipsing_binary
1578.20941499178,0.9823817,0.010715891,5868998,eclipsing_binary
1578.2108038903204,0.96934044,0.010732937,5868998,eclipsing_binary
1578.212192788394,0.96979517,0.010727334,5868998,eclipsing_binary
1578.2135816869334,0.9617613,0.01070676,5868998,eclipsing_binary
1578.2149705854738,0.98619473,0.010755748,5868998,eclipsing_binary
1578.2163594840133,0.98542476,0.010746783,5868998,eclipsing_binary
1578.2177483825528,1.00072,0.010756077,5868998,eclipsing_binary
1578.2191372806271,0.9914303,0.010778007,5868998,eclipsing_binary
1578.220526179167,0.99783385,0.010766006,5868998,eclipsing_binary
1578.2219150777066,1.0098908,0.010798291,5868998,eclipsing_binary
1578.2233039762461,1.0082868,0.01078565,5868998,eclipsing_binary
1578.2246928743207,1.0067005,0.010774928,5868998,eclipsing_binary
1578.2260817728609,1.0025532,0.010799175,5868998,eclipsing_binary
1578.2274706714004,0.9979208,0.010775554,5868998,eclipsing_binary
1578.22885956994,0.9996267,0.0107688075,5868998,eclipsing_binary
1578.2302484680142,0.98658085,0.01074745,5868998,eclipsing_binary
1578.2316373665542,0.992196,0.010763274,5868998,eclipsing_binary
1578.2330262650937,0.9935834,0.010755909,5868998,eclipsing_binary
1578.2344151631676,0.9918213,0.010757307,5868998,eclipsing_binary
1578.235804061708,0.9973138,0.010750599,5868998,eclipsing_binary
1578.2371929602473,0.98888427,0.0107520055,5868998,eclipsing_binary
1578.238581858321,0.9999788,0.010816678,5868998,eclipsing_binary
1578.2399707568613,0.99923587,0.01076572,5868998,eclipsing_binary
1578.2413596554013,0.9846216,0.010745457,5868998,eclipsing_binary
1578.2427485534752,1.0095477,0.010792173,5868998,eclipsing_binary
1578.2441374520147,1.0187768,0.010805708,5868998,eclipsing_binary
1578.2455263505547,1.0149482,0.010792196,5868998,eclipsing_binary
1578.2469152486285,1.0201361,0.010806139,5868998,eclipsing_binary
1578.2483041471673,0.9872375,0.010759932,5868998,eclipsing_binary
1578.249693045241,1.0097525,0.010755996,5868998,eclipsing_binary
1578.2510819437814,1.0075518,0.010779785,5868998,eclipsing_binary
1578.2524708418557,1.0166122,0.010786392,5868998,eclipsing_binary
1578.2538597403952,1.0111421,0.01077805,5868998,eclipsing_binary
1578.2552486389347,1.0011919,0.010768588,5868998,eclipsing_binary
1578.256637537009,1.0122297,0.01078529,5868998,eclipsing_binary
1578.2580264355486,0.9971752,0.010767178,5868998,eclipsing_binary
1578.2594153336224,1.0008347,0.010763845,5868998,eclipsing_binary
1578.2608042321624,1.0188721,0.0108014345,5868998,eclipsing_binary
1578.2621931302372,1.0049964,0.0107876295,5868998,eclipsing_binary
1578.2635820287767,0.99090105,0.0107760355,5868998,eclipsing_binary
1578.2649709268505,0.99751407,0.0107664615,5868998,eclipsing_binary
1578.2663598253905,1.0108722,0.010799476,5868998,eclipsing_binary
1578.2677487234648,1.0144374,0.010794304,5868998,eclipsing_binary
1578.2691376220043,1.0036428,0.010796455,5868998,eclipsing_binary
1578.2705265200782,0.9866793,0.010729993,5868998,eclipsing_binary
1578.2719154186184,0.9904721,0.010759752,5868998,eclipsing_binary
1578.273304316692,1.0057477,0.01078215,5868998,eclipsing_binary
1578.2746932152315,0.9877093,0.010739646,5868998,eclipsing_binary
1578.2760821133063,0.99542403,0.010813141,5868998,eclipsing_binary
1578.2774710113806,0.99856186,0.010791959,5868998,eclipsing_binary
1578.2788599099201,0.98961234,0.010782632,5868998,eclipsing_binary
1578.280248807994,0.9926821,0.010820029,5868998,eclipsing_binary
1578.281637706534,0.9972891,0.010754892,5868998,eclipsing_binary
1578.2830266046087,1.008596,0.0107819885,5868998,eclipsing_binary
1578.2844155026824,1.0271691,0.010804165,5868998,eclipsing_binary
1578.2858044012216,1.0147222,0.010787487,5868998,eclipsing_binary
1578.2871932992964,1.021762,0.010796621,5868998,eclipsing_binary
1578.2885821978364,0.99228907,0.010765048,5868998,eclipsing_binary
1578.2899710959102,1.0028061,0.0107756695,5868998,eclipsing_binary
1578.291359993984,1.0026603,0.010792983,5868998,eclipsing_binary
1578.292748892524,0.9998145,0.010793573,5868998,eclipsing_binary
1578.294137790598,1.0146264,0.010868788,5868998,eclipsing_binary
1578.2955266886718,1.009645,0.010784586,5868998,eclipsing_binary
1578.2969155872117,1.005577,0.01081569,5868998,eclipsing_binary
1578.2983044852865,0.9828552,0.01075215,5868998,eclipsing_binary
1578.2996933833604,1.0090137,0.010761477,5868998,eclipsing_binary
1578.301082281434,0.99555206,0.010765204,5868998,eclipsing_binary
1578.3024711799742,1.0135528,0.010782067,5868998,eclipsing_binary
1578.3038600780485,1.0115584,0.010777493,5868998,eclipsing_binary
1578.3052489761224,1.0027778,0.010787401,5868998,eclipsing_binary
1578.3066378746619,0.9959091,0.0107534295,5868998,eclipsing_binary
1578.3080267727364,1.0059326,0.010779749,5868998,eclipsing_binary
1578.30941567081,1.0056639,0.010787339,5868998,eclipsing_binary
1578.310804568884,0.9758248,0.0107382275,5868998,eclipsing_binary
1578.3121934669587,1.0056348,0.010793368,5868998,eclipsing_binary
1578.3135823654986,1.001266,0.010769146,5868998,eclipsing_binary
1578.3149712635725,1.0079976,0.010802492,5868998,eclipsing_binary
1578.3163601616463,0.9790127,0.01073855,5868998,eclipsing_binary
1578.3177490597207,1.0193971,0.0107954815,5868998,eclipsing_binary
1578.3191379577952,1.0008584,0.010779026,5868998,eclipsing_binary
1578.3205268563345,1.0092183,0.010789531,5868998,eclipsing_binary
1578.3219157544083,1.0007232,0.010765834,5868998,eclipsing_binary
1578.323304652483,0.99472445,0.010749122,5868998,eclipsing_binary
1578.3246935505574,1.0167091,0.010799035,5868998,eclipsing_binary
1578.3260824486313,0.9952385,0.010764009,5868998,eclipsing_binary
1578.3274713467051,1.0055622,0.010791275,5868998,eclipsing_binary
1578.3288602447794,0.9976538,0.010747702,5868998,eclipsing_binary
1578.330249143319,1.0240511,0.010791232,5868998,eclipsing_binary
1578.3316380413928,0.9845151,0.010742641,5868998,eclipsing_binary
1578.3330269394671,1.0194433,0.010785422,5868998,eclipsing_binary
1578.3344158375419,1.0058517,0.0107678855,5868998,eclipsing_binary
1578.3358047356157,1.0049931,0.0107756825,5868998,eclipsing_binary
1578.3371936336894,1.0057232,0.010818879,5868998,eclipsing_binary
1578.338582531764,0.9880414,0.010820929,5868998,eclipsing_binary
1578.3399714298382,1.0133141,0.010793072,5868998,eclipsing_binary
1578.341360327912,0.98642784,0.010750462,5868998,eclipsing_binary
1578.342749225986,1.0038363,0.010772424,5868998,eclipsing_binary
1578.3441381240602,1.0023082,0.010777125,5868998,eclipsing_binary
1578.345527022134,0.99686784,0.010767605,5868998,eclipsing_binary
1578.346915920208,0.99519974,0.010764445,5868998,eclipsing_binary
1578.3483048182827,0.98789734,0.010751223,5868998,eclipsing_binary
1578.349693716357,0.9987152,0.010780102,5868998,eclipsing_binary
1578.3510826144309,1.0090861,0.01078051,5868998,eclipsing_binary
1578.3524715125047,0.98811406,0.010769743,5868998,eclipsing_binary
1578.353860410579,0.9883528,0.010757482,5868998,eclipsing_binary
1578.3552493086536,1.0081636,0.01077625,5868998,eclipsing_binary
1578.3566382067272,1.015,0.010782551,5868998,eclipsing_binary
1578.358027104801,0.99536514,0.010763891,5868998,eclipsing_binary
1578.3594160028758,0.9941436,0.010769312,5868998,eclipsing_binary
1578.3608049009501,1.0075767,0.010789626,5868998,eclipsing_binary
1578.362193799024,1.002487,0.010759348,5868998,eclipsing_binary
1578.3635826970979,0.98523563,0.010763402,5868998,eclipsing_binary
1578.3649715951722,1.0046418,0.0107914945,5868998,eclipsing_binary
1578.3663604927804,0.99295664,0.010763556,5868998,eclipsing_binary
1578.3677493908542,0.9980583,0.010766114,5868998,eclipsing_binary
1578.3691382889285,1.0287338,0.010812104,5868998,eclipsing_binary
1578.3705271870033,1.0035926,0.01076487,5868998,eclipsing_binary
1578.3719160850771,1.0010738,0.010763641,5868998,eclipsing_binary
1578.3733049831508,1.0098859,0.010783662,5868998,eclipsing_binary
1578.3746938812253,0.9812176,0.010727441,5868998,eclipsing_binary
1578.376082778834,1.0021349,0.010774654,5868998,eclipsing_binary
1578.3774716769078,1.0044574,0.010764981,5868998,eclipsing_binary
1578.3788605749817,0.9936483,0.010775571,5868998,eclipsing_binary
1578.380249473056,0.98208064,0.010757825,5868998,eclipsing_binary
1578.3816383711307,1.0098618,0.010786956,5868998,eclipsing_binary
1578.3830272692046,0.9989337,0.010754728,5868998,eclipsing_binary
1578.3844161668126,1.0037447,0.010776218,5868998,eclipsing_binary
1578.385805064887,0.99179983,0.010782693,5868998,eclipsing_binary
1578.387193962961,1.0048048,0.0107733635,5868998,eclipsing_binary
1578.3885828610348,1.0121288,0.010788089,5868998,eclipsing_binary
1578.3899717586435,1.0085613,0.010803035,5868998,eclipsing_binary
1578.391360656718,1.0084181,0.010793254,5868998,eclipsing_binary
1578.3927495547916,0.9889874,0.010758659,5868998,eclipsing_binary
1578.3941384528655,1.0128846,0.010782161,5868998,eclipsing_binary
1578.3955273504746,0.99934876,0.010755227,5868998,eclipsing_binary
1578.396916248549,0.9806679,0.010753459,5868998,eclipsing_binary
1578.3983051466228,1.0046142,0.010786065,5868998,eclipsing_binary
1578.399694044231,1.0061499,0.010792634,5868998,eclipsing_binary
1578.4010829423053,0.9857934,0.01074001,5868998,eclipsing_binary
1578.4024718403791,1.010768,0.010785436,5868998,eclipsing_binary
1578.4038607379873,0.9939414,0.010766639,5868998,eclipsing_binary
1578.4052496360616,1.0066326,0.010797749,5868998,eclipsing_binary
1578.4066385341364,1.0088525,0.010806424,5868998,eclipsing_binary
1578.4080274317444,0.979717,0.0107366955,5868998,eclipsing_binary
1578.409416329818,1.0024629,0.010797095,5868998,eclipsing_binary
1578.4108052278928,1.0231371,0.0108132595,5868998,eclipsing_binary
1578.4121941255014,1.0060943,0.010792669,5868998,eclipsing_binary
1578.4135830235753,1.0105617,0.010795825,5868998,eclipsing_binary
1578.4149719211835,0.99051565,0.010756926,5868998,eclipsing_binary
1578.4163608192578,1.0043992,0.010783903,5868998,eclipsing_binary
1578.4177497173325,0.9953615,0.010764912,5868998,eclipsing_binary
1578.4191386149407,1.0025089,0.010772611,5868998,eclipsing_binary
1578.4205275130143,0.9989935,0.010780296,5868998,eclipsing_binary
1578.4219164106232,0.9845745,0.010751732,5868998,eclipsing_binary
1578.423305308697,1.0131248,0.010796707,5868998,eclipsing_binary
1578.4246942063053,1.0034962,0.010793859,5868998,eclipsing_binary
1578.4260831043796,1.019642,0.010807164,5868998,eclipsing_binary
1578.4274720019882,1.002746,0.01078117,5868998,eclipsing_binary
1578.428860900062,1.0107757,0.010838518,5868998,eclipsing_binary
1578.4302497976703,0.97690153,0.010732745,5868998,eclipsing_binary
1578.431638695745,0.97505194,0.010750494,5868998,eclipsing_binary
1578.4330275933537,0.9917757,0.010756545,5868998,eclipsing_binary
1578.4344164914276,0.9788308,0.010729197,5868998,eclipsing_binary
1578.4358053890357,1.0110365,0.010787572,5868998,eclipsing_binary
1578.43719428711,1.0079666,0.010786039,5868998,eclipsing_binary
1578.4385831847183,0.98274606,0.010738309,5868998,eclipsing_binary
1578.439972082792,1.0034806,0.01078543,5868998,eclipsing_binary
1578.4413609804008,1.0022298,0.010776274,5868998,eclipsing_binary
1578.4427498784755,1.0039324,0.010769458,5868998,eclipsing_binary
1578.4441387760835,1.0019716,0.010744825,5868998,eclipsing_binary
1578.4455276736915,0.99694586,0.0107828565,5868998,eclipsing_binary
1578.4469165717662,0.9898935,0.010794698,5868998,eclipsing_binary
1578.4483054693749,1.0168681,0.010797098,5868998,eclipsing_binary
1578.4496943674487,0.9872854,0.010753473,5868998,eclipsing_binary
1578.451083265057,0.98237807,0.010729015,5868998,eclipsing_binary
1578.4524721626656,0.9891833,0.01074972,5868998,eclipsing_binary
1578.4538610607403,0.98594964,0.010746347,5868998,eclipsing_binary
1578.4552499583485,1.0024064,0.010789235,5868998,eclipsing_binary
1578.4566388559565,1.0073256,0.010785344,5868998,eclipsing_binary
1578.458027754031,1.003961,0.010777477,5868998,eclipsing_binary
1578.4594166516392,0.98255444,0.010737121,5868998,eclipsing_binary
1578.4608055492474,0.9937394,0.010758117,5868998,eclipsing_binary
1578.4621944473217,1.0009607,0.010780475,5868998,eclipsing_binary
1578.4635833449304,0.98542064,0.010736914,5868998,eclipsing_binary
1578.4649722425386,1.0051284,0.0107818,5868998,eclipsing_binary
1578.4663611401468,1.0047805,0.01078895,5868998,eclipsing_binary
1578.4677500382213,0.9919248,0.010815119,5868998,eclipsing_binary
1578.4691389358302,0.99963653,0.010765714,5868998,eclipsing_binary
1578.4705278334384,0.9924972,0.010805851,5868998,eclipsing_binary
1578.4719167315122,1.0102947,0.010799621,5868998,eclipsing_binary
1578.473305629121,1.0095183,0.010790706,5868998,eclipsing_binary
1578.474694526729,0.9851726,0.010763725,5868998,eclipsing_binary
1578.4760834243373,0.98696005,0.010761461,5868998,eclipsing_binary
1578.477472321946,1.0145336,0.010816571,5868998,eclipsing_binary
1578.4788612200207,0.9965733,0.010766238,5868998,eclipsing_binary
1578.4802501176287,0.9840312,0.010759526,5868998,eclipsing_binary
1578.4816390152366,1.0054137,0.010786376,5868998,eclipsing_binary
1578.4830279128457,0.9984957,0.010772156,5868998,eclipsing_binary
1578.4844168104544,0.99378633,0.010758442,5868998,eclipsing_binary
1578.4858057085282,1.0093579,0.010798889,5868998,eclipsing_binary
1578.4871946061364,0.9952721,0.010753579,5868998,eclipsing_binary
1578.488583503745,1.005596,0.0107884165,5868998,eclipsing_binary
1578.4899724013542,1.0064024,0.010777434,5868998,eclipsing_binary
1578.4913612989624,1.005676,0.010770739,5868998,eclipsing_binary
1578.4927501965703,1.0040245,0.010773443,5868998,eclipsing_binary
1578.4941390941792,1.0099355,0.010788277,5868998,eclipsing_binary
1578.4955279917874,0.99028486,0.010742943,5868998,eclipsing_binary
1578.4969168898613,1.0083565,0.010782312,5868998,eclipsing_binary
1578.49830578747,0.99511665,0.010758307,5868998,eclipsing_binary
1578.4996946850786,1.0047429,0.010789095,5868998,eclipsing_binary
1578.5010835826868,1.0030806,0.010766599,5868998,eclipsing_binary
1578.502472480295,1.0084004,0.010771185,5868998,eclipsing_binary
1578.5038613779038,0.995847,0.010768809,5868998,eclipsing_binary
1578.5052502755127,1.006328,0.01077098,5868998,eclipsing_binary
1578.506639173121,1.0009358,0.010767,5868998,eclipsing_binary
1578.508028070729,0.9839323,0.010758918,5868998,eclipsing_binary
1578.5094169683377,0.99576116,0.010782019,5868998,eclipsing_binary
1578.5108058659466,0.99956334,0.010771562,5868998,eclipsing_binary
1578.5121947635546,0.9900928,0.010759299,5868998,eclipsing_binary
1578.5135836611628,1.0192153,0.010797764,5868998,eclipsing_binary
1578.514972558772,0.9967994,0.010783839,5868998,eclipsing_binary
1578.5163614563799,1.0029839,0.010769064,5868998,eclipsing_binary
1578.5177503539878,0.99315375,0.010766144,5868998,eclipsing_binary
1578.519139251597,0.98335457,0.010761146,5868998,eclipsing_binary
1578.5205281492056,1.0006723,0.010776821,5868998,eclipsing_binary
1578.5219170468138,0.98488575,0.010761642,5868998,eclipsing_binary
1578.523305944422,0.9847259,0.010750497,5868998,eclipsing_binary
1578.5246948420306,1.009444,0.010794369,5868998,eclipsing_binary
1578.5260837396397,0.9726722,0.010728204,5868998,eclipsing_binary
1578.527472636782,1.0079787,0.010798024,5868998,eclipsing_binary
1578.52886153439,1.015924,0.010792093,5868998,eclipsing_binary
1578.530250431999,1.011508,0.010780171,5868998,eclipsing_binary
1578.5316393296073,0.9892212,0.010747593,5868998,eclipsing_binary
1578.5330282272155,1.0078295,0.010784337,5868998,eclipsing_binary
1578.5344171248241,0.98801196,0.010756192,5868998,eclipsing_binary
1578.5358060224328,0.9809561,0.010758142,5868998,eclipsing_binary
1578.537194920041,1.006348,0.010790461,5868998,eclipsing_binary
1578.5385838171835,1.001695,0.010753061,5868998,eclipsing_binary
1578.5399727147924,0.9998413,0.010766187,5868998,eclipsing_binary
1578.5413616124013,1.0069975,0.010762321,5868998,eclipsing_binary
1578.5427505100095,1.0065112,0.01077689,5868998,eclipsing_binary
1578.5441394076176,0.99158,0.010785852,5868998,eclipsing_binary
1578.5455283047606,0.9975576,0.010759322,5868998,eclipsing_binary
1578.5469172023693,1.0115932,0.010792502,5868998,eclipsing_binary
1578.5483060999775,1.0027301,0.010767381,5868998,eclipsing_binary
1578.5496949975857,1.0168333,0.010850861,5868998,eclipsing_binary
1578.5510838951948,1.0038176,0.010834478,5868998,eclipsing_binary
1578.552472792337,0.9897941,0.010760485,5868998,eclipsing_binary
1578.553861689945,1.004521,0.010784309,5868998,eclipsing_binary
1578.5552505875542,1.0090028,0.010785625,5868998,eclipsing_binary
1578.5566394851628,0.9915618,0.010807271,5868998,eclipsing_binary
1578.5580283823053,1.0069575,0.010788759,5868998,eclipsing_binary
1578.5594172799135,0.99443316,0.010764744,5868998,eclipsing_binary
1578.5608061775222,0.9980284,0.010778395,5868998,eclipsing_binary
1578.5621950746656,1.0102009,0.010772504,5868998,eclipsing_binary
1578.5635839722736,0.9919459,0.010749238,5868998,eclipsing_binary
1578.5649728698816,0.9983806,0.010783675,5868998,eclipsing_binary
1578.566361767025,1.0059298,0.010780151,5868998,eclipsing_binary
1578.5677506646332,1.0042331,0.010763408,5868998,eclipsing_binary
1578.5691395622412,0.9869809,0.0107325185,5868998,eclipsing_binary
1578.5705284593844,1.0009755,0.010831575,5868998,eclipsing_binary
1578.571917356993,0.9933038,0.01077071,5868998,eclipsing_binary
1578.5733062546012,1.0066438,0.010783596,5868998,eclipsing_binary
1578.5746951517438,0.99839246,0.010766999,5868998,eclipsing_binary
1578.5760840493526,0.99381554,0.010763475,5868998,eclipsing_binary
1578.5774729464958,1.0015807,0.010775964,5868998,eclipsing_binary
1578.578861844104,1.0027955,0.010775727,5868998,eclipsing_binary
1578.5802507417122,0.9839698,0.010751781,5868998,eclipsing_binary
1578.5816396388552,0.9940062,0.010747517,5868998,eclipsing_binary
1578.5830285364639,1.0069836,0.010780038,5868998,eclipsing_binary
1578.5844174336064,1.0072713,0.010793538,5868998,eclipsing_binary
1578.5858063312146,0.986332,0.010744832,5868998,eclipsing_binary
1578.5871952283578,1.0047325,0.010779693,5868998,eclipsing_binary
1578.5885841259658,0.9965345,0.0107537275,5868998,eclipsing_binary
1578.5899730231083,1.0043586,0.010773936,5868998,eclipsing_binary
1578.5913619207174,1.008615,0.010786078,5868998,eclipsing_binary
1578.5927508178604,1.0083706,0.010804713,5868998,eclipsing_binary
1578.5941397154686,0.9976621,0.01075764,5868998,eclipsing_binary
1578.5955286126111,1.0012039,0.010764017,5868998,eclipsing_binary
1578.5969175102198,0.984173,0.010765703,5868998,eclipsing_binary
1578.5983064073632,0.99434644,0.010762958,5868998,eclipsing_binary
1578.5996953049712,0.99594015,0.010771314,5868998,eclipsing_binary
1578.6010842021135,1.0125043,0.010796736,5868998,eclipsing_binary
1578.6024730997226,1.0082469,0.010790161,5868998,eclipsing_binary
1578.6038619968651,0.99462193,0.010753363,5868998,eclipsing_binary
1578.6052508940074,1.0044768,0.010774791,5868998,eclipsing_binary
1578.6066397916163,1.003509,0.010794228,5868998,eclipsing_binary
1578.6080286887593,1.0084994,0.010763571,5868998,eclipsing_binary
1578.6094175863675,1.0167731,0.010780472,5868998,eclipsing_binary
1578.61080648351,1.0079299,0.010765709,5868998,eclipsing_binary
1578.612195380653,0.99179035,0.0107664,5868998,eclipsing_binary
1578.6135842782621,1.0003856,0.010766859,5868998,eclipsing_binary
1578.6149731754047,0.99387854,0.010754693,5868998,eclipsing_binary
1578.6163620730129,0.99331015,0.010764059,5868998,eclipsing_binary
1578.6177509701558,0.9975186,0.010744182,5868998,eclipsing_binary
1578.6191398672988,0.9960435,0.010756078,5868998,eclipsing_binary
1578.620528764907,0.9961021,0.010765604,5868998,eclipsing_binary
1578.6219176620496,0.99982274,0.010770363,5868998,eclipsing_binary
1578.6233065591928,1.0038005,0.010790562,5868998,eclipsing_binary
1578.6246954563346,1.0076529,0.010785099,5868998,eclipsing_binary
1578.626084353942,0.9925447,0.010765999,5868998,eclipsing_binary
1578.6274732510853,1.0224463,0.010810877,5868998,eclipsing_binary
1578.6288621482283,0.99421597,0.010756537,5868998,eclipsing_binary
1578.6302510458365,1.0069951,0.010774303,5868998,eclipsing_binary
1578.631639942979,0.9939505,0.010762583,5868998,eclipsing_binary
1578.633028840122,1.0002667,0.010743957,5868998,eclipsing_binary
1578.6344177372653,1.0032719,0.010784853,5868998,eclipsing_binary
1578.6358066348732,0.99913794,0.010781664,5868998,eclipsing_binary
1578.6371955320158,0.9747036,0.010723516,5868998,eclipsing_binary
1578.6385844291592,1.0057806,0.010813177,5868998,eclipsing_binary
1578.6399733263022,1.0131063,0.010793971,5868998,eclipsing_binary
1578.6413622234447,0.983893,0.01076273,5868998,eclipsing_binary
1578.642751121053,1.0000193,0.0107828295,5868998,eclipsing_binary
1578.644140018196,0.9983719,0.010798974,5868998,eclipsing_binary
1578.6455289153384,1.0062032,0.010777097,5868998,eclipsing_binary
1578.646917812481,1.0083382,0.0107836705,5868998,eclipsing_binary
1578.648306709624,0.99947554,0.010818793,5868998,eclipsing_binary
1578.6496956067674,0.9960385,0.010755968,5868998,eclipsing_binary
1578.6510845043756,0.9997926,0.010790448,5868998,eclipsing_binary
1578.652473401518,1.0041829,0.010769067,5868998,eclipsing_binary
1578.6538622986611,1.0085037,0.010791926,5868998,eclipsing_binary
1578.655251195804,0.9976017,0.010766652,5868998,eclipsing_binary
1578.6566400929466,1.0020405,0.01078114,5868998,eclipsing_binary
1578.6580289900892,1.0029322,0.0107986955,5868998,eclipsing_binary
1578.6594178872322,1.0117319,0.010788373,5868998,eclipsing_binary
1578.6608067843747,1.0097953,0.0107820695,5868998,eclipsing_binary
1578.6621956815172,0.99107903,0.010767845,5868998,eclipsing_binary
1578.6635845786607,0.9989979,0.010780757,5868998,eclipsing_binary
1578.6649734758037,1.0064845,0.010770249,5868998,eclipsing_binary
1578.6663623729462,1.0174587,0.010801768,5868998,eclipsing_binary
1578.6677512700887,1.0055045,0.010781658,5868998,eclipsing_binary
1578.6691401676974,1.0199199,0.010783841,5868998,eclipsing_binary
1578.6705290648406,0.9916852,0.0107606705,5868998,eclipsing_binary
1578.671917961983,0.99703974,0.010782857,5868998,eclipsing_binary
1578.6733068591254,1.0066015,0.010773771,5868998,eclipsing_binary
1578.6746957562689,1.0042334,0.010783936,5868998,eclipsing_binary
1578.6760846529462,1.0059379,0.010799362,5868998,eclipsing_binary
1578.6774735500887,0.98439646,0.010742042,5868998,eclipsing_binary
1578.6788624472313,1.0072156,0.01077379,5868998,eclipsing_binary
1578.6802513443743,1.0088125,0.010777962,5868998,eclipsing_binary
1578.6816402415168,0.9841598,0.010732791,5868998,eclipsing_binary
1578.6830291386593,1.0105369,0.010779439,5868998,eclipsing_binary
1578.6844180358023,1.0140435,0.01079466,5868998,eclipsing_binary
1578.6858069329458,0.9940456,0.010774341,5868998,eclipsing_binary
1578.6871958300883,0.9815878,0.010788233,5868998,eclipsing_binary
1578.6885847272306,1.0116351,0.010779377,5868998,eclipsing_binary
1578.6899736243738,1.0179026,0.010779839,5868998,eclipsing_binary
1578.6913625215168,1.0258484,0.010819381,5868998,eclipsing_binary
1578.6927514186593,1.008589,0.010773491,5868998,eclipsing_binary
1578.6941403153362,0.99556464,0.010755242,5868998,eclipsing_binary
1578.6955292124792,0.99640584,0.010767809,5868998,eclipsing_binary
1578.6969181096217,0.9849326,0.0107461475,5868998,eclipsing_binary
1578.6983070067643,1.0043142,0.010787333,5868998,eclipsing_binary
1578.6996959039075,0.9982404,0.010762761,5868998,eclipsing_binary
1578.7010848010507,1.0087776,0.010784604,5868998,eclipsing_binary
1578.7024736977276,0.9972286,0.010771913,5868998,eclipsing_binary
1578.70386259487,1.0017706,0.010779671,5868998,eclipsing_binary
1578.705251492013,0.98855597,0.010748378,5868998,eclipsing_binary
1578.7066403891563,1.0024134,0.01076549,5868998,eclipsing_binary
1578.7080292862986,1.012709,0.010778514,5868998,eclipsing_binary
1578.7094181829755,1.0044163,0.010768024,5868998,eclipsing_binary
1578.710807080119,0.9765274,0.010725729,5868998,eclipsing_binary
1578.712195977262,1.0152638,0.01080364,5868998,eclipsing_binary
1578.7135848744044,1.0073571,0.01077846,5868998,eclipsing_binary
1578.7149737710813,1.005228,0.010786117,5868998,eclipsing_binary
1578.7163626682243,0.99165684,0.010766763,5868998,eclipsing_binary
1578.7177515653668,1.0002484,0.010768839,5868998,eclipsing_binary
1578.7191404620437,1.0050687,0.010768598,5868998,eclipsing_binary
1578.7205293591867,1.0046335,0.010767488,5868998,eclipsing_binary
1578.7219182563301,0.989031,0.010756417,5868998,eclipsing_binary
1578.7233071534724,0.99345917,0.010766646,5868998,eclipsing_binary
1578.724696050149,1.0077441,0.010768905,5868998,eclipsing_binary
1578.7260849472925,1.0026679,0.010781734,5868998,eclipsing_binary
1578.7274738444355,1.0013391,0.010773715,5868998,eclipsing_binary
1578.7288627411124,1.0183384,0.0107861655,5868998,eclipsing_binary
1578.730251638255,0.9877208,0.010731268,5868998,eclipsing_binary
1578.7316405349322,1.0035521,0.01077545,5868998,eclipsing_binary
1578.7330294320748,0.99867815,0.010749404,5868998,eclipsing_binary
1578.7344183292173,1.0000253,0.010768817,5868998,eclipsing_binary
1578.7358072258949,1.0128661,0.010781921,5868998,eclipsing_binary
1578.737196123038,0.9945599,0.010759706,5868998,eclipsing_binary
1578.738585019715,0.99877423,0.010780778,5868998,eclipsing_binary
1578.7399739168575,0.9819649,0.010733137,5868998,eclipsing_binary
1578.7413628140005,0.9966472,0.01076628,5868998,eclipsing_binary
1578.7427517106778,1.0099825,0.010769542,5868998,eclipsing_binary
1578.7441406078203,0.99509287,0.010749298,5868998,eclipsing_binary
1578.7455295044972,1.0025927,0.010777685,5868998,eclipsing_binary
1578.7469184016406,1.0063323,0.010782163,5868998,eclipsing_binary
1578.748307298318,1.0026724,0.010773539,5868998,eclipsing_binary
1578.7496961954605,1.0027863,0.010800047,5868998,eclipsing_binary
1578.7510850921374,1.0004638,0.010765913,5868998,eclipsing_binary
1578.7524739892804,1.0095117,0.010773809,5868998,eclipsing_binary
1578.7538628859572,0.98784393,0.010736464,5868998,eclipsing_binary
1578.7552517830998,0.99496007,0.010766333,5868998,eclipsing_binary
1578.756640679777,0.9879912,0.010756986,5868998,eclipsing_binary
1578.7580295769205,1.0165789,0.010802042,5868998,eclipsing_binary
1578.7594184735972,0.9976065,0.010764946,5868998,eclipsing_binary
1578.7608073707395,1.0101501,0.010785217,5868998,eclipsing_binary
1578.7621962674173,1.0067806,0.010776843,5868998,eclipsing_binary
1578.7635851640946,0.99079734,0.0107559655,5868998,eclipsing_binary
1578.7649740612371,0.97773397,0.010782639,5868998,eclipsing_binary
1578.766362957914,0.9885588,0.0107456455,5868998,eclipsing_binary
1578.767751855057,1.000845,0.010753904,5868998,eclipsing_binary
1578.7691407517348,1.0003932,0.010791527,5868998,eclipsing_binary
1578.7705296484116,0.994273,0.010755274,5868998,eclipsing_binary
1578.771918545554,0.9886251,0.010747009,5868998,eclipsing_binary
1578.7733074422315,0.9869272,0.010730018,5868998,eclipsing_binary
1578.774696339374,1.0109673,0.010783433,5868998,eclipsing_binary
1578.776085236051,0.9944321,0.010749967,5868998,eclipsing_binary
1578.7774741327282,0.99057186,0.010753749,5868998,eclipsing_binary
1578.7788630298712,0.99252254,0.010762292,5868998,eclipsing_binary
1578.780251926548,0.990877,0.010751401,5868998,eclipsing_binary
1578.781640823225,1.002864,0.010777482,5868998,eclipsing_binary
1578.7830297199027,1.0073645,0.010799094,5868998,eclipsing_binary
1578.7844186170457,0.9888899,0.010766566,5868998,eclipsing_binary
1578.7858075137226,1.0025612,0.010784462,5868998,eclipsing_binary
1578.7871964103995,1.0067718,0.01077555,5868998,eclipsing_binary
1578.7885853075425,1.0011518,0.010777913,5868998,eclipsing_binary
1578.7899742042193,1.0114174,0.010790166,5868998,eclipsing_binary
1578.7913631008962,1.0046668,0.010792656,5868998,eclipsing_binary
1578.7927519975735,1.0062772,0.010796212,5868998,eclipsing_binary
1578.794140894717,0.9936925,0.010759612,5868998,eclipsing_binary
1578.7955297913936,1.0085467,0.010795571,5868998,eclipsing_binary
1578.7969186880703,0.99447435,0.010755822,5868998,eclipsing_binary
1578.798307584748,0.99941105,0.010782781,5868998,eclipsing_binary
1578.7996964814254,0.99839175,0.0107757235,5868998,eclipsing_binary
1578.801085378568,0.9996261,0.01076997,5868998,eclipsing_binary
1578.8024742752448,1.0135912,0.01078214,5868998,eclipsing_binary
1578.803863171922,0.98891217,0.010758363,5868998,eclipsing_binary
1578.8052520685999,0.99370456,0.010763518,5868998,eclipsing_binary
1578.8066409652768,0.9992915,0.010777251,5868998,eclipsing_binary
1578.8080298619534,1.0115104,0.010789352,5868998,eclipsing_binary
1578.809418758631,0.9851494,0.010769879,5868998,eclipsing_binary
1578.8108076557735,0.9944524,0.010765069,5868998,eclipsing_binary
1578.8121965524504,0.9964296,0.010774484,5868998,eclipsing_binary
1578.8135854491277,0.98771125,0.010763816,5868998,eclipsing_binary
1578.814974345805,0.9580804,0.010718549,5868998,eclipsing_binary
1578.8163632424819,0.97038823,0.010717891,5868998,eclipsing_binary
1578.8177521391588,0.9753814,0.010729633,5868998,eclipsing_binary
1578.8191410358363,0.961768,0.010772435,5868998,eclipsing_binary
1578.8205299325139,0.98099357,0.010736197,5868998,eclipsing_binary
1578.8219188291907,0.9529736,0.010708329,5868998,eclipsing_binary
1578.8233077258676,0.9559359,0.010705402,5868998,eclipsing_binary
1578.824696622545,0.9468129,0.010678324,5868998,eclipsing_binary
1578.8260855192218,0.95551604,0.010701485,5868998,eclipsing_binary
1578.8274744158987,0.93518734,0.010723739,5868998,eclipsing_binary
1578.828863312576,0.9412748,0.010681017,5868998,eclipsing_binary
1578.8302522092538,0.9592664,0.01070079,5868998,eclipsing_binary
1578.8316411059304,0.9451265,0.010678324,5868998,eclipsing_binary
1578.833030002607,0.9551608,0.010697976,5868998,eclipsing_binary
1578.8344188992849,0.9474638,0.0106833475,5868998,eclipsing_binary
1578.8358077959622,0.9551148,0.010698506,5868998,eclipsing_binary
1578.837196692639,0.9344175,0.010671647,5868998,eclipsing_binary
1578.838585589316,0.9370923,0.010677999,5868998,eclipsing_binary
1578.8399744859933,0.9697216,0.010733193,5868998,eclipsing_binary
1578.841363382671,0.98329705,0.010740995,5868998,eclipsing_binary
1578.8427522793477,0.9811314,0.010730145,5868998,eclipsing_binary
1578.845530072702,0.98191273,0.010746567,5868998,eclipsing_binary
1578.846918969379,0.97308385,0.010730671,5868998,eclipsing_binary
1578.8483078660558,0.9763437,0.01073937,5868998,eclipsing_binary
1578.8496967622675,0.99663764,0.01078982,5868998,eclipsing_binary
1578.8510856589448,0.99125725,0.010759427,5868998,eclipsing_binary
1578.8524745556217,0.9858126,0.010756015,5868998,eclipsing_binary
1578.8538634522986,1.0186434,0.010859231,5868998,eclipsing_binary
1578.8552523489761,0.9976808,0.010783317,5868998,eclipsing_binary
1578.8566412456537,0.99325866,0.010766984,5868998,eclipsing_binary
1578.858030141865,0.99668586,0.010811244,5868998,eclipsing_binary
1578.8594190385418,0.99840426,0.0107780555,5868998,eclipsing_binary
1578.860807935219,1.0007186,0.010776699,5868998,eclipsing_binary
1578.871919107705,1.0034584,0.010777386,5868998,eclipsing_binary
1578.873308004382,1.0015442,0.01077456,5868998,eclipsing_binary
1578.8746969010588,1.0145904,0.010799563,5868998,eclipsing_binary
1578.8760857972704,0.9956282,0.010789377,5868998,eclipsing_binary
1578.8774746939482,0.97860676,0.010752767,5868998,eclipsing_binary
1578.8788635906242,0.9963184,0.010764885,5868998,eclipsing_binary
1578.8802524868345,1.012354,0.010779772,5868998,eclipsing_binary
1578.8816413835123,1.0059683,0.010797548,5868998,eclipsing_binary
1578.8830302801891,0.99882746,0.0107751,5868998,eclipsing_binary
1578.8844191764001,0.98931414,0.010732539,5868998,eclipsing_binary
1578.8858080730777,1.0028634,0.010783508,5868998,eclipsing_binary
1578.887196969755,1.0195389,0.010809233,5868998,eclipsing_binary
1578.8885858659662,0.9933796,0.010782209,5868998,eclipsing_binary
1578.889974762643,1.0126332,0.010799619,5868998,eclipsing_binary
1578.8913636588547,1.0094795,0.010785757,5868998,eclipsing_binary
1578.8927525555325,1.0103676,0.010784014,5868998,eclipsing_binary
1578.8941414522094,0.9880088,0.01076995,5868998,eclipsing_binary
1578.8955303484206,1.0055145,0.01079661,5868998,eclipsing_binary
1578.896919245098,1.0012239,0.010784256,5868998,eclipsing_binary
1578.8983081413096,0.990197,0.010762515,5868998,eclipsing_binary
1578.8996970379865,0.9985066,0.0107832365,5868998,eclipsing_binary
1578.9010859341977,1.005283,0.010789385,5868998,eclipsing_binary
1578.9024748308752,1.0014489,0.010775015,5868998,eclipsing_binary
1578.9038637270862,1.0112859,0.010806336,5868998,eclipsing_binary
1578.905252623763,0.9946768,0.010780179,5868998,eclipsing_binary
1578.9066415199752,1.0049058,0.010778771,5868998,eclipsing_binary
1578.9080304166525,0.9938401,0.010761434,5868998,eclipsing_binary
1578.9094193128637,0.977636,0.010762728,5868998,eclipsing_binary
1578.9108082095406,0.99241906,0.01077731,5868998,eclipsing_binary
1578.9121971057523,1.0149803,0.010824775,5868998,eclipsing_binary
1578.91358600243,0.99961555,0.0107859755,5868998,eclipsing_binary
1578.914974898641,1.0114443,0.010804807,5868998,eclipsing_binary
1578.9163637953177,0.9912517,0.010774261,5868998,eclipsing_binary
1578.9177526915298,0.9992332,0.010781257,5868998,eclipsing_binary
1578.9191415882067,1.0176915,0.010863976,5868998,eclipsing_binary
1578.9205304844177,1.0076624,0.010783153,5868998,eclipsing_binary
1578.9219193806296,0.9869335,0.010763305,5868998,eclipsing_binary
1578.923308277307,0.997355,0.010776688,5868998,eclipsing_binary
1578.924697173518,1.0012155,0.010779397,5868998,eclipsing_binary
1578.926086070195,0.9899567,0.010762892,5868998,eclipsing_binary
1578.9274749664066,1.0082637,0.010792067,5868998,eclipsing_binary
1578.9288638626188,1.0142417,0.010796994,5868998,eclipsing_binary
1578.9302527592956,0.99481994,0.010771498,5868998,eclipsing_binary
1578.9316416555066,1.0103061,0.010802127,5868998,eclipsing_binary
1578.9330305517185,1.0083287,0.010781662,5868998,eclipsing_binary
1578.9344194483958,1.0076952,0.010787516,5868998,eclipsing_binary
1578.935808344607,0.9900216,0.0107734585,5868998,eclipsing_binary
1578.9371972408183,1.0248827,0.0108294245,5868998,eclipsing_binary
1578.9385861374958,0.98775595,0.01074419,5868998,eclipsing_binary
1578.9399750337068,1.0144016,0.010794321,5868998,eclipsing_binary
1578.941363929918,0.98973686,0.010769482,5868998,eclipsing_binary
1578.9427528261301,0.9897473,0.010765499,5868998,eclipsing_binary
1578.9441417228074,1.0138533,0.01081224,5868998,eclipsing_binary
1578.9455306190187,0.9982431,0.010787198,5868998,eclipsing_binary
1578.9469195152299,0.9965378,0.010788148,5868998,eclipsing_binary
1578.9483084114415,0.99702424,0.010802278,5868998,eclipsing_binary
1578.949697308119,1.017909,0.010816663,5868998,eclipsing_binary
1578.95108620433,0.9975318,0.010775268,5868998,eclipsing_binary
1578.9524751005413,1.0013387,0.01081827,5868998,eclipsing_binary
1578.9538639967534,1.0144498,0.010824685,5868998,eclipsing_binary
1578.9552528929644,1.0103277,0.0108045265,5868998,eclipsing_binary
1578.956641789641,1.004747,0.010800985,5868998,eclipsing_binary
1578.9580306858531,0.99656165,0.010795345,5868998,eclipsing_binary
1578.9594195820648,0.99652714,0.010777075,5868998,eclipsing_binary
1578.960808478276,1.0149621,0.010856307,5868998,eclipsing_binary
1578.9621973744872,0.99148905,0.010751026,5868998,eclipsing_binary
1578.963586270699,0.9986159,0.010775794,5868998,eclipsing_binary
1578.964975166911,0.9978848,0.010821599,5868998,eclipsing_binary
1578.9663640631222,1.0023955,0.010801639,5868998,eclipsing_binary
1578.9677529597989,1.001648,0.010765476,5868998,eclipsing_binary
1578.9691418560108,0.9850648,0.01076486,5868998,eclipsing_binary
1578.9705307522224,0.9841782,0.010744389,5868998,eclipsing_binary
1578.9719196484336,0.9875076,0.010753704,5868998,eclipsing_binary
1578.9733085446449,0.99761224,0.010782155,5868998,eclipsing_binary
1578.9746974408565,0.99714214,0.01077197,5868998,eclipsing_binary
1578.9760863370677,0.9880632,0.010770554,5868998,eclipsing_binary
1578.977475233279,0.9981307,0.010775444,5868998,eclipsing_binary
1578.978864129491,1.0113448,0.010798162,5868998,eclipsing_binary
1578.9802530257027,1.0107671,0.010804217,5868998,eclipsing_binary
1578.981641921914,1.0036763,0.010797792,5868998,eclipsing_binary
1578.9830308181251,0.9912328,0.010767127,5868998,eclipsing_binary
1578.9844197143368,1.0026205,0.0107740965,5868998,eclipsing_binary
1578.9858086105487,1.0168746,0.010824463,5868998,eclipsing_binary
1578.9871975067597,0.9868096,0.010777337,5868998,eclipsing_binary
1578.988586402971,1.0146533,0.010797735,5868998,eclipsing_binary
1578.989975299183,1.007358,0.010778539,5868998,eclipsing_binary
1578.991364195394,1.0001011,0.010770441,5868998,eclipsing_binary
1578.992753091605,0.99682546,0.010772417,5868998,eclipsing_binary
1578.994141987817,1.0081974,0.010792989,5868998,eclipsing_binary
1578.9955308840288,0.999278,0.010780804,5868998,eclipsing_binary
1578.99691978024,1.0127755,0.010810052,5868998,eclipsing_binary
1578.9983086764512,0.9999611,0.01077411,5868998,eclipsing_binary
1578.9996975721972,0.9949247,0.010773083,5868998,eclipsing_binary
1579.0010864684093,0.99546254,0.0107816635,5868998,eclipsing_binary
1579.0024753646205,0.9989229,0.010776323,5868998,eclipsing_binary
1579.0038642608315,0.98856634,0.010753911,5868998,eclipsing_binary
1579.0052531570434,1.0041689,0.010794002,5868998,eclipsing_binary
1579.006642053255,0.99206924,0.010763426,5868998,eclipsing_binary
1579.0080309494663,1.00257,0.010789957,5868998,eclipsing_binary
1579.0094198452118,0.98925334,0.01076601,5868998,eclipsing_binary
1579.0108087414235,1.0017508,0.010787551,5868998,eclipsing_binary
1579.0121976376347,1.0005879,0.010781747,5868998,eclipsing_binary
1579.013586533846,0.99924445,0.010763742,5868998,eclipsing_binary
1579.014975430058,0.9968498,0.010813247,5868998,eclipsing_binary
1579.016364325804,1.007629,0.010790845,5868998,eclipsing_binary
1579.0177532220152,0.99036545,0.010749582,5868998,eclipsing_binary
1579.0191421182265,1.0055622,0.010782853,5868998,eclipsing_binary
1579.0205310144381,1.0248269,0.010821339,5868998,eclipsing_binary
1579.02191991065,0.99656796,0.010765951,5868998,eclipsing_binary
1579.0233088063953,1.0411196,0.01082409,5868998,eclipsing_binary
1579.0246977026065,0.9867369,0.010763607,5868998,eclipsing_binary
1579.0260865988187,0.9999125,0.010780425,5868998,eclipsing_binary
1579.0274754945647,0.97755224,0.010750124,5868998,eclipsing_binary
1579.0288643907759,0.9909096,0.010778727,5868998,eclipsing_binary
1579.030253286987,0.9959541,0.010760021,5868998,eclipsing_binary
1579.031642182733,1.0110756,0.010804052,5868998,eclipsing_binary
1579.0330310789443,1.0064434,0.010797091,5868998,eclipsing_binary
1579.0344199751555,1.015492,0.010796206,5868998,eclipsing_binary
1579.0358088709015,1.0087643,0.010795518,5868998,eclipsing_binary
1579.0371977671136,0.98853934,0.010752461,5868998,eclipsing_binary
1579.0385866633248,1.0173088,0.010869258,5868998,eclipsing_binary
1579.0399755590702,1.0061355,0.010852982,5868998,eclipsing_binary
1579.041364455282,1.0090268,0.010807866,5868998,eclipsing_binary
1579.0427533514937,0.99364847,0.010764504,5868998,eclipsing_binary
1579.0441422472393,0.98517746,0.010759432,5868998,eclipsing_binary
1579.0455311434505,1.0006235,0.010784512,5868998,eclipsing_binary
1579.0469200391965,1.0050521,0.010783547,5868998,eclipsing_binary
1579.0483089354077,0.98474735,0.010751248,5868998,eclipsing_binary
1579.049697831619,0.9851502,0.010758656,5868998,eclipsing_binary
1579.0510867273651,1.0001099,0.010767311,5868998,eclipsing_binary
1579.052475623577,1.000284,0.01077407,5868998,eclipsing_binary
1579.0538645193226,1.0037639,0.010844743,5868998,eclipsing_binary
1579.0552534155338,1.0246098,0.010816249,5868998,eclipsing_binary
1579.0566423112798,1.0293816,0.010822457,5868998,eclipsing_binary
1579.0580312074917,0.99237823,0.010776549,5868998,eclipsing_binary
1579.059420103237,1.0128299,0.010812291,5868998,eclipsing_binary
1579.0608089994482,0.995402,0.01076607,5868998,eclipsing_binary
1579.0621978951947,1.0035876,0.010782842,5868998,eclipsing_binary
1579.0635867914064,1.0031841,0.010781706,5868998,eclipsing_binary
1579.064975687152,1.0058706,0.010781835,5868998,eclipsing_binary
1579.066364583363,1.0024204,0.010792164,5868998,eclipsing_binary
1579.0677534791091,0.9979023,0.010777477,5868998,eclipsing_binary
1579.0691423748547,0.99487567,0.010770814,5868998,eclipsing_binary
1579.0705312710659,0.9989536,0.010788704,5868998,eclipsing_binary
1579.0719201668119,1.0046138,0.01077144,5868998,eclipsing_binary
1579.073309063024,0.9999595,0.010834961,5868998,eclipsing_binary
1579.0746979587693,1.0038142,0.01079093,5868998,eclipsing_binary
1579.0760868545146,1.0123934,0.010805678,5868998,eclipsing_binary
1579.0774757507268,1.002675,0.010778496,5868998,eclipsing_binary
1579.0788646464728,0.9957298,0.010791837,5868998,eclipsing_binary
1579.080253542684,0.9866326,0.010754679,5868998,eclipsing_binary
1579.0816424384295,1.0177816,0.010839964,5868998,eclipsing_binary
1579.083031334175,0.99092275,0.010768211,5868998,eclipsing_binary
1579.0844202303854,1.0132755,0.010799537,5868998,eclipsing_binary
1579.085809126131,1.0088578,0.0107963355,5868998,eclipsing_binary
1579.0871980218772,0.9860636,0.01076801,5868998,eclipsing_binary
1579.0885869176234,0.9942786,0.010774954,5868998,eclipsing_binary
1579.0899758138346,1.0065244,0.010775726,5868998,eclipsing_binary
1579.0927536053262,1.0102522,0.010770441,5868998,eclipsing_binary
1579.0941425015378,0.9845934,0.010811564,5868998,eclipsing_binary
1579.0955313972834,0.9946006,0.01081995,5868998,eclipsing_binary
1579.096920293029,1.0125754,0.01082509,5868998,eclipsing_binary
1579.0983091887751,1.0045953,0.010799616,5868998,eclipsing_binary
1579.099698084987,1.0018119,0.010786686,5868998,eclipsing_binary
1579.1010869807326,0.99844956,0.010762524,5868998,eclipsing_binary
1579.1024758764781,1.0039127,0.010783088,5868998,eclipsing_binary
1579.1038647722241,0.997618,0.01077792,5868998,eclipsing_binary
1579.1052536679697,0.99088496,0.010757833,5868998,eclipsing_binary
1579.106642564181,1.0052942,0.01077326,5868998,eclipsing_binary
1579.108031459927,0.9877908,0.01077058,5868998,eclipsing_binary
1579.1094203556734,0.99828815,0.010765194,5868998,eclipsing_binary
1579.1108092514187,0.986307,0.010759826,5868998,eclipsing_binary
1579.112198147164,1.0042238,0.010775076,5868998,eclipsing_binary
1579.1135870429105,1.0060586,0.010801177,5868998,eclipsing_binary
1579.1149759386565,1.0016066,0.010775346,5868998,eclipsing_binary
1579.1163648348677,0.98632497,0.010752005,5868998,eclipsing_binary
1579.1177537306132,1.0094346,0.010799324,5868998,eclipsing_binary
1579.1191426263592,0.9745956,0.010776449,5868998,eclipsing_binary
1579.1205315221048,0.99469644,0.010760933,5868998,eclipsing_binary
1579.1219204178503,0.9945473,0.010759721,5868998,eclipsing_binary
1579.1233093135963,0.9985356,0.010769547,5868998,eclipsing_binary
1579.1246982093428,0.9859071,0.010761798,5868998,eclipsing_binary
1579.1260871050883,1.0075952,0.010792555,5868998,eclipsing_binary
1579.127476000834,1.0192144,0.010805519,5868998,eclipsing_binary
1579.12886489658,0.98808706,0.0107609965,5868998,eclipsing_binary
1579.130253792326,1.0075172,0.010789357,5868998,eclipsing_binary
1579.1316426880715,0.99292976,0.010761958,5868998,eclipsing_binary
1579.133031583817,0.9954366,0.010793321,5868998,eclipsing_binary
1579.1344204795632,1.0083922,0.0107816905,5868998,eclipsing_binary
1579.1358093753095,1.0104828,0.010784641,5868998,eclipsing_binary
1579.137198271055,1.0135313,0.010790342,5868998,eclipsing_binary
1579.1385871668006,0.997041,0.010770066,5868998,eclipsing_binary
1579.1399760625466,0.9897826,0.010761037,5868998,eclipsing_binary
1579.1413649582921,0.986016,0.010760445,5868998,eclipsing_binary
1579.1427538540377,0.9954246,0.010773119,5868998,eclipsing_binary
1579.1441427497837,0.99177295,0.01076648,5868998,eclipsing_binary
1579.1455316455301,0.99319786,0.010769429,5868998,eclipsing_binary
1579.1469205412754,1.0119059,0.010791887,5868998,eclipsing_binary
1579.1483094370208,0.9933323,0.010775502,5868998,eclipsing_binary
1579.1496983327672,0.99851596,0.01078411,5868998,eclipsing_binary
1579.1510872280476,0.9895281,0.010760486,5868998,eclipsing_binary
1579.1524761237931,0.9901489,0.010764161,5868998,eclipsing_binary
1579.1538650195387,1.0084703,0.01082681,5868998,eclipsing_binary
1579.1552539152847,1.0093147,0.010794032,5868998,eclipsing_binary
1579.1566428110311,1.0083317,0.010811101,5868998,eclipsing_binary
1579.1580317067765,1.0020404,0.010792159,5868998,eclipsing_binary
1579.1594206025218,1.0045325,0.010778641,5868998,eclipsing_binary
1579.1608094978026,0.9986184,0.010787093,5868998,eclipsing_binary
1579.1621983935481,1.0077085,0.010802177,5868998,eclipsing_binary
1579.1635872892934,0.9929334,0.010791142,5868998,eclipsing_binary
1579.1649761850397,1.0143956,0.010799102,5868998,eclipsing_binary
1579.1663650807857,0.97685915,0.01074445,5868998,eclipsing_binary
1579.1677539760656,1.009188,0.010788468,5868998,eclipsing_binary
1579.1691428718111,0.9971161,0.010772592,5868998,eclipsing_binary
1579.1705317675573,0.99469304,0.01076436,5868998,eclipsing_binary
1579.1719206633036,1.0162677,0.010802407,5868998,eclipsing_binary
1579.1733095585835,1.0044409,0.010774706,5868998,eclipsing_binary
1579.174698454329,0.98569685,0.010768564,5868998,eclipsing_binary
1579.176087350075,1.0100691,0.0107956,5868998,eclipsing_binary
1579.177476245355,0.9858608,0.010753176,5868998,eclipsing_binary
1579.1788651411005,0.9927139,0.010767738,5868998,eclipsing_binary
1579.1802540368465,0.9929833,0.010801195,5868998,eclipsing_binary
1579.181642932127,1.0050486,0.010785852,5868998,eclipsing_binary
1579.1830318278724,0.9962813,0.010767488,5868998,eclipsing_binary
1579.184420723618,0.9990076,0.010778086,5868998,eclipsing_binary
1579.1858096188987,0.9819056,0.010762579,5868998,eclipsing_binary
1579.1871985146447,1.0006177,0.010777083,5868998,eclipsing_binary
1579.1885874103903,0.9929491,0.010773862,5868998,eclipsing_binary
1579.1899763056701,1.0010089,0.010789211,5868998,eclipsing_binary
1579.1913652014161,0.9968363,0.010777086,5868998,eclipsing_binary
1579.1927540971626,1.0061597,0.010783818,5868998,eclipsing_binary
1579.1941429924423,1.0123967,0.010828578,5868998,eclipsing_binary
1579.1955318881876,1.021657,0.010804322,5868998,eclipsing_binary
1579.1969207834684,1.0143392,0.0108048655,5868998,eclipsing_binary
1579.198309679214,0.99648046,0.010781766,5868998,eclipsing_binary
1579.1996985744936,1.0012032,0.010774566,5868998,eclipsing_binary
1579.2010874702398,1.0101207,0.010794371,5868998,eclipsing_binary
1579.2024763655202,1.0235136,0.01081953,5868998,eclipsing_binary
1579.2038652612657,0.99520504,0.010769456,5868998,eclipsing_binary
1579.2052541565456,1.0031226,0.010767006,5868998,eclipsing_binary
1579.2066430522916,0.98949045,0.010764553,5868998,eclipsing_binary
1579.2080319475724,1.0009409,0.0107763065,5868998,eclipsing_binary
1579.209420843318,0.9905054,0.010750791,5868998,eclipsing_binary
1579.2108097385978,0.9930992,0.01077022,5868998,eclipsing_binary
1579.2121986343438,0.98295754,0.010741691,5868998,eclipsing_binary
1579.2135875296237,0.98643595,0.010741341,5868998,eclipsing_binary
1579.2149764253693,0.9977671,0.010764878,5868998,eclipsing_binary
1579.2163653206496,1.0168478,0.010794296,5868998,eclipsing_binary
1579.2177542163959,0.9963134,0.010776439,5868998,eclipsing_binary
1579.2191431116755,0.9833417,0.010757242,5868998,eclipsing_binary
1579.220532007421,1.0090867,0.010815256,5868998,eclipsing_binary
1579.2219209027019,1.0034758,0.010779649,5868998,eclipsing_binary
1579.2233097979822,1.0048088,0.01077961,5868998,eclipsing_binary
1579.2246986937278,0.98918647,0.010776694,5868998,eclipsing_binary
1579.2260875890076,1.0095949,0.010799774,5868998,eclipsing_binary
1579.227476484288,1.0122501,0.010785696,5868998,eclipsing_binary
1579.2288653800344,0.98555183,0.010749052,5868998,eclipsing_binary
1579.230254275314,0.9803067,0.010734717,5868998,eclipsing_binary
1579.2316431705938,0.9985095,0.010778708,5868998,eclipsing_binary
1579.2330320663402,0.98752236,0.010763475,5868998,eclipsing_binary
1579.2344209616201,0.9939336,0.0107658105,5868998,eclipsing_binary
1579.2358098568998,1.0000962,0.01077478,5868998,eclipsing_binary
1579.237198752646,1.0115516,0.010788533,5868998,eclipsing_binary
1579.2385876479264,0.99097997,0.010759189,5868998,eclipsing_binary
1579.2399765432062,0.9938142,0.010781122,5868998,eclipsing_binary
1579.2413654389518,0.99399847,0.010765649,5868998,eclipsing_binary
1579.2427543342321,0.9997418,0.010771564,5868998,eclipsing_binary
1579.244143229513,1.0041322,0.010837243,5868998,eclipsing_binary
1579.2455321247928,0.99038386,0.0107771205,5868998,eclipsing_binary
1579.2469210200725,0.9821745,0.010740088,5868998,eclipsing_binary
1579.2483099158187,1.0078648,0.010793456,5868998,eclipsing_binary
1579.2496988110986,0.97862697,0.010757105,5868998,eclipsing_binary
1579.2510877063785,0.9883644,0.01076027,5868998,eclipsing_binary
1579.2524766016588,0.9958699,0.010766726,5868998,eclipsing_binary
1579.2538654969394,0.9958517,0.010764645,5868998,eclipsing_binary
1579.2552543926847,1.0033317,0.010777714,5868998,eclipsing_binary
1579.2566432879646,0.98408747,0.010759011,5868998,eclipsing_binary
1579.2580321832454,0.9991244,0.010766584,5868998,eclipsing_binary
1579.259421078525,0.9956925,0.010782717,5868998,eclipsing_binary
1579.2608099738043,1.0230819,0.010796498,5868998,eclipsing_binary
1579.2621988690842,1.003599,0.010771474,5868998,eclipsing_binary
1579.2635877643645,1.008701,0.0107942885,5868998,eclipsing_binary
1579.2649766601107,1.0260732,0.010858759,5868998,eclipsing_binary
1579.2663655553904,1.0128819,0.010827525,5868998,eclipsing_binary
1579.2677544506703,0.9977867,0.010790841,5868998,eclipsing_binary
1579.269143345951,0.99899817,0.010759728,5868998,eclipsing_binary
1579.2705322412307,0.99307805,0.010773347,5868998,eclipsing_binary
1579.2719211365104,0.99924266,0.010783896,5868998,eclipsing_binary
1579.2733100317912,1.0120498,0.010782612,5868998,eclipsing_binary
1579.2746989270715,0.9976303,0.010773503,5868998,eclipsing_binary
1579.2760878223514,1.0002418,0.010778432,5868998,eclipsing_binary
1579.2774767176313,1.0056515,0.010808812,5868998,eclipsing_binary
1579.2788656129117,0.99704194,0.010780811,5868998,eclipsing_binary
1579.2802545081925,1.0010927,0.010778567,5868998,eclipsing_binary
1579.2816434034723,1.0267279,0.010811262,5868998,eclipsing_binary
1579.283032298752,1.0089506,0.010803841,5868998,eclipsing_binary
1579.2844211940326,0.9935572,0.010769679,5868998,eclipsing_binary
1579.285810089313,1.0201563,0.010804492,5868998,eclipsing_binary
1579.2871989845928,1.004032,0.010814039,5868998,eclipsing_binary
1579.2885878798727,0.99656564,0.010757611,5868998,eclipsing_binary
1579.289976775153,1.017376,0.010800148,5868998,eclipsing_binary
1579.291365670433,1.0029638,0.0108073205,5868998,eclipsing_binary
1579.2927545657128,0.99976254,0.010783962,5868998,eclipsing_binary
1579.2941434609936,1.0204091,0.010803687,5868998,eclipsing_binary
1579.2955323558083,1.0131712,0.010806307,5868998,eclipsing_binary
1579.2969212510882,0.9831744,0.010776514,5868998,eclipsing_binary
1579.298310146368,0.9986445,0.010827728,5868998,eclipsing_binary
1579.2996990416484,1.0012888,0.010773906,5868998,eclipsing_binary
1579.301087936929,1.0224315,0.010815914,5868998,eclipsing_binary
1579.3024768322086,1.0117035,0.010787695,5868998,eclipsing_binary
1579.3038657274885,0.9975721,0.010764077,5868998,eclipsing_binary
1579.3052546223037,0.999436,0.010760638,5868998,eclipsing_binary
1579.3066435175833,0.99726075,0.010774868,5868998,eclipsing_binary
1579.308032412863,1.0069145,0.010785933,5868998,eclipsing_binary
1579.3094213081438,0.9891955,0.010774029,5868998,eclipsing_binary
1579.3108102034241,1.0129669,0.010809284,5868998,eclipsing_binary
1579.3121990982384,1.0057302,0.0107737575,5868998,eclipsing_binary
1579.3135879935182,1.0143251,0.010797376,5868998,eclipsing_binary
1579.3149768887986,1.0086203,0.010792091,5868998,eclipsing_binary
1579.3163657840794,0.98233175,0.010740006,5868998,eclipsing_binary
1579.3177546788936,1.0087243,0.010782629,5868998,eclipsing_binary
1579.3191435741733,1.0092171,0.010792574,5868998,eclipsing_binary
1579.3205324694538,0.9958477,0.010773553,5868998,eclipsing_binary
1579.3219213647342,1.0034397,0.010793168,5868998,eclipsing_binary
1579.3233102595484,1.0079278,0.010785746,5868998,eclipsing_binary
1579.3246991548283,1.0047313,0.01079569,5868998,eclipsing_binary
1579.3260880501086,1.0068234,0.010801074,5868998,eclipsing_binary
1579.3274769449229,1.0001491,0.010845423,5868998,eclipsing_binary
1579.3288658402028,0.9991583,0.010779654,5868998,eclipsing_binary
1579.3302547354833,0.9871556,0.010755296,5868998,eclipsing_binary
1579.3316436302982,0.99743015,0.010781099,5868998,eclipsing_binary
1579.3330325255781,0.9863893,0.010742273,5868998,eclipsing_binary
1579.3344214203923,1.007203,0.010778699,5868998,eclipsing_binary
1579.3358103156727,0.9948045,0.010756665,5868998,eclipsing_binary
1579.3371992109533,0.9989989,0.010772106,5868998,eclipsing_binary
1579.3385881057673,1.0035437,0.010784893,5868998,eclipsing_binary
1579.3399770010471,1.0164825,0.010807347,5868998,eclipsing_binary
1579.3413658958623,0.99548566,0.010760222,5868998,eclipsing_binary
1579.342754791142,0.99144965,0.010788038,5868998,eclipsing_binary
1579.3441436864216,0.9823682,0.010746869,5868998,eclipsing_binary
1579.3455325812367,0.9900492,0.010788124,5868998,eclipsing_binary
1579.346921476517,0.99420214,0.010774833,5868998,eclipsing_binary
1579.3483103713313,1.016248,0.01082268,5868998,eclipsing_binary
1579.3496992666112,0.9949802,0.0107719675,5868998,eclipsing_binary
1579.3510881614259,1.0124445,0.0108008105,5868998,eclipsing_binary
1579.3524770567067,0.997524,0.010768963,5868998,eclipsing_binary
1579.3538659515207,0.9906861,0.010760806,5868998,eclipsing_binary
1579.3552548468003,1.0016127,0.010778825,5868998,eclipsing_binary
1579.3566437416155,1.0004599,0.010779441,5868998,eclipsing_binary
1579.3580326368958,1.0031947,0.010786053,5868998,eclipsing_binary
1579.35942153171,1.0011485,0.010756079,5868998,eclipsing_binary
1579.3608104265243,0.9814419,0.010735286,5868998,eclipsing_binary
1579.3635882166188,0.9972146,0.010774427,5868998,eclipsing_binary
1579.3649771118987,1.0131111,0.010808213,5868998,eclipsing_binary
1579.3663660067136,0.994762,0.010759639,5868998,eclipsing_binary
1579.3677549015285,0.9942306,0.010778821,5868998,eclipsing_binary
1579.3691437968084,0.99705696,0.0107725365,5868998,eclipsing_binary
1579.3705326916227,0.99927074,0.010783497,5868998,eclipsing_binary
1579.371921586903,1.0067302,0.010800746,5868998,eclipsing_binary
1579.3733104817177,0.99981815,0.010778413,5868998,eclipsing_binary
1579.374699376532,0.9985305,0.010763454,5868998,eclipsing_binary
1579.3760882718118,1.0125473,0.010799205,5868998,eclipsing_binary
1579.377477166627,1.002569,0.010772762,5868998,eclipsing_binary
1579.378866061441,1.0105277,0.0108106565,5868998,eclipsing_binary
1579.3802549567206,0.99097353,0.010748467,5868998,eclipsing_binary
1579.3816438515357,0.98971725,0.010758768,5868998,eclipsing_binary
1579.3830327463504,1.0037682,0.010820751,5868998,eclipsing_binary
1579.3844216411646,0.9974174,0.010784454,5868998,eclipsing_binary
1579.3858105364445,0.9938801,0.010805085,5868998,eclipsing_binary
1579.3871994312592,0.99373263,0.010768285,5868998,eclipsing_binary
1579.3885883260743,0.98231983,0.010758524,5868998,eclipsing_binary
1579.3899772208883,1.0000212,0.010774125,5868998,eclipsing_binary
1579.391366116168,0.9982911,0.010781823,5868998,eclipsing_binary
1579.3927550109831,0.99924594,0.010775817,5868998,eclipsing_binary
1579.3941439057978,1.0049388,0.010794251,5868998,eclipsing_binary
1579.395532800612,1.00355,0.010771417,5868998,eclipsing_binary
1579.3969216954263,1.0043062,0.010818171,5868998,eclipsing_binary
1579.3983105907066,1.0171791,0.010829231,5868998,eclipsing_binary
1579.3996994855208,1.0097373,0.010834035,5868998,eclipsing_binary
1579.401088380335,1.0175858,0.010806373,5868998,eclipsing_binary
1579.40247727515,1.0030025,0.010797623,5868998,eclipsing_binary
1579.4038661699649,1.0057019,0.010782949,5868998,eclipsing_binary
1579.405255064779,0.9881377,0.010758005,5868998,eclipsing_binary
1579.4066439595933,0.9769988,0.010734123,5868998,eclipsing_binary
1579.408032854408,0.9987889,0.010775719,5868998,eclipsing_binary
1579.4094217496884,0.992988,0.0108232815,5868998,eclipsing_binary
1579.4108106445026,1.0102696,0.010790774,5868998,eclipsing_binary
1579.4121995393168,0.9822195,0.010766323,5868998,eclipsing_binary
1579.4135884341317,1.0050865,0.010782313,5868998,eclipsing_binary
1579.4149773289466,0.98431116,0.010747253,5868998,eclipsing_binary
1579.41636622376,0.99343884,0.010755573,5868998,eclipsing_binary
1579.4177551185737,1.0076715,0.010781112,5868998,eclipsing_binary
1579.4191440133884,1.0123605,0.010786545,5868998,eclipsing_binary
1579.4205329082026,0.9938538,0.010783115,5868998,eclipsing_binary
1579.4219218030169,1.0090145,0.010784729,5868998,eclipsing_binary
1579.4233106978315,1.0146394,0.01083723,5868998,eclipsing_binary
1579.4246995926467,0.991731,0.010766194,5868998,eclipsing_binary
1579.4260884874607,1.0088112,0.0107804565,5868998,eclipsing_binary
1579.4274773822747,0.99635607,0.010776503,5868998,eclipsing_binary
1579.4288662770898,0.97524464,0.010753569,5868998,eclipsing_binary
1579.4302551719045,1.0052252,0.010780888,5868998,eclipsing_binary
1579.4316440667187,1.0106368,0.010786385,5868998,eclipsing_binary
1579.433032961533,0.998338,0.010780935,5868998,eclipsing_binary
1579.4344218563476,0.9940725,0.0107645495,5868998,eclipsing_binary
1579.4358107506962,1.0059837,0.010830589,5868998,eclipsing_binary
1579.4371996455104,1.0055995,0.010779751,5868998,eclipsing_binary
1579.438588540325,0.99732447,0.0107655795,5868998,eclipsing_binary
1579.4399774351402,0.990571,0.010787721,5868998,eclipsing_binary
1579.4413663299545,1.0013602,0.010764166,5868998,eclipsing_binary
1579.4427552247685,1.0025613,0.010778833,5868998,eclipsing_binary
1579.4441441195834,1.0056211,0.010771026,5868998,eclipsing_binary
1579.445533014398,1.0101612,0.0107939895,5868998,eclipsing_binary
1579.4469219087466,0.99064964,0.010774297,5868998,eclipsing_binary
1579.4483108035608,0.9837646,0.010747225,5868998,eclipsing_binary
1579.4496996983758,0.9809753,0.010737092,5868998,eclipsing_binary
1579.4510885931907,0.9750609,0.010741207,5868998,eclipsing_binary
1579.452477488005,0.9607739,0.010723382,5868998,eclipsing_binary
1579.4538663823535,0.9795046,0.010760908,5868998,eclipsing_binary
1579.4552552771681,0.96395004,0.010709555,5868998,eclipsing_binary
1579.4566441719824,0.9723389,0.010755688,5868998,eclipsing_binary
1579.4580330667966,0.97393525,0.010719994,5868998,eclipsing_binary
1579.4594219611456,0.9447381,0.010684089,5868998,eclipsing_binary
1579.4608108559605,0.94437784,0.010692647,5868998,eclipsing_binary
1579.4621997507745,0.95605475,0.010698368,5868998,eclipsing_binary
1579.463588645123,0.9328041,0.010672118,5868998,eclipsing_binary
1579.4649775399382,0.9483306,0.010700714,5868998,eclipsing_binary
1579.466366434753,0.94335395,0.010683528,5868998,eclipsing_binary
1579.4677553295671,0.9431906,0.010675941,5868998,eclipsing_binary
1579.4691442239157,0.9414525,0.010713114,5868998,eclipsing_binary
1579.4705331187304,0.93522394,0.010667203,5868998,eclipsing_binary
1579.471922013079,0.9648273,0.010714781,5868998,eclipsing_binary
1579.4733109078932,0.94180685,0.010676901,5868998,eclipsing_binary
1579.4746998027078,0.9597264,0.010690905,5868998,eclipsing_binary
1579.4760886970573,0.9542877,0.010711911,5868998,eclipsing_binary
1579.4774775918715,0.97495866,0.010730783,5868998,eclipsing_binary
1579.4788664866855,0.97680044,0.010738356,5868998,eclipsing_binary
1579.4802553810348,0.97168785,0.010734716,5868998,eclipsing_binary
1579.4816442758495,0.9696244,0.010733361,5868998,eclipsing_binary
1579.483033170198,0.9756755,0.010723408,5868998,eclipsing_binary
1579.4844220650123,0.9621274,0.0107382415,5868998,eclipsing_binary
1579.4858109593613,0.9822018,0.01074662,5868998,eclipsing_binary
1579.4871998541764,0.99441767,0.010782689,5868998,eclipsing_binary
1579.488588748525,0.9923896,0.010763738,5868998,eclipsing_binary
1579.4899776433392,0.9972702,0.010825645,5868998,eclipsing_binary
1579.491366538154,1.0156983,0.01079014,5868998,eclipsing_binary
1579.4927554325025,0.9848764,0.010769878,5868998,eclipsing_binary
1579.494144326851,1.0014873,0.010768431,5868998,eclipsing_binary
1579.4955332216657,1.0099764,0.01080861,5868998,eclipsing_binary
1579.496922116015,0.9938612,0.010765906,5868998,eclipsing_binary
1579.498311010829,1.0040079,0.010772791,5868998,eclipsing_binary
1579.4996999051775,0.97514385,0.010709787,5868998,eclipsing_binary
1579.5010887999927,0.9996169,0.010756331,5868998,eclipsing_binary
1579.5024776943417,0.9971778,0.010755296,5868998,eclipsing_binary
1579.503866589156,0.99105775,0.010756632,5868998,eclipsing_binary
1579.5052554835045,0.99481386,0.010765927,5868998,eclipsing_binary
1579.5066443778535,0.99880075,0.01077462,5868998,eclipsing_binary
1579.5080332726677,1.0011644,0.010761131,5868998,eclipsing_binary
1579.5094221670163,0.9926625,0.010773539,5868998,eclipsing_binary
1579.510811061831,1.0079587,0.010785332,5868998,eclipsing_binary
1579.5121999561804,1.0201963,0.010805616,5868998,eclipsing_binary
1579.513588850529,0.9989704,0.010785104,5868998,eclipsing_binary
1579.514977745343,0.9897887,0.010749329,5868998,eclipsing_binary
1579.5163666396923,1.012791,0.010788675,5868998,eclipsing_binary
1579.5177555340413,1.0111732,0.01079604,5868998,eclipsing_binary
1579.5191444288555,0.994321,0.0107524,5868998,eclipsing_binary
1579.520533323204,1.0179074,0.010790381,5868998,eclipsing_binary
1579.521922217553,0.998632,0.010775219,5868998,eclipsing_binary
1579.5233111119026,1.0095978,0.010828394,5868998,eclipsing_binary
1579.5247000067168,1.0022694,0.010771542,5868998,eclipsing_binary
1579.5260889010651,1.0073435,0.0107847955,5868998,eclipsing_binary
1579.5274777954144,0.99649113,0.010768486,5868998,eclipsing_binary
1579.528866689763,0.9932489,0.010786689,5868998,eclipsing_binary
1579.5302555845772,1.0027503,0.010789275,5868998,eclipsing_binary
1579.5316444789262,1.003687,0.010799437,5868998,eclipsing_binary
1579.5330333732754,1.0130326,0.010799252,5868998,eclipsing_binary
1579.5344222676238,1.0094557,0.010805868,5868998,eclipsing_binary
1579.5358111619723,0.980405,0.010773111,5868998,eclipsing_binary
1579.5372000567875,1.0219884,0.010813005,5868998,eclipsing_binary
1579.5385889511365,0.9860068,0.010750404,5868998,eclipsing_binary
1579.539977845485,0.997987,0.010768064,5868998,eclipsing_binary
1579.5413667398336,1.0073457,0.01077739,5868998,eclipsing_binary
1579.5427556341826,1.0025164,0.010767125,5868998,eclipsing_binary
1579.5441445285321,0.98553365,0.010740246,5868998,eclipsing_binary
1579.5455334228805,1.0084667,0.010788369,5868998,eclipsing_binary
1579.5469223176945,1.0007044,0.010769645,5868998,eclipsing_binary
1579.548311212044,1.0007311,0.010776335,5868998,eclipsing_binary
1579.5497001063925,0.9970078,0.010765469,5868998,eclipsing_binary
1579.5510890007408,1.0083132,0.010790525,5868998,eclipsing_binary
1579.55247789509,0.98557574,0.010747204,5868998,eclipsing_binary
1579.553866789439,0.9918908,0.010784563,5868998,eclipsing_binary
1579.5552556837877,1.0035751,0.0107772,5868998,eclipsing_binary
1579.5566445781362,0.9940531,0.010761318,5868998,eclipsing_binary
1579.5580334724852,1.0134661,0.01079298,5868998,eclipsing_binary
1579.5594223668347,1.0234599,0.01080588,5868998,eclipsing_binary
1579.5608112611824,0.9947457,0.0107575655,5868998,eclipsing_binary
1579.5622001555303,1.016482,0.010806654,5868998,eclipsing_binary
1579.5635890498795,1.0020673,0.010760598,5868998,eclipsing_binary
1579.564977944228,1.0030167,0.01077457,5868998,eclipsing_binary
1579.5663668385766,1.0069085,0.010794881,5868998,eclipsing_binary
1579.5677557329257,1.0095127,0.010771441,5868998,eclipsing_binary
1579.5691446272747,1.0049007,0.010779405,5868998,eclipsing_binary
1579.5705335216232,0.9987077,0.010765208,5868998,eclipsing_binary
1579.5719224159718,1.0028657,0.010782949,5868998,eclipsing_binary
1579.5733113103213,0.9859554,0.0107475035,5868998,eclipsing_binary
1579.5747002046703,1.0119393,0.010796478,5868998,eclipsing_binary
1579.5760890985532,0.98531353,0.010740536,5868998,eclipsing_binary
1579.5774779929018,1.0203489,0.010805139,5868998,eclipsing_binary
1579.5788668872508,0.993237,0.010765735,5868998,eclipsing_binary
1579.5802557816,0.9984144,0.010766405,5868998,eclipsing_binary
1579.5816446759484,1.0043162,0.010766126,5868998,eclipsing_binary
1579.583033570297,0.98847306,0.010769341,5868998,eclipsing_binary
1579.5844224646464,0.9950546,0.010759072,5868998,eclipsing_binary
1579.585811358529,0.998959,0.010749161,5868998,eclipsing_binary
1579.5872002528774,0.9780354,0.010752511,5868998,eclipsing_binary
1579.588589147227,1.0095072,0.0107725095,5868998,eclipsing_binary
1579.589978041576,1.0023829,0.010780396,5868998,eclipsing_binary
1579.5913669359245,1.0140321,0.010788784,5868998,eclipsing_binary
1579.5927558298074,0.98862886,0.01074863,5868998,eclipsing_binary
1579.5941447241564,1.0230699,0.010806828,5868998,eclipsing_binary
1579.595533618506,0.99835974,0.010763756,5868998,eclipsing_binary
1579.5969225128545,0.992231,0.010756406,5868998,eclipsing_binary
1579.5983114067371,1.0074024,0.010784557,5868998,eclipsing_binary
1579.5997003010864,1.0000975,0.010784665,5868998,eclipsing_binary
1579.601089195435,0.9891868,0.010751594,5868998,eclipsing_binary
1579.6024780893179,0.99946433,0.010771626,5868998,eclipsing_binary
1579.6038669836669,1.0133497,0.010800753,5868998,eclipsing_binary
1579.605255878016,1.0040758,0.010778362,5868998,eclipsing_binary
1579.6066447718988,0.99651057,0.010761995,5868998,eclipsing_binary
1579.6080336662474,0.982331,0.01074518,5868998,eclipsing_binary
1579.6094225605966,1.0118814,0.010778407,5868998,eclipsing_binary
1579.6108114544802,0.98257583,0.010745717,5868998,eclipsing_binary
1579.6122003488288,1.0095124,0.010790851,5868998,eclipsing_binary
1579.6135892431773,0.99551016,0.010772099,5868998,eclipsing_binary
1579.6149781370607,1.0171399,0.01080249,5868998,eclipsing_binary
1579.61636703141,1.0074548,0.010801406,5868998,eclipsing_binary
1579.6177559252926,1.0152805,0.010797019,5868998,eclipsing_binary
1579.6191448196412,1.0043154,0.010787972,5868998,eclipsing_binary
1579.620533713525,1.0048445,0.010774456,5868998,eclipsing_binary
1579.6219226078733,0.9999646,0.010764389,5868998,eclipsing_binary
1579.6233115022217,0.98655295,0.010763297,5868998,eclipsing_binary
1579.6247003961055,1.0051289,0.010819829,5868998,eclipsing_binary
1579.6260892904545,0.9815166,0.010778119,5868998,eclipsing_binary
1579.6274781843374,0.99463356,0.010750454,5868998,eclipsing_binary
1579.628867078686,0.9983358,0.010769903,5868998,eclipsing_binary
1579.6302559725693,0.9709945,0.010725156,5868998,eclipsing_binary
1579.6316448669188,1.0074368,0.010778409,5868998,eclipsing_binary
1579.6330337608015,0.99570715,0.01075003,5868998,eclipsing_binary
1579.6344226551498,0.97986305,0.01075939,5868998,eclipsing_binary
1579.6358115490336,1.0044229,0.010802216,5868998,eclipsing_binary
1579.6372004429165,0.99787694,0.01078857,5868998,eclipsing_binary
1579.638589337265,0.9797014,0.010742304,5868998,eclipsing_binary
1579.6399782311485,0.9808461,0.010749748,5868998,eclipsing_binary
1579.6413671254975,1.0014663,0.01078275,5868998,eclipsing_binary
1579.6427560193804,1.0037861,0.010803377,5868998,eclipsing_binary
1579.6441449132633,1.0058393,0.01078035,5868998,eclipsing_binary
1579.6455338076125,0.9978457,0.010764161,5868998,eclipsing_binary
1579.6469227014961,0.99420834,0.010770111,5868998,eclipsing_binary
1579.6483115958447,0.98538923,0.010745279,5868998,eclipsing_binary
1579.6497004897276,0.99649274,0.010778077,5868998,eclipsing_binary
1579.651089383611,0.9968139,0.010761593,5868998,eclipsing_binary
1579.65247827796,0.9931893,0.010768285,5868998,eclipsing_binary
1579.6538671718429,0.99338794,0.010751537,5868998,eclipsing_binary
1579.6552560657258,1.003936,0.010779271,5868998,eclipsing_binary
1579.6566449600753,1.0025251,0.01076182,5868998,eclipsing_binary
1579.658033853958,0.9943033,0.010757971,5868998,eclipsing_binary
1579.6594227478406,1.0109981,0.010774023,5868998,eclipsing_binary
1579.6608116417244,0.99221367,0.010757318,5868998,eclipsing_binary
1579.6622005360734,0.99237335,0.010754741,5868998,eclipsing_binary
1579.6635894299563,1.012318,0.010771972,5868998,eclipsing_binary
1579.6649783238393,0.987052,0.010754089,5868998,eclipsing_binary
1579.6663672177226,0.9966345,0.010755494,5868998,eclipsing_binary
1579.6677561116064,1.0177076,0.01079565,5868998,eclipsing_binary
1579.6691450059548,0.99009067,0.010739122,5868998,eclipsing_binary
1579.6705338998374,0.9966449,0.010753825,5868998,eclipsing_binary
1579.6719227937213,1.0031953,0.010761876,5868998,eclipsing_binary
1579.6733116876046,0.99045545,0.010812685,5868998,eclipsing_binary
1579.6747005814875,0.98808646,0.010772777,5868998,eclipsing_binary
1579.676089475836,0.9955335,0.010765649,5868998,eclipsing_binary
1579.6774783697194,0.99781454,0.010763481,5868998,eclipsing_binary
1579.6788672636023,1.007526,0.010771794,5868998,eclipsing_binary
1579.6802561574852,1.0014848,0.010822194,5868998,eclipsing_binary
1579.6816450513688,1.0055777,0.010781259,5868998,eclipsing_binary
1579.6830339452524,1.0216407,0.010810943,5868998,eclipsing_binary
1579.6844228391353,0.99854237,0.01076385,5868998,eclipsing_binary
1579.6858117330182,0.9928134,0.010780806,5868998,eclipsing_binary
1579.6872006269016,0.9940353,0.010782622,5868998,eclipsing_binary
1579.688589520785,0.9879544,0.010755964,5868998,eclipsing_binary
1579.6899784146678,0.9916249,0.010737287,5868998,eclipsing_binary
1579.6913673085508,1.017464,0.010798859,5868998,eclipsing_binary
1579.6927562024337,0.9939276,0.0107498,5868998,eclipsing_binary
1579.6941450967813,1.0061636,0.010765215,5868998,eclipsing_binary
1579.6955339906642,1.0027928,0.010758786,5868998,eclipsing_binary
1579.6969228840824,0.9896684,0.010759535,5868998,eclipsing_binary
1579.6983117779657,1.0103294,0.010801985,5868998,eclipsing_binary
1579.6997006718486,0.99961215,0.0107622575,5868998,eclipsing_binary
1579.7010895657315,0.98978895,0.010747929,5868998,eclipsing_binary
1579.702478459615,1.0028645,0.010767757,5868998,eclipsing_binary
1579.7038673534987,0.9947395,0.010770558,5868998,eclipsing_binary
1579.7052562473814,0.99558634,0.010767705,5868998,eclipsing_binary
1579.706645141264,0.9988793,0.010763454,5868998,eclipsing_binary
1579.7080340351479,0.9891488,0.010771111,5868998,eclipsing_binary
1579.7094229290312,0.98803955,0.010767501,5868998,eclipsing_binary
1579.7108118229141,0.99000305,0.010764774,5868998,eclipsing_binary
1579.712200716797,0.9902729,0.010741999,5868998,eclipsing_binary
1579.7135896106804,1.0047367,0.010768098,5868998,eclipsing_binary
1579.7149785040976,0.98495066,0.0107200565,5868998,eclipsing_binary
1579.7163673979805,1.0046173,0.010785698,5868998,eclipsing_binary
1579.717756291864,0.99257255,0.0107549615,5868998,eclipsing_binary
1579.7191451857477,0.996366,0.010796736,5868998,eclipsing_binary
1579.7205340796306,0.99896383,0.010776835,5868998,eclipsing_binary
1579.7219229735133,1.0067213,0.010762182,5868998,eclipsing_binary
1579.7233118669312,0.99668974,0.010762979,5868998,eclipsing_binary
1579.7247007608146,1.0161966,0.010797803,5868998,eclipsing_binary
1579.7260896546975,1.0117935,0.010788377,5868998,eclipsing_binary
1579.7274785485804,0.99138874,0.0107647665,5868998,eclipsing_binary
1579.7288674419983,0.98310393,0.0107405875,5868998,eclipsing_binary
1579.730256335881,1.0160223,0.010787527,5868998,eclipsing_binary
1579.731645229764,1.0004847,0.010780084,5868998,eclipsing_binary
1579.7330341236477,1.0054028,0.010747795,5868998,eclipsing_binary
1579.7344230170654,0.9941144,0.010750115,5868998,eclipsing_binary
1579.7358119109483,0.9849177,0.010737802,5868998,eclipsing_binary
1579.7372008048312,0.9930201,0.01074922,5868998,eclipsing_binary
1579.738589698249,0.9882762,0.01074436,5868998,eclipsing_binary
1579.7399785921325,1.0200949,0.010801747,5868998,eclipsing_binary
1579.7413674860152,1.0112277,0.01077336,5868998,eclipsing_binary
1579.7427563794324,0.9856992,0.010740708,5868998,eclipsing_binary
1579.7441452733162,0.99740785,0.010757964,5868998,eclipsing_binary
1579.7455341671996,1.0092999,0.010772903,5868998,eclipsing_binary
1579.7469230606168,0.9785256,0.010732326,5868998,eclipsing_binary
1579.7483119544997,0.9924118,0.010737358,5868998,eclipsing_binary
1579.7497008479174,1.0016798,0.010764292,5868998,eclipsing_binary
1579.7510897418003,0.98428637,0.010747427,5868998,eclipsing_binary
1579.7524786356832,0.9834914,0.010731581,5868998,eclipsing_binary
1579.753867529101,1.0219121,0.010801616,5868998,eclipsing_binary
1579.7552564229848,1.0110646,0.010801068,5868998,eclipsing_binary
1579.756645316402,0.9912645,0.010759908,5868998,eclipsing_binary
1579.7580342102847,0.9982436,0.010773488,5868998,eclipsing_binary
1579.7594231037026,0.98805594,0.010744645,5868998,eclipsing_binary
1579.760811997586,0.9994851,0.010775516,5868998,eclipsing_binary
1579.7622008910032,0.9914801,0.010747132,5868998,eclipsing_binary
1579.763589784886,1.0131023,0.010776122,5868998,eclipsing_binary
1579.7649786783038,1.0029004,0.010776776,5868998,eclipsing_binary
1579.7663675721867,1.0083967,0.010792434,5868998,eclipsing_binary
1579.767756465604,0.9984824,0.01079728,5868998,eclipsing_binary
1579.7691453594878,1.0202302,0.010787494,5868998,eclipsing_binary
1579.7705342529055,1.0061134,0.0107789105,5868998,eclipsing_binary
1579.7719231463227,0.9891346,0.010755385,5868998,eclipsing_binary
1579.7733120402056,0.998545,0.010747385,5868998,eclipsing_binary
1579.7747009336233,1.0132961,0.010785117,5868998,eclipsing_binary
1579.776089827507,0.9964753,0.010749088,5868998,eclipsing_binary
1579.777478720924,1.0002744,0.010782222,5868998,eclipsing_binary
1579.7788676143412,0.9958414,0.010750383,5868998,eclipsing_binary
1579.780256508225,1.0213602,0.010796754,5868998,eclipsing_binary
1579.7816454016427,1.0114679,0.010783169,5868998,eclipsing_binary
1579.78303429506,0.99447304,0.010753698,5868998,eclipsing_binary
1579.7844231889428,0.99130976,0.010744124,5868998,eclipsing_binary
1579.7858120823605,0.99590206,0.010740231,5868998,eclipsing_binary
1579.7872009757778,0.9849148,0.0107448045,5868998,eclipsing_binary
1579.7885898696607,1.0019357,0.010820064,5868998,eclipsing_binary
1579.7899787630784,0.9907708,0.010748361,5868998,eclipsing_binary
1579.7913676564965,1.0031754,0.010807499,5868998,eclipsing_binary
1579.7927565499137,1.0059515,0.010771565,5868998,eclipsing_binary
1579.7941454437964,0.9877691,0.010734183,5868998,eclipsing_binary
1579.7955343372143,1.0070373,0.010790473,5868998,eclipsing_binary
1579.796923230632,1.0216148,0.010802762,5868998,eclipsing_binary
1579.7983121240493,1.004712,0.010780565,5868998,eclipsing_binary
1579.7997010179322,0.9952915,0.010746614,5868998,eclipsing_binary
1579.80108991135,1.0037631,0.01078858,5868998,eclipsing_binary
1579.802478804768,1.0072532,0.010767569,5868998,eclipsing_binary
1579.8038676981853,1.0191306,0.010785583,5868998,eclipsing_binary
1579.8052565916025,0.98780125,0.010738834,5868998,eclipsing_binary
1579.8066454850202,1.0029742,0.010749693,5868998,eclipsing_binary
1579.8080343789031,0.9885241,0.010745877,5868998,eclipsing_binary
1579.8094232723204,1.005263,0.010769452,5868998,eclipsing_binary
1579.810812165738,1.008143,0.010799725,5868998,eclipsing_binary
1579.812201059156,1.0135838,0.010786382,5868998,eclipsing_binary
1579.813589952573,1.0039186,0.010783815,5868998,eclipsing_binary
1579.8149788459903,1.0254244,0.0107991835,5868998,eclipsing_binary
1579.8163677394075,1.0064758,0.010773905,5868998,eclipsing_binary
1579.8177566328247,0.9996318,0.010748393,5868998,eclipsing_binary
1579.819145526242,0.98264575,0.01072422,5868998,eclipsing_binary
1579.8205344196592,0.9866207,0.010744156,5868998,eclipsing_binary
1579.821923313077,1.0083874,0.010784964,5868998,eclipsing_binary
1579.8233122064942,0.98222345,0.010757584,5868998,eclipsing_binary
1579.8247010999114,1.0072166,0.010779399,5868998,eclipsing_binary
1579.826089993329,1.014506,0.010792883,5868998,eclipsing_binary
1579.8274788867473,0.9970877,0.010766087,5868998,eclipsing_binary
1579.8288677801643,0.9875907,0.010725095,5868998,eclipsing_binary
1579.8302566735813,0.9926524,0.010747342,5868998,eclipsing_binary
1579.8316455669994,0.98256516,0.010730053,5868998,eclipsing_binary
1579.8330344604171,1.0039757,0.010781887,5868998,eclipsing_binary
1579.8344233538344,1.0214584,0.01079473,5868998,eclipsing_binary
1579.8358122472516,0.9934614,0.010760059,5868998,eclipsing_binary
1579.8372011406693,0.99286664,0.010748474,5868998,eclipsing_binary
1579.8385900340875,0.984296,0.010734034,5868998,eclipsing_binary
1579.8399789275047,1.0001558,0.01075547,5868998,eclipsing_binary
1579.8413678209217,1.0141381,0.010791374,5868998,eclipsing_binary
1579.8427567143397,1.0032285,0.010765446,5868998,eclipsing_binary
1579.8441456072912,0.9888182,0.010747318,5868998,eclipsing_binary
1579.8455345007085,1.0094389,0.010767372,5868998,eclipsing_binary
1579.8469233941262,0.99974906,0.010792681,5868998,eclipsing_binary
1579.8483122875439,1.0045673,0.010774003,5868998,eclipsing_binary
1579.8497011809611,1.0093528,0.010760559,5868998,eclipsing_binary
1579.8510900743784,1.0109754,0.010775684,5868998,eclipsing_binary
1579.8524789673309,0.9899466,0.010764866,5868998,eclipsing_binary
1579.8538678607486,1.009451,0.010765764,5868998,eclipsing_binary
1579.8552567541658,1.0197951,0.010788302,5868998,eclipsing_binary
1579.856645647583,1.0111179,0.010777032,5868998,eclipsing_binary
1579.858034540535,0.9967735,0.01075149,5868998,eclipsing_binary
1579.8594234339523,1.0142617,0.010780102,5868998,eclipsing_binary
1579.8608123273696,0.9787069,0.010752622,5868998,eclipsing_binary
1579.8622012207873,0.9798861,0.010733297,5868998,eclipsing_binary
1579.8635901137397,1.0018158,0.010775991,5868998,eclipsing_binary
1579.8649790071568,1.0036812,0.010796492,5868998,eclipsing_binary
1579.8663679005738,1.007977,0.0107810525,5868998,eclipsing_binary
1579.8677567935263,1.0201744,0.010806079,5868998,eclipsing_binary
1579.869145686944,0.9848955,0.010744253,5868998,eclipsing_binary
1579.8705345803612,0.99529725,0.0108056255,5868998,eclipsing_binary
1579.8719234733128,0.9856352,0.010801793,5868998,eclipsing_binary
1579.8733123667305,0.99814886,0.010773833,5868998,eclipsing_binary
1579.8747012601486,1.0010823,0.010764493,5868998,eclipsing_binary
1579.8760901531002,0.9911554,0.010745441,5868998,eclipsing_binary
1579.8774790465172,1.0254962,0.010801986,5868998,eclipsing_binary
1579.8788679394695,0.99365014,0.010741853,5868998,eclipsing_binary
1579.8802568328867,0.9841165,0.010724482,5868998,eclipsing_binary
1579.881645726304,1.0007681,0.010760453,5868998,eclipsing_binary
1579.883034619256,1.0143354,0.010840143,5868998,eclipsing_binary
1579.8844235126737,0.99281585,0.010758582,5868998,eclipsing_binary
1579.8858124056253,1.0006783,0.010761012,5868998,eclipsing_binary
1579.8872012990425,0.9996864,0.010807677,5868998,eclipsing_binary
1579.8885901919948,1.0083334,0.010777198,5868998,eclipsing_binary
1579.8899790854127,0.9993498,0.010758096,5868998,eclipsing_binary
1579.8913679783643,0.9975847,0.010768369,5868998,eclipsing_binary
1579.8927568717816,0.9881611,0.01074016,5868998,eclipsing_binary
1579.8941457647336,1.0084791,0.010782188,5868998,eclipsing_binary
1579.8955346581508,0.98390967,0.010738269,5868998,eclipsing_binary
1579.8969235511024,0.9992773,0.010771174,5868998,eclipsing_binary
1579.8983124445201,1.0123968,0.010778235,5868998,eclipsing_binary
1579.8997013374726,1.005289,0.010803089,5868998,eclipsing_binary
1579.901090230424,1.010346,0.010802182,5868998,eclipsing_binary
1579.902479123841,1.0076461,0.010775912,5868998,eclipsing_binary
1579.9038680167935,1.0080255,0.010790865,5868998,eclipsing_binary
1579.9052569102112,0.99835515,0.010759254,5868998,eclipsing_binary
1579.9066458031627,0.98431855,0.010726075,5868998,eclipsing_binary
1579.9080346961143,0.99582636,0.0107541345,5868998,eclipsing_binary
1579.909423589532,0.9955203,0.010762507,5868998,eclipsing_binary
1579.9108124824845,1.00853,0.0107661225,5868998,eclipsing_binary
1579.9122013754359,0.99531555,0.010739745,5868998,eclipsing_binary
1579.9135902688529,0.99784714,0.010749202,5868998,eclipsing_binary
1579.9149791618054,0.9903068,0.010759085,5868998,eclipsing_binary
1579.916368054757,1.0069174,0.010791155,5868998,eclipsing_binary
1579.9177569477085,1.0111804,0.0107911965,5868998,eclipsing_binary
1579.9191458411262,0.9981411,0.010751187,5868998,eclipsing_binary
1579.9205347340783,1.0106701,0.010779335,5868998,eclipsing_binary
1579.9219236270299,0.99765176,0.010758231,5868998,eclipsing_binary
1579.9233125199814,1.0012774,0.010779859,5868998,eclipsing_binary
1579.9247014133994,0.98204684,0.010731994,5868998,eclipsing_binary
1579.9260903063516,1.0004671,0.010822527,5868998,eclipsing_binary
1579.9274791993032,0.99550503,0.010751578,5868998,eclipsing_binary
1579.9288680922548,1.0160832,0.010789879,5868998,eclipsing_binary
1579.9302569852068,0.9987539,0.010787239,5868998,eclipsing_binary
1579.9316458786245,0.9978484,0.010757421,5868998,eclipsing_binary
1579.933034771576,1.0051708,0.0107743405,5868998,eclipsing_binary
1579.9344236645272,1.0120035,0.010816529,5868998,eclipsing_binary
1579.9358125574786,1.0000459,0.010766543,5868998,eclipsing_binary
1579.93720145043,0.98993087,0.010749825,5868998,eclipsing_binary
1579.9385903433815,1.0070957,0.010776931,5868998,eclipsing_binary
1579.939979236334,0.9878721,0.010774307,5868998,eclipsing_binary
1579.941368129286,0.99821836,0.010758859,5868998,eclipsing_binary
1579.9427570227033,0.99476683,0.010755183,5868998,eclipsing_binary
1579.9441459156549,0.989211,0.010742531,5868998,eclipsing_binary
1579.945534808607,1.0056158,0.010829553,5868998,eclipsing_binary
1579.9469237015594,1.0086617,0.010762884,5868998,eclipsing_binary
1579.9483125945108,0.99453473,0.01073762,5868998,eclipsing_binary
1579.949701487462,1.0084547,0.010764722,5868998,eclipsing_binary
1579.9510903804146,1.0034204,0.010785665,5868998,eclipsing_binary
1579.9524792733662,0.9964638,0.010765103,5868998,eclipsing_binary
1579.9538681663175,1.0116953,0.0107734995,5868998,eclipsing_binary
1579.9552570592698,0.99568534,0.010745609,5868998,eclipsing_binary
1579.9566459522218,1.0077596,0.010777802,5868998,eclipsing_binary
1579.9580348451734,1.0006198,0.010776584,5868998,eclipsing_binary
1579.959423738125,1.0110539,0.010789965,5868998,eclipsing_binary
1579.960812631077,1.0152301,0.010787944,5868998,eclipsing_binary
1579.9622015235639,1.0038676,0.010824957,5868998,eclipsing_binary
1579.9635904165154,0.9876227,0.01074682,5868998,eclipsing_binary
1579.964979309467,0.97279215,0.010721385,5868998,eclipsing_binary
1579.966368202419,0.9992016,0.010760684,5868998,eclipsing_binary
1579.967757095371,1.0055778,0.010762692,5868998,eclipsing_binary
1579.9691459883227,0.9941897,0.010746449,5868998,eclipsing_binary
1579.9705348812743,1.0189282,0.010778791,5868998,eclipsing_binary
1579.9719237742265,1.0009937,0.010764873,5868998,eclipsing_binary
1579.9733126667122,1.0027131,0.010762181,5868998,eclipsing_binary
1579.9747015596638,1.0043222,0.010771552,5868998,eclipsing_binary
1579.9760904526163,1.0044214,0.0107713,5868998,eclipsing_binary
1579.9774793455683,1.0095289,0.010795945,5868998,eclipsing_binary
1579.97886823852,1.0171874,0.010800047,5868998,eclipsing_binary
1579.9802571310058,0.99545234,0.010759989,5868998,eclipsing_binary
1579.9816460239579,0.9989671,0.0107866535,5868998,eclipsing_binary
1579.9830349169104,1.0022644,0.010783984,5868998,eclipsing_binary
1579.9844238098617,0.9907587,0.010741202,5868998,eclipsing_binary
1579.9858127023474,0.99454576,0.010748168,5868998,eclipsing_binary
1579.9872015953,0.99918026,0.010766869,5868998,eclipsing_binary
1579.9885904882515,1.0154254,0.010847296,5868998,eclipsing_binary
1579.9899793812028,1.0083996,0.010777179,5868998,eclipsing_binary
1579.9913682736894,1.0140358,0.010780219,5868998,eclipsing_binary
1579.9927571666415,0.9972868,0.010754893,5868998,eclipsing_binary
1579.994146059593,0.996918,0.010744089,5868998,eclipsing_binary
1579.995534952079,0.9854711,0.010728827,5868998,eclipsing_binary
1579.996923845031,0.9925858,0.010755754,5868998,eclipsing_binary
1579.9983127379835,0.98458076,0.010726678,5868998,eclipsing_binary
1579.9997016304694,1.0010246,0.010748784,5868998,eclipsing_binary
1580.0010905234208,1.0118372,0.010776193,5868998,eclipsing_binary
1580.0024794159074,1.0139338,0.010772653,5868998,eclipsing_binary
1580.0038683088594,1.0011166,0.010759284,5868998,eclipsing_binary
1580.005257201811,1.007903,0.0108233355,5868998,eclipsing_binary
1580.006646094297,1.0067168,0.010774256,5868998,eclipsing_binary
1580.0080349872492,1.0027136,0.0107686035,5868998,eclipsing_binary
1580.0094238797349,1.0288173,0.01080772,5868998,eclipsing_binary
1580.0108127726864,0.99592435,0.010750112,5868998,eclipsing_binary
1580.0122016651733,0.9840029,0.010732564,5868998,eclipsing_binary
1580.0135905581253,1.0140328,0.010789801,5868998,eclipsing_binary
1580.0149794506112,0.9908398,0.010746643,5868998,eclipsing_binary
1580.0163683435628,1.0209385,0.010784584,5868998,eclipsing_binary
1580.0177572360492,1.0123419,0.0107961325,5868998,eclipsing_binary
1580.0191461290015,1.0121208,0.010799811,5868998,eclipsing_binary
1580.0205350214871,1.009746,0.010765265,5868998,eclipsing_binary
1580.0219239144387,1.009757,0.010779896,5868998,eclipsing_binary
1580.0233128069256,0.99762034,0.010769747,5868998,eclipsing_binary
1580.0247016994113,0.9816312,0.01073382,5868998,eclipsing_binary
1580.0260905923626,1.0126953,0.010791609,5868998,eclipsing_binary
1580.0274794848494,0.9993138,0.010759281,5868998,eclipsing_binary
1580.0288683778015,1.0117413,0.0108146835,5868998,eclipsing_binary
1580.0302572702874,0.9874505,0.0107403835,5868998,eclipsing_binary
1580.0316461627733,1.0037464,0.010767357,5868998,eclipsing_binary
1580.0330350557253,1.0036618,0.010771198,5868998,eclipsing_binary
1580.0344239482122,1.0076443,0.010769672,5868998,eclipsing_binary
1580.035812840698,1.0010151,0.010754498,5868998,eclipsing_binary
1580.0372017336495,1.0134847,0.0107883215,5868998,eclipsing_binary
1580.038590626136,1.000936,0.010768817,5868998,eclipsing_binary
1580.0399795186224,1.0115631,0.010809013,5868998,eclipsing_binary
1580.0413684111084,0.99377346,0.010751076,5868998,eclipsing_binary
1580.04275730406,0.99365073,0.010742262,5868998,eclipsing_binary
1580.0441461965459,1.0119469,0.010772878,5868998,eclipsing_binary
1580.0455350890309,1.0042319,0.010780952,5868998,eclipsing_binary
1580.0469239815168,1.010447,0.010795083,5868998,eclipsing_binary
1580.0483128744693,0.9965653,0.010747756,5868998,eclipsing_binary
1580.0497017669556,0.98481035,0.010733834,5868998,eclipsing_binary
1580.0510906594416,1.0121173,0.010778839,5868998,eclipsing_binary
1580.0524795519275,1.0174847,0.010794789,5868998,eclipsing_binary
1580.0538684444139,1.0038404,0.0107649295,5868998,eclipsing_binary
1580.0552573373661,0.99391353,0.010759324,5868998,eclipsing_binary
1580.0566462298518,1.0297674,0.010808005,5868998,eclipsing_binary
1580.0580351223377,1.0119525,0.010784023,5868998,eclipsing_binary
1580.0594240148246,0.9958173,0.010750316,5868998,eclipsing_binary
1580.060812907311,1.0117377,0.010774728,5868998,eclipsing_binary
1580.0622017997969,0.99259377,0.010750258,5868998,eclipsing_binary
1580.0635906922828,1.0029697,0.010756523,5868998,eclipsing_binary
1580.0649795847692,0.9972439,0.0107738795,5868998,eclipsing_binary
1580.066368477255,1.0103734,0.010776516,5868998,eclipsing_binary
1580.067757369741,1.0060463,0.010827927,5868998,eclipsing_binary
1580.069146262693,0.9950552,0.0107679,5868998,eclipsing_binary
1580.0705351551799,0.9988921,0.0107685365,5868998,eclipsing_binary
1580.0719240476658,1.0123763,0.010805788,5868998,eclipsing_binary
1580.0733129401515,1.0007961,0.010769002,5868998,eclipsing_binary
1580.074701832638,0.9949247,0.010757572,5868998,eclipsing_binary
1580.0760907251245,1.003708,0.010763589,5868998,eclipsing_binary
1580.0774796176104,0.9937698,0.0107520325,5868998,eclipsing_binary
1580.0788685100963,0.9854628,0.0107426,5868998,eclipsing_binary
1580.080257402117,0.98482525,0.01073843,5868998,eclipsing_binary
1580.081646294603,0.99089247,0.010754483,5868998,eclipsing_binary
1580.0830351870889,0.98280764,0.01073844,5868998,eclipsing_binary
1580.0844240795755,0.98626655,0.01075128,5868998,eclipsing_binary
1580.085812972062,0.9953477,0.010754722,5868998,eclipsing_binary
1580.087201864548,0.97844833,0.010740968,5868998,eclipsing_binary
1580.088590757034,0.9886926,0.010783601,5868998,eclipsing_binary
1580.0899796495203,0.9794733,0.010729829,5868998,eclipsing_binary
1580.0913685420069,0.9753918,0.01069647,5868998,eclipsing_binary
1580.0927574344926,0.97112995,0.010730108,5868998,eclipsing_binary
1580.0941463265128,0.9518653,0.0106887575,5868998,eclipsing_binary
1580.0955352189997,0.9397935,0.0106786555,5868998,eclipsing_binary
1580.096924111486,0.9637356,0.010746107,5868998,eclipsing_binary
1580.098313003972,0.93427485,0.01065608,5868998,eclipsing_binary
1580.0997018964579,0.9494688,0.010685645,5868998,eclipsing_binary
1580.1010907884786,0.958421,0.010688806,5868998,eclipsing_binary
1580.1024796809645,0.9350087,0.010658008,5868998,eclipsing_binary
1580.1038685734504,0.9522833,0.010680809,5868998,eclipsing_binary
1580.1052574659368,0.94068867,0.010660936,5868998,eclipsing_binary
1580.106646357958,0.9553818,0.010675162,5868998,eclipsing_binary
1580.1080352504437,0.94982076,0.010680987,5868998,eclipsing_binary
1580.1094241429294,0.95531,0.0106847985,5868998,eclipsing_binary
1580.1108130354162,0.9631348,0.010720309,5868998,eclipsing_binary
1580.112201927437,0.9664013,0.010700262,5868998,eclipsing_binary
1580.1135908199228,0.9690951,0.010700589,5868998,eclipsing_binary
1580.1149797124087,0.9594184,0.010692122,5868998,eclipsing_binary
1580.1163686044295,0.97495836,0.010724152,5868998,eclipsing_binary
1580.1177574969154,0.98997337,0.010752956,5868998,eclipsing_binary
1580.1191463889356,0.98758245,0.0107485205,5868998,eclipsing_binary
1580.1205352814222,1.0012363,0.0107607525,5868998,eclipsing_binary
1580.1219241739088,0.9914939,0.010749269,5868998,eclipsing_binary
1580.123313065929,1.0034769,0.010769487,5868998,eclipsing_binary
1580.124701958415,0.9814163,0.010733383,5868998,eclipsing_binary
1580.1260908504357,0.9925291,0.010731196,5868998,eclipsing_binary
1580.127479742922,0.9955461,0.010774316,5868998,eclipsing_binary
1580.1288686349424,0.99545574,0.010751695,5868998,eclipsing_binary
1580.1302575274283,1.028299,0.010806126,5868998,eclipsing_binary
1580.1316464199151,1.0008392,0.01075781,5868998,eclipsing_binary
1580.1330353119358,1.006731,0.010793778,5868998,eclipsing_binary
1580.1344242044217,1.0049071,0.01079067,5868998,eclipsing_binary
1580.135813096442,1.0194027,0.01080561,5868998,eclipsing_binary
1580.1372019889284,1.0130396,0.010791191,5868998,eclipsing_binary
1580.1385908809486,0.98187417,0.010778849,5868998,eclipsing_binary
1580.139979772969,1.0113331,0.010781367,5868998,eclipsing_binary
1580.1413686654553,0.98622596,0.010791322,5868998,eclipsing_binary
1580.1427575574764,1.0070605,0.010774462,5868998,eclipsing_binary
1580.1441464499621,1.0049525,0.010780923,5868998,eclipsing_binary
1580.1455353419822,1.0047626,0.010786412,5868998,eclipsing_binary
1580.1469242340033,1.0131991,0.010792176,5868998,eclipsing_binary
1580.1483131264897,1.0002934,0.010768963,5868998,eclipsing_binary
1580.1497020185093,1.0084091,0.010784722,5868998,eclipsing_binary
1580.1510909109945,0.99747336,0.010802868,5868998,eclipsing_binary
1580.1524798030152,1.001848,0.010763073,5868998,eclipsing_binary
1580.1538686950355,0.9888546,0.010739647,5868998,eclipsing_binary
1580.1552575875214,0.99614173,0.010748055,5868998,eclipsing_binary
1580.1566464795421,1.0068768,0.010792588,5868998,eclipsing_binary
1580.1580353715633,1.0148221,0.010786301,5868998,eclipsing_binary
1580.1594242635836,1.0000486,0.0107709,5868998,eclipsing_binary
1580.1608131560695,0.995767,0.010779563,5868998,eclipsing_binary
1580.1622020480902,1.0051473,0.010761667,5868998,eclipsing_binary
1580.163590940111,1.0147243,0.010793414,5868998,eclipsing_binary
1580.1649798325968,0.9968933,0.010764603,5868998,eclipsing_binary
1580.166368724617,1.0000622,0.010826427,5868998,eclipsing_binary
1580.167757616638,1.0050825,0.010788983,5868998,eclipsing_binary
1580.169146508659,1.0170449,0.010819624,5868998,eclipsing_binary
1580.1705354006792,0.9993639,0.010760381,5868998,eclipsing_binary
1580.1719242931651,1.0102744,0.010760798,5868998,eclipsing_binary
1580.1733131851859,1.0109451,0.010795929,5868998,eclipsing_binary
1580.1747020772061,0.9979127,0.010756823,5868998,eclipsing_binary
1580.1760909692264,0.99751157,0.010757068,5868998,eclipsing_binary
1580.177479861247,0.9844287,0.010768949,5868998,eclipsing_binary
1580.1788687532683,1.0069484,0.010777623,5868998,eclipsing_binary
1580.1802576452883,1.0012631,0.010787693,5868998,eclipsing_binary
1580.1816465373083,1.0211253,0.010824362,5868998,eclipsing_binary
1580.1830354293295,0.99892944,0.010787893,5868998,eclipsing_binary
1580.1844243218159,0.98675287,0.010752115,5868998,eclipsing_binary
1580.1858132138361,1.0016059,0.010764361,5868998,eclipsing_binary
1580.1872021058564,1.0204669,0.01079645,5868998,eclipsing_binary
1580.188590997877,1.0125291,0.010818117,5868998,eclipsing_binary
1580.1899798898974,0.9860348,0.010788428,5868998,eclipsing_binary
1580.1913687819176,0.9991112,0.010775616,5868998,eclipsing_binary
1580.1927576739383,0.98500943,0.010735451,5868998,eclipsing_binary
1580.1941465659595,1.011758,0.010791274,5868998,eclipsing_binary
1580.1955354579798,1.0088215,0.010785168,5868998,eclipsing_binary
1580.1969243499998,0.9997429,0.01078062,5868998,eclipsing_binary
1580.1983132420207,1.0049657,0.010795554,5868998,eclipsing_binary
1580.1997021340414,0.9923179,0.010749093,5868998,eclipsing_binary
1580.201091025596,1.0149552,0.010789517,5868998,eclipsing_binary
1580.2024799176163,1.0004867,0.010747306,5868998,eclipsing_binary
1580.2038688096372,1.0116667,0.0108256,5868998,eclipsing_binary
1580.2052577016582,1.0153873,0.010778898,5868998,eclipsing_binary
1580.2066465936784,0.9975536,0.010759058,5868998,eclipsing_binary
1580.2080354856987,1.008226,0.010767955,5868998,eclipsing_binary
1580.2094243777194,1.0057895,0.010771787,5868998,eclipsing_binary
1580.2108132697397,0.9971459,0.010771192,5868998,eclipsing_binary
1580.2122021612943,0.99268115,0.0107496735,5868998,eclipsing_binary
1580.213591053315,1.0091467,0.010768139,5868998,eclipsing_binary
1580.214979945336,1.0042276,0.010769006,5868998,eclipsing_binary
1580.216368837356,1.0001646,0.010745244,5868998,eclipsing_binary
1580.2177577293762,1.0017644,0.010796147,5868998,eclipsing_binary
1580.2191466209317,0.9868108,0.010744944,5868998,eclipsing_binary
1580.2205355129524,0.997849,0.010772194,5868998,eclipsing_binary
1580.2219244049727,1.0105597,0.010802883,5868998,eclipsing_binary
1580.223313296993,1.0063146,0.010792504,5868998,eclipsing_binary
1580.224702188548,0.9967198,0.010751603,5868998,eclipsing_binary
1580.2260910805692,1.0180591,0.010801746,5868998,eclipsing_binary
1580.2274799725892,1.0046916,0.010755896,5868998,eclipsing_binary
1580.2288688641436,0.99141735,0.010754425,5868998,eclipsing_binary
1580.2302577561647,1.0067897,0.010780774,5868998,eclipsing_binary
1580.231646648185,1.0059998,0.01077351,5868998,eclipsing_binary
1580.2330355397394,0.98535305,0.0107332375,5868998,eclipsing_binary
1580.2344244317603,0.97638685,0.010732649,5868998,eclipsing_binary
1580.235813323781,0.9937887,0.010801858,5868998,eclipsing_binary
1580.2372022153356,1.0115767,0.010781974,5868998,eclipsing_binary
1580.238591107356,1.0036247,0.010766454,5868998,eclipsing_binary
1580.239979998911,0.99020964,0.010751618,5868998,eclipsing_binary
1580.241368890932,1.0112189,0.010788509,5868998,eclipsing_binary
1580.2427577829524,0.98569214,0.010756731,5868998,eclipsing_binary
1580.244146674507,0.99553597,0.01082056,5868998,eclipsing_binary
1580.2455355665277,0.99369496,0.01074626,5868998,eclipsing_binary
1580.2469244580823,1.0107837,0.010794529,5868998,eclipsing_binary
1580.2483133501025,0.9990118,0.010771281,5868998,eclipsing_binary
1580.2497022416576,1.010893,0.010791247,5868998,eclipsing_binary
1580.2510911336778,1.0074304,0.010774944,5868998,eclipsing_binary
1580.2524800252315,0.99927753,0.010756744,5868998,eclipsing_binary
1580.2538689172518,0.9919395,0.010757473,5868998,eclipsing_binary
1580.2552578088073,1.0081255,0.010771082,5868998,eclipsing_binary
1580.256646700828,1.0044862,0.010775695,5868998,eclipsing_binary
1580.2580355923826,0.9862319,0.0107413195,5868998,eclipsing_binary
1580.2594244839372,1.009745,0.010791373,5868998,eclipsing_binary
1580.260813375958,1.0208611,0.010798228,5868998,eclipsing_binary
1580.2622022675132,1.0127292,0.0107822595,5868998,eclipsing_binary
1580.2635911595332,1.0087029,0.010769394,5868998,eclipsing_binary
1580.2649800510878,1.0001969,0.010760766,5868998,eclipsing_binary
1580.2663689426433,1.0124266,0.010811234,5868998,eclipsing_binary
1580.2677578346634,0.9999967,0.0107588405,5868998,eclipsing_binary
1580.2691467262177,0.99931,0.01075046,5868998,eclipsing_binary
1580.2705356177732,1.0062327,0.010776145,5868998,eclipsing_binary
1580.271924509794,0.9998877,0.010777621,5868998,eclipsing_binary
1580.2733134013486,1.003151,0.010796326,5868998,eclipsing_binary
1580.2747022929032,0.9911825,0.010740449,5868998,eclipsing_binary
1580.2760911844582,1.0108342,0.01082713,5868998,eclipsing_binary
1580.2774800764794,1.0003607,0.0107578,5868998,eclipsing_binary
1580.278868968034,1.0168834,0.010764168,5868998,eclipsing_binary
1580.2802578595883,1.0105807,0.01079298,5868998,eclipsing_binary
1580.2816467511436,1.0095544,0.010780942,5868998,eclipsing_binary
1580.2830356431639,1.008883,0.010790019,5868998,eclipsing_binary
1580.2844245347185,1.0116352,0.010786628,5868998,eclipsing_binary
1580.2858134262735,0.99391437,0.010744592,5868998,eclipsing_binary
1580.2872023178286,0.982458,0.010759317,5868998,eclipsing_binary
1580.2885912093832,1.0076033,0.010771476,5868998,eclipsing_binary
1580.2899801009378,0.9834693,0.010752707,5868998,eclipsing_binary
1580.2913689924933,1.0160472,0.010798223,5868998,eclipsing_binary
1580.292757884514,0.98845077,0.01075825,5868998,eclipsing_binary
1580.2941467760686,1.010671,0.010778887,5868998,eclipsing_binary
1580.2955356676232,0.9991107,0.010764462,5868998,eclipsing_binary
1580.2969245591783,0.9952862,0.010769922,5868998,eclipsing_binary
1580.2983134507335,0.9938366,0.010754615,5868998,eclipsing_binary
1580.299702342288,1.0110718,0.010789214,5868998,eclipsing_binary
1580.3010912338425,1.0004916,0.010771845,5868998,eclipsing_binary
1580.302480125398,1.007725,0.010788965,5868998,eclipsing_binary
1580.3038690169524,1.0148915,0.010784225,5868998,eclipsing_binary
1580.3052579085067,0.99593323,0.010763447,5868998,eclipsing_binary
1580.3066468000623,1.0108045,0.010780524,5868998,eclipsing_binary
1580.3080356916173,1.0009257,0.010777164,5868998,eclipsing_binary
1580.309424583172,0.9995498,0.010783885,5868998,eclipsing_binary
1580.3108134747265,0.9955918,0.010777798,5868998,eclipsing_binary
1580.3122023662816,1.0075352,0.010804142,5868998,eclipsing_binary
1580.313591257837,0.9940575,0.01075704,5868998,eclipsing_binary
1580.3149801493917,1.0079193,0.010776313,5868998,eclipsing_binary
1580.316369040946,1.0074456,0.010806604,5868998,eclipsing_binary
1580.3177579325013,0.99994016,0.010767236,5868998,eclipsing_binary
1580.3191468235907,0.996256,0.010755383,5868998,eclipsing_binary
1580.3205357151453,1.000801,0.010776417,5868998,eclipsing_binary
1580.3219246067,0.999665,0.010773284,5868998,eclipsing_binary
1580.323313498255,1.0033982,0.010765141,5868998,eclipsing_binary
1580.3247023898095,0.9903143,0.010743666,5868998,eclipsing_binary
1580.3260912813641,1.0122555,0.010767939,5868998,eclipsing_binary
1580.327480172454,0.98649806,0.010754771,5868998,eclipsing_binary
1580.328869064009,0.9999316,0.0107787475,5868998,eclipsing_binary
1580.3302579555636,0.99739003,0.0107697155,5868998,eclipsing_binary
1580.3316468471182,0.9865824,0.0107932035,5868998,eclipsing_binary
1580.3330357386733,1.0195307,0.010803567,5868998,eclipsing_binary
1580.334424629763,0.99243736,0.010773751,5868998,eclipsing_binary
1580.3358135213173,0.9910036,0.010797318,5868998,eclipsing_binary
1580.3372024128719,0.9947919,0.010764058,5868998,eclipsing_binary
1580.3385913039617,0.993786,0.010746917,5868998,eclipsing_binary
1580.339980195516,0.99483967,0.010754087,5868998,eclipsing_binary
1580.3413690870705,1.0113407,0.010787581,5868998,eclipsing_binary
1580.342757978626,1.0017335,0.010763479,5868998,eclipsing_binary
1580.3441468697154,0.9904197,0.010750825,5868998,eclipsing_binary
1580.34553576127,0.9771931,0.01074305,5868998,eclipsing_binary
1580.346924652359,0.995528,0.010756935,5868998,eclipsing_binary
1580.3483135439135,0.99007756,0.010743943,5868998,eclipsing_binary
1580.349702435468,1.0007312,0.010789218,5868998,eclipsing_binary
1580.3510913265568,1.0043771,0.010781248,5868998,eclipsing_binary
1580.3524802181112,0.9966121,0.010750355,5868998,eclipsing_binary
1580.353869109201,1.0032572,0.0107792355,5868998,eclipsing_binary
1580.355258000756,0.9895525,0.010736588,5868998,eclipsing_binary
1580.356646891845,1.0077049,0.010779425,5868998,eclipsing_binary
1580.3580357833996,0.9966856,0.010758858,5868998,eclipsing_binary
1580.3594246749547,0.9978056,0.010766366,5868998,eclipsing_binary
1580.3608135660436,1.00663,0.010776185,5868998,eclipsing_binary
1580.3622024575982,0.9919823,0.010766199,5868998,eclipsing_binary
1580.3635913486878,0.9974962,0.01075258,5868998,eclipsing_binary
1580.3649802397774,0.98469114,0.010756438,5868998,eclipsing_binary
1580.366369131332,1.0022186,0.010766771,5868998,eclipsing_binary
1580.367758022421,1.0071796,0.010777503,5868998,eclipsing_binary
1580.369146913976,1.0152544,0.010784462,5868998,eclipsing_binary
1580.3705358050654,0.9881625,0.010742595,5868998,eclipsing_binary
1580.37192469662,1.0052999,0.010769125,5868998,eclipsing_binary
1580.373313587709,1.011362,0.010782313,5868998,eclipsing_binary
1580.3747024787988,1.0051157,0.010773833,5868998,eclipsing_binary
1580.3760913703532,0.9834748,0.010771448,5868998,eclipsing_binary
1580.3774802614419,1.0046169,0.010787855,5868998,eclipsing_binary
1580.3788691525317,1.0055763,0.010773563,5868998,eclipsing_binary
1580.3802580440868,0.9981556,0.010760256,5868998,eclipsing_binary
1580.3816469351757,1.0212715,0.010810115,5868998,eclipsing_binary
1580.3830358262646,1.029732,0.010799523,5868998,eclipsing_binary
1580.3844247178197,1.000046,0.010760413,5868998,eclipsing_binary
1580.3858136089095,1.0170014,0.010795485,5868998,eclipsing_binary
1580.3872024999982,0.9952998,0.010747856,5868998,eclipsing_binary
1580.388591391087,1.0057855,0.010792299,5868998,eclipsing_binary
1580.3899802826425,1.0111142,0.010786619,5868998,eclipsing_binary
1580.3913691737318,1.0126226,0.010765318,5868998,eclipsing_binary
1580.3927580648208,1.0065712,0.010768692,5868998,eclipsing_binary
1580.3941469559097,1.0119084,0.010834662,5868998,eclipsing_binary
1580.395535846999,0.9991973,0.010771345,5868998,eclipsing_binary
1580.3969247385537,1.0102088,0.010828116,5868998,eclipsing_binary
1580.3983136296426,1.0037756,0.010762721,5868998,eclipsing_binary
1580.3997025207323,0.99937606,0.010776744,5868998,eclipsing_binary
1580.4010914118219,0.9895927,0.010748945,5868998,eclipsing_binary
1580.4024803029108,1.0086107,0.010789897,5868998,eclipsing_binary
1580.4038691939998,0.9947639,0.0107548805,5868998,eclipsing_binary
1580.4052580850891,0.9959309,0.010760546,5868998,eclipsing_binary
1580.4066469761785,0.9978917,0.0107455375,5868998,eclipsing_binary
1580.4080358672675,1.0021396,0.010765863,5868998,eclipsing_binary
1580.409424758822,1.0090299,0.010785643,5868998,eclipsing_binary
1580.4108136499117,1.0021418,0.010767365,5868998,eclipsing_binary
1580.4122025410004,0.99539953,0.010748109,5868998,eclipsing_binary
1580.4135914320893,1.0172391,0.010796843,5868998,eclipsing_binary
1580.4149803231792,1.0049212,0.010794405,5868998,eclipsing_binary
1580.4163692142686,0.9976425,0.010751146,5868998,eclipsing_binary
1580.4177581053575,0.9991501,0.010782537,5868998,eclipsing_binary
1580.4191469964464,0.9965019,0.010758328,5868998,eclipsing_binary
1580.4205358870702,0.9935232,0.010760566,5868998,eclipsing_binary
1580.42192477816,1.0039401,0.010789204,5868998,eclipsing_binary
1580.4233136692487,1.0093111,0.01079046,5868998,eclipsing_binary
1580.4247025603374,1.0078454,0.010768312,5868998,eclipsing_binary
1580.4260914514273,1.0141172,0.010836552,5868998,eclipsing_binary
1580.4274803425167,1.0100315,0.010780821,5868998,eclipsing_binary
1580.4288692336056,0.99964136,0.010800718,5868998,eclipsing_binary
1580.4302581246945,0.99834645,0.010775845,5868998,eclipsing_binary
1580.431647015784,1.0045767,0.010775308,5868998,eclipsing_binary
1580.4330359064072,1.0055737,0.010766287,5868998,eclipsing_binary
1580.4344247974961,0.99904734,0.010751507,5868998,eclipsing_binary
1580.4358136885855,1.0060201,0.0107673295,5868998,eclipsing_binary
1580.4372025796754,0.99988914,0.010772458,5868998,eclipsing_binary
1580.4385914707643,0.9876091,0.010760265,5868998,eclipsing_binary
1580.4399803613876,1.0011784,0.010782985,5868998,eclipsing_binary
1580.4413692524763,0.9842404,0.010738663,5868998,eclipsing_binary
1580.442758143565,1.0127991,0.0108013665,5868998,eclipsing_binary
1580.444147034654,0.99500805,0.010747706,5868998,eclipsing_binary
1580.4455359252772,1.0146763,0.010780572,5868998,eclipsing_binary
1580.4469248163668,1.003506,0.010774941,5868998,eclipsing_binary
1580.4483137074556,1.0060645,0.010781508,5868998,eclipsing_binary
1580.4497025980788,1.0046171,0.010791162,5868998,eclipsing_binary
1580.4510914891687,1.0145146,0.010789535,5868998,eclipsing_binary
1580.452480380258,1.0012742,0.010769087,5868998,eclipsing_binary
1580.4538692708813,0.9977536,0.010766254,5868998,eclipsing_binary
1580.4552581619703,1.0085431,0.010778613,5868998,eclipsing_binary
1580.4566470530597,0.9987898,0.010744215,5868998,eclipsing_binary
1580.4580359436836,0.9853002,0.010750808,5868998,eclipsing_binary
1580.4594248347723,1.004572,0.0107628135,5868998,eclipsing_binary
1580.4608137253956,1.0053159,0.01076725,5868998,eclipsing_binary
1580.4622026164855,1.0081749,0.010758859,5868998,eclipsing_binary
1580.4635915071092,1.0076094,0.010776551,5868998,eclipsing_binary
1580.4649803981981,1.0085953,0.01076104,5868998,eclipsing_binary
1580.4663692888214,0.9888046,0.01075083,5868998,eclipsing_binary
1580.4677581799108,0.9951984,0.010760717,5868998,eclipsing_binary
1580.469147070534,0.9868229,0.0107548125,5868998,eclipsing_binary
1580.470535961623,0.99547684,0.010752044,5868998,eclipsing_binary
1580.4719248522467,0.99676824,0.01078064,5868998,eclipsing_binary
1580.4733137433366,1.0036511,0.010766158,5868998,eclipsing_binary
1580.4747026339599,1.0291286,0.010795475,5868998,eclipsing_binary
1580.4760915250486,1.0218052,0.010800554,5868998,eclipsing_binary
1580.4774804156725,1.0076665,0.010768714,5868998,eclipsing_binary
1580.4788693062962,0.99632335,0.010809275,5868998,eclipsing_binary
1580.4802581973852,1.007004,0.0107882535,5868998,eclipsing_binary
1580.4816470880085,0.99835974,0.010772416,5868998,eclipsing_binary
1580.4830359790978,0.9880963,0.010741529,5868998,eclipsing_binary
1580.484424869722,1.0126674,0.010773635,5868998,eclipsing_binary
1580.4858137603453,1.0008113,0.01076553,5868998,eclipsing_binary
1580.4872026514342,0.99685854,0.010755832,5868998,eclipsing_binary
1580.488591542058,1.0104469,0.010782319,5868998,eclipsing_binary
1580.4899804326813,1.0081077,0.01077611,5868998,eclipsing_binary
1580.4913693233045,0.99852645,0.010767387,5868998,eclipsing_binary
1580.492758214394,1.0082022,0.010782728,5868998,eclipsing_binary
1580.4941471050179,0.991877,0.010753147,5868998,eclipsing_binary
1580.495535995641,1.0201623,0.010792015,5868998,eclipsing_binary
1580.4969248862642,1.002348,0.010757894,5868998,eclipsing_binary
1580.498313777354,1.0113918,0.01077825,5868998,eclipsing_binary
1580.4997026679778,1.0088761,0.010780104,5868998,eclipsing_binary
1580.501091558601,1.0034095,0.0107701635,5868998,eclipsing_binary
1580.5024804492243,1.0040984,0.01076938,5868998,eclipsing_binary
1580.503869339848,0.9839928,0.01075284,5868998,eclipsing_binary
1580.5052582304713,1.0077236,0.010788439,5868998,eclipsing_binary
1580.5066471215603,1.0005201,0.010772581,5868998,eclipsing_binary
1580.508036012184,1.0082822,0.010790591,5868998,eclipsing_binary
1580.5094249028082,0.9874548,0.010743776,5868998,eclipsing_binary
1580.5108137934315,0.9992659,0.010771508,5868998,eclipsing_binary
1580.5122026840545,1.0092639,0.010793731,5868998,eclipsing_binary
1580.5135915746785,1.002067,0.010780564,5868998,eclipsing_binary
1580.5149804653022,1.008685,0.01080105,5868998,eclipsing_binary
1580.5163693559255,1.0106252,0.010818748,5868998,eclipsing_binary
1580.5177582465487,1.0029488,0.01079225,5868998,eclipsing_binary
1580.5191471371725,0.9997427,0.010770088,5868998,eclipsing_binary
1580.5205360277967,1.0039357,0.010771511,5868998,eclipsing_binary
1580.52192491842,0.9944835,0.010748635,5868998,eclipsing_binary
1580.523313809043,0.98500264,0.010729561,5868998,eclipsing_binary
1580.524702699667,1.0049267,0.010774146,5868998,eclipsing_binary
1580.5260915902902,1.0020307,0.010767376,5868998,eclipsing_binary
1580.5274804809135,0.98861676,0.010747979,5868998,eclipsing_binary
1580.5288693715372,0.9968516,0.010774012,5868998,eclipsing_binary
1580.5302582621612,1.0102534,0.01079511,5868998,eclipsing_binary
1580.5316471527838,1.0010338,0.010762158,5868998,eclipsing_binary
1580.5330360429405,0.99905497,0.010740036,5868998,eclipsing_binary
1580.5344249335647,0.9994887,0.0107639525,5868998,eclipsing_binary
1580.5358138241884,0.9861573,0.010747579,5868998,eclipsing_binary
1580.5372027148117,1.0040962,0.010765827,5868998,eclipsing_binary
1580.538591605435,0.994116,0.010740285,5868998,eclipsing_binary
1580.5399804960587,0.99782246,0.010759125,5868998,eclipsing_binary
1580.5413693862163,1.0009848,0.010760416,5868998,eclipsing_binary
1580.5427582768395,1.020695,0.010788907,5868998,eclipsing_binary
1580.5441471674633,0.99356705,0.010759341,5868998,eclipsing_binary
1580.5455360580875,0.99571127,0.010737291,5868998,eclipsing_binary
1580.5469249482449,0.9952298,0.010750453,5868998,eclipsing_binary
1580.548313838868,0.99278945,0.010748045,5868998,eclipsing_binary
1580.549702729492,1.011752,0.010817604,5868998,eclipsing_binary
1580.5510916201158,0.9953878,0.010770402,5868998,eclipsing_binary
1580.5524805102734,1.00259,0.0107582575,5868998,eclipsing_binary
1580.5538694008967,0.9964221,0.010777153,5868998,eclipsing_binary
1580.5552582915204,1.0109991,0.010769717,5868998,eclipsing_binary
1580.556647181679,1.0038563,0.010775929,5868998,eclipsing_binary
1580.5580360723022,1.0024421,0.010758866,5868998,eclipsing_binary
1580.5594249624596,1.0080839,0.010764567,5868998,eclipsing_binary
1580.5608138530836,0.9986001,0.010756018,5868998,eclipsing_binary
1580.5622027437068,0.9983525,0.0107798455,5868998,eclipsing_binary
1580.5635916338645,1.0118686,0.010777407,5868998,eclipsing_binary
1580.5649805244882,0.9983732,0.010759428,5868998,eclipsing_binary
1580.5663694146463,0.99772936,0.010751925,5868998,eclipsing_binary
1580.5677583052695,1.0107946,0.010788698,5868998,eclipsing_binary
1580.5691471954271,0.988184,0.010748894,5868998,eclipsing_binary
1580.5705360860513,1.0204347,0.0107956715,5868998,eclipsing_binary
1580.5719249762094,0.99207896,0.0107693,5868998,eclipsing_binary
1580.5733138668327,0.99987596,0.0108023705,5868998,eclipsing_binary
1580.5747027569903,1.015699,0.010785999,5868998,eclipsing_binary
1580.576091647614,1.0084807,0.010774868,5868998,eclipsing_binary
1580.5774805377716,0.98979235,0.010756041,5868998,eclipsing_binary
1580.578869428395,0.99243784,0.01075711,5868998,eclipsing_binary
1580.580258318553,0.9852299,0.010753428,5868998,eclipsing_binary
1580.5816472087115,1.000109,0.010769762,5868998,eclipsing_binary
1580.5830360993345,1.0091211,0.010773766,5868998,eclipsing_binary
1580.584424989492,0.9963415,0.010756594,5868998,eclipsing_binary
1580.5858138796505,1.0020663,0.010774421,5868998,eclipsing_binary
1580.5872027702742,0.9916716,0.010737561,5868998,eclipsing_binary
1580.5885916604318,0.99791586,0.01077899,5868998,eclipsing_binary
1580.5899805505894,1.0049125,0.01077175,5868998,eclipsing_binary
1580.5913694412131,1.0192201,0.010791586,5868998,eclipsing_binary
1580.5927583313717,1.0055622,0.010772267,5868998,eclipsing_binary
1580.5941472215293,1.0104347,0.010792525,5868998,eclipsing_binary
1580.5955361116867,1.0163659,0.010778962,5868998,eclipsing_binary
1580.5969250023106,0.9969456,0.010763495,5868998,eclipsing_binary
1580.5983138924682,1.0048864,0.010761282,5868998,eclipsing_binary
1580.5997027826259,1.009279,0.010762134,5868998,eclipsing_binary
1580.601091672784,1.0081298,0.01076989,5868998,eclipsing_binary
1580.6024805634077,1.0207543,0.010810154,5868998,eclipsing_binary
1580.6038694535653,1.0085169,0.010783534,5868998,eclipsing_binary
1580.6052583437229,0.99435663,0.010768024,5868998,eclipsing_binary
1580.6066472338812,0.9981687,0.010760989,5868998,eclipsing_binary
1580.6080361240395,0.9909861,0.010740054,5868998,eclipsing_binary
1580.609425014197,1.0046386,0.0107660275,5868998,eclipsing_binary
1580.6108139043547,1.0120624,0.010781357,5868998,eclipsing_binary
1580.6122027945128,1.0214429,0.010811538,5868998,eclipsing_binary
1580.613591684671,0.97997177,0.010761256,5868998,eclipsing_binary
1580.614980575294,1.0043184,0.01076922,5868998,eclipsing_binary
1580.6163694654517,0.9976727,0.010765546,5868998,eclipsing_binary
1580.6177583556102,1.0065097,0.0107657835,5868998,eclipsing_binary
1580.619147245767,0.97513634,0.0107267825,5868998,eclipsing_binary
1580.6205361359237,0.98916644,0.010768568,5868998,eclipsing_binary
1580.6219250260822,1.0161643,0.010798801,5868998,eclipsing_binary
1580.6233139162402,1.012241,0.010771464,5868998,eclipsing_binary
1580.6247028063979,1.0069356,0.010778511,5868998,eclipsing_binary
1580.6260916960898,0.9927701,0.010740914,5868998,eclipsing_binary
1580.6274805862479,1.0086138,0.010764118,5868998,eclipsing_binary
1580.6288694764064,0.99172604,0.010762936,5868998,eclipsing_binary
1580.6302583665638,1.0107895,0.010788634,5868998,eclipsing_binary
1580.6316472567212,1.0131363,0.010784028,5868998,eclipsing_binary
1580.6330361468797,0.9945999,0.010745305,5868998,eclipsing_binary
1580.6344250370373,1.003556,0.010773855,5868998,eclipsing_binary
1580.6358139271947,1.0149479,0.010786469,5868998,eclipsing_binary
1580.6372028168873,0.99275756,0.0107553685,5868998,eclipsing_binary
1580.6385917070454,1.0404047,0.01084344,5868998,eclipsing_binary
1580.639980597203,0.9936041,0.0107726585,5868998,eclipsing_binary
1580.6413694873606,1.0170057,0.010787376,5868998,eclipsing_binary
1580.642758377519,0.99645555,0.010789374,5868998,eclipsing_binary
1580.6441472672116,1.0056925,0.010778952,5868998,eclipsing_binary
1580.6455361573692,1.0056381,0.010766685,5868998,eclipsing_binary
1580.6469250475268,0.9931197,0.010761819,5868998,eclipsing_binary
1580.6483139376849,0.997975,0.010759229,5868998,eclipsing_binary
1580.6497028273773,1.0114354,0.010787454,5868998,eclipsing_binary
1580.6510917175349,0.9899064,0.010756549,5868998,eclipsing_binary
1580.6524806076925,1.0148731,0.010796978,5868998,eclipsing_binary
1580.6538694973851,1.0175588,0.010796405,5868998,eclipsing_binary
1580.6552583875425,0.9912626,0.01075055,5868998,eclipsing_binary
1580.6566472777001,1.0036618,0.01077687,5868998,eclipsing_binary
1580.658036167393,1.0036232,0.010762538,5868998,eclipsing_binary
1580.659425057551,0.9951532,0.0107643055,5868998,eclipsing_binary
1580.660813947243,1.0126076,0.010778897,5868998,eclipsing_binary
1580.6622028374006,1.0121361,0.010788951,5868998,eclipsing_binary
1580.6635917275587,0.99161834,0.010770273,5868998,eclipsing_binary
1580.6649806172516,1.0135674,0.010792942,5868998,eclipsing_binary
1580.666369507409,0.99911,0.0107714515,5868998,eclipsing_binary
1580.6677583971007,1.0242053,0.01080414,5868998,eclipsing_binary
1580.6691472872592,0.99468625,0.010772117,5868998,eclipsing_binary
1580.6705361769511,1.0172459,0.010856959,5868998,eclipsing_binary
1580.6719250671085,0.9957608,0.010762592,5868998,eclipsing_binary
1580.6733139568012,0.9982132,0.010756736,5868998,eclipsing_binary
1580.6747028464936,0.9927578,0.0107583525,5868998,eclipsing_binary
1580.6760917366512,0.99378896,0.010750995,5868998,eclipsing_binary
1580.6774806263431,0.98856807,0.010775414,5868998,eclipsing_binary
1580.6788695165012,0.9976778,0.010764403,5868998,eclipsing_binary
1580.680258406194,0.9995008,0.010763277,5868998,eclipsing_binary
1580.681647295886,1.0044385,0.010761158,5868998,eclipsing_binary
1580.6830361860436,1.012994,0.010813725,5868998,eclipsing_binary
1580.684425075736,1.0003942,0.010772738,5868998,eclipsing_binary
1580.6858139654285,0.9930406,0.01076726,5868998,eclipsing_binary
1580.687202855586,0.99491245,0.010765757,5868998,eclipsing_binary
1580.688591745278,1.0130525,0.010796148,5868998,eclipsing_binary
1580.6899806349707,0.9995918,0.0107714925,5868998,eclipsing_binary
1580.691369525128,1.0057378,0.010778684,5868998,eclipsing_binary
1580.69275841482,1.004626,0.010775633,5868998,eclipsing_binary
1580.6941473045129,0.98924536,0.010752192,5868998,eclipsing_binary
1580.6955361942053,1.0198087,0.010807713,5868998,eclipsing_binary
1580.6969250843629,0.9906195,0.010739036,5868998,eclipsing_binary
1580.6983139740548,1.0011926,0.010787932,5868998,eclipsing_binary
1580.6997028637472,1.0119257,0.010780761,5868998,eclipsing_binary
1580.70109175344,0.99567175,0.010774128,5868998,eclipsing_binary
1580.7024806431318,0.99766964,0.010759578,5868998,eclipsing_binary
1580.703869532823,0.98902,0.010750022,5868998,eclipsing_binary
1580.7052584229807,1.0124882,0.010811291,5868998,eclipsing_binary
1580.7066473126724,1.0063398,0.010776624,5868998,eclipsing_binary
1580.7080362023642,1.0041934,0.010771599,5868998,eclipsing_binary
1580.709425092057,1.0074279,0.010782758,5868998,eclipsing_binary
1580.7108139817494,1.0048935,0.0107911825,5868998,eclipsing_binary
1580.7122028714414,0.9829428,0.0107849,5868998,eclipsing_binary
1580.7135917611333,1.0063344,0.0107753845,5868998,eclipsing_binary
1580.7149806508257,0.99989396,0.010776383,5868998,eclipsing_binary
1580.7163695405186,0.98568356,0.010732354,5868998,eclipsing_binary
1580.7177584302106,1.0044676,0.010774242,5868998,eclipsing_binary
1580.7191473199023,0.97207284,0.010744194,5868998,eclipsing_binary
1580.720536209595,0.99313545,0.010762706,5868998,eclipsing_binary
1580.7219250992873,0.9725399,0.010743484,5868998,eclipsing_binary
1580.7233139889793,0.9746332,0.010719943,5868998,eclipsing_binary
1580.7247028786712,0.95972157,0.010702475,5868998,eclipsing_binary
1580.7260917683636,0.9758853,0.010717542,5868998,eclipsing_binary
1580.72748065759,0.96658856,0.0107097505,5868998,eclipsing_binary
1580.7288695472819,0.9737306,0.010739983,5868998,eclipsing_binary
1580.7302584369747,0.9517027,0.010687357,5868998,eclipsing_binary
1580.7316473266671,0.96133584,0.01070402,5868998,eclipsing_binary
1580.733036216359,0.94107026,0.010663801,5868998,eclipsing_binary
1580.734425106051,0.93296564,0.010648449,5868998,eclipsing_binary
1580.7358139952778,0.947841,0.010707273,5868998,eclipsing_binary
1580.7372028849704,0.9281204,0.010687944,5868998,eclipsing_binary
1580.7385917746622,0.9436224,0.010676672,5868998,eclipsing_binary
1580.739980664354,0.952028,0.010676402,5868998,eclipsing_binary
1580.741369554047,0.9591204,0.01069,5868998,eclipsing_binary
1580.7427584432737,0.96973115,0.010720888,5868998,eclipsing_binary
1580.7441473329657,0.9595831,0.010703214,5868998,eclipsing_binary
1580.7455362226576,0.9612442,0.010737573,5868998,eclipsing_binary
1580.7469251118844,0.9590315,0.010697195,5868998,eclipsing_binary
1580.7483140015763,0.951061,0.010696629,5868998,eclipsing_binary
1580.7497028912683,0.99206203,0.010748699,5868998,eclipsing_binary
1580.751091780495,0.95976144,0.0106974365,5868998,eclipsing_binary
1580.7524806701879,0.976612,0.010730057,5868998,eclipsing_binary
1580.7538695594142,0.96924466,0.010728505,5868998,eclipsing_binary
1580.755258449106,0.98265696,0.010720364,5868998,eclipsing_binary
1580.7566473387985,0.9731367,0.010762247,5868998,eclipsing_binary
1580.7580362280253,0.9918903,0.01076466,5868998,eclipsing_binary
1580.7594251177172,0.994265,0.010757247,5868998,eclipsing_binary
1580.7608140069435,0.9782653,0.010751636,5868998,eclipsing_binary
1580.762202896636,0.99974716,0.01075119,5868998,eclipsing_binary
1580.7635917858622,1.0050976,0.010786651,5868998,eclipsing_binary
1580.7649806755542,0.9950295,0.010742381,5868998,eclipsing_binary
1580.7663695647811,1.0034252,0.01076941,5868998,eclipsing_binary
1580.7677584544738,1.0168861,0.010797319,5868998,eclipsing_binary
1580.7691473437,0.9966626,0.010744921,5868998,eclipsing_binary
1580.770536233392,0.99953413,0.010777011,5868998,eclipsing_binary
1580.7719251226188,1.0171313,0.010783765,5868998,eclipsing_binary
1580.7733140118457,0.99151874,0.0107603315,5868998,eclipsing_binary
1580.7747029015375,1.0030887,0.0107660815,5868998,eclipsing_binary
1580.7760917907638,1.0108392,0.010770787,5868998,eclipsing_binary
1580.777480679991,1.0212641,0.010822716,5868998,eclipsing_binary
1580.7788695696834,1.0035992,0.010775602,5868998,eclipsing_binary
1580.7802584589097,1.0031737,0.010822022,5868998,eclipsing_binary
1580.781647348136,1.0010607,0.010761706,5868998,eclipsing_binary
1580.7830362378284,1.0091486,0.010810903,5868998,eclipsing_binary
1580.7844251270546,1.0303956,0.010808884,5868998,eclipsing_binary
1580.785814016281,1.0034059,0.010780123,5868998,eclipsing_binary
1580.7872029055072,0.9990673,0.010775716,5868998,eclipsing_binary
1580.7885917951992,1.0068516,0.010786435,5868998,eclipsing_binary
1580.7899806844252,1.0032653,0.010789489,5868998,eclipsing_binary
1580.7913695736513,1.0009125,0.010795549,5868998,eclipsing_binary
1580.7927584628785,1.0168324,0.010798977,5868998,eclipsing_binary
1580.7941473521053,1.0031061,0.010781841,5868998,eclipsing_binary
1580.7955362417972,1.0073645,0.010786782,5868998,eclipsing_binary
1580.7969251310235,1.0135547,0.010795314,5868998,eclipsing_binary
1580.7983140202502,0.99171734,0.010753839,5868998,eclipsing_binary
1580.7997029094765,1.0028398,0.010781636,5868998,eclipsing_binary
1580.8010917987028,0.99964195,0.010775573,5868998,eclipsing_binary
1580.8024806879298,0.9987281,0.010768321,5868998,eclipsing_binary
1580.8038695771568,1.0027796,0.01078827,5868998,eclipsing_binary
1580.805258466383,0.99213904,0.010760887,5868998,eclipsing_binary
1580.8066473556094,0.9989538,0.010774858,5868998,eclipsing_binary
1580.808036244836,1.0228232,0.0108020725,5868998,eclipsing_binary
1580.8094251340628,0.9915375,0.010760695,5868998,eclipsing_binary
1580.8108140232891,1.0017918,0.010774234,5868998,eclipsing_binary
1580.8122029125154,0.9849503,0.010747899,5868998,eclipsing_binary
1580.8135918017426,1.0056716,0.010769657,5868998,eclipsing_binary
1580.8149806909694,0.99016505,0.010750187,5868998,eclipsing_binary
1580.8163695801957,0.9955739,0.010781835,5868998,eclipsing_binary
1580.817758469422,0.98966503,0.010765398,5868998,eclipsing_binary
1580.8191473586487,1.0040135,0.010783261,5868998,eclipsing_binary
1580.820536247875,0.99252534,0.010753129,5868998,eclipsing_binary
1580.8219251366356,1.0015258,0.01075948,5868998,eclipsing_binary
1580.8233140258624,1.0026636,0.010798693,5868998,eclipsing_binary
1580.8247029150896,1.0182235,0.010794851,5868998,eclipsing_binary
1580.8260918043156,1.0036641,0.010792903,5868998,eclipsing_binary
1580.8274806935417,1.001217,0.01077274,5868998,eclipsing_binary
1580.828869582769,0.9942946,0.010756294,5868998,eclipsing_binary
1580.83025847153,1.0104116,0.01077941,5868998,eclipsing_binary
1580.8316473607563,0.9860245,0.010744822,5868998,eclipsing_binary
1580.8330362499826,1.000781,0.010769532,5868998,eclipsing_binary
1580.8344251387437,1.0080475,0.01079326,5868998,eclipsing_binary
1580.83581402797,0.9971907,0.010764518,5868998,eclipsing_binary
1580.8372029171962,1.0067061,0.010781618,5868998,eclipsing_binary
1580.8385918064232,1.0125054,0.01081065,5868998,eclipsing_binary
1580.8399806951845,0.9941612,0.010756449,5868998,eclipsing_binary
1580.8413695844108,0.9783061,0.010741807,5868998,eclipsing_binary
1580.8427584731714,0.9986576,0.010788332,5868998,eclipsing_binary
1580.8441473623982,0.99545366,0.010770459,5868998,eclipsing_binary
1580.845536251625,0.98187745,0.0107707605,5868998,eclipsing_binary
1580.8469251403856,0.98034066,0.0107754,5868998,eclipsing_binary
1580.8483140296119,1.0080078,0.010794013,5868998,eclipsing_binary
1580.8497029183732,0.99652886,0.010751612,5868998,eclipsing_binary
1580.8510918076001,0.98955625,0.010754808,5868998,eclipsing_binary
1580.8524806963608,1.0056614,0.010781987,5868998,eclipsing_binary
1580.853869585587,1.0133432,0.010788158,5868998,eclipsing_binary
1580.8552584743481,0.97103864,0.010764745,5868998,eclipsing_binary
1580.8566473635744,1.0066669,0.010786248,5868998,eclipsing_binary
1580.858036252335,1.0068486,0.010765113,5868998,eclipsing_binary
1580.8594251415618,0.9905851,0.010767129,5868998,eclipsing_binary
1580.8608140303234,0.98703676,0.010754952,5868998,eclipsing_binary
1580.8622029195494,0.9881022,0.0107548395,5868998,eclipsing_binary
1580.8635918083098,1.0051576,0.010772073,5868998,eclipsing_binary
1580.8649806970714,0.9962538,0.010784406,5868998,eclipsing_binary
1580.866369586298,1.0078591,0.01076345,5868998,eclipsing_binary
1580.867758475058,1.0143536,0.010786502,5868998,eclipsing_binary
1580.869147363818,0.9945227,0.010747868,5868998,eclipsing_binary
1580.8705362530447,0.99861526,0.010803282,5868998,eclipsing_binary
1580.8719251418063,1.0035273,0.010759036,5868998,eclipsing_binary
1580.8733140305667,0.99662054,0.010793477,5868998,eclipsing_binary
1580.874702919327,0.9989476,0.010807179,5868998,eclipsing_binary
1580.8760918085543,1.0013825,0.010761059,5868998,eclipsing_binary
1580.877480697315,0.99152285,0.010758299,5868998,eclipsing_binary
1580.8788695860753,0.9822323,0.010737157,5868998,eclipsing_binary
1580.8802584748366,1.0051802,0.010770477,5868998,eclipsing_binary
1580.8816473635977,0.99591833,0.010800283,5868998,eclipsing_binary
1580.883036252824,1.0025431,0.010781429,5868998,eclipsing_binary
1580.8844251415846,1.0168564,0.010798276,5868998,eclipsing_binary
1580.885814030346,0.99322027,0.010760762,5868998,eclipsing_binary
1580.8872029191073,1.0094693,0.010798064,5868998,eclipsing_binary
1580.888591807868,1.0148047,0.010790684,5868998,eclipsing_binary
1580.8899806966285,1.0170296,0.010806,5868998,eclipsing_binary
1580.8913695853896,0.9932467,0.010767757,5868998,eclipsing_binary
1580.8927584741502,0.9989184,0.01077919,5868998,eclipsing_binary
1580.8941473629109,0.9978787,0.010763603,5868998,eclipsing_binary
1580.895536251672,0.9910938,0.010753557,5868998,eclipsing_binary
1580.8969251404333,0.99167854,0.010763133,5868998,eclipsing_binary
1580.8983140291937,1.0103698,0.010784184,5868998,eclipsing_binary
1580.8997029179543,1.000144,0.010762811,5868998,eclipsing_binary
1580.9010918067158,0.98742557,0.010731501,5868998,eclipsing_binary
1580.902480695477,0.99913687,0.010782124,5868998,eclipsing_binary
1580.9038695842376,0.99004483,0.010773089,5868998,eclipsing_binary
1580.9052584729982,0.9974149,0.010767874,5868998,eclipsing_binary
1580.9066473617593,1.0021989,0.010787,5868998,eclipsing_binary
1580.9080362505208,1.0196723,0.01080724,5868998,eclipsing_binary
1580.9094251392812,1.0093095,0.01080514,5868998,eclipsing_binary
1580.9108140280416,0.97576565,0.010741822,5868998,eclipsing_binary
1580.9122029163375,0.99217844,0.010755629,5868998,eclipsing_binary
1580.9135918050981,0.9933491,0.010767843,5868998,eclipsing_binary
1580.9149806938585,1.0104153,0.0108158775,5868998,eclipsing_binary
1580.9163695826198,1.0163691,0.010797847,5868998,eclipsing_binary
1580.917758471381,0.9939403,0.010756655,5868998,eclipsing_binary
1580.919147359676,1.0036328,0.010783429,5868998,eclipsing_binary
1580.9205362484365,0.9899644,0.010763727,5868998,eclipsing_binary
1580.9233140254935,0.9919533,0.010753926,5868998,eclipsing_binary
1580.924702914254,1.0054898,0.010793047,5868998,eclipsing_binary
1580.9260918030147,1.0101095,0.0107992515,5868998,eclipsing_binary
1580.9274806913102,0.9971711,0.010781129,5868998,eclipsing_binary
1580.9288695800708,1.0005858,0.010817252,5868998,eclipsing_binary
1580.9302584688314,1.0061144,0.010778485,5868998,eclipsing_binary
1580.9316473571268,0.99826103,0.010794984,5868998,eclipsing_binary
1580.9330362458882,0.9942168,0.010747094,5868998,eclipsing_binary
1580.934425134183,0.99826384,0.010782266,5868998,eclipsing_binary
1580.9358140229435,1.002482,0.01076992,5868998,eclipsing_binary
1580.9372029112394,1.0158705,0.010790852,5868998,eclipsing_binary
1580.9385918000005,0.9986182,0.010792023,5868998,eclipsing_binary
1580.9399806882955,1.0168557,0.010801722,5868998,eclipsing_binary
1580.941369577056,1.0050553,0.010773711,5868998,eclipsing_binary
1580.9427584653515,1.0052661,0.0107970815,5868998,eclipsing_binary
1580.944147354113,1.0053126,0.010780896,5868998,eclipsing_binary
1580.9455362424071,1.0055779,0.010773389,5868998,eclipsing_binary
1580.9469251311668,0.9915707,0.010753887,5868998,eclipsing_binary
1580.9483140194627,1.0059773,0.010781525,5868998,eclipsing_binary
1580.9497029082231,1.0009692,0.010794579,5868998,eclipsing_binary
1580.9510917965179,1.0125769,0.010825295,5868998,eclipsing_binary
1580.9524806848137,1.012055,0.010786282,5868998,eclipsing_binary
1580.9538695735748,1.015246,0.010799529,5868998,eclipsing_binary
1580.9552584618698,0.99714637,0.010770868,5868998,eclipsing_binary
1580.9566473501648,0.98724866,0.010761069,5868998,eclipsing_binary
1580.9580362384602,1.0272236,0.01082413,5868998,eclipsing_binary
1580.9594251272217,1.000108,0.010782101,5868998,eclipsing_binary
1580.9608140155167,0.99518424,0.010775613,5868998,eclipsing_binary
1580.9622029038114,0.9848791,0.010737997,5868998,eclipsing_binary
1580.963591792107,0.9983571,0.010770818,5868998,eclipsing_binary
1580.9649806808677,1.0010382,0.01076786,5868998,eclipsing_binary
1580.9663695691627,0.9963431,0.010754942,5868998,eclipsing_binary
1580.967758457458,1.0082549,0.0107850395,5868998,eclipsing_binary
1580.9691473457535,0.9991351,0.010760573,5868998,eclipsing_binary
1580.9705362340485,0.9858694,0.010754845,5868998,eclipsing_binary
1580.9719251223435,0.9912307,0.010794105,5868998,eclipsing_binary
1580.9733140106393,0.9987265,0.010763107,5868998,eclipsing_binary
1580.9747028994004,0.9899723,0.010760934,5868998,eclipsing_binary
1580.9760917876954,0.99324465,0.010752522,5868998,eclipsing_binary
1580.9774806759904,0.99230736,0.010768739,5868998,eclipsing_binary
1580.9788695642858,1.0209769,0.010806916,5868998,eclipsing_binary
1580.9802584525814,1.0117927,0.010784682,5868998,eclipsing_binary
1580.9816473408762,0.9913862,0.010748385,5868998,eclipsing_binary
1580.9830362291711,1.0029016,0.010784687,5868998,eclipsing_binary
1580.984425117467,1.0023925,0.010778023,5868998,eclipsing_binary
1580.9858140057618,0.9898201,0.010773229,5868998,eclipsing_binary
1580.9872028940565,0.99736214,0.010753548,5868998,eclipsing_binary
1580.9885917818867,0.99527836,0.010782407,5868998,eclipsing_binary
1580.9899806701821,1.0066094,0.010766702,5868998,eclipsing_binary
1580.9913695584771,1.022073,0.010798105,5868998,eclipsing_binary
1580.992758446772,0.9971391,0.010768325,5868998,eclipsing_binary
1580.9941473350675,0.9973972,0.010767991,5868998,eclipsing_binary
1580.9955362233634,0.983493,0.0107682375,5868998,eclipsing_binary
1580.9969251116584,0.99095416,0.010757599,5868998,eclipsing_binary
1580.9983139994874,1.0074589,0.0108221015,5868998,eclipsing_binary
1580.999702887783,1.0033522,0.010795775,5868998,eclipsing_binary
1581.0010917760785,1.0067188,0.010808974,5868998,eclipsing_binary
1581.0024806643735,1.0069716,0.010777143,5868998,eclipsing_binary
1581.0038695522028,1.0003452,0.010788235,5868998,eclipsing_binary
1581.0052584404982,1.0147244,0.010788896,5868998,eclipsing_binary
1581.0066473287932,1.0133915,0.010789773,5868998,eclipsing_binary
1581.0080362170881,0.9843271,0.010757296,5868998,eclipsing_binary
1581.0094251049181,0.998145,0.010768382,5868998,eclipsing_binary
1581.0108139932138,0.9889948,0.010740377,5868998,eclipsing_binary
1581.012202881043,1.0050246,0.010768784,5868998,eclipsing_binary
1581.013591769338,0.9995133,0.010777637,5868998,eclipsing_binary
1581.0149806576335,0.98651713,0.010754374,5868998,eclipsing_binary
1581.0163695454635,1.0080346,0.010797087,5868998,eclipsing_binary
1581.0177584337582,1.0007261,0.0108221015,5868998,eclipsing_binary
1581.0191473215875,0.9904837,0.010745784,5868998,eclipsing_binary
1581.0205362098834,0.9915069,0.010754359,5868998,eclipsing_binary
1581.0219250977118,0.99507195,0.01078849,5868998,eclipsing_binary
1581.0233139860059,0.99388266,0.010768775,5868998,eclipsing_binary
1581.024702873836,0.98950034,0.010742471,5868998,eclipsing_binary
1581.0260917621315,0.995476,0.01075286,5868998,eclipsing_binary
1581.0274806499608,1.003881,0.010777716,5868998,eclipsing_binary
1581.0288695382558,0.9891518,0.01076755,5868998,eclipsing_binary
1581.0302584260855,0.98850214,0.010749877,5868998,eclipsing_binary
1581.0316473139158,1.0141386,0.010783971,5868998,eclipsing_binary
1581.0330362022105,1.0118014,0.010806108,5868998,eclipsing_binary
1581.0344250900396,1.0072669,0.010790296,5868998,eclipsing_binary
1581.0358139778698,0.9934162,0.010755113,5868998,eclipsing_binary
1581.0372028661652,1.002409,0.010772579,5868998,eclipsing_binary
1581.0385917539945,1.0027246,0.010765218,5868998,eclipsing_binary
1581.0399806418238,0.98556614,0.010774318,5868998,eclipsing_binary
1581.0413695301193,0.9924781,0.01076864,5868998,eclipsing_binary
1581.0427584179486,1.0022107,0.010785875,5868998,eclipsing_binary
1581.0441473057779,0.9991643,0.010764774,5868998,eclipsing_binary
1581.0455361936079,1.0194358,0.010804665,5868998,eclipsing_binary
1581.0469250814378,0.9956437,0.010778718,5868998,eclipsing_binary
1581.0483139697328,0.99391896,0.010752484,5868998,eclipsing_binary
1581.0497028575621,1.0123909,0.010795651,5868998,eclipsing_binary
1581.051091745392,1.012537,0.010802821,5868998,eclipsing_binary
1581.0524806332216,0.9982924,0.010779703,5868998,eclipsing_binary
1581.053869521051,0.99873644,0.010808317,5868998,eclipsing_binary
1581.0552584088803,0.9880649,0.010766783,5868998,eclipsing_binary
1581.0566472967105,1.0005392,0.010769444,5868998,eclipsing_binary
1581.0580361845396,1.0029202,0.010765161,5868998,eclipsing_binary
1581.0594250723686,1.0028352,0.010769489,5868998,eclipsing_binary
1581.0608139601989,0.9885682,0.010762645,5868998,eclipsing_binary
1581.0622028480286,0.9778468,0.010734113,5868998,eclipsing_binary
1581.063591735858,0.9884984,0.010757091,5868998,eclipsing_binary
1581.0649806236872,0.9930214,0.010748175,5868998,eclipsing_binary
1581.066369511517,1.0127403,0.01079212,5868998,eclipsing_binary
1581.0677583993472,1.0107983,0.010793709,5868998,eclipsing_binary
1581.0691472871763,1.0122021,0.010788407,5868998,eclipsing_binary
1581.0705361750054,0.98943555,0.010761465,5868998,eclipsing_binary
1581.0719250628356,1.0157572,0.010805407,5868998,eclipsing_binary
1581.0733139506654,0.99655175,0.010763211,5868998,eclipsing_binary
1581.0747028384947,0.99499947,0.010764816,5868998,eclipsing_binary
1581.0760917258583,0.9878253,0.010743572,5868998,eclipsing_binary
1581.077480613688,0.9856455,0.01075627,5868998,eclipsing_binary
1581.0788695015174,0.99737394,0.010777977,5868998,eclipsing_binary
1581.0802583893467,0.99186695,0.01075565,5868998,eclipsing_binary
1581.0816472771767,1.0059801,0.0107925385,5868998,eclipsing_binary
1581.083036164541,1.0048981,0.010769083,5868998,eclipsing_binary
1581.0844250523703,1.0179013,0.010776563,5868998,eclipsing_binary
1581.0858139401996,1.0107679,0.010794423,5868998,eclipsing_binary
1581.0872028275637,1.0108284,0.010776556,5868998,eclipsing_binary
1581.0885917153935,1.0041472,0.010766806,5868998,eclipsing_binary
1581.0899806032228,1.004668,0.010776706,5868998,eclipsing_binary
1581.0913694905864,1.0170635,0.010782969,5868998,eclipsing_binary
1581.0927583784164,1.0006341,0.010783821,5868998,eclipsing_binary
1581.0941472657798,0.9965473,0.010762955,5868998,eclipsing_binary
1581.0955361536087,0.98980725,0.010798266,5868998,eclipsing_binary
1581.096925041438,0.9939391,0.010757011,5868998,eclipsing_binary
1581.098313928802,1.003792,0.01077436,5868998,eclipsing_binary
1581.0997028166314,0.99943066,0.010788303,5868998,eclipsing_binary
1581.101091703995,1.0047325,0.010811125,5868998,eclipsing_binary
1581.1024805918248,0.9998232,0.0107721705,5868998,eclipsing_binary
1581.1038694791894,0.99809176,0.010766291,5868998,eclipsing_binary
1581.1052583670185,1.0063004,0.010774556,5868998,eclipsing_binary
1581.1066472543819,1.0126424,0.010788876,5868998,eclipsing_binary
1581.1080361417464,0.9903544,0.0107449405,5868998,eclipsing_binary
1581.1094250295762,1.0084825,0.010781312,5868998,eclipsing_binary
1581.1108139169398,1.0010624,0.0107657565,5868998,eclipsing_binary
1581.1122028047691,1.0078768,0.010795301,5868998,eclipsing_binary
1581.1135916921332,1.005084,0.010767059,5868998,eclipsing_binary
1581.114980579497,0.99798536,0.01076858,5868998,eclipsing_binary
1581.1163694668605,0.9979721,0.010771324,5868998,eclipsing_binary
1581.1177583546903,1.005813,0.010776824,5868998,eclipsing_binary
1581.1191472420549,1.0030469,0.010807477,5868998,eclipsing_binary
1581.1205361294185,1.0073397,0.0107949,5868998,eclipsing_binary
1581.121925016782,1.0140469,0.010807894,5868998,eclipsing_binary
1581.123313904612,1.0087388,0.010787072,5868998,eclipsing_binary
1581.124702791976,0.9881319,0.0107744355,5868998,eclipsing_binary
1581.1260916793397,1.0069543,0.010781674,5868998,eclipsing_binary
1581.1274805667033,1.01865,0.010790475,5868998,eclipsing_binary
1581.1288694540676,0.98697764,0.0107653,5868998,eclipsing_binary
1581.130258341432,0.99196094,0.0107480865,5868998,eclipsing_binary
1581.1316472292613,1.0064682,0.010782874,5868998,eclipsing_binary
1581.133036116625,1.0025965,0.010780532,5868998,eclipsing_binary
1581.134425003989,1.0103991,0.010783446,5868998,eclipsing_binary
1581.1358138913527,0.99277246,0.010763358,5868998,eclipsing_binary
1581.1372027787163,1.0166397,0.010866765,5868998,eclipsing_binary
1581.1385916660804,1.0061454,0.0107853515,5868998,eclipsing_binary
1581.1399805534447,0.9849674,0.010756863,5868998,eclipsing_binary
1581.1413694408081,0.9930063,0.010751583,5868998,eclipsing_binary
1581.1427583281718,1.0099927,0.010781569,5868998,eclipsing_binary
1581.1441472155363,0.99402416,0.010783903,5868998,eclipsing_binary
1581.1455361029005,1.0116274,0.01082009,5868998,eclipsing_binary
1581.1469249897984,1.0031703,0.010780311,5868998,eclipsing_binary
1581.148313877162,0.97861767,0.010740107,5868998,eclipsing_binary
1581.1497027645262,1.0074079,0.010807587,5868998,eclipsing_binary
1581.1510916518898,0.99235,0.010752536,5868998,eclipsing_binary
1581.1524805392535,0.9961845,0.010776637,5868998,eclipsing_binary
1581.1538694266176,0.997817,0.010777164,5868998,eclipsing_binary
1581.1552583135165,1.0045797,0.010780426,5868998,eclipsing_binary
1581.1566472008801,0.9940771,0.010760932,5868998,eclipsing_binary
1581.1580360882435,1.0138848,0.010794071,5868998,eclipsing_binary
1581.1594249756079,0.99501497,0.010831594,5868998,eclipsing_binary
1581.1608138625063,1.0045753,0.010782375,5868998,eclipsing_binary
1581.16220274987,0.9858198,0.01074999,5868998,eclipsing_binary
1581.1635916372336,1.0078818,0.010794925,5868998,eclipsing_binary
1581.164980524132,1.0113584,0.0107818805,5868998,eclipsing_binary
1581.1663694114966,0.9963759,0.010765821,5868998,eclipsing_binary
1581.1677582988602,1.0034572,0.010795066,5868998,eclipsing_binary
1581.1691471857573,1.002381,0.01077448,5868998,eclipsing_binary
1581.170536073121,1.0033982,0.010778796,5868998,eclipsing_binary
1581.171924960019,1.0017871,0.010794442,5868998,eclipsing_binary
1581.1733138473826,0.9960068,0.010757699,5868998,eclipsing_binary
1581.174702734281,1.0120333,0.010800992,5868998,eclipsing_binary
1581.1760916216454,1.001548,0.0107872505,5868998,eclipsing_binary
1581.177480508543,1.0035368,0.0107717505,5868998,eclipsing_binary
1581.1788693959068,1.004795,0.0107876435,5868998,eclipsing_binary
1581.1802582828057,0.9867295,0.010749904,5868998,eclipsing_binary
1581.1816471701698,0.98932445,0.01075439,5868998,eclipsing_binary
1581.1830360570677,1.0151656,0.010791715,5868998,eclipsing_binary
1581.1844249444314,1.008521,0.0108125005,5868998,eclipsing_binary
1581.1858138313298,0.99463016,0.0107767265,5868998,eclipsing_binary
1581.1872027182278,1.0028785,0.01078382,5868998,eclipsing_binary
1581.1885916055915,1.0065407,0.010783455,5868998,eclipsing_binary
1581.18998049249,1.0044352,0.010798115,5868998,eclipsing_binary
1581.1913693793888,1.0081882,0.0107847955,5868998,eclipsing_binary
1581.1927582662865,1.0206373,0.010799667,5868998,eclipsing_binary
1581.19414715365,1.0075392,0.010781952,5868998,eclipsing_binary
1581.1955360405489,0.9881287,0.010748584,5868998,eclipsing_binary
1581.1969249274473,1.0078216,0.010771405,5868998,eclipsing_binary
1581.1983138143453,1.0000128,0.010790576,5868998,eclipsing_binary
1581.199702701709,1.0124929,0.010803296,5868998,eclipsing_binary
1581.2010915886074,1.0104861,0.010807129,5868998,eclipsing_binary
1581.2024804755063,1.0095505,0.010774963,5868998,eclipsing_binary
1581.2038693624042,0.9997962,0.010786534,5868998,eclipsing_binary
1581.205258249302,1.0058483,0.010786154,5868998,eclipsing_binary
1581.2066471362007,0.99675614,0.010765169,5868998,eclipsing_binary
1581.2080360230987,1.011238,0.0108391745,5868998,eclipsing_binary
1581.2094249099966,0.99837506,0.010764898,5868998,eclipsing_binary
1581.210813796895,0.99946773,0.010763489,5868998,eclipsing_binary
1581.2122026837935,1.0011641,0.01078845,5868998,eclipsing_binary
1581.2135915706915,1.0049525,0.010770344,5868998,eclipsing_binary
1581.2149804575895,0.9884463,0.010751285,5868998,eclipsing_binary
1581.2163693444884,0.98166084,0.010739869,5868998,eclipsing_binary
1581.2177582313868,1.0002948,0.010785198,5868998,eclipsing_binary
1581.2191471182848,0.99976474,0.010769612,5868998,eclipsing_binary
1581.2205360051828,0.98114336,0.010751934,5868998,eclipsing_binary
1581.2219248920812,0.9877867,0.010755615,5868998,eclipsing_binary
1581.2233137789792,1.0105858,0.010808379,5868998,eclipsing_binary
1581.2247026654115,1.0060571,0.01076844,5868998,eclipsing_binary
1581.22609155231,1.0011015,0.010764052,5868998,eclipsing_binary
1581.2274804392089,0.993748,0.010754853,5868998,eclipsing_binary
1581.2288693261066,0.99164474,0.010751387,5868998,eclipsing_binary
1581.2302582130044,1.0103471,0.010796465,5868998,eclipsing_binary
1581.2316470994376,1.0100191,0.0108098695,5868998,eclipsing_binary
1581.233035986336,1.0002437,0.010778235,5868998,eclipsing_binary
1581.234424873234,0.9922622,0.010771904,5868998,eclipsing_binary
1581.2358137596664,0.9996202,0.010794774,5868998,eclipsing_binary
1581.2372026465648,0.9959648,0.010778268,5868998,eclipsing_binary
1581.2385915334637,1.0029696,0.010785373,5868998,eclipsing_binary
1581.2399804198951,1.00344,0.010767611,5868998,eclipsing_binary
1581.2413693067922,0.9833323,0.010756683,5868998,eclipsing_binary
1581.2427581932254,0.9970137,0.010756048,5868998,eclipsing_binary
1581.2441470801234,1.0084587,0.010785861,5868998,eclipsing_binary
1581.2455359665557,1.0047008,0.010771139,5868998,eclipsing_binary
1581.2469248534542,0.9919004,0.010756613,5868998,eclipsing_binary
1581.2483137403526,0.9946148,0.010758816,5868998,eclipsing_binary
1581.249702626785,0.99887407,0.010765842,5868998,eclipsing_binary
1581.2510915132173,1.0142004,0.010801406,5868998,eclipsing_binary
1581.252480400116,1.0072876,0.010802455,5868998,eclipsing_binary
1581.253869286549,1.0083572,0.010787719,5868998,eclipsing_binary
1581.255258173447,1.014461,0.010807249,5868998,eclipsing_binary
1581.2566470598792,0.98166597,0.010754144,5868998,eclipsing_binary
1581.258035946312,1.0004582,0.01077636,5868998,eclipsing_binary
1581.2594248332105,1.00866,0.010790998,5868998,eclipsing_binary
1581.2608137196428,0.99703175,0.01076531,5868998,eclipsing_binary
1581.262202606075,1.0018193,0.010770474,5868998,eclipsing_binary
1581.263591492974,1.0211706,0.01080159,5868998,eclipsing_binary
1581.264980379406,1.0062683,0.010771474,5868998,eclipsing_binary
1581.2663692658382,0.9964511,0.010765145,5868998,eclipsing_binary
1581.2677581522714,0.9861774,0.010799309,5868998,eclipsing_binary
1581.2691470391699,0.9923021,0.010756226,5868998,eclipsing_binary
1581.2705359256022,1.0035138,0.010780708,5868998,eclipsing_binary
1581.2719248120345,1.0172616,0.010801039,5868998,eclipsing_binary
1581.2733136984673,1.0176024,0.010801569,5868998,eclipsing_binary
1581.2747025849005,1.003226,0.010765069,5868998,eclipsing_binary
1581.2760914713326,1.0243584,0.010813425,5868998,eclipsing_binary
1581.2774803577647,0.995731,0.010764403,5868998,eclipsing_binary
1581.278869244198,1.0026966,0.010786993,5868998,eclipsing_binary
1581.2802581306303,0.99531615,0.010758173,5868998,eclipsing_binary
1581.2816470170626,1.0204585,0.010815235,5868998,eclipsing_binary
1581.2830359034954,1.0071149,0.0107853515,5868998,eclipsing_binary
1581.2844247899282,0.9948142,0.010771255,5868998,eclipsing_binary
1581.2858136763605,1.0124439,0.010791166,5868998,eclipsing_binary
1581.2872025627928,1.008037,0.0107885795,5868998,eclipsing_binary
1581.2885914492258,0.99843514,0.010791196,5868998,eclipsing_binary
1581.2899803356588,0.9933546,0.01077306,5868998,eclipsing_binary
1581.2913692220911,1.0064459,0.010793781,5868998,eclipsing_binary
1581.2927581085235,1.013689,0.010796692,5868998,eclipsing_binary
1581.2941469949562,0.9984349,0.0107666245,5868998,eclipsing_binary
1581.2955358809234,1.014402,0.01078848,5868998,eclipsing_binary
1581.2969247673557,1.0043917,0.010796501,5868998,eclipsing_binary
1581.298313653788,1.0010369,0.0107849175,5868998,eclipsing_binary
1581.2997025402212,1.0052149,0.010783871,5868998,eclipsing_binary
1581.3010914261877,0.9942302,0.010767434,5868998,eclipsing_binary
1581.3024803126198,1.0157578,0.010794532,5868998,eclipsing_binary
1581.303869199053,1.0073798,0.010786401,5868998,eclipsing_binary
1581.3052580854858,0.991376,0.010765151,5868998,eclipsing_binary
1581.3066469714524,0.9909096,0.01075762,5868998,eclipsing_binary
1581.3080358578848,1.0085077,0.0107937595,5868998,eclipsing_binary
1581.3094247438519,0.9928676,0.010751233,5868998,eclipsing_binary
1581.3108136302842,1.0011431,0.010779756,5868998,eclipsing_binary
1581.3122025167158,1.0095643,0.010787972,5868998,eclipsing_binary
1581.3135914026823,0.9926468,0.010772047,5868998,eclipsing_binary
1581.3149802891155,0.9962602,0.010772284,5868998,eclipsing_binary
1581.3163691750822,0.9917591,0.0107539855,5868998,eclipsing_binary
1581.3177580615143,1.0131897,0.010821685,5868998,eclipsing_binary
1581.3191469474816,0.9946881,0.010779398,5868998,eclipsing_binary
1581.3205358339144,1.0047846,0.010775036,5868998,eclipsing_binary
1581.321924719881,0.99687016,0.010783793,5868998,eclipsing_binary
1581.3233136058477,1.0052117,0.010777348,5868998,eclipsing_binary
1581.3247024922805,0.9968436,0.010774737,5868998,eclipsing_binary
1581.326091378248,1.0003659,0.010809276,5868998,eclipsing_binary
1581.3274802642147,0.99529135,0.010749354,5868998,eclipsing_binary
1581.328869150647,1.0007367,0.010781646,5868998,eclipsing_binary
1581.3302580366142,1.0070176,0.010805815,5868998,eclipsing_binary
1581.3316469225813,1.0065525,0.010776301,5868998,eclipsing_binary
1581.3330358090136,1.0013025,0.010784206,5868998,eclipsing_binary
1581.3344246949803,1.0027243,0.010779177,5868998,eclipsing_binary
1581.3358135809476,0.9854434,0.010758163,5868998,eclipsing_binary
1581.337202466914,1.029886,0.010809244,5868998,eclipsing_binary
1581.3385913528807,0.9909997,0.010763789,5868998,eclipsing_binary
1581.3399802388483,1.0108863,0.010807153,5868998,eclipsing_binary
1581.341369125281,1.0046005,0.0107914,5868998,eclipsing_binary
1581.3427580112477,0.988345,0.010755732,5868998,eclipsing_binary
1581.3441468972144,1.0016226,0.010775637,5868998,eclipsing_binary
1581.3455357831815,1.0057032,0.010767241,5868998,eclipsing_binary
1581.346924669149,1.0026121,0.010779532,5868998,eclipsing_binary
1581.3483135551155,0.9966184,0.010766055,5868998,eclipsing_binary
1581.349702441082,0.9853769,0.010741915,5868998,eclipsing_binary
1581.3510913270495,0.98698914,0.010759484,5868998,eclipsing_binary
1581.3524802130162,0.9923751,0.010776467,5868998,eclipsing_binary
1581.3538690989826,1.0026127,0.010763827,5868998,eclipsing_binary
1581.35525798495,0.9916337,0.010756492,5868998,eclipsing_binary
1581.356646870917,0.9607378,0.0107236905,5868998,eclipsing_binary
1581.358035756418,0.98368603,0.010740235,5868998,eclipsing_binary
1581.3594246423847,0.9533737,0.0106949285,5868998,eclipsing_binary
1581.3608135283519,0.957508,0.01071182,5868998,eclipsing_binary
1581.3622024143194,0.9733652,0.010724014,5868998,eclipsing_binary
1581.363591300286,0.9686248,0.010721418,5868998,eclipsing_binary
1581.3649801862525,0.94372225,0.010670705,5868998,eclipsing_binary
1581.3663690717542,0.94950324,0.010692681,5868998,eclipsing_binary
1581.3677579577213,0.95224345,0.010719894,5868998,eclipsing_binary
1581.369146843688,0.9546548,0.010713426,5868998,eclipsing_binary
1581.370535729189,0.9486126,0.010690223,5868998,eclipsing_binary
1581.3719246151563,0.96453756,0.0107032815,5868998,eclipsing_binary
1581.3733135011228,0.94599533,0.010689357,5868998,eclipsing_binary
1581.3747023866238,0.9499054,0.010679609,5868998,eclipsing_binary
1581.3760912725913,0.949076,0.010689299,5868998,eclipsing_binary
1581.3774801580928,0.9662826,0.010704856,5868998,eclipsing_binary
1581.3788690440585,0.9687091,0.010729354,5868998,eclipsing_binary
1581.3802579300248,0.9504231,0.010691009,5868998,eclipsing_binary
1581.3816468155262,0.95714873,0.010699111,5868998,eclipsing_binary
1581.3830357014936,0.97049934,0.010780765,5868998,eclipsing_binary
1581.3844245869943,0.9771381,0.010735099,5868998,eclipsing_binary
1581.3858134724953,0.97159886,0.010727501,5868998,eclipsing_binary
1581.387202358463,0.97532356,0.0107307015,5868998,eclipsing_binary
1581.3885912439644,0.9756113,0.010737057,5868998,eclipsing_binary
1581.389980129931,0.96722305,0.010739942,5868998,eclipsing_binary
1581.391369015432,0.9955701,0.010780193,5868998,eclipsing_binary
1581.3927579009335,0.97977054,0.010741905,5868998,eclipsing_binary
1581.3941467869001,0.9919955,0.010752802,5868998,eclipsing_binary
1581.3955356724011,0.9900784,0.010759063,5868998,eclipsing_binary
1581.3969245579026,0.9769257,0.010734343,5868998,eclipsing_binary
1581.3983134434045,1.0064812,0.010789339,5868998,eclipsing_binary
1581.3997023293712,0.9964471,0.010770359,5868998,eclipsing_binary
1581.401091214872,1.0051217,0.01077685,5868998,eclipsing_binary
1581.4024801003736,1.0020406,0.010782155,5868998,eclipsing_binary
1581.403868985875,0.9939593,0.010771849,5868998,eclipsing_binary
1581.405257871376,0.99592763,0.010794081,5868998,eclipsing_binary
1581.406646756877,1.0167606,0.010851543,5868998,eclipsing_binary
1581.4080356423785,1.0070896,0.010784152,5868998,eclipsing_binary
1581.4094245283452,0.99483156,0.010761511,5868998,eclipsing_binary
1581.4108134138462,0.98908675,0.010763155,5868998,eclipsing_binary
1581.4122022993479,0.99007356,0.01080043,5868998,eclipsing_binary
1581.4135911848496,1.0042002,0.01077671,5868998,eclipsing_binary
1581.4149800703506,1.0162226,0.0107964575,5868998,eclipsing_binary
1581.4163689558516,1.0073113,0.010811229,5868998,eclipsing_binary
1581.417757841353,0.9971935,0.010767729,5868998,eclipsing_binary
1581.419146726389,0.9949023,0.010766199,5868998,eclipsing_binary
1581.4205356118898,0.9973199,0.010784603,5868998,eclipsing_binary
1581.4219244973908,1.0082082,0.010781452,5868998,eclipsing_binary
1581.4233133828927,1.0001389,0.0107945455,5868998,eclipsing_binary
1581.4247022683942,0.9978259,0.010787759,5868998,eclipsing_binary
1581.4260911538952,1.0058851,0.010779466,5868998,eclipsing_binary
1581.4274800389305,1.0043331,0.010781745,5868998,eclipsing_binary
1581.428868924432,1.0011528,0.010791055,5868998,eclipsing_binary
1581.430257809933,0.9882268,0.010760393,5868998,eclipsing_binary
1581.431646695434,0.99129593,0.010749707,5868998,eclipsing_binary
1581.4330355804698,1.0050827,0.010780109,5868998,eclipsing_binary
1581.4344244659717,1.012797,0.010789538,5868998,eclipsing_binary
1581.4358133514725,1.0002233,0.0107641155,5868998,eclipsing_binary
1581.4372022365076,0.98543006,0.010759407,5868998,eclipsing_binary
1581.4385911220095,0.99832076,0.010765131,5868998,eclipsing_binary
1581.4399800070453,0.9946881,0.010757997,5868998,eclipsing_binary
1581.4413688925463,0.9958334,0.010774473,5868998,eclipsing_binary
1581.4427577780473,1.0084647,0.010826921,5868998,eclipsing_binary
1581.444146663083,1.0152819,0.0107906945,5868998,eclipsing_binary
1581.4455355485836,1.0036261,0.010795386,5868998,eclipsing_binary
1581.446924433618,0.99071616,0.010777746,5868998,eclipsing_binary
1581.448313318654,1.0104192,0.010789341,5868998,eclipsing_binary
1581.4497022041558,1.0019686,0.010783689,5868998,eclipsing_binary
1581.451091089191,1.0105458,0.010795425,5868998,eclipsing_binary
1581.452479974692,1.0182632,0.010799968,5868998,eclipsing_binary
1581.453868859728,1.0020002,0.010789545,5868998,eclipsing_binary
1581.4552577447637,0.9868989,0.010758959,5868998,eclipsing_binary
1581.4566466302647,0.99226505,0.0107542705,5868998,eclipsing_binary
1581.4580355153,0.9807479,0.010751706,5868998,eclipsing_binary
1581.459424400336,1.0044857,0.010775873,5868998,eclipsing_binary
1581.460813285372,0.9965636,0.010767514,5868998,eclipsing_binary
1581.462202170873,1.0071279,0.010783372,5868998,eclipsing_binary
1581.4635910559084,1.0125111,0.010786753,5868998,eclipsing_binary
1581.4649799409442,1.0035517,0.010785984,5868998,eclipsing_binary
1581.4663688259795,1.0137955,0.010782277,5868998,eclipsing_binary
1581.4677577110149,1.0017122,0.010782978,5868998,eclipsing_binary
1581.4691465960507,1.0062264,0.010790481,5868998,eclipsing_binary
1581.470535481087,0.99172467,0.010752401,5868998,eclipsing_binary
1581.471924366122,0.995428,0.010768031,5868998,eclipsing_binary
1581.4733132511572,1.0185186,0.010799486,5868998,eclipsing_binary
1581.4747021361934,1.0035415,0.010778604,5868998,eclipsing_binary
1581.4760910212292,1.0062169,0.010774359,5868998,eclipsing_binary
1581.4774799062645,0.9981097,0.0107699465,5868998,eclipsing_binary
1581.4788687912999,0.99297744,0.010768281,5868998,eclipsing_binary
1581.4802576763357,1.0203909,0.010808246,5868998,eclipsing_binary
1581.481646561371,1.0034121,0.01078851,5868998,eclipsing_binary
1581.4830354464063,1.0072726,0.010775915,5868998,eclipsing_binary
1581.4844243314421,1.0130382,0.010787068,5868998,eclipsing_binary
1581.4858132164784,0.9819402,0.010788904,5868998,eclipsing_binary
1581.487202101048,1.000915,0.0107592875,5868998,eclipsing_binary
1581.4885909860834,0.9864809,0.010769752,5868998,eclipsing_binary
1581.4899798711192,1.0155202,0.010834385,5868998,eclipsing_binary
1581.491368756155,1.0144255,0.010798978,5868998,eclipsing_binary
1581.4927576407247,0.9911325,0.010765964,5868998,eclipsing_binary
1581.49414652576,1.003617,0.0107896635,5868998,eclipsing_binary
1581.495535410796,1.0016873,0.010774498,5868998,eclipsing_binary
1581.4969242953664,0.9964801,0.010771836,5868998,eclipsing_binary
1581.4983131804017,0.99435675,0.010763114,5868998,eclipsing_binary
1581.499702065437,0.9906097,0.010745266,5868998,eclipsing_binary
1581.5010909500072,0.9964742,0.010764304,5868998,eclipsing_binary
1581.5024798350425,1.0010074,0.0107811345,5868998,eclipsing_binary
1581.5038687196122,1.0014292,0.010760506,5868998,eclipsing_binary
1581.505257604648,0.9971716,0.010759345,5868998,eclipsing_binary
1581.5066464892186,1.0151527,0.010799451,5868998,eclipsing_binary
1581.5080353742537,1.006731,0.010791661,5868998,eclipsing_binary
1581.5094242588232,0.99016094,0.010759627,5868998,eclipsing_binary
1581.5108131433938,0.99330014,0.010756573,5868998,eclipsing_binary
1581.512202028429,0.997681,0.010744231,5868998,eclipsing_binary
1581.5135909129979,1.0019233,0.010770654,5868998,eclipsing_binary
1581.5149797975675,1.0029237,0.010805552,5868998,eclipsing_binary
1581.5163686826033,0.9962263,0.010798067,5868998,eclipsing_binary
1581.517757567174,1.0028228,0.010778277,5868998,eclipsing_binary
1581.5191464517434,1.0122968,0.010807813,5868998,eclipsing_binary
1581.5205353363128,0.99733007,0.0108027365,5868998,eclipsing_binary
1581.521924221349,1.0040289,0.010769726,5868998,eclipsing_binary
1581.5233131059188,0.99651986,0.010765288,5868998,eclipsing_binary
1581.5247019904882,1.0059441,0.010782146,5868998,eclipsing_binary
1581.5260908750586,1.003371,0.010778239,5868998,eclipsing_binary
1581.5274797596287,1.0032098,0.01079273,5868998,eclipsing_binary
1581.5288686441984,0.99802864,0.010770605,5868998,eclipsing_binary
1581.530257528768,1.0004193,0.010764209,5868998,eclipsing_binary
1581.5316464133384,0.9755392,0.010741019,5868998,eclipsing_binary
1581.5330352979088,0.99833894,0.010766579,5868998,eclipsing_binary
1581.5344241824785,0.9872432,0.010756497,5868998,eclipsing_binary
1581.5358130670481,0.99368477,0.010795693,5868998,eclipsing_binary
1581.5372019516183,0.9914367,0.010770972,5868998,eclipsing_binary
1581.538590836188,1.0129368,0.01080482,5868998,eclipsing_binary
1581.5399797207576,1.0006374,0.010769171,5868998,eclipsing_binary
1581.5413686053278,1.006036,0.01078729,5868998,eclipsing_binary
1581.5427574898981,1.0020057,0.010808345,5868998,eclipsing_binary
1581.5441463744676,0.9688258,0.010733172,5868998,eclipsing_binary
1581.5455352585716,1.0012792,0.010790509,5868998,eclipsing_binary
1581.5469241431422,1.0129645,0.010808949,5868998,eclipsing_binary
1581.5483130277123,1.0036811,0.010782882,5868998,eclipsing_binary
1581.549701912282,1.0020087,0.010778222,5868998,eclipsing_binary
1581.551090796386,0.9838722,0.0107435845,5868998,eclipsing_binary
1581.5524796809561,1.0118198,0.010802526,5868998,eclipsing_binary
1581.5538685655267,0.9984729,0.010772617,5868998,eclipsing_binary
1581.5552574496305,0.98376346,0.010746514,5868998,eclipsing_binary
1581.5566463342,1.0017705,0.010776424,5868998,eclipsing_binary
1581.558035218305,0.9932692,0.010775566,5868998,eclipsing_binary
1581.5594241028746,0.9973253,0.0107861655,5868998,eclipsing_binary
1581.5608129869784,0.9956194,0.010753042,5868998,eclipsing_binary
1581.5622018715487,0.9983928,0.010764789,5868998,eclipsing_binary
1581.5635907556532,0.9913903,0.010764511,5868998,eclipsing_binary
1581.5649796402229,0.99570775,0.010770147,5868998,eclipsing_binary
1581.566368524327,1.0126165,0.010817087,5868998,eclipsing_binary
1581.567757408897,0.99551296,0.01076905,5868998,eclipsing_binary
1581.569146293002,1.0136309,0.010814423,5868998,eclipsing_binary
1581.570535177106,0.9996735,0.010769608,5868998,eclipsing_binary
1581.5719240616756,0.9945078,0.01076864,5868998,eclipsing_binary
1581.5733129457801,1.0308224,0.010815351,5868998,eclipsing_binary
1581.5747018298841,1.0085073,0.01078859,5868998,eclipsing_binary
1581.5760907144538,1.0045865,0.010846805,5868998,eclipsing_binary
1581.5774795985578,1.0021753,0.010786864,5868998,eclipsing_binary
1581.5788684826616,1.0128261,0.010803821,5868998,eclipsing_binary
1581.5802573667654,1.0260146,0.010812857,5868998,eclipsing_binary
1581.5816462508694,1.0075432,0.01080005,5868998,eclipsing_binary
1581.5830351349744,1.0165552,0.010787442,5868998,eclipsing_binary
1581.5844240195445,1.0108742,0.010816214,5868998,eclipsing_binary
1581.5858129036485,1.0092779,0.010809805,5868998,eclipsing_binary
1581.5872017877525,1.0002388,0.010773984,5868998,eclipsing_binary
1581.588590671857,1.0062897,0.01078369,5868998,eclipsing_binary
1581.5899795559617,0.9929211,0.010770339,5868998,eclipsing_binary
1581.5913684400655,0.99153775,0.010737082,5868998,eclipsing_binary
1581.5927573241695,1.0124198,0.010799191,5868998,eclipsing_binary
1581.5941462078088,1.0096734,0.010787808,5868998,eclipsing_binary
1581.5955350919126,1.0066863,0.010789473,5868998,eclipsing_binary
1581.5969239760163,1.0030394,0.0107782,5868998,eclipsing_binary
1581.5983128601213,0.99812615,0.010767963,5868998,eclipsing_binary
1581.5997017442257,1.0017748,0.0107831,5868998,eclipsing_binary
1581.6010906283298,0.9973687,0.010774242,5868998,eclipsing_binary
1581.602479511968,0.9927201,0.01076252,5868998,eclipsing_binary
1581.6038683960726,0.989882,0.010754975,5868998,eclipsing_binary
1581.6052572801775,1.0145798,0.010810047,5868998,eclipsing_binary
1581.6066461642815,1.0159707,0.010788765,5868998,eclipsing_binary
1581.6080350479197,1.0125273,0.0108088115,5868998,eclipsing_binary
1581.6094239320244,0.9857348,0.010766525,5868998,eclipsing_binary
1581.6108128161284,1.0126241,0.010804535,5868998,eclipsing_binary
1581.6122016997667,1.0059494,0.010792372,5868998,eclipsing_binary
1581.6135905838712,0.994892,0.0107710045,5868998,eclipsing_binary
1581.61497946751,1.0101289,0.010793329,5868998,eclipsing_binary
1581.616368351614,1.0109649,0.0108017335,5868998,eclipsing_binary
1581.6177572352524,1.001816,0.01079093,5868998,eclipsing_binary
1581.6191461193573,1.0035193,0.010773742,5868998,eclipsing_binary
1581.6205350029961,1.000017,0.010755238,5868998,eclipsing_binary
1581.6219238871001,1.0107571,0.010784035,5868998,eclipsing_binary
1581.6233127707385,0.98990685,0.010801257,5868998,eclipsing_binary
1581.6247016543773,1.0145544,0.010787932,5868998,eclipsing_binary
1581.626090538482,0.9773199,0.010750056,5868998,eclipsing_binary
1581.6274794221201,1.0226568,0.010814123,5868998,eclipsing_binary
1581.6288683057585,0.99174786,0.010776115,5868998,eclipsing_binary
1581.6302571893978,0.99087876,0.010762118,5868998,eclipsing_binary
1581.6316460735015,0.99064326,0.0107591385,5868998,eclipsing_binary
1581.6330349571397,0.996638,0.010798461,5868998,eclipsing_binary
1581.634423840779,1.0016242,0.010785693,5868998,eclipsing_binary
1581.6358127244177,1.0023338,0.01078696,5868998,eclipsing_binary
1581.637201608056,1.0033284,0.0107742,5868998,eclipsing_binary
1581.6385904916945,0.985094,0.010762174,5868998,eclipsing_binary
1581.639979375799,1.0052004,0.010772693,5868998,eclipsing_binary
1581.6413682594373,1.002915,0.010787773,5868998,eclipsing_binary
1581.642757143075,1.0167652,0.010809465,5868998,eclipsing_binary
1581.644146026713,0.9991405,0.010793001,5868998,eclipsing_binary
1581.6455349103524,1.0226573,0.010814202,5868998,eclipsing_binary
1581.6469237935255,1.0125653,0.010812802,5868998,eclipsing_binary
1581.6483126771639,1.019348,0.010848751,5868998,eclipsing_binary
1581.6497015608022,1.0144415,0.01079515,5868998,eclipsing_binary
1581.651090444441,0.98610747,0.010754607,5868998,eclipsing_binary
1581.6524793280794,1.0273609,0.010836722,5868998,eclipsing_binary
1581.6538682117177,0.99569756,0.010778353,5868998,eclipsing_binary
1581.6552570953568,1.0253869,0.010826431,5868998,eclipsing_binary
1581.6566459785302,1.0037311,0.010786947,5868998,eclipsing_binary
1581.6580348621685,1.0127591,0.010802716,5868998,eclipsing_binary
1581.6594237458069,1.0072027,0.0107823685,5868998,eclipsing_binary
1581.66081262898,1.0086644,0.010794094,5868998,eclipsing_binary
1581.6622015126188,1.0048397,0.010790502,5868998,eclipsing_binary
1581.6635903962572,1.004332,0.010777813,5868998,eclipsing_binary
1581.6649792794299,1.003115,0.010779578,5868998,eclipsing_binary
1581.6663681630691,1.0128202,0.010786438,5868998,eclipsing_binary
1581.6677570462416,1.005223,0.010788047,5868998,eclipsing_binary
1581.6691459298797,1.02969,0.01081246,5868998,eclipsing_binary
1581.6705348130533,1.0084655,0.010810287,5868998,eclipsing_binary
1581.6719236966921,1.0052965,0.010797102,5868998,eclipsing_binary
1581.6733125798648,1.0043045,0.010784274,5868998,eclipsing_binary
1581.6747014635032,1.0050626,0.010786855,5868998,eclipsing_binary
1581.6760903466763,1.0060481,0.010792962,5868998,eclipsing_binary
1581.67747922985,1.0097631,0.010809578,5868998,eclipsing_binary
1581.678868113488,0.99603623,0.0107745165,5868998,eclipsing_binary
1581.6802569966605,0.9906849,0.01078626,5868998,eclipsing_binary
1581.6816458798342,1.0087243,0.010794192,5868998,eclipsing_binary
1581.683034763473,0.9868573,0.010742157,5868998,eclipsing_binary
1581.6844236466457,1.0147142,0.010813727,5868998,eclipsing_binary
1581.6858125298183,1.0124798,0.010820801,5868998,eclipsing_binary
1581.6872014129915,1.0117863,0.010806342,5868998,eclipsing_binary
1581.6885902961642,0.99699056,0.010760806,5868998,eclipsing_binary
1581.689979179337,1.0012292,0.010783444,5868998,eclipsing_binary
1581.6913680625103,1.003848,0.010788277,5868998,eclipsing_binary
1581.6927569461493,0.9968962,0.010808241,5868998,eclipsing_binary
1581.694145829322,0.9953202,0.010761013,5868998,eclipsing_binary
1581.6955347124947,0.99725467,0.010782121,5868998,eclipsing_binary
1581.6969235956678,1.0168065,0.01080972,5868998,eclipsing_binary
1581.6983124783753,0.9858788,0.010737247,5868998,eclipsing_binary
1581.699701361548,1.0074108,0.010782826,5868998,eclipsing_binary
1581.7010902447207,1.0025297,0.010777307,5868998,eclipsing_binary
1581.702479127894,0.99767387,0.01078112,5868998,eclipsing_binary
1581.703868011066,1.026512,0.010818659,5868998,eclipsing_binary
1581.705256894238,1.0086323,0.010831473,5868998,eclipsing_binary
1581.7066457774115,1.0177964,0.010797882,5868998,eclipsing_binary
1581.708034660119,1.0098441,0.010792161,5868998,eclipsing_binary
1581.7094235432917,1.0070996,0.010786947,5868998,eclipsing_binary
1581.7108124264644,0.999432,0.010782003,5868998,eclipsing_binary
1581.7122013091719,0.9911709,0.010762721,5868998,eclipsing_binary
1581.7135901923455,1.0091403,0.010801876,5868998,eclipsing_binary
1581.714979075518,0.9998564,0.010776247,5868998,eclipsing_binary
1581.7163679582247,1.002169,0.010788211,5868998,eclipsing_binary
1581.7177568413983,1.0029705,0.010779813,5868998,eclipsing_binary
1581.7191457241058,1.0065899,0.010819815,5868998,eclipsing_binary
1581.7205346072785,0.9869122,0.010766156,5868998,eclipsing_binary
1581.7219234899856,0.99970895,0.010766046,5868998,eclipsing_binary
1581.7233123731587,0.99528986,0.010770373,5868998,eclipsing_binary
1581.7247012558657,0.99362254,0.010757289,5868998,eclipsing_binary
1581.7260901390384,1.0155184,0.01086689,5868998,eclipsing_binary
1581.727479021746,0.995109,0.010790734,5868998,eclipsing_binary
1581.7288679044539,1.0017253,0.010780953,5868998,eclipsing_binary
1581.7302567876266,0.99753106,0.010781216,5868998,eclipsing_binary
1581.7316456703336,1.005031,0.010784649,5868998,eclipsing_binary
1581.733034553041,1.009527,0.010791908,5868998,eclipsing_binary
1581.7344234357486,1.0247983,0.010820619,5868998,eclipsing_binary
1581.7358123189213,0.9980881,0.010795088,5868998,eclipsing_binary
1581.7372012016283,0.98955935,0.010755899,5868998,eclipsing_binary
1581.738590084336,0.9901423,0.010762786,5868998,eclipsing_binary
1581.7399789670428,0.99787307,0.010756725,5868998,eclipsing_binary
1581.7413678497498,1.0184004,0.0107927695,5868998,eclipsing_binary
1581.7427567324578,0.9789798,0.0107545145,5868998,eclipsing_binary
1581.7441456151653,1.0071783,0.010787249,5868998,eclipsing_binary
1581.7455344978723,1.0178704,0.01080824,5868998,eclipsing_binary
1581.7469233805793,1.0106596,0.010793231,5868998,eclipsing_binary
1581.7483122632868,1.0087171,0.010792387,5868998,eclipsing_binary
1581.7497011459948,0.9960251,0.010774133,5868998,eclipsing_binary
1581.7510900287016,0.9939066,0.010772142,5868998,eclipsing_binary
1581.7524789114084,1.011018,0.010783689,5868998,eclipsing_binary
1581.7538677941163,1.0014358,0.010821471,5868998,eclipsing_binary
1581.7552566763582,1.0003505,0.01078829,5868998,eclipsing_binary
1581.7566455590652,1.0002058,0.010781475,5868998,eclipsing_binary
1581.7580344417722,0.9926691,0.010768785,5868998,eclipsing_binary
1581.7594233244797,0.999996,0.01076392,5868998,eclipsing_binary
1581.760812206721,1.0033176,0.01079016,5868998,eclipsing_binary
1581.7622010894281,1.001093,0.010785797,5868998,eclipsing_binary
1581.7635899721356,0.9993533,0.010781589,5868998,eclipsing_binary
1581.764978854377,0.98679686,0.0107557215,5868998,eclipsing_binary
1581.7663677370836,1.0002127,0.010768629,5868998,eclipsing_binary
1581.7677566193247,1.0095398,0.010794428,5868998,eclipsing_binary
1581.7691455020324,1.0072839,0.010793959,5868998,eclipsing_binary
1581.7705343842742,0.99924,0.010770235,5868998,eclipsing_binary
1581.7719232669813,1.0087246,0.01077918,5868998,eclipsing_binary
1581.7733121492226,1.0050776,0.01078464,5868998,eclipsing_binary
1581.7747010319301,1.0083388,0.0107836425,5868998,eclipsing_binary
1581.7760899141724,0.98214984,0.010745905,5868998,eclipsing_binary
1581.7774787964138,1.0073732,0.010787568,5868998,eclipsing_binary
1581.7788676791208,1.0080806,0.010791136,5868998,eclipsing_binary
1581.7802565613626,0.9999582,0.010784896,5868998,eclipsing_binary
1581.781645443604,1.0007607,0.01077947,5868998,eclipsing_binary
1581.7830343258454,1.0004746,0.010774107,5868998,eclipsing_binary
1581.7844232085529,1.0090005,0.010781273,5868998,eclipsing_binary
1581.785812090795,0.9887579,0.010762568,5868998,eclipsing_binary
1581.787200973036,1.0079548,0.010792725,5868998,eclipsing_binary
1581.7885898552775,1.0113301,0.010799872,5868998,eclipsing_binary
1581.7899787375197,1.0006491,0.010786644,5868998,eclipsing_binary
1585.4774530668444,0.994817,0.012594631,5868998,eclipsing_binary
1585.4788419481577,1.0064404,0.0126051465,5868998,eclipsing_binary
1585.4802308290052,1.0151353,0.0126119405,5868998,eclipsing_binary
1585.481619710319,0.9995292,0.012604073,5868998,eclipsing_binary
1585.4830085911674,1.0100951,0.012610063,5868998,eclipsing_binary
1585.4843974724815,0.99630386,0.012579368,5868998,eclipsing_binary
1585.485786353329,0.9999204,0.012592408,5868998,eclipsing_binary
1585.4871752346428,1.0090057,0.012593187,5868998,eclipsing_binary
1585.48856411549,1.0186068,0.012595571,5868998,eclipsing_binary
1585.4899529968027,1.0028533,0.0125816865,5868998,eclipsing_binary
1585.4913418781168,0.9906436,0.012565111,5868998,eclipsing_binary
1585.4927307589653,1.000489,0.012578008,5868998,eclipsing_binary
1585.4941196402785,1.0004357,0.012562218,5868998,eclipsing_binary
1585.4955085211266,1.000707,0.012570951,5868998,eclipsing_binary
1585.4968974024398,1.0131447,0.01257309,5868998,eclipsing_binary
1585.4982862832883,1.0130688,0.012576682,5868998,eclipsing_binary
1585.4996751646024,1.0025717,0.01257454,5868998,eclipsing_binary
1585.50106404545,0.97911584,0.012512157,5868998,eclipsing_binary
1585.5024529267637,1.0171676,0.01255019,5868998,eclipsing_binary
1585.5038418076113,1.0124635,0.01254856,5868998,eclipsing_binary
1585.505230688925,0.9888363,0.012517481,5868998,eclipsing_binary
1585.5066195697734,1.008621,0.01253792,5868998,eclipsing_binary
1585.5080084510876,1.0313902,0.0125717865,5868998,eclipsing_binary
1585.5093973319351,1.0073001,0.012535342,5868998,eclipsing_binary
1585.5107862132488,1.0095098,0.012541004,5868998,eclipsing_binary
1585.5121750940964,1.0056057,0.0125135,5868998,eclipsing_binary
1585.5135639754105,1.0106179,0.012518905,5868998,eclipsing_binary
1585.514952856259,0.9714769,0.01246883,5868998,eclipsing_binary
1585.5163417375727,1.0108937,0.012529202,5868998,eclipsing_binary
1585.5177306184203,0.9968545,0.01250088,5868998,eclipsing_binary
1585.5191194997337,1.016444,0.012521943,5868998,eclipsing_binary
1585.5205083805806,1.0139351,0.012516186,5868998,eclipsing_binary
1585.5218972618943,0.9937163,0.0124871675,5868998,eclipsing_binary
1585.5232861427428,1.0038692,0.012491914,5868998,eclipsing_binary
1585.524675024056,1.0138768,0.0125064785,5868998,eclipsing_binary
1585.526063904904,0.9943299,0.012479078,5868998,eclipsing_binary
1585.5274527862173,0.9960968,0.012458685,5868998,eclipsing_binary
1585.5288416670658,1.005593,0.012471095,5868998,eclipsing_binary
1585.53023054838,0.9940702,0.012451003,5868998,eclipsing_binary
1585.531619429228,1.0282574,0.012503657,5868998,eclipsing_binary
1585.5330083100755,1.0161895,0.012486382,5868998,eclipsing_binary
1585.5343971913892,1.0214467,0.012486636,5868998,eclipsing_binary
1585.5357860722368,0.99613833,0.012453845,5868998,eclipsing_binary
1585.537174953551,0.99753046,0.0124383075,5868998,eclipsing_binary
1585.5385638343994,1.0079195,0.012450954,5868998,eclipsing_binary
1585.5399527157128,1.0071263,0.012469257,5868998,eclipsing_binary
1585.5413415965606,0.9991486,0.0124494005,5868998,eclipsing_binary
1585.5427304778739,1.0087961,0.01247359,5868998,eclipsing_binary
1585.5441193587224,0.9891926,0.012409582,5868998,eclipsing_binary
1585.5455082395708,1.009518,0.012456941,5868998,eclipsing_binary
1585.5468971208845,0.99739975,0.012438589,5868998,eclipsing_binary
1585.548286001732,0.99099946,0.012414749,5868998,eclipsing_binary
1585.5496748830458,0.9884748,0.0123977335,5868998,eclipsing_binary
1585.5510637638934,1.0072178,0.012423756,5868998,eclipsing_binary
1585.552452645207,0.9944208,0.01239796,5868998,eclipsing_binary
1585.5538415260546,0.9975266,0.012411068,5868998,eclipsing_binary
1585.5552304069026,0.9794671,0.012392781,5868998,eclipsing_binary
1585.5566192882159,1.0008566,0.012401568,5868998,eclipsing_binary
1585.5580081690637,0.9915909,0.012380133,5868998,eclipsing_binary
1585.5593970503776,1.0060118,0.012413397,5868998,eclipsing_binary
1585.560785931226,1.0154517,0.012427449,5868998,eclipsing_binary
1585.562174812074,1.0332628,0.012479338,5868998,eclipsing_binary
1585.5635636933873,0.99477506,0.012382138,5868998,eclipsing_binary
1585.5649525742353,1.0123003,0.0124165295,5868998,eclipsing_binary
1585.566341455083,0.98128563,0.012350461,5868998,eclipsing_binary
1585.567730336397,0.99557376,0.012385536,5868998,eclipsing_binary
1585.5691192172455,1.0095187,0.012388819,5868998,eclipsing_binary
1585.5705080985592,1.0032564,0.012366001,5868998,eclipsing_binary
1585.5718969794068,1.02464,0.012394994,5868998,eclipsing_binary
1585.5732858602548,0.9695079,0.012352853,5868998,eclipsing_binary
1585.574674741569,0.9803944,0.012352962,5868998,eclipsing_binary
1585.5760636224175,1.0183015,0.012420186,5868998,eclipsing_binary
1585.577452503265,1.0005113,0.012355612,5868998,eclipsing_binary
1585.5788413845787,1.0016825,0.012363589,5868998,eclipsing_binary
1585.5802302654263,1.0053644,0.012401893,5868998,eclipsing_binary
1585.5816191462739,1.0118884,0.012355969,5868998,eclipsing_binary
1585.5830080275875,1.0187341,0.012387964,5868998,eclipsing_binary
1585.584396908435,0.9946793,0.012335458,5868998,eclipsing_binary
1585.5857857892831,0.9941864,0.012340021,5868998,eclipsing_binary
1585.5871746705964,0.9999393,0.01235013,5868998,eclipsing_binary
1585.5885635514444,1.0138164,0.012354433,5868998,eclipsing_binary
1585.589952432292,1.0161229,0.012364407,5868998,eclipsing_binary
1585.591341313606,1.0066563,0.01238481,5868998,eclipsing_binary
1585.5927301944546,1.0041945,0.012342128,5868998,eclipsing_binary
1585.5941190753026,1.0031966,0.012335602,5868998,eclipsing_binary
1585.5955079566158,1.0135969,0.012366524,5868998,eclipsing_binary
1585.5968968374639,1.0177388,0.012353732,5868998,eclipsing_binary
1585.5982857183124,1.0120376,0.012365211,5868998,eclipsing_binary
1585.5996745996263,0.9952435,0.012330663,5868998,eclipsing_binary
1585.601063480474,1.0224538,0.012364251,5868998,eclipsing_binary
1585.6024523613216,1.0068313,0.01232651,5868998,eclipsing_binary
1585.6038412426353,1.0012418,0.01233349,5868998,eclipsing_binary
1585.605230123483,1.0031719,0.012320554,5868998,eclipsing_binary
1585.6066190043314,1.0113022,0.012334126,5868998,eclipsing_binary
1585.6080078851799,1.0201931,0.012333351,5868998,eclipsing_binary
1585.6093967664935,0.9922236,0.012303641,5868998,eclipsing_binary
1585.6107856473411,1.0122529,0.012335375,5868998,eclipsing_binary
1585.6121745281891,1.015657,0.012329375,5868998,eclipsing_binary
1585.6135634095033,1.0027671,0.012320413,5868998,eclipsing_binary
1585.6149522903509,1.0178367,0.012377118,5868998,eclipsing_binary
1585.616341171198,1.0143238,0.012335642,5868998,eclipsing_binary
1585.617730052046,0.9976674,0.01231464,5868998,eclipsing_binary
1585.6191189333592,1.0086392,0.012331138,5868998,eclipsing_binary
1585.6205078142068,0.9747817,0.012270825,5868998,eclipsing_binary
1585.6218966950553,1.0007899,0.01231035,5868998,eclipsing_binary
1585.6232855759038,1.0075502,0.0123189725,5868998,eclipsing_binary
1585.6246744572175,1.0073333,0.012303392,5868998,eclipsing_binary
1585.626063338065,1.0000124,0.012283439,5868998,eclipsing_binary
1585.627452218913,1.0015341,0.012302953,5868998,eclipsing_binary
1585.6288410997615,1.0042056,0.012316566,5868998,eclipsing_binary
1585.6302299810757,1.0215042,0.0123508815,5868998,eclipsing_binary
1585.6316188619232,0.99932283,0.012298993,5868998,eclipsing_binary
1585.6330077427713,0.99993783,0.012286801,5868998,eclipsing_binary
1585.6343966236188,0.9995792,0.012279672,5868998,eclipsing_binary
1585.637174385781,0.9982594,0.012277323,5868998,eclipsing_binary
1585.6385632666295,0.9964285,0.01227708,5868998,eclipsing_binary
1585.639952147477,1.0132588,0.012295769,5868998,eclipsing_binary
1585.6413410283246,0.9890001,0.0122752,5868998,eclipsing_binary
1585.6427299096383,1.020087,0.012296509,5868998,eclipsing_binary
1585.6441187904868,1.0096506,0.012287022,5868998,eclipsing_binary
1585.6455076713344,1.0103452,0.012279466,5868998,eclipsing_binary
1585.6468965521815,1.0178481,0.012311027,5868998,eclipsing_binary
1585.6482854330295,1.0113832,0.012295868,5868998,eclipsing_binary
1585.649674313877,1.0102617,0.0123004345,5868998,eclipsing_binary
1585.6510631951908,1.0032207,0.0122848805,5868998,eclipsing_binary
1585.6524520760393,0.9850871,0.012246729,5868998,eclipsing_binary
1585.6538409568877,1.002483,0.012279896,5868998,eclipsing_binary
1585.6552298377353,1.001585,0.012291881,5868998,eclipsing_binary
1585.6566187185833,0.9945118,0.012259626,5868998,eclipsing_binary
1585.6580075998966,0.9873863,0.012244458,5868998,eclipsing_binary
1585.659396480745,1.0061599,0.012285855,5868998,eclipsing_binary
1585.6607853615935,0.999523,0.01228482,5868998,eclipsing_binary
1585.662174242441,1.0060252,0.012266095,5868998,eclipsing_binary
1585.6635631232891,0.9959504,0.01227886,5868998,eclipsing_binary
1585.6649520041367,1.0151622,0.012292494,5868998,eclipsing_binary
1585.6663408849847,1.003816,0.0122640375,5868998,eclipsing_binary
1585.6677297662989,1.0024698,0.012257231,5868998,eclipsing_binary
1585.6691186471473,0.99895746,0.012254837,5868998,eclipsing_binary
1585.670507527995,0.9956592,0.012256507,5868998,eclipsing_binary
1585.671896408843,1.0137419,0.012275595,5868998,eclipsing_binary
1585.6732852896905,1.0195335,0.012282501,5868998,eclipsing_binary
1585.674674170539,1.0026989,0.012249313,5868998,eclipsing_binary
1585.6760630513875,1.0142775,0.012251953,5868998,eclipsing_binary
1585.6774519327003,1.0041127,0.012248352,5868998,eclipsing_binary
1585.6788408135474,0.9947849,0.012233273,5868998,eclipsing_binary
1585.680229694395,1.0007596,0.012249387,5868998,eclipsing_binary
1585.681618575243,1.0063491,0.012274205,5868998,eclipsing_binary
1585.6830074560914,1.0041435,0.012256616,5868998,eclipsing_binary
1585.68439633694,1.0068951,0.012250715,5868998,eclipsing_binary
1585.6857852177875,1.0133911,0.012262318,5868998,eclipsing_binary
1585.6871740986355,0.99313325,0.012220313,5868998,eclipsing_binary
1585.688562979483,1.0091985,0.012233825,5868998,eclipsing_binary
1585.6899518603316,0.9835881,0.012211842,5868998,eclipsing_binary
1585.6913407416457,0.98935425,0.0122263795,5868998,eclipsing_binary
1585.6927296224937,0.9874458,0.012212134,5868998,eclipsing_binary
1585.6941185033413,1.0182298,0.012277425,5868998,eclipsing_binary
1585.6955073841893,0.9934385,0.012227798,5868998,eclipsing_binary
1585.696896265037,0.9890314,0.012221848,5868998,eclipsing_binary
1585.6982851458854,0.9814008,0.012209082,5868998,eclipsing_binary
1585.6996740267339,1.0017118,0.012214407,5868998,eclipsing_binary
1585.7010629075814,0.9953318,0.012201358,5868998,eclipsing_binary
1585.7024517884295,1.02258,0.012260373,5868998,eclipsing_binary
1585.703840669277,0.99528176,0.012236196,5868998,eclipsing_binary
1585.7052295501255,1.0006893,0.012231739,5868998,eclipsing_binary
1585.706618430974,1.0262626,0.012250116,5868998,eclipsing_binary
1585.7080073118211,0.99265105,0.012207826,5868998,eclipsing_binary
1585.7093961926682,0.9849267,0.012188897,5868998,eclipsing_binary
1585.7107850735163,1.018204,0.0122195855,5868998,eclipsing_binary
1585.7121739543638,1.0003902,0.012184531,5868998,eclipsing_binary
1585.713562835678,1.0032969,0.012198926,5868998,eclipsing_binary
1585.7149517165265,0.99772114,0.012205134,5868998,eclipsing_binary
1585.7163405973745,0.9946641,0.012194125,5868998,eclipsing_binary
1585.717729478222,1.0176088,0.012199912,5868998,eclipsing_binary
1585.7191183590699,1.0236057,0.012231826,5868998,eclipsing_binary
1585.720507239918,1.0138005,0.012207258,5868998,eclipsing_binary
1585.7218961207666,0.9939839,0.01216294,5868998,eclipsing_binary
1585.7232850016146,0.99851036,0.01221976,5868998,eclipsing_binary
1585.7246738824622,0.9918963,0.012152016,5868998,eclipsing_binary
1585.7260627633102,1.013599,0.0121671865,5868998,eclipsing_binary
1585.7274516441578,1.0058914,0.012169626,5868998,eclipsing_binary
1585.7288405250063,0.99986756,0.012156718,5868998,eclipsing_binary
1585.7302294058547,0.98487604,0.012145633,5868998,eclipsing_binary
1585.7316182867028,1.0042152,0.012150414,5868998,eclipsing_binary
1585.7330071675503,1.0013931,0.012169824,5868998,eclipsing_binary
1585.7343960483984,0.9923386,0.0121456105,5868998,eclipsing_binary
1585.735784929246,0.99526334,0.012140976,5868998,eclipsing_binary
1585.7371738100944,0.9937759,0.012146624,5868998,eclipsing_binary
1585.7385626904766,1.0061533,0.012143217,5868998,eclipsing_binary
1585.7399515713234,0.9957284,0.012124197,5868998,eclipsing_binary
1585.7413404521715,1.0013427,0.012133414,5868998,eclipsing_binary
1585.742729333019,1.0147156,0.012170041,5868998,eclipsing_binary
1585.7441182138675,0.9875839,0.0121175805,5868998,eclipsing_binary
1585.745507094716,0.99428546,0.012126779,5868998,eclipsing_binary
1585.746895975564,1.0021288,0.012126014,5868998,eclipsing_binary
1585.7482848564116,0.988508,0.012107571,5868998,eclipsing_binary
1585.7496737372596,1.0169224,0.01213757,5868998,eclipsing_binary
1585.7510626181072,0.99448395,0.012108916,5868998,eclipsing_binary
1585.7524514989557,1.0213149,0.01213818,5868998,eclipsing_binary
1585.7538403798042,0.99450237,0.012128863,5868998,eclipsing_binary
1585.7552292606522,1.0042152,0.01212779,5868998,eclipsing_binary
1585.7566181414998,0.98359823,0.012089488,5868998,eclipsing_binary
1585.7580070223478,1.015243,0.012111115,5868998,eclipsing_binary
1585.7593959031963,1.0065417,0.0121032735,5868998,eclipsing_binary
1585.7607847840445,0.9832267,0.012089723,5868998,eclipsing_binary
1585.7621736644267,1.0149908,0.012104142,5868998,eclipsing_binary
1585.7635625452742,0.97940516,0.012050492,5868998,eclipsing_binary
1585.7649514261223,1.0030787,0.012073456,5868998,eclipsing_binary
1585.7663403069698,0.991784,0.01207126,5868998,eclipsing_binary
1585.7677291878183,0.98632735,0.012067502,5868998,eclipsing_binary
1585.7691180686663,0.9926311,0.012049824,5868998,eclipsing_binary
1585.7705069495134,0.98909265,0.012024389,5868998,eclipsing_binary
1585.771895830361,0.9942599,0.012052634,5868998,eclipsing_binary
1585.773284711209,1.0036721,0.012082689,5868998,eclipsing_binary
1585.7746735915919,0.9972665,0.0120522985,5868998,eclipsing_binary
1585.7760624724403,0.9863928,0.01203103,5868998,eclipsing_binary
1585.777451353288,1.0052997,0.01204833,5868998,eclipsing_binary
1585.7788402341357,1.0155567,0.012116246,5868998,eclipsing_binary
1585.7802291149835,1.0137411,0.012088971,5868998,eclipsing_binary
1585.781617995831,1.0146887,0.012060446,5868998,eclipsing_binary
1585.7830068766796,1.0011388,0.012049865,5868998,eclipsing_binary
1585.784395757528,0.9972144,0.012020049,5868998,eclipsing_binary
1585.7857846379104,0.9978619,0.012023619,5868998,eclipsing_binary
1585.787173518758,1.0010917,0.01202869,5868998,eclipsing_binary
1585.788562399606,1.014152,0.012044859,5868998,eclipsing_binary
1585.7899512804545,1.0068111,0.012031097,5868998,eclipsing_binary
1585.791340161303,0.99172837,0.011998216,5868998,eclipsing_binary
1585.7927290421505,1.0015827,0.012023284,5868998,eclipsing_binary
1585.794117922533,0.9932136,0.012023035,5868998,eclipsing_binary
1585.7955068033805,0.98512405,0.012004654,5868998,eclipsing_binary
1585.7968956842285,0.9919742,0.012000679,5868998,eclipsing_binary
1585.798284565077,0.99521285,0.01200003,5868998,eclipsing_binary
1585.7996734459246,1.0036248,0.012002913,5868998,eclipsing_binary
1585.801062326306,1.0161959,0.012011901,5868998,eclipsing_binary
1585.8024512071536,0.982192,0.011981546,5868998,eclipsing_binary
1585.8038400880016,0.97823155,0.011957172,5868998,eclipsing_binary
1585.80522896885,0.97312105,0.011969193,5868998,eclipsing_binary
1585.8066178496986,0.954041,0.011918249,5868998,eclipsing_binary
1585.8080067300805,0.96352905,0.011944398,5868998,eclipsing_binary
1585.8093956109285,0.95620686,0.011918001,5868998,eclipsing_binary
1585.810784491776,0.96330994,0.0119218845,5868998,eclipsing_binary
1585.812173372624,0.9714686,0.011936122,5868998,eclipsing_binary
1585.8135622534726,0.95878595,0.011919247,5868998,eclipsing_binary
1585.8149511338554,0.9566173,0.011909459,5868998,eclipsing_binary
1585.816340014703,0.9599365,0.011925014,5868998,eclipsing_binary
1585.817728895551,0.9493603,0.0119147375,5868998,eclipsing_binary
1585.8191177763986,0.9364973,0.0118720075,5868998,eclipsing_binary
1585.8205066567814,0.9365605,0.011885442,5868998,eclipsing_binary
1585.8218955376299,0.9523206,0.011904592,5868998,eclipsing_binary
1585.8232844184774,0.94495034,0.011905435,5868998,eclipsing_binary
1585.8246732993255,0.9493555,0.01188222,5868998,eclipsing_binary
1585.8260621797074,0.93596846,0.011918847,5868998,eclipsing_binary
1585.8274510605554,0.9694651,0.011926864,5868998,eclipsing_binary
1585.8288399414039,0.9355606,0.011887289,5868998,eclipsing_binary
1585.8302288222515,0.9572381,0.011932451,5868998,eclipsing_binary
1585.831617702633,0.98802334,0.011947584,5868998,eclipsing_binary
1585.833006583481,0.9575931,0.0119403675,5868998,eclipsing_binary
1585.8343954643285,0.9717462,0.011942258,5868998,eclipsing_binary
1585.835784345177,0.9728349,0.011916058,5868998,eclipsing_binary
1585.8371732255598,0.9660149,0.011916748,5868998,eclipsing_binary
1585.8385621064078,0.97354823,0.011932099,5868998,eclipsing_binary
1585.8399509872554,0.96981496,0.011912407,5868998,eclipsing_binary
1585.8413398676373,0.9827255,0.011927634,5868998,eclipsing_binary
1585.8427287484853,0.99448794,0.011945604,5868998,eclipsing_binary
1585.8441176293338,0.987025,0.011947267,5868998,eclipsing_binary
1585.8455065097166,0.9924132,0.011945573,5868998,eclipsing_binary
1585.8468953905642,0.9985449,0.011948195,5868998,eclipsing_binary
1585.8482842714122,0.99512476,0.011943149,5868998,eclipsing_binary
1585.8496731522598,1.000366,0.011947246,5868998,eclipsing_binary
1585.8510620326426,0.9938789,0.011941847,5868998,eclipsing_binary
1585.852450913491,0.98964614,0.011932633,5868998,eclipsing_binary
1585.8538397943391,1.0017885,0.011947731,5868998,eclipsing_binary
1585.855228674721,1.0012172,0.011942644,5868998,eclipsing_binary
1585.856617555569,0.99755853,0.011945134,5868998,eclipsing_binary
1585.8580064364166,1.0010763,0.0119362585,5868998,eclipsing_binary
1585.8593953167995,1.0057368,0.011950107,5868998,eclipsing_binary
1585.8607841976473,0.98781335,0.011919677,5868998,eclipsing_binary
1585.8621730780285,0.9969144,0.0119272955,5868998,eclipsing_binary
1585.8635619588765,0.99870384,0.011944031,5868998,eclipsing_binary
1585.864950839724,0.9862467,0.011922125,5868998,eclipsing_binary
1585.866339720107,0.99585736,0.011935101,5868998,eclipsing_binary
1585.8677286009554,0.99919116,0.011940055,5868998,eclipsing_binary
1585.8691174818034,1.0085752,0.011952969,5868998,eclipsing_binary
1585.8705063621853,1.0099082,0.011960893,5868998,eclipsing_binary
1585.8718952430334,1.0074812,0.011934902,5868998,eclipsing_binary
1585.873284123881,0.9858997,0.011921671,5868998,eclipsing_binary
1585.8746730042637,1.0076065,0.011951207,5868998,eclipsing_binary
1585.8760618851122,0.97782445,0.011908051,5868998,eclipsing_binary
1585.8774507654946,0.99776137,0.01195552,5868998,eclipsing_binary
1585.8788396463422,1.0263311,0.011981465,5868998,eclipsing_binary
1585.88022852719,1.0017674,0.0119338,5868998,eclipsing_binary
1585.8816174075725,1.012383,0.01195921,5868998,eclipsing_binary
1585.883006288421,1.0008869,0.011933346,5868998,eclipsing_binary
1585.8843951688034,1.0147022,0.011971632,5868998,eclipsing_binary
1585.885784049651,1.0111376,0.011985694,5868998,eclipsing_binary
1585.887172930499,0.9742002,0.011924855,5868998,eclipsing_binary
1585.888561810881,1.0111217,0.011949438,5868998,eclipsing_binary
1585.8899506917294,1.0138626,0.011940561,5868998,eclipsing_binary
1585.8913395721117,0.97794473,0.011940198,5868998,eclipsing_binary
1585.8927284529589,1.0072865,0.011958939,5868998,eclipsing_binary
1585.8941173333408,0.98703384,0.011910793,5868998,eclipsing_binary
1585.8955062141888,1.003615,0.011933613,5868998,eclipsing_binary
1585.8968950945707,0.99997103,0.011947685,5868998,eclipsing_binary
1585.8982839754192,0.9879404,0.0119254505,5868998,eclipsing_binary
1585.8996728562677,1.0212015,0.011979295,5868998,eclipsing_binary
1585.9010617366496,0.99465936,0.011943815,5868998,eclipsing_binary
1585.9024506174976,1.0024011,0.011933598,5868998,eclipsing_binary
1585.9038394978795,0.9982058,0.011926368,5868998,eclipsing_binary
1585.905228378728,1.0110997,0.011951784,5868998,eclipsing_binary
1585.9066172591108,0.9974449,0.011922928,5868998,eclipsing_binary
1585.9080061399588,1.0003543,0.01197123,5868998,eclipsing_binary
1585.9093950203408,1.0089688,0.011947473,5868998,eclipsing_binary
1585.9107839011888,1.0087988,0.0119431205,5868998,eclipsing_binary
1585.9121727815707,1.0117612,0.011953259,5868998,eclipsing_binary
1585.9135616624192,0.98472714,0.0119343605,5868998,eclipsing_binary
1585.914950542802,1.013538,0.01194702,5868998,eclipsing_binary
1585.91633942365,1.0097796,0.011962495,5868998,eclipsing_binary
1585.917728304032,1.0086688,0.011951756,5868998,eclipsing_binary
1585.91911718488,0.9840642,0.011947271,5868998,eclipsing_binary
1585.9205060652628,0.9897386,0.011894443,5868998,eclipsing_binary
1585.9218949461103,1.0008649,0.011938628,5868998,eclipsing_binary
1585.9232838264918,1.0111316,0.011954018,5868998,eclipsing_binary
1585.934394871413,1.0094017,0.011948785,5868998,eclipsing_binary
1585.9357837517957,1.0117973,0.011949261,5868998,eclipsing_binary
1585.9371726326442,0.9757962,0.011885777,5868998,eclipsing_binary
1585.9385615130261,0.99300665,0.011916119,5868998,eclipsing_binary
1585.939950393874,0.99198073,0.011915586,5868998,eclipsing_binary
1585.941339274256,1.013356,0.011961737,5868998,eclipsing_binary
1585.9427281551036,0.9949835,0.011921622,5868998,eclipsing_binary
1585.9441170354864,1.0193827,0.011945897,5868998,eclipsing_binary
1585.9455059158693,1.0133204,0.01192229,5868998,eclipsing_binary
1585.9468947967173,0.97506976,0.011878802,5868998,eclipsing_binary
1585.9482836770992,0.9849801,0.0119153485,5868998,eclipsing_binary
1585.9496725579472,0.99222267,0.011916956,5868998,eclipsing_binary
1585.9510614383291,1.014773,0.011926427,5868998,eclipsing_binary
1585.953839199559,1.005738,0.011905021,5868998,eclipsing_binary
1585.9552280799414,0.9930248,0.0119090015,5868998,eclipsing_binary
1585.956616960789,1.0109729,0.011965475,5868998,eclipsing_binary
1585.9580058411714,0.99504405,0.011915599,5868998,eclipsing_binary
1585.9593947215542,0.9975856,0.0119086495,5868998,eclipsing_binary
1585.9607836024024,0.9861003,0.011919901,5868998,eclipsing_binary
1585.9621724827846,0.98848146,0.011896657,5868998,eclipsing_binary
1585.9635613636322,0.9998369,0.011912251,5868998,eclipsing_binary
1585.9649502440145,0.99334204,0.011887389,5868998,eclipsing_binary
1585.9663391243973,0.9773638,0.011868392,5868998,eclipsing_binary
1585.9677280052458,0.99581677,0.011901702,5868998,eclipsing_binary
1585.9691168856277,0.99782366,0.011891702,5868998,eclipsing_binary
1585.97050576601,0.9952381,0.011878259,5868998,eclipsing_binary
1585.9718946468577,1.0110779,0.011930067,5868998,eclipsing_binary
1585.97328352724,0.99388945,0.011902428,5868998,eclipsing_binary
1585.9746724076228,1.0023488,0.011896268,5868998,eclipsing_binary
1585.9760612884713,0.99596524,0.011910389,5868998,eclipsing_binary
1585.9774501688532,1.0048534,0.011904329,5868998,eclipsing_binary
1585.9788390492356,0.9996031,0.011907376,5868998,eclipsing_binary
1585.9802279300832,1.0015197,0.011953927,5868998,eclipsing_binary
1585.981616810465,0.99252594,0.011905945,5868998,eclipsing_binary
1585.9830056908474,1.017605,0.011958884,5868998,eclipsing_binary
1585.984394571695,0.9938766,0.011872232,5868998,eclipsing_binary
1585.9857834520774,1.0019736,0.011906682,5868998,eclipsing_binary
1585.9871723324593,0.9910478,0.0118756965,5868998,eclipsing_binary
1585.9885612128417,0.9937339,0.011879329,5868998,eclipsing_binary
1585.9899500936901,1.0185934,0.011915748,5868998,eclipsing_binary
1585.991338974073,1.0110155,0.011902874,5868998,eclipsing_binary
1585.9927278544549,1.0172141,0.0119132595,5868998,eclipsing_binary
1585.994116735303,1.0102761,0.011903431,5868998,eclipsing_binary
1585.9955056156848,1.0005362,0.011890707,5868998,eclipsing_binary
1585.9968944960676,1.0015422,0.011891111,5868998,eclipsing_binary
1585.9982833764504,0.9998552,0.011856253,5868998,eclipsing_binary
1585.9996722572985,1.0181009,0.01197481,5868998,eclipsing_binary
1586.0024500180623,0.98920053,0.011865673,5868998,eclipsing_binary
1586.0038388984447,0.9952815,0.011864882,5868998,eclipsing_binary
1586.0052277792931,0.99401325,0.011848532,5868998,eclipsing_binary
1586.006616659676,1.0059376,0.011895331,5868998,eclipsing_binary
1586.0080055400579,1.0037696,0.011856202,5868998,eclipsing_binary
1586.0093944204402,1.0134889,0.011869992,5868998,eclipsing_binary
1586.0107833012873,0.99595237,0.011857116,5868998,eclipsing_binary
1586.0121721816693,0.99644923,0.011877579,5868998,eclipsing_binary
1586.013561062052,1.0216212,0.011895789,5868998,eclipsing_binary
1586.0149499424344,0.99428415,0.011864364,5868998,eclipsing_binary
1586.016338823282,0.9939208,0.011854768,5868998,eclipsing_binary
1586.0177277036644,0.9932003,0.011836936,5868998,eclipsing_binary
1586.0191165840463,1.010551,0.011877717,5868998,eclipsing_binary
1586.020505464429,1.0091536,0.011905114,5868998,eclipsing_binary
1586.021894344812,1.0225161,0.011889395,5868998,eclipsing_binary
1586.0232832256595,0.9788951,0.011824979,5868998,eclipsing_binary
1586.0246721060419,0.9922065,0.011840203,5868998,eclipsing_binary
1586.0260609864238,0.9860794,0.011839823,5868998,eclipsing_binary
1586.0274498668066,1.0117861,0.011864707,5868998,eclipsing_binary
1586.0288387471894,0.99481267,0.01181072,5868998,eclipsing_binary
1586.0302276280374,0.98177326,0.011806926,5868998,eclipsing_binary
1586.0316165084193,1.0129461,0.011853621,5868998,eclipsing_binary
1586.0330053888017,1.0031772,0.0118413195,5868998,eclipsing_binary
1586.0343942691836,0.9848231,0.011811589,5868998,eclipsing_binary
1586.0357831495664,0.9882636,0.011819735,5868998,eclipsing_binary
1586.0371720299493,1.0018356,0.011823433,5868998,eclipsing_binary
1586.0385609103316,1.0195415,0.011846716,5868998,eclipsing_binary
1586.0399497911792,0.9929365,0.0118043795,5868998,eclipsing_binary
1586.0413386715607,1.006527,0.011826378,5868998,eclipsing_binary
1586.042727551942,1.012113,0.01184468,5868998,eclipsing_binary
1586.044116432325,0.990242,0.011826869,5868998,eclipsing_binary
1586.0455053127077,0.9931478,0.011810738,5868998,eclipsing_binary
1586.0468941930897,0.99275887,0.011804337,5868998,eclipsing_binary
1586.048283073472,0.99366844,0.011802282,5868998,eclipsing_binary
1586.0496719543196,0.9858186,0.011787052,5868998,eclipsing_binary
1586.0510608347024,1.0002388,0.011799922,5868998,eclipsing_binary
1586.0524497150852,1.0030503,0.011802476,5868998,eclipsing_binary
1586.0538385954676,0.99431396,0.011818688,5868998,eclipsing_binary
1586.0552274758495,0.98833704,0.011814915,5868998,eclipsing_binary
1586.0566163562319,0.98771,0.011798314,5868998,eclipsing_binary
1586.0580052366138,1.0008494,0.0118041765,5868998,eclipsing_binary
1586.0593941169966,1.0217152,0.011797781,5868998,eclipsing_binary
1586.0607829973794,0.98967254,0.011786917,5868998,eclipsing_binary
1586.0621718777613,1.012594,0.0118075,5868998,eclipsing_binary
1586.0635607586094,0.99998003,0.011836618,5868998,eclipsing_binary
1586.0649496389913,0.9999634,0.011778223,5868998,eclipsing_binary
1586.066338519374,1.007232,0.011775495,5868998,eclipsing_binary
1586.067727399757,0.9923231,0.01175562,5868998,eclipsing_binary
1586.0691162801393,0.98349273,0.011746085,5868998,eclipsing_binary
1586.0705051605207,1.0118003,0.0117781265,5868998,eclipsing_binary
1586.0718940409022,0.99242485,0.011771569,5868998,eclipsing_binary
1586.073282921284,1.0010092,0.01176242,5868998,eclipsing_binary
1586.074671801667,0.9973932,0.011760497,5868998,eclipsing_binary
1586.0760606820497,0.9878864,0.0117326155,5868998,eclipsing_binary
1586.077449562432,0.9814332,0.011729729,5868998,eclipsing_binary
1586.078838442814,0.98765004,0.011744649,5868998,eclipsing_binary
1586.0802273231961,0.9873343,0.011726005,5868998,eclipsing_binary
1586.0816162035787,0.9870078,0.011725578,5868998,eclipsing_binary
1586.0830050839616,0.9806099,0.011718613,5868998,eclipsing_binary
1586.084393964344,1.0033933,0.011752137,5868998,eclipsing_binary
1586.0857828447258,0.99512327,0.011727191,5868998,eclipsing_binary
1586.0871717251082,0.99261266,0.011702984,5868998,eclipsing_binary
1586.08856060549,0.99073046,0.01171323,5868998,eclipsing_binary
1586.089949485873,1.0044131,0.011731898,5868998,eclipsing_binary
1586.0913383662557,0.9923915,0.0117208315,5868998,eclipsing_binary
1586.092727246638,1.0045279,0.011738616,5868998,eclipsing_binary
1586.09411612702,0.98870885,0.011699732,5868998,eclipsing_binary
1586.0955050074024,1.0144892,0.011755115,5868998,eclipsing_binary
1586.0968938877852,0.9935441,0.011705424,5868998,eclipsing_binary
1586.098282768168,0.9993436,0.011725895,5868998,eclipsing_binary
1586.0996716485492,1.002738,0.011693837,5868998,eclipsing_binary
1586.1010605289305,0.99586236,0.011690926,5868998,eclipsing_binary
1586.1024494093128,0.98910165,0.011678002,5868998,eclipsing_binary
1586.1038382896947,0.9965417,0.011696857,5868998,eclipsing_binary
1586.1052271700776,0.99560404,0.0116909435,5868998,eclipsing_binary
1586.1066160504604,1.010572,0.011760515,5868998,eclipsing_binary
1586.1080049308428,0.9885506,0.011685,5868998,eclipsing_binary
1586.1093938112247,0.9890572,0.011689082,5868998,eclipsing_binary
1586.110782691607,0.98252636,0.011670999,5868998,eclipsing_binary
1586.1121715719898,1.0043802,0.011678635,5868998,eclipsing_binary
1586.1135604523727,1.0077791,0.011694118,5868998,eclipsing_binary
1586.1149493327546,0.99565953,0.011689118,5868998,eclipsing_binary
1586.1163382126713,0.9844876,0.011646872,5868998,eclipsing_binary
1586.1177270930532,0.9879744,0.01165307,5868998,eclipsing_binary
1586.1191159734356,1.0216925,0.011719587,5868998,eclipsing_binary
1586.1205048538181,0.99673915,0.011655973,5868998,eclipsing_binary
1586.1218937342007,1.0011107,0.01166211,5868998,eclipsing_binary
1586.123282614583,0.9929794,0.011649951,5868998,eclipsing_binary
1586.124671494965,1.0203978,0.0116841635,5868998,eclipsing_binary
1586.1260603753474,1.0078571,0.011684288,5868998,eclipsing_binary
1586.1274492557302,1.0137298,0.011695424,5868998,eclipsing_binary
1586.128838136113,0.98421764,0.0116343135,5868998,eclipsing_binary
1586.1302270160288,1.019785,0.011673761,5868998,eclipsing_binary
1586.1316158964103,0.97844154,0.011670776,5868998,eclipsing_binary
1586.1330047767922,1.0075821,0.011656259,5868998,eclipsing_binary
1586.1343936571745,1.0055269,0.011661957,5868998,eclipsing_binary
1586.1357825375574,0.98707384,0.011643284,5868998,eclipsing_binary
1586.1371714179402,0.9949835,0.011659072,5868998,eclipsing_binary
1586.138560298322,0.9858612,0.011609038,5868998,eclipsing_binary
1586.1399491787042,0.9983286,0.01162354,5868998,eclipsing_binary
1586.1413380586207,1.0014375,0.011635597,5868998,eclipsing_binary
1586.1427269390035,0.99454826,0.011625089,5868998,eclipsing_binary
1586.1441158193863,0.9935922,0.011615441,5868998,eclipsing_binary
1586.1455046997683,0.99101776,0.011607522,5868998,eclipsing_binary
1586.1468935801506,0.98658556,0.0115958,5868998,eclipsing_binary
1586.1482824605325,0.9889331,0.011611071,5868998,eclipsing_binary
1586.1496713404492,0.997135,0.011609828,5868998,eclipsing_binary
1586.151060220832,1.006852,0.011630486,5868998,eclipsing_binary
1586.1524491012149,1.0025883,0.011619521,5868998,eclipsing_binary
1586.1538379815968,1.0004431,0.0115972115,5868998,eclipsing_binary
1586.1552268619791,0.97183347,0.011596297,5868998,eclipsing_binary
1586.1566157418954,0.9840941,0.011592469,5868998,eclipsing_binary
1586.1580046222782,0.9840373,0.011584351,5868998,eclipsing_binary
1586.1593935026604,1.0206405,0.011641088,5868998,eclipsing_binary
1586.1607823830416,1.0031589,0.011606357,5868998,eclipsing_binary
1586.162171263424,1.0153387,0.011616542,5868998,eclipsing_binary
1586.1635601433402,1.0179596,0.011620586,5868998,eclipsing_binary
1586.1649490237226,1.0139909,0.011615838,5868998,eclipsing_binary
1586.1663379041054,1.0121704,0.011636226,5868998,eclipsing_binary
1586.1677267844882,1.0254635,0.011633942,5868998,eclipsing_binary
1586.1691156644044,0.9997561,0.011618647,5868998,eclipsing_binary
1586.1705045447868,1.0057253,0.011613872,5868998,eclipsing_binary
1586.1732823055515,1.0023639,0.011606963,5868998,eclipsing_binary
1586.1746711854687,0.98718274,0.011556396,5868998,eclipsing_binary
1586.176060065851,1.0012428,0.011600809,5868998,eclipsing_binary
1586.177448946233,0.99289787,0.011572538,5868998,eclipsing_binary
1586.1788378266153,0.98832613,0.011558244,5868998,eclipsing_binary
1586.1802267065316,0.9861287,0.011558244,5868998,eclipsing_binary
1586.1816155869144,1.0020759,0.011569535,5868998,eclipsing_binary
1586.1830044672972,1.0020809,0.011584977,5868998,eclipsing_binary
1586.1843933472135,0.98160833,0.011557439,5868998,eclipsing_binary
1586.1857822275958,0.9871933,0.011554371,5868998,eclipsing_binary
1586.1871711079777,0.99136657,0.011572948,5868998,eclipsing_binary
1586.1885599883592,0.9958827,0.011582502,5868998,eclipsing_binary
1586.189948868276,0.98522437,0.011548737,5868998,eclipsing_binary
1586.1913377486587,1.0035985,0.011585943,5868998,eclipsing_binary
1586.1927266290406,1.0068837,0.011588593,5868998,eclipsing_binary
1586.1941155089573,1.0194795,0.011586169,5868998,eclipsing_binary
1586.1955043893392,0.9953011,0.011553855,5868998,eclipsing_binary
1586.196893269722,0.98497844,0.011535888,5868998,eclipsing_binary
1586.1982821496392,1.0037767,0.011573315,5868998,eclipsing_binary
1586.1996710300214,1.0245712,0.01158487,5868998,eclipsing_binary
1586.2010599104035,1.0063512,0.011573643,5868998,eclipsing_binary
1586.2024487903197,0.99813455,0.0115767,5868998,eclipsing_binary
1586.2038376707021,1.0091721,0.01155793,5868998,eclipsing_binary
1586.205226551085,1.0090362,0.011601165,5868998,eclipsing_binary
1586.206615431002,1.0092242,0.011602413,5868998,eclipsing_binary
1586.208004311384,0.9943928,0.011571032,5868998,eclipsing_binary
1586.2093931917664,0.9913641,0.011512803,5868998,eclipsing_binary
1586.2121709520654,0.99792796,0.011576579,5868998,eclipsing_binary
1586.2135598324483,0.99465513,0.011548312,5868998,eclipsing_binary
1586.214948712365,1.0021558,0.011553688,5868998,eclipsing_binary
1586.2163375927469,1.0045978,0.011549623,5868998,eclipsing_binary
1586.2177264726627,1.0146033,0.011578012,5868998,eclipsing_binary
1586.2191153530441,1.0017613,0.01154834,5868998,eclipsing_binary
1586.220504233427,1.0078188,0.011562406,5868998,eclipsing_binary
1586.221893113344,0.98527706,0.011511824,5868998,eclipsing_binary
1586.223281993726,1.0111899,0.011552254,5868998,eclipsing_binary
1586.2246708736427,0.98826563,0.011515013,5868998,eclipsing_binary
1586.2260597540246,1.0126362,0.011588803,5868998,eclipsing_binary
1586.2274486344074,0.9916468,0.011550223,5868998,eclipsing_binary
1586.2288375143246,0.99423945,0.011527663,5868998,eclipsing_binary
1586.230226394707,0.9897677,0.011522568,5868998,eclipsing_binary
1586.2316152746232,0.9969226,0.011525769,5868998,eclipsing_binary
1586.2330041550056,1.011468,0.011544159,5868998,eclipsing_binary
1586.2343930349218,1.0060526,0.011543372,5868998,eclipsing_binary
1586.2357819153046,0.98151225,0.011514501,5868998,eclipsing_binary
1586.2371707952218,0.9851832,0.011523083,5868998,eclipsing_binary
1586.2385596756042,0.9826092,0.01151386,5868998,eclipsing_binary
1586.239948555986,1.0085232,0.011547971,5868998,eclipsing_binary
1586.2413374359023,0.9953662,0.011520143,5868998,eclipsing_binary
1586.2427263162851,1.0052152,0.011536933,5868998,eclipsing_binary
1586.2441151962023,1.0011476,0.011520928,5868998,eclipsing_binary
1586.2455040765847,1.0110458,0.011543806,5868998,eclipsing_binary
1586.2468929565005,1.0076481,0.011518982,5868998,eclipsing_binary
1586.248281836882,0.9929215,0.0115137175,5868998,eclipsing_binary
1586.2496707167982,0.99468964,0.011505787,5868998,eclipsing_binary
1586.251059597181,0.9891071,0.011506712,5868998,eclipsing_binary
1586.2524484770981,0.98967546,0.011514269,5868998,eclipsing_binary
1586.2538373574805,0.99286735,0.011498185,5868998,eclipsing_binary
1586.2552262373968,1.0191321,0.011526867,5868998,eclipsing_binary
1586.2566151177791,0.9879131,0.011542505,5868998,eclipsing_binary
1586.2580039976963,1.0048186,0.0115287285,5868998,eclipsing_binary
1586.259392878079,1.001335,0.011511869,5868998,eclipsing_binary
1586.2607817579953,0.97005147,0.011485199,5868998,eclipsing_binary
1586.2621706383773,0.9952915,0.011509616,5868998,eclipsing_binary
1586.263559518294,0.98497766,0.011463357,5868998,eclipsing_binary
1586.266337278593,1.0188103,0.011538228,5868998,eclipsing_binary
1586.2677261585102,0.99462956,0.011497799,5868998,eclipsing_binary
1586.2691150388926,0.9954039,0.011495688,5868998,eclipsing_binary
1586.2705039188088,1.0099747,0.011526712,5868998,eclipsing_binary
1586.2718927991912,1.015209,0.011519589,5868998,eclipsing_binary
1586.2732816791083,0.99325687,0.011484443,5868998,eclipsing_binary
1586.2746705594902,1.0089126,0.01152066,5868998,eclipsing_binary
1586.276059439406,0.99885374,0.011501159,5868998,eclipsing_binary
1586.2774483197884,0.98168314,0.011462459,5868998,eclipsing_binary
1586.2788371997046,1.0008432,0.01154723,5868998,eclipsing_binary
1586.280226079621,0.9916776,0.011466016,5868998,eclipsing_binary
1586.2816149600037,0.9815481,0.011470885,5868998,eclipsing_binary
1586.2830038399209,1.0155951,0.0115630245,5868998,eclipsing_binary
1586.2843927203032,0.9851297,0.011450152,5868998,eclipsing_binary
1586.2857816002195,1.0014015,0.011492997,5868998,eclipsing_binary
1586.2871704801362,0.9828645,0.011469202,5868998,eclipsing_binary
1586.288559360519,0.9918485,0.011468299,5868998,eclipsing_binary
1586.2899482404362,1.006239,0.011498871,5868998,eclipsing_binary
1586.291337120818,1.0111865,0.011511855,5868998,eclipsing_binary
1586.2927260007348,1.0053726,0.011487374,5868998,eclipsing_binary
1586.294114880651,0.9898259,0.011464573,5868998,eclipsing_binary
1586.2955037610334,0.968361,0.01143451,5868998,eclipsing_binary
1586.2968926409505,0.9971101,0.011471768,5868998,eclipsing_binary
1586.2982815208677,0.9899254,0.01146875,5868998,eclipsing_binary
1586.2996704012496,0.99841875,0.011472963,5868998,eclipsing_binary
1586.301059281166,0.9884464,0.011453646,5868998,eclipsing_binary
1586.3024481610826,0.99595845,0.011483173,5868998,eclipsing_binary
1586.3038370414645,0.99162644,0.011460565,5868998,eclipsing_binary
1586.3052259213812,0.9991851,0.011477454,5868998,eclipsing_binary
1586.3080036816798,0.9991534,0.0114774555,5868998,eclipsing_binary
1586.309392561596,0.9847864,0.011458174,5868998,eclipsing_binary
1586.3107814415127,1.0127512,0.011474624,5868998,eclipsing_binary
1586.3121703218956,0.9780048,0.01143487,5868998,eclipsing_binary
1586.3135592018127,0.99085057,0.011454094,5868998,eclipsing_binary
1586.314948081729,1.0134073,0.011491798,5868998,eclipsing_binary
1586.3163369621113,0.998301,0.01146055,5868998,eclipsing_binary
1586.3177258420276,1.0117358,0.011471473,5868998,eclipsing_binary
1586.3191147219447,1.0169233,0.011487759,5868998,eclipsing_binary
1586.320503601862,0.9985392,0.011539178,5868998,eclipsing_binary
1586.3218924822438,1.0037856,0.011463979,5868998,eclipsing_binary
1586.3232813621605,1.0044719,0.011459799,5868998,eclipsing_binary
1586.3246702420768,0.99834436,0.011450194,5868998,eclipsing_binary
1586.3260591224591,0.9849853,0.011468573,5868998,eclipsing_binary
1586.3274480023763,0.99115855,0.011462317,5868998,eclipsing_binary
1586.3288368822934,1.0038824,0.011482599,5868998,eclipsing_binary
1586.3302257622097,0.9981172,0.011449704,5868998,eclipsing_binary
1586.331614642592,1.006333,0.011458292,5868998,eclipsing_binary
1586.3330035225079,1.0053172,0.011469095,5868998,eclipsing_binary
1586.334392402424,1.0034139,0.011454991,5868998,eclipsing_binary
1586.3357812823413,1.0032787,0.0114553,5868998,eclipsing_binary
1586.3371701627236,0.9785751,0.011422304,5868998,eclipsing_binary
1586.3385590426399,1.0002546,0.011441342,5868998,eclipsing_binary
1586.3399479225563,1.0049546,0.011451529,5868998,eclipsing_binary
1586.3413368024728,0.99855554,0.011440228,5868998,eclipsing_binary
1586.34272568239,1.0125021,0.011463573,5868998,eclipsing_binary
1586.3441145627728,0.9905323,0.011430217,5868998,eclipsing_binary
1586.345503442689,1.0025843,0.01144352,5868998,eclipsing_binary
1586.3468923226058,1.0028309,0.01144078,5868998,eclipsing_binary
1586.348281202522,1.0100898,0.0114392135,5868998,eclipsing_binary
1586.3496700824387,1.0244349,0.011462948,5868998,eclipsing_binary
1586.3510589628215,0.9987207,0.011437855,5868998,eclipsing_binary
1586.3524478427387,0.9965499,0.01144586,5868998,eclipsing_binary
1586.353836722655,1.0051678,0.011423881,5868998,eclipsing_binary
1586.3552256025716,0.9984233,0.011465639,5868998,eclipsing_binary
1586.3566144824879,1.0129687,0.011440417,5868998,eclipsing_binary
1586.358003362405,1.0056049,0.011420945,5868998,eclipsing_binary
1586.3593922427879,0.9993092,0.011451681,5868998,eclipsing_binary
1586.3607811227037,1.0059615,0.011437082,5868998,eclipsing_binary
1586.3621700026195,0.9980096,0.011438751,5868998,eclipsing_binary
1586.3635588825357,0.996315,0.0114098955,5868998,eclipsing_binary
1586.3649477624524,0.9936189,0.011402197,5868998,eclipsing_binary
1586.3663366423696,1.0011492,0.01142775,5868998,eclipsing_binary
1586.3677255222867,1.008761,0.011412994,5868998,eclipsing_binary
1586.3691144026686,0.9950317,0.011402517,5868998,eclipsing_binary
1586.3705032825853,0.99268514,0.011405811,5868998,eclipsing_binary
1586.3718921625016,1.0180204,0.011439092,5868998,eclipsing_binary
1586.3732810424187,0.9994148,0.011392507,5868998,eclipsing_binary
1586.374669922336,1.0067183,0.011441398,5868998,eclipsing_binary
1586.3760588022526,1.0058955,0.0114132,5868998,eclipsing_binary
1586.3774476821688,0.9807529,0.011388117,5868998,eclipsing_binary
1586.3788365620856,0.99892604,0.011406963,5868998,eclipsing_binary
1586.3802254420018,1.0087899,0.011406565,5868998,eclipsing_binary
1586.3816143223846,0.975593,0.011360811,5868998,eclipsing_binary
1586.3830032023018,0.99628884,0.011407522,5868998,eclipsing_binary
1586.384392082218,1.0283892,0.011425877,5868998,eclipsing_binary
1586.3857809621347,0.9937581,0.011394979,5868998,eclipsing_binary
1586.387169842051,1.0053959,0.01139168,5868998,eclipsing_binary
1586.3885587219681,0.9977483,0.011381136,5868998,eclipsing_binary
1586.3899476018848,0.99056196,0.011383919,5868998,eclipsing_binary
1586.3913364818006,0.9925594,0.011367026,5868998,eclipsing_binary
1586.3927253617169,0.99731064,0.011369331,5868998,eclipsing_binary
1586.3941142416336,1.0110743,0.011386506,5868998,eclipsing_binary
1586.3955031215498,0.9900274,0.011357513,5868998,eclipsing_binary
1586.396892001467,1.0109845,0.011387381,5868998,eclipsing_binary
1586.3982808813842,0.9807434,0.011397459,5868998,eclipsing_binary
1586.3996697613006,0.9850824,0.01134187,5868998,eclipsing_binary
1586.401058641217,1.0116296,0.0113813775,5868998,eclipsing_binary
1586.4024475211334,1.0065302,0.011386233,5868998,eclipsing_binary
1586.4038364010505,0.9955551,0.011353886,5868998,eclipsing_binary
1586.4052252809677,0.98742115,0.011341973,5868998,eclipsing_binary
1586.4066141608844,0.9876897,0.01133479,5868998,eclipsing_binary
1586.4080030408006,1.0011414,0.011355072,5868998,eclipsing_binary
1586.4093919207173,1.0027634,0.011345817,5868998,eclipsing_binary
1586.4107808006336,0.9865344,0.011336321,5868998,eclipsing_binary
1586.4121696805507,1.0114458,0.011376433,5868998,eclipsing_binary
1586.413558560468,0.9895125,0.011335408,5868998,eclipsing_binary
1586.4149474403846,0.99476564,0.011339132,5868998,eclipsing_binary
1586.4163363203008,0.9676187,0.011302705,5868998,eclipsing_binary
1586.4177252002166,1.0080196,0.011337663,5868998,eclipsing_binary
1586.4191140801333,0.99752426,0.011334634,5868998,eclipsing_binary
1586.4205029600503,0.9878326,0.011337172,5868998,eclipsing_binary
1586.4218918399667,0.9986382,0.0113349045,5868998,eclipsing_binary
1586.423280719883,1.0111507,0.011357815,5868998,eclipsing_binary
1586.4246695997997,0.99173135,0.011335504,5868998,eclipsing_binary
1586.426058479716,0.99935895,0.011351323,5868998,eclipsing_binary
1586.427447359633,1.006725,0.011347172,5868998,eclipsing_binary
1586.4288362395503,1.0263288,0.011381377,5868998,eclipsing_binary
1586.430225119467,1.0124512,0.01134422,5868998,eclipsing_binary
1586.4316139993832,0.9953019,0.011322008,5868998,eclipsing_binary
1586.4330028793,0.99499583,0.011315877,5868998,eclipsing_binary
1586.4343917587514,0.9745342,0.0112896105,5868998,eclipsing_binary
1586.4357806386686,1.0004855,0.011342632,5868998,eclipsing_binary
1586.4371695185848,0.97211313,0.011268859,5868998,eclipsing_binary
1586.4385583985015,0.9671786,0.011291197,5868998,eclipsing_binary
1586.4399472784178,1.0061381,0.011351976,5868998,eclipsing_binary
1586.441336158334,0.96232384,0.011273155,5868998,eclipsing_binary
1586.4427250382512,0.9746999,0.011274483,5868998,eclipsing_binary
1586.4441139181683,0.9504723,0.011253675,5868998,eclipsing_binary
1586.445502798085,0.96729815,0.011265112,5868998,eclipsing_binary
1586.4468916775352,0.9731687,0.011287003,5868998,eclipsing_binary
1586.448280557451,0.96456397,0.011261779,5868998,eclipsing_binary
1586.4496694373681,0.9606108,0.011239768,5868998,eclipsing_binary
1586.4510583172853,0.9593437,0.011241891,5868998,eclipsing_binary
1586.4524471972015,0.95869464,0.011277979,5868998,eclipsing_binary
1586.4538360771182,0.93981916,0.0112158805,5868998,eclipsing_binary
1586.4552249570345,0.955966,0.01122057,5868998,eclipsing_binary
1586.4566138364855,0.9481951,0.011222095,5868998,eclipsing_binary
1586.4580027164027,0.9420337,0.011213668,5868998,eclipsing_binary
1586.4593915963198,0.94628644,0.011217841,5868998,eclipsing_binary
1586.460780476236,0.9454675,0.011218691,5868998,eclipsing_binary
1586.4621693561523,0.9449256,0.0112668015,5868998,eclipsing_binary
1586.463558236069,0.9422012,0.011210695,5868998,eclipsing_binary
1586.4649471155205,0.9870124,0.011271288,5868998,eclipsing_binary
1586.4663359954377,0.9651629,0.011244024,5868998,eclipsing_binary
1586.467724875354,0.9587083,0.011228533,5868998,eclipsing_binary
1586.4691137552707,0.95346504,0.011223806,5868998,eclipsing_binary
1586.470502635187,0.9555269,0.011228373,5868998,eclipsing_binary
1586.471891514638,0.9637502,0.011246805,5868998,eclipsing_binary
1586.473280394555,0.99966294,0.011288099,5868998,eclipsing_binary
1586.4746692744714,0.99695385,0.011281489,5868998,eclipsing_binary
1586.4760581543871,0.98167,0.011263765,5868998,eclipsing_binary
1586.4774470338382,0.9834941,0.0112652825,5868998,eclipsing_binary
1586.4788359137544,0.99576324,0.011330553,5868998,eclipsing_binary
1586.4802247936716,0.9853392,0.0112592345,5868998,eclipsing_binary
1586.4816136735888,1.0042139,0.011285415,5868998,eclipsing_binary
1586.4830025530393,0.9920738,0.011289161,5868998,eclipsing_binary
1586.484391432956,1.0065029,0.011276844,5868998,eclipsing_binary
1586.4857803128723,0.9983928,0.011287943,5868998,eclipsing_binary
1586.487169192789,0.9967842,0.011271006,5868998,eclipsing_binary
1586.4885580722405,1.0124397,0.011294329,5868998,eclipsing_binary
1586.4899469521577,0.9997663,0.011274216,5868998,eclipsing_binary
1586.491335832074,1.0104382,0.011293288,5868998,eclipsing_binary
1586.4927247119906,1.0164206,0.011308193,5868998,eclipsing_binary
1586.4941135914412,0.9952048,0.011299887,5868998,eclipsing_binary
1586.495502471358,0.98274744,0.011252771,5868998,eclipsing_binary
1586.496891351275,0.9969278,0.011298341,5868998,eclipsing_binary
1586.4982802307266,0.99390686,0.011274759,5868998,eclipsing_binary
1586.4996691106428,1.0047337,0.011300046,5868998,eclipsing_binary
1586.5010579905593,0.9955259,0.011274096,5868998,eclipsing_binary
1586.5024468700092,1.0010514,0.0112919705,5868998,eclipsing_binary
1586.5038357499259,1.0113246,0.011288459,5868998,eclipsing_binary
1586.505224629843,1.0101126,0.011299286,5868998,eclipsing_binary
1586.5066135092936,1.028361,0.011322908,5868998,eclipsing_binary
1586.5080023892103,0.991572,0.011269326,5868998,eclipsing_binary
1586.5093912691266,1.0032401,0.011276058,5868998,eclipsing_binary
1586.5107801485776,1.008859,0.011306676,5868998,eclipsing_binary
1586.5121690284948,0.9848587,0.011238743,5868998,eclipsing_binary
1586.513557908412,0.9966996,0.011320413,5868998,eclipsing_binary
1586.5149467878625,1.0076408,0.011275961,5868998,eclipsing_binary
1586.5163356677792,0.9884313,0.01127151,5868998,eclipsing_binary
1586.5177245476955,0.99051213,0.01131408,5868998,eclipsing_binary
1586.519113427147,1.004643,0.011281684,5868998,eclipsing_binary
1586.5205023070641,1.0079997,0.011276213,5868998,eclipsing_binary
1586.5218911869804,0.99065053,0.011247538,5868998,eclipsing_binary
1586.5232800664314,1.0218625,0.011298795,5868998,eclipsing_binary
1586.5246689463477,1.0121267,0.011267808,5868998,eclipsing_binary
1586.5260578257987,0.98029804,0.011235825,5868998,eclipsing_binary
1586.5274467057159,1.0165992,0.011296444,5868998,eclipsing_binary
1586.528835585633,1.0010395,0.011268863,5868998,eclipsing_binary
1586.5302244650836,0.9895883,0.011232518,5868998,eclipsing_binary
1586.5316133449994,1.010192,0.011283457,5868998,eclipsing_binary
1586.5330022244495,1.0038234,0.011255536,5868998,eclipsing_binary
1586.5343911043667,0.99898565,0.011282512,5868998,eclipsing_binary
1586.5357799838182,1.0091122,0.0113034975,5868998,eclipsing_binary
1586.537168863735,0.9955758,0.0112694865,5868998,eclipsing_binary
1586.5385577436512,0.97842455,0.011229582,5868998,eclipsing_binary
1586.539946623102,1.0008956,0.011262316,5868998,eclipsing_binary
1586.5413355030184,1.0077996,0.011270981,5868998,eclipsing_binary
1586.54272438247,1.003586,0.011261227,5868998,eclipsing_binary
1586.544113262387,1.0051037,0.011269867,5868998,eclipsing_binary
1586.5455021418377,1.0113847,0.011273547,5868998,eclipsing_binary
1586.5468910217544,1.0111593,0.011288601,5868998,eclipsing_binary
1586.548279901205,1.0064512,0.011267169,5868998,eclipsing_binary
1586.5496687811221,1.0028948,0.011247272,5868998,eclipsing_binary
1586.5510576605736,1.0035443,0.011245803,5868998,eclipsing_binary
1586.5524465404903,1.0033239,0.011295933,5868998,eclipsing_binary
1586.553835419941,1.0106498,0.011292158,5868998,eclipsing_binary
1586.5552242998576,0.9855435,0.011247053,5868998,eclipsing_binary
1586.5566131793082,0.98133475,0.011212845,5868998,eclipsing_binary
1586.5580020592254,0.99580187,0.011244096,5868998,eclipsing_binary
1586.5593909386762,0.9969249,0.011235364,5868998,eclipsing_binary
1586.5607798185918,1.0210004,0.01127411,5868998,eclipsing_binary
1586.5621686980428,0.99271905,0.011255685,5868998,eclipsing_binary
1586.563557577959,1.0058228,0.011266365,5868998,eclipsing_binary
1586.5649464574105,1.0048256,0.011264534,5868998,eclipsing_binary
1586.5663353373277,0.9945858,0.01128593,5868998,eclipsing_binary
1586.5677242167787,0.9873817,0.011231009,5868998,eclipsing_binary
1586.569113096695,1.0187593,0.011287278,5868998,eclipsing_binary
1586.570501976146,0.998153,0.011231721,5868998,eclipsing_binary
1586.5718908560623,1.0150696,0.01128942,5868998,eclipsing_binary
1586.5732797355138,1.0063884,0.011257731,5868998,eclipsing_binary
1586.574668615431,0.9980622,0.011235481,5868998,eclipsing_binary
1586.576057494882,1.0182533,0.011270682,5868998,eclipsing_binary
1586.5774463743326,0.9990938,0.011260736,5868998,eclipsing_binary
1586.5788352542493,1.007384,0.011249227,5868998,eclipsing_binary
1586.5802241337005,1.0184784,0.01126985,5868998,eclipsing_binary
1586.5816130136175,0.989933,0.011203473,5868998,eclipsing_binary
1586.5830018930685,1.0125026,0.011262207,5868998,eclipsing_binary
1586.584390772519,1.0164745,0.011264082,5868998,eclipsing_binary
1586.5857796524358,1.0187165,0.011275531,5868998,eclipsing_binary
1586.587168531886,1.0004832,0.011250705,5868998,eclipsing_binary
1586.5885574118022,1.0109073,0.011250935,5868998,eclipsing_binary
1586.5899462912537,0.99416274,0.011260884,5868998,eclipsing_binary
1586.5913351707047,1.010672,0.011244775,5868998,eclipsing_binary
1586.592724050621,0.99065053,0.011227681,5868998,eclipsing_binary
1586.594112930072,1.0059074,0.011230867,5868998,eclipsing_binary
1586.5955018095235,0.9901579,0.011210739,5868998,eclipsing_binary
1586.5968906894407,1.0080452,0.011273573,5868998,eclipsing_binary
1586.5982795688913,0.972576,0.011189608,5868998,eclipsing_binary
1586.5996684488077,0.9823483,0.0112060215,5868998,eclipsing_binary
1586.6010573282585,0.978182,0.011214488,5868998,eclipsing_binary
1586.6024462077091,1.0162184,0.01124874,5868998,eclipsing_binary
1586.6038350876263,1.0166509,0.011246298,5868998,eclipsing_binary
1586.6052239670778,1.0081441,0.0112536,5868998,eclipsing_binary
1586.6066128465288,0.99850696,0.011232931,5868998,eclipsing_binary
1586.608001726445,1.0132883,0.011248599,5868998,eclipsing_binary
1586.6093906058961,1.0191386,0.011265342,5868998,eclipsing_binary
1586.6107794853476,0.9960722,0.011264432,5868998,eclipsing_binary
1586.6121683647991,1.0055109,0.011245678,5868998,eclipsing_binary
1586.6135572447154,1.0102358,0.011251591,5868998,eclipsing_binary
1586.6149461241655,0.9848295,0.011213996,5868998,eclipsing_binary
1586.6163350036156,0.9868547,0.0112572415,5868998,eclipsing_binary
1586.6177238835323,0.9724347,0.011191264,5868998,eclipsing_binary
1586.6191127629838,1.0094911,0.011256491,5868998,eclipsing_binary
1586.620501642435,1.0073075,0.011251161,5868998,eclipsing_binary
1586.621890521886,1.0155637,0.01127962,5868998,eclipsing_binary
1586.6232794018022,1.0009712,0.011227447,5868998,eclipsing_binary
1586.6246682812532,1.0070951,0.011236666,5868998,eclipsing_binary
1586.6260571607047,0.9960615,0.011252376,5868998,eclipsing_binary
1586.6274460406219,0.98677456,0.011260337,5868998,eclipsing_binary
1586.6288349200724,1.0010911,0.011249139,5868998,eclipsing_binary
1586.6302237995235,0.99211967,0.011194225,5868998,eclipsing_binary
1586.631612678974,1.0095737,0.011235009,5868998,eclipsing_binary
1586.6330015588908,1.006404,0.011241351,5868998,eclipsing_binary
1586.6343904383423,1.0103463,0.011237801,5868998,eclipsing_binary
1586.6357793177938,0.9938376,0.011230619,5868998,eclipsing_binary
1586.6371681972444,0.9969657,0.011231469,5868998,eclipsing_binary
1586.6385570766954,1.0098934,0.011237632,5868998,eclipsing_binary
1586.6399459566117,1.0057683,0.011246182,5868998,eclipsing_binary
1586.6413348360632,0.99453217,0.011219904,5868998,eclipsing_binary
1586.6427237155137,0.9926002,0.011215297,5868998,eclipsing_binary
1586.6441125949639,1.0032337,0.011239264,5868998,eclipsing_binary
1586.645501474415,0.98963946,0.011206958,5868998,eclipsing_binary
1586.6468903543312,1.0054536,0.011261262,5868998,eclipsing_binary
1586.6482792337822,1.0061977,0.011229497,5868998,eclipsing_binary
1586.6496681132337,1.0128247,0.011227286,5868998,eclipsing_binary
1586.6510569926852,1.0115755,0.011233342,5868998,eclipsing_binary
1586.6524458721358,1.0206866,0.01124371,5868998,eclipsing_binary
1586.6538347515868,1.014603,0.011258716,5868998,eclipsing_binary
1586.655223631503,1.0085742,0.011221695,5868998,eclipsing_binary
1586.6566125109541,1.0178803,0.011251789,5868998,eclipsing_binary
1586.6580013904056,0.9906379,0.011195514,5868998,eclipsing_binary
1586.659390269857,1.022141,0.011251987,5868998,eclipsing_binary
1586.6607791493077,0.99987316,0.011198975,5868998,eclipsing_binary
1586.6621680287583,0.9982107,0.011204454,5868998,eclipsing_binary
1586.6635569082093,1.0058935,0.011208852,5868998,eclipsing_binary
1586.6649457881265,1.0001507,0.011213521,5868998,eclipsing_binary
1586.666334667578,1.0022712,0.01121065,5868998,eclipsing_binary
1586.6677235470286,1.0050132,0.01121012,5868998,eclipsing_binary
1586.6691124264796,1.0028694,0.011212783,5868998,eclipsing_binary
1586.6705013059297,1.0070617,0.011224683,5868998,eclipsing_binary
1586.6718901853799,1.0120653,0.011233285,5868998,eclipsing_binary
1586.6732790648314,1.0075921,0.011264695,5868998,eclipsing_binary
1586.6746679442829,0.9901503,0.011187106,5868998,eclipsing_binary
1586.6760568237335,1.0308328,0.011242046,5868998,eclipsing_binary
1586.6774457031845,0.99419934,0.011203592,5868998,eclipsing_binary
1586.6788345831008,1.0007466,0.0112127215,5868998,eclipsing_binary
1586.6802234625522,1.0031008,0.011216449,5868998,eclipsing_binary
1586.6816123420037,0.9793305,0.011184973,5868998,eclipsing_binary
1586.6830012214543,0.99598897,0.011209928,5868998,eclipsing_binary
1586.6843901009054,0.9849016,0.011188492,5868998,eclipsing_binary
1586.685778980356,0.99477655,0.01119512,5868998,eclipsing_binary
1586.687167859807,0.99834424,0.011209285,5868998,eclipsing_binary
1586.6885567392585,0.98826796,0.011186275,5868998,eclipsing_binary
1586.68994561871,1.0103524,0.011222753,5868998,eclipsing_binary
1586.6913344981606,0.97901934,0.011170318,5868998,eclipsing_binary
1586.6927233776116,0.98357755,0.011168794,5868998,eclipsing_binary
1586.6941122570622,1.0056201,0.011232697,5868998,eclipsing_binary
1586.6955011365137,1.0010836,0.011193949,5868998,eclipsing_binary
1586.6968900159652,0.9992755,0.011206315,5868998,eclipsing_binary
1586.6982788954153,0.99258107,0.011195148,5868998,eclipsing_binary
1586.6996677748655,1.0044293,0.011198631,5868998,eclipsing_binary
1586.701056654316,0.99966997,0.011212175,5868998,eclipsing_binary
1586.702445533767,1.013349,0.011216976,5868998,eclipsing_binary
1586.7038344132186,0.9917271,0.011181179,5868998,eclipsing_binary
1586.70522329267,1.0236641,0.011204186,5868998,eclipsing_binary
1586.7066121721207,0.9995463,0.01119075,5868998,eclipsing_binary
1586.7080010515717,0.99647045,0.011176066,5868998,eclipsing_binary
1586.7093899310223,1.0165994,0.011211541,5868998,eclipsing_binary
1586.7107788104738,1.0067482,0.011246491,5868998,eclipsing_binary
1586.7121676899253,0.99525607,0.011170804,5868998,eclipsing_binary
1586.7135565693764,1.0047418,0.011199691,5868998,eclipsing_binary
1586.714945448827,0.9933857,0.011171193,5868998,eclipsing_binary
1586.716334328278,0.9951858,0.011176216,5868998,eclipsing_binary
1586.7177232077286,1.0282801,0.011231243,5868998,eclipsing_binary
1586.7191120867144,0.99299264,0.011183405,5868998,eclipsing_binary
1586.720500966166,1.0192943,0.011211098,5868998,eclipsing_binary
1586.7218898456165,1.000238,0.011189027,5868998,eclipsing_binary
1586.7232787250675,1.0066673,0.011191743,5868998,eclipsing_binary
1586.7246676045177,1.0237312,0.011223905,5868998,eclipsing_binary
1586.7260564839683,0.9938605,0.011191912,5868998,eclipsing_binary
1586.7274453634197,0.99367774,0.011209864,5868998,eclipsing_binary
1586.7288342428708,0.99969894,0.011178939,5868998,eclipsing_binary
1586.7302231223214,1.0153662,0.011209926,5868998,eclipsing_binary
1586.7316120017724,1.0075971,0.01118399,5868998,eclipsing_binary
1586.733000881223,1.0015837,0.011194375,5868998,eclipsing_binary
1586.7343897602088,1.0097651,0.011175761,5868998,eclipsing_binary
1586.7357786396603,1.0034072,0.011181267,5868998,eclipsing_binary
1586.7371675191114,1.0127475,0.011187217,5868998,eclipsing_binary
1586.738556398562,0.9991566,0.011217761,5868998,eclipsing_binary
1586.7399452780128,0.99701905,0.011177658,5868998,eclipsing_binary
1586.741334157464,1.0218221,0.011194982,5868998,eclipsing_binary
1586.7427230369155,1.0025654,0.011169929,5868998,eclipsing_binary
1586.744111915901,1.0122447,0.01117687,5868998,eclipsing_binary
1586.7455007953515,1.0002733,0.01117876,5868998,eclipsing_binary
1586.7468896748026,1.0134783,0.011173027,5868998,eclipsing_binary
1586.7482785542531,0.99794096,0.011157505,5868998,eclipsing_binary
1586.7496674337046,1.0063989,0.011172968,5868998,eclipsing_binary
1586.7510563131561,1.0002308,0.011174456,5868998,eclipsing_binary
1586.7524451921406,1.0054767,0.011167797,5868998,eclipsing_binary
1586.7538340715907,1.0093318,0.0111728795,5868998,eclipsing_binary
1586.7552229510418,1.0078582,0.011187524,5868998,eclipsing_binary
1586.7566118304933,1.0157835,0.011185193,5868998,eclipsing_binary
1586.7580007099448,1.0126543,0.011173918,5868998,eclipsing_binary
1586.7593895889297,0.9986365,0.0111429235,5868998,eclipsing_binary
1586.7607784683803,1.0022649,0.011162095,5868998,eclipsing_binary
1586.7621673478313,0.98390216,0.011127039,5868998,eclipsing_binary
1586.763556227282,1.0088123,0.011184928,5868998,eclipsing_binary
1586.7649451062678,1.0219969,0.0111784125,5868998,eclipsing_binary
1586.7663339857193,1.0229974,0.011186707,5868998,eclipsing_binary
1586.7677228651703,0.98904747,0.011146091,5868998,eclipsing_binary
1586.769111744621,0.98315316,0.011119671,5868998,eclipsing_binary
1586.7705006236063,0.997781,0.0111536505,5868998,eclipsing_binary
1586.7718895030578,1.0181583,0.011156526,5868998,eclipsing_binary
1586.7732783825093,0.9851078,0.011120551,5868998,eclipsing_binary
1586.7746672619598,1.017176,0.011162066,5868998,eclipsing_binary
1586.7760561409452,1.0035995,0.0111419475,5868998,eclipsing_binary
1586.7774450203958,1.0108483,0.011141532,5868998,eclipsing_binary
1586.7788338998466,1.0069555,0.01113921,5868998,eclipsing_binary
1586.7802227788318,1.0039864,0.011140956,5868998,eclipsing_binary
1586.7816116582824,1.012774,0.01116742,5868998,eclipsing_binary
1586.7830005377334,1.0038466,0.011131788,5868998,eclipsing_binary
1586.784389417184,0.9935962,0.011141597,5868998,eclipsing_binary
1586.7857782961694,1.0169795,0.011152826,5868998,eclipsing_binary
1586.7871671756209,1.0123091,0.011135797,5868998,eclipsing_binary
1586.7885560550724,1.0184405,0.0111704245,5868998,eclipsing_binary
1586.7899449340573,1.0075152,0.011135052,5868998,eclipsing_binary
1586.7913338135083,1.0177437,0.011143418,5868998,eclipsing_binary
1586.792722692959,1.0123951,0.011132487,5868998,eclipsing_binary
1586.7941115719443,0.99191165,0.0111186905,5868998,eclipsing_binary
1586.7955004513958,1.0007042,0.011115585,5868998,eclipsing_binary
1586.7968893308473,0.9962944,0.011127795,5868998,eclipsing_binary
1586.7982782098322,1.0060613,0.011128919,5868998,eclipsing_binary
1586.799667089283,1.0139339,0.011180348,5868998,eclipsing_binary
1586.8010559687339,0.9810989,0.011100497,5868998,eclipsing_binary
1586.8024448477188,1.0142051,0.011131536,5868998,eclipsing_binary
1586.8038337271703,1.0074493,0.0111114355,5868998,eclipsing_binary
1586.8052226061561,0.99660397,0.011110936,5868998,eclipsing_binary
1586.8066114856063,1.0172564,0.011142505,5868998,eclipsing_binary
1586.8080003650564,0.99303794,0.011103099,5868998,eclipsing_binary
1586.8093892440418,0.9820547,0.011088309,5868998,eclipsing_binary
1586.8107781234933,1.013297,0.011181996,5868998,eclipsing_binary
1586.812167002479,0.9900806,0.011095897,5868998,eclipsing_binary
1586.8135558819297,1.0137712,0.011143837,5868998,eclipsing_binary
1586.8149447613807,1.0024153,0.011121595,5868998,eclipsing_binary
1586.8163336403657,1.0167402,0.011128713,5868998,eclipsing_binary
1586.8177225198167,0.9874665,0.01109347,5868998,eclipsing_binary
1586.8191113988023,0.99099463,0.011085731,5868998,eclipsing_binary
1586.8205002782536,0.9949751,0.011106757,5868998,eclipsing_binary
1586.821889157239,1.003005,0.011125576,5868998,eclipsing_binary
1586.8232780366895,0.9988614,0.011113121,5868998,eclipsing_binary
1586.8246669161406,1.0037752,0.011125865,5868998,eclipsing_binary
1586.8260557951264,1.0063114,0.011097728,5868998,eclipsing_binary
1586.827444674578,0.99995387,0.011099229,5868998,eclipsing_binary
1586.8288335535628,0.9981227,0.011095167,5868998,eclipsing_binary
1586.830222433014,0.9939523,0.011098279,5868998,eclipsing_binary
1586.8316113119988,1.0025935,0.0111190425,5868998,eclipsing_binary
1586.8330001914499,1.0075625,0.011117095,5868998,eclipsing_binary
1586.8343890704348,1.0053684,0.011097044,5868998,eclipsing_binary
1586.8357779498858,1.0051222,0.011103868,5868998,eclipsing_binary
1586.8371668288707,0.99213105,0.011099343,5868998,eclipsing_binary
1586.8385557083216,0.99498326,0.011091798,5868998,eclipsing_binary
1586.8399445873067,0.9989719,0.0110959485,5868998,eclipsing_binary
1586.8413334667582,1.0052893,0.011097784,5868998,eclipsing_binary
1586.842722345744,1.0219923,0.011137654,5868998,eclipsing_binary
1586.8441112251946,0.99443036,0.011112254,5868998,eclipsing_binary
1586.84550010418,1.0000557,0.01109087,5868998,eclipsing_binary
1586.8468889836306,1.0020479,0.011106178,5868998,eclipsing_binary
1586.848277862616,1.0047116,0.011097611,5868998,eclipsing_binary
1586.8496667420675,0.99972206,0.011088687,5868998,eclipsing_binary
1586.8510556210533,1.0233756,0.011116587,5868998,eclipsing_binary
1586.852444500504,0.989192,0.011082117,5868998,eclipsing_binary
1586.8538333794893,1.00922,0.011103444,5868998,eclipsing_binary
1586.8552222584742,0.992256,0.011100093,5868998,eclipsing_binary
1586.8566111379257,1.0165488,0.011109166,5868998,eclipsing_binary
1586.8580000169115,0.99713147,0.011070806,5868998,eclipsing_binary
1586.8593888963624,0.9989414,0.011079481,5868998,eclipsing_binary
1586.8607777753466,0.9986416,0.011078003,5868998,eclipsing_binary
1586.8621666547967,1.0031143,0.011082531,5868998,eclipsing_binary
1586.8635555337821,0.988795,0.011089676,5868998,eclipsing_binary
1586.864944412768,1.0036818,0.011122743,5868998,eclipsing_binary
1586.8663332922195,1.0035456,0.011090487,5868998,eclipsing_binary
1586.8677221712044,0.99464434,0.011071933,5868998,eclipsing_binary
1586.8691110501898,1.0008965,0.011084642,5868998,eclipsing_binary
1586.8704999296403,1.0016007,0.011079656,5868998,eclipsing_binary
1586.8718888086262,1.0160837,0.011095698,5868998,eclipsing_binary
1586.8732776880777,1.0114627,0.011090412,5868998,eclipsing_binary
1586.874666567063,0.9995206,0.011082352,5868998,eclipsing_binary
1586.876055446048,0.9964355,0.011084499,5868998,eclipsing_binary
1586.877444325499,0.9966183,0.011070448,5868998,eclipsing_binary
1586.878833204484,0.99550176,0.011064723,5868998,eclipsing_binary
1586.8802220834698,0.9968235,0.011065887,5868998,eclipsing_binary
1586.8816109629213,1.0113152,0.011107118,5868998,eclipsing_binary
1586.8829998419062,0.9944693,0.011058952,5868998,eclipsing_binary
1586.8843887208916,1.0112991,0.011079858,5868998,eclipsing_binary
1586.8857776003422,1.0088737,0.011072693,5868998,eclipsing_binary
1586.887166479328,0.98939943,0.011054469,5868998,eclipsing_binary
1586.8885553583134,0.9913931,0.0110612195,5868998,eclipsing_binary
1586.8899442377635,0.975463,0.011035106,5868998,eclipsing_binary
1586.8913331167485,1.0134227,0.011089949,5868998,eclipsing_binary
1586.8927219957338,1.0013932,0.011068641,5868998,eclipsing_binary
1586.8941108751844,0.99691826,0.011068903,5868998,eclipsing_binary
1586.8954997541703,0.9914073,0.011062475,5868998,eclipsing_binary
1586.896888633156,0.9782853,0.011034114,5868998,eclipsing_binary
1586.8982775121412,1.0082828,0.011087614,5868998,eclipsing_binary
1586.899666391592,1.0074006,0.011084838,5868998,eclipsing_binary
1586.901055270577,1.0212953,0.011113785,5868998,eclipsing_binary
1586.9024441495628,1.0045868,0.011058195,5868998,eclipsing_binary
1586.9038330290143,0.99915445,0.011051098,5868998,eclipsing_binary
1586.9052219079997,0.99952143,0.0110560525,5868998,eclipsing_binary
1586.9066107869846,0.9834158,0.011047044,5868998,eclipsing_binary
1586.90799966597,0.9889451,0.011104056,5868998,eclipsing_binary
1586.909388544955,0.9864255,0.011051344,5868998,eclipsing_binary
1586.9107774244064,0.9922053,0.011057044,5868998,eclipsing_binary
1586.9121663033923,0.9960293,0.01106131,5868998,eclipsing_binary
1586.9135551823776,0.9984973,0.011061444,5868998,eclipsing_binary
1586.9149440613621,0.9927017,0.01106959,5868998,eclipsing_binary
1586.9163329408123,1.0127549,0.011072347,5868998,eclipsing_binary
1586.917721819798,1.0096362,0.011132636,5868998,eclipsing_binary
1586.9191106987837,1.0104752,0.011080988,5868998,eclipsing_binary
1586.9204995777689,0.99878335,0.011049779,5868998,eclipsing_binary
1586.9218884567538,0.9949612,0.011056817,5868998,eclipsing_binary
1586.9232773362048,0.9952294,0.0110551445,5868998,eclipsing_binary
1586.9246662151897,0.9916811,0.011058718,5868998,eclipsing_binary
1586.9260550941756,1.0024912,0.011114917,5868998,eclipsing_binary
1586.9274439731614,0.98195696,0.011025918,5868998,eclipsing_binary
1586.9288328521468,1.0072819,0.011064735,5868998,eclipsing_binary
1586.9302217311317,1.0066569,0.011079892,5868998,eclipsing_binary
1586.9316106105828,1.000748,0.011068254,5868998,eclipsing_binary
1586.9329994895686,0.99032336,0.011040904,5868998,eclipsing_binary
1586.9343883685544,1.0149786,0.0110698305,5868998,eclipsing_binary
1586.9357772475394,0.99823755,0.011046207,5868998,eclipsing_binary
1586.9371661265247,0.9924877,0.011077059,5868998,eclipsing_binary
1586.9385550055097,0.9888169,0.011047161,5868998,eclipsing_binary
1586.9399438844946,0.9828864,0.011068994,5868998,eclipsing_binary
1586.9413327639456,1.0109216,0.011060502,5868998,eclipsing_binary
1586.9427216429306,1.013903,0.011121253,5868998,eclipsing_binary
1586.944110521916,1.0015863,0.0110599715,5868998,eclipsing_binary
1586.9454994009009,0.99834913,0.011110481,5868998,eclipsing_binary
1586.9468882798863,0.98560065,0.011029301,5868998,eclipsing_binary
1586.948277158872,1.0001694,0.011046653,5868998,eclipsing_binary
1586.949666037858,1.0043136,0.011104028,5868998,eclipsing_binary
1586.9510549168428,0.9957608,0.011045003,5868998,eclipsing_binary
1586.9524437958282,0.9910193,0.011025294,5868998,eclipsing_binary
1586.9538326748132,1.0043997,0.011048123,5868998,eclipsing_binary
1586.9552215537985,0.9907748,0.011027062,5868998,eclipsing_binary
1586.95661043325,0.9905344,0.011038304,5868998,eclipsing_binary
1586.9579993122359,1.0015305,0.0110492185,5868998,eclipsing_binary
1586.9593881912208,1.0054809,0.01104997,5868998,eclipsing_binary
1586.9607770702057,0.9885954,0.011045153,5868998,eclipsing_binary
1586.962165949191,0.99958396,0.011058252,5868998,eclipsing_binary
1586.963554828176,1.0001423,0.011055851,5868998,eclipsing_binary
1586.9649437071619,0.98939896,0.011029181,5868998,eclipsing_binary
1586.9663325861477,1.0006553,0.011057242,5868998,eclipsing_binary
1586.967721465133,0.9925826,0.011063264,5868998,eclipsing_binary
1586.9691103441176,1.0262568,0.011084873,5868998,eclipsing_binary
1586.970499223102,0.9865722,0.011024077,5868998,eclipsing_binary
1586.9718881020879,0.9882322,0.011025993,5868998,eclipsing_binary
1586.9732769810737,0.9830318,0.011020574,5868998,eclipsing_binary
1586.9746658600586,1.0013767,0.01103099,5868998,eclipsing_binary
1586.976054739044,1.0033702,0.011056099,5868998,eclipsing_binary
1586.977443618029,0.9956519,0.011055056,5868998,eclipsing_binary
1586.9788324970139,1.0086722,0.011039226,5868998,eclipsing_binary
1586.9802213759997,1.0007968,0.011037389,5868998,eclipsing_binary
1586.9816102549855,1.0211453,0.011066727,5868998,eclipsing_binary
1586.982999133971,0.99245965,0.011019012,5868998,eclipsing_binary
1586.9843880129558,0.99187315,0.011036149,5868998,eclipsing_binary
1586.9857768919412,1.0117116,0.01106458,5868998,eclipsing_binary
1586.987165770927,1.013268,0.011060215,5868998,eclipsing_binary
1586.9885546499129,1.0144835,0.011054062,5868998,eclipsing_binary
1586.9899435284321,0.9992584,0.011050338,5868998,eclipsing_binary
1586.9913324074175,1.0098492,0.011055813,5868998,eclipsing_binary
1586.9927212864025,1.0122668,0.011046812,5868998,eclipsing_binary
1586.9941101653878,1.0048459,0.011075294,5868998,eclipsing_binary
1586.9954990443728,1.0089732,0.011047684,5868998,eclipsing_binary
1586.9968879233581,1.0223638,0.011066927,5868998,eclipsing_binary
1586.998276802343,0.9854835,0.0110233715,5868998,eclipsing_binary
1586.999665681328,0.9876251,0.011023581,5868998,eclipsing_binary
1587.0010545603134,1.0152676,0.011050613,5868998,eclipsing_binary
1587.0024434392992,0.99091184,0.011014769,5868998,eclipsing_binary
1587.003832318285,1.0146537,0.011059021,5868998,eclipsing_binary
1587.0052211968043,1.0115122,0.011042029,5868998,eclipsing_binary
1587.0066100757897,0.9952922,0.011031893,5868998,eclipsing_binary
1587.0079989547746,1.011339,0.011033801,5868998,eclipsing_binary
1587.00938783376,0.990253,0.011038126,5868998,eclipsing_binary
1587.0107767127458,0.99084955,0.011027244,5868998,eclipsing_binary
1587.0121655917317,0.98892987,0.011008474,5868998,eclipsing_binary
1587.0135544707166,0.9946493,0.0110175805,5868998,eclipsing_binary
1587.0149433492363,0.9830019,0.011007686,5868998,eclipsing_binary
1587.0163322282212,0.9885255,0.011018627,5868998,eclipsing_binary
1587.017721107207,0.99347085,0.011020984,5868998,eclipsing_binary
1587.019109986193,1.003948,0.0110166455,5868998,eclipsing_binary
1587.0204988651778,0.99180984,0.011022332,5868998,eclipsing_binary
1587.0218877441623,1.0045439,0.011028639,5868998,eclipsing_binary
1587.0232766226811,1.0200901,0.011057073,5868998,eclipsing_binary
1587.0246655016665,0.9940738,0.011009888,5868998,eclipsing_binary
1587.0260543806523,1.0174181,0.011056979,5868998,eclipsing_binary
1587.0274432596382,1.014816,0.011048761,5868998,eclipsing_binary
1587.028832138623,1.009369,0.0110274805,5868998,eclipsing_binary
1587.0302210171428,0.9886995,0.011021649,5868998,eclipsing_binary
1587.0316098961277,0.99145,0.011026917,5868998,eclipsing_binary
1587.0329987751136,0.99955124,0.011024708,5868998,eclipsing_binary
1587.0343876540994,0.98395205,0.010994576,5868998,eclipsing_binary
1587.0357765330848,0.98813164,0.011003691,5868998,eclipsing_binary
1587.037165411604,1.0035725,0.011029294,5868998,eclipsing_binary
1587.0385542905892,1.0053704,0.011020384,5868998,eclipsing_binary
1587.0399431695744,0.9931947,0.01101067,5868998,eclipsing_binary
1587.0413320485602,1.0210986,0.011049727,5868998,eclipsing_binary
1587.0427209270804,1.0200269,0.011062321,5868998,eclipsing_binary
1587.0441098060653,1.0127714,0.011026797,5868998,eclipsing_binary
1587.0454986850507,1.0055742,0.011025433,5868998,eclipsing_binary
1587.04688756357,0.99652183,0.01099972,5868998,eclipsing_binary
1587.0482764425553,1.009204,0.011020711,5868998,eclipsing_binary
1587.0496653215403,0.9981485,0.01100928,5868998,eclipsing_binary
1587.0510542005256,1.0099876,0.01101884,5868998,eclipsing_binary
1587.052443079045,1.026803,0.011050387,5868998,eclipsing_binary
1587.0538319580303,1.0104467,0.011027758,5868998,eclipsing_binary
1587.0552208370152,1.0109913,0.011022659,5868998,eclipsing_binary
1587.0566097155354,0.99933183,0.0110036945,5868998,eclipsing_binary
1587.0579985945212,0.9911,0.010982685,5868998,eclipsing_binary
1587.0593874735061,1.0149349,0.011026548,5868998,eclipsing_binary
1587.0607763520259,0.99719596,0.010992424,5868998,eclipsing_binary
1587.0621652310108,0.9945403,0.01101182,5868998,eclipsing_binary
1587.0635541099966,0.99620146,0.011015382,5868998,eclipsing_binary
1587.0649429885168,1.0064226,0.011016541,5868998,eclipsing_binary
1587.0663318675022,1.010618,0.011029469,5868998,eclipsing_binary
1587.067720746487,0.99722135,0.011003481,5868998,eclipsing_binary
1587.0691096250068,0.98306745,0.010979464,5868998,eclipsing_binary
1587.0704985039918,0.98898655,0.0109857395,5868998,eclipsing_binary
1587.0718873829776,0.9839158,0.010967804,5868998,eclipsing_binary
1587.0732762614978,0.99898237,0.011000797,5868998,eclipsing_binary
1587.0746651404822,0.99220884,0.010977568,5868998,eclipsing_binary
1587.076054019001,0.98580545,0.010966152,5868998,eclipsing_binary
1587.0774428979862,0.95841223,0.010943275,5868998,eclipsing_binary
1587.0788317769718,0.97073275,0.010941254,5868998,eclipsing_binary
1587.080220655492,0.96383935,0.010950116,5868998,eclipsing_binary
1587.0816095344774,0.962364,0.010925596,5868998,eclipsing_binary
1587.0829984129966,0.9740431,0.010953502,5868998,eclipsing_binary
1587.084387291982,0.9437062,0.010921907,5868998,eclipsing_binary
1587.085776170967,0.9589641,0.01094227,5868998,eclipsing_binary
1587.087165049487,0.95564115,0.01091135,5868998,eclipsing_binary
1587.088553928473,0.9380293,0.010898324,5868998,eclipsing_binary
1587.0899428069927,0.9672731,0.01092415,5868998,eclipsing_binary
1587.0913316859776,0.9502658,0.010900268,5868998,eclipsing_binary
1587.0927205644973,0.94234586,0.010915657,5868998,eclipsing_binary
1587.0941094434831,0.9520829,0.010912465,5868998,eclipsing_binary
1587.0954983220033,0.9538461,0.0109214075,5868998,eclipsing_binary
1587.0968872009882,0.9504619,0.010895687,5868998,eclipsing_binary
1587.0982760799734,0.9650757,0.010908865,5868998,eclipsing_binary
1587.099664958493,0.9633647,0.01090658,5868998,eclipsing_binary
1587.1010538374774,0.9483271,0.010891091,5868998,eclipsing_binary
1587.1024427159966,0.95250326,0.010879631,5868998,eclipsing_binary
1587.1038315949825,0.96586657,0.010918354,5868998,eclipsing_binary
1587.1052204735022,0.9652512,0.010925174,5868998,eclipsing_binary
1587.106609352487,0.9676579,0.010929321,5868998,eclipsing_binary
1587.1079982310068,0.98688626,0.010998622,5868998,eclipsing_binary
1587.1093871099918,0.97444576,0.010937156,5868998,eclipsing_binary
1587.110775988512,0.9682889,0.010924027,5868998,eclipsing_binary
1587.112164867032,0.98315525,0.010950168,5868998,eclipsing_binary
1587.1135537460175,0.9983445,0.010960842,5868998,eclipsing_binary
1587.1149426245368,0.98825645,0.010955754,5868998,eclipsing_binary
1587.1163315035221,1.0007437,0.010969029,5868998,eclipsing_binary
1587.1177203820423,0.9925189,0.010949246,5868998,eclipsing_binary
1587.119109261028,0.9959456,0.010957606,5868998,eclipsing_binary
1587.1204981395474,1.0159186,0.0109869,5868998,eclipsing_binary
1587.1218870185323,1.0011098,0.010971523,5868998,eclipsing_binary
1587.123275897052,1.0155586,0.011028657,5868998,eclipsing_binary
1587.124664776037,0.9924063,0.010950142,5868998,eclipsing_binary
1587.1260536545572,1.0058173,0.010970168,5868998,eclipsing_binary
1587.1274425330769,1.0085163,0.010997885,5868998,eclipsing_binary
1587.1288314120613,0.9953728,0.010955202,5868998,eclipsing_binary
1587.1302202905806,1.0046902,0.010964515,5868998,eclipsing_binary
1587.131609169566,0.9906941,0.0109629035,5868998,eclipsing_binary
1587.1329980480862,0.9778959,0.0109358,5868998,eclipsing_binary
1587.1343869266063,1.0063423,0.0109654665,5868998,eclipsing_binary
1587.1357758055913,0.9939071,0.010988637,5868998,eclipsing_binary
1587.1371646841108,0.9886931,0.01094404,5868998,eclipsing_binary
1587.1385535626302,0.983644,0.010957598,5868998,eclipsing_binary
1587.1399424416152,0.98170334,0.010936868,5868998,eclipsing_binary
1587.1413313201354,1.0024831,0.010969515,5868998,eclipsing_binary
1587.1427201991212,0.99849945,0.01095358,5868998,eclipsing_binary
1587.144109077641,1.0097098,0.010959111,5868998,eclipsing_binary
1587.1454979561602,1.0114651,0.01096292,5868998,eclipsing_binary
1587.1468868351456,0.97199875,0.010899892,5868998,eclipsing_binary
1587.1482757136657,0.9901167,0.010947816,5868998,eclipsing_binary
1587.149664592186,0.98542666,0.010938775,5868998,eclipsing_binary
1587.1510534711708,1.0006317,0.010949806,5868998,eclipsing_binary
1587.1524423496905,0.97842944,0.010929414,5868998,eclipsing_binary
1587.1538312282094,1.0172366,0.010972162,5868998,eclipsing_binary
1587.1552201071938,0.9984763,0.010946209,5868998,eclipsing_binary
1587.156608985714,0.9916498,0.01095054,5868998,eclipsing_binary
1587.157997864234,0.9932936,0.010951066,5868998,eclipsing_binary
1587.1593867427534,0.996665,0.010954641,5868998,eclipsing_binary
1587.1607756217384,1.004417,0.010951469,5868998,eclipsing_binary
1587.162164500258,1.0086292,0.011003752,5868998,eclipsing_binary
1587.1635533787783,1.0083108,0.010955883,5868998,eclipsing_binary
1587.164942257764,0.9909658,0.010927289,5868998,eclipsing_binary
1587.1663311362834,0.9999971,0.010940955,5868998,eclipsing_binary
1587.167720014803,0.99381125,0.010925777,5868998,eclipsing_binary
1587.1691088933223,0.99464667,0.0109322285,5868998,eclipsing_binary
1587.1704977723077,1.0058659,0.01094494,5868998,eclipsing_binary
1587.171886650828,1.0043718,0.010941097,5868998,eclipsing_binary
1587.173275529348,0.99001795,0.01094272,5868998,eclipsing_binary
1587.1746644078673,1.0077546,0.010951351,5868998,eclipsing_binary
1587.1760532868527,0.9834694,0.0109205805,5868998,eclipsing_binary
1587.177442165372,1.0083612,0.010945392,5868998,eclipsing_binary
1587.1788310438922,0.9990581,0.010948334,5868998,eclipsing_binary
1587.1802199224114,0.99344623,0.010934649,5868998,eclipsing_binary
1587.1816088009302,1.0204505,0.010961114,5868998,eclipsing_binary
1587.1829976799156,0.9927518,0.010921151,5868998,eclipsing_binary
1587.1843865584349,0.99326825,0.010918037,5868998,eclipsing_binary
1587.1857754369546,1.0122784,0.010947354,5868998,eclipsing_binary
1587.1871643154748,1.0045377,0.010931736,5868998,eclipsing_binary
1587.188553193995,1.0097901,0.010988059,5868998,eclipsing_binary
1587.1899420729799,1.0030084,0.01092767,5868998,eclipsing_binary
1587.1913309514996,0.9933052,0.010923145,5868998,eclipsing_binary
1587.1927198300189,1.0097319,0.010966398,5868998,eclipsing_binary
1587.194108708539,1.0028226,0.010927891,5868998,eclipsing_binary
1587.1954975870592,1.0043935,0.010936749,5868998,eclipsing_binary
1587.196886465579,1.008496,0.010943932,5868998,eclipsing_binary
1587.1982753440982,1.0138966,0.01093162,5868998,eclipsing_binary
1587.1996642230831,1.0071529,0.010931034,5868998,eclipsing_binary
1587.2010531016028,0.9952664,0.010916404,5868998,eclipsing_binary
1587.202441980123,1.0038148,0.010938527,5868998,eclipsing_binary
1587.2038308586432,0.97536176,0.0108887255,5868998,eclipsing_binary
1587.205219737162,1.0063635,0.010927488,5868998,eclipsing_binary
1587.2066086156808,1.0079195,0.01094402,5868998,eclipsing_binary
1587.2079974942,0.99683124,0.010908758,5868998,eclipsing_binary
1587.2093863727202,1.0039151,0.010926401,5868998,eclipsing_binary
1587.2107752512404,1.0145565,0.010944245,5868998,eclipsing_binary
1587.2121641302258,1.0032849,0.010924658,5868998,eclipsing_binary
1587.213553008745,1.0217918,0.010943225,5868998,eclipsing_binary
1587.2149418872648,1.0074272,0.0109252455,5868998,eclipsing_binary
1587.216330765784,1.0073076,0.010944077,5868998,eclipsing_binary
1587.2177196443042,0.99418616,0.010913945,5868998,eclipsing_binary
1587.2191085228244,0.98827934,0.010896104,5868998,eclipsing_binary
1587.2204974013437,1.0100983,0.010944414,5868998,eclipsing_binary
1587.2218862798634,0.99636817,0.010925693,5868998,eclipsing_binary
1587.2232751583826,1.0085992,0.010916635,5868998,eclipsing_binary
1587.2246640369028,0.9868533,0.010908238,5868998,eclipsing_binary
1587.226052915423,1.0091463,0.010931816,5868998,eclipsing_binary
1587.2274417939427,1.011812,0.010933322,5868998,eclipsing_binary
1587.228830672462,0.9882917,0.010884703,5868998,eclipsing_binary
1587.2302195509817,0.9935027,0.010884817,5868998,eclipsing_binary
1587.2316084295005,1.0035319,0.010911163,5868998,eclipsing_binary
1587.2329973080198,0.98442566,0.010886247,5868998,eclipsing_binary
1587.23438618654,1.0168337,0.010975671,5868998,eclipsing_binary
1587.2357750650597,1.0013905,0.01091256,5868998,eclipsing_binary
1587.237163943579,1.0061754,0.0109240785,5868998,eclipsing_binary
1587.2385528220982,1.0022074,0.010919369,5868998,eclipsing_binary
1587.2399417006184,1.0010414,0.010898447,5868998,eclipsing_binary
1587.2413305791385,0.988629,0.01088705,5868998,eclipsing_binary
1587.2427194576583,1.0114005,0.010921846,5868998,eclipsing_binary
1587.2441083361775,1.0210022,0.010941962,5868998,eclipsing_binary
1587.2454972146973,1.0087863,0.010911216,5868998,eclipsing_binary
1587.2468860932165,0.99334323,0.010919518,5868998,eclipsing_binary
1587.2482749717367,1.0033623,0.010909654,5868998,eclipsing_binary
1587.2496638502569,0.99586576,0.01090156,5868998,eclipsing_binary
1587.2510527287766,0.99533105,0.010896267,5868998,eclipsing_binary
1587.2524416072959,1.0259267,0.01094436,5868998,eclipsing_binary
1587.2538304858156,0.98831874,0.010883012,5868998,eclipsing_binary
1587.2552193643357,1.0146822,0.010929235,5868998,eclipsing_binary
1587.256608242856,0.98755604,0.010885924,5868998,eclipsing_binary
1587.2579971209088,1.0020092,0.010911319,5868998,eclipsing_binary
1587.2593859994274,0.99144167,0.010895894,5868998,eclipsing_binary
1587.2607748779471,1.008716,0.010916139,5868998,eclipsing_binary
1587.2621637564664,0.99445194,0.010880947,5868998,eclipsing_binary
1587.2635526349866,1.0018407,0.010905287,5868998,eclipsing_binary
1587.2649415135068,1.0089499,0.010900297,5868998,eclipsing_binary
1587.2663303920265,1.0012748,0.010906817,5868998,eclipsing_binary
1587.2677192705457,0.9946589,0.010910857,5868998,eclipsing_binary
1587.2691081490655,0.9985146,0.010904674,5868998,eclipsing_binary
1587.270497027119,1.0128031,0.010910402,5868998,eclipsing_binary
1587.2718859056392,0.9941813,0.010881592,5868998,eclipsing_binary
1587.2732747841594,0.99824077,0.010885798,5868998,eclipsing_binary
1587.2746636626791,0.98269516,0.01088363,5868998,eclipsing_binary
1587.2760525411984,0.97491866,0.010829764,5868998,eclipsing_binary
1587.277441419718,0.9960642,0.010886802,5868998,eclipsing_binary
1587.2788302977722,1.0063063,0.010891962,5868998,eclipsing_binary
1587.2802191762923,1.0000648,0.010906683,5868998,eclipsing_binary
1587.281608054812,0.98511314,0.010895252,5868998,eclipsing_binary
1587.2829969333309,0.9907535,0.010887357,5868998,eclipsing_binary
1587.2843858118497,0.98728293,0.01086457,5868998,eclipsing_binary
1587.2857746899033,1.005283,0.010888718,5868998,eclipsing_binary
1587.2871635684235,1.0095704,0.010902694,5868998,eclipsing_binary
1587.2885524469436,0.9917063,0.0109045245,5868998,eclipsing_binary
1587.2899413254634,1.0132592,0.010962835,5868998,eclipsing_binary
1587.2913302039826,0.99346584,0.010863907,5868998,eclipsing_binary
1587.2927190820367,1.0080264,0.010902296,5868998,eclipsing_binary
1587.2941079605569,0.98776174,0.010892605,5868998,eclipsing_binary
1587.295496839077,1.0017892,0.010901209,5868998,eclipsing_binary
1587.2968857175963,0.9835833,0.010863092,5868998,eclipsing_binary
1587.29827459565,1.0071492,0.010891177,5868998,eclipsing_binary
1587.2996634741696,0.9744196,0.0108450875,5868998,eclipsing_binary
1587.3010523526889,1.0064616,0.010906312,5868998,eclipsing_binary
1587.302441231209,0.98977005,0.010882377,5868998,eclipsing_binary
1587.3038301092636,1.0182424,0.010908814,5868998,eclipsing_binary
1587.3052189877833,0.990091,0.010869165,5868998,eclipsing_binary
1587.3066078663026,1.0104227,0.01092112,5868998,eclipsing_binary
1587.3079967448223,1.0033239,0.0108947195,5868998,eclipsing_binary
1587.3093856228759,1.007046,0.01090287,5868998,eclipsing_binary
1587.3107745013956,0.9891735,0.010854069,5868998,eclipsing_binary
1587.3121633799149,1.0062342,0.010905023,5868998,eclipsing_binary
1587.313552257969,0.9949197,0.010871202,5868998,eclipsing_binary
1587.3149411364882,0.979556,0.010854686,5868998,eclipsing_binary
1587.3163300150077,1.0117968,0.01089254,5868998,eclipsing_binary
1587.317718893062,0.978625,0.01083348,5868998,eclipsing_binary
1587.3191077715821,1.0059016,0.0108848065,5868998,eclipsing_binary
1587.3204966501019,0.995681,0.010859759,5868998,eclipsing_binary
1587.3218855281555,1.0002098,0.01087521,5868998,eclipsing_binary
1587.3232744066752,0.98206675,0.010860254,5868998,eclipsing_binary
1587.3246632851954,1.0057329,0.010880925,5868998,eclipsing_binary
1587.3260521632499,0.9789648,0.010890511,5868998,eclipsing_binary
1587.3274410417691,1.012786,0.010895289,5868998,eclipsing_binary
1587.3288299202889,0.9748622,0.010837211,5868998,eclipsing_binary
1587.3302187983425,1.0068338,0.0108940685,5868998,eclipsing_binary
1587.3316076768622,0.97625166,0.010830911,5868998,eclipsing_binary
1587.3329965549167,0.98523504,0.010837918,5868998,eclipsing_binary
1587.334385433436,1.014942,0.010890081,5868998,eclipsing_binary
1587.3357743119548,0.97700286,0.010833719,5868998,eclipsing_binary
1587.3371631900084,0.9827121,0.010893537,5868998,eclipsing_binary
1587.338552068528,0.99241906,0.010862762,5868998,eclipsing_binary
1587.3399409465826,0.9909538,0.010872074,5868998,eclipsing_binary
1587.3413298251028,1.0063236,0.010894049,5868998,eclipsing_binary
1587.342718703622,0.9981132,0.010856824,5868998,eclipsing_binary
1587.344107581676,1.0112672,0.010882212,5868998,eclipsing_binary
1587.3454964601954,1.0020231,0.01086752,5868998,eclipsing_binary
1587.3468853382494,0.999965,0.010863198,5868998,eclipsing_binary
1587.3482742167696,0.9781653,0.010872318,5868998,eclipsing_binary
1587.349663094824,0.9943015,0.0108515015,5868998,eclipsing_binary
1587.3510519733434,1.0068607,0.010883712,5868998,eclipsing_binary
1587.3524408513974,0.99605054,0.010853998,5868998,eclipsing_binary
1587.3538297299167,1.005002,0.010883301,5868998,eclipsing_binary
1587.3552186079712,0.98509896,0.010820146,5868998,eclipsing_binary
1587.3566074864914,1.0128531,0.010893134,5868998,eclipsing_binary
1587.3579963650109,1.0075253,0.0108862575,5868998,eclipsing_binary
1587.3593852430647,1.0099043,0.010872332,5868998,eclipsing_binary
1587.3607741215835,0.99716395,0.0108747315,5868998,eclipsing_binary
1587.3621629996367,0.97928387,0.010821073,5868998,eclipsing_binary
1587.3635518781568,0.98717135,0.010834996,5868998,eclipsing_binary
1587.3649407562114,1.0087314,0.010910768,5868998,eclipsing_binary
1587.366329634265,0.9924885,0.010853516,5868998,eclipsing_binary
1587.3677185127847,0.9848536,0.010839221,5868998,eclipsing_binary
1587.3691073908383,1.0117952,0.010869222,5868998,eclipsing_binary
1587.3704962693585,1.0020334,0.010857284,5868998,eclipsing_binary
1587.371885147413,0.9956242,0.010859435,5868998,eclipsing_binary
1587.3732740259327,0.99807084,0.010875573,5868998,eclipsing_binary
1587.3746629039863,0.9984905,0.010868161,5868998,eclipsing_binary
1587.3760517825058,0.9962579,0.010886663,5868998,eclipsing_binary
1587.3774406605596,0.986439,0.010846398,5868998,eclipsing_binary
1587.3788295390798,1.0130581,0.010876901,5868998,eclipsing_binary
1587.3802184171343,1.0171585,0.010877535,5868998,eclipsing_binary
1587.381607295188,0.99073327,0.010841522,5868998,eclipsing_binary
1587.3829961737076,0.990168,0.010878752,5868998,eclipsing_binary
1587.3843850517612,1.0007658,0.01086259,5868998,eclipsing_binary
1587.385773930281,1.0142303,0.010893315,5868998,eclipsing_binary
1587.3871628083346,1.0104659,0.010876051,5868998,eclipsing_binary
1587.3885516863886,0.9741017,0.010813662,5868998,eclipsing_binary
1587.3899405649079,1.0040776,0.01087251,5868998,eclipsing_binary
1587.391329442962,0.9951581,0.01086492,5868998,eclipsing_binary
1587.3927183214812,1.0160553,0.01089652,5868998,eclipsing_binary
1587.3941071995357,0.992961,0.010848171,5868998,eclipsing_binary
1587.3954960775902,0.9966604,0.0108666625,5868998,eclipsing_binary
1587.3968849561097,0.9945398,0.010853894,5868998,eclipsing_binary
1587.3982738341635,1.0049376,0.010879561,5868998,eclipsing_binary
1587.3996627122172,1.0078806,0.010901466,5868998,eclipsing_binary
1587.4010515907373,0.9987855,0.010860433,5868998,eclipsing_binary
1587.4024404687918,0.9804568,0.010875913,5868998,eclipsing_binary
1587.403829346846,0.99756074,0.010846308,5868998,eclipsing_binary
1587.4052182253652,1.0050651,0.010910668,5868998,eclipsing_binary
1587.4066071034192,0.9909495,0.010858009,5868998,eclipsing_binary
1587.4079959814728,0.9997535,0.010877594,5868998,eclipsing_binary
1587.409384859993,0.99023217,0.010844208,5868998,eclipsing_binary
1587.4107737380475,1.0025666,0.010867101,5868998,eclipsing_binary
1587.4121626161007,0.9961244,0.010855597,5868998,eclipsing_binary
1587.4135514946195,1.0151551,0.010880164,5868998,eclipsing_binary
1587.4149403726733,0.9894875,0.010844532,5868998,eclipsing_binary
1587.4163292507271,0.99549514,0.010861099,5868998,eclipsing_binary
1587.4177181287816,1.0049065,0.010890763,5868998,eclipsing_binary
1587.4191070073018,1.0010691,0.010857806,5868998,eclipsing_binary
1587.4204958853554,0.9831246,0.010837905,5868998,eclipsing_binary
1587.4218847634095,1.0119448,0.010874974,5868998,eclipsing_binary
1587.423273641463,0.9864037,0.010828526,5868998,eclipsing_binary
1587.4246625199833,0.99223334,0.010861679,5868998,eclipsing_binary
1587.4260513980378,0.9952997,0.01085661,5868998,eclipsing_binary
1587.4274402760918,1.0107263,0.010877307,5868998,eclipsing_binary
1587.4288291541454,1.0160189,0.01088272,5868998,eclipsing_binary
1587.4302180326652,1.0148523,0.010885429,5868998,eclipsing_binary
1587.4316069107188,0.9976323,0.010849227,5868998,eclipsing_binary
1587.4329957887733,1.0006412,0.0108602485,5868998,eclipsing_binary
1587.4343846668278,0.9880156,0.010835129,5868998,eclipsing_binary
1587.4357735448818,1.0143162,0.010925164,5868998,eclipsing_binary
1587.4371624234004,1.0105503,0.010879801,5868998,eclipsing_binary
1587.4385513014533,0.9913011,0.010856924,5868998,eclipsing_binary
1587.4399401795079,0.9927817,0.010840486,5868998,eclipsing_binary
1587.4413290575624,1.000387,0.010872944,5868998,eclipsing_binary
1587.4427179356164,0.9921071,0.01083793,5868998,eclipsing_binary
1587.4441068141357,0.9894004,0.010852827,5868998,eclipsing_binary
1587.4454956921898,0.98790365,0.010834114,5868998,eclipsing_binary
1587.4468845702434,0.98296386,0.010829304,5868998,eclipsing_binary
1587.4482734482979,1.0080123,0.010862406,5868998,eclipsing_binary
1587.4496623263524,0.99459696,0.010856834,5868998,eclipsing_binary
1587.4510512044064,1.0126873,0.010870809,5868998,eclipsing_binary
1587.45244008246,0.99236053,0.010853089,5868998,eclipsing_binary
1587.4538289609798,0.998795,0.010847305,5868998,eclipsing_binary
1587.4552178390343,1.003861,0.01091293,5868998,eclipsing_binary
1587.4566067170886,1.0079591,0.010867855,5868998,eclipsing_binary
1587.4579955951424,0.99676293,0.010849795,5868998,eclipsing_binary
1587.459384473196,0.9965493,0.0108589,5868998,eclipsing_binary
1587.46077335125,0.9890059,0.010850527,5868998,eclipsing_binary
1587.4621622293032,1.0114399,0.010884495,5868998,eclipsing_binary
1587.4635511073568,0.9885482,0.010839034,5868998,eclipsing_binary
1587.4649399854113,1.0036308,0.010845213,5868998,eclipsing_binary
1587.466328863931,0.9919553,0.010847836,5868998,eclipsing_binary
1587.4677177419846,0.99340355,0.010843091,5868998,eclipsing_binary
1587.4691066200387,1.0131537,0.010891874,5868998,eclipsing_binary
1587.4704954980932,0.9978355,0.010843774,5868998,eclipsing_binary
1587.4718843761477,0.99587655,0.010830879,5868998,eclipsing_binary
1587.4732732542013,1.0118762,0.010870604,5868998,eclipsing_binary
1587.4746621322554,1.0111954,0.010886837,5868998,eclipsing_binary
1587.476051010309,0.9875179,0.010846235,5868998,eclipsing_binary
1587.4774398883626,0.9916508,0.01083677,5868998,eclipsing_binary
1587.478828766417,0.9924232,0.010836965,5868998,eclipsing_binary
1587.4802176444716,1.0214964,0.010880281,5868998,eclipsing_binary
1587.4816065225257,0.9963592,0.010853859,5868998,eclipsing_binary
1587.4829954005793,0.9982608,0.010847055,5868998,eclipsing_binary
1587.4843842786333,0.99131036,0.010877219,5868998,eclipsing_binary
1587.4857731566879,0.9935336,0.010896093,5868998,eclipsing_binary
1587.4871620347424,1.0027498,0.010862897,5868998,eclipsing_binary
1587.4885509127955,1.0182707,0.010885585,5868998,eclipsing_binary
1587.4899397908487,1.0108545,0.010861331,5868998,eclipsing_binary
1587.4913286689023,1.0041393,0.010898321,5868998,eclipsing_binary
1587.4927175469563,0.99002355,0.010837406,5868998,eclipsing_binary
1587.4941064250108,1.0006264,0.010851528,5868998,eclipsing_binary
1587.4954953030651,1.0015318,0.010856568,5868998,eclipsing_binary
1587.496884181119,0.9829499,0.010826518,5868998,eclipsing_binary
1587.4982730591726,1.0004272,0.010843882,5868998,eclipsing_binary
1587.4996619372266,1.0014601,0.010846306,5868998,eclipsing_binary
1587.5010508152811,0.997794,0.010851484,5868998,eclipsing_binary
1587.5024396933356,0.9882654,0.010841318,5868998,eclipsing_binary
1587.5038285713892,1.0147358,0.010877541,5868998,eclipsing_binary
1587.5052174494433,1.0027764,0.010858984,5868998,eclipsing_binary
1587.5066063270312,0.99279183,0.010839408,5868998,eclipsing_binary
1587.5079952050853,0.9934054,0.010837335,5868998,eclipsing_binary
1587.5093840831398,0.983522,0.010842699,5868998,eclipsing_binary
1587.5107729611943,1.0014986,0.010850819,5868998,eclipsing_binary
1587.512161839248,0.98609716,0.010834716,5868998,eclipsing_binary
1587.513550717301,1.0029644,0.010841155,5868998,eclipsing_binary
1587.5149395953542,0.9850567,0.010822135,5868998,eclipsing_binary
1587.5163284734087,1.0214314,0.0108693605,5868998,eclipsing_binary
1587.5177173514633,0.9929805,0.010894391,5868998,eclipsing_binary
1587.5191062290512,1.0170459,0.010901603,5868998,eclipsing_binary
1587.5204951071053,0.9835233,0.010824265,5868998,eclipsing_binary
1587.5218839851589,1.0057114,0.010856177,5868998,eclipsing_binary
1587.523272863213,0.99552786,0.010850897,5868998,eclipsing_binary
1587.5246617412674,1.0082214,0.010870691,5868998,eclipsing_binary
1587.526050619322,0.9831949,0.01080992,5868998,eclipsing_binary
1587.5274394973756,0.9887344,0.010822426,5868998,eclipsing_binary
1587.528828374964,1.0063467,0.010852774,5868998,eclipsing_binary
1587.5302172530176,1.0089859,0.010872592,5868998,eclipsing_binary
1587.531606131072,1.0000037,0.010852242,5868998,eclipsing_binary
1587.5329950091266,0.995558,0.010895108,5868998,eclipsing_binary
1587.5343838871806,0.9890115,0.010847284,5868998,eclipsing_binary
1587.5357727647686,1.000352,0.010842981,5868998,eclipsing_binary
1587.5371616428222,1.0052912,0.010859872,5868998,eclipsing_binary
1587.5385505208753,1.0021567,0.0108611025,5868998,eclipsing_binary
1587.5399393989294,1.0043079,0.010858131,5868998,eclipsing_binary
1587.541328276984,1.0121938,0.010867375,5868998,eclipsing_binary
1587.5427171545718,0.9870777,0.01082381,5868998,eclipsing_binary
1587.544106032626,1.0073642,0.010863944,5868998,eclipsing_binary
1587.5454949106795,1.0061398,0.010890604,5868998,eclipsing_binary
1587.546883788734,0.99021715,0.01084769,5868998,eclipsing_binary
1587.5482726663229,0.9994452,0.010867326,5868998,eclipsing_binary
1587.549661544377,1.0037532,0.010877393,5868998,eclipsing_binary
1587.5510504224305,1.0093219,0.010866384,5868998,eclipsing_binary
1587.5524393004846,1.0003585,0.01085409,5868998,eclipsing_binary
1587.5538281780725,1.0068564,0.0108602205,5868998,eclipsing_binary
1587.555217056127,0.98565555,0.010828817,5868998,eclipsing_binary
1587.5566059341816,1.0028355,0.010850243,5868998,eclipsing_binary
1587.5579948117695,0.9906523,0.010837693,5868998,eclipsing_binary
1587.5593836898236,1.0075614,0.010859048,5868998,eclipsing_binary
1587.5607725678772,0.9991759,0.010841697,5868998,eclipsing_binary
1587.5621614459317,1.0016183,0.010884271,5868998,eclipsing_binary
1587.56355032352,0.99671966,0.010851341,5868998,eclipsing_binary
1587.5649392015732,0.9942019,0.010837772,5868998,eclipsing_binary
1587.5663280796268,1.0162262,0.0108726965,5868998,eclipsing_binary
1587.5677169572152,1.0009011,0.010860996,5868998,eclipsing_binary
1587.5691058352688,0.994088,0.010837446,5868998,eclipsing_binary
1587.5704947133233,1.0008209,0.010852436,5868998,eclipsing_binary
1587.5718835909122,1.0117906,0.010873719,5868998,eclipsing_binary
1587.5732724689663,1.0311432,0.010891144,5868998,eclipsing_binary
1587.5746613470199,0.9921618,0.010834153,5868998,eclipsing_binary
1587.5760502246078,0.99038374,0.010825165,5868998,eclipsing_binary
1587.5774391026619,1.0029285,0.010858704,5868998,eclipsing_binary
1587.5788279802507,0.9920306,0.010839138,5868998,eclipsing_binary
1587.5802168583052,0.9886406,0.010820883,5868998,eclipsing_binary
1587.5816057363588,1.0119594,0.010891981,5868998,eclipsing_binary
1587.5829946139472,0.9924536,0.0108492775,5868998,eclipsing_binary
1587.5843834920008,1.0068281,0.0108518535,5868998,eclipsing_binary
1587.5857723695897,0.99552613,0.010831694,5868998,eclipsing_binary
1587.5871612476442,1.0180976,0.010891049,5868998,eclipsing_binary
1587.5885501256973,0.9849183,0.010817632,5868998,eclipsing_binary
1587.5899390032848,1.0004646,0.010855642,5868998,eclipsing_binary
1587.5913278813389,0.99822867,0.010839,5868998,eclipsing_binary
1587.5927167589268,0.99227464,0.010858262,5868998,eclipsing_binary
1587.5941056369813,1.0054935,0.010907071,5868998,eclipsing_binary
1587.5954945145702,0.9926318,0.010866446,5868998,eclipsing_binary
1587.5968833926238,1.0085238,0.010891267,5868998,eclipsing_binary
1587.5982722706779,0.99993044,0.010850629,5868998,eclipsing_binary
1587.5996611482658,1.0186563,0.010887145,5868998,eclipsing_binary
1587.6010500263203,1.0007018,0.010843679,5868998,eclipsing_binary
1587.6024389039092,0.996626,0.010839162,5868998,eclipsing_binary
1587.6038277819632,0.9984235,0.010844376,5868998,eclipsing_binary
1587.6052166595512,0.9901275,0.010824483,5868998,eclipsing_binary
1587.6066055376052,1.0038735,0.010853157,5868998,eclipsing_binary
1587.6079944151932,0.97895306,0.010854066,5868998,eclipsing_binary
1587.6093832932477,1.00007,0.010851079,5868998,eclipsing_binary
1587.6107721708365,0.9941138,0.0108376695,5868998,eclipsing_binary
1587.6121610488906,0.99927074,0.010835026,5868998,eclipsing_binary
1587.6135499264778,0.9883002,0.010824511,5868998,eclipsing_binary
1587.6149388045308,1.024698,0.010874108,5868998,eclipsing_binary
1587.6163276821196,0.99327976,0.010852463,5868998,eclipsing_binary
1587.6177165601741,1.0127894,0.010870287,5868998,eclipsing_binary
1587.6191054377625,1.0022005,0.010842684,5868998,eclipsing_binary
1587.6204943153505,0.98951215,0.010845188,5868998,eclipsing_binary
1587.6218831934045,1.0066249,0.010870256,5868998,eclipsing_binary
1587.6232720709925,1.0020131,0.010844144,5868998,eclipsing_binary
1587.624660949047,0.994242,0.010817047,5868998,eclipsing_binary
1587.6260498266358,1.0024682,0.010843917,5868998,eclipsing_binary
1587.62743870469,0.99035233,0.010840193,5868998,eclipsing_binary
1587.6288275822778,0.9892021,0.010828397,5868998,eclipsing_binary
1587.6302164598662,0.9870288,0.010829895,5868998,eclipsing_binary
1587.6316053379207,0.990691,0.010825298,5868998,eclipsing_binary
1587.6329942155096,0.99423045,0.010828917,5868998,eclipsing_binary
1587.6343830935632,0.9954866,0.010887312,5868998,eclipsing_binary
1587.6357719711514,1.011551,0.010873379,5868998,eclipsing_binary
1587.6371608487395,1.0032862,0.010860195,5868998,eclipsing_binary
1587.6385497267927,0.99819136,0.010858689,5868998,eclipsing_binary
1587.6399386043806,1.0097463,0.010872587,5868998,eclipsing_binary
1587.6413274824351,0.99952286,0.010838781,5868998,eclipsing_binary
1587.6427163600235,1.0133127,0.010857204,5868998,eclipsing_binary
1587.6441052376115,1.0215561,0.010881496,5868998,eclipsing_binary
1587.6454941156655,0.9957588,0.010845443,5868998,eclipsing_binary
1587.6468829932544,0.9956777,0.01086304,5868998,eclipsing_binary
1587.6482718708432,1.0127449,0.010860379,5868998,eclipsing_binary
1587.6496607488968,1.0073929,0.010861439,5868998,eclipsing_binary
1587.6510496264852,1.0009491,0.010855568,5868998,eclipsing_binary
1587.6524385040732,1.001909,0.010854905,5868998,eclipsing_binary
1587.653827382127,0.9907112,0.010853523,5868998,eclipsing_binary
1587.6552162597156,1.0073634,0.010868659,5868998,eclipsing_binary
1587.6566051373045,0.9941951,0.010826259,5868998,eclipsing_binary
1587.6579940153586,0.99328935,0.010853687,5868998,eclipsing_binary
1587.6593828929465,1.0023582,0.010854892,5868998,eclipsing_binary
1587.660771770535,1.0134286,0.010869931,5868998,eclipsing_binary
1587.6621606481237,0.99863434,0.0108305095,5868998,eclipsing_binary
1587.6635495261773,0.99231875,0.010820554,5868998,eclipsing_binary
1587.6649384037648,1.0028405,0.010835263,5868998,eclipsing_binary
1587.6663272813532,1.0046805,0.010857311,5868998,eclipsing_binary
1587.6677161589412,0.9964472,0.010838763,5868998,eclipsing_binary
1587.6691050369952,1.0102779,0.010855104,5868998,eclipsing_binary
1587.670493914584,0.9884354,0.010833156,5868998,eclipsing_binary
1587.671882792173,0.99764663,0.010839096,5868998,eclipsing_binary
1587.6732716697609,0.9920104,0.010859758,5868998,eclipsing_binary
1587.6746605478147,1.017222,0.010866353,5868998,eclipsing_binary
1587.6760494254029,0.9865298,0.01083709,5868998,eclipsing_binary
1587.6774383029917,1.0119729,0.01087591,5868998,eclipsing_binary
1587.6788271805806,1.0035545,0.010838475,5868998,eclipsing_binary
1587.6802160586342,1.0008718,0.010833225,5868998,eclipsing_binary
1587.6816049362226,0.9965331,0.010829449,5868998,eclipsing_binary
1587.6829938138105,1.0014634,0.010841425,5868998,eclipsing_binary
1587.684382691399,0.9883358,0.010833868,5868998,eclipsing_binary
1587.6857715689878,1.0275139,0.010904881,5868998,eclipsing_binary
1587.6871604465766,1.0144424,0.010861967,5868998,eclipsing_binary
1587.6885493246298,1.0144242,0.010860753,5868998,eclipsing_binary
1587.6899382022173,1.0000671,0.010837484,5868998,eclipsing_binary
1587.6913270798052,1.0123059,0.010864955,5868998,eclipsing_binary
1587.692715957394,1.0177323,0.010866224,5868998,eclipsing_binary
1587.694104834983,0.99864084,0.0108338725,5868998,eclipsing_binary
1587.6954937125709,1.0101771,0.010845696,5868998,eclipsing_binary
1587.696882590625,1.001871,0.010848346,5868998,eclipsing_binary
1587.6982714682129,0.98772395,0.010813647,5868998,eclipsing_binary
1587.6996603458012,1.0113233,0.010866733,5868998,eclipsing_binary
1587.70104922339,1.0069548,0.010855432,5868998,eclipsing_binary
1587.702438100979,1.0045375,0.010856927,5868998,eclipsing_binary
1587.703826978567,1.0008416,0.010841995,5868998,eclipsing_binary
1587.7052158561553,0.9970538,0.010883481,5868998,eclipsing_binary
1587.7066047337432,0.9885255,0.010830066,5868998,eclipsing_binary
1587.707993611332,0.9873673,0.010823431,5868998,eclipsing_binary
1587.7093824893866,0.9869848,0.01082589,5868998,eclipsing_binary
1587.710771366975,0.9868532,0.010816178,5868998,eclipsing_binary
1587.712160244563,0.9727,0.01079879,5868998,eclipsing_binary
1587.7135491221504,0.9855909,0.010811565,5868998,eclipsing_binary
1587.714937999738,0.97716576,0.01079204,5868998,eclipsing_binary
1587.7163268773268,0.97527426,0.01081103,5868998,eclipsing_binary
1587.7177157549156,0.9517084,0.010769869,5868998,eclipsing_binary
1587.7191046325036,0.94461334,0.010745258,5868998,eclipsing_binary
1587.720493510092,0.97224563,0.010799814,5868998,eclipsing_binary
1587.72188238768,0.9640322,0.01077268,5868998,eclipsing_binary
1587.7232712652683,0.9597836,0.0107655525,5868998,eclipsing_binary
1587.7246601428571,0.96422863,0.010782344,5868998,eclipsing_binary
1587.726049020446,0.9553753,0.010767032,5868998,eclipsing_binary
1587.727437898034,0.9513296,0.01077148,5868998,eclipsing_binary
1587.7288267756223,0.96697223,0.010779842,5868998,eclipsing_binary
1587.7302156532103,0.9445928,0.010750929,5868998,eclipsing_binary
1587.7316045307991,0.9494763,0.010764385,5868998,eclipsing_binary
1587.732993408388,0.9494216,0.010746337,5868998,eclipsing_binary
1587.7343822859762,0.9437755,0.010801886,5868998,eclipsing_binary
1587.7357711635643,0.97093076,0.010782532,5868998,eclipsing_binary
1587.7371600411518,0.96000135,0.010788265,5868998,eclipsing_binary
1587.7385489187393,0.95865506,0.010777326,5868998,eclipsing_binary
1587.7399377963281,0.97241783,0.01080008,5868998,eclipsing_binary
1587.741326673917,0.9718126,0.010790638,5868998,eclipsing_binary
1587.742715551505,0.97625655,0.010785704,5868998,eclipsing_binary
1587.7441044290933,0.9738814,0.010790317,5868998,eclipsing_binary
1587.7454933066813,0.98537457,0.010813646,5868998,eclipsing_binary
1587.7468821842701,0.9593382,0.010804352,5868998,eclipsing_binary
1587.748271061859,0.98600924,0.010813558,5868998,eclipsing_binary
1587.7496599394474,0.97421616,0.010788538,5868998,eclipsing_binary
1587.7510488165697,0.9931523,0.010819663,5868998,eclipsing_binary
1587.752437694158,1.0075924,0.010852917,5868998,eclipsing_binary
1587.753826571746,0.9748267,0.010788954,5868998,eclipsing_binary
1587.7552154493349,1.021187,0.010864381,5868998,eclipsing_binary
1587.7566043269237,1.0007066,0.010839743,5868998,eclipsing_binary
1587.7579932045116,0.9942723,0.010828305,5868998,eclipsing_binary
1587.7593820821,1.005283,0.010896583,5868998,eclipsing_binary
1587.760770959688,0.997242,0.0108587025,5868998,eclipsing_binary
1587.7621598372764,0.98891056,0.010836032,5868998,eclipsing_binary
1587.7635487143987,1.004521,0.010840689,5868998,eclipsing_binary
1587.764937591987,1.0138408,0.010857277,5868998,eclipsing_binary
1587.766326469575,0.9863888,0.010810216,5868998,eclipsing_binary
1587.7677153471634,1.0068501,0.010852703,5868998,eclipsing_binary
1587.7691042247513,0.9823214,0.010796163,5868998,eclipsing_binary
1587.7704931023402,0.9954974,0.010829937,5868998,eclipsing_binary
1587.7718819794634,1.0186914,0.010870191,5868998,eclipsing_binary
1587.7732708570516,0.9876176,0.010834412,5868998,eclipsing_binary
1587.7746597346397,1.0076587,0.010849911,5868998,eclipsing_binary
1587.7760486122277,1.0131987,0.010853805,5868998,eclipsing_binary
1587.7774374898165,1.0135139,0.010869229,5868998,eclipsing_binary
1587.7788263669397,0.9836829,0.010804142,5868998,eclipsing_binary
1587.780215244528,0.979012,0.010812926,5868998,eclipsing_binary
1587.781604122116,1.016659,0.010868046,5868998,eclipsing_binary
1587.7829929997044,1.0092086,0.010851023,5868998,eclipsing_binary
1587.7843818772924,0.99793255,0.010840844,5868998,eclipsing_binary
1587.7857707544156,0.9996051,0.010862882,5868998,eclipsing_binary
1587.787159632004,0.9889184,0.010820577,5868998,eclipsing_binary
1587.7885485095915,1.002178,0.010846346,5868998,eclipsing_binary
1587.7899373871794,1.0108497,0.01085276,5868998,eclipsing_binary
1587.7913262643021,1.0134683,0.010874819,5868998,eclipsing_binary
1587.792715141891,1.0052148,0.010856928,5868998,eclipsing_binary
1587.7941040194796,1.004652,0.010843765,5868998,eclipsing_binary
1587.7954928970678,0.9968276,0.010816312,5868998,eclipsing_binary
1587.79688177419,0.99230623,0.010832157,5868998,eclipsing_binary
1587.7982706517785,0.984904,0.0108271595,5868998,eclipsing_binary
1587.7996595293664,1.0000213,0.01083148,5868998,eclipsing_binary
1587.8010484064896,0.9899437,0.01082544,5868998,eclipsing_binary
1587.8024372840785,1.0081034,0.010856924,5868998,eclipsing_binary
1587.8038261616668,1.0060161,0.010846262,5868998,eclipsing_binary
1587.8052150387891,1.0057757,0.010854301,5868998,eclipsing_binary
1587.8066039163775,0.98459786,0.010812529,5868998,eclipsing_binary
1587.8079927939664,1.0031347,0.010860923,5868998,eclipsing_binary
1587.8093816710896,1.0073848,0.010854026,5868998,eclipsing_binary
1587.810770548677,1.0019218,0.010841315,5868998,eclipsing_binary
1587.8121594262643,0.9931522,0.0108181,5868998,eclipsing_binary
1587.8135483033868,1.0219017,0.010890387,5868998,eclipsing_binary
1587.8149371809748,0.9951447,0.0108231325,5868998,eclipsing_binary
1587.8163260585636,1.0194956,0.010878248,5868998,eclipsing_binary
1587.8177149356868,0.9973004,0.010864141,5868998,eclipsing_binary
1587.8191038132752,1.0081884,0.0108459005,5868998,eclipsing_binary
1587.8204926908631,0.97927535,0.01079461,5868998,eclipsing_binary
1587.8218815679859,1.0144329,0.010852687,5868998,eclipsing_binary
1587.8232704455747,0.9888952,0.010828079,5868998,eclipsing_binary
1587.824659322698,1.0229225,0.010853862,5868998,eclipsing_binary
1587.8260482002859,0.9917791,0.0108327335,5868998,eclipsing_binary
1587.8274370778743,0.98381263,0.01080762,5868998,eclipsing_binary
1587.8288259549965,1.0042963,0.010836673,5868998,eclipsing_binary
1587.830214832585,1.0134872,0.010898686,5868998,eclipsing_binary
1587.8316037097081,0.99563044,0.010824969,5868998,eclipsing_binary
1587.832992587297,1.0098121,0.010890365,5868998,eclipsing_binary
1587.834381464885,0.9940709,0.010817276,5868998,eclipsing_binary
1587.8357703420068,1.0051739,0.0108456155,5868998,eclipsing_binary
1587.8371592195942,0.99625415,0.010809923,5868998,eclipsing_binary
1587.8385480967174,1.0024253,0.01083613,5868998,eclipsing_binary
1587.8399369743063,1.0144397,0.010851642,5868998,eclipsing_binary
1587.8413258514286,0.9952577,0.010817181,5868998,eclipsing_binary
1587.842714729017,0.97367364,0.010800636,5868998,eclipsing_binary
1587.8441036061392,1.0215966,0.010865946,5868998,eclipsing_binary
1587.8454924837276,0.99268186,0.010816971,5868998,eclipsing_binary
1587.8468813608508,0.9975164,0.010851196,5868998,eclipsing_binary
1587.8482702384397,1.0049831,0.010863012,5868998,eclipsing_binary
1587.849659115562,1.0018167,0.01084601,5868998,eclipsing_binary
1587.8510479931504,0.98991424,0.010824842,5868998,eclipsing_binary
1587.8524368702726,0.99717075,0.010825194,5868998,eclipsing_binary
1587.8538257478615,0.9790037,0.010807833,5868998,eclipsing_binary
1587.8552146249847,1.0035616,0.010843041,5868998,eclipsing_binary
1587.8566035025726,1.0132678,0.01084329,5868998,eclipsing_binary
1587.8579923796954,1.0067843,0.010845355,5868998,eclipsing_binary
1587.8593812572833,1.0110993,0.010850901,5868998,eclipsing_binary
1587.8607701344051,1.0118352,0.010853146,5868998,eclipsing_binary
1587.8621590119935,1.0047237,0.010844948,5868998,eclipsing_binary
1587.8635478891167,1.001912,0.01083187,5868998,eclipsing_binary
1587.864936766239,0.9847965,0.010827213,5868998,eclipsing_binary
1587.8663256438274,0.9967828,0.010814954,5868998,eclipsing_binary
1587.8677145209497,0.9916337,0.010827906,5868998,eclipsing_binary
1587.869103398538,1.0081989,0.010859843,5868998,eclipsing_binary
1587.8704922756613,0.9937866,0.010807833,5868998,eclipsing_binary
1587.8718811532501,1.0030168,0.010849171,5868998,eclipsing_binary
1587.8732700303724,0.98519963,0.010810464,5868998,eclipsing_binary
1587.8746589074947,1.0099763,0.0108434465,5868998,eclipsing_binary
1587.876047785083,0.9952064,0.010828633,5868998,eclipsing_binary
1587.8774366622063,1.0062304,0.010839448,5868998,eclipsing_binary
1587.8788255393295,0.9932558,0.010836925,5868998,eclipsing_binary
1587.8802144169174,1.0041134,0.010846723,5868998,eclipsing_binary
1587.8816032940401,0.9925011,0.010817029,5868998,eclipsing_binary
1587.882992171628,0.99399763,0.010814319,5868998,eclipsing_binary
1587.88438104875,1.0068456,0.010866304,5868998,eclipsing_binary
1587.8857699258726,0.98461616,0.010802478,5868998,eclipsing_binary
1587.8871588034615,1.010618,0.010850837,5868998,eclipsing_binary
1587.8885476805838,1.0149794,0.010863216,5868998,eclipsing_binary
1587.8899365577065,0.99034846,0.01088856,5868998,eclipsing_binary
1587.8913254352944,1.0164369,0.010864509,5868998,eclipsing_binary
1587.8927143124176,1.0142254,0.010856436,5868998,eclipsing_binary
1587.8941031895408,1.0346881,0.010931861,5868998,eclipsing_binary
1587.8954920671288,0.9897513,0.010825298,5868998,eclipsing_binary
1587.8968809442515,1.0098135,0.010847953,5868998,eclipsing_binary
1587.8982698213738,1.01423,0.010852309,5868998,eclipsing_binary
1587.8996586984965,0.9921633,0.010832,5868998,eclipsing_binary
1587.9010475760854,1.0037084,0.010847809,5868998,eclipsing_binary
1587.9024364532086,0.9867146,0.010805481,5868998,eclipsing_binary
1587.9038253303308,1.0074154,0.010855072,5868998,eclipsing_binary
1587.9052142074536,1.0003881,0.0108232405,5868998,eclipsing_binary
1587.9066030850415,1.0168406,0.010858586,5868998,eclipsing_binary
1587.9079919621647,0.99969685,0.010831362,5868998,eclipsing_binary
1587.9093808392875,1.0109317,0.010845004,5868998,eclipsing_binary
1587.9107697164093,0.9930633,0.01084732,5868998,eclipsing_binary
1587.9121585939972,0.9978856,0.0108225,5868998,eclipsing_binary
1587.9135474711195,1.018812,0.010864494,5868998,eclipsing_binary
1587.9149363482422,0.99424905,0.010808574,5868998,eclipsing_binary
1587.9163252253654,0.9935417,0.010815311,5868998,eclipsing_binary
1587.9177141029543,0.99885154,0.01081945,5868998,eclipsing_binary
1587.9191029800766,1.0191144,0.010865025,5868998,eclipsing_binary
1587.9204918571993,1.0079234,0.010840179,5868998,eclipsing_binary
1587.9218807343216,1.0031158,0.010831365,5868998,eclipsing_binary
1587.9232696114448,0.9972501,0.010878787,5868998,eclipsing_binary
1587.9246584890336,0.99833906,0.01082864,5868998,eclipsing_binary
1587.9260473661564,1.0003786,0.010834559,5868998,eclipsing_binary
1587.9274362432786,0.9894312,0.010802979,5868998,eclipsing_binary
1587.9288251204014,0.9925785,0.010825371,5868998,eclipsing_binary
1587.9302139975237,1.0073552,0.010847672,5868998,eclipsing_binary
1587.9316028746468,1.0058424,0.010830619,5868998,eclipsing_binary
1587.932991752235,1.0002506,0.0108683575,5868998,eclipsing_binary
1587.9343806293566,0.99610114,0.010829305,5868998,eclipsing_binary
1587.9357695064793,0.9953823,0.010828633,5868998,eclipsing_binary
1587.9371583836016,1.0029049,0.010835001,5868998,eclipsing_binary
1587.9385472607248,1.0072972,0.010825558,5868998,eclipsing_binary
1587.939936137848,1.0102853,0.010879491,5868998,eclipsing_binary
1587.9413250149707,1.0101378,0.010834937,5868998,eclipsing_binary
1587.942713892093,1.0094382,0.010843909,5868998,eclipsing_binary
1587.9441027692158,0.9854473,0.010806263,5868998,eclipsing_binary
1587.9454916468037,0.998023,0.010830528,5868998,eclipsing_binary
1587.946880523927,0.99797195,0.010805533,5868998,eclipsing_binary
1587.94826940105,0.99229896,0.0108222775,5868998,eclipsing_binary
1587.9496582781728,0.99267966,0.010812331,5868998,eclipsing_binary
1587.951047155295,1.0030001,0.010837947,5868998,eclipsing_binary
1587.9524360324176,0.9964884,0.0108257765,5868998,eclipsing_binary
1587.9538249095406,0.9999817,0.010824535,5868998,eclipsing_binary
1587.9552137866638,1.0021607,0.010826006,5868998,eclipsing_binary
1587.9566026637856,1.0020069,0.010826492,5868998,eclipsing_binary
1587.9579915409074,1.0059183,0.010832068,5868998,eclipsing_binary
1587.9593804180302,1.0007968,0.010820065,5868998,eclipsing_binary
1587.9607692951524,1.0000088,0.010817047,5868998,eclipsing_binary
1587.9621581722756,1.0052416,0.010845252,5868998,eclipsing_binary
1587.9635470493988,0.98255014,0.010795864,5868998,eclipsing_binary
1587.9649359265215,1.0126321,0.010849092,5868998,eclipsing_binary
1587.9663248036438,0.99451447,0.01082075,5868998,eclipsing_binary
1587.9677136807666,0.9966128,0.010818149,5868998,eclipsing_binary
1587.9691025578898,1.0133773,0.010841437,5868998,eclipsing_binary
1587.970491435013,0.99405336,0.010811116,5868998,eclipsing_binary
1587.9718803121352,0.9943306,0.010869556,5868998,eclipsing_binary
1587.9732691892575,1.000878,0.010877109,5868998,eclipsing_binary
1587.9746580663802,1.0036638,0.010873647,5868998,eclipsing_binary
1587.9760469435025,1.0251114,0.010865008,5868998,eclipsing_binary
1587.9774358206257,1.00118,0.010897684,5868998,eclipsing_binary
1587.978824697749,1.0073197,0.01083178,5868998,eclipsing_binary
1587.9802135748716,0.9950873,0.0108117955,5868998,eclipsing_binary
1587.9816024519935,1.005977,0.01083605,5868998,eclipsing_binary
1587.9829913291153,1.0033419,0.010844387,5868998,eclipsing_binary
1587.9843802062385,1.0033773,0.010827151,5868998,eclipsing_binary
1587.9857690833617,1.0017825,0.010822904,5868998,eclipsing_binary
1587.987157960484,0.9979601,0.010825014,5868998,eclipsing_binary
1587.9885468376067,0.9959738,0.010849309,5868998,eclipsing_binary
1587.9899357142633,0.99837404,0.010820281,5868998,eclipsing_binary
1587.9913245913858,1.0135645,0.010839681,5868998,eclipsing_binary
1587.9927134685088,1.0274924,0.010864637,5868998,eclipsing_binary
1587.994102345632,1.012507,0.010860348,5868998,eclipsing_binary
1587.9954912227547,1.0095692,0.010830254,5868998,eclipsing_binary
1587.996880099877,1.0028275,0.010831459,5868998,eclipsing_binary
1587.9982689769997,0.95914114,0.01081186,5868998,eclipsing_binary
1587.999657854123,1.0071635,0.010848313,5868998,eclipsing_binary
1588.0010467307804,0.9963083,0.010798164,5868998,eclipsing_binary
1588.0024356079027,1.0105993,0.010849349,5868998,eclipsing_binary
1588.0038244850255,0.9985936,0.01081056,5868998,eclipsing_binary
1588.0052133621473,1.0004132,0.010816214,5868998,eclipsing_binary
1588.0066022392691,1.0167476,0.010840837,5868998,eclipsing_binary
1588.0079911163923,0.98241884,0.010785149,5868998,eclipsing_binary
1588.0093799930498,1.0112338,0.010839408,5868998,eclipsing_binary
1588.0107688701721,0.9947599,0.010821854,5868998,eclipsing_binary
1588.0121577472944,1.0014544,0.01083177,5868998,eclipsing_binary
1588.0135466244171,1.00762,0.010837025,5868998,eclipsing_binary
1588.0149355015403,0.99583095,0.010831611,5868998,eclipsing_binary
1588.0163243781979,1.0046829,0.010831442,5868998,eclipsing_binary
1588.0177132553201,0.99497706,0.010806838,5868998,eclipsing_binary
1588.0191021324429,1.0170325,0.010830734,5868998,eclipsing_binary
1588.0204910095651,0.9902655,0.010830548,5868998,eclipsing_binary
1588.0218798866879,0.9936866,0.010827911,5868998,eclipsing_binary
1588.0232687633454,0.99934405,0.010813621,5868998,eclipsing_binary
1588.0246576404686,0.99239856,0.010817056,5868998,eclipsing_binary
1588.0260465175909,1.0069036,0.010819613,5868998,eclipsing_binary
1588.0274353947136,0.9958014,0.010812087,5868998,eclipsing_binary
1588.0288242713698,0.99300605,0.0108026005,5868998,eclipsing_binary
1588.0302131484914,1.0123415,0.010852335,5868998,eclipsing_binary
1588.0316020256143,1.0125077,0.010848676,5868998,eclipsing_binary
1588.0329909022719,1.0025451,0.0108318245,5868998,eclipsing_binary
1588.0343797793946,0.98547804,0.010822029,5868998,eclipsing_binary
1588.035768656517,1.0021791,0.01082801,5868998,eclipsing_binary
1588.0371575336396,1.005474,0.010829213,5868998,eclipsing_binary
1588.0385464102972,0.9978476,0.010816861,5868998,eclipsing_binary
1588.0399352874203,1.0000662,0.010857358,5868998,eclipsing_binary
1588.0413241645426,0.9827427,0.010811565,5868998,eclipsing_binary
1588.0427130411997,0.99916774,0.010813635,5868998,eclipsing_binary
1588.044101918322,0.9763263,0.0107806185,5868998,eclipsing_binary
1588.0454907954447,0.9892686,0.010793795,5868998,eclipsing_binary
1588.0468796721022,1.0028106,0.010836557,5868998,eclipsing_binary
1588.0482685492254,0.9868021,0.010807446,5868998,eclipsing_binary
1588.0496574263477,1.0132462,0.010839999,5868998,eclipsing_binary
1588.0510463030046,1.006452,0.010808577,5868998,eclipsing_binary
1588.052435180127,1.0080796,0.010823069,5868998,eclipsing_binary
1588.0538240572494,0.9962429,0.010824195,5868998,eclipsing_binary
1588.0552129339064,0.9985228,0.010801044,5868998,eclipsing_binary
1588.0566018110287,0.9743297,0.010792588,5868998,eclipsing_binary
1588.0579906876858,0.9999159,0.010812285,5868998,eclipsing_binary
1588.059379564808,0.9928853,0.010807888,5868998,eclipsing_binary
1588.0607684419308,1.0046391,0.0108424155,5868998,eclipsing_binary
1588.0621573185883,1.0026525,0.010830572,5868998,eclipsing_binary
1588.0635461957115,1.0109273,0.0108310105,5868998,eclipsing_binary
1588.0649350723681,1.0105599,0.010824788,5868998,eclipsing_binary
1588.0663239494909,1.0019608,0.010824528,5868998,eclipsing_binary
1588.0677128261475,1.0062187,0.010823991,5868998,eclipsing_binary
1588.0691017032707,1.0034491,0.010827252,5868998,eclipsing_binary
1588.0704905803939,0.9810233,0.010795151,5868998,eclipsing_binary
1588.0718794570507,1.0019653,0.010827251,5868998,eclipsing_binary
1588.0732683341732,1.00638,0.010820627,5868998,eclipsing_binary
1588.0746572108299,0.99935955,0.010812353,5868998,eclipsing_binary
1588.0760460879526,0.96772105,0.010762739,5868998,eclipsing_binary
1588.0774349646092,1.0158808,0.010836175,5868998,eclipsing_binary
1588.078823841732,1.0092336,0.010832809,5868998,eclipsing_binary
1588.0802127183886,0.9895605,0.010805914,5868998,eclipsing_binary
1588.0816015955113,1.0016724,0.010814891,5868998,eclipsing_binary
1588.082990472168,1.000056,0.0108207315,5868998,eclipsing_binary
1588.084379349291,0.9951662,0.010857331,5868998,eclipsing_binary
1588.0857682259486,0.98855907,0.010813418,5868998,eclipsing_binary
1588.0871571030714,1.0009114,0.010822759,5868998,eclipsing_binary
1588.088545979728,1.0117661,0.010834768,5868998,eclipsing_binary
1588.0899348568505,1.0203397,0.01086399,5868998,eclipsing_binary
1588.0913237335074,1.0078007,0.010842995,5868998,eclipsing_binary
1588.0927126106305,0.9861891,0.010793507,5868998,eclipsing_binary
1588.094101487288,0.9931081,0.010813241,5868998,eclipsing_binary
1588.0954903644104,1.0236468,0.010850976,5868998,eclipsing_binary
1588.0968792410674,0.9995395,0.010806066,5868998,eclipsing_binary
1588.098268117724,0.9975233,0.010811175,5868998,eclipsing_binary
1588.0996569948472,1.0097181,0.0108596375,5868998,eclipsing_binary
1588.1010458715043,1.0054868,0.010825465,5868998,eclipsing_binary
1588.1024347486261,0.99699116,0.010815879,5868998,eclipsing_binary
1588.1038236252828,0.98375314,0.010793876,5868998,eclipsing_binary
1588.1052125024055,1.0014007,0.010813644,5868998,eclipsing_binary
1588.106601379062,0.99447715,0.010821749,5868998,eclipsing_binary
1588.1079902557196,0.9998535,0.010813699,5868998,eclipsing_binary
1588.1093791328428,1.002582,0.010830234,5868998,eclipsing_binary
1588.1107680094997,1.0123272,0.010844203,5868998,eclipsing_binary
1588.1121568866222,0.9930853,0.010782733,5868998,eclipsing_binary
1588.1135457632788,1.0009413,0.010821503,5868998,eclipsing_binary
1588.1149346399363,1.0212386,0.010847431,5868998,eclipsing_binary
1588.1163235170595,1.009311,0.010829242,5868998,eclipsing_binary
1588.1177123937166,1.0081946,0.010824331,5868998,eclipsing_binary
1588.1191012703732,0.9914178,0.010804977,5868998,eclipsing_binary
1588.120490147496,1.0130515,0.010835189,5868998,eclipsing_binary
1588.1218790241526,0.99073374,0.010798223,5868998,eclipsing_binary
1588.12326790081,0.9944133,0.010804227,5868998,eclipsing_binary
1588.1246567779328,0.9880718,0.010795432,5868998,eclipsing_binary
1588.126045654589,1.0147089,0.010829998,5868998,eclipsing_binary
1588.1274345312456,0.982326,0.010787072,5868998,eclipsing_binary
1588.1288234083681,0.9988616,0.0108364215,5868998,eclipsing_binary
1588.1302122850254,0.99466884,0.010804101,5868998,eclipsing_binary
1588.131601161683,0.9842065,0.010785618,5868998,eclipsing_binary
1588.13299003834,1.00752,0.010839283,5868998,eclipsing_binary
1588.1343789154623,1.0116324,0.010824721,5868998,eclipsing_binary
1588.1357677921194,1.0027262,0.010809625,5868998,eclipsing_binary
1588.137156668776,0.9977977,0.010828999,5868998,eclipsing_binary
1588.1385455458992,0.98853934,0.010790451,5868998,eclipsing_binary
1588.1399344225567,0.9901861,0.010798936,5868998,eclipsing_binary
1588.1413232992138,0.98838437,0.010801025,5868998,eclipsing_binary
1588.1427121758704,0.9804217,0.010783227,5868998,eclipsing_binary
1588.1441010529932,1.0057845,0.010821963,5868998,eclipsing_binary
1588.1454899296507,0.9821422,0.010786085,5868998,eclipsing_binary
1588.1468788063082,0.9786204,0.010776968,5868998,eclipsing_binary
1588.1482676829644,1.0034074,0.010822684,5868998,eclipsing_binary
1588.1496565596203,0.9942682,0.010797714,5868998,eclipsing_binary
1588.1510454367428,0.988097,0.010786602,5868998,eclipsing_binary
1588.1524343133995,0.9851256,0.010784875,5868998,eclipsing_binary
1588.153823190057,1.0071249,0.010825305,5868998,eclipsing_binary
1588.1552120667145,0.96186745,0.010748066,5868998,eclipsing_binary
1588.1566009433716,1.0119386,0.010829309,5868998,eclipsing_binary
1588.1579898204939,1.0120173,0.010838698,5868998,eclipsing_binary
1588.159378697151,1.0093398,0.010825688,5868998,eclipsing_binary
1588.1607675738085,1.0105122,0.010833346,5868998,eclipsing_binary
1588.162156450466,1.0003799,0.010801622,5868998,eclipsing_binary
1588.1635453271226,0.9941194,0.010794845,5868998,eclipsing_binary
1588.1649342037797,1.0103163,0.010820695,5868998,eclipsing_binary
1588.166323080902,1.0101138,0.010834585,5868998,eclipsing_binary
1588.167711957559,0.98566926,0.010806601,5868998,eclipsing_binary
1588.1691008342166,0.9845237,0.010787348,5868998,eclipsing_binary
1588.1704897108739,0.99950093,0.010812988,5868998,eclipsing_binary
1588.1718785875298,1.0017879,0.010824849,5868998,eclipsing_binary
1588.173267464186,0.98827744,0.01078999,5868998,eclipsing_binary
1588.174656340843,1.0024327,0.01085223,5868998,eclipsing_binary
1588.1760452174997,1.0263443,0.010866394,5868998,eclipsing_binary
1588.1774340941572,0.99952847,0.010798274,5868998,eclipsing_binary
1588.1788229712804,0.9993593,0.010800795,5868998,eclipsing_binary
1588.1802118479375,0.98245966,0.010767847,5868998,eclipsing_binary
1588.181600724594,1.0059462,0.010824191,5868998,eclipsing_binary
1588.1829896012512,0.9970362,0.0107873995,5868998,eclipsing_binary
1588.1843784779087,1.0154204,0.010842802,5868998,eclipsing_binary
1588.1857673545662,0.9764256,0.010810787,5868998,eclipsing_binary
1588.1871562312228,0.9942101,0.010813586,5868998,eclipsing_binary
1588.18854510788,0.99821085,0.010807765,5868998,eclipsing_binary
1588.1899339845365,1.0133548,0.010832843,5868998,eclipsing_binary
1588.1913228611932,0.99034387,0.010807948,5868998,eclipsing_binary
1588.1927117378507,1.0027138,0.0108209755,5868998,eclipsing_binary
1588.1941006145082,1.0059514,0.0108209485,5868998,eclipsing_binary
1588.1954894911644,1.000501,0.010805888,5868998,eclipsing_binary
1588.1968783678205,1.0053982,0.010838944,5868998,eclipsing_binary
1588.1982672444776,1.0227638,0.010850288,5868998,eclipsing_binary
1588.1996561211351,1.0030974,0.01082578,5868998,eclipsing_binary
1588.2010449977927,1.0031772,0.01080991,5868998,eclipsing_binary
1588.2024338744493,0.99569505,0.010808651,5868998,eclipsing_binary
1588.2038227511064,0.9992334,0.010814513,5868998,eclipsing_binary
1588.205211627763,0.9998901,0.010820633,5868998,eclipsing_binary
1588.20660050442,1.0100749,0.010818021,5868998,eclipsing_binary
1588.2079893810776,1.0018783,0.010816292,5868998,eclipsing_binary
1588.209378257735,0.9766277,0.010786364,5868998,eclipsing_binary
1588.2107671343917,0.99353844,0.01078568,5868998,eclipsing_binary
1588.2121560110484,0.9943049,0.010803993,5868998,eclipsing_binary
1588.2135448877054,0.99836534,0.010821929,5868998,eclipsing_binary
1588.214933764363,0.99248314,0.01078967,5868998,eclipsing_binary
1588.2163226410205,1.0041798,0.010822238,5868998,eclipsing_binary
1588.2177115176771,1.0015515,0.010812443,5868998,eclipsing_binary
1588.2191003938676,0.9973744,0.010797557,5868998,eclipsing_binary
1588.2204892705238,1.0078845,0.010835392,5868998,eclipsing_binary
1588.2218781471809,1.0045223,0.01083417,5868998,eclipsing_binary
1588.2232670238384,0.9877986,0.0108556235,5868998,eclipsing_binary
1588.224655900496,0.97876877,0.010763024,5868998,eclipsing_binary
1588.2260447771525,0.98102444,0.010815408,5868998,eclipsing_binary
1588.2274336538096,0.98688275,0.0107880365,5868998,eclipsing_binary
1588.2288225304662,1.0032036,0.010832189,5868998,eclipsing_binary
1588.2302114071238,1.0085906,0.010819955,5868998,eclipsing_binary
1588.2316002833156,1.0168618,0.01082712,5868998,eclipsing_binary
1588.2329891599722,1.001208,0.010810654,5868998,eclipsing_binary
1588.2343780366293,1.008742,0.010813526,5868998,eclipsing_binary
1588.235766913286,1.0108626,0.010827265,5868998,eclipsing_binary
1588.237155789943,1.0108274,0.0108420085,5868998,eclipsing_binary
1588.2385446666005,1.0106322,0.01084475,5868998,eclipsing_binary
1588.2399335427924,1.0018119,0.010803635,5868998,eclipsing_binary
1588.241322419449,1.0045214,0.010824147,5868998,eclipsing_binary
1588.2427112961052,1.0037466,0.0108341845,5868998,eclipsing_binary
1588.2441001727614,1.0037234,0.010816491,5868998,eclipsing_binary
1588.245489049419,0.9915522,0.010786844,5868998,eclipsing_binary
1588.2468779256108,1.0028852,0.010808554,5868998,eclipsing_binary
1588.2482668022676,0.99704486,0.010784089,5868998,eclipsing_binary
1588.2496556789245,0.98666745,0.010810401,5868998,eclipsing_binary
1588.251044555581,1.0074017,0.010819798,5868998,eclipsing_binary
1588.2524334322381,1.0084065,0.010799011,5868998,eclipsing_binary
1588.25382230843,0.99625343,0.010807508,5868998,eclipsing_binary
1588.2552111850875,1.013148,0.010818281,5868998,eclipsing_binary
1588.2566000617442,0.9993999,0.010798929,5868998,eclipsing_binary
1588.2579889384012,0.9975578,0.010811412,5868998,eclipsing_binary
1588.2593778145922,0.991324,0.010808037,5868998,eclipsing_binary
1588.2607666912497,1.0133989,0.010822955,5868998,eclipsing_binary
1588.2621555679073,0.98897856,0.010811882,5868998,eclipsing_binary
1588.2635444440987,0.99363464,0.010799543,5868998,eclipsing_binary
1588.2649333207553,0.9957203,0.010803264,5868998,eclipsing_binary
1588.2663221974115,1.0026305,0.010815968,5868998,eclipsing_binary
1588.2677110740676,0.9850985,0.01079323,5868998,eclipsing_binary
1588.2690999502595,0.9808449,0.010787478,5868998,eclipsing_binary
1588.270488826917,1.0067704,0.0108165415,5868998,eclipsing_binary
1588.2718777035736,1.0043037,0.010835759,5868998,eclipsing_binary
1588.273266579765,0.97865385,0.010780486,5868998,eclipsing_binary
1588.2746554564217,1.011848,0.010814428,5868998,eclipsing_binary
1588.2760443330792,0.9874243,0.010805211,5868998,eclipsing_binary
1588.277433209271,1.002579,0.010827813,5868998,eclipsing_binary
1588.2788220859281,0.9831848,0.010797289,5868998,eclipsing_binary
1588.2802109625848,1.0164413,0.010883076,5868998,eclipsing_binary
1588.2815998387762,0.9849149,0.010795825,5868998,eclipsing_binary
1588.2829887154328,0.99966294,0.010807043,5868998,eclipsing_binary
1588.2843775920903,0.99750704,0.01082741,5868998,eclipsing_binary
1588.2857664682822,0.9889394,0.0108031025,5868998,eclipsing_binary
1588.2871553449393,1.0040421,0.01081087,5868998,eclipsing_binary
1588.2885442211302,0.9941417,0.010782382,5868998,eclipsing_binary
1588.2899330977864,1.0086672,0.010817826,5868998,eclipsing_binary
1588.291321974443,0.98019177,0.010779874,5868998,eclipsing_binary
1588.2927108506349,0.98774165,0.010785295,5868998,eclipsing_binary
1588.294099727292,0.98188037,0.01078785,5868998,eclipsing_binary
1588.295488603483,1.0016717,0.010814757,5868998,eclipsing_binary
1588.29687748014,0.9907788,0.01080675,5868998,eclipsing_binary
1588.298266356331,1.0036951,0.010807237,5868998,eclipsing_binary
1588.2996552329885,1.013678,0.010814754,5868998,eclipsing_binary
1588.301044109646,1.0038846,0.010808582,5868998,eclipsing_binary
1588.3024329858374,0.9949806,0.010805527,5868998,eclipsing_binary
1588.303821862494,1.0004082,0.01083023,5868998,eclipsing_binary
1588.3052107386854,0.99308723,0.010796269,5868998,eclipsing_binary
1588.306599615343,0.9918577,0.010815559,5868998,eclipsing_binary
1588.3079884915348,0.9929049,0.010781159,5868998,eclipsing_binary
1588.3093773681915,0.99313277,0.010822948,5868998,eclipsing_binary
1588.3107662443824,1.003783,0.01081701,5868998,eclipsing_binary
1588.3121551210395,1.0061592,0.010827535,5868998,eclipsing_binary
1588.31354399723,1.0028653,0.0108098565,5868998,eclipsing_binary
1588.3149328738866,0.99801314,0.010791045,5868998,eclipsing_binary
1588.3163217500785,1.0245167,0.010842301,5868998,eclipsing_binary
1588.3177106267356,0.9896237,0.010788134,5868998,eclipsing_binary
1588.3190995029265,0.9946956,0.01077493,5868998,eclipsing_binary
1588.3204883795836,0.9950147,0.010805468,5868998,eclipsing_binary
1588.3218772557755,1.0097926,0.01082095,5868998,eclipsing_binary
1588.323266132433,0.97717065,0.010763372,5868998,eclipsing_binary
1588.324655008624,1.008667,0.01082324,5868998,eclipsing_binary
1588.3260438848154,0.998833,0.010807333,5868998,eclipsing_binary
1588.327432761472,0.9831305,0.010778732,5868998,eclipsing_binary
1588.328821637663,1.0050691,0.010849553,5868998,eclipsing_binary
1588.3302105143205,1.0052692,0.010851779,5868998,eclipsing_binary
1588.3315993905123,0.9874163,0.010786427,5868998,eclipsing_binary
1588.3329882671694,0.9930403,0.010838194,5868998,eclipsing_binary
1588.3343771433604,1.005587,0.010817281,5868998,eclipsing_binary
1588.3357660195509,1.013594,0.01083414,5868998,eclipsing_binary
1588.337154896207,1.0160905,0.010810972,5868998,eclipsing_binary
1588.338543772399,0.9929915,0.01077425,5868998,eclipsing_binary
1588.3399326490564,1.0154022,0.010818542,5868998,eclipsing_binary
1588.3413215252478,1.0017681,0.010791306,5868998,eclipsing_binary
1588.3427104014388,0.9727107,0.010778004,5868998,eclipsing_binary
1588.3440992780959,0.9723296,0.010766197,5868998,eclipsing_binary
1588.3454881542878,0.982041,0.010766034,5868998,eclipsing_binary
1588.3468770304796,0.9865906,0.010790819,5868998,eclipsing_binary
1588.3482659071362,0.96406263,0.010735508,5868998,eclipsing_binary
1588.3496547833272,0.95721054,0.010735841,5868998,eclipsing_binary
1588.3510436595186,0.95545226,0.010728252,5868998,eclipsing_binary
1588.3524325361752,0.9515499,0.010727799,5868998,eclipsing_binary
1588.353821412367,0.9377119,0.010703786,5868998,eclipsing_binary
1588.355210288559,0.9580634,0.0107373325,5868998,eclipsing_binary
1588.356599165216,0.94647354,0.01071634,5868998,eclipsing_binary
1588.357988041407,0.9525189,0.010739221,5868998,eclipsing_binary
1588.3593769175975,0.9472376,0.010716571,5868998,eclipsing_binary
1588.3607657942546,0.9751269,0.010742106,5868998,eclipsing_binary
1588.3621546704464,0.9626638,0.0107408855,5868998,eclipsing_binary
1588.3635435466374,0.95925325,0.010742078,5868998,eclipsing_binary
1588.3649324228288,0.95726323,0.010726071,5868998,eclipsing_binary
1588.3663212994854,0.94930357,0.010716796,5868998,eclipsing_binary
1588.3677101756764,0.9486797,0.010718629,5868998,eclipsing_binary
1588.3690990518683,0.93760693,0.010702122,5868998,eclipsing_binary
1588.3704879280601,0.93476766,0.010692984,5868998,eclipsing_binary
1588.3718768047172,0.96113765,0.010760208,5868998,eclipsing_binary
1588.3732656809082,0.96283174,0.010734308,5868998,eclipsing_binary
1588.3746545570996,0.95964646,0.010734275,5868998,eclipsing_binary
1588.3760434332914,0.9780941,0.0107659735,5868998,eclipsing_binary
1588.377432309949,0.9702142,0.010744915,5868998,eclipsing_binary
1588.37882118614,0.96348304,0.010736598,5868998,eclipsing_binary
1588.3802100623313,0.9847259,0.0107756825,5868998,eclipsing_binary
1588.3815989385223,0.98962504,0.010783946,5868998,eclipsing_binary
1588.3829878147128,0.9787954,0.010769139,5868998,eclipsing_binary
1588.3843766913699,0.9747939,0.010753103,5868998,eclipsing_binary
1588.3857655675617,0.9830027,0.010778721,5868998,eclipsing_binary
1588.3871544437527,0.9861373,0.010767397,5868998,eclipsing_binary
1588.3885433199437,0.96488,0.010760634,5868998,eclipsing_binary
1588.389932196135,0.99833095,0.010804867,5868998,eclipsing_binary
1588.391321072327,0.99704605,0.0108158225,5868998,eclipsing_binary
1588.3927099489845,1.006134,0.010807693,5868998,eclipsing_binary
1588.3940988251754,0.9978753,0.010791199,5868998,eclipsing_binary
1588.3954877013668,0.99353576,0.010800519,5868998,eclipsing_binary
1588.3968765775578,0.9963162,0.010788353,5868998,eclipsing_binary
1588.3982654537492,1.0094904,0.010812152,5868998,eclipsing_binary
1588.399654329941,0.9895028,0.010792028,5868998,eclipsing_binary
1588.401043206133,0.9933743,0.010791147,5868998,eclipsing_binary
1588.402432082324,1.002461,0.010804679,5868998,eclipsing_binary
1588.4038209585153,1.006783,0.010803083,5868998,eclipsing_binary
1588.405209835172,0.98993665,0.010769945,5868998,eclipsing_binary
1588.4065987113631,0.9959274,0.010787107,5868998,eclipsing_binary
1588.4079875875543,1.0125303,0.0108197415,5868998,eclipsing_binary
1588.4093764637453,1.0054325,0.010813434,5868998,eclipsing_binary
1588.4107653399367,0.99030095,0.010798308,5868998,eclipsing_binary
1588.4121542161276,1.0023572,0.010805412,5868998,eclipsing_binary
1588.413543092319,1.0092752,0.010816683,5868998,eclipsing_binary
1588.414931968511,0.98458564,0.010785464,5868998,eclipsing_binary
1588.4163208447028,0.98977685,0.010779005,5868998,eclipsing_binary
1588.4177097208938,0.9940435,0.010793588,5868998,eclipsing_binary
1588.4190985970852,1.0069059,0.010803409,5868998,eclipsing_binary
1588.4204874732761,0.9960711,0.010798893,5868998,eclipsing_binary
1588.421876349468,0.99609137,0.010831479,5868998,eclipsing_binary
1588.4232652256599,0.99242014,0.0107853515,5868998,eclipsing_binary
1588.4246541018513,1.0041453,0.010803463,5868998,eclipsing_binary
1588.4260429780422,0.99165094,0.010777011,5868998,eclipsing_binary
1588.4274318542334,0.99813366,0.010800568,5868998,eclipsing_binary
1588.4288207304237,1.0033448,0.0108030345,5868998,eclipsing_binary
1588.430209606615,1.0147494,0.010820697,5868998,eclipsing_binary
1588.431598482807,0.979035,0.01075983,5868998,eclipsing_binary
1588.432987358998,0.9990029,0.010798504,5868998,eclipsing_binary
1588.4343762351893,0.98357946,0.010789488,5868998,eclipsing_binary
1588.4357651113803,0.98549354,0.010781371,5868998,eclipsing_binary
1588.4371539875722,1.0032862,0.010786302,5868998,eclipsing_binary
1588.438542863764,1.0091269,0.010803242,5868998,eclipsing_binary
1588.4399317399555,1.0020413,0.010789311,5868998,eclipsing_binary
1588.4413206161464,0.98729736,0.010785764,5868998,eclipsing_binary
1588.4427094923378,1.015774,0.010836093,5868998,eclipsing_binary
1588.4440983685288,0.99052984,0.010788288,5868998,eclipsing_binary
1588.4454872447207,1.0117117,0.010797314,5868998,eclipsing_binary
1588.4468761204469,1.0007745,0.010812172,5868998,eclipsing_binary
1588.4482649966378,1.0044276,0.010805902,5868998,eclipsing_binary
1588.4496538728292,0.9900541,0.010789744,5868998,eclipsing_binary
1588.4510427490202,1.0222529,0.010851698,5868998,eclipsing_binary
1588.4524316252116,1.0161387,0.010814141,5868998,eclipsing_binary
1588.4538205014026,1.0100087,0.010812583,5868998,eclipsing_binary
1588.455209377594,1.0061884,0.010821881,5868998,eclipsing_binary
1588.456598253785,0.99987704,0.010804941,5868998,eclipsing_binary
1588.4579871299763,0.99731815,0.010797146,5868998,eclipsing_binary
1588.4593760057016,0.99688804,0.010785545,5868998,eclipsing_binary
1588.4607648818935,0.989318,0.010782582,5868998,eclipsing_binary
1588.4621537580854,0.99994284,0.010812425,5868998,eclipsing_binary
1588.4635426342768,0.99985266,0.010795308,5868998,eclipsing_binary
1588.4649315104677,0.99713707,0.010790322,5868998,eclipsing_binary
1588.466320386659,1.013227,0.010818645,5868998,eclipsing_binary
1588.467709262385,1.0048324,0.010799081,5868998,eclipsing_binary
1588.4690981385768,1.0065651,0.010815764,5868998,eclipsing_binary
1588.4704870147682,0.9971001,0.010793175,5868998,eclipsing_binary
1588.4718758909592,0.9944493,0.010798393,5868998,eclipsing_binary
1588.4732647671506,1.0040139,0.010799598,5868998,eclipsing_binary
1588.4746536428754,1.0084897,0.01084402,5868998,eclipsing_binary
1588.4760425190664,0.9960624,0.010803535,5868998,eclipsing_binary
1588.4774313952582,1.0044241,0.010791427,5868998,eclipsing_binary
1588.4788202714496,1.0185273,0.010829804,5868998,eclipsing_binary
1588.480209147175,1.0001019,0.010789613,5868998,eclipsing_binary
1588.4815980233664,1.0046345,0.010796498,5868998,eclipsing_binary
1588.4829868995573,1.0004267,0.010785009,5868998,eclipsing_binary
1588.4843757757492,1.0008291,0.010776741,5868998,eclipsing_binary
1588.4857646514754,0.99941397,0.010810794,5868998,eclipsing_binary
1588.4871535276664,0.97836053,0.010760506,5868998,eclipsing_binary
1588.4885424038578,1.0127307,0.010804893,5868998,eclipsing_binary
1588.4899312800487,1.0104301,0.0107985195,5868998,eclipsing_binary
1588.491320155775,1.0076951,0.010817787,5868998,eclipsing_binary
1588.4927090319668,0.9911121,0.010777225,5868998,eclipsing_binary
1588.4940979081582,0.9856004,0.0107773775,5868998,eclipsing_binary
1588.4954867838835,0.9958357,0.010793164,5868998,eclipsing_binary
1588.496875660075,0.99950606,0.010835694,5868998,eclipsing_binary
1588.4982645362654,0.9977157,0.0107864905,5868998,eclipsing_binary
1588.4996534119907,1.0084522,0.010816422,5868998,eclipsing_binary
1588.5010422881826,0.9924154,0.010782369,5868998,eclipsing_binary
1588.502431164374,0.98958725,0.010792814,5868998,eclipsing_binary
1588.5038200400993,1.019698,0.010828782,5868998,eclipsing_binary
1588.5052089162905,0.99586916,0.010775046,5868998,eclipsing_binary
1588.5065977924821,1.0250863,0.010823793,5868998,eclipsing_binary
1588.5079866682083,1.0045183,0.010805509,5868998,eclipsing_binary
1588.5093755443997,1.0115991,0.010818178,5868998,eclipsing_binary
1588.5107644205907,0.99907243,0.01080761,5868998,eclipsing_binary
1588.5121532963165,0.99272996,0.0108044455,5868998,eclipsing_binary
1588.5135421725074,0.98164546,0.0107602645,5868998,eclipsing_binary
1588.5149310482336,0.9949956,0.010779945,5868998,eclipsing_binary
1588.5163199244255,0.98816305,0.01075589,5868998,eclipsing_binary
1588.517708800617,1.0007426,0.01081024,5868998,eclipsing_binary
1588.5190976763422,1.0100061,0.01083742,5868998,eclipsing_binary
1588.5204865525327,0.98886794,0.010783504,5868998,eclipsing_binary
1588.5218754282585,0.989868,0.010794384,5868998,eclipsing_binary
1588.5232643044503,0.9890659,0.010773204,5868998,eclipsing_binary
1588.5246531801756,0.9885,0.010795146,5868998,eclipsing_binary
1588.5260420563666,1.0045003,0.01081328,5868998,eclipsing_binary
1588.527430932558,0.9868522,0.010776236,5868998,eclipsing_binary
1588.5288198082833,1.0017111,0.010793856,5868998,eclipsing_binary
1588.5302086844752,1.0089457,0.010807354,5868998,eclipsing_binary
1588.5315975602014,0.99028283,0.010764244,5868998,eclipsing_binary
1588.5329864363928,0.9821736,0.010762888,5868998,eclipsing_binary
1588.534375312118,0.97979724,0.010748646,5868998,eclipsing_binary
1588.5357641883095,0.97851825,0.010774466,5868998,eclipsing_binary
1588.5371530640357,1.0080334,0.010792581,5868998,eclipsing_binary
1588.5385419402276,1.0076933,0.010809278,5868998,eclipsing_binary
1588.5399308159529,1.0033648,0.010782632,5868998,eclipsing_binary
1588.5413196921443,0.99807405,0.010780586,5868998,eclipsing_binary
1588.5427085678696,1.0119902,0.010807023,5868998,eclipsing_binary
1588.54409744406,1.0121254,0.010832561,5868998,eclipsing_binary
1588.5454863197854,1.0018384,0.0107854875,5868998,eclipsing_binary
1588.5468751959772,0.9901712,0.010782051,5868998,eclipsing_binary
1588.548264071703,1.0004172,0.010803764,5868998,eclipsing_binary
1588.5496529474283,0.99785924,0.010796615,5868998,eclipsing_binary
1588.5510418236197,0.9995115,0.010791933,5868998,eclipsing_binary
1588.552430699346,0.9881314,0.010826951,5868998,eclipsing_binary
1588.5538195755378,0.9839616,0.01075994,5868998,eclipsing_binary
1588.555208451263,0.9922802,0.0107809,5868998,eclipsing_binary
1588.5565973274545,0.989742,0.010770359,5868998,eclipsing_binary
1588.5579862031798,1.0059417,0.010796521,5868998,eclipsing_binary
1588.5593750789055,1.0082994,0.010793489,5868998,eclipsing_binary
1588.5607639550974,0.9845501,0.010758044,5868998,eclipsing_binary
1588.5621528308236,1.0032909,0.010812204,5868998,eclipsing_binary
1588.5635417070146,1.003442,0.01080896,5868998,eclipsing_binary
1588.56493058274,0.9771549,0.010763033,5868998,eclipsing_binary
1588.5663194584647,0.9971318,0.010805214,5868998,eclipsing_binary
1588.5677083346561,1.0264443,0.010822314,5868998,eclipsing_binary
1588.5690972103823,1.0049205,0.010807599,5868998,eclipsing_binary
1588.5704860861076,0.9917855,0.010776025,5868998,eclipsing_binary
1588.571874962299,1.0014945,0.010790324,5868998,eclipsing_binary
1588.5732638380243,1.0159882,0.010870422,5868998,eclipsing_binary
1588.57465271375,1.0067286,0.010824497,5868998,eclipsing_binary
1588.576041589942,0.9970823,0.010800465,5868998,eclipsing_binary
1588.5774304656682,1.0113857,0.010816634,5868998,eclipsing_binary
1588.5788193413935,0.9777753,0.010759551,5868998,eclipsing_binary
1588.5802082175849,1.012659,0.010816725,5868998,eclipsing_binary
1588.5815970933102,1.0009978,0.010798234,5868998,eclipsing_binary
1588.5829859690364,0.9985552,0.0107914675,5868998,eclipsing_binary
1588.5843748452282,1.0046891,0.010818242,5868998,eclipsing_binary
1588.5857637209538,0.98418957,0.01077417,5868998,eclipsing_binary
1588.5871525966793,0.9972352,0.010798541,5868998,eclipsing_binary
1588.5885414724046,0.98193175,0.010771413,5868998,eclipsing_binary
1588.589930348595,0.99520105,0.010781133,5868998,eclipsing_binary
1588.5913192243208,1.0007006,0.010792218,5868998,eclipsing_binary
1588.592708100047,1.0027307,0.0107909,5868998,eclipsing_binary
1588.5940969757723,0.9919602,0.010759431,5868998,eclipsing_binary
1588.5954858519638,1.0107293,0.010793734,5868998,eclipsing_binary
1588.596874727689,0.9906686,0.010787159,5868998,eclipsing_binary
1588.5982636034153,0.9871669,0.0107561555,5868998,eclipsing_binary
1588.5996524791415,0.9851628,0.010754909,5868998,eclipsing_binary
1588.6010413553329,0.98960555,0.010776339,5868998,eclipsing_binary
1588.6024302310582,0.9922938,0.010773756,5868998,eclipsing_binary
1588.603819106784,0.9966741,0.010791176,5868998,eclipsing_binary
1588.6052079825092,1.0031697,0.01079604,5868998,eclipsing_binary
1588.6065968582354,0.99068624,0.0107976645,5868998,eclipsing_binary
1588.6079857344273,0.9781306,0.010794433,5868998,eclipsing_binary
1588.6093746101526,0.99813586,0.010785011,5868998,eclipsing_binary
1588.6107634858784,0.9989109,0.010795282,5868998,eclipsing_binary
1588.6121523616032,1.0179915,0.010811556,5868998,eclipsing_binary
1588.6135412373285,0.9961214,0.010783593,5868998,eclipsing_binary
1588.6149301130547,1.00552,0.010805037,5868998,eclipsing_binary
1588.616318989246,1.0073433,0.010802136,5868998,eclipsing_binary
1588.6177078649714,1.0002017,0.010792738,5868998,eclipsing_binary
1588.6190967406972,0.9885967,0.010767845,5868998,eclipsing_binary
1588.6204856164225,0.9818018,0.010751177,5868998,eclipsing_binary
1588.6218744921487,1.0070666,0.010808941,5868998,eclipsing_binary
1588.6232633678749,0.998961,0.010777087,5868998,eclipsing_binary
1588.6246522436004,0.9840157,0.010772935,5868998,eclipsing_binary
1588.626041119326,0.9889291,0.010777315,5868998,eclipsing_binary
1588.6274299955169,1.0023627,0.010782484,5868998,eclipsing_binary
1588.628818871243,1.0168805,0.010801272,5868998,eclipsing_binary
1588.6302077469693,0.9925419,0.010771558,5868998,eclipsing_binary
1588.631596622695,0.9896425,0.010788918,5868998,eclipsing_binary
1588.6329854984203,1.0120612,0.010798468,5868998,eclipsing_binary
1588.6343743741452,0.99858063,0.010775812,5868998,eclipsing_binary
1588.63576324987,0.98756015,0.010779282,5868998,eclipsing_binary
1588.6371521255962,1.0092225,0.010798902,5868998,eclipsing_binary
1588.6385410013224,1.012785,0.010801063,5868998,eclipsing_binary
1588.6399298770482,0.99416685,0.0107722385,5868998,eclipsing_binary
1588.6413187527735,1.0174057,0.010836218,5868998,eclipsing_binary
1588.6427076284992,0.9831889,0.010753134,5868998,eclipsing_binary
1588.6440965042245,0.9968398,0.010771136,5868998,eclipsing_binary
1588.6454853799507,0.9851073,0.010760617,5868998,eclipsing_binary
1588.646874255677,0.99032813,0.010768498,5868998,eclipsing_binary
1588.6482631314022,1.0003638,0.010806965,5868998,eclipsing_binary
1588.649652007128,1.0086641,0.010779816,5868998,eclipsing_binary
1588.6510408828533,1.0015187,0.010783871,5868998,eclipsing_binary
1588.6524297585795,1.0092713,0.010825526,5868998,eclipsing_binary
1588.6538186343057,0.99061865,0.010802661,5868998,eclipsing_binary
1588.6552075100315,0.99697495,0.010791578,5868998,eclipsing_binary
1588.6565963857568,1.0011232,0.010791282,5868998,eclipsing_binary
1588.6579852614816,0.9960466,0.010769852,5868998,eclipsing_binary
1588.6593741372064,1.0119452,0.0108068185,5868998,eclipsing_binary
1588.6607630129326,1.012506,0.010801823,5868998,eclipsing_binary
1588.6621518886589,1.0229307,0.010834633,5868998,eclipsing_binary
1588.6635407643844,1.0030657,0.010784359,5868998,eclipsing_binary
1588.66492964011,0.9960252,0.010799719,5868998,eclipsing_binary
1588.6663185158352,1.003882,0.010789693,5868998,eclipsing_binary
1588.6677073915614,0.9894703,0.010753625,5868998,eclipsing_binary
1588.669096266822,0.99197596,0.010774708,5868998,eclipsing_binary
1588.6704851425477,0.9904545,0.010762246,5868998,eclipsing_binary
1588.671874018273,0.9716913,0.010748138,5868998,eclipsing_binary
1588.6732628939988,1.0153515,0.010802366,5868998,eclipsing_binary
1588.674651769724,1.005905,0.01079944,5868998,eclipsing_binary
1588.6760406454503,0.99143416,0.010773968,5868998,eclipsing_binary
1588.6774295211765,0.9901459,0.010759105,5868998,eclipsing_binary
1588.6788183969022,0.9794128,0.010769975,5868998,eclipsing_binary
1588.680207272627,1.0060627,0.010797168,5868998,eclipsing_binary
1588.6815961478862,1.0272856,0.010862694,5868998,eclipsing_binary
1588.6829850236124,1.0077323,0.010804204,5868998,eclipsing_binary
1588.6843738993384,0.98428136,0.010756878,5868998,eclipsing_binary
1588.685762775064,1.0011842,0.010816553,5868998,eclipsing_binary
1588.6871516507892,1.0065287,0.010805371,5868998,eclipsing_binary
1588.688540526515,0.9885778,0.010757004,5868998,eclipsing_binary
1588.6899294017746,1.0023655,0.010803459,5868998,eclipsing_binary
1588.6913182775008,0.99876165,0.010785093,5868998,eclipsing_binary
1588.692707153227,0.99074006,0.010777012,5868998,eclipsing_binary
1588.6940960289528,1.0024812,0.010778046,5868998,eclipsing_binary
1588.695484904678,1.0090424,0.010788663,5868998,eclipsing_binary
1588.6968737799382,1.0113388,0.010801391,5868998,eclipsing_binary
1588.6982626556644,1.0101042,0.010801282,5868998,eclipsing_binary
1588.6996515313906,0.98256385,0.0107514355,5868998,eclipsing_binary
1588.701040407116,0.99454755,0.0107854875,5868998,eclipsing_binary
1588.702429282375,0.9975772,0.010774695,5868998,eclipsing_binary
1588.7038181581,0.99887544,0.01079738,5868998,eclipsing_binary
1588.7052070338252,1.0023652,0.010797049,5868998,eclipsing_binary
1588.7065959095514,0.9823838,0.010761713,5868998,eclipsing_binary
1588.707984784812,0.99630505,0.010777507,5868998,eclipsing_binary
1588.7093736605377,1.0277431,0.0108342385,5868998,eclipsing_binary
1588.710762536263,1.0060375,0.0107933255,5868998,eclipsing_binary
1588.7121514119888,0.9934311,0.010776719,5868998,eclipsing_binary
1588.7135402872493,1.0014356,0.010786933,5868998,eclipsing_binary
1588.7149291629755,0.9919629,0.010788581,5868998,eclipsing_binary
1588.7163180387008,0.9993456,0.010792681,5868998,eclipsing_binary
1588.717706913961,1.0043573,0.0108067375,5868998,eclipsing_binary
1588.7190957896862,0.9948715,0.010774705,5868998,eclipsing_binary
1588.720484665412,1.0001533,0.010782898,5868998,eclipsing_binary
1588.7218735406725,1.004125,0.010805877,5868998,eclipsing_binary
1588.7232624163985,0.9754443,0.010735542,5868998,eclipsing_binary
1588.724651292123,0.9825328,0.010741533,5868998,eclipsing_binary
1588.7260401673823,0.9995294,0.010780088,5868998,eclipsing_binary
1588.727429043108,1.0047503,0.010815838,5868998,eclipsing_binary
1588.7288179188342,0.98173153,0.01077172,5868998,eclipsing_binary
1588.7302067940948,1.0042504,0.010790185,5868998,eclipsing_binary
1588.73159566982,0.99170893,0.010763954,5868998,eclipsing_binary
1588.7329845450802,0.98121834,0.010769092,5868998,eclipsing_binary
1588.7343734208055,0.99097633,0.010772589,5868998,eclipsing_binary
1588.7357622965312,1.0131509,0.01080996,5868998,eclipsing_binary
1588.7371511717918,1.0029707,0.010792876,5868998,eclipsing_binary
1588.738540047518,0.993903,0.010835085,5868998,eclipsing_binary
1588.7399289227776,1.002525,0.010788356,5868998,eclipsing_binary
1588.7413177985034,1.0000999,0.010777185,5868998,eclipsing_binary
1588.7427066742287,0.9938228,0.010777141,5868998,eclipsing_binary
1588.7440955494892,0.9939708,0.010787237,5868998,eclipsing_binary
1588.7454844252154,1.0004268,0.010783139,5868998,eclipsing_binary
1588.7468733004746,0.98761743,0.010755043,5868998,eclipsing_binary
1588.7482621761994,0.99896777,0.010771399,5868998,eclipsing_binary
1588.749651051459,0.9921767,0.010777686,5868998,eclipsing_binary
1588.7510399271848,0.9978238,0.010785384,5868998,eclipsing_binary
1588.7524288024454,0.9759507,0.010751725,5868998,eclipsing_binary
1588.7538176781716,1.0087835,0.010792752,5868998,eclipsing_binary
1588.7552065534312,1.0028431,0.010795539,5868998,eclipsing_binary
1588.756595429157,0.98880386,0.010793839,5868998,eclipsing_binary
1588.7579843048823,1.0112846,0.010817933,5868998,eclipsing_binary
1588.7593731801428,0.99520254,0.010785448,5868998,eclipsing_binary
1588.7607620554033,0.9940583,0.010773891,5868998,eclipsing_binary
1588.762150931129,1.0069057,0.010801753,5868998,eclipsing_binary
1588.7635398063887,0.9998109,0.010784021,5868998,eclipsing_binary
1588.764928682114,0.9996753,0.010778675,5868998,eclipsing_binary
1588.7663175573741,0.98814523,0.010757473,5868998,eclipsing_binary
1588.7677064331003,0.99296343,0.0107626,5868998,eclipsing_binary
1588.7690953083609,0.99192196,0.010776516,5868998,eclipsing_binary
1588.7704841840857,0.9858573,0.010756399,5868998,eclipsing_binary
1588.771873059345,1.0081109,0.010794611,5868998,eclipsing_binary
1588.7732619350702,0.99370104,0.010778183,5868998,eclipsing_binary
1588.7746508103307,1.0050775,0.010793493,5868998,eclipsing_binary
1588.7760396855913,0.99221855,0.010778319,5868998,eclipsing_binary
1588.777428561317,0.99482054,0.010781301,5868998,eclipsing_binary
1588.7788174365767,0.99987245,0.010791905,5868998,eclipsing_binary
1588.7802063123024,0.9984246,0.010773464,5868998,eclipsing_binary
1588.781595187562,1.0075209,0.010795415,5868998,eclipsing_binary
1588.7829840628226,1.0055103,0.010804856,5868998,eclipsing_binary
1588.7843729385488,0.99214727,0.010761192,5868998,eclipsing_binary
1588.7857618138084,1.0017693,0.01078773,5868998,eclipsing_binary
1588.7871506895342,0.99411124,0.010763387,5868998,eclipsing_binary
1588.7885395647938,0.99429435,0.010771028,5868998,eclipsing_binary
1588.789928440054,1.0038577,0.0108044855,5868998,eclipsing_binary
1588.7913173157801,1.01382,0.010801575,5868998,eclipsing_binary
1588.7927061910398,0.9990162,0.010777304,5868998,eclipsing_binary
1588.794095066299,1.0003107,0.0107854875,5868998,eclipsing_binary
1588.7954839420247,1.0048193,0.010802801,5868998,eclipsing_binary
1588.7968728172843,1.005828,0.010786689,5868998,eclipsing_binary
1588.7982616925449,0.9898847,0.010777204,5868998,eclipsing_binary
1588.799650568271,1.0072782,0.01079754,5868998,eclipsing_binary
1588.8010394435312,1.0010514,0.010769039,5868998,eclipsing_binary
1588.8024283187908,0.99283814,0.010776646,5868998,eclipsing_binary
1588.8038171945161,1.005627,0.010801014,5868998,eclipsing_binary
1588.8052060697762,0.9895199,0.010808396,5868998,eclipsing_binary
1588.8065949450367,0.9983828,0.010789896,5868998,eclipsing_binary
1588.8079838202973,1.0049171,0.010791199,5868998,eclipsing_binary
1588.8093726960226,0.97485065,0.010750156,5868998,eclipsing_binary
1588.8107615712827,1.0002058,0.0107956715,5868998,eclipsing_binary
1588.8121504465423,0.98214126,0.010764058,5868998,eclipsing_binary
1588.8135393218029,1.0096647,0.010801827,5868998,eclipsing_binary
1588.8149281975286,0.98857135,0.010765619,5868998,eclipsing_binary
1588.8163170727878,1.0098865,0.010803007,5868998,eclipsing_binary
1588.8177059480474,1.0052295,0.010800214,5868998,eclipsing_binary
1588.8190948233075,1.0106871,0.010804281,5868998,eclipsing_binary
1588.8204836990328,1.0036485,0.0107908165,5868998,eclipsing_binary
1588.8218725742934,1.0026976,0.010778318,5868998,eclipsing_binary
1588.823261449554,1.002347,0.01078138,5868998,eclipsing_binary
1588.8246503248135,1.0065898,0.010773674,5868998,eclipsing_binary
1588.8260392000736,0.9931425,0.010766195,5868998,eclipsing_binary
1588.827428075799,1.005099,0.010799121,5868998,eclipsing_binary
1588.8288169510595,0.9999307,0.010781343,5868998,eclipsing_binary
1588.83020582632,0.99359524,0.010767679,5868998,eclipsing_binary
1588.8315947015801,1.0086842,0.01081683,5868998,eclipsing_binary
1588.8329835768398,0.9972549,0.010764849,5868998,eclipsing_binary
1588.8343724520998,1.0071334,0.010792185,5868998,eclipsing_binary
1588.8357613278251,1.0051327,0.010806744,5868998,eclipsing_binary
1588.8371502030852,0.9989149,0.010784157,5868998,eclipsing_binary
1588.8385390783449,1.0012168,0.010777024,5868998,eclipsing_binary
1588.839927953605,0.9958758,0.010769801,5868998,eclipsing_binary
1588.8413168288646,1.0205691,0.010814444,5868998,eclipsing_binary
1588.8427057041242,1.0010151,0.010783621,5868998,eclipsing_binary
1588.8440945793848,1.0085326,0.010783975,5868998,eclipsing_binary
1588.8454834546453,0.99032015,0.01078391,5868998,eclipsing_binary
1588.846872330371,1.0178906,0.010835424,5868998,eclipsing_binary
1588.8482612056307,0.99170434,0.010788719,5868998,eclipsing_binary
1588.8496500808908,1.0027099,0.010814921,5868998,eclipsing_binary
1588.8510389561504,0.98210037,0.01075513,5868998,eclipsing_binary
1588.852427831411,0.99493366,0.010771122,5868998,eclipsing_binary
1588.8538167066715,1.0055048,0.010784445,5868998,eclipsing_binary
1588.8552055819316,1.0072551,0.010794247,5868998,eclipsing_binary
1588.8565944571912,1.0085635,0.010795333,5868998,eclipsing_binary
1588.8579833324513,1.0201684,0.010809911,5868998,eclipsing_binary
1588.859372207711,0.9954204,0.010786793,5868998,eclipsing_binary
1588.8607610829708,0.99543226,0.010806328,5868998,eclipsing_binary
1588.8621499582307,1.0080206,0.01079182,5868998,eclipsing_binary
1588.8635388334903,1.003253,0.010780686,5868998,eclipsing_binary
1588.8649277087504,0.99072117,0.010774535,5868998,eclipsing_binary
1588.86631658401,0.9866881,0.010756374,5868998,eclipsing_binary
1588.8677054592706,1.0047127,0.010837866,5868998,eclipsing_binary
1588.8690943345312,0.98752683,0.010763229,5868998,eclipsing_binary
1588.8704832097912,0.994352,0.01076851,5868998,eclipsing_binary
1588.8718720850509,0.9688275,0.010747666,5868998,eclipsing_binary
1588.873260960311,0.9916871,0.010833327,5868998,eclipsing_binary
1588.8746498355715,1.0136845,0.010805519,5868998,eclipsing_binary
1588.876038710832,1.0093796,0.010781726,5868998,eclipsing_binary
1588.8774275860917,1.0024745,0.010778172,5868998,eclipsing_binary
1588.8788164613518,0.99898386,0.010777307,5868998,eclipsing_binary
1588.8802053366114,0.9955522,0.010766779,5868998,eclipsing_binary
1588.8815942118706,1.0115582,0.010781259,5868998,eclipsing_binary
1588.8829830871302,1.0294436,0.010843011,5868998,eclipsing_binary
1588.8843719623908,1.0024952,0.010781797,5868998,eclipsing_binary
1588.8857608376509,0.9937907,0.010792649,5868998,eclipsing_binary
1588.8871497129105,0.98961306,0.010778165,5868998,eclipsing_binary
1588.888538587705,0.99703276,0.010773876,5868998,eclipsing_binary
1588.8899274629655,0.9882505,0.010762588,5868998,eclipsing_binary
1588.891316338226,0.9927883,0.0107547315,5868998,eclipsing_binary
1588.8927052134857,0.9959744,0.010770942,5868998,eclipsing_binary
1588.8940940887458,0.98657113,0.0107831415,5868998,eclipsing_binary
1588.8954829640054,1.0072944,0.01078798,5868998,eclipsing_binary
1588.8968718392655,1.0054531,0.010781388,5868998,eclipsing_binary
1588.898260714526,0.98556894,0.010752458,5868998,eclipsing_binary
1588.899649589321,0.9910357,0.010769882,5868998,eclipsing_binary
1588.9010384645806,1.022126,0.010822717,5868998,eclipsing_binary
1588.9024273398402,0.9929033,0.010773616,5868998,eclipsing_binary
1588.9038162150994,0.9970247,0.010778825,5868998,eclipsing_binary
1588.9052050903595,0.98978037,0.010790389,5868998,eclipsing_binary
1588.90659396562,0.99944013,0.010795622,5868998,eclipsing_binary
1588.907982840414,1.0073336,0.010782886,5868998,eclipsing_binary
1588.909371715674,1.0002488,0.010774998,5868998,eclipsing_binary
1588.9107605909337,1.0181621,0.010812614,5868998,eclipsing_binary
1588.9121494661938,0.9936986,0.010766331,5868998,eclipsing_binary
1588.9135383414543,1.0113161,0.010803399,5868998,eclipsing_binary
1588.9149272162492,0.9923808,0.010766287,5868998,eclipsing_binary
1588.9163160915089,1.0025951,0.01077796,5868998,eclipsing_binary
1588.917704966769,1.0007824,0.010781885,5868998,eclipsing_binary
1588.9190938420286,1.002036,0.010799968,5868998,eclipsing_binary
1588.9204827172891,1.0040661,0.010783487,5868998,eclipsing_binary
1588.921871592084,0.99500567,0.010779467,5868998,eclipsing_binary
1588.9232604673437,0.9885852,0.010760624,5868998,eclipsing_binary
1588.9246493426037,1.0212096,0.010815355,5868998,eclipsing_binary
1588.9260382173973,1.0073344,0.010806137,5868998,eclipsing_binary
1588.9274270926564,1.0093224,0.010797699,5868998,eclipsing_binary
1588.928815967917,0.9910391,0.010814149,5868998,eclipsing_binary
1588.9302048431775,1.0011513,0.010767059,5868998,eclipsing_binary
1588.9315937179715,0.9901769,0.01076525,5868998,eclipsing_binary
1588.9329825932316,1.0022529,0.010775975,5868998,eclipsing_binary
1588.9343714684912,1.0106199,0.010782765,5868998,eclipsing_binary
1588.9357603432861,1.0004429,0.010800381,5868998,eclipsing_binary
1588.9371492185467,0.9980817,0.010778597,5868998,eclipsing_binary
1588.9385380938068,0.98759943,0.010758072,5868998,eclipsing_binary
1588.9399269686007,1.0017843,0.010808727,5868998,eclipsing_binary
1588.9413158438604,0.9925905,0.01078141,5868998,eclipsing_binary
1588.9427047191205,1.0105126,0.010797682,5868998,eclipsing_binary
1588.9440935939153,0.986233,0.010771385,5868998,eclipsing_binary
1588.9454824691759,1.012712,0.010775888,5868998,eclipsing_binary
1588.946871344435,1.0041475,0.010803446,5868998,eclipsing_binary
1588.9482602192286,1.0152719,0.010799167,5868998,eclipsing_binary
1588.9496490944882,1.0001954,0.010773741,5868998,eclipsing_binary
1588.9510379697483,0.99139345,0.0107620945,5868998,eclipsing_binary
1588.9524268445432,1.0207508,0.01082688,5868998,eclipsing_binary
1588.9538157198037,0.9946222,0.010755071,5868998,eclipsing_binary
1588.9552045945977,0.97881204,0.010734864,5868998,eclipsing_binary
1588.9565934698578,0.9959601,0.0108343195,5868998,eclipsing_binary
1588.9579823451174,0.99828017,0.010815607,5868998,eclipsing_binary
1588.9593712199123,1.0098021,0.010804082,5868998,eclipsing_binary
1588.9607600951729,0.99239993,0.010757893,5868998,eclipsing_binary
1588.9621489699668,1.0070499,0.010798041,5868998,eclipsing_binary
1588.963537845227,0.9954772,0.0107637495,5868998,eclipsing_binary
1588.964926720021,0.9960344,0.0107841315,5868998,eclipsing_binary
1588.966315595281,0.99946666,0.01076581,5868998,eclipsing_binary
1588.967704470076,0.99065924,0.010766505,5868998,eclipsing_binary
1588.9690933453355,0.9745961,0.010733265,5868998,eclipsing_binary
1588.9704822205947,0.98320687,0.010751394,5868998,eclipsing_binary
1588.9718710953891,0.9956532,0.010775318,5868998,eclipsing_binary
1588.9732599706488,1.0116155,0.010795041,5868998,eclipsing_binary
1588.9746488454437,0.9859601,0.010771196,5868998,eclipsing_binary
1588.9760377207042,1.0057119,0.0107927425,5868998,eclipsing_binary
1588.9774265954986,0.9946199,0.010778328,5868998,eclipsing_binary
1588.9788154707583,0.9908634,0.010749373,5868998,eclipsing_binary
1588.9802043455522,0.9919027,0.010754906,5868998,eclipsing_binary
1588.9815932203467,0.98036253,0.010733076,5868998,eclipsing_binary
1588.9829820956072,0.99018997,0.010746738,5868998,eclipsing_binary
1588.984370970402,0.9514028,0.010692465,5868998,eclipsing_binary
1588.9857598456617,0.9917752,0.010761741,5868998,eclipsing_binary
1588.9871487204562,0.9509388,0.010734058,5868998,eclipsing_binary
1588.9885375957158,0.97534895,0.010739629,5868998,eclipsing_binary
1588.9899264705107,0.96042913,0.010697262,5868998,eclipsing_binary
1588.9913153457708,0.95111036,0.010687586,5868998,eclipsing_binary
1588.9927042205643,0.9427273,0.010697409,5868998,eclipsing_binary
1588.9940930953583,0.9519939,0.010706597,5868998,eclipsing_binary
1588.9954819706184,0.9468876,0.010686504,5868998,eclipsing_binary
1588.9968708454123,0.9386967,0.010668722,5868998,eclipsing_binary
1588.9982597206729,0.9420059,0.010682167,5868998,eclipsing_binary
1588.9996485954678,0.943178,0.010677095,5868998,eclipsing_binary
1589.0010374702617,0.9654341,0.010754475,5868998,eclipsing_binary
1589.0024263455218,0.9338844,0.010674505,5868998,eclipsing_binary
1589.0038152203158,0.94683504,0.01068521,5868998,eclipsing_binary
1589.0052040955763,0.9446874,0.010697474,5868998,eclipsing_binary
1589.0065929703712,0.95113015,0.010684778,5868998,eclipsing_binary
1589.0079818451657,0.9518871,0.010718656,5868998,eclipsing_binary
1589.0093707204253,0.97477245,0.010722919,5868998,eclipsing_binary
1589.0107595952197,0.9530948,0.010700055,5868998,eclipsing_binary
1589.0121484700137,0.970714,0.010728594,5868998,eclipsing_binary
1589.0135373452738,0.9772277,0.010736425,5868998,eclipsing_binary
1589.0149262200678,0.9722698,0.01073617,5868998,eclipsing_binary
1589.0163150948622,0.9819131,0.010736135,5868998,eclipsing_binary
1589.0177039701218,0.97558486,0.01072916,5868998,eclipsing_binary
1589.0190928449158,0.9929771,0.010771345,5868998,eclipsing_binary
1589.0218705945056,0.9925792,0.010746101,5868998,eclipsing_binary
1589.0232594697657,0.9910002,0.010762205,5868998,eclipsing_binary
1589.0246483445596,0.9980032,0.010771178,5868998,eclipsing_binary
1589.026037219354,1.0006833,0.010800881,5868998,eclipsing_binary
1589.0274260946137,0.98261166,0.010750518,5868998,eclipsing_binary
1589.0288149694086,0.99750453,0.010789948,5868998,eclipsing_binary
1589.0302038442035,1.0133408,0.01081656,5868998,eclipsing_binary
1589.031592718998,1.0051011,0.010790804,5868998,eclipsing_binary
1589.0329815937919,1.0022192,0.010774381,5868998,eclipsing_binary
1589.034370469052,0.9951674,0.010768355,5868998,eclipsing_binary
1589.035759343846,1.003438,0.010777713,5868998,eclipsing_binary
1589.0371482186404,0.97401774,0.010735419,5868998,eclipsing_binary
1589.0385370934343,1.0194867,0.010804183,5868998,eclipsing_binary
1589.039925968694,1.010694,0.01078907,5868998,eclipsing_binary
1589.0413148434884,0.9902494,0.010778111,5868998,eclipsing_binary
1589.0427037182824,0.9984876,0.010775744,5868998,eclipsing_binary
1589.0440925930773,0.9750825,0.010728229,5868998,eclipsing_binary
1589.0454814678722,1.0119928,0.010809183,5868998,eclipsing_binary
1589.0468703426666,1.0077738,0.010778173,5868998,eclipsing_binary
1589.0482592179262,1.0086285,0.0107696215,5868998,eclipsing_binary
1589.059370216746,0.98646086,0.010790249,5868998,eclipsing_binary
1589.0607590915408,1.0052462,0.010826145,5868998,eclipsing_binary
1589.0621479663353,0.98642623,0.010758186,5868998,eclipsing_binary
1589.0635368411292,0.99914885,0.010794264,5868998,eclipsing_binary
1589.0649257159237,1.0035071,0.010773705,5868998,eclipsing_binary
1589.0663145907185,0.9927972,0.010800049,5868998,eclipsing_binary
1589.0677034655134,1.0085462,0.010801037,5868998,eclipsing_binary
1589.0690923403074,1.0079778,0.010791439,5868998,eclipsing_binary
1589.0704812151018,1.0186324,0.010799298,5868998,eclipsing_binary
1589.0718700898958,1.0083628,0.010788321,5868998,eclipsing_binary
1589.073258965156,0.9935943,0.010773623,5868998,eclipsing_binary
1589.0746478399508,0.9948709,0.010758192,5868998,eclipsing_binary
1589.0760367147457,1.0002667,0.0107808495,5868998,eclipsing_binary
1589.0774255895396,1.003988,0.010797931,5868998,eclipsing_binary
1589.0788144643332,0.992881,0.010764526,5868998,eclipsing_binary
1589.0802033391267,0.9952464,0.010760221,5868998,eclipsing_binary
1589.0815922139216,1.0149165,0.010782718,5868998,eclipsing_binary
1589.0829810887165,1.0044078,0.010783212,5868998,eclipsing_binary
1589.0843699635104,1.0227886,0.010808212,5868998,eclipsing_binary
1589.0857588383049,1.0093503,0.010799285,5868998,eclipsing_binary
1589.0871477130988,0.9916017,0.010766583,5868998,eclipsing_binary
1589.0885365878933,1.0046802,0.010836535,5868998,eclipsing_binary
1589.0899254626881,0.99802816,0.0107846,5868998,eclipsing_binary
1589.091314337483,0.9926557,0.010761171,5868998,eclipsing_binary
1589.0927032118113,0.99810946,0.01075701,5868998,eclipsing_binary
1589.0940920866058,1.0173535,0.010815198,5868998,eclipsing_binary
1589.0954809613997,1.0031962,0.010774303,5868998,eclipsing_binary
1589.096869836194,1.0110672,0.01078203,5868998,eclipsing_binary
1589.0982587109886,1.014679,0.010792752,5868998,eclipsing_binary
1589.0996475857835,1.0073123,0.0107707335,5868998,eclipsing_binary
1589.101036460577,1.005428,0.010779604,5868998,eclipsing_binary
1589.1024253353705,1.0154482,0.010795389,5868998,eclipsing_binary
1589.103814210165,1.0062711,0.01079992,5868998,eclipsing_binary
1589.1052030849598,0.9792649,0.010767671,5868998,eclipsing_binary
1589.1065919597547,1.0024192,0.010768588,5868998,eclipsing_binary
1589.1079808345487,1.0102904,0.010789959,5868998,eclipsing_binary
1589.1093697088775,0.9895675,0.010763962,5868998,eclipsing_binary
1589.1107585836714,0.99845207,0.010777604,5868998,eclipsing_binary
1589.1121474584659,0.9980136,0.010770286,5868998,eclipsing_binary
1589.1135363332608,1.0104244,0.010793632,5868998,eclipsing_binary
1589.1149252080556,0.99935424,0.010760944,5868998,eclipsing_binary
1589.1163140828496,0.9925006,0.010778254,5868998,eclipsing_binary
1589.1177029576438,1.0189673,0.010814338,5868998,eclipsing_binary
1589.1190918319724,0.99891275,0.0107700825,5868998,eclipsing_binary
1589.1204807067672,0.99329114,0.010766081,5868998,eclipsing_binary
1589.1218695815612,1.001866,0.010775427,5868998,eclipsing_binary
1589.1232584563547,1.0052329,0.010807619,5868998,eclipsing_binary
1589.1246473311492,1.0071282,0.01084374,5868998,eclipsing_binary
1589.1260362059431,0.9953552,0.010751782,5868998,eclipsing_binary
1589.127425080272,0.9932439,0.010763828,5868998,eclipsing_binary
1589.1288139550668,1.0139428,0.010802879,5868998,eclipsing_binary
1589.1302028298617,1.001668,0.01077054,5868998,eclipsing_binary
1589.1315917046556,0.994737,0.010769573,5868998,eclipsing_binary
1589.1329805789844,1.0126582,0.010783764,5868998,eclipsing_binary
1589.1343694537784,1.0003748,0.010794221,5868998,eclipsing_binary
1589.1357583285733,1.0086721,0.010785025,5868998,eclipsing_binary
1589.1371472033682,1.0003818,0.010774022,5868998,eclipsing_binary
1589.1385360776965,1.0265086,0.010807438,5868998,eclipsing_binary
1589.139924952491,1.002511,0.01077812,5868998,eclipsing_binary
1589.1413138272849,1.0055814,0.010775785,5868998,eclipsing_binary
1589.1427027020793,0.98776346,0.010760733,5868998,eclipsing_binary
1589.1440915764076,1.0140086,0.010792329,5868998,eclipsing_binary
1589.145480451202,1.0093806,0.010786876,5868998,eclipsing_binary
1589.146869325996,1.0003196,0.010769626,5868998,eclipsing_binary
1589.1482582003248,0.98116887,0.010772363,5868998,eclipsing_binary
1589.1496470751188,1.0006293,0.010812112,5868998,eclipsing_binary
1589.1510359499136,1.0069033,0.010786899,5868998,eclipsing_binary
1589.1524248242429,1.0044677,0.010784156,5868998,eclipsing_binary
1589.1538136990373,0.99648607,0.010761601,5868998,eclipsing_binary
1589.1552025738313,0.98484516,0.010745616,5868998,eclipsing_binary
1589.1565914481598,0.99574786,0.010763105,5868998,eclipsing_binary
1589.157980322954,1.0185838,0.0108179245,5868998,eclipsing_binary
1589.159369197749,1.0106436,0.010805916,5868998,eclipsing_binary
1589.1607580720781,1.0017953,0.0107752355,5868998,eclipsing_binary
1589.162146946872,1.0021306,0.010787776,5868998,eclipsing_binary
1589.1635358216665,0.997981,0.010780288,5868998,eclipsing_binary
1589.1649246959944,0.99090797,0.010759459,5868998,eclipsing_binary
1589.1663135707884,1.0095452,0.010795845,5868998,eclipsing_binary
1589.1677024451176,0.9706703,0.01072379,5868998,eclipsing_binary
1589.169091319912,1.0018748,0.010776485,5868998,eclipsing_binary
1589.170480194706,0.9941409,0.010783658,5868998,eclipsing_binary
1589.1718690690348,0.9976437,0.01076667,5868998,eclipsing_binary
1589.1732579438287,0.9932821,0.010760534,5868998,eclipsing_binary
1589.174646818158,1.0045342,0.010822877,5868998,eclipsing_binary
1589.1760356929528,0.98859,0.0107633285,5868998,eclipsing_binary
1589.1774245677468,1.0005592,0.010768705,5868998,eclipsing_binary
1589.1788134420756,1.0167989,0.010794321,5868998,eclipsing_binary
1589.1802023168696,1.0064311,0.010781488,5868998,eclipsing_binary
1589.1815911911988,1.0151213,0.010793766,5868998,eclipsing_binary
1589.1829800659937,1.0010434,0.010780019,5868998,eclipsing_binary
1589.1843689403224,1.0024834,0.01078678,5868998,eclipsing_binary
1589.1857578151164,1.0073776,0.01078358,5868998,eclipsing_binary
1589.1871466894443,0.98738396,0.010748187,5868998,eclipsing_binary
1589.1885355642378,1.009583,0.01078768,5868998,eclipsing_binary
1589.189924438567,1.0163467,0.010803741,5868998,eclipsing_binary
1589.191313313362,1.0168252,0.010792236,5868998,eclipsing_binary
1589.1927021876907,1.0110146,0.010788914,5868998,eclipsing_binary
1589.1940910624846,1.009576,0.010782343,5868998,eclipsing_binary
1589.1954799368132,1.0061742,0.010775599,5868998,eclipsing_binary
1589.1968688116078,0.988596,0.010749578,5868998,eclipsing_binary
1589.198257685937,0.9922091,0.010776424,5868998,eclipsing_binary
1589.1996465607315,0.99621975,0.010774898,5868998,eclipsing_binary
1589.2010354350598,0.98928,0.010761665,5868998,eclipsing_binary
1589.2024243093886,1.0192199,0.010798579,5868998,eclipsing_binary
1589.2038131841825,1.0021216,0.01078789,5868998,eclipsing_binary
1589.2052020585118,0.9884322,0.010774263,5868998,eclipsing_binary
1589.2065909333066,1.0113187,0.010777272,5868998,eclipsing_binary
1589.2079798076354,1.0052745,0.010781119,5868998,eclipsing_binary
1589.209368682429,1.0229974,0.010820638,5868998,eclipsing_binary
1589.2107575567568,1.0001881,0.010768839,5868998,eclipsing_binary
1589.212146431086,1.007348,0.010785707,5868998,eclipsing_binary
1589.213535305881,0.99950385,0.010759211,5868998,eclipsing_binary
1589.2149241802092,1.0076946,0.010809838,5868998,eclipsing_binary
1589.2163130550032,0.9952991,0.010792303,5868998,eclipsing_binary
1589.217701929332,1.0202956,0.010816643,5868998,eclipsing_binary
1589.2190908036603,0.9974427,0.010788353,5868998,eclipsing_binary
1589.2204796784551,0.9989629,0.010781783,5868998,eclipsing_binary
1589.2218685527844,0.99335575,0.010777418,5868998,eclipsing_binary
1589.2232574271131,0.9917116,0.010743367,5868998,eclipsing_binary
1589.2246463019071,1.010946,0.010793502,5868998,eclipsing_binary
1589.2260351762359,1.0085952,0.010789122,5868998,eclipsing_binary
1589.227424050565,0.98637295,0.010745623,5868998,eclipsing_binary
1589.22881292536,0.9981511,0.010777313,5868998,eclipsing_binary
1589.2302017996878,1.0013136,0.010780048,5868998,eclipsing_binary
1589.2315906740157,0.9981635,0.010771967,5868998,eclipsing_binary
1589.2329795488097,1.0062621,0.010777827,5868998,eclipsing_binary
1589.2343684231382,0.993736,0.010762778,5868998,eclipsing_binary
1589.2357572974672,1.0156008,0.010796828,5868998,eclipsing_binary
1589.2371461717964,0.992953,0.010749043,5868998,eclipsing_binary
1589.2385350465909,0.9885586,0.010760097,5868998,eclipsing_binary
1589.2399239209192,1.0044159,0.010781099,5868998,eclipsing_binary
1589.241312795248,1.0106624,0.010785282,5868998,eclipsing_binary
1589.2427016695772,1.0047427,0.010793034,5868998,eclipsing_binary
1589.244090544372,1.0090419,0.010780266,5868998,eclipsing_binary
1589.2454794187004,1.0095773,0.010803556,5868998,eclipsing_binary
1589.2468682930291,1.004742,0.010785349,5868998,eclipsing_binary
1589.2482571673575,1.0239626,0.010804093,5868998,eclipsing_binary
1589.2496460421519,1.0075406,0.010815009,5868998,eclipsing_binary
1589.2510349164802,0.98872095,0.010750827,5868998,eclipsing_binary
1589.252423790809,0.9951622,0.010759018,5868998,eclipsing_binary
1589.2538126651373,0.99452466,0.010749515,5868998,eclipsing_binary
1589.2552015394658,1.0010042,0.010775762,5868998,eclipsing_binary
1589.25659041426,1.0108775,0.010783064,5868998,eclipsing_binary
1589.2579792885883,1.0130248,0.010793948,5868998,eclipsing_binary
1589.2593681629176,1.009823,0.010779511,5868998,eclipsing_binary
1589.2607570372468,0.9874952,0.010734852,5868998,eclipsing_binary
1589.2621459115755,1.0132619,0.01079297,5868998,eclipsing_binary
1589.2635347859039,0.99234045,0.010752443,5868998,eclipsing_binary
1589.2649236606983,1.0152054,0.01083898,5868998,eclipsing_binary
1589.2663125350275,0.99126214,0.0107782325,5868998,eclipsing_binary
1589.2677014093567,0.98633826,0.01075085,5868998,eclipsing_binary
1589.269090283685,0.9854961,0.010750347,5868998,eclipsing_binary
1589.2704791580138,1.0110255,0.0107757235,5868998,eclipsing_binary
1589.2718680323421,1.00225,0.010778656,5868998,eclipsing_binary
1589.27325690667,0.9874786,0.010757908,5868998,eclipsing_binary
1589.2746457809983,0.9827103,0.010738995,5868998,eclipsing_binary
1589.2760346557932,1.0041382,0.01077417,5868998,eclipsing_binary
1589.277423530122,1.0064852,0.010770917,5868998,eclipsing_binary
1589.2788124044503,1.0003066,0.01076455,5868998,eclipsing_binary
1589.280201278779,1.0266708,0.0108132595,5868998,eclipsing_binary
1589.2815901531083,1.0013455,0.010801668,5868998,eclipsing_binary
1589.2829790274375,1.0020669,0.010756401,5868998,eclipsing_binary
1589.2843679017658,1.0082949,0.010794399,5868998,eclipsing_binary
1589.2857567760946,0.9999899,0.010774924,5868998,eclipsing_binary
1589.2871456504229,1.0087664,0.0107904095,5868998,eclipsing_binary
1589.2885345247516,0.9953988,0.010762613,5868998,eclipsing_binary
1589.2899233990809,1.0043136,0.010768657,5868998,eclipsing_binary
1589.29131227341,1.0097355,0.010798621,5868998,eclipsing_binary
1589.2927011477384,1.0026226,0.0108289,5868998,eclipsing_binary
1589.2940900220663,0.99611896,0.010765646,5868998,eclipsing_binary
1589.2954788963941,1.0075841,0.010788061,5868998,eclipsing_binary
1589.2968677707233,1.002114,0.010777293,5868998,eclipsing_binary
1589.2982566450526,1.0016015,0.010812916,5868998,eclipsing_binary
1589.2996455193809,1.0027913,0.010769228,5868998,eclipsing_binary
1589.3010343937096,1.0014496,0.010781126,5868998,eclipsing_binary
1589.302423268038,1.0099646,0.010771847,5868998,eclipsing_binary
1589.3038121423667,0.9816609,0.010732995,5868998,eclipsing_binary
1589.305201016696,0.98806757,0.010758076,5868998,eclipsing_binary
1589.3065898910252,0.98746943,0.010745479,5868998,eclipsing_binary
1589.3079787653535,0.9993791,0.010812257,5868998,eclipsing_binary
1589.3093676396823,1.0018959,0.01078601,5868998,eclipsing_binary
1589.3107565140106,1.003377,0.010775923,5868998,eclipsing_binary
1589.3121453883398,1.0083281,0.010763329,5868998,eclipsing_binary
1589.313534262669,0.9902307,0.010750898,5868998,eclipsing_binary
1589.314923136532,1.0065435,0.010771125,5868998,eclipsing_binary
1589.3163120108595,1.0067978,0.01076852,5868998,eclipsing_binary
1589.3177008851874,0.9931518,0.010759555,5868998,eclipsing_binary
1589.3190897595161,0.99813527,0.010764717,5868998,eclipsing_binary
1589.3204786338454,0.98270184,0.010734825,5868998,eclipsing_binary
1589.3218675081746,1.0080279,0.010787202,5868998,eclipsing_binary
1589.323256382503,0.9949151,0.010771673,5868998,eclipsing_binary
1589.3246452568317,1.0127472,0.010793672,5868998,eclipsing_binary
1589.3260341306943,0.9924083,0.0107652005,5868998,eclipsing_binary
1589.3274230050235,0.99863625,0.0107747475,5868998,eclipsing_binary
1589.3288118793528,1.0199603,0.010806468,5868998,eclipsing_binary
1589.3302007536815,1.002851,0.01082322,5868998,eclipsing_binary
1589.3315896280099,0.9999118,0.01075428,5868998,eclipsing_binary
1589.3329785023386,0.9959241,0.010808229,5868998,eclipsing_binary
1589.3343673762013,1.0039259,0.010779319,5868998,eclipsing_binary
1589.3357562505305,0.9852929,0.010761559,5868998,eclipsing_binary
1589.3371451248588,0.9900789,0.010771088,5868998,eclipsing_binary
1589.3385339991867,1.0036769,0.010786485,5868998,eclipsing_binary
1589.3399228735154,1.0127716,0.010788869,5868998,eclipsing_binary
1589.341311747378,1.0029448,0.010800121,5868998,eclipsing_binary
1589.3427006217073,0.9988622,0.010770542,5868998,eclipsing_binary
1589.3440894960365,0.9974042,0.010770964,5868998,eclipsing_binary
1589.3454783703653,1.0038911,0.010777609,5868998,eclipsing_binary
1589.3468672446936,0.994325,0.01076158,5868998,eclipsing_binary
1589.3482561185567,1.0103236,0.010791103,5868998,eclipsing_binary
1589.349644992885,1.0011265,0.010757595,5868998,eclipsing_binary
1589.3510338672143,1.0067148,0.010769751,5868998,eclipsing_binary
1589.3538116154064,1.0245538,0.010801085,5868998,eclipsing_binary
1589.355200489735,0.9872437,0.010743226,5868998,eclipsing_binary
1589.3579782379263,0.9950197,0.010782236,5868998,eclipsing_binary
1589.3593671122546,1.0044364,0.010777335,5868998,eclipsing_binary
1589.3607559865834,0.9872844,0.010750861,5868998,eclipsing_binary
1589.362144860446,1.0054755,0.010776127,5868998,eclipsing_binary
1589.3635337347748,0.98527014,0.010740997,5868998,eclipsing_binary
1589.3649226091031,1.0044852,0.010756929,5868998,eclipsing_binary
1589.3663114829667,1.0153967,0.010794962,5868998,eclipsing_binary
1589.367700357296,0.99161637,0.010744647,5868998,eclipsing_binary
1589.3690892316247,1.0073167,0.010779478,5868998,eclipsing_binary
1589.3704781054873,0.98468184,0.010756435,5868998,eclipsing_binary
1589.371866979816,0.9787264,0.010740673,5868998,eclipsing_binary
1589.373255854145,1.0035652,0.0107836705,5868998,eclipsing_binary
1589.3746447280084,1.0102589,0.010785123,5868998,eclipsing_binary
1589.3760336023372,0.993671,0.010741588,5868998,eclipsing_binary
1589.3774224766655,1.0094345,0.010797746,5868998,eclipsing_binary
1589.3788113505286,0.99936914,0.010769596,5868998,eclipsing_binary
1589.3802002248565,1.0061686,0.010775819,5868998,eclipsing_binary
1589.3815890987191,0.9796841,0.0107433945,5868998,eclipsing_binary
1589.3829779730484,1.0031346,0.010774819,5868998,eclipsing_binary
1589.3843668469115,0.99862933,0.010786102,5868998,eclipsing_binary
1589.3857557212398,0.994575,0.01077566,5868998,eclipsing_binary
1589.3871445955685,0.9917799,0.010771085,5868998,eclipsing_binary
1589.388533469432,1.0068429,0.0107916985,5868998,eclipsing_binary
1589.3899223437613,0.9789763,0.0107323,5868998,eclipsing_binary
1589.391311217624,0.98945093,0.01072967,5868998,eclipsing_binary
1589.3927000919525,1.0007285,0.0107491445,5868998,eclipsing_binary
1589.3940889658154,1.0033617,0.010793795,5868998,eclipsing_binary
1589.3954778401437,0.98904735,0.010756497,5868998,eclipsing_binary
1589.3968667140073,1.0059853,0.010757878,5868998,eclipsing_binary
1589.3982555883365,0.9976967,0.010752434,5868998,eclipsing_binary
1589.3996444621996,1.0210239,0.010803066,5868998,eclipsing_binary
1589.4010333365275,0.9936207,0.010758197,5868998,eclipsing_binary
1589.4024222103897,1.0108327,0.010787508,5868998,eclipsing_binary
1589.403811084718,1.0133617,0.010797427,5868998,eclipsing_binary
1589.4051999585815,0.99292415,0.010750526,5868998,eclipsing_binary
1589.4065888329108,1.0132711,0.010808119,5868998,eclipsing_binary
1589.4079777067739,0.99957293,0.010770839,5868998,eclipsing_binary
1589.4093665811022,0.98663133,0.010764312,5868998,eclipsing_binary
1589.4107554549653,1.0103347,0.0107864505,5868998,eclipsing_binary
1589.4121443292945,1.0015558,0.010781085,5868998,eclipsing_binary
1589.4135332031578,1.003799,0.010775398,5868998,eclipsing_binary
1589.4149220774864,1.0076891,0.010779974,5868998,eclipsing_binary
1589.416310951349,0.9997333,0.0107627055,5868998,eclipsing_binary
1589.4176998252121,1.0195372,0.010786311,5868998,eclipsing_binary
1589.4190886995405,1.007881,0.010772589,5868998,eclipsing_binary
1589.420477573404,0.98401743,0.010749548,5868998,eclipsing_binary
1589.4218664477328,1.0057937,0.010770305,5868998,eclipsing_binary
1589.423255321595,0.99580467,0.010762962,5868998,eclipsing_binary
1589.4246441954576,1.008548,0.010790122,5868998,eclipsing_binary
1589.4260330697864,1.0047995,0.010782267,5868998,eclipsing_binary
1589.42742194365,1.0013404,0.01078969,5868998,eclipsing_binary
1589.4288108175135,1.0079769,0.01079014,5868998,eclipsing_binary
1589.4301996918418,0.9875157,0.010732827,5868998,eclipsing_binary
1589.4315885657047,1.0099974,0.010786939,5868998,eclipsing_binary
1589.4329774400333,0.97991973,0.010774919,5868998,eclipsing_binary
1589.434366313896,1.0097101,0.01078296,5868998,eclipsing_binary
1589.4357551877595,0.9904929,0.010735529,5868998,eclipsing_binary
1589.4371440620887,1.0080209,0.010781824,5868998,eclipsing_binary
1589.4399218098145,1.0078818,0.010776311,5868998,eclipsing_binary
1589.4413106836776,0.99734616,0.01074547,5868998,eclipsing_binary
1589.4426995580059,1.0256767,0.010795913,5868998,eclipsing_binary
1589.444088431869,0.9907099,0.010777047,5868998,eclipsing_binary
1589.4454773057316,0.9808113,0.010746404,5868998,eclipsing_binary
1589.4468661800604,1.002433,0.010763586,5868998,eclipsing_binary
1589.4496439277862,1.0069684,0.010776584,5868998,eclipsing_binary
1589.4510328016497,1.0191871,0.01079275,5868998,eclipsing_binary
1589.4524216759787,1.0029951,0.01080455,5868998,eclipsing_binary
1589.4538105498416,1.017798,0.010777823,5868998,eclipsing_binary
1589.4551994237042,1.008029,0.0107937055,5868998,eclipsing_binary
1589.4565882975674,0.99595356,0.010765576,5868998,eclipsing_binary
1589.4579771718966,0.9991079,0.010770324,5868998,eclipsing_binary
1589.4593660457601,0.9855968,0.010740995,5868998,eclipsing_binary
1589.4607549196228,1.0047086,0.010772423,5868998,eclipsing_binary
1589.462143793486,1.0137465,0.010780944,5868998,eclipsing_binary
1589.4635326673485,1.0165952,0.010786691,5868998,eclipsing_binary
1589.4649215416764,1.0109061,0.010782525,5868998,eclipsing_binary
1589.4663104155395,0.9951645,0.010753964,5868998,eclipsing_binary
1589.467699289403,1.0154614,0.010782158,5868998,eclipsing_binary
1589.4690881632657,1.0075499,0.010762895,5868998,eclipsing_binary
1589.4704770371286,1.0070782,0.01078075,5868998,eclipsing_binary
1589.4718659114571,0.98264605,0.0107332645,5868998,eclipsing_binary
1589.4732547853207,0.9960793,0.010757954,5868998,eclipsing_binary
1589.4746436591843,1.0196322,0.010796626,5868998,eclipsing_binary
1589.476032533047,0.99649334,0.010744148,5868998,eclipsing_binary
1589.47742140691,0.99816954,0.010761271,5868998,eclipsing_binary
1589.4788102807727,1.0260681,0.010790293,5868998,eclipsing_binary
1589.4801991546358,1.0050924,0.010767115,5868998,eclipsing_binary
1589.4815880284993,1.0062261,0.010758528,5868998,eclipsing_binary
1589.4829769028286,0.9982098,0.010758679,5868998,eclipsing_binary
1589.4843657766912,0.9931378,0.010745347,5868998,eclipsing_binary
1589.4857546505534,0.99745995,0.010782938,5868998,eclipsing_binary
1589.4871435244156,0.9965041,0.010759293,5868998,eclipsing_binary
1589.4885323982792,1.0117394,0.010769036,5868998,eclipsing_binary
1589.4899212721427,1.0012348,0.010779896,5868998,eclipsing_binary
1589.4913101460056,0.9950058,0.010765277,5868998,eclipsing_binary
1589.4926990198685,1.0039517,0.010772185,5868998,eclipsing_binary
1589.4940878937311,1.0182956,0.0107904775,5868998,eclipsing_binary
1589.4954767675943,1.0023074,0.01076938,5868998,eclipsing_binary
1589.4968656414578,0.9865433,0.010758797,5868998,eclipsing_binary
1589.4982545153214,1.0000365,0.010745592,5868998,eclipsing_binary
1589.499643389184,1.0038553,0.0107791275,5868998,eclipsing_binary
1589.5010322630471,1.0068675,0.010788203,5868998,eclipsing_binary
1589.5024211369098,1.0014418,0.010818794,5868998,eclipsing_binary
1589.5038100107733,0.98877776,0.010756241,5868998,eclipsing_binary
1589.505198884637,0.9923487,0.010747137,5868998,eclipsing_binary
1589.506587758499,1.0303266,0.010796767,5868998,eclipsing_binary
1589.5079766323613,1.0003327,0.010759037,5868998,eclipsing_binary
1589.5093655062242,0.9943137,0.010772093,5868998,eclipsing_binary
1589.510754380087,1.0145054,0.010795358,5868998,eclipsing_binary
1589.5121432539506,1.0022469,0.010759719,5868998,eclipsing_binary
1589.5135321278142,1.0079769,0.010788765,5868998,eclipsing_binary
1589.5149210016768,1.0139242,0.010778255,5868998,eclipsing_binary
1589.51630987554,1.0042607,0.010772104,5868998,eclipsing_binary
1589.5176987494026,0.9897623,0.010749532,5868998,eclipsing_binary
1589.5190876232662,0.9974954,0.010759172,5868998,eclipsing_binary
1589.5204764971297,0.99146944,0.010742238,5868998,eclipsing_binary
1589.5218653709928,1.0161374,0.0107936,5868998,eclipsing_binary
1589.5232542448555,0.99371505,0.010753204,5868998,eclipsing_binary
1589.5246431187186,1.0051587,0.010772278,5868998,eclipsing_binary
1589.5260319925812,0.9900818,0.010774818,5868998,eclipsing_binary
1589.5274208659787,1.0056547,0.010761008,5868998,eclipsing_binary
1589.5288097398413,1.0042388,0.010763702,5868998,eclipsing_binary
1589.5301986137042,1.0065216,0.010764746,5868998,eclipsing_binary
1589.531587487567,0.9949455,0.010756406,5868998,eclipsing_binary
1589.5329763614297,0.99043447,0.010748145,5868998,eclipsing_binary
1589.5343652352933,0.9925758,0.010748423,5868998,eclipsing_binary
1589.5357541091569,1.0041132,0.010793628,5868998,eclipsing_binary
1589.53714298302,1.0272593,0.010795622,5868998,eclipsing_binary
1589.538531856417,1.0198361,0.010794188,5868998,eclipsing_binary
1589.53992073028,1.0037912,0.010771184,5868998,eclipsing_binary
1589.5413096041427,0.9976329,0.010750016,5868998,eclipsing_binary
1589.5426984780063,1.0126265,0.010781577,5868998,eclipsing_binary
1589.5440873518698,1.0004624,0.010753281,5868998,eclipsing_binary
1589.5454762252673,1.0215585,0.010787797,5868998,eclipsing_binary
1589.54686509913,0.9947803,0.010768172,5868998,eclipsing_binary
1589.5482539729921,1.0030243,0.010758885,5868998,eclipsing_binary
1589.5496428468548,1.0018519,0.010748137,5868998,eclipsing_binary
1589.5510317207184,0.98008794,0.0107405875,5868998,eclipsing_binary
1589.5524205941158,1.0031881,0.010749298,5868998,eclipsing_binary
1589.5538094679785,1.0025318,0.010766151,5868998,eclipsing_binary
1589.5551983418416,1.0151398,0.010772207,5868998,eclipsing_binary
1589.5565872157042,1.000842,0.010769194,5868998,eclipsing_binary
1589.557976089102,1.0097883,0.010763452,5868998,eclipsing_binary
1589.5593649629657,1.0017545,0.010749902,5868998,eclipsing_binary
1589.5607538368288,1.0055339,0.010796826,5868998,eclipsing_binary
1589.5621427106914,0.98956734,0.010737481,5868998,eclipsing_binary
1589.5635315840889,0.9865264,0.010742004,5868998,eclipsing_binary
1589.5649204579515,0.9878734,0.0107509205,5868998,eclipsing_binary
1589.566309331815,1.0309967,0.010817349,5868998,eclipsing_binary
1589.567698205213,1.0027353,0.010777155,5868998,eclipsing_binary
1589.5690870790752,1.0211445,0.010791301,5868998,eclipsing_binary
1589.5704759529374,0.9952625,0.010759263,5868998,eclipsing_binary
1589.5718648263344,1.0201019,0.010773336,5868998,eclipsing_binary
1589.573253700198,0.9854785,0.010769455,5868998,eclipsing_binary
1589.5746425740615,0.9929044,0.010735149,5868998,eclipsing_binary
1589.576031447459,0.99205464,0.010742622,5868998,eclipsing_binary
1589.5774203213216,0.9987987,0.010756232,5868998,eclipsing_binary
1589.5788091951847,1.0007062,0.010768843,5868998,eclipsing_binary
1589.5801980685817,0.980138,0.010748411,5868998,eclipsing_binary
1589.5815869424453,0.99385947,0.01075767,5868998,eclipsing_binary
1589.5829758163088,1.0018948,0.01077367,5868998,eclipsing_binary
1589.5843646897063,1.0219587,0.010788779,5868998,eclipsing_binary
1589.585753563569,1.006138,0.010769456,5868998,eclipsing_binary
1589.5871424369664,1.0153909,0.010785118,5868998,eclipsing_binary
1589.58853131083,1.0055546,0.010769711,5868998,eclipsing_binary
1589.5899201846926,0.99605584,0.010761937,5868998,eclipsing_binary
1589.591309058089,0.99740285,0.010757224,5868998,eclipsing_binary
1589.5926979319518,1.0134445,0.0108069405,5868998,eclipsing_binary
1589.5940868053492,1.0169797,0.010789099,5868998,eclipsing_binary
1589.5954756792119,1.0166556,0.010787737,5868998,eclipsing_binary
1589.5968645530754,0.98583,0.010749789,5868998,eclipsing_binary
1589.5982534264733,0.9874568,0.010756523,5868998,eclipsing_binary
1589.5996423003364,0.99724704,0.010761344,5868998,eclipsing_binary
1589.6010311737334,0.9985688,0.010751112,5868998,eclipsing_binary
1589.6024200475965,0.9951264,0.010761144,5868998,eclipsing_binary
1589.6038089209944,1.0059582,0.010765126,5868998,eclipsing_binary
1589.605197794858,0.9895652,0.010774186,5868998,eclipsing_binary
1589.606586668255,1.0044692,0.010753545,5868998,eclipsing_binary
1589.607975542118,1.0053667,0.010771551,5868998,eclipsing_binary
1589.609364415515,0.99463975,0.010741236,5868998,eclipsing_binary
1589.6107532893773,0.98880833,0.010741195,5868998,eclipsing_binary
1589.6121421627743,1.020402,0.01078747,5868998,eclipsing_binary
1589.6135310366378,1.000058,0.010760076,5868998,eclipsing_binary
1589.6149199100353,0.9860256,0.01073057,5868998,eclipsing_binary
1589.616308783898,0.9787384,0.010720259,5868998,eclipsing_binary
1589.6176976572954,0.96415323,0.010711109,5868998,eclipsing_binary
1589.619086531159,0.9658172,0.0106994845,5868998,eclipsing_binary
1589.6204754045568,0.97768456,0.010730335,5868998,eclipsing_binary
1589.6218642779538,0.96802974,0.010717706,5868998,eclipsing_binary
1589.623253151817,0.9567318,0.010685898,5868998,eclipsing_binary
1589.624642025214,0.952789,0.010695193,5868998,eclipsing_binary
1589.626030899077,0.9461965,0.010675393,5868998,eclipsing_binary
1589.627419772475,0.94739705,0.010687175,5868998,eclipsing_binary
1589.6288086458726,0.9531474,0.010680271,5868998,eclipsing_binary
1589.6301975197355,0.9525863,0.010687061,5868998,eclipsing_binary
1589.631586393132,0.94427246,0.010667225,5868998,eclipsing_binary
1589.6329752669942,0.9573281,0.010676192,5868998,eclipsing_binary
1589.634364140392,0.92681724,0.010686564,5868998,eclipsing_binary
1589.63575301379,0.9616507,0.010695121,5868998,eclipsing_binary
1589.6371418876527,0.9494165,0.010674056,5868998,eclipsing_binary
1589.63853076105,0.95027894,0.010687353,5868998,eclipsing_binary
1589.639919634447,0.9458462,0.010671591,5868998,eclipsing_binary
1589.6413085083102,0.950693,0.010672165,5868998,eclipsing_binary
1589.642697381708,0.9736737,0.01072234,5868998,eclipsing_binary
1589.644086255106,0.9718282,0.010722526,5868998,eclipsing_binary
1589.6454751289687,0.9666746,0.010703403,5868998,eclipsing_binary
1589.646864002366,0.9731803,0.010726638,5868998,eclipsing_binary
1589.648252875763,0.9660814,0.010700226,5868998,eclipsing_binary
1589.6496417496267,0.96012986,0.01069812,5868998,eclipsing_binary
1589.6510306230246,0.97824764,0.010730762,5868998,eclipsing_binary
1589.652419496421,0.98269665,0.010735361,5868998,eclipsing_binary
1589.6538083702833,0.9838605,0.010737864,5868998,eclipsing_binary
1589.6551972436803,0.98720807,0.010750611,5868998,eclipsing_binary
1589.6565861170777,0.9849842,0.010737013,5868998,eclipsing_binary
1589.6579749904756,0.98687255,0.010779036,5868998,eclipsing_binary
1589.6593638643392,1.0032082,0.010767936,5868998,eclipsing_binary
1589.6607527377362,1.0014122,0.010759541,5868998,eclipsing_binary
1589.6621416111336,1.00736,0.010772132,5868998,eclipsing_binary
1589.6635304845306,0.986067,0.010738823,5868998,eclipsing_binary
1589.6649193583942,0.99073595,0.010744293,5868998,eclipsing_binary
1589.666308231792,0.986999,0.010737472,5868998,eclipsing_binary
1589.6676971051893,1.0069519,0.010764104,5868998,eclipsing_binary
1589.6690859785865,0.984066,0.01071155,5868998,eclipsing_binary
1589.6704748519835,0.98837745,0.010748937,5868998,eclipsing_binary
1589.6718637258466,0.9924991,0.010758793,5868998,eclipsing_binary
1589.6732525992436,1.0073286,0.010764795,5868998,eclipsing_binary
1589.674641472641,0.9834683,0.010796464,5868998,eclipsing_binary
1589.6774192194355,1.0018115,0.010773463,5868998,eclipsing_binary
1589.6788080928325,0.9944201,0.010748865,5868998,eclipsing_binary
1589.680196966696,1.0015321,0.01075379,5868998,eclipsing_binary
1589.681585840094,1.0029453,0.010766013,5868998,eclipsing_binary
1589.6829747134914,0.9895418,0.010742124,5868998,eclipsing_binary
1589.6843635868884,0.9847098,0.010743867,5868998,eclipsing_binary
1589.6857524602858,0.9893889,0.01073614,5868998,eclipsing_binary
1589.6871413336828,1.0136453,0.010784618,5868998,eclipsing_binary
1589.6885302070807,1.0000671,0.01076903,5868998,eclipsing_binary
1589.6899190804786,1.0041337,0.010766486,5868998,eclipsing_binary
1589.6913079543413,0.9941028,0.010751376,5868998,eclipsing_binary
1589.6926968277387,0.99072295,0.0107288305,5868998,eclipsing_binary
1589.6940857011352,0.9909166,0.010761843,5868998,eclipsing_binary
1589.6954745745322,0.9936879,0.010744783,5868998,eclipsing_binary
1589.6968634479301,0.98510563,0.010748307,5868998,eclipsing_binary
1589.6982523213276,1.008761,0.010778443,5868998,eclipsing_binary
1589.6996411947246,0.9892699,0.01073331,5868998,eclipsing_binary
1589.701030068122,0.99474794,0.010797648,5868998,eclipsing_binary
1589.702418941519,1.001836,0.010779297,5868998,eclipsing_binary
1589.703807814917,1.0027578,0.010758385,5868998,eclipsing_binary
1589.7051966883148,1.0056968,0.010746711,5868998,eclipsing_binary
1589.706585561712,0.9938933,0.01075383,5868998,eclipsing_binary
1589.7079744351092,0.99230987,0.010751535,5868998,eclipsing_binary
1589.7093633085062,1.0074837,0.010774897,5868998,eclipsing_binary
1589.7107521819037,0.9970736,0.010754053,5868998,eclipsing_binary
1589.7121410553016,0.97910196,0.010720329,5868998,eclipsing_binary
1589.7135299286995,0.99806195,0.010757136,5868998,eclipsing_binary
1589.714918802096,0.9886956,0.010740711,5868998,eclipsing_binary
1589.7163076754925,1.0075288,0.010763438,5868998,eclipsing_binary
1589.7176965488895,1.0129163,0.010796652,5868998,eclipsing_binary
1589.7190854222874,0.9810764,0.010739363,5868998,eclipsing_binary
1589.7204742956853,1.0074608,0.0107668815,5868998,eclipsing_binary
1589.7218631690828,1.0004395,0.01074823,5868998,eclipsing_binary
1589.7232520424798,0.9941075,0.010768068,5868998,eclipsing_binary
1589.7246409158772,1.0085249,0.010770055,5868998,eclipsing_binary
1589.7260297892742,0.99095935,0.010748104,5868998,eclipsing_binary
1589.727418662672,1.0173892,0.01080775,5868998,eclipsing_binary
1589.72880753607,1.0071205,0.010776566,5868998,eclipsing_binary
1589.730196409467,1.0063319,0.010759086,5868998,eclipsing_binary
1589.7315852823988,0.9912895,0.010735258,5868998,eclipsing_binary
1589.7329741557958,0.99528104,0.010736376,5868998,eclipsing_binary
1589.7343630291932,0.9885358,0.010750955,5868998,eclipsing_binary
1589.7357519025902,0.99225587,0.010754807,5868998,eclipsing_binary
1589.7371407759877,1.0121697,0.010767996,5868998,eclipsing_binary
1589.7385296493846,1.0153587,0.010761544,5868998,eclipsing_binary
1589.739918522782,1.0087879,0.010781514,5868998,eclipsing_binary
1589.741307396179,1.0115912,0.010778791,5868998,eclipsing_binary
1589.7426962691113,0.9976723,0.010757971,5868998,eclipsing_binary
1589.7440851425092,1.0037311,0.010755188,5868998,eclipsing_binary
1589.7454740159067,0.9933756,0.010740737,5868998,eclipsing_binary
1589.7468628893037,0.99613595,0.010775933,5868998,eclipsing_binary
1589.7482517627006,0.99701613,0.010752886,5868998,eclipsing_binary
1589.7496406360985,0.99590427,0.010744811,5868998,eclipsing_binary
1589.7510295090308,1.0038968,0.010746526,5868998,eclipsing_binary
1589.7524183824282,1.0191966,0.010783437,5868998,eclipsing_binary
1589.7538072558252,0.9967022,0.010798365,5868998,eclipsing_binary
1589.7551961292218,1.001663,0.010766747,5868998,eclipsing_binary
1589.7565850026183,0.9905932,0.010722864,5868998,eclipsing_binary
1589.7579738755505,1.0058808,0.010758221,5868998,eclipsing_binary
1589.7593627489484,1.0127338,0.010766926,5868998,eclipsing_binary
1589.7607516223459,1.0201629,0.010780398,5868998,eclipsing_binary
1589.7621404957429,0.9893627,0.010746305,5868998,eclipsing_binary
1589.7635293686747,1.0033834,0.010763499,5868998,eclipsing_binary
1589.7649182420726,1.0105605,0.010773886,5868998,eclipsing_binary
1589.7663071154702,1.0161556,0.010799447,5868998,eclipsing_binary
1589.7676959888674,0.97872305,0.010721989,5868998,eclipsing_binary
1589.7690848617988,1.0172659,0.010776983,5868998,eclipsing_binary
1589.7704737351962,1.005659,0.010786151,5868998,eclipsing_binary
1589.7718626085932,1.0273263,0.010797825,5868998,eclipsing_binary
1589.7732514815254,0.9975389,0.010749597,5868998,eclipsing_binary
1589.7746403549233,0.99314505,0.010750561,5868998,eclipsing_binary
1589.7760292283199,1.0107125,0.010751156,5868998,eclipsing_binary
1589.7774181012508,0.99786675,0.010745891,5868998,eclipsing_binary
1589.7788069746482,1.0031338,0.010763198,5868998,eclipsing_binary
1589.780195848046,1.0029321,0.010767301,5868998,eclipsing_binary
1589.7815847209783,0.9822143,0.010738117,5868998,eclipsing_binary
1589.7829735943753,1.0111877,0.010775406,5868998,eclipsing_binary
1589.7843624677728,0.99337244,0.010748571,5868998,eclipsing_binary
1589.785751340704,0.99250895,0.010752045,5868998,eclipsing_binary
1589.787140214101,1.0016944,0.010757143,5868998,eclipsing_binary
1589.788529087499,1.0096371,0.010781316,5868998,eclipsing_binary
1589.7899179604312,1.0019695,0.0107806865,5868998,eclipsing_binary
1589.7913068338287,0.9881369,0.0107449,5868998,eclipsing_binary
1589.79269570676,0.98553574,0.010725405,5868998,eclipsing_binary
1589.7940845801575,1.0009896,0.010762112,5868998,eclipsing_binary
1589.7954734535554,1.0070331,0.0107680345,5868998,eclipsing_binary
1589.7968623264867,1.007695,0.010800118,5868998,eclipsing_binary
1589.7982511998832,0.99963844,0.010755228,5868998,eclipsing_binary
1589.799640072815,0.99714226,0.010760361,5868998,eclipsing_binary
1589.801028946212,1.005643,0.01077524,5868998,eclipsing_binary
1589.8024178191438,1.0123873,0.010775785,5868998,eclipsing_binary
1589.8038066925417,0.98333055,0.0107371295,5868998,eclipsing_binary
1589.8051955659394,1.0138904,0.010768192,5868998,eclipsing_binary
1589.806584438871,0.99487615,0.010771181,5868998,eclipsing_binary
1589.807973312268,0.99784446,0.010759296,5868998,eclipsing_binary
1589.8093621851997,1.0084909,0.010770358,5868998,eclipsing_binary
1589.8107510585976,0.9861774,0.010738903,5868998,eclipsing_binary
1589.8121399315298,1.0058703,0.010778357,5868998,eclipsing_binary
1589.8135288049268,1.0052975,0.010750898,5868998,eclipsing_binary
1589.8149176778586,1.0037103,0.010786164,5868998,eclipsing_binary
1589.8163065512556,0.99225223,0.010742544,5868998,eclipsing_binary
1589.8176954241865,1.0097957,0.0107542435,5868998,eclipsing_binary
1589.819084297584,1.0110043,0.010780198,5868998,eclipsing_binary
1589.8204731705162,0.98773,0.010730981,5868998,eclipsing_binary
1589.8218620439131,0.99279284,0.010740798,5868998,eclipsing_binary
1589.823250916845,0.9853363,0.010757375,5868998,eclipsing_binary
1589.8246397897763,0.9905376,0.010741147,5868998,eclipsing_binary
1589.8260286631742,0.99601585,0.010739174,5868998,eclipsing_binary
1589.8274175361064,1.0062895,0.010775021,5868998,eclipsing_binary
1589.8288064095034,0.9872158,0.010742886,5868998,eclipsing_binary
1589.8301952824352,1.0010182,0.010758534,5868998,eclipsing_binary
1589.8315841558322,0.98095155,0.010724871,5868998,eclipsing_binary
1589.832973028764,1.0110804,0.010763769,5868998,eclipsing_binary
1589.8343619016962,1.0141447,0.010792977,5868998,eclipsing_binary
1589.835750775094,1.0129191,0.010779654,5868998,eclipsing_binary
1589.837139648025,1.0026506,0.01077169,5868998,eclipsing_binary
1589.8385285209558,1.0053319,0.0107539315,5868998,eclipsing_binary
1589.8399173943528,0.9892978,0.010772972,5868998,eclipsing_binary
1589.841306267285,0.9946463,0.010747083,5868998,eclipsing_binary
1589.842695140683,0.9937804,0.010738878,5868998,eclipsing_binary
1589.8440840136145,1.0047342,0.010770798,5868998,eclipsing_binary
1589.845472886546,1.0092436,0.010779577,5868998,eclipsing_binary
1589.846861759943,1.0030773,0.010755954,5868998,eclipsing_binary
1589.8482506328749,1.0039911,0.010760375,5868998,eclipsing_binary
1589.849639505807,0.9925844,0.0107305525,5868998,eclipsing_binary
1589.851028379205,0.9938253,0.0107516,5868998,eclipsing_binary
1589.8524172521363,0.9947729,0.010734249,5868998,eclipsing_binary
1589.853806125068,1.0124379,0.010765749,5868998,eclipsing_binary
1589.8551949979994,0.9785057,0.010747567,5868998,eclipsing_binary
1589.8565838713969,0.9773802,0.010748193,5868998,eclipsing_binary
1589.8579727443282,1.0073771,0.01075474,5868998,eclipsing_binary
1589.85936161726,1.00034,0.010807217,5868998,eclipsing_binary
1589.860750490657,0.99431616,0.010738718,5868998,eclipsing_binary
1589.8621393635888,1.0198305,0.010783813,5868998,eclipsing_binary
1589.86352823652,1.0094459,0.010762866,5868998,eclipsing_binary
1589.8649171094523,0.99724233,0.010750715,5868998,eclipsing_binary
1589.8663059828502,0.9760523,0.010713168,5868998,eclipsing_binary
1589.8676948557816,1.0045075,0.010766611,5868998,eclipsing_binary
1589.8690837287133,1.0171344,0.010780315,5868998,eclipsing_binary
1589.8704726016447,1.0052336,0.01081009,5868998,eclipsing_binary
1589.8718614745765,0.9913124,0.010736017,5868998,eclipsing_binary
1589.8732503479744,1.0100664,0.010780777,5868998,eclipsing_binary
1589.8746392209066,0.9926963,0.010764339,5868998,eclipsing_binary
1589.876028093838,1.0076008,0.010772385,5868998,eclipsing_binary
1589.8774169667697,0.99478817,0.01075569,5868998,eclipsing_binary
1589.8788058397006,1.0037951,0.010760594,5868998,eclipsing_binary
1589.8801947130976,0.99217165,0.010740979,5868998,eclipsing_binary
1589.8815835860298,1.0016605,0.0107471,5868998,eclipsing_binary
1589.8829724589614,1.0156786,0.010780682,5868998,eclipsing_binary
1589.884361331893,0.99665046,0.010748095,5868998,eclipsing_binary
1589.8857502048243,1.0186135,0.0108000925,5868998,eclipsing_binary
1589.887139077756,1.0036651,0.010761624,5868998,eclipsing_binary
1589.888527951154,0.98812157,0.010748995,5868998,eclipsing_binary
1589.8899168240862,0.99490875,0.010771363,5868998,eclipsing_binary
1589.8913056970175,0.9904728,0.010730575,5868998,eclipsing_binary
1589.8926945699493,0.9969224,0.0107507575,5868998,eclipsing_binary
1589.8940834428806,1.0068377,0.010782969,5868998,eclipsing_binary
1589.8954723158129,1.0085402,0.010773417,5868998,eclipsing_binary
1589.896861188745,0.99014056,0.010728556,5868998,eclipsing_binary
1589.898250061676,1.012492,0.01081344,5868998,eclipsing_binary
1589.8996389346069,1.0136032,0.010761866,5868998,eclipsing_binary
1589.9010278075386,1.0138928,0.010762554,5868998,eclipsing_binary
1589.90241668047,1.0013746,0.010762994,5868998,eclipsing_binary
1589.9038055538679,1.0075117,0.010769195,5868998,eclipsing_binary
1589.9051944268,1.0083187,0.01077095,5868998,eclipsing_binary
1589.9065832997314,0.99320525,0.010740324,5868998,eclipsing_binary
1589.9079721726632,1.0012519,0.010745436,5868998,eclipsing_binary
1589.9093610455946,0.99515504,0.010733899,5868998,eclipsing_binary
1589.9107499185268,0.999606,0.010775702,5868998,eclipsing_binary
1589.912138791459,0.9875285,0.010740618,5868998,eclipsing_binary
1589.9135276643908,0.9985683,0.010764262,5868998,eclipsing_binary
1589.9149165373221,0.98790133,0.010736223,5868998,eclipsing_binary
1589.916305410254,0.9886313,0.010732259,5868998,eclipsing_binary
1589.9176942831853,1.0090775,0.010790189,5868998,eclipsing_binary
1589.919083156117,1.0049615,0.01077544,5868998,eclipsing_binary
1589.9204720290484,0.98867494,0.010759359,5868998,eclipsing_binary
1589.92186090198,1.0056359,0.01075911,5868998,eclipsing_binary
1589.9232497749115,0.9753277,0.010731276,5868998,eclipsing_binary
1589.9246386478428,0.9981498,0.01075259,5868998,eclipsing_binary
1589.9260275203094,1.003519,0.010771569,5868998,eclipsing_binary
1589.9274163932416,1.0115848,0.010766208,5868998,eclipsing_binary
1589.9288052661734,0.99551535,0.010759269,5868998,eclipsing_binary
1589.9301941391047,0.9927922,0.010751314,5868998,eclipsing_binary
1589.9315830120365,1.0122712,0.010803798,5868998,eclipsing_binary
1589.9329718849679,1.003437,0.010761894,5868998,eclipsing_binary
1589.9343607579,0.9968848,0.010736486,5868998,eclipsing_binary
1589.9357496308323,0.9916282,0.010742558,5868998,eclipsing_binary
1589.9371385037641,0.99975693,0.010752082,5868998,eclipsing_binary
1589.9385273766954,1.0060692,0.01078156,5868998,eclipsing_binary
1589.9399162496263,1.0010132,0.010755817,5868998,eclipsing_binary
1589.9413051220924,1.0193743,0.01078451,5868998,eclipsing_binary
1589.9426939950245,1.0011184,0.010778152,5868998,eclipsing_binary
1589.944082867956,1.0001546,0.01075359,5868998,eclipsing_binary
1589.9454717408873,1.0117886,0.01076559,5868998,eclipsing_binary
1589.9468606138191,1.0034692,0.010766276,5868998,eclipsing_binary
1589.9482494867505,1.0213169,0.010794625,5868998,eclipsing_binary
1589.949638359217,0.9918903,0.010748496,5868998,eclipsing_binary
1589.9510272321493,0.98867786,0.010735281,5868998,eclipsing_binary
1589.952416105081,1.0111191,0.010767051,5868998,eclipsing_binary
1589.9538049780124,1.0045892,0.010751082,5868998,eclipsing_binary
1589.9551938509442,1.0022582,0.010784522,5868998,eclipsing_binary
1589.9565827238764,0.99712443,0.010747959,5868998,eclipsing_binary
1589.957971596343,0.98369306,0.010727448,5868998,eclipsing_binary
1589.9593604692739,0.9931826,0.010781171,5868998,eclipsing_binary
1589.9607493422045,1.005157,0.0107627725,5868998,eclipsing_binary
1589.962138215136,0.9853266,0.010728802,5868998,eclipsing_binary
1589.9635270876017,1.0014573,0.010750754,5868998,eclipsing_binary
1589.964915960534,1.0042288,0.010769987,5868998,eclipsing_binary
1589.9663048334662,0.99181265,0.010729644,5868998,eclipsing_binary
1589.967693706398,0.9938801,0.010759121,5868998,eclipsing_binary
1589.9690825788637,0.9997996,0.010762967,5868998,eclipsing_binary
1589.9704714517954,0.9917202,0.010768582,5868998,eclipsing_binary
1589.9718603247277,1.0086504,0.010755618,5868998,eclipsing_binary
1589.97324919766,1.0181073,0.010775503,5868998,eclipsing_binary
1589.9746380701256,0.9840453,0.0107319085,5868998,eclipsing_binary
1589.9760269430574,1.0228728,0.010791555,5868998,eclipsing_binary
1589.9774158159887,0.9895889,0.01075057,5868998,eclipsing_binary
1589.9788046884548,1.0025771,0.010771505,5868998,eclipsing_binary
1589.9801935613862,1.0151439,0.010765661,5868998,eclipsing_binary
1589.9815824343177,0.9795671,0.0107408995,5868998,eclipsing_binary
1589.9829713067836,1.009899,0.010780508,5868998,eclipsing_binary
1589.984360179715,1.0088685,0.010769675,5868998,eclipsing_binary
1589.9857490526467,0.984934,0.010724721,5868998,eclipsing_binary
1589.9871379251133,0.9895971,0.010741243,5868998,eclipsing_binary
1589.9885267980455,0.9888758,0.010741404,5868998,eclipsing_binary
1589.9899156709769,1.0108074,0.010819236,5868998,eclipsing_binary
1589.991304543443,1.0064317,0.010751873,5868998,eclipsing_binary
1589.9926934163743,1.00432,0.010749434,5868998,eclipsing_binary
1589.9940822888404,0.99785215,0.0107282605,5868998,eclipsing_binary
1589.9954711617727,1.0020745,0.010805132,5868998,eclipsing_binary
1589.996860034705,1.0130213,0.010775403,5868998,eclipsing_binary
1589.9982489071706,1.0150797,0.010787236,5868998,eclipsing_binary
1589.9996377801015,0.98492146,0.010732532,5868998,eclipsing_binary
1590.0010266525667,1.0082117,0.01077856,5868998,eclipsing_binary
1590.002415525499,0.99121463,0.010734633,5868998,eclipsing_binary
1590.0038043979655,1.0189513,0.010769725,5868998,eclipsing_binary
1590.0051932708968,0.99571526,0.010748976,5868998,eclipsing_binary
1590.0065821438286,1.0165848,0.010783451,5868998,eclipsing_binary
1590.0079710162943,1.0113328,0.010762531,5868998,eclipsing_binary
1590.009359889226,1.0048568,0.010797009,5868998,eclipsing_binary
1590.0107487616926,1.006116,0.010769473,5868998,eclipsing_binary
1590.0121376346249,0.9997534,0.010743146,5868998,eclipsing_binary
1590.0135265070905,1.0153015,0.010773709,5868998,eclipsing_binary
1590.0149153800223,0.9979631,0.010778294,5868998,eclipsing_binary
1590.016304252488,1.0044514,0.010755309,5868998,eclipsing_binary
1590.0176931254198,0.99227667,0.010752487,5868998,eclipsing_binary
1590.0190819978864,1.0128492,0.0107871825,5868998,eclipsing_binary
1590.0204708708177,0.9931769,0.010756701,5868998,eclipsing_binary
1590.021859743283,1.0155735,0.010778746,5868998,eclipsing_binary
1590.0232486162142,1.011783,0.010759865,5868998,eclipsing_binary
1590.0246374886804,0.98101085,0.010734899,5868998,eclipsing_binary
1590.026026361147,0.99014205,0.010738932,5868998,eclipsing_binary
1590.0274152340792,0.982003,0.010729765,5868998,eclipsing_binary
1590.0288041065448,0.9935638,0.010736946,5868998,eclipsing_binary
1590.0301929794766,1.0063332,0.01077099,5868998,eclipsing_binary
1590.0315818519423,1.0159692,0.010763353,5868998,eclipsing_binary
1590.032970724874,1.0088567,0.010768116,5868998,eclipsing_binary
1590.0343595973407,1.0086912,0.010754356,5868998,eclipsing_binary
1590.0357484698072,0.9982952,0.010746372,5868998,eclipsing_binary
1590.0371373427386,0.99680954,0.010730445,5868998,eclipsing_binary
1590.0385262152047,1.0158733,0.010778076,5868998,eclipsing_binary
1590.0399150881353,1.0045768,0.010781213,5868998,eclipsing_binary
1590.0413039606012,1.0157923,0.0107856365,5868998,eclipsing_binary
1590.0426928330678,1.0024804,0.010750092,5868998,eclipsing_binary
1590.0440817059991,0.99655503,0.0107737165,5868998,eclipsing_binary
1590.0454705784653,0.9917167,0.010756812,5868998,eclipsing_binary
1590.046859450931,1.0002753,0.010755102,5868998,eclipsing_binary
1590.0482483238627,0.99835116,0.010759382,5868998,eclipsing_binary
1590.0496371963293,1.0091873,0.010774649,5868998,eclipsing_binary
1590.0510260687959,0.98093885,0.010739691,5868998,eclipsing_binary
1590.0524149417272,0.9996972,0.010753067,5868998,eclipsing_binary
1590.0538038141933,1.0050924,0.0107539585,5868998,eclipsing_binary
1590.055192686659,1.0121878,0.010777802,5868998,eclipsing_binary
1590.0565815595912,0.9957401,0.010745821,5868998,eclipsing_binary
1590.0579704320578,1.0024886,0.01075626,5868998,eclipsing_binary
1590.059359304524,1.0008293,0.01076296,5868998,eclipsing_binary
1590.060748176989,1.0002357,0.010750527,5868998,eclipsing_binary
1590.0621370499196,1.0080115,0.010762915,5868998,eclipsing_binary
1590.0635259223857,1.0047162,0.010769968,5868998,eclipsing_binary
1590.0649147948523,1.0145273,0.01082092,5868998,eclipsing_binary
1590.0663036673188,0.995266,0.0107504865,5868998,eclipsing_binary
1590.0676925402502,0.99786896,0.010811809,5868998,eclipsing_binary
1590.0690814127163,0.99982625,0.010735098,5868998,eclipsing_binary
1590.070470285182,0.998337,0.010747181,5868998,eclipsing_binary
1590.0718591576485,1.0066085,0.010766152,5868998,eclipsing_binary
1590.0732480305808,0.98094934,0.0107100755,5868998,eclipsing_binary
1590.074636903047,0.99855304,0.010752757,5868998,eclipsing_binary
1590.0760257755126,1.0035043,0.0107662985,5868998,eclipsing_binary
1590.0774146479787,0.998301,0.0107427025,5868998,eclipsing_binary
1590.0788035204444,1.0047678,0.010807005,5868998,eclipsing_binary
1590.0801923933757,0.9950179,0.010747699,5868998,eclipsing_binary
1590.0815812658418,1.0019183,0.010759712,5868998,eclipsing_binary
1590.0829701383075,0.9986589,0.010745489,5868998,eclipsing_binary
1590.0843590107736,1.0093697,0.010766054,5868998,eclipsing_binary
1590.0857478832393,0.9912333,0.010736516,5868998,eclipsing_binary
1590.0871367557058,1.0082766,0.010777607,5868998,eclipsing_binary
1590.088525628638,1.0054814,0.0107604815,5868998,eclipsing_binary
1590.0899145011042,1.0005578,0.010733808,5868998,eclipsing_binary
1590.0913033735699,1.008061,0.010758464,5868998,eclipsing_binary
1590.092692246036,1.0097768,0.010769724,5868998,eclipsing_binary
1590.0940811185017,0.9971169,0.010739593,5868998,eclipsing_binary
1590.0954699909682,1.0059783,0.010776798,5868998,eclipsing_binary
1590.0968588634348,1.0007607,0.010738424,5868998,eclipsing_binary
1590.098247735901,1.0101436,0.010768849,5868998,eclipsing_binary
1590.099636608366,1.0010968,0.010757391,5868998,eclipsing_binary
1590.101025480831,1.0004847,0.010751428,5868998,eclipsing_binary
1590.1024143532975,1.0016572,0.010752541,5868998,eclipsing_binary
1590.1038032262297,0.9996111,0.0107392855,5868998,eclipsing_binary
1590.1051920986959,1.0112715,0.010782226,5868998,eclipsing_binary
1590.1065809711615,1.0040952,0.010744147,5868998,eclipsing_binary
1590.1079698436276,1.0180852,0.010784816,5868998,eclipsing_binary
1590.1093587160933,1.0216937,0.010799988,5868998,eclipsing_binary
1590.11074758856,1.0157408,0.010775831,5868998,eclipsing_binary
1590.1121364610265,1.0099849,0.010756189,5868998,eclipsing_binary
1590.1135253334926,1.023331,0.010774068,5868998,eclipsing_binary
1590.1149142059583,0.9981098,0.010753757,5868998,eclipsing_binary
1590.1163030784244,1.022677,0.010797258,5868998,eclipsing_binary
1590.117691950891,1.0137879,0.010765332,5868998,eclipsing_binary
1590.1190808233573,1.0008386,0.010756228,5868998,eclipsing_binary
1590.1204696958223,1.0077918,0.010753983,5868998,eclipsing_binary
1590.1218585682875,1.0050994,0.010756341,5868998,eclipsing_binary
1590.1232474407536,0.9916673,0.010737018,5868998,eclipsing_binary
1590.1246363132193,0.9887113,0.010741371,5868998,eclipsing_binary
1590.1260251856859,0.99518555,0.010803484,5868998,eclipsing_binary
1590.1274140581525,0.98979175,0.010755169,5868998,eclipsing_binary
1590.128802930153,1.0061255,0.010755187,5868998,eclipsing_binary
1590.1301918026186,1.0139941,0.010786107,5868998,eclipsing_binary
1590.1315806750847,0.9988971,0.0107475,5868998,eclipsing_binary
1590.1329695475513,1.0008286,0.010756722,5868998,eclipsing_binary
1590.1343584200179,1.0105298,0.010774423,5868998,eclipsing_binary
1590.1357472924835,0.99108654,0.010734418,5868998,eclipsing_binary
1590.1371361649497,1.0074602,0.010761448,5868998,eclipsing_binary
1590.1385250374153,1.0122,0.010799259,5868998,eclipsing_binary
1590.1399139098805,1.0039984,0.01075967,5868998,eclipsing_binary
1590.1413027823462,0.9986143,0.010754583,5868998,eclipsing_binary
1590.1426916543471,0.9791069,0.010723626,5868998,eclipsing_binary
1590.1440805268132,0.9966083,0.010757263,5868998,eclipsing_binary
1590.145469399279,0.9952279,0.010793224,5868998,eclipsing_binary
1590.146858271745,1.0134348,0.010775103,5868998,eclipsing_binary
1590.1482471442116,0.9925506,0.010745964,5868998,eclipsing_binary
1590.1496360166782,0.98182523,0.010724438,5868998,eclipsing_binary
1590.1510248886782,0.99103993,0.010737373,5868998,eclipsing_binary
1590.1524137611443,0.99752706,0.010764034,5868998,eclipsing_binary
1590.15380263361,1.0088811,0.010776408,5868998,eclipsing_binary
1590.155191506076,1.0054567,0.010795543,5868998,eclipsing_binary
1590.1565803785427,0.9977771,0.010746115,5868998,eclipsing_binary
1590.1579692505434,1.0132425,0.01076287,5868998,eclipsing_binary
1590.1593581230093,0.99941576,0.010749931,5868998,eclipsing_binary
1590.1607469954745,1.0005509,0.010753951,5868998,eclipsing_binary
1590.1621358679397,0.99173427,0.010767482,5868998,eclipsing_binary
1590.1635247404054,1.0050339,0.01075822,5868998,eclipsing_binary
1590.1649136124063,0.99704194,0.010743867,5868998,eclipsing_binary
1590.1663024848729,0.9895794,0.010711131,5868998,eclipsing_binary
1590.167691357339,1.0008811,0.010752199,5868998,eclipsing_binary
1590.1690802298046,0.9959241,0.01076152,5868998,eclipsing_binary
1590.170469101805,0.99111044,0.010762834,5868998,eclipsing_binary
1590.1718579742717,0.992799,0.01074488,5868998,eclipsing_binary
1590.1732468467383,0.99912184,0.010762456,5868998,eclipsing_binary
1590.1746357187383,1.0094292,0.010779127,5868998,eclipsing_binary
1590.1760245912044,0.99534535,0.010748764,5868998,eclipsing_binary
1590.17741346367,1.0104295,0.010753797,5868998,eclipsing_binary
1590.17880233567,1.0111572,0.010781816,5868998,eclipsing_binary
1590.1801912081362,1.0177212,0.010792612,5868998,eclipsing_binary
1590.1815800806019,1.0027312,0.01075302,5868998,eclipsing_binary
1590.182968953068,1.0105443,0.010783078,5868998,eclipsing_binary
1590.184357825068,0.99794054,0.010747425,5868998,eclipsing_binary
1590.1857466975341,1.0030947,0.01075072,5868998,eclipsing_binary
1590.187135569535,0.99949455,0.010756096,5868998,eclipsing_binary
1590.1885244420016,1.0098035,0.010767562,5868998,eclipsing_binary
1590.1899133144673,0.994683,0.010741637,5868998,eclipsing_binary
1590.1913021864677,1.0223637,0.010794655,5868998,eclipsing_binary
1590.1926910589334,1.0069674,0.010755399,5868998,eclipsing_binary
1590.1940799313995,1.0240556,0.010781087,5868998,eclipsing_binary
1590.1954688034004,0.9933546,0.010734088,5868998,eclipsing_binary
1590.196857675867,1.0076377,0.010752625,5868998,eclipsing_binary
1590.198246547867,0.9988325,0.010760909,5868998,eclipsing_binary
1590.1996354203322,1.013015,0.0107624605,5868998,eclipsing_binary
1590.2010242923318,1.007047,0.010762322,5868998,eclipsing_binary
1590.2024131647984,0.9857348,0.010767675,5868998,eclipsing_binary
1590.203802037265,0.9999491,0.010726327,5868998,eclipsing_binary
1590.205190909265,0.98071355,0.010732794,5868998,eclipsing_binary
1590.206579781731,0.98060054,0.010724716,5868998,eclipsing_binary
1590.207968653731,1.0122864,0.010760842,5868998,eclipsing_binary
1590.2093575261972,1.006374,0.010759219,5868998,eclipsing_binary
1590.2107463981981,0.989014,0.010721226,5868998,eclipsing_binary
1590.2121352706647,0.9920493,0.010747627,5868998,eclipsing_binary
1590.2135241426647,0.99573004,0.010789581,5868998,eclipsing_binary
1590.2149130151308,1.0143025,0.010771637,5868998,eclipsing_binary
1590.2163018871308,1.0203398,0.010770644,5868998,eclipsing_binary
1590.2176907595974,0.98767734,0.010721425,5868998,eclipsing_binary
1590.2190796315974,0.9834511,0.010743528,5868998,eclipsing_binary
1590.2204685040626,1.0099878,0.010761802,5868998,eclipsing_binary
1590.221857376063,1.0093229,0.010752877,5868998,eclipsing_binary
1590.2232462485288,1.0148888,0.010782212,5868998,eclipsing_binary
1590.2246351205292,0.9938531,0.010723354,5868998,eclipsing_binary
1590.2260239929958,0.99900055,0.010751212,5868998,eclipsing_binary
1590.2274128649967,1.0201001,0.010780098,5868998,eclipsing_binary
1590.2288017369967,0.99154735,0.010743455,5868998,eclipsing_binary
1590.2301906094629,1.0142668,0.010767858,5868998,eclipsing_binary
1590.2315794814629,1.0016557,0.010755787,5868998,eclipsing_binary
1590.2329683539294,1.0020176,0.010743552,5868998,eclipsing_binary
1590.2343572259304,1.0068208,0.010749136,5868998,eclipsing_binary
1590.2357460983965,1.0011967,0.010751354,5868998,eclipsing_binary
1590.2371349703965,0.9947132,0.010755031,5868998,eclipsing_binary
1590.2385238423965,0.9997156,0.0107458085,5868998,eclipsing_binary
1590.2399127148617,1.0021013,0.010751856,5868998,eclipsing_binary
1590.2413015868622,1.0003225,0.010763596,5868998,eclipsing_binary
1590.242690458863,1.0042341,0.010746705,5868998,eclipsing_binary
1590.2440793313287,1.0019952,0.01074405,5868998,eclipsing_binary
1590.2454682033292,1.0116446,0.010754596,5868998,eclipsing_binary
1590.2468570753292,0.99999917,0.010746798,5868998,eclipsing_binary
1590.2482459477958,0.9960665,0.010739708,5868998,eclipsing_binary
1590.2496348197967,0.9926066,0.010734664,5868998,eclipsing_binary
1590.2510236917972,0.98212683,0.010731118,5868998,eclipsing_binary
1590.2524125642628,0.9901356,0.010755198,5868998,eclipsing_binary
1590.2538014362633,0.98215306,0.010738077,5868998,eclipsing_binary
1590.2551903082633,0.98262537,0.010717196,5868998,eclipsing_binary
1590.25657918073,0.9849556,0.010725677,5868998,eclipsing_binary
1590.2579680527308,0.9664459,0.010732767,5868998,eclipsing_binary
1590.2593569247304,0.9559121,0.010724357,5868998,eclipsing_binary
1590.26074579673,0.97912437,0.010707334,5868998,eclipsing_binary
1590.2621346691956,0.9627075,0.0106865885,5868998,eclipsing_binary
1590.2635235411965,0.953486,0.010677876,5868998,eclipsing_binary
1590.2649124131974,0.96306115,0.0106976945,5868998,eclipsing_binary
1590.2663012851979,0.9476668,0.010671671,5868998,eclipsing_binary
1590.2676901576635,0.9650208,0.010679024,5868998,eclipsing_binary
1590.269079029664,0.93795633,0.010638232,5868998,eclipsing_binary
1590.270467901664,0.95547956,0.010684363,5868998,eclipsing_binary
1590.271856773665,0.95298594,0.010673031,5868998,eclipsing_binary
1590.2732456461315,0.95381546,0.010731641,5868998,eclipsing_binary
1590.274634518132,0.9748725,0.0107055325,5868998,eclipsing_binary
1590.276023390132,0.9422405,0.010653343,5868998,eclipsing_binary
1590.277412262132,0.94852835,0.010664456,5868998,eclipsing_binary
1590.2788011341324,0.9659023,0.0106794825,5868998,eclipsing_binary
1590.280190006598,0.95385045,0.010670086,5868998,eclipsing_binary
1590.2815788785986,0.9711731,0.0107025495,5868998,eclipsing_binary
1590.2829677505986,0.9660379,0.010698196,5868998,eclipsing_binary
1590.284356622599,0.98113906,0.010715652,5868998,eclipsing_binary
1590.285745494599,0.98014563,0.010712642,5868998,eclipsing_binary
1590.2871343666,0.9737996,0.010699961,5868998,eclipsing_binary
1590.2885232386009,0.97836846,0.010701326,5868998,eclipsing_binary
1590.289912111067,0.976107,0.01070644,5868998,eclipsing_binary
1590.291300983067,0.9855774,0.010735764,5868998,eclipsing_binary
1590.2926898550675,0.99793655,0.010758669,5868998,eclipsing_binary
1590.2940787270684,0.9921627,0.010738365,5868998,eclipsing_binary
1590.295467599069,0.99656117,0.010740479,5868998,eclipsing_binary
1590.2968564710693,0.9971069,0.010721342,5868998,eclipsing_binary
1590.2982453430689,0.9988925,0.010759719,5868998,eclipsing_binary
1590.2996342150684,1.0260968,0.010786519,5868998,eclipsing_binary
1590.3010230870684,0.9924072,0.010721832,5868998,eclipsing_binary
1590.3024119590693,1.0075079,0.010759549,5868998,eclipsing_binary
1590.3038008310702,0.99874383,0.010776335,5868998,eclipsing_binary
1590.3051897030707,1.0049044,0.010754793,5868998,eclipsing_binary
1590.3065785750707,1.0094365,0.010766883,5868998,eclipsing_binary
1590.3079674470712,1.0227723,0.010765947,5868998,eclipsing_binary
1590.3093563195378,0.98960835,0.010725454,5868998,eclipsing_binary
1590.3107451915387,0.98654884,0.0107279075,5868998,eclipsing_binary
1590.3121340635387,1.0173119,0.010781038,5868998,eclipsing_binary
1590.3135229355391,1.0143335,0.010771021,5868998,eclipsing_binary
1590.3149118075391,1.0083432,0.010746471,5868998,eclipsing_binary
1590.3163006795392,0.99843657,0.010753014,5868998,eclipsing_binary
1590.3176895515396,1.0119389,0.010788334,5868998,eclipsing_binary
1590.319078423074,0.99267334,0.010732399,5868998,eclipsing_binary
1590.3204672950744,1.0058006,0.010763323,5868998,eclipsing_binary
1590.3218561670744,1.0027608,0.010754362,5868998,eclipsing_binary
1590.323245039075,1.002555,0.010752704,5868998,eclipsing_binary
1590.324633911075,0.99141115,0.010722798,5868998,eclipsing_binary
1590.3260227830758,1.0112427,0.010784868,5868998,eclipsing_binary
1590.3274116550767,1.0046976,0.010797105,5868998,eclipsing_binary
1590.3288005270772,1.0160908,0.010787666,5868998,eclipsing_binary
1590.3301893990772,1.0083892,0.010766384,5868998,eclipsing_binary
1590.3315782710777,1.0137411,0.010764368,5868998,eclipsing_binary
1590.3329671430786,1.0003912,0.010764785,5868998,eclipsing_binary
1590.3343560150793,0.9928012,0.010788743,5868998,eclipsing_binary
1590.3357448870795,1.0165744,0.010778867,5868998,eclipsing_binary
1590.3371337590795,1.0221058,0.010801491,5868998,eclipsing_binary
1590.3385226306134,1.000109,0.010741395,5868998,eclipsing_binary
1590.339911502613,0.9971414,0.010734675,5868998,eclipsing_binary
1590.3413003746139,1.0068439,0.01076575,5868998,eclipsing_binary
1590.3426892466148,1.0,0.0107416725,5868998,eclipsing_binary
1590.3440781186152,1.0226032,0.010780302,5868998,eclipsing_binary
1590.3454669906153,1.0090591,0.010769779,5868998,eclipsing_binary
1590.3468558626157,1.0035328,0.010752087,5868998,eclipsing_binary
1590.348244734151,1.0037845,0.010749513,5868998,eclipsing_binary
1590.3496336061519,1.015828,0.010759225,5868998,eclipsing_binary
1590.351022478152,0.98924047,0.010748873,5868998,eclipsing_binary
1590.3524113501524,1.0166852,0.010762158,5868998,eclipsing_binary
1590.3538002221524,1.0151645,0.010770241,5868998,eclipsing_binary
1590.3551890936867,1.0081483,0.010756337,5868998,eclipsing_binary
1590.3565779656876,1.0037593,0.010738789,5868998,eclipsing_binary
1590.357966837688,0.98701835,0.010728036,5868998,eclipsing_binary
1590.3593557096876,1.011614,0.010764677,5868998,eclipsing_binary
1590.360744581222,1.0030735,0.010751468,5868998,eclipsing_binary
1590.3621334532224,1.0043309,0.010756602,5868998,eclipsing_binary
1590.3635223252234,0.9765646,0.010722511,5868998,eclipsing_binary
1590.3649111972243,0.99373895,0.010732193,5868998,eclipsing_binary
1590.3663000687586,1.0117419,0.010768966,5868998,eclipsing_binary
1590.367688940759,1.0008882,0.010739122,5868998,eclipsing_binary
1590.369077812759,1.0035877,0.010755928,5868998,eclipsing_binary
1590.3704666847595,0.9967051,0.0107417395,5868998,eclipsing_binary
1590.3718555562948,1.0062217,0.010787199,5868998,eclipsing_binary
1590.3732444282955,1.0256904,0.0107909655,5868998,eclipsing_binary
1590.3746333002957,1.0056052,0.010733109,5868998,eclipsing_binary
1590.37602217183,1.0119076,0.010754977,5868998,eclipsing_binary
1590.3774110438296,1.0158489,0.010764919,5868998,eclipsing_binary
1590.37879991583,1.0143012,0.010778304,5868998,eclipsing_binary
1590.3801887873653,1.0186116,0.010764835,5868998,eclipsing_binary
1590.3815776593653,0.9748315,0.010709357,5868998,eclipsing_binary
1590.3829665313658,1.0005226,0.010747588,5868998,eclipsing_binary
1590.3843554029002,0.98964745,0.010733552,5868998,eclipsing_binary
1590.3857442749006,0.9847814,0.010731713,5868998,eclipsing_binary
1590.3871331469015,1.0006281,0.0107524935,5868998,eclipsing_binary
1590.3885220184368,1.0085269,0.010765525,5868998,eclipsing_binary
1590.3899108904368,0.9888854,0.010729934,5868998,eclipsing_binary
1590.3912997619716,1.0033128,0.010762258,5868998,eclipsing_binary
1590.3926886339716,1.0081799,0.010752229,5868998,eclipsing_binary
1590.3940775059725,1.0039388,0.0107591795,5868998,eclipsing_binary
1590.3954663775078,1.0101229,0.010763699,5868998,eclipsing_binary
1590.3968552495073,1.013936,0.010772515,5868998,eclipsing_binary
1590.3982441210412,0.9959594,0.010729011,5868998,eclipsing_binary
1590.3996329930412,1.0106314,0.010769064,5868998,eclipsing_binary
1590.401021864576,1.0149869,0.010771898,5868998,eclipsing_binary
1590.402410736577,1.005856,0.010750455,5868998,eclipsing_binary
1590.4037996085779,1.0143741,0.010761541,5868998,eclipsing_binary
1590.4051884801122,1.0116502,0.010752227,5868998,eclipsing_binary
1590.4065773521127,1.0065854,0.01074961,5868998,eclipsing_binary
1590.407966223647,1.003363,0.010743943,5868998,eclipsing_binary
1590.409355095648,0.99324715,0.010741416,5868998,eclipsing_binary
1590.4107439671832,1.0027928,0.010793048,5868998,eclipsing_binary
1590.4121328391834,1.0098296,0.010769127,5868998,eclipsing_binary
1590.413521710718,0.9967141,0.0107709365,5868998,eclipsing_binary
1590.414910582718,0.9983399,0.010750826,5868998,eclipsing_binary
1590.4162994542519,1.0006722,0.010730553,5868998,eclipsing_binary
1590.4176883262523,1.0087646,0.010755005,5868998,eclipsing_binary
1590.4190771977876,0.99993455,0.010745494,5868998,eclipsing_binary
1590.4204660697876,1.0041599,0.010745396,5868998,eclipsing_binary
1590.4218549413224,0.9946889,0.010795123,5868998,eclipsing_binary
1590.4232438128568,1.0105222,0.010762386,5868998,eclipsing_binary
1590.4246326848577,0.9999055,0.010731681,5868998,eclipsing_binary
1590.426021556393,0.99425226,0.010728253,5868998,eclipsing_binary
1590.4274104283934,1.0040246,0.01074751,5868998,eclipsing_binary
1590.4287992999277,0.9950357,0.010738702,5868998,eclipsing_binary
1590.4301881719282,0.99915373,0.010746987,5868998,eclipsing_binary
1590.4315770434625,0.99783,0.010750195,5868998,eclipsing_binary
1590.4329659149978,1.0001293,0.010751303,5868998,eclipsing_binary
1590.4343547869987,0.9952022,0.010746831,5868998,eclipsing_binary
1590.4357436585326,0.99452114,0.010727032,5868998,eclipsing_binary
1590.4371325300665,1.0063354,0.010757025,5868998,eclipsing_binary
1590.4385214020665,0.99770164,0.010733582,5868998,eclipsing_binary
1590.4399102736018,0.9994513,0.010744325,5868998,eclipsing_binary
1590.4412991456027,1.0040045,0.010758597,5868998,eclipsing_binary
1590.4426880171375,1.0121654,0.010759993,5868998,eclipsing_binary
1590.4440768886718,1.0124247,0.010765013,5868998,eclipsing_binary
1590.4454657606723,1.0083989,0.010768443,5868998,eclipsing_binary
1590.4468546322066,1.0069318,0.010753951,5868998,eclipsing_binary
1590.4482435037419,1.012738,0.010757825,5868998,eclipsing_binary
1590.4496323757428,0.99903786,0.010755332,5868998,eclipsing_binary
1590.4510212472774,1.0077221,0.010749017,5868998,eclipsing_binary
1590.452410118812,1.004212,0.0107422285,5868998,eclipsing_binary
1590.4537989903463,0.9990289,0.010749176,5868998,eclipsing_binary
1590.4551878623467,0.9921639,0.010738508,5868998,eclipsing_binary
1590.456576733881,0.9998653,0.010777486,5868998,eclipsing_binary
1590.457965605416,1.0016859,0.01075169,5868998,eclipsing_binary
1590.4593544769502,0.9845669,0.01073406,5868998,eclipsing_binary
1590.4607433489507,1.0203745,0.010779126,5868998,eclipsing_binary
1590.462132220485,0.991937,0.010727082,5868998,eclipsing_binary
1590.4635210920203,1.007366,0.010776432,5868998,eclipsing_binary
1590.4649099635556,1.022464,0.010770826,5868998,eclipsing_binary
1590.466298835556,1.0009171,0.0107428515,5868998,eclipsing_binary
1590.4676877070904,1.0027821,0.010748987,5868998,eclipsing_binary
1590.4690765786252,0.9982574,0.01073707,5868998,eclipsing_binary
1590.4704654501595,0.9929462,0.010734066,5868998,eclipsing_binary
1590.4718543216948,1.0187556,0.010761517,5868998,eclipsing_binary
1590.4732431936957,1.0070081,0.010761203,5868998,eclipsing_binary
1590.4746320652296,1.0127903,0.010755988,5868998,eclipsing_binary
1590.4760209367635,1.0042784,0.010745566,5868998,eclipsing_binary
1590.4774098082978,0.9999927,0.010746869,5868998,eclipsing_binary
1590.478798679833,0.99869984,0.0107434075,5868998,eclipsing_binary
1590.480187551834,1.0113702,0.0107903415,5868998,eclipsing_binary
1590.4815764233688,1.0244725,0.010796219,5868998,eclipsing_binary
1590.4829652949031,1.0016778,0.010732938,5868998,eclipsing_binary
1590.484354166438,0.99611664,0.010731246,5868998,eclipsing_binary
1590.4857430379723,1.0030624,0.010740458,5868998,eclipsing_binary
1590.4871319095075,1.0051492,0.010748887,5868998,eclipsing_binary
1590.4885207810428,1.0168183,0.010785594,5868998,eclipsing_binary
1590.4899096525776,1.0060185,0.010736131,5868998,eclipsing_binary
1590.491298524112,1.0059857,0.010766996,5868998,eclipsing_binary
1590.492687396112,1.0114733,0.0107664075,5868998,eclipsing_binary
1590.4940762676467,1.0077758,0.010759299,5868998,eclipsing_binary
1590.495465139181,1.0009669,0.01074161,5868998,eclipsing_binary
1590.4968540107159,0.9773427,0.010698935,5868998,eclipsing_binary
1590.4982428822502,0.98896194,0.010724107,5868998,eclipsing_binary
1590.499631753785,0.9998944,0.010775951,5868998,eclipsing_binary
1590.5010206253194,1.0076042,0.010759127,5868998,eclipsing_binary
1590.5024094968546,1.0049723,0.010747944,5868998,eclipsing_binary
1590.5037983683899,1.0078902,0.010746122,5868998,eclipsing_binary
1590.5051872399247,0.9812956,0.01071799,5868998,eclipsing_binary
1590.506576111459,0.97543675,0.010731531,5868998,eclipsing_binary
1590.5079649829938,1.0074463,0.010748684,5868998,eclipsing_binary
1590.509353854529,0.99244255,0.010734271,5868998,eclipsing_binary
1590.510742726064,1.0022411,0.0107574845,5868998,eclipsing_binary
1590.5121315975987,1.0063137,0.010751037,5868998,eclipsing_binary
1590.5135204691326,0.99145997,0.010732593,5868998,eclipsing_binary
1590.5149093406665,1.0285374,0.010784832,5868998,eclipsing_binary
1590.5162982122008,1.0080473,0.010742052,5868998,eclipsing_binary
1590.517687083736,1.0018423,0.010742368,5868998,eclipsing_binary
1590.5190759552713,1.0123638,0.010759435,5868998,eclipsing_binary
1590.5204648268061,1.0068258,0.010742567,5868998,eclipsing_binary
1590.5218536983405,0.9956775,0.010733958,5868998,eclipsing_binary
1590.5232425698753,0.9995105,0.010739337,5868998,eclipsing_binary
1590.5246314414105,1.0036467,0.01074464,5868998,eclipsing_binary
1590.5260203129458,0.9924313,0.010735567,5868998,eclipsing_binary
1590.5274091840145,0.9821579,0.010713079,5868998,eclipsing_binary
1590.5287980555493,1.0022051,0.0107529955,5868998,eclipsing_binary
1590.5301869270836,1.0107474,0.010743317,5868998,eclipsing_binary
1590.531575798618,0.9876813,0.01073104,5868998,eclipsing_binary
1590.5329646701528,1.0066944,0.010753896,5868998,eclipsing_binary
1590.534353541687,1.0037893,0.010741869,5868998,eclipsing_binary
1590.535742413222,1.0037184,0.010744431,5868998,eclipsing_binary
1590.5371312847562,1.0060086,0.010743399,5868998,eclipsing_binary
1590.5385201558254,0.9982615,0.01074534,5868998,eclipsing_binary
1590.5399090273606,1.0109036,0.0107602235,5868998,eclipsing_binary
1590.541297898896,1.0180911,0.0107986,5868998,eclipsing_binary
1590.5426867704302,1.0097811,0.010771811,5868998,eclipsing_binary
1590.544075641965,0.99797666,0.010779668,5868998,eclipsing_binary
1590.5454645134994,1.0019965,0.010730242,5868998,eclipsing_binary
1590.5468533845685,1.0113362,0.0107683875,5868998,eclipsing_binary
1590.5482422561038,1.001916,0.010748564,5868998,eclipsing_binary
1590.5496311276388,1.0121868,0.010764262,5868998,eclipsing_binary
1590.5510199991734,1.0017076,0.010739845,5868998,eclipsing_binary
1590.5524088707073,0.99519104,0.010743915,5868998,eclipsing_binary
1590.5537977417755,0.9905555,0.010720916,5868998,eclipsing_binary
1590.5551866133108,1.0157431,0.010770124,5868998,eclipsing_binary
1590.556575484846,1.021321,0.010825906,5868998,eclipsing_binary
1590.5579643563804,1.0149921,0.01078579,5868998,eclipsing_binary
1590.5593532274495,1.0155444,0.01077183,5868998,eclipsing_binary
1590.5607420989838,1.0109307,0.010748464,5868998,eclipsing_binary
1590.5621309705186,1.007722,0.010753291,5868998,eclipsing_binary
1590.563519842054,1.0096221,0.010766718,5868998,eclipsing_binary
1590.5649087131235,1.0158195,0.010782923,5868998,eclipsing_binary
1590.5662975846578,0.99725103,0.010789917,5868998,eclipsing_binary
1590.5676864561926,0.9942501,0.010748801,5868998,eclipsing_binary
1590.5690753272613,0.99115974,0.010732424,5868998,eclipsing_binary
1590.5704641987966,1.0102118,0.01075894,5868998,eclipsing_binary
1590.571853070331,1.0143222,0.0107830735,5868998,eclipsing_binary
1590.5732419413991,1.0263815,0.010796394,5868998,eclipsing_binary
1590.574630812934,1.0020484,0.010755663,5868998,eclipsing_binary
1590.5760196844683,1.0007252,0.010743139,5868998,eclipsing_binary
1590.5774085555374,1.0006876,0.010747129,5868998,eclipsing_binary
1590.5787974270727,1.0060782,0.01074628,5868998,eclipsing_binary
1590.580186298608,1.0062134,0.010758342,5868998,eclipsing_binary
1590.5815751696766,1.0054969,0.010749067,5868998,eclipsing_binary
1590.5829640412114,0.9998355,0.010742075,5868998,eclipsing_binary
1590.5843529127458,1.0146288,0.010764415,5868998,eclipsing_binary
1590.5857417838154,1.0009145,0.010751033,5868998,eclipsing_binary
1590.5871306553506,0.996766,0.010730036,5868998,eclipsing_binary
1590.5885195264195,0.9967063,0.010744559,5868998,eclipsing_binary
1590.589908397954,1.0168087,0.01077266,5868998,eclipsing_binary
1590.5912972690223,1.005432,0.0107431775,5868998,eclipsing_binary
1590.5926861405562,1.0099431,0.010768781,5868998,eclipsing_binary
1590.5940750120915,1.0085127,0.010760086,5868998,eclipsing_binary
1590.595463883161,0.99366796,0.010728875,5868998,eclipsing_binary
1590.5968527546954,0.9968839,0.010759755,5868998,eclipsing_binary
1590.5982416257646,1.0132766,0.010751867,5868998,eclipsing_binary
1590.599630497299,0.9973229,0.010733812,5868998,eclipsing_binary
1590.6010193683685,0.99725723,0.0107264565,5868998,eclipsing_binary
1590.6024082399038,1.0035077,0.010761193,5868998,eclipsing_binary
1590.603797110973,0.9941081,0.010739683,5868998,eclipsing_binary
1590.6051859825072,0.9994347,0.010741652,5868998,eclipsing_binary
1590.6065748535764,1.0130926,0.010767052,5868998,eclipsing_binary
1590.6079637251107,0.9974626,0.010730231,5868998,eclipsing_binary
1590.6093525961794,1.0003144,0.010754785,5868998,eclipsing_binary
1590.6107414677142,1.0092304,0.0107577285,5868998,eclipsing_binary
1590.612130338783,1.0194957,0.010771547,5868998,eclipsing_binary
1590.6135192103177,1.004796,0.010772581,5868998,eclipsing_binary
1590.6149080813864,1.006296,0.010750518,5868998,eclipsing_binary
1590.6162969529216,0.9993385,0.010743654,5868998,eclipsing_binary
1590.6176858239912,0.9967315,0.01073755,5868998,eclipsing_binary
1590.619074695526,1.0071399,0.010739897,5868998,eclipsing_binary
1590.6204635665947,1.0009785,0.01074951,5868998,eclipsing_binary
1590.6218524376638,0.9988765,0.010754961,5868998,eclipsing_binary
1590.6232413091982,1.0061811,0.010758099,5868998,eclipsing_binary
1590.6246301802678,1.0063587,0.010744261,5868998,eclipsing_binary
1590.626019051803,1.0056893,0.010753561,5868998,eclipsing_binary
1590.627407922872,1.0028983,0.010740039,5868998,eclipsing_binary
1590.62879679394,0.9833048,0.0107105635,5868998,eclipsing_binary
1590.6301856654738,0.99734086,0.010738061,5868998,eclipsing_binary
1590.631574536543,1.0043633,0.010756727,5868998,eclipsing_binary
1590.6329634076126,1.0041316,0.01075922,5868998,eclipsing_binary
1590.6343522791478,1.0035473,0.010748248,5868998,eclipsing_binary
1590.6357411502165,0.99617726,0.010744368,5868998,eclipsing_binary
1590.6371300217513,0.99968016,0.01073066,5868998,eclipsing_binary
1590.63851889282,0.9928459,0.010740544,5868998,eclipsing_binary
1590.6399077638896,1.0125864,0.010753659,5868998,eclipsing_binary
1590.6412966354249,1.0050395,0.010749838,5868998,eclipsing_binary
1590.642685506494,1.005091,0.010758335,5868998,eclipsing_binary
1590.6440743775627,1.0037249,0.010756392,5868998,eclipsing_binary
1590.6454632486318,0.99263763,0.0107401125,5868998,eclipsing_binary
1590.6468521201662,0.9856489,0.010720785,5868998,eclipsing_binary
1590.6482409912348,1.0003335,0.010733967,5868998,eclipsing_binary
1590.649629862304,1.0218786,0.010765831,5868998,eclipsing_binary
1590.6510187338383,1.0073836,0.010754629,5868998,eclipsing_binary
1590.6524076049075,0.99856937,0.0107316375,5868998,eclipsing_binary
1590.6537964759762,1.0085922,0.010742381,5868998,eclipsing_binary
1590.6551853470457,0.9991589,0.010753302,5868998,eclipsing_binary
1590.656574218581,1.0076295,0.010746994,5868998,eclipsing_binary
1590.6579630896501,1.010675,0.01074538,5868998,eclipsing_binary
1590.6593519607188,1.0166537,0.010765759,5868998,eclipsing_binary
1590.660740831788,0.99929583,0.010791616,5868998,eclipsing_binary
1590.6621297028566,0.99670124,0.010732484,5868998,eclipsing_binary
1590.663518574392,0.9902139,0.010755014,5868998,eclipsing_binary
1590.6649074454615,1.0198826,0.010763999,5868998,eclipsing_binary
1590.6662963165304,1.0065738,0.010755967,5868998,eclipsing_binary
1590.6676851875984,0.9984286,0.010730524,5868998,eclipsing_binary
1590.6690740586666,1.0092133,0.010797814,5868998,eclipsing_binary
1590.670462930202,0.994261,0.010725377,5868998,eclipsing_binary
1590.6718518012715,1.0131541,0.010774119,5868998,eclipsing_binary
1590.6732406723406,0.9978293,0.010738931,5868998,eclipsing_binary
1590.6746295434093,0.98945725,0.010720033,5868998,eclipsing_binary
1590.6760184144784,0.989729,0.01072694,5868998,eclipsing_binary
1590.6774072855471,0.99907994,0.01074358,5868998,eclipsing_binary
1590.6787961566167,1.0013744,0.010743302,5868998,eclipsing_binary
1590.680185028152,1.0164003,0.010760457,5868998,eclipsing_binary
1590.6815738992211,0.9872839,0.010716611,5868998,eclipsing_binary
1590.6829627702898,1.0037795,0.010760786,5868998,eclipsing_binary
1590.684351641359,0.9907754,0.010729575,5868998,eclipsing_binary
1590.6857405124285,0.9994933,0.010747686,5868998,eclipsing_binary
1590.6871293834972,0.9990804,0.010731843,5868998,eclipsing_binary
1590.6885182545655,1.0039154,0.0107375765,5868998,eclipsing_binary
1590.6899071256341,1.0116845,0.010765489,5868998,eclipsing_binary
1590.6912959967033,1.0014046,0.010746738,5868998,eclipsing_binary
1590.692684867772,1.0125457,0.010761392,5868998,eclipsing_binary
1590.6940737388416,1.0052681,0.0107567655,5868998,eclipsing_binary
1590.6954626099111,1.00973,0.010746772,5868998,eclipsing_binary
1590.6968514809803,0.9895808,0.010731038,5868998,eclipsing_binary
1590.698240352049,1.0278567,0.010790791,5868998,eclipsing_binary
1590.699629223118,0.9942931,0.010715498,5868998,eclipsing_binary
1590.7010180941877,1.0007628,0.010745146,5868998,eclipsing_binary
1590.7024069652573,0.99989045,0.0107357595,5868998,eclipsing_binary
1590.703795836326,1.009687,0.010764771,5868998,eclipsing_binary
1590.7051847073942,1.0060456,0.010739612,5868998,eclipsing_binary
1590.7065735784624,1.0111973,0.010789275,5868998,eclipsing_binary
1590.7079624495311,1.0025762,0.010741191,5868998,eclipsing_binary
1590.7093513206007,1.0166448,0.01076094,5868998,eclipsing_binary
1590.7107401916703,0.9985603,0.010741363,5868998,eclipsing_binary
1590.7121290627395,0.98804504,0.010726285,5868998,eclipsing_binary
1590.7135179338081,1.0133942,0.01074971,5868998,eclipsing_binary
1590.7149068048773,1.001608,0.010744851,5868998,eclipsing_binary
1590.7162956759469,1.0142107,0.010756327,5868998,eclipsing_binary
1590.7176845470165,1.0058116,0.010756841,5868998,eclipsing_binary
1590.7190734180851,1.0163902,0.0107502155,5868998,eclipsing_binary
1590.7204622891543,1.010591,0.010770234,5868998,eclipsing_binary
1590.721851160223,0.9762195,0.0107272705,5868998,eclipsing_binary
1590.723240031292,1.0211496,0.010769262,5868998,eclipsing_binary
1590.7246289018951,0.9871722,0.010728889,5868998,eclipsing_binary
1590.7260177729638,1.0107892,0.010763031,5868998,eclipsing_binary
1590.727406644033,0.9943876,0.01074011,5868998,eclipsing_binary
1590.7287955151016,1.005439,0.010748329,5868998,eclipsing_binary
1590.7301843861708,1.0007656,0.010753128,5868998,eclipsing_binary
1590.7315732572404,1.0076197,0.010748338,5868998,eclipsing_binary
1590.73296212831,0.99209994,0.010735347,5868998,eclipsing_binary
1590.734350998913,1.0095018,0.010753582,5868998,eclipsing_binary
1590.7357398699821,1.0008067,0.01073793,5868998,eclipsing_binary
1590.7371287410508,1.0026596,0.010747792,5868998,eclipsing_binary
1590.73851761212,0.9919777,0.010713064,5868998,eclipsing_binary
1590.7399064831895,0.9784902,0.0107029155,5868998,eclipsing_binary
1590.7412953537935,1.0078835,0.010749449,5868998,eclipsing_binary
1590.7426842248622,0.9935558,0.010726118,5868998,eclipsing_binary
1590.7440730959304,0.99783564,0.010738515,5868998,eclipsing_binary
1590.7454619669986,0.98796797,0.010732837,5868998,eclipsing_binary
1590.7468508380682,1.0030822,0.010743706,5868998,eclipsing_binary
1590.7482397086721,1.0108724,0.010750905,5868998,eclipsing_binary
1590.7496285797408,1.0127085,0.010738739,5868998,eclipsing_binary
1590.75101745081,1.0028566,0.010745598,5868998,eclipsing_binary
1590.7524063218787,1.0026923,0.010736048,5868998,eclipsing_binary
1590.7537951924821,0.9960905,0.010738915,5868998,eclipsing_binary
1590.7551840635517,0.9990879,0.010759695,5868998,eclipsing_binary
1590.7565729346213,0.9880542,0.010730415,5868998,eclipsing_binary
1590.7579618052243,1.0071214,0.010738388,5868998,eclipsing_binary
1590.7593506762935,0.98286587,0.010725222,5868998,eclipsing_binary
1590.7607395473622,1.0088586,0.010744087,5868998,eclipsing_binary
1590.7621284184313,1.0010471,0.010780606,5868998,eclipsing_binary
1590.7635172890343,0.98700017,0.010709608,5868998,eclipsing_binary
1590.764906160103,0.99731094,0.010733869,5868998,eclipsing_binary
1590.7662950311721,1.0050569,0.010824667,5868998,eclipsing_binary
1590.7676839017752,1.0008303,0.010747302,5868998,eclipsing_binary
1590.7690727728443,0.9980562,0.010734576,5868998,eclipsing_binary
1590.770461643914,0.9952006,0.010732606,5868998,eclipsing_binary
1590.7718505145178,1.0027208,0.010722334,5868998,eclipsing_binary
1590.7732393855865,0.97820514,0.010703263,5868998,eclipsing_binary
1590.77462825619,1.0006275,0.010755413,5868998,eclipsing_binary
1590.7760171272587,0.9925554,0.010723828,5868998,eclipsing_binary
1590.7774059983278,0.98774683,0.010717624,5868998,eclipsing_binary
1590.7787948689318,1.0022948,0.010728377,5868998,eclipsing_binary
1590.7801837400013,1.0213155,0.010787054,5868998,eclipsing_binary
1590.781572610604,0.989047,0.010724156,5868998,eclipsing_binary
1590.782961481672,1.0052012,0.010745694,5868998,eclipsing_binary
1590.7843503527408,1.0143797,0.010753443,5868998,eclipsing_binary
1590.7857392233448,1.0116483,0.010747333,5868998,eclipsing_binary
1590.7871280944144,1.0067272,0.010734454,5868998,eclipsing_binary
1590.7885169650174,0.98280853,0.010707163,5868998,eclipsing_binary
1590.7899058360865,0.99545693,0.010728841,5868998,eclipsing_binary
1590.7912947066895,1.00882,0.010791402,5868998,eclipsing_binary
1590.7926835777587,1.000849,0.010732593,5868998,eclipsing_binary
1590.7940724483626,0.98547554,0.010729585,5868998,eclipsing_binary
1590.7954613194322,1.020907,0.010749566,5868998,eclipsing_binary
1590.7968501900352,1.0097913,0.010753756,5868998,eclipsing_binary
1590.7982390611044,0.994005,0.010738352,5868998,eclipsing_binary
1590.7996279317074,1.0039848,0.010741988,5868998,eclipsing_binary
1590.8010168027765,0.9939024,0.010736601,5868998,eclipsing_binary
1590.8024056733796,0.98397845,0.010748129,5868998,eclipsing_binary
1590.8037945444482,0.99390006,0.010746096,5868998,eclipsing_binary
1590.8051834150517,1.0112684,0.010754212,5868998,eclipsing_binary
1590.8065722861204,0.9700096,0.010707757,5868998,eclipsing_binary
1590.8079611567239,0.9959601,0.010735265,5868998,eclipsing_binary
1590.8093500277935,1.0109088,0.010758249,5868998,eclipsing_binary
1590.8107388983974,0.9854788,0.01072097,5868998,eclipsing_binary
1590.812127769466,1.0132275,0.010790891,5868998,eclipsing_binary
1590.8135166400696,0.9896547,0.01071588,5868998,eclipsing_binary
1590.8149055106726,0.9848529,0.010721038,5868998,eclipsing_binary
1590.8162943817422,0.9891703,0.010721844,5868998,eclipsing_binary
1590.8176832523461,0.9932625,0.010724982,5868998,eclipsing_binary
1590.8190721234143,0.9878749,0.01071632,5868998,eclipsing_binary
1590.820460994017,1.0135094,0.010753682,5868998,eclipsing_binary
1590.8218498646202,1.0032982,0.010754321,5868998,eclipsing_binary
1590.823238735689,1.0038943,0.010747907,5868998,eclipsing_binary
1590.824627606293,0.99413806,0.010728041,5868998,eclipsing_binary
1590.826016476897,0.98575526,0.010712909,5868998,eclipsing_binary
1590.8274053479656,0.98420095,0.010728749,5868998,eclipsing_binary
1590.828794218569,0.99568814,0.0107788695,5868998,eclipsing_binary
1590.8301830891721,0.9975548,0.010750166,5868998,eclipsing_binary
1590.8315719602417,1.0152453,0.010776748,5868998,eclipsing_binary
1590.8329608308456,1.0008571,0.010745482,5868998,eclipsing_binary
1590.8343497014491,1.0131398,0.010755059,5868998,eclipsing_binary
1590.8357385725178,1.0022177,0.010737235,5868998,eclipsing_binary
1590.8371274431213,1.0143429,0.010761905,5868998,eclipsing_binary
1590.8385163137239,1.0077504,0.010767276,5868998,eclipsing_binary
1590.8399051843269,0.9798282,0.010718681,5868998,eclipsing_binary
1590.8412940553965,1.0050131,0.010738862,5868998,eclipsing_binary
1590.8426829259995,1.0047724,0.010744637,5868998,eclipsing_binary
1590.844071796603,1.0160413,0.010775898,5868998,eclipsing_binary
1590.8454606676717,0.99714965,0.010724694,5868998,eclipsing_binary
1590.8468495382756,0.98198074,0.010702678,5868998,eclipsing_binary
1590.8482384088795,0.9978779,0.010745439,5868998,eclipsing_binary
1590.849627279483,1.0231769,0.010761887,5868998,eclipsing_binary
1590.851016150086,1.0092515,0.0107426075,5868998,eclipsing_binary
1590.8524050211552,1.0163739,0.010765017,5868998,eclipsing_binary
1590.8537938917582,0.99702936,0.010741997,5868998,eclipsing_binary
1590.8551827623621,1.0016255,0.0107275685,5868998,eclipsing_binary
1590.856571632966,1.0028719,0.010730613,5868998,eclipsing_binary
1590.8579605035686,0.9958786,0.010778846,5868998,eclipsing_binary
1590.8593493746368,1.0094734,0.01076352,5868998,eclipsing_binary
1590.86073824524,1.0009732,0.0107362345,5868998,eclipsing_binary
1590.8621271158438,0.9996872,0.010740217,5868998,eclipsing_binary
1590.8635159864477,0.97704023,0.010699339,5868998,eclipsing_binary
1590.8649048570512,0.9994055,0.0107722785,5868998,eclipsing_binary
1590.8662937276542,1.0173825,0.010753269,5868998,eclipsing_binary
1590.8676825987234,1.009393,0.010737874,5868998,eclipsing_binary
1590.8690714693264,1.003927,0.010738545,5868998,eclipsing_binary
1590.8704603399303,0.98548144,0.010713008,5868998,eclipsing_binary
1590.8718492105343,0.9929026,0.010731764,5868998,eclipsing_binary
1590.8732380811377,0.99761975,0.010737288,5868998,eclipsing_binary
1590.8746269517408,0.9953256,0.010713452,5868998,eclipsing_binary
1590.8760158223433,1.0007901,0.010739522,5868998,eclipsing_binary
1590.8774046929468,0.99186623,0.010724933,5868998,eclipsing_binary
1590.8787935635507,1.0032451,0.010734831,5868998,eclipsing_binary
1590.8801824341538,0.99639595,0.010737775,5868998,eclipsing_binary
1590.8815713047568,1.0074002,0.010751827,5868998,eclipsing_binary
1590.882960175826,1.0078093,0.010762405,5868998,eclipsing_binary
1590.884349046429,1.0063987,0.010743725,5868998,eclipsing_binary
1590.8857379170329,0.98498845,0.010714808,5868998,eclipsing_binary
1590.8871267876368,0.98787963,0.010711501,5868998,eclipsing_binary
1590.8885156582403,0.99149436,0.010732271,5868998,eclipsing_binary
1590.8899045288433,0.9758236,0.010708872,5868998,eclipsing_binary
1590.8912933994468,0.9823155,0.010722191,5868998,eclipsing_binary
1590.8926822700507,0.9615553,0.010688533,5868998,eclipsing_binary
1590.8940711406547,0.9355196,0.010631747,5868998,eclipsing_binary
1590.8954600112572,0.9685528,0.010695255,5868998,eclipsing_binary
1590.8968488818598,0.9690165,0.0106778825,5868998,eclipsing_binary
1590.8982377524628,0.95160604,0.010669402,5868998,eclipsing_binary
1590.899626623066,0.94945586,0.010640217,5868998,eclipsing_binary
1590.9010154936698,0.9664352,0.010689366,5868998,eclipsing_binary
1590.902404363808,0.9357092,0.010641398,5868998,eclipsing_binary
1590.9037932344115,0.9680164,0.010683172,5868998,eclipsing_binary
1590.9051821050145,0.93448627,0.010645091,5868998,eclipsing_binary
1590.906570975618,0.94384235,0.010653973,5868998,eclipsing_binary
1590.907959846222,0.9188685,0.010615412,5868998,eclipsing_binary
1590.909348716826,0.9427604,0.010652494,5868998,eclipsing_binary
1590.910737587429,0.94396216,0.010637075,5868998,eclipsing_binary
1590.9121264580324,0.9280711,0.01066234,5868998,eclipsing_binary
1590.913515328635,0.95407754,0.010660612,5868998,eclipsing_binary
1590.9149041992375,0.96641284,0.010675345,5868998,eclipsing_binary
1590.9162930698415,0.9761801,0.0106887985,5868998,eclipsing_binary
1590.9176819399797,0.9499715,0.010650393,5868998,eclipsing_binary
1590.9190708105828,0.97180355,0.010679419,5868998,eclipsing_binary
1590.9204596811858,0.97613084,0.010694558,5868998,eclipsing_binary
1590.9218485517893,0.965149,0.010693773,5868998,eclipsing_binary
1590.9232374223932,0.9942053,0.010728153,5868998,eclipsing_binary
1590.9246262929971,0.981405,0.010691479,5868998,eclipsing_binary
1590.9260151631345,0.9749152,0.01069848,5868998,eclipsing_binary
1590.927404033738,0.98381317,0.010711371,5868998,eclipsing_binary
1590.928792904341,0.98645836,0.010768063,5868998,eclipsing_binary
1590.9301817749445,0.97170544,0.010678251,5868998,eclipsing_binary
1590.9315706455484,0.98694444,0.01071309,5868998,eclipsing_binary
1590.9329595156858,0.9927389,0.010721861,5868998,eclipsing_binary
1590.9343483862883,0.9989272,0.010759539,5868998,eclipsing_binary
1590.9357372568918,0.9961987,0.0107690105,5868998,eclipsing_binary
1590.9371261274948,1.0180773,0.010756139,5868998,eclipsing_binary
1590.938514998098,0.99760836,0.010752678,5868998,eclipsing_binary
1590.9399038682361,0.99452055,0.010729417,5868998,eclipsing_binary
1590.94129273884,0.9928522,0.010727767,5868998,eclipsing_binary
1590.9426816094435,0.9971074,0.010746863,5868998,eclipsing_binary
1590.9440704800465,0.9851846,0.010710071,5868998,eclipsing_binary
1590.9454593501844,1.0018803,0.010741714,5868998,eclipsing_binary
1590.9468482207883,0.9997096,0.010741191,5868998,eclipsing_binary
1590.9482370913922,1.0050288,0.010770187,5868998,eclipsing_binary
1590.9496259615296,0.99047256,0.010734653,5868998,eclipsing_binary
1590.9510148321322,0.98596656,0.010716171,5868998,eclipsing_binary
1590.9524037027347,0.9991641,0.010731568,5868998,eclipsing_binary
1590.9537925728725,0.9836021,0.010694499,5868998,eclipsing_binary
1590.9551814434765,0.99742407,0.010738427,5868998,eclipsing_binary
1590.9565703140804,0.9970967,0.010725202,5868998,eclipsing_binary
1590.9579591842178,0.9667795,0.010681196,5868998,eclipsing_binary
1590.9593480548208,1.0057853,0.010744396,5868998,eclipsing_binary
1590.9607369254243,1.0010513,0.0107433945,5868998,eclipsing_binary
1590.9621257955625,0.97328806,0.0107102925,5868998,eclipsing_binary
1590.9635146661665,0.99130934,0.010733468,5868998,eclipsing_binary
1590.9649035367695,1.0072106,0.010789235,5868998,eclipsing_binary
1590.9662924069073,1.0045158,0.0107389325,5868998,eclipsing_binary
1590.9676812775103,0.9999135,0.010774268,5868998,eclipsing_binary
1590.9690701476482,1.0022837,0.010728882,5868998,eclipsing_binary
1590.9704590182512,0.992724,0.01072727,5868998,eclipsing_binary
1590.9718478888547,0.9931318,0.010725828,5868998,eclipsing_binary
1590.973236758992,1.0001687,0.01073895,5868998,eclipsing_binary
1590.9746256295955,0.9986348,0.010747724,5868998,eclipsing_binary
1590.9760144997329,0.99030036,0.010716728,5868998,eclipsing_binary
1590.9774033703368,1.0042659,0.010777116,5868998,eclipsing_binary
1590.978792240475,1.0188155,0.010762943,5868998,eclipsing_binary
1590.980181111078,1.0171441,0.010768166,5868998,eclipsing_binary
1590.981569981216,1.0002836,0.010722956,5868998,eclipsing_binary
1590.982958851819,0.9991641,0.010724861,5868998,eclipsing_binary
1590.9843477219567,0.99351287,0.010725978,5868998,eclipsing_binary
1590.9857365925607,0.9945295,0.010722292,5868998,eclipsing_binary
1590.987125462699,0.99868596,0.010724071,5868998,eclipsing_binary
1590.9885143333015,0.98812705,0.010724014,5868998,eclipsing_binary
1590.9899032034384,0.9949115,0.010736927,5868998,eclipsing_binary
1590.9912920740414,0.99266636,0.01077526,5868998,eclipsing_binary
1590.9926809441797,0.9891786,0.010737348,5868998,eclipsing_binary
1590.9940698147836,1.0220689,0.010774745,5868998,eclipsing_binary
1590.9954586849215,1.0062281,0.010740366,5868998,eclipsing_binary
1590.9968475555245,0.9984858,0.010752448,5868998,eclipsing_binary
1590.998236425662,0.98514014,0.010715255,5868998,eclipsing_binary
1590.9996252962653,1.0027788,0.01075846,5868998,eclipsing_binary
1591.0010141664036,1.0046378,0.010764186,5868998,eclipsing_binary
1591.0024030365419,1.0100056,0.010750421,5868998,eclipsing_binary
1591.003791907145,0.99257755,0.010741203,5868998,eclipsing_binary
1591.0051807772827,1.0202074,0.010787025,5868998,eclipsing_binary
1591.0065696478857,1.0081855,0.010739811,5868998,eclipsing_binary
1591.0079585180235,1.0012397,0.010736829,5868998,eclipsing_binary
1591.009347388161,0.9915171,0.010736113,5868998,eclipsing_binary
1591.0107362587644,0.99281716,0.010729826,5868998,eclipsing_binary
1591.0121251289017,0.9980671,0.010739751,5868998,eclipsing_binary
1591.0135139990396,0.9649697,0.010688915,5868998,eclipsing_binary
1591.0149028696426,1.0048245,0.010742245,5868998,eclipsing_binary
1591.0162917397809,1.0000314,0.010718736,5868998,eclipsing_binary
1591.0176806103848,0.99251467,0.010723046,5868998,eclipsing_binary
1591.0190694805221,0.99858224,0.010724042,5868998,eclipsing_binary
1591.02045835066,0.99492425,0.010748045,5868998,eclipsing_binary
1591.0218472207973,0.99204034,0.010751376,5868998,eclipsing_binary
1591.0232360914013,1.0072775,0.0107581215,5868998,eclipsing_binary
1591.0246249615395,0.99752086,0.010734447,5868998,eclipsing_binary
1591.0260138316764,0.9924924,0.010738195,5868998,eclipsing_binary
1591.027402702279,0.9949281,0.010716452,5868998,eclipsing_binary
1591.0287915724168,0.99371433,0.010722661,5868998,eclipsing_binary
1591.0301804425542,0.9950112,0.010723818,5868998,eclipsing_binary
1591.0315693126925,1.004744,0.010744388,5868998,eclipsing_binary
1591.0329581832964,1.0026135,0.010746689,5868998,eclipsing_binary
1591.0343470534342,0.9879389,0.010767746,5868998,eclipsing_binary
1591.0357359235716,1.003117,0.01073811,5868998,eclipsing_binary
1591.0371247937092,0.99315095,0.010716571,5868998,eclipsing_binary
1591.0385136643129,1.0028716,0.010754102,5868998,eclipsing_binary
1591.0399025344511,1.0040535,0.01075419,5868998,eclipsing_binary
1591.041291404589,1.0231775,0.0107695,5868998,eclipsing_binary
1591.0426802747263,0.9940332,0.01074294,5868998,eclipsing_binary
1591.0440691448632,0.9823877,0.010698722,5868998,eclipsing_binary
1591.0454580154658,0.9911757,0.010719557,5868998,eclipsing_binary
1591.046846885604,1.0147561,0.0107832225,5868998,eclipsing_binary
1591.0482357557423,0.9862714,0.010723865,5868998,eclipsing_binary
1591.0496246258801,1.0100714,0.010758147,5868998,eclipsing_binary
1591.0510134960175,0.9993823,0.01071792,5868998,eclipsing_binary
1591.0524023661553,1.0088811,0.010766099,5868998,eclipsing_binary
1591.0537912367593,0.9962955,0.010732447,5868998,eclipsing_binary
1591.0551801068975,0.98939216,0.0107155545,5868998,eclipsing_binary
1591.0565689770349,0.9961632,0.010747139,5868998,eclipsing_binary
1591.0579578471722,0.9997618,0.010722075,5868998,eclipsing_binary
1591.05934671731,1.0008956,0.010729759,5868998,eclipsing_binary
1591.0607355874474,1.0070223,0.0107814865,5868998,eclipsing_binary
1591.0621244575857,0.99544895,0.010736873,5868998,eclipsing_binary
1591.0635133277235,1.0143224,0.010749532,5868998,eclipsing_binary
1591.0649021978604,0.9897487,0.010713367,5868998,eclipsing_binary
1591.0662910684634,0.9908608,0.010730762,5868998,eclipsing_binary
1591.0676799386013,0.9855082,0.010714217,5868998,eclipsing_binary
1591.0690688087395,1.0028932,0.01080576,5868998,eclipsing_binary
1591.0704576788778,0.98393697,0.010721395,5868998,eclipsing_binary
1591.0718465490152,1.0042746,0.01073938,5868998,eclipsing_binary
1591.073235419153,1.0022142,0.010738967,5868998,eclipsing_binary
1591.0746242892903,0.9811674,0.010707485,5868998,eclipsing_binary
1591.076013159428,1.0070816,0.010749806,5868998,eclipsing_binary
1591.077402029566,0.98000073,0.010726928,5868998,eclipsing_binary
1591.0787908997042,0.9958856,0.010732978,5868998,eclipsing_binary
1591.080179769842,0.99167407,0.0107309725,5868998,eclipsing_binary
1591.081568639979,0.99391633,0.0107130995,5868998,eclipsing_binary
1591.0829575101159,0.98964965,0.010725873,5868998,eclipsing_binary
1591.0843463802532,1.0108011,0.010740348,5868998,eclipsing_binary
1591.0857352503915,0.99044347,0.010728449,5868998,eclipsing_binary
1591.0871241205298,1.0101099,0.010748041,5868998,eclipsing_binary
1591.0885129906676,0.99730146,0.010728592,5868998,eclipsing_binary
1591.089901860805,1.0019289,0.0107311215,5868998,eclipsing_binary
1591.0912907309428,1.0077475,0.010789183,5868998,eclipsing_binary
1591.092679601081,0.99168134,0.01072809,5868998,eclipsing_binary
1591.0940684712193,1.0047666,0.010760509,5868998,eclipsing_binary
1591.095457340891,1.0098826,0.010777717,5868998,eclipsing_binary
1591.0968462110284,0.98246604,0.010703431,5868998,eclipsing_binary
1591.0982350811662,0.99155384,0.010727161,5868998,eclipsing_binary
1591.0996239513036,1.0077147,0.010761122,5868998,eclipsing_binary
1591.1010128214414,1.0134307,0.0107593965,5868998,eclipsing_binary
1591.1024016915787,1.001874,0.010732814,5868998,eclipsing_binary
1591.1037905617166,1.0013576,0.010787668,5868998,eclipsing_binary
1591.105179431854,0.9863894,0.010715917,5868998,eclipsing_binary
1591.1065683019917,0.98395914,0.010718679,5868998,eclipsing_binary
1591.1079571716643,0.9889523,0.010721729,5868998,eclipsing_binary
1591.1093460418026,1.0083915,0.010784248,5868998,eclipsing_binary
1591.11073491194,1.0012683,0.0107372105,5868998,eclipsing_binary
1591.1121237820778,1.0032564,0.010738049,5868998,eclipsing_binary
1591.1135126522151,1.0008836,0.010725947,5868998,eclipsing_binary
1591.114901521887,0.99790734,0.010744067,5868998,eclipsing_binary
1591.1162903920251,0.99438447,0.010727548,5868998,eclipsing_binary
1591.1176792621634,0.9916903,0.010732628,5868998,eclipsing_binary
1591.1190681323003,1.0098424,0.010785762,5868998,eclipsing_binary
1591.1204570024372,0.9981443,0.010717004,5868998,eclipsing_binary
1591.1218458721094,0.9860271,0.010724925,5868998,eclipsing_binary
1591.1232347422476,1.0222054,0.0107594505,5868998,eclipsing_binary
1591.124623612386,0.9864281,0.010714777,5868998,eclipsing_binary
1591.1260124825233,1.004785,0.010745876,5868998,eclipsing_binary
1591.1274013521954,0.98802525,0.010715214,5868998,eclipsing_binary
1591.1287902223328,0.99535143,0.010720434,5868998,eclipsing_binary
1591.1301790924706,0.9772756,0.0107137095,5868998,eclipsing_binary
1591.1315679626089,1.0180603,0.010767518,5868998,eclipsing_binary
1591.1329568322815,1.0046397,0.010742996,5868998,eclipsing_binary
1591.1343457024188,0.9894266,0.010722413,5868998,eclipsing_binary
1591.1357345725562,0.9695323,0.010695697,5868998,eclipsing_binary
1591.1371234422274,1.0005832,0.010782707,5868998,eclipsing_binary
1591.1385123123653,1.0147734,0.010759672,5868998,eclipsing_binary
1591.1399011825035,0.98450005,0.010710461,5868998,eclipsing_binary
1591.141290052641,1.016799,0.010757373,5868998,eclipsing_binary
1591.142678922313,0.99408567,0.010726584,5868998,eclipsing_binary
1591.1440677924504,0.9875191,0.010714409,5868998,eclipsing_binary
1591.1454566625882,0.9988012,0.010746361,5868998,eclipsing_binary
1591.1468455322608,1.0011563,0.010729256,5868998,eclipsing_binary
1591.148234402399,0.98796165,0.010712126,5868998,eclipsing_binary
1591.1496232720708,1.0176971,0.010761894,5868998,eclipsing_binary
1591.1510121422086,1.0049617,0.010741651,5868998,eclipsing_binary
1591.152401012346,1.0194782,0.010759601,5868998,eclipsing_binary
1591.1537898820186,1.0054191,0.010735875,5868998,eclipsing_binary
1591.1551787521562,0.9739161,0.010686582,5868998,eclipsing_binary
1591.1565676218272,0.9923482,0.010727218,5868998,eclipsing_binary
1591.157956491965,0.99457514,0.0107160425,5868998,eclipsing_binary
1591.1593453621024,0.99849766,0.010738947,5868998,eclipsing_binary
1591.1607342317745,0.9971922,0.010725832,5868998,eclipsing_binary
1591.1621231019128,1.001316,0.010749695,5868998,eclipsing_binary
1591.1635119715854,1.0026017,0.01073895,5868998,eclipsing_binary
1591.1649008417228,1.0050658,0.0107326405,5868998,eclipsing_binary
1591.166289711395,0.98663133,0.010720763,5868998,eclipsing_binary
1591.1676785815323,0.9964914,0.010745438,5868998,eclipsing_binary
1591.169067451205,0.99517804,0.010790624,5868998,eclipsing_binary
1591.1704563213432,0.9968087,0.010790117,5868998,eclipsing_binary
1591.1718451910153,1.005372,0.010746311,5868998,eclipsing_binary
1591.1732340611527,0.9930865,0.010743322,5868998,eclipsing_binary
1591.174622930824,1.0071394,0.010737512,5868998,eclipsing_binary
1591.1760118009609,0.9953539,0.010710059,5868998,eclipsing_binary
1591.1774006706335,0.9782794,0.0106981415,5868998,eclipsing_binary
1591.1787895407717,1.0076894,0.010753729,5868998,eclipsing_binary
1591.1801784104434,0.99813527,0.010723971,5868998,eclipsing_binary
1591.1815672805812,0.9773149,0.010707447,5868998,eclipsing_binary
1591.182956150253,0.99945396,0.01073968,5868998,eclipsing_binary
1591.1843450203912,0.9905182,0.010723745,5868998,eclipsing_binary
1591.1857338900638,1.0103378,0.010746082,5868998,eclipsing_binary
1591.187122759736,1.010781,0.0107417125,5868998,eclipsing_binary
1591.1885116298733,0.99471545,0.010724177,5868998,eclipsing_binary
1591.1899004995455,0.9961197,0.010739918,5868998,eclipsing_binary
1591.1912893696829,1.0109333,0.010749984,5868998,eclipsing_binary
1591.1926782393548,1.0014603,0.010732558,5868998,eclipsing_binary
1591.1940671090267,0.9943441,0.010750216,5868998,eclipsing_binary
1591.195455979164,1.0129418,0.010747958,5868998,eclipsing_binary
1591.1968448488362,1.0080267,0.01073969,5868998,eclipsing_binary
1591.1982337189736,1.0082079,0.01074761,5868998,eclipsing_binary
1591.1996225886462,0.9979505,0.010784992,5868998,eclipsing_binary
1591.2010114583188,0.99154294,0.010724455,5868998,eclipsing_binary
1591.2024003284566,1.0007768,0.010742058,5868998,eclipsing_binary
1591.2037891981283,1.002682,0.010735589,5868998,eclipsing_binary
1591.2051780678005,0.99887663,0.010721147,5868998,eclipsing_binary
1591.2065669379379,0.99688846,0.010728749,5868998,eclipsing_binary
1591.2079558076105,1.0004184,0.010795162,5868998,eclipsing_binary
1591.209344677283,0.9921889,0.010735747,5868998,eclipsing_binary
1591.21073354742,0.99805593,0.01074468,5868998,eclipsing_binary
1591.2121224170912,1.0153402,0.010746809,5868998,eclipsing_binary
1591.213511286763,0.9913422,0.01073376,5868998,eclipsing_binary
1591.2149001564355,1.0039613,0.010737345,5868998,eclipsing_binary
1591.2162890265738,1.0043572,0.010733382,5868998,eclipsing_binary
1591.217677896246,1.0036641,0.010739191,5868998,eclipsing_binary
1591.2190667659177,1.005907,0.010758927,5868998,eclipsing_binary
1591.2204556355898,1.0102742,0.0107475715,5868998,eclipsing_binary
1591.2218445057272,1.0118207,0.010749381,5868998,eclipsing_binary
1591.2232333753998,1.0196787,0.010764033,5868998,eclipsing_binary
1591.2246222450724,0.9989123,0.010736003,5868998,eclipsing_binary
1591.2260111147446,1.005392,0.010746878,5868998,eclipsing_binary
1591.2273999844163,0.9851684,0.010702433,5868998,eclipsing_binary
1591.2287888545532,0.998237,0.010728741,5868998,eclipsing_binary
1591.2301777242253,0.9824459,0.010702037,5868998,eclipsing_binary
1591.2315665938977,1.0065098,0.0107519245,5868998,eclipsing_binary
1591.2329554635696,0.988936,0.010717685,5868998,eclipsing_binary
1591.2343443332413,0.9917116,0.010726985,5868998,eclipsing_binary
1591.2357332033791,0.997778,0.010752173,5868998,eclipsing_binary
1591.2371220730508,1.0049218,0.010730653,5868998,eclipsing_binary
1591.2385109427235,1.0012228,0.010755662,5868998,eclipsing_binary
1591.239899812396,1.010622,0.010753128,5868998,eclipsing_binary
1591.2412886820682,1.0003194,0.010725836,5868998,eclipsing_binary
1591.24267755174,1.015797,0.01075366,5868998,eclipsing_binary
1591.244066421412,1.0019398,0.010731206,5868998,eclipsing_binary
1591.2454552910838,0.9975995,0.010727229,5868998,eclipsing_binary
1591.246844161222,1.003072,0.010728075,5868998,eclipsing_binary
1591.2482330308942,0.98772556,0.010706577,5868998,eclipsing_binary
1591.2496219005654,0.9954834,0.010727125,5868998,eclipsing_binary
1591.2510107702371,1.0055863,0.010735606,5868998,eclipsing_binary
1591.2523996399088,0.9884114,0.010712316,5868998,eclipsing_binary
1591.2537885095815,1.0127525,0.01073396,5868998,eclipsing_binary
1591.255177379254,1.026896,0.0107643865,5868998,eclipsing_binary
1591.2565662489262,1.0039773,0.010743028,5868998,eclipsing_binary
1591.257955118598,0.9910714,0.0107286405,5868998,eclipsing_binary
1591.25934398827,0.99621564,0.010730475,5868998,eclipsing_binary
1591.2607328579418,1.0117459,0.010738607,5868998,eclipsing_binary
1591.2621217276144,0.97683203,0.010704574,5868998,eclipsing_binary
1591.263510597287,1.0085101,0.0107295625,5868998,eclipsing_binary
1591.2648994669592,1.0082262,0.01073132,5868998,eclipsing_binary
1591.2662883366304,0.9892748,0.010715345,5868998,eclipsing_binary
1591.2676772063016,0.9875042,0.01077099,5868998,eclipsing_binary
1591.2690660759743,0.9916314,0.010721009,5868998,eclipsing_binary
1591.2704549456466,1.0151259,0.010768306,5868998,eclipsing_binary
1591.2718438153186,1.0110191,0.010745228,5868998,eclipsing_binary
1591.2732326849903,1.024167,0.010814171,5868998,eclipsing_binary
1591.2746215546624,1.0055351,0.010735521,5868998,eclipsing_binary
1591.2760104243341,0.99065053,0.010728902,5868998,eclipsing_binary
1591.2773992940067,1.0183856,0.010786501,5868998,eclipsing_binary
1591.2787881636793,1.0006764,0.010721865,5868998,eclipsing_binary
1591.2801770333515,1.005886,0.010736162,5868998,eclipsing_binary
1591.2815659030232,1.0023619,0.010736338,5868998,eclipsing_binary
1591.2829547722297,0.9916389,0.010728898,5868998,eclipsing_binary
1591.2843436419014,0.9804547,0.010714573,5868998,eclipsing_binary
1591.2857325115735,1.0048468,0.010738292,5868998,eclipsing_binary
1591.2871213812452,1.0071357,0.010734625,5868998,eclipsing_binary
1591.2885102509174,0.985805,0.010730783,5868998,eclipsing_binary
1591.289899120589,1.0069684,0.010738223,5868998,eclipsing_binary
1591.2912879902608,0.98790026,0.010775111,5868998,eclipsing_binary
1591.2926768599334,1.0053091,0.010729897,5868998,eclipsing_binary
1591.2940657291404,1.0116707,0.010750912,5868998,eclipsing_binary
1591.2954545988125,0.9875992,0.010711524,5868998,eclipsing_binary
1591.2968434684842,0.980962,0.010705781,5868998,eclipsing_binary
1591.2982323381564,0.97988933,0.010747635,5868998,eclipsing_binary
1591.299621207829,1.0014122,0.010719222,5868998,eclipsing_binary
1591.301010077036,0.9982734,0.010727712,5868998,eclipsing_binary
1591.3023989467072,0.99213034,0.010720998,5868998,eclipsing_binary
1591.3037878163784,1.0134476,0.010748212,5868998,eclipsing_binary
1591.3051766860501,0.99364007,0.010755768,5868998,eclipsing_binary
1591.3065655557223,0.97987777,0.010708726,5868998,eclipsing_binary
1591.3079544249292,1.0126061,0.010765109,5868998,eclipsing_binary
1591.3093432946016,1.0104177,0.0107545825,5868998,eclipsing_binary
1591.3107321642735,1.019251,0.010758201,5868998,eclipsing_binary
1591.3121210339452,0.9973871,0.010738205,5868998,eclipsing_binary
1591.3135099031517,0.9954279,0.010730511,5868998,eclipsing_binary
1591.3148987728243,1.0032744,0.010749725,5868998,eclipsing_binary
1591.316287642497,0.9895377,0.010721768,5868998,eclipsing_binary
1591.3176765121686,1.0154817,0.01078069,5868998,eclipsing_binary
1591.3190653813751,1.013838,0.010781724,5868998,eclipsing_binary
1591.3204542510464,1.014941,0.010774731,5868998,eclipsing_binary
1591.3218431207176,1.0091786,0.010736324,5868998,eclipsing_binary
1591.3232319899246,0.9968365,0.010726972,5868998,eclipsing_binary
1591.3246208595972,1.0046055,0.010757412,5868998,eclipsing_binary
1591.326009729269,0.98546416,0.010706066,5868998,eclipsing_binary
1591.3273985984754,1.0146744,0.010761976,5868998,eclipsing_binary
1591.328787468147,1.001264,0.010725839,5868998,eclipsing_binary
1591.3301763378197,0.9961429,0.010731834,5868998,eclipsing_binary
1591.3315652070266,1.000179,0.010735344,5868998,eclipsing_binary
1591.3329540766983,0.98711735,0.010711185,5868998,eclipsing_binary
1591.3343429459048,0.9974501,0.0107264845,5868998,eclipsing_binary
1591.3357318155765,1.0016221,0.010723028,5868998,eclipsing_binary
1591.3371206852487,0.99828637,0.0107544875,5868998,eclipsing_binary
1591.3385095544547,0.9981665,0.010720364,5868998,eclipsing_binary
1591.3398984241269,0.9803435,0.010707122,5868998,eclipsing_binary
1591.341287293333,1.0066006,0.010734945,5868998,eclipsing_binary
1591.342676163005,1.027512,0.010774227,5868998,eclipsing_binary
1591.3440650326768,0.97227365,0.010692021,5868998,eclipsing_binary
1591.3454539018837,1.0068612,0.010736786,5868998,eclipsing_binary
1591.3468427715563,0.98854965,0.010703599,5868998,eclipsing_binary
1591.3482316407626,0.99273163,0.010759945,5868998,eclipsing_binary
1591.3496205104345,1.0024678,0.010744591,5868998,eclipsing_binary
1591.3510093796406,1.0066669,0.010739282,5868998,eclipsing_binary
1591.3523982493127,0.99610865,0.010725198,5868998,eclipsing_binary
1591.3537871185197,0.9949161,0.010766679,5868998,eclipsing_binary
1591.3551759881923,0.98877174,0.010708362,5868998,eclipsing_binary
1591.3565648573979,1.0126092,0.010762606,5868998,eclipsing_binary
1591.3579537270691,0.99208623,0.010712598,5868998,eclipsing_binary
1591.3593425962752,0.9879653,0.010714284,5868998,eclipsing_binary
1591.3607314659478,0.9962261,0.010718083,5868998,eclipsing_binary
1591.3621203351547,1.0047545,0.010730218,5868998,eclipsing_binary
1591.3635092048269,0.99876106,0.010738363,5868998,eclipsing_binary
1591.364898074033,0.99116313,0.010727153,5868998,eclipsing_binary
1591.366286943705,0.98433423,0.010727242,5868998,eclipsing_binary
1591.367675812911,1.0133572,0.010746713,5868998,eclipsing_binary
1591.3690646825837,1.0043288,0.010739793,5868998,eclipsing_binary
1591.3704535517907,0.9964449,0.010738489,5868998,eclipsing_binary
1591.3718424209967,1.020358,0.010753543,5868998,eclipsing_binary
1591.3732312906689,0.9886931,0.010719298,5868998,eclipsing_binary
1591.374620159875,1.0003601,0.010736636,5868998,eclipsing_binary
1591.376009029547,0.98788315,0.0107709775,5868998,eclipsing_binary
1591.377397898753,0.99449486,0.010717549,5868998,eclipsing_binary
1591.3787867679596,0.99470603,0.0107324235,5868998,eclipsing_binary
1591.3801756376313,1.0018378,0.010752791,5868998,eclipsing_binary
1591.3815645068378,0.9912551,0.01073347,5868998,eclipsing_binary
1591.3829533760438,1.0099243,0.010741428,5868998,eclipsing_binary
1591.3843422457164,1.0140058,0.0107719675,5868998,eclipsing_binary
1591.3857311149234,1.0182283,0.010753612,5868998,eclipsing_binary
1591.3871199841296,0.9986303,0.010736139,5868998,eclipsing_binary
1591.3885088538016,1.0100445,0.010742193,5868998,eclipsing_binary
1591.3898977230076,1.0063585,0.010734671,5868998,eclipsing_binary
1591.391286592214,1.0026691,0.010740512,5868998,eclipsing_binary
1591.3926754618867,0.99169415,0.010725006,5868998,eclipsing_binary
1591.3940643310927,1.008991,0.010742583,5868998,eclipsing_binary
1591.3954532002983,0.99022704,0.010710623,5868998,eclipsing_binary
1591.3968420699705,0.99681526,0.0107225375,5868998,eclipsing_binary
1591.3982309391765,1.0091668,0.010734336,5868998,eclipsing_binary
1591.3996198083835,0.99105966,0.010721687,5868998,eclipsing_binary
1591.4010086775904,1.000513,0.010721486,5868998,eclipsing_binary
1591.4023975472626,0.99704266,0.01070686,5868998,eclipsing_binary
1591.4037864164686,1.0056703,0.010738833,5868998,eclipsing_binary
1591.405175285675,0.9957385,0.010719434,5868998,eclipsing_binary
1591.4065641548812,0.99093485,0.010720494,5868998,eclipsing_binary
1591.407953024088,0.987333,0.010739262,5868998,eclipsing_binary
1591.4093418937607,0.99053663,0.0107225,5868998,eclipsing_binary
1591.4107307629668,1.0128601,0.010753356,5868998,eclipsing_binary
1591.4121196321723,1.0058633,0.010731931,5868998,eclipsing_binary
1591.413508501378,1.0142454,0.010740314,5868998,eclipsing_binary
1591.4148973705849,0.9917942,0.010720463,5868998,eclipsing_binary
1591.4162862402575,1.000242,0.010734203,5868998,eclipsing_binary
1591.417675109464,0.997532,0.010728007,5868998,eclipsing_binary
1591.41906397867,0.9935532,0.0107467165,5868998,eclipsing_binary
1591.4204528478765,0.9971316,0.0107374145,5868998,eclipsing_binary
1591.4218417170825,0.99344826,0.010748696,5868998,eclipsing_binary
1591.4232305862895,0.9932612,0.010728506,5868998,eclipsing_binary
1591.4246194554964,1.0017328,0.010723356,5868998,eclipsing_binary
1591.4260083251684,1.0123119,0.010742214,5868998,eclipsing_binary
1591.4273971943746,0.99394894,0.010720874,5868998,eclipsing_binary
1591.4287860635807,0.98841107,0.010723858,5868998,eclipsing_binary
1591.4301749327872,0.981805,0.010688537,5868998,eclipsing_binary
1591.4315638019932,1.0072464,0.010734564,5868998,eclipsing_binary
1591.4329526711997,1.0151901,0.010749166,5868998,eclipsing_binary
1591.4343415404057,0.99295604,0.010720849,5868998,eclipsing_binary
1591.4357304096122,0.99081165,0.010772776,5868998,eclipsing_binary
1591.4371192788183,1.0031341,0.010734376,5868998,eclipsing_binary
1591.4385081480252,0.9944212,0.010723854,5868998,eclipsing_binary
1591.4398970172322,0.99282527,0.010723808,5868998,eclipsing_binary
1591.4412858864387,1.0053196,0.010730331,5868998,eclipsing_binary
1591.4426747556447,0.9977794,0.0107228095,5868998,eclipsing_binary
1591.4440636248512,1.0027966,0.010778661,5868998,eclipsing_binary
1591.4454524940581,0.9992992,0.010733958,5868998,eclipsing_binary
1591.4468413632649,1.007626,0.010764122,5868998,eclipsing_binary
1591.4482302324702,0.9914711,0.010714466,5868998,eclipsing_binary
1591.4496191016758,0.9991495,0.0107167475,5868998,eclipsing_binary
1591.4510079708823,1.0046896,0.0107461745,5868998,eclipsing_binary
1591.4523968400883,1.0116465,0.010754036,5868998,eclipsing_binary
1591.4537857092953,0.98524183,0.010716357,5868998,eclipsing_binary
1591.4551745785022,1.0017753,0.010730816,5868998,eclipsing_binary
1591.4565634477087,0.9900671,0.010726327,5868998,eclipsing_binary
1591.4579523169148,0.98145497,0.01070753,5868998,eclipsing_binary
1591.4593411861213,1.0375296,0.010782991,5868998,eclipsing_binary
1591.4607300553282,0.98314154,0.010696216,5868998,eclipsing_binary
1591.4621189245352,1.0017656,0.010740732,5868998,eclipsing_binary
1591.4635077937412,0.9960053,0.010723898,5868998,eclipsing_binary
1591.4648966629475,1.0320375,0.010796678,5868998,eclipsing_binary
1591.4662855321528,0.9989652,0.010723919,5868998,eclipsing_binary
1591.4676744008927,1.0069529,0.010764269,5868998,eclipsing_binary
1591.4690632700997,0.99719656,0.010723526,5868998,eclipsing_binary
1591.4704521393066,0.98047954,0.010694184,5868998,eclipsing_binary
1591.4718410085131,0.9930084,0.010725169,5868998,eclipsing_binary
1591.4732298777192,0.9926881,0.010718597,5868998,eclipsing_binary
1591.4746187469257,1.0008438,0.010734002,5868998,eclipsing_binary
1591.4760076161326,1.017341,0.010749959,5868998,eclipsing_binary
1591.477396484874,1.003348,0.0107345255,5868998,eclipsing_binary
1591.47878535408,1.0049522,0.010742661,5868998,eclipsing_binary
1591.4801742232864,0.9903646,0.01074679,5868998,eclipsing_binary
1591.4815630924925,0.9762259,0.010678948,5868998,eclipsing_binary
1591.482951961699,1.0029066,0.010736202,5868998,eclipsing_binary
1591.4843408304394,1.0009141,0.01074497,5868998,eclipsing_binary
1591.4857296996454,0.98394996,0.010701673,5868998,eclipsing_binary
1591.4871185688519,1.0043218,0.010733338,5868998,eclipsing_binary
1591.488507438058,1.0010492,0.010740486,5868998,eclipsing_binary
1591.4898963072644,0.9850111,0.010703279,5868998,eclipsing_binary
1591.4912851760057,0.98188514,0.010700173,5868998,eclipsing_binary
1591.4926740452127,0.97338533,0.010700762,5868998,eclipsing_binary
1591.4940629144187,1.0067229,0.010774785,5868998,eclipsing_binary
1591.4954517831595,0.9864119,0.010707938,5868998,eclipsing_binary
1591.4968406523656,1.0120327,0.010741925,5868998,eclipsing_binary
1591.498229521572,1.0035677,0.010725275,5868998,eclipsing_binary
1591.499618390779,0.9798747,0.0107037565,5868998,eclipsing_binary
1591.5010072595203,0.98387206,0.010710957,5868998,eclipsing_binary
1591.5023961287259,1.0018637,0.010728213,5868998,eclipsing_binary
1591.5037849979312,1.0093652,0.010746162,5868998,eclipsing_binary
1591.5051738666718,1.0068278,0.010733493,5868998,eclipsing_binary
1591.5065627358788,1.0092614,0.0107447915,5868998,eclipsing_binary
1591.5079516050857,0.9994829,0.010739191,5868998,eclipsing_binary
1591.5093404738261,1.0134563,0.010810216,5868998,eclipsing_binary
1591.5107293430326,1.0066313,0.010761435,5868998,eclipsing_binary
1591.5121182122386,1.012707,0.01075967,5868998,eclipsing_binary
1591.5135070809795,0.9967347,0.010730691,5868998,eclipsing_binary
1591.5148959501864,1.0011158,0.010744944,5868998,eclipsing_binary
1591.5162848193934,0.99470395,0.010726671,5868998,eclipsing_binary
1591.5176736881338,0.99984336,0.010728855,5868998,eclipsing_binary
1591.5190625573402,0.9912496,0.010735106,5868998,eclipsing_binary
1591.5204514260802,0.9944224,0.010716749,5868998,eclipsing_binary
1591.5218402952862,0.9871561,0.0107123675,5868998,eclipsing_binary
1591.5232291640275,0.96683073,0.01067812,5868998,eclipsing_binary
1591.5246180332335,0.9876464,0.010707509,5868998,eclipsing_binary
1591.52600690244,0.97867113,0.010700872,5868998,eclipsing_binary
1591.5273957711804,0.9782783,0.01069343,5868998,eclipsing_binary
1591.528784640387,0.96634316,0.010697014,5868998,eclipsing_binary
1591.5301735091282,0.9592713,0.010669285,5868998,eclipsing_binary
1591.5315623783351,0.9777916,0.010733584,5868998,eclipsing_binary
1591.5329512470755,0.9492066,0.010649398,5868998,eclipsing_binary
1591.534340116282,0.93542856,0.010625919,5868998,eclipsing_binary
1591.5357289850224,0.9636599,0.01068215,5868998,eclipsing_binary
1591.5371178542289,0.94630885,0.010652947,5868998,eclipsing_binary
1591.5385067229693,0.9437519,0.010647461,5868998,eclipsing_binary
1591.5398955921758,0.9414409,0.010627518,5868998,eclipsing_binary
1591.5412844609161,0.95482624,0.010658917,5868998,eclipsing_binary
1591.5426733301224,0.94310844,0.010644898,5868998,eclipsing_binary
1591.544062198863,0.9376143,0.01062893,5868998,eclipsing_binary
1591.54545106807,0.93948317,0.010622549,5868998,eclipsing_binary
1591.5468399368112,0.95393294,0.010654627,5868998,eclipsing_binary
1591.5482288055516,0.95811826,0.010655898,5868998,eclipsing_binary
1591.549617674758,0.95128894,0.01065314,5868998,eclipsing_binary
1591.5510065434985,0.96582335,0.010673362,5868998,eclipsing_binary
1591.552395412705,0.9636603,0.0106575005,5868998,eclipsing_binary
1591.5537842814463,0.97584254,0.010678138,5868998,eclipsing_binary
1591.5551731506523,0.97429836,0.010691732,5868998,eclipsing_binary
1591.5565620193922,0.9696522,0.010687414,5868998,eclipsing_binary
1591.557950888133,0.9687589,0.010671973,5868998,eclipsing_binary
1591.559339757339,0.97506744,0.010686037,5868998,eclipsing_binary
1591.5607286260804,0.9772824,0.010699114,5868998,eclipsing_binary
1591.5621174948217,0.9925343,0.010727721,5868998,eclipsing_binary
1591.5635063640277,0.98223716,0.010714467,5868998,eclipsing_binary
1591.5648952327685,1.0138158,0.010769573,5868998,eclipsing_binary
1591.566284101509,0.9930444,0.010720389,5868998,eclipsing_binary
1591.5676729707154,0.9857738,0.010697172,5868998,eclipsing_binary
1591.5690618394567,1.0039144,0.010727303,5868998,eclipsing_binary
1591.570450708198,0.98633707,0.010704583,5868998,eclipsing_binary
1591.571839577404,0.99654377,0.010720639,5868998,eclipsing_binary
1591.573228446144,1.0117347,0.0107386,5868998,eclipsing_binary
1591.5746173148839,0.99449414,0.010723202,5868998,eclipsing_binary
1591.5760061840908,0.9956343,0.010728453,5868998,eclipsing_binary
1591.5773950528321,0.99022657,0.010726648,5868998,eclipsing_binary
1591.578783921573,0.995058,0.01072858,5868998,eclipsing_binary
1591.5801727903133,1.0051876,0.010740174,5868998,eclipsing_binary
1591.5815616595196,0.9925213,0.010718635,5868998,eclipsing_binary
1591.5829505282602,1.0093112,0.010738579,5868998,eclipsing_binary
1591.5843393970015,0.9989188,0.010741068,5868998,eclipsing_binary
1591.5857282657428,0.9898918,0.01071016,5868998,eclipsing_binary
1591.5871171349488,0.9906155,0.010726177,5868998,eclipsing_binary
1591.5885060036896,1.0081826,0.010757563,5868998,eclipsing_binary
1591.58989487243,0.99729514,0.0107226325,5868998,eclipsing_binary
1591.5912837411709,0.9840173,0.010707317,5868998,eclipsing_binary
1591.5926726099112,1.0044874,0.010734633,5868998,eclipsing_binary
1591.5940614791177,0.99957776,0.010732091,5868998,eclipsing_binary
1591.595450347858,0.9914311,0.010708359,5868998,eclipsing_binary
1591.596839216599,1.0073742,0.010742373,5868998,eclipsing_binary
1591.5982280853393,1.0063951,0.01073524,5868998,eclipsing_binary
1591.5996169540806,1.0064821,0.010785344,5868998,eclipsing_binary
1591.601005822822,1.0010527,0.010724938,5868998,eclipsing_binary
1591.6023946915623,0.9647398,0.010681787,5868998,eclipsing_binary
1591.6037835607688,1.020739,0.010756614,5868998,eclipsing_binary
1591.6051724295091,1.0165434,0.010750761,5868998,eclipsing_binary
1591.6065612982504,1.0038964,0.010728799,5868998,eclipsing_binary
1591.6079501669917,1.0127481,0.010735902,5868998,eclipsing_binary
1591.6093390357316,0.9938091,0.010718862,5868998,eclipsing_binary
1591.6107279044716,1.0144657,0.01073643,5868998,eclipsing_binary
1591.6121167732124,0.99714977,0.010716226,5868998,eclipsing_binary
1591.6135056419528,0.98988974,0.010712396,5868998,eclipsing_binary
1591.614894510694,0.99959266,0.010744413,5868998,eclipsing_binary
1591.6162833794353,0.989197,0.010724225,5868998,eclipsing_binary
1591.6176722481762,0.9818804,0.010689262,5868998,eclipsing_binary
1591.6190611169166,0.9993541,0.010718905,5868998,eclipsing_binary
1591.6204499856572,0.9993947,0.010749938,5868998,eclipsing_binary
1591.6218388543982,0.9851439,0.010707243,5868998,eclipsing_binary
1591.6232277231395,0.9997622,0.010733172,5868998,eclipsing_binary
1591.6246165918803,1.000836,0.010729649,5868998,eclipsing_binary
1591.6260054606207,1.0061568,0.010745258,5868998,eclipsing_binary
1591.6273943293606,0.99374706,0.010727341,5868998,eclipsing_binary
1591.6287831981006,1.007588,0.010741158,5868998,eclipsing_binary
1591.6301720668419,0.99426067,0.01072548,5868998,eclipsing_binary
1591.6315609355831,0.9909766,0.010714108,5868998,eclipsing_binary
1591.632949804324,0.9860867,0.010716151,5868998,eclipsing_binary
1591.6343386730643,0.9914657,0.010718941,5868998,eclipsing_binary
1591.6357275418052,0.99169564,0.010717716,5868998,eclipsing_binary
1591.6371164105465,0.9930875,0.010722895,5868998,eclipsing_binary
1591.6385052792878,0.999421,0.010735522,5868998,eclipsing_binary
1591.6398941480281,0.9974507,0.010737394,5868998,eclipsing_binary
1591.6412830167685,0.9841049,0.010695715,5868998,eclipsing_binary
1591.6426718855093,0.99943167,0.01072338,5868998,eclipsing_binary
1591.6440607542497,0.99168944,0.010735155,5868998,eclipsing_binary
1591.6454496229906,1.0119104,0.0107613,5868998,eclipsing_binary
1591.6468384912653,1.0032414,0.010746015,5868998,eclipsing_binary
1591.648227360006,0.9961536,0.010723494,5868998,eclipsing_binary
1591.6496162287465,1.0041332,0.010730843,5868998,eclipsing_binary
1591.6510050974873,0.98852384,0.010719315,5868998,eclipsing_binary
1591.6523939662286,1.003569,0.010738586,5868998,eclipsing_binary
1591.65378283497,0.980418,0.010711504,5868998,eclipsing_binary
1591.6551717037103,0.99940515,0.010741071,5868998,eclipsing_binary
1591.6565605719854,1.0076056,0.010746111,5868998,eclipsing_binary
1591.6579494407258,1.0115956,0.01074058,5868998,eclipsing_binary
1591.6593383094664,0.9950113,0.010718734,5868998,eclipsing_binary
1591.6607271782075,1.0101225,0.010735845,5868998,eclipsing_binary
1591.6621160469488,0.9831876,0.010700133,5868998,eclipsing_binary
1591.663504915223,1.0125128,0.010733507,5868998,eclipsing_binary
1591.664893783963,1.0012298,0.010737326,5868998,eclipsing_binary
1591.6662826527038,1.0166953,0.010746366,5868998,eclipsing_binary
1591.667671521445,0.99662906,0.010733471,5868998,eclipsing_binary
1591.6690603901864,0.9998035,0.01072383,5868998,eclipsing_binary
1591.670449258461,0.9809254,0.01069795,5868998,eclipsing_binary
1591.671838127202,0.9995529,0.010739148,5868998,eclipsing_binary
1591.6732269959423,1.0051558,0.010739782,5868998,eclipsing_binary
1591.6746158642175,0.9967092,0.010716344,5868998,eclipsing_binary
1591.6760047329587,0.9913647,0.010733026,5868998,eclipsing_binary
1591.6773936017,1.0183269,0.010757213,5868998,eclipsing_binary
1591.6787824704404,0.99253356,0.010720447,5868998,eclipsing_binary
1591.6801713387147,0.99680024,0.010715132,5868998,eclipsing_binary
1591.6815602074546,1.0097766,0.010748858,5868998,eclipsing_binary
1591.6829490761959,0.9959032,0.010713264,5868998,eclipsing_binary
1591.6843379444715,1.0052471,0.010752398,5868998,eclipsing_binary
1591.6857268132119,1.0141263,0.010755624,5868998,eclipsing_binary
1591.6871156819527,0.98446506,0.010696496,5868998,eclipsing_binary
1591.6885045502274,0.98352385,0.010695028,5868998,eclipsing_binary
1591.6898934189683,0.9925058,0.01073066,5868998,eclipsing_binary
1591.6912822877096,1.008539,0.010731114,5868998,eclipsing_binary
1591.6926711559852,1.0160396,0.010755893,5868998,eclipsing_binary
1591.6940600247256,1.0012504,0.010726402,5868998,eclipsing_binary
1591.6954488930007,0.9983752,0.010735643,5868998,eclipsing_binary
1591.696837761741,0.99813455,0.010717127,5868998,eclipsing_binary
1591.698226630481,0.995234,0.010716795,5868998,eclipsing_binary
1591.6996154987557,1.0135643,0.010748736,5868998,eclipsing_binary
1591.701004367497,0.98233443,0.01071655,5868998,eclipsing_binary
1591.7023932357722,0.99623114,0.010719686,5868998,eclipsing_binary
1591.7037821045126,1.0098642,0.010740526,5868998,eclipsing_binary
1591.7051709727878,1.0088555,0.010736254,5868998,eclipsing_binary
1591.706559841529,1.0022699,0.010733145,5868998,eclipsing_binary
1591.7079487098047,0.99285924,0.010696232,5868998,eclipsing_binary
1591.709337578545,1.0065614,0.0107382275,5868998,eclipsing_binary
1591.7107264472859,0.9865974,0.010714311,5868998,eclipsing_binary
1591.7121153155606,1.0013725,0.010723003,5868998,eclipsing_binary
1591.7135041843014,1.0074859,0.010727049,5868998,eclipsing_binary
1591.714893052577,1.0059927,0.010735715,5868998,eclipsing_binary
1591.7162819213174,1.0043317,0.010742163,5868998,eclipsing_binary
1591.7176707895917,0.99754995,0.010717493,5868998,eclipsing_binary
1591.7190596578664,1.0171161,0.010758138,5868998,eclipsing_binary
1591.7204485266072,0.9936558,0.010726509,5868998,eclipsing_binary
1591.7218373948829,1.0047388,0.010734638,5868998,eclipsing_binary
1591.7232262636242,0.99977756,0.010720824,5868998,eclipsing_binary
1591.7246151318989,0.9958173,0.010722062,5868998,eclipsing_binary
1591.7260040006397,0.9910449,0.010715639,5868998,eclipsing_binary
1591.7273928689144,1.0001335,0.010711868,5868998,eclipsing_binary
1591.7287817376553,1.0152564,0.010747848,5868998,eclipsing_binary
1591.7301706059309,1.0157832,0.010756968,5868998,eclipsing_binary
1591.7315594742065,1.0051789,0.010741805,5868998,eclipsing_binary
1591.7329483429469,1.0036699,0.010751411,5868998,eclipsing_binary
1591.7343372112211,0.99142957,0.01071201,5868998,eclipsing_binary
1591.735726079961,0.99201983,0.010766254,5868998,eclipsing_binary
1591.7371149482367,1.0088507,0.010744339,5868998,eclipsing_binary
1591.7385038165123,0.9933498,0.010717325,5868998,eclipsing_binary
1591.7398926852527,1.0001944,0.010725525,5868998,eclipsing_binary
1591.7412815535279,0.9949787,0.010734034,5868998,eclipsing_binary
1591.7426704218026,1.0113412,0.010734305,5868998,eclipsing_binary
1591.7440592905434,0.9980076,0.010712356,5868998,eclipsing_binary
1591.745448158819,0.98540014,0.010700692,5868998,eclipsing_binary
1591.7468370270947,0.9875885,0.010733129,5868998,eclipsing_binary
1591.748225895835,1.0131192,0.010745141,5868998,eclipsing_binary
1591.7496147641102,0.9964551,0.010721184,5868998,eclipsing_binary
1591.7510036323845,1.0028956,0.0107203005,5868998,eclipsing_binary
1591.7523925006592,1.0067625,0.010745058,5868998,eclipsing_binary
1591.7537813694005,1.0073217,0.0107287625,5868998,eclipsing_binary
1591.7551702376757,0.9888941,0.010708719,5868998,eclipsing_binary
1591.7565591059504,1.0018873,0.010736016,5868998,eclipsing_binary
1591.757947974225,0.9940198,0.01073093,5868998,eclipsing_binary
1591.759336842966,1.0094738,0.010739486,5868998,eclipsing_binary
1591.7607257112415,1.0096121,0.0107407635,5868998,eclipsing_binary
1591.7621145795172,1.0113864,0.010770282,5868998,eclipsing_binary
1591.763503447792,1.0229095,0.010756614,5868998,eclipsing_binary
1591.7648923165327,1.0217205,0.01078217,5868998,eclipsing_binary
1591.7662811848074,1.0010195,0.010726555,5868998,eclipsing_binary
1591.767670053083,1.0024467,0.010721228,5868998,eclipsing_binary
1591.7690589213582,0.99819475,0.010723595,5868998,eclipsing_binary
1591.7704477896325,1.0066999,0.010728424,5868998,eclipsing_binary
1591.7718366583729,1.0154569,0.0107576735,5868998,eclipsing_binary
1591.773225526648,1.0039666,0.010726829,5868998,eclipsing_binary
1591.7746143949228,1.009711,0.010726066,5868998,eclipsing_binary
1591.7760032631984,0.9872835,0.010703556,5868998,eclipsing_binary
1591.777392131474,1.0016882,0.010722451,5868998,eclipsing_binary
1591.7787809997487,0.99866194,0.010715198,5868998,eclipsing_binary
1591.780169868024,1.002008,0.010726515,5868998,eclipsing_binary
1591.7815587367643,0.992961,0.010728263,5868998,eclipsing_binary
1591.78294760504,0.99406123,0.010714335,5868998,eclipsing_binary
1591.7843364733155,1.0008082,0.0107361255,5868998,eclipsing_binary
1591.7857253415907,0.98701835,0.010722924,5868998,eclipsing_binary
1591.787114209865,1.019025,0.010760168,5868998,eclipsing_binary
1591.7885030781392,1.0035005,0.010729016,5868998,eclipsing_binary
1591.789891946414,1.0120384,0.010745466,5868998,eclipsing_binary
1591.7912808146896,0.9985228,0.010733255,5868998,eclipsing_binary
1591.7926696829652,0.9831761,0.010736638,5868998,eclipsing_binary
1591.7940585512404,1.0027475,0.01075908,5868998,eclipsing_binary
1591.795447419515,1.0152012,0.010744478,5868998,eclipsing_binary
1591.7968362877898,1.0034138,0.0107257115,5868998,eclipsing_binary
1591.7982251560654,0.98823655,0.010753348,5868998,eclipsing_binary
1591.799614024341,1.0114837,0.010736358,5868998,eclipsing_binary
1591.8010028926162,0.9990122,0.010716679,5868998,eclipsing_binary
1591.802391760891,1.0079832,0.010731439,5868998,eclipsing_binary
1591.803780629166,1.0011879,0.010720618,5868998,eclipsing_binary
1591.8051694974404,1.0174198,0.010744974,5868998,eclipsing_binary
1591.806558365715,0.9845324,0.010745891,5868998,eclipsing_binary
1591.8079472339907,0.99792963,0.010715271,5868998,eclipsing_binary
1591.809336102266,1.0018427,0.010764902,5868998,eclipsing_binary
1591.8107249705406,0.99125946,0.010713457,5868998,eclipsing_binary
1591.8121138388158,1.0199331,0.010744364,5868998,eclipsing_binary
1591.8135027070914,1.0067136,0.010727683,5868998,eclipsing_binary
1591.8148915753668,1.0096847,0.010724539,5868998,eclipsing_binary
1591.8162804436417,1.0078138,0.010723234,5868998,eclipsing_binary
1591.8176693119165,0.99134743,0.010720813,5868998,eclipsing_binary
1591.8190581801916,0.9986961,0.010731616,5868998,eclipsing_binary
1591.8204470484663,0.99495864,0.01071514,5868998,eclipsing_binary
1591.8218359162759,1.0003128,0.010734865,5868998,eclipsing_binary
1591.8232247845506,0.99747473,0.010722277,5868998,eclipsing_binary
1591.8246136528257,0.99001926,0.010718036,5868998,eclipsing_binary
1591.8260025211005,0.9881984,0.010705047,5868998,eclipsing_binary
1591.8273913893756,0.98947614,0.010707868,5868998,eclipsing_binary
1591.8287802576513,1.0185885,0.010750398,5868998,eclipsing_binary
1591.830169125927,1.0013674,0.010728731,5868998,eclipsing_binary
1591.831557993736,1.0124084,0.01076524,5868998,eclipsing_binary
1591.832946862011,0.98919576,0.010714887,5868998,eclipsing_binary
1591.8343357302858,1.0027921,0.010717571,5868998,eclipsing_binary
1591.8357245985605,0.99905765,0.010723171,5868998,eclipsing_binary
1591.8371134668362,0.99622643,0.0107232295,5868998,eclipsing_binary
1591.8385023346461,0.9970585,0.0107187955,5868998,eclipsing_binary
1591.8398912029204,1.0067614,0.010745912,5868998,eclipsing_binary
1591.8412800711947,1.0008905,0.010759333,5868998,eclipsing_binary
1591.8426689394698,1.0005354,0.010727569,5868998,eclipsing_binary
1591.844057807279,1.0064287,0.01073778,5868998,eclipsing_binary
1591.8454466755545,1.0072067,0.010727395,5868998,eclipsing_binary
1591.8468355438301,0.99014616,0.010710181,5868998,eclipsing_binary
1591.8482244121053,1.0112073,0.010739267,5868998,eclipsing_binary
1591.8496132799144,1.0119772,0.010747545,5868998,eclipsing_binary
1591.8510021481895,0.9952827,0.010708871,5868998,eclipsing_binary
1591.8523910164652,0.9986158,0.010724337,5868998,eclipsing_binary
1591.8537798847406,0.99151367,0.0107270535,5868998,eclipsing_binary
1591.8551687525498,1.0008339,0.010722259,5868998,eclipsing_binary
1591.8565576208246,1.0001899,0.010734785,5868998,eclipsing_binary
1591.8579464890988,0.9881667,0.010712612,5868998,eclipsing_binary
1591.8593353569074,0.9987564,0.010718304,5868998,eclipsing_binary
1591.860724225183,0.98143756,0.010708827,5868998,eclipsing_binary
1591.8621130934587,1.0167311,0.010738061,5868998,eclipsing_binary
1591.8635019612682,1.0074096,0.010731125,5868998,eclipsing_binary
1591.864890829543,0.9892263,0.010704464,5868998,eclipsing_binary
1591.8662796973524,0.9992604,0.010710551,5868998,eclipsing_binary
1591.867668565628,0.9998184,0.010726391,5868998,eclipsing_binary
1591.8690574339037,1.0084672,0.010756413,5868998,eclipsing_binary
1591.8704463017127,0.99985766,0.0107289255,5868998,eclipsing_binary
1591.871835169988,1.0098702,0.010735099,5868998,eclipsing_binary
1591.873224037797,1.0094967,0.010748927,5868998,eclipsing_binary
1591.8746129060712,1.0062567,0.010730666,5868998,eclipsing_binary
1591.876001774346,0.99443996,0.010730139,5868998,eclipsing_binary
1591.877390642156,1.0149382,0.010745827,5868998,eclipsing_binary
1591.878779510431,1.0067343,0.010731308,5868998,eclipsing_binary
1591.8801683782401,1.0109543,0.01073524,5868998,eclipsing_binary
1591.8815572465153,1.0087953,0.010742328,5868998,eclipsing_binary
1591.8829461143253,0.99533266,0.010718654,5868998,eclipsing_binary
1591.8843349826009,0.99751496,0.010711075,5868998,eclipsing_binary
1591.88572385041,1.0051819,0.010719678,5868998,eclipsing_binary
1591.887112718685,1.0019836,0.010735542,5868998,eclipsing_binary
1591.8885015864942,1.0038608,0.010723972,5868998,eclipsing_binary
1591.8898904547693,0.9949345,0.010712508,5868998,eclipsing_binary
1591.8912793225793,1.0103122,0.010730535,5868998,eclipsing_binary
1591.892668190854,1.0010267,0.0107286135,5868998,eclipsing_binary
1591.8940570586626,1.0040729,0.010736107,5868998,eclipsing_binary
1591.8954459269373,0.99942887,0.010725689,5868998,eclipsing_binary
1591.8968347947468,1.0010517,0.01073008,5868998,eclipsing_binary
1591.8982236630225,0.99524313,0.01070587,5868998,eclipsing_binary
1591.8996125308324,1.0113198,0.010747635,5868998,eclipsing_binary
1591.9010013991071,1.0115224,0.010753131,5868998,eclipsing_binary
1591.9023902669167,1.0110066,0.010736573,5868998,eclipsing_binary
1591.9037791347257,0.9932456,0.010703375,5868998,eclipsing_binary
1591.9051680030009,1.0162784,0.010759096,5868998,eclipsing_binary
1591.9065568708108,0.9995069,0.010733999,5868998,eclipsing_binary
1591.9079457390865,1.0071068,0.010744523,5868998,eclipsing_binary
1591.909334606895,0.9940038,0.0107351085,5868998,eclipsing_binary
1591.9107234747034,0.98719037,0.010754843,5868998,eclipsing_binary
1591.9121123429784,0.98550546,0.010698834,5868998,eclipsing_binary
1591.9135012107884,0.98862076,0.010715,5868998,eclipsing_binary
1591.9148900785983,0.99501,0.010710894,5868998,eclipsing_binary
1591.916278946873,1.0036862,0.010729761,5868998,eclipsing_binary
1591.9176678146825,0.9910169,0.010705259,5868998,eclipsing_binary
1591.9190566824916,0.99243516,0.010712991,5868998,eclipsing_binary
1591.9204455507668,0.98866475,0.010707997,5868998,eclipsing_binary
1591.9218344185767,1.009458,0.01073862,5868998,eclipsing_binary
1591.9232232863867,1.0063928,0.010723497,5868998,eclipsing_binary
1591.9246121546614,1.0039916,0.010721234,5868998,eclipsing_binary
1591.926001022471,1.0228817,0.010738618,5868998,eclipsing_binary
1591.9273898902795,1.0007526,0.010720283,5868998,eclipsing_binary
1591.9287787580886,1.0085195,0.0107349595,5868998,eclipsing_binary
1591.9301676263642,1.0002623,0.010715782,5868998,eclipsing_binary
1591.9315564941735,1.0034585,0.010737586,5868998,eclipsing_binary
1591.9329453619828,1.0009977,0.010728128,5868998,eclipsing_binary
1591.9343342297918,0.99761575,0.010707297,5868998,eclipsing_binary
1591.935723098067,0.9775255,0.010682898,5868998,eclipsing_binary
1591.937111965877,1.0181383,0.0107563585,5868998,eclipsing_binary
1591.938500833687,0.9968317,0.010706551,5868998,eclipsing_binary
1591.939889701496,1.013106,0.010734013,5868998,eclipsing_binary
1591.9412785693055,1.0110512,0.010765668,5868998,eclipsing_binary
1591.9426674375802,0.9984041,0.010715001,5868998,eclipsing_binary
1591.9440563053902,1.0039198,0.01073885,5868998,eclipsing_binary
1591.9454451731997,0.9935896,0.010715493,5868998,eclipsing_binary
1591.9468340410083,0.9891067,0.010704644,5868998,eclipsing_binary
1591.9482229088173,1.0129216,0.010749389,5868998,eclipsing_binary
1591.9496117766266,0.98720175,0.010705925,5868998,eclipsing_binary
1591.9510006449016,0.9979104,0.010717431,5868998,eclipsing_binary
1591.9523895127115,1.0081366,0.0107429745,5868998,eclipsing_binary
1591.9537783805215,1.0098065,0.010734322,5868998,eclipsing_binary
1591.9551672483306,0.9907587,0.010700069,5868998,eclipsing_binary
1591.95655611614,1.0144458,0.010744908,5868998,eclipsing_binary
1591.9579449839491,0.99412906,0.010709491,5868998,eclipsing_binary
1591.959333851759,1.0100687,0.010732705,5868998,eclipsing_binary
1591.960722719569,1.012884,0.010757214,5868998,eclipsing_binary
1591.9621115873776,1.0005456,0.010716522,5868998,eclipsing_binary
1591.9635004551862,1.0065807,0.010732002,5868998,eclipsing_binary
1591.9648893234614,1.0097212,0.010724952,5868998,eclipsing_binary
1591.9662781912705,1.0021925,0.01072541,5868998,eclipsing_binary
1591.9676670590804,0.99266344,0.010708541,5868998,eclipsing_binary
1591.9690559268904,1.0106041,0.010741709,5868998,eclipsing_binary
1591.9704447946997,0.99496394,0.010720231,5868998,eclipsing_binary
1591.971833662509,0.988361,0.010713258,5868998,eclipsing_binary
1591.973222530318,1.0210619,0.01074561,5868998,eclipsing_binary
1591.974611398128,0.9972185,0.010720298,5868998,eclipsing_binary
1591.976000265938,1.0031334,0.010727669,5868998,eclipsing_binary
1591.9773891337475,0.9912271,0.010723621,5868998,eclipsing_binary
1591.9787780015565,0.9956282,0.010708287,5868998,eclipsing_binary
1591.9801668693651,1.0068426,0.010721682,5868998,eclipsing_binary
1591.9815557371737,0.9927897,0.010707932,5868998,eclipsing_binary
1591.982944604518,0.99754715,0.01071992,5868998,eclipsing_binary
1591.984333472328,0.99963325,0.010709807,5868998,eclipsing_binary
1591.9857223401375,1.0113853,0.010731561,5868998,eclipsing_binary
1591.9871112079466,0.99496835,0.010714157,5868998,eclipsing_binary
1591.9885000757558,0.9982396,0.010725445,5868998,eclipsing_binary
1591.9898889435656,0.97762597,0.010699102,5868998,eclipsing_binary
1591.9912778113755,1.0090438,0.010736597,5868998,eclipsing_binary
1591.992666679185,0.999247,0.010712481,5868998,eclipsing_binary
1591.994055546994,0.9967571,0.010735921,5868998,eclipsing_binary
1591.9954444148036,1.0131371,0.0107446555,5868998,eclipsing_binary
1591.9968332826122,0.99158233,0.010715728,5868998,eclipsing_binary
1591.9982221499556,1.0014668,0.010733631,5868998,eclipsing_binary
1591.9996110177656,1.0104378,0.010764093,5868998,eclipsing_binary
1592.000999885575,1.0018878,0.010736277,5868998,eclipsing_binary
1592.0023887533841,1.0006396,0.010716399,5868998,eclipsing_binary
1592.0037776211936,1.0106376,0.010737536,5868998,eclipsing_binary
1592.0051664890027,0.9925858,0.010697533,5868998,eclipsing_binary
1592.006555356347,1.0080336,0.010723156,5868998,eclipsing_binary
1592.007944224157,1.0091907,0.010731068,5868998,eclipsing_binary
1592.0093330919663,1.0153073,0.010738867,5868998,eclipsing_binary
1592.0107219597755,1.0077548,0.010743285,5868998,eclipsing_binary
1592.0121108275846,1.003328,0.010740042,5868998,eclipsing_binary
1592.013499694929,0.99916947,0.010706989,5868998,eclipsing_binary
1592.0148885627384,1.0006423,0.0107268635,5868998,eclipsing_binary
1592.016277430547,1.0117538,0.010745633,5868998,eclipsing_binary
1592.017666298356,0.9866759,0.010698136,5868998,eclipsing_binary
1592.0190551657,0.99223405,0.010701663,5868998,eclipsing_binary
1592.020444033509,1.0017124,0.0107276235,5868998,eclipsing_binary
1592.021832901319,0.9938583,0.010721579,5868998,eclipsing_binary
1592.023221769129,0.9930722,0.010711271,5868998,eclipsing_binary
1592.0246106364727,0.9982167,0.010714258,5868998,eclipsing_binary
1592.0259995042818,0.99609303,0.010718156,5868998,eclipsing_binary
1592.027388372091,1.0067786,0.010725538,5868998,eclipsing_binary
1592.0287772394352,1.0105212,0.010765615,5868998,eclipsing_binary
1592.0301661072451,1.0131667,0.010747272,5868998,eclipsing_binary
1592.0315549750537,1.0160937,0.010763909,5868998,eclipsing_binary
1592.0329438423967,0.99528104,0.010724135,5868998,eclipsing_binary
1592.0343327102062,1.0172309,0.010780304,5868998,eclipsing_binary
1592.0357215780152,1.0153525,0.010752245,5868998,eclipsing_binary
1592.0371104453595,1.0137209,0.010771295,5868998,eclipsing_binary
1592.0384993131695,1.0064976,0.010751206,5868998,eclipsing_binary
1592.0398881805133,0.98502105,0.010706612,5868998,eclipsing_binary
1592.0412770483224,1.0052665,0.010736485,5868998,eclipsing_binary
1592.042665916132,1.0088003,0.010784087,5868998,eclipsing_binary
1592.0440547834762,1.0201955,0.010748951,5868998,eclipsing_binary
1592.0454436512862,0.99566877,0.010709178,5868998,eclipsing_binary
1592.0468325186296,0.9931214,0.010699224,5868998,eclipsing_binary
1592.0482213864389,1.0066855,0.010734234,5868998,eclipsing_binary
1592.0496102542472,1.0013112,0.010723006,5868998,eclipsing_binary
1592.0509991215902,1.0027658,0.010717112,5868998,eclipsing_binary
1592.0523879894001,0.9992449,0.010721638,5868998,eclipsing_binary
1592.0537768567444,1.0172696,0.010760805,5868998,eclipsing_binary
1592.055165724554,1.0153999,0.010745864,5868998,eclipsing_binary
1592.0565545918973,0.99881995,0.01072721,5868998,eclipsing_binary
1592.0579434597068,0.98967785,0.010711961,5868998,eclipsing_binary
1592.0593323270512,1.0171678,0.010771694,5868998,eclipsing_binary
1592.0607211948611,1.0127132,0.010744845,5868998,eclipsing_binary
1592.0621100622045,1.0184529,0.010754024,5868998,eclipsing_binary
1592.063498930014,1.0145638,0.010739646,5868998,eclipsing_binary
1592.0648877973574,0.9937009,0.010703562,5868998,eclipsing_binary
1592.066276665166,1.0066532,0.010732386,5868998,eclipsing_binary
1592.0676655325094,0.9804331,0.010689459,5868998,eclipsing_binary
1592.0690543998537,0.99079615,0.010704898,5868998,eclipsing_binary
1592.0704432676632,1.0105137,0.010743246,5868998,eclipsing_binary
1592.0718321350066,1.0042684,0.010758378,5868998,eclipsing_binary
1592.0732210028161,0.98532397,0.010703735,5868998,eclipsing_binary
1592.0746098701604,0.99279886,0.01069936,5868998,eclipsing_binary
1592.0759987379704,0.9904362,0.010730229,5868998,eclipsing_binary
1592.0773876053138,0.994178,0.010756732,5868998,eclipsing_binary
1592.0787764726576,0.99281365,0.01070434,5868998,eclipsing_binary
1592.0801653404667,0.99518216,0.010711662,5868998,eclipsing_binary
1592.0815542078105,0.98836696,0.01069704,5868998,eclipsing_binary
1592.0829430751548,1.0002292,0.010728439,5868998,eclipsing_binary
1592.084331942964,1.0043523,0.0107415235,5868998,eclipsing_binary
1592.0857208103068,0.9982683,0.0107145915,5868998,eclipsing_binary
1592.087109678116,1.0248328,0.010777391,5868998,eclipsing_binary
1592.0884985454597,0.97775537,0.010693034,5868998,eclipsing_binary
1592.089887412804,0.9987877,0.010718329,5868998,eclipsing_binary
1592.0912762801483,0.98894763,0.010705786,5868998,eclipsing_binary
1592.0926651479574,1.0027925,0.01071885,5868998,eclipsing_binary
1592.0940540153013,1.0143957,0.010748055,5868998,eclipsing_binary
1592.0954428826446,1.007492,0.010730792,5868998,eclipsing_binary
1592.0968317504542,0.99825764,0.010720464,5868998,eclipsing_binary
1592.0982206177985,1.0173978,0.010742103,5868998,eclipsing_binary
1592.0996094851428,1.0049351,0.01073723,5868998,eclipsing_binary
1592.1009983524857,1.0094731,0.010727928,5868998,eclipsing_binary
1592.1023872202943,0.9929795,0.010722103,5868998,eclipsing_binary
1592.1037760876377,1.0228844,0.010760002,5868998,eclipsing_binary
1592.105164954982,0.99202794,0.0107162595,5868998,eclipsing_binary
1592.1065538223263,0.9981693,0.010729774,5868998,eclipsing_binary
1592.1079426901354,1.0097839,0.010747849,5868998,eclipsing_binary
1592.1093315574792,0.99456185,0.010705832,5868998,eclipsing_binary
1592.1107204248226,1.0117239,0.010743997,5868998,eclipsing_binary
1592.1121092921665,0.991125,0.010713951,5868998,eclipsing_binary
1592.1134981595108,0.9965898,0.010719386,5868998,eclipsing_binary
1592.1148870273207,1.0005418,0.01071251,5868998,eclipsing_binary
1592.116275894664,1.0152847,0.0107367225,5868998,eclipsing_binary
1592.117664762007,0.9925527,0.010702919,5868998,eclipsing_binary
1592.11905362935,0.9782039,0.010690411,5868998,eclipsing_binary
1592.1204424966943,0.991721,0.010716443,5868998,eclipsing_binary
1592.1218313640386,0.99062324,0.010715164,5868998,eclipsing_binary
1592.1232202313824,1.0007161,0.010727501,5868998,eclipsing_binary
1592.1246090991915,1.0039617,0.010724686,5868998,eclipsing_binary
1592.125997966535,0.9966368,0.010714067,5868998,eclipsing_binary
1592.1273868338787,0.9850327,0.010693122,5868998,eclipsing_binary
1592.128775701223,1.0114977,0.010730547,5868998,eclipsing_binary
1592.1301645685674,1.0118238,0.010734433,5868998,eclipsing_binary
1592.1315534359107,1.0080619,0.010733422,5868998,eclipsing_binary
1592.1329423032546,1.014698,0.010738411,5868998,eclipsing_binary
1592.134331170598,1.0141785,0.0107432995,5868998,eclipsing_binary
1592.1357200379418,1.0108516,0.010744186,5868998,eclipsing_binary
1592.1371089052852,0.99680096,0.010718176,5868998,eclipsing_binary
1592.138497772629,1.0225394,0.010759517,5868998,eclipsing_binary
1592.1398866399725,1.0019022,0.010734401,5868998,eclipsing_binary
1592.1412755073163,1.0143757,0.010742725,5868998,eclipsing_binary
1592.1426643746597,1.0041085,0.0107352445,5868998,eclipsing_binary
1592.144053242004,1.0220896,0.010761828,5868998,eclipsing_binary
1592.1454421093483,1.0037278,0.010736298,5868998,eclipsing_binary
1592.1468309766917,1.0070258,0.010742485,5868998,eclipsing_binary
1592.1482198440356,1.004341,0.0107200015,5868998,eclipsing_binary
1592.149608711379,0.9973058,0.01070743,5868998,eclipsing_binary
1592.1509975787228,1.0077513,0.010740145,5868998,eclipsing_binary
1592.1523864460662,0.9854486,0.01071168,5868998,eclipsing_binary
1592.15377531341,0.99945384,0.010712381,5868998,eclipsing_binary
1592.1551641807534,0.99791175,0.0107077565,5868998,eclipsing_binary
1592.1565530480973,0.9820599,0.010700037,5868998,eclipsing_binary
1592.1579419154407,0.989288,0.010707608,5868998,eclipsing_binary
1592.159330782785,0.9852232,0.010689537,5868998,eclipsing_binary
1592.1607196501293,0.96111166,0.010659504,5868998,eclipsing_binary
1592.1621085174731,0.9637521,0.010678655,5868998,eclipsing_binary
1592.1634973843509,0.9480351,0.010640039,5868998,eclipsing_binary
1592.1648862516943,0.9626627,0.010680926,5868998,eclipsing_binary
1592.1662751190381,0.97099775,0.010695371,5868998,eclipsing_binary
1592.1676639863824,0.9714494,0.010668496,5868998,eclipsing_binary
1592.1690528537267,0.95858175,0.010633535,5868998,eclipsing_binary
1592.1704417210697,0.96927464,0.010674998,5868998,eclipsing_binary
1592.1718305884126,0.9594703,0.0106688915,5868998,eclipsing_binary
1592.1732194552903,0.95602304,0.010657598,5868998,eclipsing_binary
1592.1843303935764,0.9508345,0.010649168,5868998,eclipsing_binary
1592.185719260454,0.95713776,0.010664585,5868998,eclipsing_binary
1592.187108127797,0.9621793,0.010668772,5868998,eclipsing_binary
1592.18849699514,0.97445005,0.010680494,5868998,eclipsing_binary
1592.1898858624843,0.9549497,0.010645479,5868998,eclipsing_binary
1592.191274729363,0.9686161,0.01066906,5868998,eclipsing_binary
1592.1926635967068,0.9639961,0.010691388,5868998,eclipsing_binary
1592.1940524640502,0.9755548,0.010681196,5868998,eclipsing_binary
1592.1954413309284,0.977401,0.010700298,5868998,eclipsing_binary
1592.1968301982718,1.0039402,0.01073412,5868998,eclipsing_binary
1592.198219065616,0.9860617,0.010702253,5868998,eclipsing_binary
1592.1996079324947,1.0133615,0.010768588,5868998,eclipsing_binary
1592.2009967998385,1.0100735,0.010718755,5868998,eclipsing_binary
1592.202385667182,0.9920659,0.010714616,5868998,eclipsing_binary
1592.2037745340592,0.9998849,0.0107184965,5868998,eclipsing_binary
1592.2051634014026,1.0063844,0.010720436,5868998,eclipsing_binary
1592.206552268747,1.0258814,0.010763321,5868998,eclipsing_binary
1592.207941135625,1.0073507,0.010739956,5868998,eclipsing_binary
1592.2093300029685,0.99435127,0.010725116,5868998,eclipsing_binary
1592.2107188698467,1.0102135,0.010740616,5868998,eclipsing_binary
1592.21210773719,1.0023447,0.010731748,5868998,eclipsing_binary
1592.2134966045344,0.9999403,0.010739572,5868998,eclipsing_binary
1592.214885471413,1.0044006,0.010721657,5868998,eclipsing_binary
1592.2162743387569,1.0149193,0.010737694,5868998,eclipsing_binary
1592.2176632056346,1.0085759,0.010766203,5868998,eclipsing_binary
1592.2190520729785,1.014517,0.010803908,5868998,eclipsing_binary
1592.220440939857,1.0081099,0.010723637,5868998,eclipsing_binary
1592.2218298072005,1.0020522,0.010737718,5868998,eclipsing_binary
1592.2232186745434,1.0116075,0.010742388,5868998,eclipsing_binary
1592.2246075414212,1.0045106,0.010726845,5868998,eclipsing_binary
1592.225996408765,1.0178288,0.010770104,5868998,eclipsing_binary
1592.2273852756427,0.9864066,0.010719031,5868998,eclipsing_binary
1592.228774142987,1.0118695,0.010738615,5868998,eclipsing_binary
1592.2301630098657,0.9933253,0.010721657,5868998,eclipsing_binary
1592.2315518772095,1.0102767,0.010735804,5868998,eclipsing_binary
1592.2329407440873,1.0039871,0.010740981,5868998,eclipsing_binary
1592.2343296109655,1.0019617,0.010747739,5868998,eclipsing_binary
1592.2357184783098,0.99449617,0.010718388,5868998,eclipsing_binary
1592.2371073451884,0.9953112,0.010700251,5868998,eclipsing_binary
1592.2384962125313,1.022038,0.010749347,5868998,eclipsing_binary
1592.2398850794084,0.9883623,0.010706179,5868998,eclipsing_binary
1592.241273946752,0.99256784,0.010706452,5868998,eclipsing_binary
1592.2426628136297,1.0088791,0.010729549,5868998,eclipsing_binary
1592.2440516805084,1.0000439,0.010726232,5868998,eclipsing_binary
1592.2454405478527,1.0098214,0.010726565,5868998,eclipsing_binary
1592.2468294147309,0.98443246,0.010696303,5868998,eclipsing_binary
1592.2482182820743,1.0052494,0.010716502,5868998,eclipsing_binary
1592.2496071489525,1.0213505,0.010747206,5868998,eclipsing_binary
1592.250996015831,1.0045052,0.010744728,5868998,eclipsing_binary
1592.2523848831754,0.993431,0.0107144965,5868998,eclipsing_binary
1592.2537737500531,1.0219079,0.010745393,5868998,eclipsing_binary
1592.2551626169304,1.0055281,0.010725677,5868998,eclipsing_binary
1592.2565514842734,1.0026382,0.010719107,5868998,eclipsing_binary
1592.2579403511515,1.0024965,0.010723064,5868998,eclipsing_binary
1592.2593292180302,0.99999017,0.0107253585,5868998,eclipsing_binary
1592.2607180853743,1.0035626,0.010718907,5868998,eclipsing_binary
1592.2621069522522,0.99909085,0.010709071,5868998,eclipsing_binary
1592.26349581913,0.99898976,0.010766694,5868998,eclipsing_binary
1592.2648846860081,0.9987328,0.010710632,5868998,eclipsing_binary
1592.2662735533524,1.0090492,0.010753668,5868998,eclipsing_binary
1592.267662420231,1.0210122,0.010757741,5868998,eclipsing_binary
1592.2690512871088,0.98952013,0.010717408,5868998,eclipsing_binary
1592.270440153987,1.0089102,0.010723533,5868998,eclipsing_binary
1592.2718290213304,0.9954647,0.010718499,5868998,eclipsing_binary
1592.2732178882077,0.99735886,0.010725143,5868998,eclipsing_binary
1592.2746067550859,1.0071212,0.010726241,5868998,eclipsing_binary
1592.2759956219645,1.01009,0.010732462,5868998,eclipsing_binary
1592.2773844888422,1.0014566,0.010723124,5868998,eclipsing_binary
1592.278773356186,0.99531543,0.010721539,5868998,eclipsing_binary
1592.2801622230638,1.0055039,0.010774371,5868998,eclipsing_binary
1592.2815510899425,1.00137,0.010705086,5868998,eclipsing_binary
1592.282939956821,1.0115186,0.010740624,5868998,eclipsing_binary
1592.2843288236988,0.9942844,0.010712818,5868998,eclipsing_binary
1592.2857176910427,0.98451877,0.010708392,5868998,eclipsing_binary
1592.2871065579204,1.0069652,0.010762456,5868998,eclipsing_binary
1592.2884954247986,1.0028186,0.010726633,5868998,eclipsing_binary
1592.2898842916763,0.97124153,0.010701304,5868998,eclipsing_binary
1592.2912731585545,0.99546844,0.010724826,5868998,eclipsing_binary
1592.2926620254323,0.99706316,0.010724803,5868998,eclipsing_binary
1592.2940508923105,0.98994136,0.01071053,5868998,eclipsing_binary
1592.2954397591882,0.9986651,0.010703922,5868998,eclipsing_binary
1592.2968286260668,1.0039158,0.010721807,5868998,eclipsing_binary
1592.2982174929455,0.9960535,0.010710575,5868998,eclipsing_binary
1592.299606360289,1.0096543,0.010732546,5868998,eclipsing_binary
1592.300995227167,1.0105355,0.010736217,5868998,eclipsing_binary
1592.3023840940448,1.0037485,0.010723913,5868998,eclipsing_binary
1592.303772960923,0.99738216,0.010737875,5868998,eclipsing_binary
1592.3051618278016,0.99262697,0.0107185235,5868998,eclipsing_binary
1592.3065506946793,1.0001123,0.010730308,5868998,eclipsing_binary
1592.3079395615566,1.0085241,0.010733696,5868998,eclipsing_binary
1592.3093284284348,1.0120592,0.01075743,5868998,eclipsing_binary
1592.3107172953125,0.9997069,0.010713075,5868998,eclipsing_binary
1592.3121061621907,1.0283289,0.010763069,5868998,eclipsing_binary
1592.3134950290694,1.0070751,0.010717001,5868998,eclipsing_binary
1592.314883895948,1.0154783,0.010753008,5868998,eclipsing_binary
1592.3162727628257,1.0023035,0.010729508,5868998,eclipsing_binary
1592.317661629704,1.0013403,0.010721031,5868998,eclipsing_binary
1592.3190504965817,0.9955835,0.010711819,5868998,eclipsing_binary
1592.3204393629946,0.9930222,0.010743695,5868998,eclipsing_binary
1592.3218282298733,0.9999581,0.010736171,5868998,eclipsing_binary
1592.3232170967506,1.0077251,0.010745538,5868998,eclipsing_binary
1592.3246059636278,1.0082707,0.010736469,5868998,eclipsing_binary
1592.3259948305056,0.9965649,0.010714723,5868998,eclipsing_binary
1592.3273836973838,1.0025333,0.010734745,5868998,eclipsing_binary
1592.3287725642624,1.0043766,0.0107237045,5868998,eclipsing_binary
1592.330161431141,0.9881227,0.010703875,5868998,eclipsing_binary
1592.3315502980188,0.9949424,0.010733482,5868998,eclipsing_binary
1592.332939164897,0.99586284,0.010721846,5868998,eclipsing_binary
1592.334328031309,0.9986182,0.010707543,5868998,eclipsing_binary
1592.3357168981877,0.9863384,0.010704756,5868998,eclipsing_binary
1592.3371057650663,0.99394876,0.010711559,5868998,eclipsing_binary
1592.3384946319443,0.9997147,0.010719106,5868998,eclipsing_binary
1592.3398834988222,0.9804107,0.010691013,5868998,eclipsing_binary
1592.3412723656995,1.0095062,0.010747602,5868998,eclipsing_binary
1592.3426612321111,1.0106922,0.010765319,5868998,eclipsing_binary
1592.3440500989898,1.0091261,0.010742686,5868998,eclipsing_binary
1592.3454389658684,0.98863506,0.010709587,5868998,eclipsing_binary
1592.3468278327462,1.0214847,0.010756617,5868998,eclipsing_binary
1592.3482166991587,1.0052441,0.0107107945,5868998,eclipsing_binary
1592.3496055660364,0.9948045,0.010706614,5868998,eclipsing_binary
1592.350994432915,0.9966896,0.0106999185,5868998,eclipsing_binary
1592.3523832997937,1.0126277,0.01074432,5868998,eclipsing_binary
1592.3537721662062,0.9970229,0.010727741,5868998,eclipsing_binary
1592.355161033084,1.0020124,0.010715968,5868998,eclipsing_binary
1592.3565498999621,1.0116173,0.01074028,5868998,eclipsing_binary
1592.3579387668392,1.0102227,0.010732913,5868998,eclipsing_binary
1592.3593276332515,0.982665,0.010693849,5868998,eclipsing_binary
1592.3607165001301,1.001527,0.01071065,5868998,eclipsing_binary
1592.3621053670079,1.0050297,0.01073629,5868998,eclipsing_binary
1592.3634942334204,1.0017427,0.010721364,5868998,eclipsing_binary
1592.3648831002981,1.0058547,0.010717764,5868998,eclipsing_binary
1592.3662719671768,1.0074577,0.010742232,5868998,eclipsing_binary
1592.3676608335898,1.0106187,0.010745101,5868998,eclipsing_binary
1592.369049700468,1.0029279,0.010747564,5868998,eclipsing_binary
1592.3704385673457,0.99239,0.0107055325,5868998,eclipsing_binary
1592.3718274337582,1.0250921,0.010744687,5868998,eclipsing_binary
1592.373216300636,0.98215175,0.010708782,5868998,eclipsing_binary
1592.3746051670485,1.0141342,0.010724527,5868998,eclipsing_binary
1592.3759940339262,1.0206826,0.01075726,5868998,eclipsing_binary
1592.377382900804,1.0123438,0.010792086,5868998,eclipsing_binary
1592.3787717672164,0.9986312,0.010715649,5868998,eclipsing_binary
1592.3801606340942,1.0218546,0.010740111,5868998,eclipsing_binary
1592.3815495005072,0.9997387,0.010715646,5868998,eclipsing_binary
1592.3829383673858,1.0098599,0.010746539,5868998,eclipsing_binary
1592.3843272337983,1.0000031,0.0107252635,5868998,eclipsing_binary
1592.385716100676,1.0025145,0.010720048,5868998,eclipsing_binary
1592.3871049670886,1.007247,0.010728413,5868998,eclipsing_binary
1592.3884938339663,0.99740344,0.010718464,5868998,eclipsing_binary
1592.389882700845,1.0041083,0.010716384,5868998,eclipsing_binary
1592.3912715672575,1.0146277,0.010727672,5868998,eclipsing_binary
1592.3926604341348,1.0106491,0.010754192,5868998,eclipsing_binary
1592.3940493005468,0.9993802,0.010718891,5868998,eclipsing_binary
1592.3954381669591,1.008084,0.010740836,5868998,eclipsing_binary
1592.3968270338376,1.0042713,0.010722326,5868998,eclipsing_binary
1592.3982159002505,0.9952632,0.0107179815,5868998,eclipsing_binary
1592.3996047671287,0.9977021,0.0107157435,5868998,eclipsing_binary
1592.4009936335408,1.0020157,0.010723747,5868998,eclipsing_binary
1592.402382500419,0.98977685,0.010707259,5868998,eclipsing_binary
1592.403771366831,0.99705464,0.01070612,5868998,eclipsing_binary
1592.4051602337097,1.0084391,0.01072747,5868998,eclipsing_binary
1592.4065491001227,1.0070884,0.010718197,5868998,eclipsing_binary
1592.4079379665343,1.0078884,0.010728033,5868998,eclipsing_binary
1592.4093268334116,0.9952875,0.010723573,5868998,eclipsing_binary
1592.410715699824,1.0092713,0.0107333185,5868998,eclipsing_binary
1592.4121045667027,0.9901414,0.010721792,5868998,eclipsing_binary
1592.4134934331157,1.009279,0.010742883,5868998,eclipsing_binary
1592.4148822995278,1.0101506,0.01073896,5868998,eclipsing_binary
1592.4162711664055,0.9917138,0.010699091,5868998,eclipsing_binary
1592.417660032818,1.0016385,0.010712494,5868998,eclipsing_binary
1592.4190488992301,1.0055163,0.010757819,5868998,eclipsing_binary
1592.4204377661088,1.0094112,0.010745945,5868998,eclipsing_binary
1592.4218266325217,0.9779611,0.010714873,5868998,eclipsing_binary
1592.4232154989343,0.9973348,0.0107624,5868998,eclipsing_binary
1592.424604365812,0.9851272,0.010724982,5868998,eclipsing_binary
1592.4259932322236,1.005263,0.010734778,5868998,eclipsing_binary
1592.4273820986361,0.9924475,0.010708283,5868998,eclipsing_binary
1592.4287709650491,1.0238465,0.010779257,5868998,eclipsing_binary
1592.4301598319269,0.9956009,0.010726168,5868998,eclipsing_binary
1592.4315486983394,1.0004958,0.010702104,5868998,eclipsing_binary
1592.4329375647515,1.009084,0.0107271075,5868998,eclipsing_binary
1592.4343264311638,1.0185615,0.010750209,5868998,eclipsing_binary
1592.4357152980422,0.99003446,0.01070093,5868998,eclipsing_binary
1592.4371041644551,1.0040677,0.010709103,5868998,eclipsing_binary
1592.4384930308677,1.0009937,0.010731062,5868998,eclipsing_binary
1592.4398818972797,0.9911881,0.010707294,5868998,eclipsing_binary
1592.4412707636923,1.0009236,0.010725017,5868998,eclipsing_binary
1592.44265963057,1.007469,0.010723932,5868998,eclipsing_binary
1592.4454373633946,1.0019196,0.010714894,5868998,eclipsing_binary
1592.4468262298071,0.99683595,0.010710992,5868998,eclipsing_binary
1592.4482150962192,0.9931214,0.010689436,5868998,eclipsing_binary
1592.4496039626317,0.98240167,0.010690579,5868998,eclipsing_binary
1592.4509928295104,1.0044501,0.010737827,5868998,eclipsing_binary
1592.4523816959233,0.9993696,0.010769871,5868998,eclipsing_binary
1592.4537705623354,1.0100522,0.010726036,5868998,eclipsing_binary
1592.4551594287475,0.9817609,0.010690059,5868998,eclipsing_binary
1592.45654829516,1.0013915,0.010735659,5868998,eclipsing_binary
1592.457937161572,0.9929294,0.010702485,5868998,eclipsing_binary
1592.4593260279846,1.0049248,0.010725022,5868998,eclipsing_binary
1592.4607148943967,1.0012734,0.010713393,5868998,eclipsing_binary
1592.4621037608092,0.9889852,0.010709697,5868998,eclipsing_binary
1592.4634926272213,0.99862087,0.01071968,5868998,eclipsing_binary
1592.4648814936338,1.0007093,0.010712547,5868998,eclipsing_binary
1592.4662703605125,0.9950464,0.010718785,5868998,eclipsing_binary
1592.4676592269254,1.0187783,0.01073379,5868998,eclipsing_binary
1592.4690480933375,1.0094502,0.010722114,5868998,eclipsing_binary
1592.47043695975,0.9985505,0.010722174,5868998,eclipsing_binary
1592.471825826162,1.006813,0.010724565,5868998,eclipsing_binary
1592.4732146925744,0.9996871,0.010749457,5868998,eclipsing_binary
1592.4746035589872,1.0118337,0.010728499,5868998,eclipsing_binary
1592.4759924253997,1.0049611,0.010746009,5868998,eclipsing_binary
1592.4773812918113,1.0202255,0.0107363835,5868998,eclipsing_binary
1592.4787701577577,1.0159013,0.010735083,5868998,eclipsing_binary
1592.4801590241702,0.9908617,0.010713523,5868998,eclipsing_binary
1592.4815478905832,0.9876842,0.010712844,5868998,eclipsing_binary
1592.4829367569962,0.9969408,0.010723484,5868998,eclipsing_binary
1592.4843256234083,0.9954332,0.010711391,5868998,eclipsing_binary
1592.4857144898208,1.001431,0.010725908,5868998,eclipsing_binary
1592.4871033562329,1.0012141,0.01071655,5868998,eclipsing_binary
1592.4884922226454,0.99350417,0.010702742,5868998,eclipsing_binary
1592.4898810890584,0.9904918,0.010720901,5868998,eclipsing_binary
1592.4912699554714,0.99347544,0.010751114,5868998,eclipsing_binary
1592.4926588218827,0.99348295,0.010696944,5868998,eclipsing_binary
1592.4940476882941,0.9927471,0.010758015,5868998,eclipsing_binary
1592.495436554241,1.0190474,0.01074558,5868998,eclipsing_binary
1592.496825420654,1.0149504,0.010734557,5868998,eclipsing_binary
1592.498214287067,0.992653,0.010715505,5868998,eclipsing_binary
1592.499603153479,1.0045832,0.010719017,5868998,eclipsing_binary
1592.5009920198916,0.9845053,0.010689579,5868998,eclipsing_binary
1592.5023808863036,0.9901389,0.0107116215,5868998,eclipsing_binary
1592.5037697522505,1.0041786,0.010720287,5868998,eclipsing_binary
1592.5051586186635,1.0199745,0.010748306,5868998,eclipsing_binary
1592.5065474850765,1.0128754,0.010733173,5868998,eclipsing_binary
1592.5079363514885,1.017376,0.010740131,5868998,eclipsing_binary
1592.510714083846,0.9953938,0.010715012,5868998,eclipsing_binary
1592.512102950259,1.0159639,0.010725796,5868998,eclipsing_binary
1592.513491816672,0.98889506,0.01070401,5868998,eclipsing_binary
1592.5148806826185,1.0003699,0.010714739,5868998,eclipsing_binary
1592.516269549031,0.9945411,0.010718669,5868998,eclipsing_binary
1592.517658415443,0.99275976,0.010700799,5868998,eclipsing_binary
1592.5190472818556,1.0032916,0.01070155,5868998,eclipsing_binary
1592.520436147803,1.0114367,0.010737252,5868998,eclipsing_binary
1592.521825014216,1.0094752,0.0107732415,5868998,eclipsing_binary
1592.523213880628,0.999853,0.010707807,5868998,eclipsing_binary
1592.5246027465748,1.0100279,0.010762105,5868998,eclipsing_binary
1592.5259916129864,1.0000238,0.010711622,5868998,eclipsing_binary
1592.5273804793985,1.031328,0.010773762,5868998,eclipsing_binary
1592.5287693453458,1.0061499,0.010715571,5868998,eclipsing_binary
1592.5301582117584,1.0162121,0.0107370885,5868998,eclipsing_binary
1592.5315470781704,0.993702,0.010706239,5868998,eclipsing_binary
1592.5329359441168,0.9869178,0.01072521,5868998,eclipsing_binary
1592.5343248105294,0.99844784,0.010721622,5868998,eclipsing_binary
1592.5357136769424,0.9946333,0.010706153,5868998,eclipsing_binary
1592.5371025428897,0.987897,0.010688613,5868998,eclipsing_binary
1592.5384914093017,0.99293566,0.01072628,5868998,eclipsing_binary
1592.5398802752486,0.9992333,0.010716835,5868998,eclipsing_binary
1592.5412691416607,1.0105159,0.010734835,5868998,eclipsing_binary
1592.5426580076075,1.0077438,0.010746061,5868998,eclipsing_binary
1592.5440468740196,1.016052,0.010742591,5868998,eclipsing_binary
1592.5454357404321,0.98596585,0.010696159,5868998,eclipsing_binary
1592.5468246063786,1.018844,0.010751664,5868998,eclipsing_binary
1592.548213472791,1.0079501,0.010725716,5868998,eclipsing_binary
1592.5496023387375,1.0113717,0.010738722,5868998,eclipsing_binary
1592.5509912051505,1.018138,0.010732912,5868998,eclipsing_binary
1592.5523800710978,1.0040418,0.010730947,5868998,eclipsing_binary
1592.5537689375099,1.00342,0.010723854,5868998,eclipsing_binary
1592.5551578034567,0.9998099,0.010712684,5868998,eclipsing_binary
1592.5565466698688,1.0098352,0.010732969,5868998,eclipsing_binary
1592.5579355358161,0.9951778,0.010699984,5868998,eclipsing_binary
1592.559324401763,1.001981,0.010709298,5868998,eclipsing_binary
1592.5607132681746,1.0020169,0.010713678,5868998,eclipsing_binary
1592.562102134121,1.0068401,0.010773726,5868998,eclipsing_binary
1592.5634910005335,0.9934306,0.01075462,5868998,eclipsing_binary
1592.56487986648,1.0070767,0.01073155,5868998,eclipsing_binary
1592.566268732893,1.0076696,0.0107546495,5868998,eclipsing_binary
1592.5676575988402,1.0057963,0.010724188,5868998,eclipsing_binary
1592.569046464787,1.0019436,0.010729886,5868998,eclipsing_binary
1592.5704353311992,1.0171117,0.010739368,5868998,eclipsing_binary
1592.5718241971456,1.0130558,0.010745696,5868998,eclipsing_binary
1592.5732130635586,1.0136365,0.010740408,5868998,eclipsing_binary
1592.574601929506,1.0177274,0.01073737,5868998,eclipsing_binary
1592.5759907954518,0.9970159,0.010709643,5868998,eclipsing_binary
1592.5773796618635,1.0120045,0.010756821,5868998,eclipsing_binary
1592.5787685278103,1.0068678,0.010753123,5868998,eclipsing_binary
1592.5801573937567,1.0075543,0.0107360445,5868998,eclipsing_binary
1592.5815462601697,0.9936151,0.010714278,5868998,eclipsing_binary
1592.582935126117,1.0109361,0.01075097,5868998,eclipsing_binary
1592.584323992064,1.0194767,0.010739825,5868998,eclipsing_binary
1592.585712858476,0.9916261,0.010705772,5868998,eclipsing_binary
1592.5871017244228,0.9989908,0.01072175,5868998,eclipsing_binary
1592.5884905903702,0.9920346,0.010715499,5868998,eclipsing_binary
1592.5898794563172,1.0060995,0.010724458,5868998,eclipsing_binary
1592.5912683227295,0.9992762,0.010709593,5868998,eclipsing_binary
1592.5926571886755,0.9979355,0.010730435,5868998,eclipsing_binary
1592.5940460546215,0.9844109,0.010704464,5868998,eclipsing_binary
1592.5954349205679,1.0058305,0.010724901,5868998,eclipsing_binary
1592.5968237869808,1.0164789,0.010737327,5868998,eclipsing_binary
1592.5982126529282,1.0040135,0.010727157,5868998,eclipsing_binary
1592.599601518875,0.9967903,0.010711122,5868998,eclipsing_binary
1592.6009903848214,1.001079,0.010717807,5868998,eclipsing_binary
1592.6023792507683,0.99283874,0.01069375,5868998,eclipsing_binary
1592.6037681171813,0.9949151,0.010714614,5868998,eclipsing_binary
1592.6051569831286,1.0061524,0.010718841,5868998,eclipsing_binary
1592.606545849075,1.0023861,0.010721142,5868998,eclipsing_binary
1592.6079347150219,1.0143863,0.010749184,5868998,eclipsing_binary
1592.6093235809683,0.9836261,0.010718393,5868998,eclipsing_binary
1592.6107124469142,1.004683,0.0107142115,5868998,eclipsing_binary
1592.6121013128607,1.0018142,0.010732155,5868998,eclipsing_binary
1592.6134901792736,1.0050287,0.010738545,5868998,eclipsing_binary
1592.6148790452205,0.99374187,0.010752956,5868998,eclipsing_binary
1592.616267911167,0.984948,0.010682214,5868998,eclipsing_binary
1592.6176567771138,1.0156677,0.010758707,5868998,eclipsing_binary
1592.6190456430602,0.98768824,0.010709596,5868998,eclipsing_binary
1592.6204345090075,1.0053705,0.010725198,5868998,eclipsing_binary
1592.6218233749548,1.0099516,0.010722825,5868998,eclipsing_binary
1592.6232122409017,1.0216631,0.010757734,5868998,eclipsing_binary
1592.624601106848,0.9822809,0.01069879,5868998,eclipsing_binary
1592.625989972795,1.0142951,0.0107553415,5868998,eclipsing_binary
1592.6273788387414,1.028258,0.010761873,5868998,eclipsing_binary
1592.6287677046878,0.9947105,0.010699967,5868998,eclipsing_binary
1592.6301565706347,1.0077721,0.010733699,5868998,eclipsing_binary
1592.631545436581,1.0013003,0.010703864,5868998,eclipsing_binary
1592.632934302528,1.0102239,0.010733365,5868998,eclipsing_binary
1592.6343231684743,0.9947976,0.010747395,5868998,eclipsing_binary
1592.6357120344217,1.0251452,0.010759113,5868998,eclipsing_binary
1592.637100900369,1.0039526,0.010713564,5868998,eclipsing_binary
1592.6384897663158,1.0084628,0.010723962,5868998,eclipsing_binary
1592.6398786322623,0.9887261,0.01070319,5868998,eclipsing_binary
1592.6412674982091,1.0074587,0.010725487,5868998,eclipsing_binary
1592.6426563641564,1.0195817,0.010740266,5868998,eclipsing_binary
1592.6440452301028,0.994367,0.010751865,5868998,eclipsing_binary
1592.6454340960488,0.99544483,0.010717856,5868998,eclipsing_binary
1592.6468229619954,1.0023645,0.010720897,5868998,eclipsing_binary
1592.648211827942,1.0107191,0.010743263,5868998,eclipsing_binary
1592.6496006934228,0.9967382,0.010715289,5868998,eclipsing_binary
1592.6509895593701,1.026254,0.010762839,5868998,eclipsing_binary
1592.6523784253175,1.009569,0.010753765,5868998,eclipsing_binary
1592.6537672912643,1.0120289,0.0107329115,5868998,eclipsing_binary
1592.6551561572107,1.0050801,0.010744223,5868998,eclipsing_binary
1592.6565450231576,1.0029749,0.010725545,5868998,eclipsing_binary
1592.657933889105,1.0175915,0.010740888,5868998,eclipsing_binary
1592.6593227545857,1.0057704,0.010732246,5868998,eclipsing_binary
1592.6607116205316,1.0082484,0.010737565,5868998,eclipsing_binary
1592.6621004864785,1.0067015,0.01072007,5868998,eclipsing_binary
1592.663489352425,1.0036734,0.01072493,5868998,eclipsing_binary
1592.6648782183718,1.0219235,0.010763675,5868998,eclipsing_binary
1592.6662670838534,1.0232655,0.010748983,5868998,eclipsing_binary
1592.6676559498005,1.0083057,0.010729852,5868998,eclipsing_binary
1592.6690448157472,1.0077873,0.010724798,5868998,eclipsing_binary
1592.6704336816936,1.0140892,0.0107368175,5868998,eclipsing_binary
1592.6718225471748,1.0028821,0.01072879,5868998,eclipsing_binary
1592.673211413122,1.0055857,0.010731694,5868998,eclipsing_binary
1592.6746002790694,0.9908349,0.010699459,5868998,eclipsing_binary
1592.6759891450154,1.0066291,0.010732346,5868998,eclipsing_binary
1592.6773780104957,0.9959772,0.010699382,5868998,eclipsing_binary
1592.678766876442,0.9982843,0.010709808,5868998,eclipsing_binary
1592.680155742389,1.0051405,0.01072715,5868998,eclipsing_binary
1592.6815446078706,0.987266,0.01075418,5868998,eclipsing_binary
1592.682933473818,1.0231173,0.010757216,5868998,eclipsing_binary
1592.6843223397643,1.0026083,0.010727983,5868998,eclipsing_binary
1592.6857112052453,1.0081565,0.010728808,5868998,eclipsing_binary
1592.687100071192,1.0098696,0.010720034,5868998,eclipsing_binary
1592.6884889371393,1.0168842,0.01074547,5868998,eclipsing_binary
1592.689877802621,1.0140487,0.010779515,5868998,eclipsing_binary
1592.6912666685673,0.99544364,0.010701594,5868998,eclipsing_binary
1592.6926555345133,0.99068046,0.01070663,5868998,eclipsing_binary
1592.6940443999936,0.9888918,0.010694947,5868998,eclipsing_binary
1592.6954332659404,1.0051819,0.010775577,5868998,eclipsing_binary
1592.696822131422,1.0046848,0.010761351,5868998,eclipsing_binary
1592.6982109973694,1.0135007,0.010727345,5868998,eclipsing_binary
1592.6995998628502,0.9953856,0.010710191,5868998,eclipsing_binary
1592.700988728797,1.0301869,0.010775205,5868998,eclipsing_binary
1592.7023775947434,0.9849897,0.010675599,5868998,eclipsing_binary
1592.703766460225,1.0134283,0.01072679,5868998,eclipsing_binary
1592.7051553261724,1.0117781,0.010744037,5868998,eclipsing_binary
1592.7065441916534,1.0127566,0.010791523,5868998,eclipsing_binary
1592.7079330576,0.9958861,0.010715737,5868998,eclipsing_binary
1592.7093219230803,0.99720514,0.010729436,5868998,eclipsing_binary
1592.7107107890263,0.9988431,0.010721297,5868998,eclipsing_binary
1592.712099654508,1.0003785,0.010722292,5868998,eclipsing_binary
1592.7134885204553,0.99656564,0.010719264,5868998,eclipsing_binary
1592.714877385936,1.002072,0.01072322,5868998,eclipsing_binary
1592.7162662518829,1.0038478,0.0107147815,5868998,eclipsing_binary
1592.7176551173636,1.0040686,0.010715666,5868998,eclipsing_binary
1592.7190439828453,1.0196099,0.0107453065,5868998,eclipsing_binary
1592.7204328487926,1.0042722,0.010726291,5868998,eclipsing_binary
1592.7218217142738,0.9936702,0.010705573,5868998,eclipsing_binary
1592.7232105802202,1.0074613,0.01073644,5868998,eclipsing_binary
1592.7245994457012,1.0073624,0.010735857,5868998,eclipsing_binary
1592.725988311647,1.0089912,0.01071817,5868998,eclipsing_binary
1592.7273771771281,1.0067918,0.010720406,5868998,eclipsing_binary
1592.7287660426098,1.0013598,0.010727085,5868998,eclipsing_binary
1592.7301549085562,0.99368817,0.010695943,5868998,eclipsing_binary
1592.7315437740374,1.0101533,0.010728445,5868998,eclipsing_binary
1592.7329326395181,1.0036117,0.01072641,5868998,eclipsing_binary
1592.7343215054655,1.003769,0.010734422,5868998,eclipsing_binary
1592.7357103709471,0.99824005,0.010707501,5868998,eclipsing_binary
1592.7370992364283,1.0081391,0.01071926,5868998,eclipsing_binary
1592.7384881023747,1.0017428,0.010721511,5868998,eclipsing_binary
1592.739876967856,1.0114107,0.010787759,5868998,eclipsing_binary
1592.7412658333367,0.99968886,0.010715307,5868998,eclipsing_binary
1592.7426546992835,0.99779576,0.010718898,5868998,eclipsing_binary
1592.7440435647643,1.0069503,0.010726115,5868998,eclipsing_binary
1592.745432430245,1.0177693,0.010752138,5868998,eclipsing_binary
1592.7468212957262,0.99668974,0.0107104415,5868998,eclipsing_binary
1592.7482101616727,1.0088928,0.010729363,5868998,eclipsing_binary
1592.7495990271543,1.007489,0.010737842,5868998,eclipsing_binary
1592.750987892636,1.0102555,0.0107399,5868998,eclipsing_binary
1592.7523767581172,1.0038904,0.010723722,5868998,eclipsing_binary
1592.7537656240636,1.0050018,0.010730833,5868998,eclipsing_binary
1592.7551544895448,1.0036293,0.010694373,5868998,eclipsing_binary
1592.7565433550255,1.0048127,0.010724615,5868998,eclipsing_binary
1592.7579322205072,1.0057365,0.010727787,5868998,eclipsing_binary
1592.7593210859884,1.0083555,0.0107312035,5868998,eclipsing_binary
1592.7607099519344,1.0206163,0.010747303,5868998,eclipsing_binary
1592.762098817415,1.0026683,0.010728777,5868998,eclipsing_binary
1592.7634876828959,1.008761,0.010713891,5868998,eclipsing_binary
1592.764876548377,0.997477,0.010720736,5868998,eclipsing_binary
1592.7662654138587,0.99315715,0.010695278,5868998,eclipsing_binary
1592.7676542793404,0.99958634,0.010708338,5868998,eclipsing_binary
1592.7690431448211,1.0075321,0.010743494,5868998,eclipsing_binary
1592.7704320103023,1.0061756,0.010734484,5868998,eclipsing_binary
1592.7718208762487,1.0107398,0.01074466,5868998,eclipsing_binary
1592.7732097417304,1.0029688,0.01071861,5868998,eclipsing_binary
1592.774598607212,1.0104203,0.010730183,5868998,eclipsing_binary
1592.7759874726923,1.0049381,0.01071015,5868998,eclipsing_binary
1592.7773763381726,0.9849597,0.010706916,5868998,eclipsing_binary
1592.7787652036538,0.9932997,0.010712965,5868998,eclipsing_binary
1592.7801540691346,0.9966855,0.01072239,5868998,eclipsing_binary
1592.7815429346163,1.0106478,0.010730205,5868998,eclipsing_binary
1592.782931800098,1.0150794,0.01074128,5868998,eclipsing_binary
1592.7843206655787,1.0048012,0.0107858665,5868998,eclipsing_binary
1592.7857095310599,1.0103045,0.010741801,5868998,eclipsing_binary
1592.7870983965406,0.9950404,0.010687166,5868998,eclipsing_binary
1592.7884872620223,1.0189914,0.01075504,5868998,eclipsing_binary
1592.789876127504,1.0017985,0.010709415,5868998,eclipsing_binary
1592.7912649929851,0.9865576,0.010675105,5868998,eclipsing_binary
1592.7926538584654,1.0030537,0.010706644,5868998,eclipsing_binary
1592.7940427239457,0.9866245,0.010700673,5868998,eclipsing_binary
1592.7954315894265,0.98574775,0.010704025,5868998,eclipsing_binary
1592.7968204549081,0.98910165,0.010690796,5868998,eclipsing_binary
1592.7982093203898,0.9809424,0.010702714,5868998,eclipsing_binary
1592.799598185871,0.9840895,0.010675848,5868998,eclipsing_binary
1592.8009870513517,0.9739546,0.010658473,5868998,eclipsing_binary
1592.802375916367,0.9734764,0.010662518,5868998,eclipsing_binary
1592.8037647818485,0.95225334,0.010638509,5868998,eclipsing_binary
1592.8051536473301,0.95734787,0.010642565,5868998,eclipsing_binary
1592.8065425128113,0.9625984,0.010654737,5868998,eclipsing_binary
1592.807931378292,0.951486,0.01062972,5868998,eclipsing_binary
1592.8093202437724,0.9566426,0.010692594,5868998,eclipsing_binary
1592.8107091092527,0.9707114,0.01066342,5868998,eclipsing_binary
1592.8120979742687,0.9612088,0.010695698,5868998,eclipsing_binary
1592.8134868397503,0.9536472,0.010621488,5868998,eclipsing_binary
1592.8148757052315,0.95029664,0.01061508,5868998,eclipsing_binary
1592.8162645707123,0.9510501,0.010623004,5868998,eclipsing_binary
1592.8176534361935,0.94897103,0.010634484,5868998,eclipsing_binary
1592.8190423016752,0.95470357,0.010636535,5868998,eclipsing_binary
1592.8204311666912,0.9672053,0.010648637,5868998,eclipsing_binary
1592.821820032172,0.9545287,0.010653239,5868998,eclipsing_binary
1592.8232088976526,0.9542596,0.010630188,5868998,eclipsing_binary
1592.8245977631339,0.9528706,0.010635163,5868998,eclipsing_binary
1592.8259866281485,0.9683512,0.010645237,5868998,eclipsing_binary
1592.8273754936292,0.986272,0.010680524,5868998,eclipsing_binary
1592.828764359111,0.9782636,0.010721606,5868998,eclipsing_binary
1592.830153224592,0.9929271,0.010687834,5868998,eclipsing_binary
1592.8315420896072,0.9834204,0.010687332,5868998,eclipsing_binary
1592.8329309550884,0.99956673,0.010704047,5868998,eclipsing_binary
1592.83431982057,0.98920184,0.01069689,5868998,eclipsing_binary
1592.835708685586,0.9912545,0.010694281,5868998,eclipsing_binary
1592.8370975510668,1.0188549,0.010753181,5868998,eclipsing_binary
1592.838486416548,0.99046767,0.010718105,5868998,eclipsing_binary
1592.839875281563,0.9980528,0.010709888,5868998,eclipsing_binary
1592.8412641470434,1.0068967,0.010740978,5868998,eclipsing_binary
1592.8426530125241,1.0036665,0.010711616,5868998,eclipsing_binary
1592.8440418775401,1.00579,0.010726645,5868998,eclipsing_binary
1592.8454307430213,0.98163414,0.010697485,5868998,eclipsing_binary
1592.8468196080364,1.0000384,0.010713815,5868998,eclipsing_binary
1592.8482084735176,1.0050511,0.010716536,5868998,eclipsing_binary
1592.8495973389993,1.0136563,0.0107309185,5868998,eclipsing_binary
1592.8509862040153,0.9741926,0.010668966,5868998,eclipsing_binary
1592.852375069496,1.0070326,0.010731626,5868998,eclipsing_binary
1592.8537639345116,1.0135975,0.010729841,5868998,eclipsing_binary
1592.8551527999923,1.0083119,0.010728662,5868998,eclipsing_binary
1592.8565416650079,0.9899932,0.0107021015,5868998,eclipsing_binary
1592.8579305304886,1.0058581,0.010723301,5868998,eclipsing_binary
1592.8593193959696,0.98819584,0.010726435,5868998,eclipsing_binary
1592.860708260985,1.0388966,0.0107794935,5868998,eclipsing_binary
1592.8620971264656,0.9955205,0.010711619,5868998,eclipsing_binary
1592.8634859914812,0.9894102,0.010710371,5868998,eclipsing_binary
1592.8648748569628,1.0036538,0.010723282,5868998,eclipsing_binary
1592.8662637219788,0.98582894,0.010709629,5868998,eclipsing_binary
1592.867652586994,1.0012292,0.010712308,5868998,eclipsing_binary
1592.8690414524751,0.99344295,0.010719864,5868998,eclipsing_binary
1592.8704303174902,1.000584,0.010708843,5868998,eclipsing_binary
1592.8718191829714,0.98988223,0.010693757,5868998,eclipsing_binary
1592.8732080479874,0.9986617,0.010730047,5868998,eclipsing_binary
1592.8745969134682,1.0167713,0.010736113,5868998,eclipsing_binary
1592.8759857784828,0.98598665,0.010686638,5868998,eclipsing_binary
1592.877374643964,1.0130186,0.010726156,5868998,eclipsing_binary
1592.878763508979,1.0018153,0.010718298,5868998,eclipsing_binary
1592.880152373995,1.0125448,0.010777684,5868998,eclipsing_binary
1592.8815412394767,1.0069008,0.01071651,5868998,eclipsing_binary
1592.8829301044918,1.0215608,0.010729458,5868998,eclipsing_binary
1592.8843189695074,1.0053986,0.010746348,5868998,eclipsing_binary
1592.8857078349881,1.0111517,0.010728625,5868998,eclipsing_binary
1592.8870967000037,1.0114589,0.01073982,5868998,eclipsing_binary
1592.8884855650197,1.0137637,0.01074408,5868998,eclipsing_binary
1592.8898744305013,1.0223372,0.010749248,5868998,eclipsing_binary
1592.891263295516,1.0136181,0.010746639,5868998,eclipsing_binary
1592.8926521605306,1.005695,0.010716361,5868998,eclipsing_binary
1592.8940410260113,1.0117425,0.010771655,5868998,eclipsing_binary
1592.8954298910273,0.993713,0.010700299,5868998,eclipsing_binary
1592.8968187560433,0.995231,0.0106993,5868998,eclipsing_binary
1592.8982076210586,1.0272667,0.010753155,5868998,eclipsing_binary
1592.8995964865396,1.0121183,0.01074071,5868998,eclipsing_binary
1592.9009853515547,1.0052724,0.010709388,5868998,eclipsing_binary
1592.9023742165703,0.99709475,0.010704856,5868998,eclipsing_binary
1592.9037630815862,0.99815416,0.010713774,5868998,eclipsing_binary
1592.905151947068,1.0071301,0.010742774,5868998,eclipsing_binary
1592.9079296770976,1.0105976,0.010739957,5868998,eclipsing_binary
1592.9093185421123,0.99572957,0.01073877,5868998,eclipsing_binary
1592.9107074071283,0.99739873,0.010711002,5868998,eclipsing_binary
1592.91209627261,1.0058641,0.010725695,5868998,eclipsing_binary
1592.9134851376255,1.0149542,0.010726573,5868998,eclipsing_binary
1592.9148740026405,1.0049942,0.010728048,5868998,eclipsing_binary
1592.916262867656,1.0085027,0.010717622,5868998,eclipsing_binary
1592.9176517326712,0.9962934,0.010700464,5868998,eclipsing_binary
1592.9190405976872,0.99973065,0.010734033,5868998,eclipsing_binary
1592.9204294631688,1.0184721,0.01073666,5868998,eclipsing_binary
1592.921818328184,0.9987112,0.0107300645,5868998,eclipsing_binary
1592.9232071931986,1.0131279,0.010747448,5868998,eclipsing_binary
1592.9245960582132,1.012377,0.010724694,5868998,eclipsing_binary
1592.9259849232287,1.0127648,0.010742101,5868998,eclipsing_binary
1592.9273737882447,0.9917883,0.0107214,5868998,eclipsing_binary
1592.9287626532607,0.9860875,0.0107015,5868998,eclipsing_binary
1592.9301515182758,0.9909218,0.010703638,5868998,eclipsing_binary
1592.9315403832913,1.0255923,0.010744855,5868998,eclipsing_binary
1592.9329292483064,1.0125585,0.010730817,5868998,eclipsing_binary
1592.9343181133224,1.0026293,0.0107171545,5868998,eclipsing_binary
1592.9357069783384,1.0115048,0.010782347,5868998,eclipsing_binary
1592.9370958433537,1.0019206,0.0107277855,5868998,eclipsing_binary
1592.938484708369,0.98778015,0.0106934095,5868998,eclipsing_binary
1592.9398735733837,1.0131334,0.010724127,5868998,eclipsing_binary
1592.9412624383983,1.0162574,0.010731335,5868998,eclipsing_binary
1592.9426513034143,0.98775244,0.010717807,5868998,eclipsing_binary
1592.9440401684303,1.005387,0.010717823,5868998,eclipsing_binary
1592.9454290334454,0.9946572,0.010698115,5868998,eclipsing_binary
1592.946817898461,1.0124441,0.010704073,5868998,eclipsing_binary
1592.948206763476,1.004693,0.01072449,5868998,eclipsing_binary
1592.949595628492,0.99973625,0.010718397,5868998,eclipsing_binary
1592.950984493508,1.00992,0.01075025,5868998,eclipsing_binary
1592.9523733585236,1.0090313,0.0107296435,5868998,eclipsing_binary
1592.9537622235387,0.996535,0.010698491,5868998,eclipsing_binary
1592.9551510885542,0.9931071,0.01074482,5868998,eclipsing_binary
1592.956539953103,1.0043691,0.010718849,5868998,eclipsing_binary
1592.9579288181183,1.0032021,0.01071247,5868998,eclipsing_binary
1592.9593176831343,1.0046363,0.01073187,5868998,eclipsing_binary
1592.9607065481493,0.9953243,0.010715089,5868998,eclipsing_binary
1592.962095413165,1.0021901,0.01074247,5868998,eclipsing_binary
1592.96348427818,1.0062217,0.010783124,5868998,eclipsing_binary
1592.9648731427303,0.9902369,0.01073724,5868998,eclipsing_binary
1592.9662620077463,1.0044204,0.010738245,5868998,eclipsing_binary
1592.9676508727619,1.0045458,0.010731564,5868998,eclipsing_binary
1592.969039737777,0.99489367,0.010708985,5868998,eclipsing_binary
1592.9704286027925,0.9964748,0.010726154,5868998,eclipsing_binary
1592.971817467342,0.9986697,0.010736873,5868998,eclipsing_binary
1592.9732063323574,0.9783308,0.010683482,5868998,eclipsing_binary
1592.9745951973725,0.9912002,0.010718862,5868998,eclipsing_binary
1592.9759840623879,0.99789464,0.010693465,5868998,eclipsing_binary
1592.9773729269375,1.0036345,0.010719791,5868998,eclipsing_binary
1592.9787617919526,0.994596,0.01069919,5868998,eclipsing_binary
1592.9801506569686,0.9927033,0.0107006235,5868998,eclipsing_binary
1592.9815395219846,1.0020641,0.010714463,5868998,eclipsing_binary
1592.9829283865345,1.0146083,0.010753424,5868998,eclipsing_binary
1592.9843172515496,0.9864336,0.010689998,5868998,eclipsing_binary
1592.985706116565,1.0002936,0.01072164,5868998,eclipsing_binary
1592.9870949811145,0.9975971,0.010706381,5868998,eclipsing_binary
1592.98848384613,0.99756074,0.010706667,5868998,eclipsing_binary
1592.9898727111452,0.99517417,0.010718801,5868998,eclipsing_binary
1592.991261575695,1.0002241,0.010708283,5868998,eclipsing_binary
1592.9926504407101,1.0136789,0.010740551,5868998,eclipsing_binary
1592.9940393057254,1.002143,0.010713085,5868998,eclipsing_binary
1592.9954281702755,1.0098389,0.01072482,5868998,eclipsing_binary
1592.9968170352915,1.0051006,0.01074509,5868998,eclipsing_binary
1592.9982058998414,1.0052516,0.010731446,5868998,eclipsing_binary
1592.9995947648565,1.0169044,0.010747613,5868998,eclipsing_binary
1593.000983629872,1.0125936,0.010739758,5868998,eclipsing_binary
1593.0023724944215,1.003012,0.010725373,5868998,eclipsing_binary
1593.0037613594375,1.0241158,0.010741531,5868998,eclipsing_binary
1593.0051502239874,1.0087832,0.010718125,5868998,eclipsing_binary
1593.006539089002,1.003769,0.010735286,5868998,eclipsing_binary
1593.0079279535514,0.9919738,0.010692651,5868998,eclipsing_binary
1593.009316818567,1.0159967,0.010781863,5868998,eclipsing_binary
1593.0107056831173,1.0101824,0.01071859,5868998,eclipsing_binary
1593.0120945481333,0.99365354,0.01068906,5868998,eclipsing_binary
1593.0134834126827,0.9967279,0.010711211,5868998,eclipsing_binary
1593.014872277698,0.99596,0.010711716,5868998,eclipsing_binary
1593.0162611422477,0.98881096,0.010684911,5868998,eclipsing_binary
1593.0176500072628,1.0138149,0.010740394,5868998,eclipsing_binary
1593.019038871813,0.9929624,0.010698491,5868998,eclipsing_binary
1593.020427736829,1.0096914,0.0107438825,5868998,eclipsing_binary
1593.021816601378,0.9931133,0.010703702,5868998,eclipsing_binary
1593.0232054663927,0.9958271,0.010702243,5868998,eclipsing_binary
1593.0245943309426,0.99808764,0.010726039,5868998,eclipsing_binary
1593.025983195493,1.0027237,0.010721487,5868998,eclipsing_binary
1593.027372060509,1.0067455,0.0107190665,5868998,eclipsing_binary
1593.0287609250584,0.9872272,0.010691347,5868998,eclipsing_binary
1593.030149790074,1.0207033,0.010737877,5868998,eclipsing_binary
1593.0315386546233,1.0072788,0.010737846,5868998,eclipsing_binary
1593.032927519173,0.9980284,0.01070281,5868998,eclipsing_binary
1593.0343163841887,1.0070506,0.010712577,5868998,eclipsing_binary
1593.035705248739,0.9946653,0.010711818,5868998,eclipsing_binary
1593.037094113288,1.0082415,0.010720935,5868998,eclipsing_binary
1593.0384829783027,1.0027318,0.0107338615,5868998,eclipsing_binary
1593.0398718428526,1.0187805,0.010725665,5868998,eclipsing_binary
1593.041260707403,0.9998981,0.010740824,5868998,eclipsing_binary
1593.042649572419,0.9990391,0.01072513,5868998,eclipsing_binary
1593.0440384369683,0.9960665,0.010701825,5868998,eclipsing_binary
1593.0454273015182,0.9835676,0.0107037695,5868998,eclipsing_binary
1593.0468161660676,1.0168641,0.010755381,5868998,eclipsing_binary
1593.0482050310832,1.00633,0.010725416,5868998,eclipsing_binary
1593.0495938956335,0.99425036,0.010701247,5868998,eclipsing_binary
1593.0509827601838,1.0002161,0.010716538,5868998,eclipsing_binary
1593.0523716247333,1.0018698,0.010713833,5868998,eclipsing_binary
1593.053760489748,1.011977,0.01072968,5868998,eclipsing_binary
1593.0551493542969,0.9982145,0.010706319,5868998,eclipsing_binary
1593.0565382188472,1.0003684,0.010700232,5868998,eclipsing_binary
1593.0579270833975,1.0037622,0.0107167605,5868998,eclipsing_binary
1593.059315947947,1.0004735,0.010715313,5868998,eclipsing_binary
1593.0607048129625,1.0061135,0.010714362,5868998,eclipsing_binary
1593.062093677512,0.98463637,0.010685656,5868998,eclipsing_binary
1593.0634825420618,0.9920941,0.0107119065,5868998,eclipsing_binary
1593.0648714066122,0.99393404,0.010695261,5868998,eclipsing_binary
1593.0662602711625,1.0156137,0.01073145,5868998,eclipsing_binary
1593.067649135712,0.9956031,0.010716178,5868998,eclipsing_binary
1593.0690380002618,1.0028739,0.010720315,5868998,eclipsing_binary
1593.0704268648105,1.0047728,0.010714236,5868998,eclipsing_binary
1593.071815729825,0.9939763,0.010703595,5868998,eclipsing_binary
1593.0732045943753,0.98794955,0.0107011385,5868998,eclipsing_binary
1593.0745934589256,1.0059485,0.010720418,5868998,eclipsing_binary
1593.0759823234755,1.0023705,0.010719653,5868998,eclipsing_binary
1593.077371188025,1.0047247,0.010731864,5868998,eclipsing_binary
1593.0787600525748,1.0041807,0.0107105095,5868998,eclipsing_binary
1593.0801489171251,1.0093635,0.010726583,5868998,eclipsing_binary
1593.0815377816755,1.0081639,0.010728795,5868998,eclipsing_binary
1593.082926646225,1.0182918,0.010726882,5868998,eclipsing_binary
1593.0843155107748,1.0023429,0.010711433,5868998,eclipsing_binary
1593.0857043753238,1.012125,0.010756801,5868998,eclipsing_binary
1593.0870932398727,0.98360306,0.0106989145,5868998,eclipsing_binary
1593.088482104423,1.011515,0.010739189,5868998,eclipsing_binary
1593.0898709689734,1.0047897,0.010767172,5868998,eclipsing_binary
1593.0912598335228,1.0058115,0.010723182,5868998,eclipsing_binary
1593.0926486980723,0.9935063,0.010695459,5868998,eclipsing_binary
1593.0940375626221,1.0115081,0.0107347425,5868998,eclipsing_binary
1593.0954264271725,1.0111843,0.010737012,5868998,eclipsing_binary
1593.0968152917228,1.0198184,0.0108055025,5868998,eclipsing_binary
1593.0982041562722,1.0003128,0.010723629,5868998,eclipsing_binary
1593.0995930203565,1.0001572,0.010704901,5868998,eclipsing_binary
1593.1009818849059,1.0139863,0.010736209,5868998,eclipsing_binary
1593.1023707494548,1.0142878,0.010747811,5868998,eclipsing_binary
1593.1037596140047,1.002775,0.010726826,5868998,eclipsing_binary
1593.105148478555,0.9969971,0.01070399,5868998,eclipsing_binary
1593.1065373431045,1.0012549,0.010720212,5868998,eclipsing_binary
1593.1079262076544,1.0104679,0.010731212,5868998,eclipsing_binary
1593.1093150722038,0.99882984,0.010708434,5868998,eclipsing_binary
1593.1107039362885,1.0004547,0.010712476,5868998,eclipsing_binary
1593.1120928008388,1.0034225,0.010726616,5868998,eclipsing_binary
1593.1134816653882,1.0041864,0.0107449,5868998,eclipsing_binary
1593.1148705299381,1.0030661,0.010723922,5868998,eclipsing_binary
1593.1162593944875,0.9992877,0.010719692,5868998,eclipsing_binary
1593.1176482585718,0.9968997,0.010755805,5868998,eclipsing_binary
1593.1190371231212,0.9786595,0.010668051,5868998,eclipsing_binary
1593.120425987671,1.0040232,0.01072336,5868998,eclipsing_binary
1593.1218148522205,1.0080135,0.0107377665,5868998,eclipsing_binary
1593.1232037163047,1.0085166,0.0107350955,5868998,eclipsing_binary
1593.1245925808541,1.0075767,0.010720602,5868998,eclipsing_binary
1593.1259814454045,0.99035245,0.010703717,5868998,eclipsing_binary
1593.1273703099548,0.994288,0.010712588,5868998,eclipsing_binary
1593.128759174039,1.0097408,0.010715902,5868998,eclipsing_binary
1593.1301480385885,0.9996031,0.010712706,5868998,eclipsing_binary
1593.1315369031379,0.9941016,0.010695908,5868998,eclipsing_binary
1593.132925767222,0.9994887,0.010717503,5868998,eclipsing_binary
1593.1343146317715,0.9987202,0.01072453,5868998,eclipsing_binary
1593.1357034963214,1.004935,0.010701021,5868998,eclipsing_binary
1593.1370923604052,1.0010633,0.010717204,5868998,eclipsing_binary
1593.138481224955,0.9868508,0.010687903,5868998,eclipsing_binary
1593.1398700890388,0.99633074,0.010714338,5868998,eclipsing_binary
1593.1412589535892,0.9993574,0.0107145915,5868998,eclipsing_binary
1593.1426478181395,1.0070963,0.0107282465,5868998,eclipsing_binary
1593.1440366822237,1.0009676,0.010715193,5868998,eclipsing_binary
1593.1454255467731,1.0011586,0.01071772,5868998,eclipsing_binary
1593.1468144108574,1.0130858,0.010721606,5868998,eclipsing_binary
1593.1482032754068,1.0117052,0.010750246,5868998,eclipsing_binary
1593.1495921399571,0.9996242,0.010714965,5868998,eclipsing_binary
1593.150981004041,0.9966249,0.010710598,5868998,eclipsing_binary
1593.1523698685899,1.0071307,0.010708056,5868998,eclipsing_binary
1593.153758732674,1.0091178,0.010724811,5868998,eclipsing_binary
1593.1551475972235,1.0063095,0.010727366,5868998,eclipsing_binary
1593.1565364613082,1.006249,0.010719406,5868998,eclipsing_binary
1593.1579253258585,0.9972252,0.010753594,5868998,eclipsing_binary
1593.1593141899427,0.9907362,0.010697145,5868998,eclipsing_binary
1593.1607030544922,1.0026671,0.010697478,5868998,eclipsing_binary
1593.1620919185764,1.0317369,0.010805506,5868998,eclipsing_binary
1593.1634807831258,1.0187974,0.010755513,5868998,eclipsing_binary
1593.1648696472105,0.99812156,0.010696274,5868998,eclipsing_binary
1593.1662585117608,1.0090287,0.010718371,5868998,eclipsing_binary
1593.1676473758441,1.0117983,0.010733417,5868998,eclipsing_binary
1593.1690362399274,0.99237335,0.010721149,5868998,eclipsing_binary
1593.1704251044769,1.0158585,0.010726609,5868998,eclipsing_binary
1593.1718139685615,1.0174036,0.010738395,5868998,eclipsing_binary
1593.1732028331119,1.0081029,0.010728039,5868998,eclipsing_binary
1593.174591697196,0.9985113,0.010700419,5868998,eclipsing_binary
1593.1759805612799,0.99037296,0.010698713,5868998,eclipsing_binary
1593.1773694258297,0.99988914,0.010730885,5868998,eclipsing_binary
1593.1787582899135,1.0145386,0.010739016,5868998,eclipsing_binary
1593.1801471539982,1.0161725,0.010738071,5868998,eclipsing_binary
1593.1815360185485,1.0059046,0.01072233,5868998,eclipsing_binary
1593.1829248826318,0.989549,0.0107127065,5868998,eclipsing_binary
1593.1843137467151,0.9853134,0.010707312,5868998,eclipsing_binary
1593.185702611265,1.010963,0.010740072,5868998,eclipsing_binary
1593.1870914753497,1.0060607,0.01072482,5868998,eclipsing_binary
1593.1884803394341,1.0127157,0.010729899,5868998,eclipsing_binary
1593.1898692039838,0.9997904,0.010699395,5868998,eclipsing_binary
1593.1912580680676,0.9944682,0.01070613,5868998,eclipsing_binary
1593.1926469321518,0.998617,0.010709141,5868998,eclipsing_binary
1593.1940357962355,1.0006126,0.0107360175,5868998,eclipsing_binary
1593.1954246607859,1.003314,0.01073014,5868998,eclipsing_binary
1593.1968135248705,1.0204206,0.010740741,5868998,eclipsing_binary
1593.1982023889548,1.0033985,0.010724175,5868998,eclipsing_binary
1593.199591253038,1.0042522,0.010726307,5868998,eclipsing_binary
1593.2009801171214,1.0231401,0.010739926,5868998,eclipsing_binary
1593.2023689816717,1.0065572,0.010774394,5868998,eclipsing_binary
1593.2037578457564,1.0142441,0.010725157,5868998,eclipsing_binary
1593.2051467098402,0.9907173,0.010736824,5868998,eclipsing_binary
1593.2065355739242,0.9772765,0.010691833,5868998,eclipsing_binary
1593.2079244380081,1.0037267,0.0107228365,5868998,eclipsing_binary
1593.209313302092,1.0115964,0.01074425,5868998,eclipsing_binary
1593.2107021666422,0.9962382,0.010708202,5868998,eclipsing_binary
1593.212091030727,1.0070946,0.0107323425,5868998,eclipsing_binary
1593.2134798948111,1.013619,0.010733493,5868998,eclipsing_binary
1593.2148687588945,1.0029807,0.010718173,5868998,eclipsing_binary
1593.2162576229778,0.9967709,0.010706988,5868998,eclipsing_binary
1593.2176464870624,1.0164376,0.010739929,5868998,eclipsing_binary
1593.219035351147,0.9925887,0.010694655,5868998,eclipsing_binary
1593.2204242152309,1.008518,0.01074476,5868998,eclipsing_binary
1593.221813079315,1.007172,0.010732331,5868998,eclipsing_binary
1593.2232019433989,1.0266969,0.010772371,5868998,eclipsing_binary
1593.224590807483,0.99963045,0.010714947,5868998,eclipsing_binary
1593.2259796715678,0.9944862,0.0106973965,5868998,eclipsing_binary
1593.2273685356522,1.0060005,0.010736305,5868998,eclipsing_binary
1593.2287573997362,1.0129756,0.010736226,5868998,eclipsing_binary
1593.23014626382,0.9945216,0.010723408,5868998,eclipsing_binary
1593.2315351279033,1.0055573,0.010705576,5868998,eclipsing_binary
1593.2329239919866,1.0125147,0.010730823,5868998,eclipsing_binary
1593.2343128560713,1.0140026,0.01074331,5868998,eclipsing_binary
1593.235701720156,1.0046978,0.010713452,5868998,eclipsing_binary
1593.2370905842401,0.99157614,0.01070286,5868998,eclipsing_binary
1593.238479448324,1.0210876,0.010746707,5868998,eclipsing_binary
1593.2398683124081,1.0146955,0.01074012,5868998,eclipsing_binary
1593.2412571764928,1.0145695,0.010736596,5868998,eclipsing_binary
1593.2426460405775,1.0139726,0.010722723,5868998,eclipsing_binary
1593.2440349046612,0.9943304,0.010700172,5868998,eclipsing_binary
1593.2454237687452,1.0054785,0.010724647,5868998,eclipsing_binary
1593.2468126323627,1.0078233,0.010724917,5868998,eclipsing_binary
1593.248201496446,1.0030863,0.010747101,5868998,eclipsing_binary
1593.2495903605306,1.0095477,0.010727387,5868998,eclipsing_binary
1593.2509792246153,0.9941383,0.010712474,5868998,eclipsing_binary
1593.2523680886995,1.0008609,0.010738436,5868998,eclipsing_binary
1593.2537569527833,0.9907903,0.0107128825,5868998,eclipsing_binary
1593.2551458164019,0.9856197,0.010688795,5868998,eclipsing_binary
1593.2565346804865,1.0018442,0.010725294,5868998,eclipsing_binary
1593.2579235445712,1.0159495,0.010755726,5868998,eclipsing_binary
1593.259312408655,1.0014938,0.010716887,5868998,eclipsing_binary
1593.2607012727392,0.9957693,0.010704127,5868998,eclipsing_binary
1593.2620901363573,0.98718554,0.010699659,5868998,eclipsing_binary
1593.2634790004406,1.0171009,0.010733509,5868998,eclipsing_binary
1593.2648678645244,1.0029746,0.010700737,5868998,eclipsing_binary
1593.266256728609,0.98864514,0.010697035,5868998,eclipsing_binary
1593.2676455922276,0.99967504,0.010723367,5868998,eclipsing_binary
1593.2690344563114,1.0047655,0.010734245,5868998,eclipsing_binary
1593.2704233203956,1.0129074,0.010738874,5868998,eclipsing_binary
1593.2718121840146,0.9997183,0.010713037,5868998,eclipsing_binary
1593.2732010480993,1.0079002,0.0107242055,5868998,eclipsing_binary
1593.274589912183,1.0147685,0.010734412,5868998,eclipsing_binary
1593.2759787758016,0.9920095,0.010692296,5868998,eclipsing_binary
1593.2773676398854,1.0033301,0.0107067535,5868998,eclipsing_binary
1593.2787565039687,0.9995207,0.010710171,5868998,eclipsing_binary
1593.2801453675872,1.003382,0.010714731,5868998,eclipsing_binary
1593.281534231672,1.0067409,0.010732569,5868998,eclipsing_binary
1593.2829230957557,0.98526555,0.010692779,5868998,eclipsing_binary
1593.284311959374,1.0034728,0.010713585,5868998,eclipsing_binary
1593.285700823458,1.0381155,0.010762778,5868998,eclipsing_binary
1593.287089687077,1.0177013,0.010748251,5868998,eclipsing_binary
1593.2884785511617,1.000345,0.010711762,5868998,eclipsing_binary
1593.2898674152455,1.0099653,0.010724716,5868998,eclipsing_binary
1593.291256278864,0.9907308,0.010698174,5868998,eclipsing_binary
1593.2926451429478,0.9963467,0.010706283,5868998,eclipsing_binary
1593.2940340065663,0.9968172,0.010702804,5868998,eclipsing_binary
1593.29542287065,0.9891622,0.01068824,5868998,eclipsing_binary
1593.2968117342687,0.9851776,0.01070727,5868998,eclipsing_binary
1593.2982005983524,1.0034378,0.010736671,5868998,eclipsing_binary
1593.299589461971,0.97792333,0.010666758,5868998,eclipsing_binary
1593.3009783260547,1.0049405,0.010714961,5868998,eclipsing_binary
1593.3023671896738,1.0198292,0.010740256,5868998,eclipsing_binary
1593.3037560537584,1.0203329,0.010767908,5868998,eclipsing_binary
1593.3051449173765,0.9930223,0.010703889,5868998,eclipsing_binary
1593.3065337814608,1.0082582,0.010723933,5868998,eclipsing_binary
1593.3079226450789,0.9938809,0.010709687,5868998,eclipsing_binary
1593.3093115086974,1.0131032,0.010727089,5868998,eclipsing_binary
1593.3107003727812,0.99249697,0.010700748,5868998,eclipsing_binary
1593.3120892363997,0.99291956,0.010697253,5868998,eclipsing_binary
1593.3134781004835,1.0269828,0.01075142,5868998,eclipsing_binary
1593.314866964102,1.0120784,0.01074411,5868998,eclipsing_binary
1593.3162558277202,1.0187433,0.010747071,5868998,eclipsing_binary
1593.3176446918048,1.0151289,0.010745812,5868998,eclipsing_binary
1593.3190335554239,1.0159811,0.010746737,5868998,eclipsing_binary
1593.3204224190424,1.0171388,0.010737316,5868998,eclipsing_binary
1593.3218112831262,1.0028418,0.0107428925,5868998,eclipsing_binary
1593.3232001467445,0.99378633,0.010711344,5868998,eclipsing_binary
1593.3245890103628,1.0223701,0.010730503,5868998,eclipsing_binary
1593.3259778744475,0.99414945,0.010702679,5868998,eclipsing_binary
1593.3273667380656,0.9918335,0.0107028885,5868998,eclipsing_binary
1593.3287556016833,1.0100694,0.010729289,5868998,eclipsing_binary
1593.3301444657675,1.0023875,0.0107437605,5868998,eclipsing_binary
1593.3315333293856,1.0082618,0.010710598,5868998,eclipsing_binary
1593.3329221930046,1.0064018,0.01072694,5868998,eclipsing_binary
1593.3343110566236,1.015822,0.010739684,5868998,eclipsing_binary
1593.3356999207078,1.0197406,0.010761198,5868998,eclipsing_binary
1593.337088784326,1.0009447,0.010708747,5868998,eclipsing_binary
1593.3384776479445,0.9997908,0.010705641,5868998,eclipsing_binary
1593.3398665115626,1.0070047,0.010718912,5868998,eclipsing_binary
1593.3412553751816,0.9940454,0.010708677,5868998,eclipsing_binary
1593.3426442392656,0.9974359,0.01071731,5868998,eclipsing_binary
1593.3454219665016,1.0062703,0.010726945,5868998,eclipsing_binary
1593.3468108301197,0.98469937,0.010698323,5868998,eclipsing_binary
1593.3481996937387,0.9937094,0.01069947,5868998,eclipsing_binary
1593.3495885573577,1.0012686,0.010716358,5868998,eclipsing_binary
1593.3509774209763,1.0117053,0.010757003,5868998,eclipsing_binary
1593.35236628506,0.9954385,0.010712501,5868998,eclipsing_binary
1593.3537551486786,0.9988673,0.010720775,5868998,eclipsing_binary
1593.3551440122967,1.0027573,0.010719853,5868998,eclipsing_binary
1593.3565328759157,1.0138971,0.01074415,5868998,eclipsing_binary
1593.3579217395347,1.0111698,0.010755657,5868998,eclipsing_binary
1593.3593106031524,0.9918529,0.010703026,5868998,eclipsing_binary
1593.36069946677,1.0164058,0.01075881,5868998,eclipsing_binary
1593.3620883303881,1.0115291,0.010717585,5868998,eclipsing_binary
1593.3634771940071,1.0097446,0.010737887,5868998,eclipsing_binary
1593.3648660576262,0.99401915,0.010690469,5868998,eclipsing_binary
1593.3662549212447,0.9901224,0.010691653,5868998,eclipsing_binary
1593.3676437848628,1.0078213,0.010725918,5868998,eclipsing_binary
1593.3690326484814,1.0047343,0.010721683,5868998,eclipsing_binary
1593.3704215120995,1.0203339,0.010748268,5868998,eclipsing_binary
1593.3718103757185,1.0069569,0.010722461,5868998,eclipsing_binary
1593.3731992393375,1.0021219,0.010722006,5868998,eclipsing_binary
1593.3745881029552,1.0247133,0.010768278,5868998,eclipsing_binary
1593.3759769665728,1.0030084,0.010705415,5868998,eclipsing_binary
1593.3773658301914,0.9996913,0.010717075,5868998,eclipsing_binary
1593.3787546938095,1.0083812,0.010721151,5868998,eclipsing_binary
1593.3801435574285,1.0102189,0.010746267,5868998,eclipsing_binary
1593.3815324210475,1.0029414,0.010727092,5868998,eclipsing_binary
1593.3829212846656,1.0250441,0.010746149,5868998,eclipsing_binary
1593.3843101478185,1.0001426,0.010723532,5868998,eclipsing_binary
1593.3856990114366,0.9885843,0.010681098,5868998,eclipsing_binary
1593.3870878750556,1.0119723,0.010766686,5868998,eclipsing_binary
1593.3884767386746,1.0109018,0.010763834,5868998,eclipsing_binary
1593.3898656022932,1.0055721,0.010716408,5868998,eclipsing_binary
1593.3912544659108,0.9982505,0.010715022,5868998,eclipsing_binary
1593.3926433290628,1.0048782,0.01073685,5868998,eclipsing_binary
1593.394032192681,1.0036948,0.010727135,5868998,eclipsing_binary
1593.3954210563,1.0201926,0.010763479,5868998,eclipsing_binary
1593.396809919919,0.98455906,0.010730353,5868998,eclipsing_binary
1593.3981987835375,0.9863801,0.010700385,5868998,eclipsing_binary
1593.39958764669,0.9880928,0.010724878,5868998,eclipsing_binary
1593.400976510308,1.0087687,0.010726271,5868998,eclipsing_binary
1593.402365373927,1.0008528,0.010719692,5868998,eclipsing_binary
1593.403754237546,1.010273,0.010725018,5868998,eclipsing_binary
1593.405143100699,1.0017877,0.010723519,5868998,eclipsing_binary
1593.4065319643166,0.9893695,0.010708797,5868998,eclipsing_binary
1593.4079208279343,1.0250975,0.0107539715,5868998,eclipsing_binary
1593.4093096910867,1.0053766,0.01072942,5868998,eclipsing_binary
1593.4106985547057,1.0106269,0.010723439,5868998,eclipsing_binary
1593.4120874183247,1.0104995,0.010720921,5868998,eclipsing_binary
1593.4134762814776,0.99958676,0.010714424,5868998,eclipsing_binary
1593.4148651450957,1.0084727,0.010731403,5868998,eclipsing_binary
1593.4162540087143,1.0072917,0.010720233,5868998,eclipsing_binary
1593.4176428718677,0.99910647,0.010756847,5868998,eclipsing_binary
1593.4190317354864,1.008227,0.010715627,5868998,eclipsing_binary
1593.4204205991048,1.0158061,0.010762424,5868998,eclipsing_binary
1593.4218094622572,0.994237,0.010706886,5868998,eclipsing_binary
1593.4231983258749,1.0121361,0.010740694,5868998,eclipsing_binary
1593.4245871890269,1.0007784,0.010735752,5868998,eclipsing_binary
1593.4259760526459,0.9857131,0.010703052,5868998,eclipsing_binary
1593.4273649162649,0.99951196,0.010714864,5868998,eclipsing_binary
1593.4287537794178,0.9854615,0.0106901415,5868998,eclipsing_binary
1593.4301426430359,0.9703862,0.010716847,5868998,eclipsing_binary
1593.4315315061888,0.9939352,0.010709495,5868998,eclipsing_binary
1593.4329203698078,0.97309613,0.010665562,5868998,eclipsing_binary
1593.4343092329611,0.97256464,0.010672963,5868998,eclipsing_binary
1593.4356980965792,0.9646925,0.01066745,5868998,eclipsing_binary
1593.4370869597321,0.9692391,0.010654516,5868998,eclipsing_binary
1593.4384758233496,0.9651069,0.010665381,5868998,eclipsing_binary
1593.4398646865013,0.94220835,0.010618461,5868998,eclipsing_binary
1593.4412535501203,0.9683775,0.010641792,5868998,eclipsing_binary
1593.4426424132737,0.9566705,0.0106437355,5868998,eclipsing_binary
1593.4440312764266,0.9570984,0.01063574,5868998,eclipsing_binary
1593.4454201400447,0.949512,0.010612693,5868998,eclipsing_binary
1593.4468090031976,0.9603901,0.010644835,5868998,eclipsing_binary
1593.4481978668166,0.9291244,0.010590011,5868998,eclipsing_binary
1593.44958672997,0.9274823,0.010591304,5868998,eclipsing_binary
1593.450975593588,0.94381386,0.010669785,5868998,eclipsing_binary
1593.452364456741,0.9555721,0.010624416,5868998,eclipsing_binary
1593.453753319893,0.973334,0.010651093,5868998,eclipsing_binary
1593.4551421835106,0.97530156,0.010665815,5868998,eclipsing_binary
1593.456531046664,0.97448575,0.010663701,5868998,eclipsing_binary
1593.457919909817,0.97956467,0.010649789,5868998,eclipsing_binary
1593.4593087734354,0.97379285,0.010662992,5868998,eclipsing_binary
1593.4606976365878,0.95901567,0.010663236,5868998,eclipsing_binary
1593.4620864997407,0.9687022,0.010661071,5868998,eclipsing_binary
1593.4634753633597,0.9834211,0.010688329,5868998,eclipsing_binary
1593.464864226513,0.9749809,0.010680688,5868998,eclipsing_binary
1593.4662530896655,0.9827253,0.010714474,5868998,eclipsing_binary
1593.4676419528184,0.9722231,0.010674989,5868998,eclipsing_binary
1593.4690308164365,0.99060833,0.010713867,5868998,eclipsing_binary
1593.4704196795885,0.99767476,0.010728562,5868998,eclipsing_binary
1593.4718085427414,0.99427277,0.010715446,5868998,eclipsing_binary
1593.4731974058948,0.9877109,0.010711431,5868998,eclipsing_binary
1593.4745862690472,0.9947728,0.0107050985,5868998,eclipsing_binary
1593.4759751326656,1.0058744,0.010718054,5868998,eclipsing_binary
1593.4773639958182,1.0108043,0.0107207075,5868998,eclipsing_binary
1593.4787528589716,1.0067884,0.010717167,5868998,eclipsing_binary
1593.480141722125,1.0126435,0.010739216,5868998,eclipsing_binary
1593.4815305852774,1.0095485,0.010725797,5868998,eclipsing_binary
1593.482919448896,1.003607,0.010725102,5868998,eclipsing_binary
1593.4843083120484,1.0026281,0.010710914,5868998,eclipsing_binary
1593.4856971752004,1.010546,0.010739116,5868998,eclipsing_binary
1593.4870860383533,0.9852265,0.010696581,5868998,eclipsing_binary
1593.4884749015066,1.0107486,0.010724333,5868998,eclipsing_binary
1593.489863764659,0.9841795,0.010698841,5868998,eclipsing_binary
1593.491252627812,1.0073625,0.0107251,5868998,eclipsing_binary
1593.4926414909644,1.0045619,0.010715771,5868998,eclipsing_binary
1593.4940303541177,0.9970587,0.010712136,5868998,eclipsing_binary
1593.495419217271,1.0080218,0.01073419,5868998,eclipsing_binary
1593.4968080804238,0.9959788,0.010729743,5868998,eclipsing_binary
1593.4981969435764,0.99934185,0.01071244,5868998,eclipsing_binary
1593.4995858067289,1.0313303,0.010757566,5868998,eclipsing_binary
1593.5009746698809,1.0091399,0.010734322,5868998,eclipsing_binary
1593.5023635330338,1.0129414,0.010732476,5868998,eclipsing_binary
1593.503752396187,1.0011373,0.010693597,5868998,eclipsing_binary
1593.5051412593396,1.0102111,0.010724786,5868998,eclipsing_binary
1593.5065301224924,0.99845606,0.010704654,5868998,eclipsing_binary
1593.507918985645,0.99214137,0.010755,5868998,eclipsing_binary
1593.5093078487982,0.98094887,0.0106921205,5868998,eclipsing_binary
1593.5106967119516,1.0015668,0.010721536,5868998,eclipsing_binary
1593.5120855751045,1.0048407,0.010742296,5868998,eclipsing_binary
1593.513474438257,0.9873343,0.01069481,5868998,eclipsing_binary
1593.5148633014096,0.9863464,0.010703418,5868998,eclipsing_binary
1593.5162521645623,1.0067267,0.010721516,5868998,eclipsing_binary
1593.5176410277147,0.997075,0.010709277,5868998,eclipsing_binary
1593.5190298908676,0.9942099,0.010691794,5868998,eclipsing_binary
1593.52041875402,1.008899,0.0107275685,5868998,eclipsing_binary
1593.5218076167073,1.0089909,0.010724511,5868998,eclipsing_binary
1593.5231964798597,0.99548626,0.010709358,5868998,eclipsing_binary
1593.5245853430126,0.99988395,0.01071917,5868998,eclipsing_binary
1593.525974206166,0.99833167,0.010717371,5868998,eclipsing_binary
1593.5273630693193,1.0222155,0.01074704,5868998,eclipsing_binary
1593.5287519320061,1.0006676,0.010711102,5868998,eclipsing_binary
1593.530140795159,0.9857209,0.0107064685,5868998,eclipsing_binary
1593.5315296583115,1.0131327,0.010722768,5868998,eclipsing_binary
1593.5329185214644,1.0000389,0.0107173,5868998,eclipsing_binary
1593.5343073846168,1.0019562,0.010717433,5868998,eclipsing_binary
1593.5356962473036,1.0027857,0.01072641,5868998,eclipsing_binary
1593.5370851104565,0.99838984,0.010733346,5868998,eclipsing_binary
1593.538473973609,1.0016136,0.010713306,5868998,eclipsing_binary
1593.5398628362962,1.0043094,0.010713844,5868998,eclipsing_binary
1593.5412516994495,1.0115752,0.010735406,5868998,eclipsing_binary
1593.5426405626029,1.0053983,0.010727222,5868998,eclipsing_binary
1593.5440294257553,0.99813914,0.010704086,5868998,eclipsing_binary
1593.5454182884425,1.0073758,0.010734062,5868998,eclipsing_binary
1593.546807151595,1.0123587,0.0107117025,5868998,eclipsing_binary
1593.5481960147479,0.99543417,0.010701233,5868998,eclipsing_binary
1593.5495848774347,1.0085062,0.010723493,5868998,eclipsing_binary
1593.5509737405876,1.0089145,0.010776628,5868998,eclipsing_binary
1593.5523626032743,1.0016085,0.010711324,5868998,eclipsing_binary
1593.5537514664268,0.98943895,0.010691987,5868998,eclipsing_binary
1593.5551403295797,0.97499967,0.010692543,5868998,eclipsing_binary
1593.5565291922674,1.0005559,0.01071656,5868998,eclipsing_binary
1593.5579180554207,0.9978056,0.010716232,5868998,eclipsing_binary
1593.5593069181075,1.0097507,0.010741616,5868998,eclipsing_binary
1593.5606957812604,0.9916878,0.010706002,5868998,eclipsing_binary
1593.5620846439472,1.0205847,0.010737159,5868998,eclipsing_binary
1593.5634735071005,1.0138403,0.010727432,5868998,eclipsing_binary
1593.5648623702534,1.0126965,0.01073586,5868998,eclipsing_binary
1593.5662512329397,1.0138801,0.010734406,5868998,eclipsing_binary
1593.5676400960922,1.0144982,0.010728719,5868998,eclipsing_binary
1593.5690289587794,1.007082,0.010770477,5868998,eclipsing_binary
1593.5704178219319,0.9996878,0.010718702,5868998,eclipsing_binary
1593.5718066846196,1.0133761,0.01073329,5868998,eclipsing_binary
1593.5731955473073,0.9994764,0.010704853,5868998,eclipsing_binary
1593.5745844104597,0.986395,0.010680193,5868998,eclipsing_binary
1593.575973273147,1.0206109,0.010735753,5868998,eclipsing_binary
1593.5773621362994,0.9947123,0.010699715,5868998,eclipsing_binary
1593.578750998987,0.9890745,0.010694521,5868998,eclipsing_binary
1593.58013986214,0.99846363,0.010707163,5868998,eclipsing_binary
1593.5815287248263,1.0135972,0.010717671,5868998,eclipsing_binary
1593.582917587513,1.000173,0.010712183,5868998,eclipsing_binary
1593.584306450666,1.012565,0.010730246,5868998,eclipsing_binary
1593.5856953133527,1.0001847,0.010719514,5868998,eclipsing_binary
1593.5870841760404,1.0053043,0.010726915,5868998,eclipsing_binary
1593.5884730391938,0.988118,0.01068939,5868998,eclipsing_binary
1593.589861901881,0.99958116,0.010684356,5868998,eclipsing_binary
1593.5912507645678,0.99756366,0.010705806,5868998,eclipsing_binary
1593.5926396277205,1.0031314,0.010751425,5868998,eclipsing_binary
1593.594028490408,1.0111784,0.01074111,5868998,eclipsing_binary
1593.5954173530952,1.0019284,0.0107171545,5868998,eclipsing_binary
1593.5968062162472,1.0089449,0.010727385,5868998,eclipsing_binary
1593.598195078934,1.0046742,0.0107166525,5868998,eclipsing_binary
1593.5995839416212,0.9933334,0.010695232,5868998,eclipsing_binary
1593.600972804308,1.018591,0.010756146,5868998,eclipsing_binary
1593.6023616674613,0.9999167,0.010702158,5868998,eclipsing_binary
1593.603750530149,1.0109851,0.010722495,5868998,eclipsing_binary
1593.6051393928362,0.9923175,0.010707327,5868998,eclipsing_binary
1593.606528255523,0.99082196,0.0106937215,5868998,eclipsing_binary
1593.6079171182103,1.0132459,0.0107488055,5868998,eclipsing_binary
1593.6093059813636,1.0112004,0.01071794,5868998,eclipsing_binary
1593.6106948440513,0.99992996,0.010705176,5868998,eclipsing_binary
1593.6120837067374,1.006308,0.010731568,5868998,eclipsing_binary
1593.6134725694235,1.0120951,0.010727563,5868998,eclipsing_binary
1593.6148614321107,0.9980291,0.010705126,5868998,eclipsing_binary
1593.6162502947975,0.9922696,0.01069417,5868998,eclipsing_binary
1593.6176391579509,1.0117718,0.010719154,5868998,eclipsing_binary
1593.6190280206386,1.0108845,0.010714734,5868998,eclipsing_binary
1593.6204168833258,0.9828095,0.010686031,5868998,eclipsing_binary
1593.6218057460126,1.0004079,0.010706554,5868998,eclipsing_binary
1593.6231946086998,1.0003548,0.010710957,5868998,eclipsing_binary
1593.6245834713875,0.9894209,0.010686486,5868998,eclipsing_binary
1593.6259723340752,1.0030613,0.010713053,5868998,eclipsing_binary
1593.6273611967615,1.0109942,0.010721216,5868998,eclipsing_binary
1593.6287500594478,1.0148463,0.010733331,5868998,eclipsing_binary
1593.6301389221346,0.9861341,0.01069735,5868998,eclipsing_binary
1593.6315277848214,1.0092068,0.0107336575,5868998,eclipsing_binary
1593.632916647509,0.976181,0.010674758,5868998,eclipsing_binary
1593.6343055101968,0.9758701,0.010682546,5868998,eclipsing_binary
1593.635694372884,0.999322,0.0107026985,5868998,eclipsing_binary
1593.6370832355708,0.9798731,0.010673693,5868998,eclipsing_binary
1593.638472098258,1.0096459,0.010720379,5868998,eclipsing_binary
1593.6398609609457,1.002705,0.01071761,5868998,eclipsing_binary
1593.6412498236334,1.009536,0.010729765,5868998,eclipsing_binary
1593.6426386863197,1.0113369,0.010720291,5868998,eclipsing_binary
1593.644027549006,0.9949029,0.010714602,5868998,eclipsing_binary
1593.6454164116928,1.0022569,0.010710794,5868998,eclipsing_binary
1593.6468052739144,1.0081283,0.010722804,5868998,eclipsing_binary
1593.6481941366021,1.0050551,0.010718562,5868998,eclipsing_binary
1593.6495829992896,1.0076829,0.010734506,5868998,eclipsing_binary
1593.6509718619766,0.99873877,0.010704407,5868998,eclipsing_binary
1593.6523607246634,1.0048468,0.010731716,5868998,eclipsing_binary
1593.6537495873506,1.0187494,0.010738056,5868998,eclipsing_binary
1593.6551384500383,1.018397,0.010726711,5868998,eclipsing_binary
1593.6565273122603,1.0165687,0.010725905,5868998,eclipsing_binary
1593.6579161749466,0.9944844,0.010703795,5868998,eclipsing_binary
1593.659305037633,0.98680973,0.01068477,5868998,eclipsing_binary
1593.6606939003198,0.9915169,0.010699161,5868998,eclipsing_binary
1593.6620827625413,0.99924034,0.010724878,5868998,eclipsing_binary
1593.663471625229,0.99456114,0.010695994,5868998,eclipsing_binary
1593.6648604879167,1.0103842,0.010725687,5868998,eclipsing_binary
1593.6662493506035,0.9828575,0.010687522,5868998,eclipsing_binary
1593.667638212825,0.9858883,0.010689516,5868998,eclipsing_binary
1593.6690270755118,1.0035849,0.01074147,5868998,eclipsing_binary
1593.6704159381995,1.0147284,0.010730752,5868998,eclipsing_binary
1593.6718048008872,1.0143914,0.010738519,5868998,eclipsing_binary
1593.6731936631083,1.0088519,0.010768626,5868998,eclipsing_binary
1593.6745825257947,1.0064269,0.010721924,5868998,eclipsing_binary
1593.675971388481,1.0021625,0.010719199,5868998,eclipsing_binary
1593.6773602507026,1.014399,0.010733684,5868998,eclipsing_binary
1593.6787491133903,0.9949136,0.010713637,5868998,eclipsing_binary
1593.6801379756123,1.0161762,0.010739473,5868998,eclipsing_binary
1593.681526838299,1.011194,0.010714452,5868998,eclipsing_binary
1593.6829157009863,1.0154287,0.010741158,5868998,eclipsing_binary
1593.6843045632074,1.0053929,0.010716905,5868998,eclipsing_binary
1593.6856934258947,1.0026854,0.010711614,5868998,eclipsing_binary
1593.6870822881167,0.9958089,0.010709875,5868998,eclipsing_binary
1593.6884711508042,0.9926922,0.010748116,5868998,eclipsing_binary
1593.6898600130246,1.0020511,0.010717076,5868998,eclipsing_binary
1593.691248875711,1.006637,0.010723683,5868998,eclipsing_binary
1593.6926377383982,0.99514985,0.010714891,5868998,eclipsing_binary
1593.6940266006202,0.9854927,0.010689585,5868998,eclipsing_binary
1593.6954154633079,1.0131681,0.010719946,5868998,eclipsing_binary
1593.696804325529,1.009262,0.010716023,5868998,eclipsing_binary
1593.6981931882162,1.0174309,0.010734316,5868998,eclipsing_binary
1593.6995820504374,0.9962648,0.010719909,5868998,eclipsing_binary
1593.700970912659,0.998546,0.01070207,5868998,eclipsing_binary
1593.7023597753466,1.0146415,0.010727694,5868998,eclipsing_binary
1593.7037486375687,0.9926547,0.010687048,5868998,eclipsing_binary
1593.705137500255,1.0009178,0.010708931,5868998,eclipsing_binary
1593.7065263624754,1.0112908,0.010762093,5868998,eclipsing_binary
1593.7079152251624,1.000455,0.010709362,5868998,eclipsing_binary
1593.7093040873845,1.0102378,0.010725821,5868998,eclipsing_binary
1593.7106929496065,0.99826926,0.010721857,5868998,eclipsing_binary
1593.7120818122933,1.0086627,0.010712082,5868998,eclipsing_binary
1593.7134706745148,1.0061129,0.010719846,5868998,eclipsing_binary
1593.714859536736,0.98910165,0.010691155,5868998,eclipsing_binary
1593.7162483994232,0.99734336,0.010712096,5868998,eclipsing_binary
1593.7176372616452,0.9994928,0.010706732,5868998,eclipsing_binary
1593.7190261238673,0.98046094,0.010679355,5868998,eclipsing_binary
1593.7204149865536,1.0106293,0.010721665,5868998,eclipsing_binary
1593.7218038487742,1.0063543,0.010741168,5868998,eclipsing_binary
1593.7231927109954,1.0024501,0.010728729,5868998,eclipsing_binary
1593.724581573683,0.9840063,0.010696905,5868998,eclipsing_binary
1593.725970435905,0.9963426,0.010729335,5868998,eclipsing_binary
1593.7273592981264,0.9972765,0.010714413,5868998,eclipsing_binary
1593.7287481603478,1.0137962,0.010711736,5868998,eclipsing_binary
1593.7301370230346,0.9846698,0.010679699,5868998,eclipsing_binary
1593.7315258852561,0.99461925,0.010693722,5868998,eclipsing_binary
1593.7329147474782,1.0155573,0.010725822,5868998,eclipsing_binary
1593.7343036097002,0.9978721,0.010696824,5868998,eclipsing_binary
1593.7356924719209,1.0044388,0.010706413,5868998,eclipsing_binary
1593.7370813341415,1.0051881,0.010707867,5868998,eclipsing_binary
1593.7384701968283,1.0035653,0.010720288,5868998,eclipsing_binary
1593.7398590590503,1.0097393,0.010749745,5868998,eclipsing_binary
1593.7412479212724,1.0100676,0.010711647,5868998,eclipsing_binary
1593.742636783494,1.0000577,0.01069574,5868998,eclipsing_binary
1593.744025645715,0.999433,0.010705628,5868998,eclipsing_binary
1593.7454145079364,0.99656314,0.010686675,5868998,eclipsing_binary
1593.7468033701577,1.0095242,0.010727971,5868998,eclipsing_binary
1593.7481922323798,0.996906,0.010696388,5868998,eclipsing_binary
1593.7495810950675,0.9942999,0.010698621,5868998,eclipsing_binary
1593.7509699572886,1.012188,0.010726314,5868998,eclipsing_binary
1593.7523588195093,0.997501,0.010714802,5868998,eclipsing_binary
1593.75374768173,1.0146418,0.01073382,5868998,eclipsing_binary
1593.755136543952,1.0039322,0.010716531,5868998,eclipsing_binary
1593.756525406174,0.99487054,0.0106818015,5868998,eclipsing_binary
1593.7579142683956,0.9996375,0.010725217,5868998,eclipsing_binary
1593.7593031306167,0.99947286,0.010717276,5868998,eclipsing_binary
1593.7606919928382,0.9999829,0.010715817,5868998,eclipsing_binary
1593.7620808550594,0.9887274,0.010717972,5868998,eclipsing_binary
1593.7634697172814,0.99602735,0.010700449,5868998,eclipsing_binary
1593.7648585795034,0.99249744,0.010699326,5868998,eclipsing_binary
1593.766247441259,0.98821926,0.010694032,5868998,eclipsing_binary
1593.7676363034795,1.0079343,0.0107200695,5868998,eclipsing_binary
1593.7690251657002,0.99346125,0.010684211,5868998,eclipsing_binary
1593.7704140279222,0.9884396,0.010695237,5868998,eclipsing_binary
1593.7718028901443,0.9872321,0.010699733,5868998,eclipsing_binary
1593.7731917523658,0.99978846,0.01070715,5868998,eclipsing_binary
1593.774580614587,1.010104,0.010718866,5868998,eclipsing_binary
1593.7759694768085,1.0151552,0.010721394,5868998,eclipsing_binary
1593.777358338564,0.9963276,0.010703746,5868998,eclipsing_binary
1593.778747200786,0.9995611,0.010743577,5868998,eclipsing_binary
1593.780136063008,0.99559057,0.010701662,5868998,eclipsing_binary
1593.7815249252296,0.9906853,0.010691938,5868998,eclipsing_binary
1593.78291378745,0.99540585,0.010681393,5868998,eclipsing_binary
1593.7843026496705,0.985379,0.010690248,5868998,eclipsing_binary
1593.7856915114269,0.9932629,0.010710819,5868998,eclipsing_binary
1593.787080373649,1.0121838,0.010714463,5868998,eclipsing_binary
1593.7884692358705,1.0029061,0.010711191,5868998,eclipsing_binary
1593.7898580980916,1.021643,0.010743857,5868998,eclipsing_binary
1593.7912469598475,1.00554,0.0107603455,5868998,eclipsing_binary
1593.7926358220686,0.99318767,0.010708028,5868998,eclipsing_binary
1593.7940246842907,0.9850591,0.010691739,5868998,eclipsing_binary
1593.795413546047,0.99575466,0.010692668,5868998,eclipsing_binary
1593.7968024082686,1.00052,0.010718125,5868998,eclipsing_binary
1593.7981912704893,1.0013962,0.010726008,5868998,eclipsing_binary
1593.7995801322443,0.99460536,0.010710499,5868998,eclipsing_binary
1593.8009689944663,0.9846091,0.010752864,5868998,eclipsing_binary
1593.8023578566883,0.9757718,0.01065823,5868998,eclipsing_binary
1593.8037467184438,0.991392,0.010695002,5868998,eclipsing_binary
1593.805135580665,0.99473387,0.010715681,5868998,eclipsing_binary
1593.8065244428865,0.9959497,0.010694869,5868998,eclipsing_binary
1593.807913304642,1.0115137,0.010723448,5868998,eclipsing_binary
1593.809302166864,0.9852734,0.010693152,5868998,eclipsing_binary
1593.8106910286203,1.005789,0.01069779,5868998,eclipsing_binary
1593.812079890842,0.9966529,0.010690745,5868998,eclipsing_binary
1593.813468752597,0.99564767,0.010695886,5868998,eclipsing_binary
1593.8148576148176,0.98568255,0.0106841205,5868998,eclipsing_binary
1593.816246476574,1.0105367,0.01073119,5868998,eclipsing_binary
1593.817635338796,0.9945844,0.010712523,5868998,eclipsing_binary
1593.8190242005514,0.9900833,0.010713334,5868998,eclipsing_binary
1593.820413062773,1.0031595,0.010723515,5868998,eclipsing_binary
1593.8218019245285,0.9862466,0.010686443,5868998,eclipsing_binary
1593.8231907867496,0.9959652,0.010705234,5868998,eclipsing_binary
1593.824579648506,1.0031738,0.010728298,5868998,eclipsing_binary
1593.825968510728,0.9994966,0.010718763,5868998,eclipsing_binary
1593.827357372484,0.9996343,0.010703951,5868998,eclipsing_binary
1593.8287462347046,0.99813384,0.010713263,5868998,eclipsing_binary
1593.8301350964596,1.0029051,0.010722003,5868998,eclipsing_binary
1593.831523958215,1.006507,0.010716935,5868998,eclipsing_binary
1593.832912820437,1.0019358,0.010710748,5868998,eclipsing_binary
1593.8343016821934,0.98626477,0.010670935,5868998,eclipsing_binary
1593.835690544415,1.0046113,0.0107091945,5868998,eclipsing_binary
1593.8370794061705,0.99864596,0.010751704,5868998,eclipsing_binary
1593.8384682679264,0.9897873,0.010690875,5868998,eclipsing_binary
1593.8398571301484,0.9749369,0.010664354,5868998,eclipsing_binary
1593.8412459919048,1.0006164,0.010718035,5868998,eclipsing_binary
1593.8426348536602,1.0089737,0.010718338,5868998,eclipsing_binary
1593.844023715881,0.9973933,0.010699112,5868998,eclipsing_binary
1593.845412577636,0.98983926,0.010691842,5868998,eclipsing_binary
1593.8468014393914,0.9745658,0.010676715,5868998,eclipsing_binary
1593.8481903011477,0.9968052,0.010703645,5868998,eclipsing_binary
1593.8495791633698,1.001676,0.01070896,5868998,eclipsing_binary
1593.8509680251257,1.0026683,0.010726736,5868998,eclipsing_binary
1593.8523568868811,1.0068083,0.010717754,5868998,eclipsing_binary
1593.853745748637,0.9857378,0.0107048,5868998,eclipsing_binary
1593.8551346103934,1.0104938,0.01071173,5868998,eclipsing_binary
1593.8565234726154,0.9966604,0.010710386,5868998,eclipsing_binary
1593.857912334371,0.9817866,0.0106885275,5868998,eclipsing_binary
1593.8593011961268,1.0027082,0.010708669,5868998,eclipsing_binary
1593.8606900578816,1.0032102,0.010701588,5868998,eclipsing_binary
1593.8620789196364,1.016421,0.010738924,5868998,eclipsing_binary
1593.8634677813927,0.99834293,0.0107105095,5868998,eclipsing_binary
1593.8648566436148,1.0089248,0.01074741,5868998,eclipsing_binary
1593.8662455053707,0.9972145,0.010700677,5868998,eclipsing_binary
1593.8676343671261,0.99572796,0.010701122,5868998,eclipsing_binary
1593.869023228882,0.9926021,0.010695216,5868998,eclipsing_binary
1593.8704120906384,0.99891967,0.010715855,5868998,eclipsing_binary
1593.8718009523948,0.9910796,0.010682353,5868998,eclipsing_binary
1593.8731898141502,1.0063502,0.010711825,5868998,eclipsing_binary
1593.8745786759062,1.0032184,0.010707591,5868998,eclipsing_binary
1593.8759675376612,1.0097464,0.01073324,5868998,eclipsing_binary
1593.8773563994162,1.0280284,0.010757455,5868998,eclipsing_binary
1593.8787452611725,1.0060172,0.010713015,5868998,eclipsing_binary
1593.8801341229287,0.9783969,0.010682228,5868998,eclipsing_binary
1593.8815229846844,0.98761773,0.010700782,5868998,eclipsing_binary
1593.8829118464398,1.0024294,0.010717984,5868998,eclipsing_binary
1593.8843007081957,0.98790354,0.010755335,5868998,eclipsing_binary
1593.885689569952,1.0041914,0.010724886,5868998,eclipsing_binary
1593.8870784317085,1.0010475,0.010709512,5868998,eclipsing_binary
1593.888467293464,1.0088303,0.010730815,5868998,eclipsing_binary
1593.8898561552198,0.9896167,0.010684556,5868998,eclipsing_binary
1593.8912450169748,0.99332225,0.010704782,5868998,eclipsing_binary
1593.8926338782642,1.0026734,0.010726453,5868998,eclipsing_binary
1593.8940227400205,0.9881761,0.010714569,5868998,eclipsing_binary
1593.895411601777,1.0093342,0.010715228,5868998,eclipsing_binary
1593.8968004635324,1.0164429,0.010729098,5868998,eclipsing_binary
1593.8981893252883,0.99126744,0.010702122,5868998,eclipsing_binary
1593.8995781870437,1.0043957,0.010716253,5868998,eclipsing_binary
1593.9009670483345,1.0061626,0.010712752,5868998,eclipsing_binary
1593.9023559100908,1.0056838,0.010710166,5868998,eclipsing_binary
1593.9037447718463,0.99417776,0.010702056,5868998,eclipsing_binary
1593.9051336336022,1.0026664,0.010751066,5868998,eclipsing_binary
1593.9065224953572,1.0185987,0.010732023,5868998,eclipsing_binary
1593.9079113566465,0.997937,0.010713759,5868998,eclipsing_binary
1593.909300218403,1.0035843,0.010717706,5868998,eclipsing_binary
1593.9106890801593,1.0072981,0.010723878,5868998,eclipsing_binary
1593.9120779419147,1.0075136,0.010733781,5868998,eclipsing_binary
1593.913466803205,1.0059671,0.010718041,5868998,eclipsing_binary
1593.9148556649604,1.0020306,0.010704877,5868998,eclipsing_binary
1593.9162445267168,0.9864604,0.010697668,5868998,eclipsing_binary
1593.9176333880075,0.99998826,0.010709295,5868998,eclipsing_binary
1593.9190222497632,0.9967577,0.010708311,5868998,eclipsing_binary
1593.920411111519,1.0027618,0.010689788,5868998,eclipsing_binary
1593.9217999728082,0.9980197,0.010704419,5868998,eclipsing_binary
1593.9231888345632,1.0034059,0.010764589,5868998,eclipsing_binary
1593.9245776963196,1.0168588,0.010729118,5868998,eclipsing_binary
1593.9259665576103,0.9954,0.010701033,5868998,eclipsing_binary
1593.9273554193658,1.0073375,0.010716585,5868998,eclipsing_binary
1593.928744280656,1.0000055,0.010725102,5868998,eclipsing_binary
1593.9301331424115,1.0015868,0.010714521,5868998,eclipsing_binary
1593.9315220037022,0.98420787,0.010721728,5868998,eclipsing_binary
1593.9329108654586,0.99572384,0.0106951315,5868998,eclipsing_binary
1593.9342997267488,1.0247875,0.010743122,5868998,eclipsing_binary
1593.9356885885043,1.0136367,0.010746724,5868998,eclipsing_binary
1593.9370774497936,1.0004495,0.010717571,5868998,eclipsing_binary
1593.9384663115486,0.9845901,0.010674508,5868998,eclipsing_binary
1593.9398551728393,1.0158606,0.0107329525,5868998,eclipsing_binary
1593.9412440345957,1.0058233,0.01072211,5868998,eclipsing_binary
1593.9426328958855,0.988751,0.010698901,5868998,eclipsing_binary
1593.9440217576414,1.0154985,0.010736973,5868998,eclipsing_binary
1593.9454106189312,1.0066367,0.010723788,5868998,eclipsing_binary
1593.9467994806876,1.005518,0.010736615,5868998,eclipsing_binary
1593.9481883419783,1.0006051,0.010712736,5868998,eclipsing_binary
1593.9495772032685,1.0098088,0.010722086,5868998,eclipsing_binary
1593.950966065024,1.0212576,0.010753964,5868998,eclipsing_binary
1593.9523549263133,1.005561,0.010717628,5868998,eclipsing_binary
1593.9537437880683,1.0205752,0.010740366,5868998,eclipsing_binary
1593.955132649359,1.0046353,0.010745217,5868998,eclipsing_binary
1593.9565215106497,1.0087016,0.010724241,5868998,eclipsing_binary
1593.9579103724052,1.0050092,0.010728991,5868998,eclipsing_binary
1593.9592992336954,1.0066494,0.010731764,5868998,eclipsing_binary
1593.9606880949852,0.99339604,0.0107083665,5868998,eclipsing_binary
1593.9620769567416,1.026174,0.010749255,5868998,eclipsing_binary
1593.9634658180323,0.993969,0.010689978,5868998,eclipsing_binary
1593.9648546793226,1.0025215,0.010751579,5868998,eclipsing_binary
1593.9662435406124,1.007797,0.010725181,5868998,eclipsing_binary
1593.9676324023674,1.0229619,0.010738202,5868998,eclipsing_binary
1593.9690212636567,1.0179251,0.0107225785,5868998,eclipsing_binary
1593.9704101249474,0.9742115,0.010693716,5868998,eclipsing_binary
1593.9717989862381,1.0024338,0.010705422,5868998,eclipsing_binary
1593.9731878475284,0.9970607,0.010704127,5868998,eclipsing_binary
1593.9745767092838,1.0174699,0.010745397,5868998,eclipsing_binary
1593.9759655705739,1.0029445,0.010758893,5868998,eclipsing_binary
1593.9773544318643,0.99853075,0.010712316,5868998,eclipsing_binary
1593.978743293155,1.0111501,0.010725244,5868998,eclipsing_binary
1593.9801321544453,0.99852186,0.01070413,5868998,eclipsing_binary
1593.981521015735,1.00914,0.010718875,5868998,eclipsing_binary
1593.9829098770244,1.0010679,0.010708173,5868998,eclipsing_binary
1593.9842987387794,0.9994461,0.010701304,5868998,eclipsing_binary
1593.9856876000702,0.99994135,0.01071734,5868998,eclipsing_binary
1593.9870764613609,1.0057644,0.010730036,5868998,eclipsing_binary
1593.988465322651,0.9914929,0.010694317,5868998,eclipsing_binary
1593.989854183941,1.0016515,0.010720928,5868998,eclipsing_binary
1593.9912430452312,0.99808717,0.010689549,5868998,eclipsing_binary
1593.992631906521,0.9989195,0.010703274,5868998,eclipsing_binary
1593.9940207678117,1.0032089,0.010711384,5868998,eclipsing_binary
1593.9954096291024,1.0048332,0.010722184,5868998,eclipsing_binary
1593.9967984903922,1.0095637,0.010726353,5868998,eclipsing_binary
1593.9981873516815,0.9970776,0.0107057365,5868998,eclipsing_binary
1593.9995762129709,1.0085046,0.010719386,5868998,eclipsing_binary
1594.0009650742616,0.98426235,0.010684955,5868998,eclipsing_binary
1594.0023539355523,1.0125823,0.010736416,5868998,eclipsing_binary
1594.0037427968425,0.9900034,0.0107107395,5868998,eclipsing_binary
1594.0051316581323,1.0125589,0.010726245,5868998,eclipsing_binary
1594.006520518957,1.0039744,0.01071814,5868998,eclipsing_binary
1594.0079093802467,1.0070571,0.010725936,5868998,eclipsing_binary
1594.0092982415374,0.9823144,0.010714765,5868998,eclipsing_binary
1594.0106871028281,1.0133672,0.01073551,5868998,eclipsing_binary
1594.0120759641184,1.0026414,0.010720415,5868998,eclipsing_binary
1594.0134648254075,1.0098283,0.0107119065,5868998,eclipsing_binary
1594.0148536866966,0.9950058,0.010697344,5868998,eclipsing_binary
1594.0162425475216,1.0065751,0.0107339,5868998,eclipsing_binary
1594.0176314088123,1.0203403,0.010741127,5868998,eclipsing_binary
1594.0190202701026,0.9863515,0.010685424,5868998,eclipsing_binary
1594.0204091313924,1.0063897,0.010713523,5868998,eclipsing_binary
1594.0217979926827,0.9952721,0.010693153,5868998,eclipsing_binary
1594.0231868535068,0.9965195,0.010702444,5868998,eclipsing_binary
1594.0245757147975,1.0045425,0.010731393,5868998,eclipsing_binary
1594.0259645760882,0.9991953,0.010698535,5868998,eclipsing_binary
1594.0273534369128,1.0092534,0.010703681,5868998,eclipsing_binary
1594.0287422982021,1.0000333,0.010707806,5868998,eclipsing_binary
1594.0301311594915,1.005225,0.010713264,5868998,eclipsing_binary
1594.0315200207822,1.0147852,0.010720119,5868998,eclipsing_binary
1594.0329088816072,1.010464,0.010745058,5868998,eclipsing_binary
1594.034297742897,0.9829304,0.010679342,5868998,eclipsing_binary
1594.0356866041868,1.0034242,0.010721141,5868998,eclipsing_binary
1594.0370754650114,1.0033007,0.010723106,5868998,eclipsing_binary
1594.0384643263012,1.0191711,0.010736998,5868998,eclipsing_binary
1594.0398531871263,1.0028741,0.010717635,5868998,eclipsing_binary
1594.041242048417,1.0224267,0.010731361,5868998,eclipsing_binary
1594.0426309097072,1.0073304,0.010718186,5868998,eclipsing_binary
1594.044019770531,0.9979452,0.010715655,5868998,eclipsing_binary
1594.0454086318202,1.0020856,0.0107162185,5868998,eclipsing_binary
1594.0467974926453,0.9983582,0.01071167,5868998,eclipsing_binary
1594.048186353936,1.0127258,0.010726509,5868998,eclipsing_binary
1594.0495752147601,0.9946572,0.010720785,5868998,eclipsing_binary
1594.0509640760504,1.0110632,0.010736115,5868998,eclipsing_binary
1594.0523529368745,0.9928471,0.010708498,5868998,eclipsing_binary
1594.0537417981643,0.99170107,0.010711684,5868998,eclipsing_binary
1594.0551306589894,0.9756973,0.01066935,5868998,eclipsing_binary
1594.05651952028,1.000294,0.010728817,5868998,eclipsing_binary
1594.0579083811047,1.0050169,0.010714811,5868998,eclipsing_binary
1594.059297242394,0.99666476,0.010692231,5868998,eclipsing_binary
1594.0606861032177,0.99848276,0.01070167,5868998,eclipsing_binary
1594.0620749640427,0.9881334,0.010693234,5868998,eclipsing_binary
1594.0634638253334,1.0103087,0.010716873,5868998,eclipsing_binary
1594.0648526861576,1.0034895,0.010712147,5868998,eclipsing_binary
1594.0662415474478,0.98826927,0.010680825,5868998,eclipsing_binary
1594.067630408272,0.97194856,0.010646238,5868998,eclipsing_binary
1594.0690192690965,0.9654785,0.010651922,5868998,eclipsing_binary
1594.0704081303872,0.9749779,0.010668787,5868998,eclipsing_binary
1594.0717969912123,0.9595883,0.0106411865,5868998,eclipsing_binary
1594.0731858520364,0.95923895,0.010648191,5868998,eclipsing_binary
1594.0745747133258,0.99369544,0.010705149,5868998,eclipsing_binary
1594.0759635741495,0.9704449,0.010654325,5868998,eclipsing_binary
1594.0773524349745,0.9421128,0.0105958525,5868998,eclipsing_binary
1594.0787412957995,0.9605704,0.010640767,5868998,eclipsing_binary
1594.0801301570893,0.95016927,0.010612987,5868998,eclipsing_binary
1594.081519017914,0.9441018,0.010613076,5868998,eclipsing_binary
1594.082907878738,0.95978683,0.010635834,5868998,eclipsing_binary
1594.0842967395627,0.9587733,0.010651783,5868998,eclipsing_binary
1594.0856856003877,0.9511477,0.0106151225,5868998,eclipsing_binary
1594.0870744616784,0.94945216,0.0106339,5868998,eclipsing_binary
1594.0884633225025,0.9608725,0.010627545,5868998,eclipsing_binary
1594.0898521833262,0.9536511,0.010624343,5868998,eclipsing_binary
1594.09124104415,0.9748882,0.010642599,5868998,eclipsing_binary
1594.092629904975,0.95526063,0.010619316,5868998,eclipsing_binary
1594.0940187658,0.9590812,0.01063265,5868998,eclipsing_binary
1594.0954076266241,0.94654435,0.010630155,5868998,eclipsing_binary
1594.0967964879144,0.96707,0.01064369,5868998,eclipsing_binary
1594.0981853487385,0.9784643,0.010676066,5868998,eclipsing_binary
1594.0995742095631,0.9627804,0.010636666,5868998,eclipsing_binary
1594.1009630703882,0.9836045,0.010675548,5868998,eclipsing_binary
1594.1023519312132,0.97939014,0.0106625175,5868998,eclipsing_binary
1594.1037407920373,0.9851799,0.0106738,5868998,eclipsing_binary
1594.105129652861,0.9697246,0.010659184,5868998,eclipsing_binary
1594.1065185136847,0.9931221,0.010735664,5868998,eclipsing_binary
1594.1079073745098,1.0108166,0.010717458,5868998,eclipsing_binary
1594.1092962353348,1.0020627,0.010720935,5868998,eclipsing_binary
1594.1106850961592,1.0219266,0.01074879,5868998,eclipsing_binary
1594.1120739569835,1.0009556,0.010758762,5868998,eclipsing_binary
1594.1134628178077,0.9990768,0.01071582,5868998,eclipsing_binary
1594.1148516786322,1.0029261,0.010709181,5868998,eclipsing_binary
1594.1162405394573,1.0022237,0.010699304,5868998,eclipsing_binary
1594.1176293998167,1.0055603,0.0107086655,5868998,eclipsing_binary
1594.1190182606408,0.99452806,0.010692827,5868998,eclipsing_binary
1594.1204071214645,1.0051498,0.010765572,5868998,eclipsing_binary
1594.1217959822882,1.0130384,0.010722366,5868998,eclipsing_binary
1594.1231848431132,0.99232626,0.010703766,5868998,eclipsing_binary
1594.1245737039383,1.006688,0.010718919,5868998,eclipsing_binary
1594.1259625647629,0.9966198,0.010717976,5868998,eclipsing_binary
1594.1273514251213,0.99860317,0.010707562,5868998,eclipsing_binary
1594.128740285946,0.9903355,0.0107102785,5868998,eclipsing_binary
1594.13012914677,1.0030248,0.010712272,5868998,eclipsing_binary
1594.131518007595,0.9907289,0.010742573,5868998,eclipsing_binary
1594.1329068684202,1.0044725,0.010710646,5868998,eclipsing_binary
1594.1342957287786,1.0113313,0.010757053,5868998,eclipsing_binary
1594.1356845896023,1.0002916,0.010704458,5868998,eclipsing_binary
1594.137073450426,0.9721855,0.010666913,5868998,eclipsing_binary
1594.138462310785,1.000807,0.010704194,5868998,eclipsing_binary
1594.13985117161,1.0093129,0.010714989,5868998,eclipsing_binary
1594.141240032435,1.0252266,0.010739711,5868998,eclipsing_binary
1594.1426288932591,1.0168439,0.010762845,5868998,eclipsing_binary
1594.144017753618,1.0133098,0.010723153,5868998,eclipsing_binary
1594.1454066144422,0.999809,0.010703985,5868998,eclipsing_binary
1594.1467954748016,1.0047421,0.010716646,5868998,eclipsing_binary
1594.1481843356266,0.99897563,0.010724388,5868998,eclipsing_binary
1594.149573196451,1.0018804,0.010706603,5868998,eclipsing_binary
1594.1509620568088,1.0062652,0.010721874,5868998,eclipsing_binary
1594.1523509176325,1.0092725,0.010719204,5868998,eclipsing_binary
1594.1537397779914,1.0007,0.010744523,5868998,eclipsing_binary
1594.1551286388164,0.9927767,0.010703871,5868998,eclipsing_binary
1594.1565174996415,0.9974596,0.010703142,5868998,eclipsing_binary
1594.15790636,1.0087495,0.010727982,5868998,eclipsing_binary
1594.1592952208246,0.9973445,0.010695129,5868998,eclipsing_binary
1594.160684081183,1.0027926,0.0107081765,5868998,eclipsing_binary
1594.162072942008,1.0143174,0.010736372,5868998,eclipsing_binary
1594.1634618023675,1.0262201,0.010753277,5868998,eclipsing_binary
1594.164850663192,1.006898,0.010748399,5868998,eclipsing_binary
1594.16623952355,1.0035682,0.01071124,5868998,eclipsing_binary
1594.1676283839079,1.0092282,0.010724872,5868998,eclipsing_binary
1594.1690172447322,1.0060027,0.0107124215,5868998,eclipsing_binary
1594.1704061050916,1.0018098,0.010717754,5868998,eclipsing_binary
1594.1717949659167,1.0120698,0.010763073,5868998,eclipsing_binary
1594.1731838262751,0.9868948,0.010676934,5868998,eclipsing_binary
1594.174572686634,1.0183675,0.010740514,5868998,eclipsing_binary
1594.1759615474582,0.9950728,0.010705126,5868998,eclipsing_binary
1594.1773504078176,0.99186486,0.010698235,5868998,eclipsing_binary
1594.1787392686426,1.0133018,0.0107458085,5868998,eclipsing_binary
1594.1801281290016,0.99354374,0.010696403,5868998,eclipsing_binary
1594.1815169893596,1.009712,0.010718503,5868998,eclipsing_binary
1594.1829058497176,0.9967552,0.010697135,5868998,eclipsing_binary
1594.1842947105417,1.0074102,0.010726114,5868998,eclipsing_binary
1594.1856835709011,0.9927078,0.010688653,5868998,eclipsing_binary
1594.1870724312605,1.0190625,0.01074373,5868998,eclipsing_binary
1594.188461291619,0.9904804,0.010689778,5868998,eclipsing_binary
1594.1898501524436,1.0028934,0.010721472,5868998,eclipsing_binary
1594.191239012802,0.99927914,0.010716542,5868998,eclipsing_binary
1594.1926278731614,1.0097617,0.01071956,5868998,eclipsing_binary
1594.1940167335208,1.0107975,0.010730531,5868998,eclipsing_binary
1594.1954055943445,1.0252842,0.01073386,5868998,eclipsing_binary
1594.1967944547025,0.98632747,0.010698666,5868998,eclipsing_binary
1594.1981833150614,1.0106022,0.010738171,5868998,eclipsing_binary
1594.19957217542,0.992863,0.010743124,5868998,eclipsing_binary
1594.2009610357793,1.0101535,0.010721697,5868998,eclipsing_binary
1594.2023498961387,0.9877597,0.010688414,5868998,eclipsing_binary
1594.2037387564976,1.0055312,0.010703544,5868998,eclipsing_binary
1594.205127616856,1.0120509,0.010711282,5868998,eclipsing_binary
1594.2065164772148,1.0059346,0.010731172,5868998,eclipsing_binary
1594.2079053380396,0.9890458,0.010693114,5868998,eclipsing_binary
1594.209294198399,1.0034237,0.010708114,5868998,eclipsing_binary
1594.210683058757,1.0044782,0.010732253,5868998,eclipsing_binary
1594.212071919115,0.9897773,0.0106933145,5868998,eclipsing_binary
1594.213460779474,1.007104,0.010733087,5868998,eclipsing_binary
1594.2148496398324,1.006706,0.010712012,5868998,eclipsing_binary
1594.2162385001918,0.99618065,0.01069233,5868998,eclipsing_binary
1594.2176273605512,0.99569684,0.0107048135,5868998,eclipsing_binary
1594.2190162209101,1.0031623,0.010719893,5868998,eclipsing_binary
1594.2204050812686,0.9945479,0.0106947515,5868998,eclipsing_binary
1594.2217939411619,1.0025998,0.010709777,5868998,eclipsing_binary
1594.2231828015213,0.9993458,0.010703607,5868998,eclipsing_binary
1594.2245716618806,1.0116146,0.010741064,5868998,eclipsing_binary
1594.2259605222384,1.0059623,0.0107099,5868998,eclipsing_binary
1594.2273493825962,0.9935515,0.010703983,5868998,eclipsing_binary
1594.2287382429552,0.996751,0.010710384,5868998,eclipsing_binary
1594.2301271033136,1.0036604,0.010705893,5868998,eclipsing_binary
1594.231515963673,0.991632,0.01068125,5868998,eclipsing_binary
1594.2329048235667,1.0157131,0.010717435,5868998,eclipsing_binary
1594.2342936839257,1.003921,0.010701027,5868998,eclipsing_binary
1594.2356825442841,1.0237862,0.010748638,5868998,eclipsing_binary
1594.237071404643,1.0127734,0.010731171,5868998,eclipsing_binary
1594.2384602650025,0.9999755,0.010705276,5868998,eclipsing_binary
1594.2412379852542,1.0267066,0.010769629,5868998,eclipsing_binary
1594.2426268456122,1.024007,0.010752248,5868998,eclipsing_binary
1594.244015705505,1.0080531,0.010733028,5868998,eclipsing_binary
1594.2454045658635,1.0020112,0.010700604,5868998,eclipsing_binary
1594.246793426223,0.9968697,0.01070606,5868998,eclipsing_binary
1594.2481822865823,0.98994356,0.010697808,5868998,eclipsing_binary
1594.2495711464755,0.99774927,0.010702571,5868998,eclipsing_binary
1594.250960006834,1.0026118,0.010712198,5868998,eclipsing_binary
1594.252348867193,1.0090251,0.010763902,5868998,eclipsing_binary
1594.2537377270867,1.0081636,0.01070895,5868998,eclipsing_binary
1594.255126587446,1.0091074,0.010710435,5868998,eclipsing_binary
1594.2565154473384,1.0128645,0.0107327625,5868998,eclipsing_binary
1594.2579043076964,0.9938377,0.010686615,5868998,eclipsing_binary
1594.2592931675892,0.9920946,0.010708625,5868998,eclipsing_binary
1594.2606820279482,0.9935211,0.01069742,5868998,eclipsing_binary
1594.2620708883076,0.9799774,0.010691644,5868998,eclipsing_binary
1594.2634597482013,0.9779404,0.0106735015,5868998,eclipsing_binary
1594.2648486085598,1.0020444,0.010722558,5868998,eclipsing_binary
1594.2662374684526,1.0008363,0.0107156765,5868998,eclipsing_binary
1594.2676263288115,1.0006328,0.010702193,5868998,eclipsing_binary
1594.2690151887052,1.0085142,0.010721752,5868998,eclipsing_binary
1594.2704040490646,1.0054678,0.010741219,5868998,eclipsing_binary
1594.271792908957,1.0059353,0.01071549,5868998,eclipsing_binary
1594.2731817688493,1.0181077,0.01073854,5868998,eclipsing_binary
1594.2745706292078,1.0033473,0.0107194185,5868998,eclipsing_binary
1594.275959489101,1.005346,0.010727925,5868998,eclipsing_binary
1594.2773483494605,0.99048996,0.010706657,5868998,eclipsing_binary
1594.2787372093542,1.0179112,0.010735756,5868998,eclipsing_binary
1594.280126069247,0.9940039,0.010704874,5868998,eclipsing_binary
1594.281514929606,1.0243183,0.010743047,5868998,eclipsing_binary
1594.2829037894987,1.0028595,0.010718358,5868998,eclipsing_binary
1594.2842926493925,0.9928039,0.010703642,5868998,eclipsing_binary
1594.2856815097518,0.9992527,0.010716199,5868998,eclipsing_binary
1594.2870703696442,1.007407,0.010720304,5868998,eclipsing_binary
1594.2884592295366,1.0018132,0.010689749,5868998,eclipsing_binary
1594.289848089895,1.0162287,0.01074577,5868998,eclipsing_binary
1594.2912369497883,0.9915247,0.010695097,5868998,eclipsing_binary
1594.292625809682,0.99584746,0.010700956,5868998,eclipsing_binary
1594.2940146695757,0.98995364,0.0107016275,5868998,eclipsing_binary
1594.2954035294686,1.0188403,0.010735408,5868998,eclipsing_binary
1594.2967923898275,1.0098835,0.010731276,5868998,eclipsing_binary
1594.2981812497203,0.9968356,0.010707501,5868998,eclipsing_binary
1594.2995701096136,1.006246,0.010724063,5868998,eclipsing_binary
1594.3009589695064,1.0021436,0.010714862,5868998,eclipsing_binary
1594.3023478293994,0.9910226,0.010705337,5868998,eclipsing_binary
1594.3037366892925,0.9981592,0.010690946,5868998,eclipsing_binary
1594.305125549651,1.0146437,0.010729929,5868998,eclipsing_binary
1594.3065144095442,1.0056415,0.010717204,5868998,eclipsing_binary
1594.307903269438,0.9862938,0.010743037,5868998,eclipsing_binary
1594.3092921293317,1.0011661,0.01072,5868998,eclipsing_binary
1594.3106809892245,1.0044497,0.010715689,5868998,eclipsing_binary
1594.3120698491177,1.0047797,0.010696013,5868998,eclipsing_binary
1594.3134587090105,0.99100405,0.010693366,5868998,eclipsing_binary
1594.3148475689038,1.0074015,0.010702012,5868998,eclipsing_binary
1594.3162364287966,1.0128368,0.010744851,5868998,eclipsing_binary
1594.31762528869,1.012329,0.010732585,5868998,eclipsing_binary
1594.3190141485827,0.99084216,0.0106915245,5868998,eclipsing_binary
1594.3204030084758,1.01606,0.010725288,5868998,eclipsing_binary
1594.3217918683688,1.0045764,0.010707968,5868998,eclipsing_binary
1594.3231807282625,1.0182111,0.010739516,5868998,eclipsing_binary
1594.3245695881562,0.9965905,0.01071337,5868998,eclipsing_binary
1594.325958448049,1.0035604,0.01071668,5868998,eclipsing_binary
1594.3273473079423,0.99856997,0.0107475165,5868998,eclipsing_binary
1594.3287361678351,0.99928117,0.010701159,5868998,eclipsing_binary
1594.3301250272627,0.9988283,0.010706381,5868998,eclipsing_binary
1594.3315138871556,1.0097443,0.010740562,5868998,eclipsing_binary
1594.3329027470488,1.0168297,0.010767836,5868998,eclipsing_binary
1594.3342916069416,0.98256844,0.01067016,5868998,eclipsing_binary
1594.335680466835,0.9938795,0.01067618,5868998,eclipsing_binary
1594.3370693267277,0.98231953,0.010700674,5868998,eclipsing_binary
1594.3384581861558,0.9955619,0.01076001,5868998,eclipsing_binary
1594.3398470460495,0.99606407,0.010710843,5868998,eclipsing_binary
1594.3412359059425,1.0059649,0.01071901,5868998,eclipsing_binary
1594.3426247658356,0.98065585,0.010668819,5868998,eclipsing_binary
1594.3440136252627,0.9993416,0.010691854,5868998,eclipsing_binary
1594.345402485156,1.0009183,0.010728506,5868998,eclipsing_binary
1594.3467913450488,1.0109401,0.010717378,5868998,eclipsing_binary
1594.3481802044764,1.0032026,0.010708437,5868998,eclipsing_binary
1594.3495690643692,0.99917567,0.010708544,5868998,eclipsing_binary
1594.3509579242625,1.0069067,0.010717696,5868998,eclipsing_binary
1594.3523467836897,0.9828255,0.010706247,5868998,eclipsing_binary
1594.3537356435834,1.0179971,0.010729114,5868998,eclipsing_binary
1594.355124503477,1.0159178,0.010727854,5868998,eclipsing_binary
1594.3565133629047,0.987016,0.010727997,5868998,eclipsing_binary
1594.3579022227975,1.0064093,0.010710535,5868998,eclipsing_binary
1594.359291082225,0.9869718,0.010673156,5868998,eclipsing_binary
1594.360679942118,0.9935108,0.010699705,5868998,eclipsing_binary
1594.3620688020108,1.0019491,0.010715721,5868998,eclipsing_binary
1594.3634576614384,1.0157586,0.010731506,5868998,eclipsing_binary
1594.3648465213312,1.0242922,0.010752661,5868998,eclipsing_binary
1594.3662353807588,1.0032996,0.010724919,5868998,eclipsing_binary
1594.3676242406516,0.98285013,0.010688507,5868998,eclipsing_binary
1594.3690131000797,0.99892837,0.010712391,5868998,eclipsing_binary
1594.3704019599734,1.0216222,0.010746911,5868998,eclipsing_binary
1594.371790819401,0.98852044,0.010677625,5868998,eclipsing_binary
1594.3731796788281,0.9951338,0.0107038785,5868998,eclipsing_binary
1594.3745685387214,1.007831,0.010716197,5868998,eclipsing_binary
1594.375957398148,0.9889028,0.010688012,5868998,eclipsing_binary
1594.377346258041,1.0004803,0.010732064,5868998,eclipsing_binary
1594.378735117469,0.9916181,0.010690761,5868998,eclipsing_binary
1594.3801239768961,1.0212483,0.010730696,5868998,eclipsing_binary
1594.3815128367894,0.99720335,0.010693778,5868998,eclipsing_binary
1594.3829016962165,0.9943882,0.010698208,5868998,eclipsing_binary
1594.3842905556446,1.0131564,0.010721512,5868998,eclipsing_binary
1594.3856794155383,1.0084667,0.010718187,5868998,eclipsing_binary
1594.387068274966,1.0045917,0.010703123,5868998,eclipsing_binary
1594.388457134393,1.0152264,0.01073166,5868998,eclipsing_binary
1594.3898459938207,0.98673654,0.010675313,5868998,eclipsing_binary
1594.391234853713,1.00967,0.010711284,5868998,eclipsing_binary
1594.3926237131402,1.017381,0.010726259,5868998,eclipsing_binary
1594.3940125725683,1.0136533,0.010723352,5868998,eclipsing_binary
1594.3954014319959,1.0023843,0.010706229,5868998,eclipsing_binary
1594.3967902918887,1.0133432,0.010731658,5868998,eclipsing_binary
1594.398179151316,0.9986333,0.010707636,5868998,eclipsing_binary
1594.399568010744,0.99494994,0.010745637,5868998,eclipsing_binary
1594.400956870172,1.0049703,0.010720873,5868998,eclipsing_binary
1594.4023457295996,0.98255044,0.010672635,5868998,eclipsing_binary
1594.4037345890267,1.0051448,0.010704012,5868998,eclipsing_binary
1594.4051234484543,1.0201406,0.010747858,5868998,eclipsing_binary
1594.4065123083467,1.0020468,0.010714084,5868998,eclipsing_binary
1594.4079011677738,1.0059011,0.010719051,5868998,eclipsing_binary
1594.409290027202,1.0020556,0.010702521,5868998,eclipsing_binary
1594.4106788866295,0.9940577,0.010692624,5868998,eclipsing_binary
1594.4120677460567,1.000433,0.010701699,5868998,eclipsing_binary
1594.4134566054843,0.9794678,0.010688916,5868998,eclipsing_binary
1594.4148454649123,0.9916124,0.010693562,5868998,eclipsing_binary
1594.4162343243404,0.9806645,0.010677263,5868998,eclipsing_binary
1594.4176231837675,1.0052285,0.010719087,5868998,eclipsing_binary
1594.4190120431947,0.98207676,0.010703577,5868998,eclipsing_binary
1594.4204009026223,0.98849344,0.0106927315,5868998,eclipsing_binary
1594.421789762049,0.9897089,0.010689382,5868998,eclipsing_binary
1594.4231786214762,0.99834865,0.010716167,5868998,eclipsing_binary
1594.4245674804386,1.0041101,0.010719604,5868998,eclipsing_binary
1594.4259563398662,1.017896,0.010733496,5868998,eclipsing_binary
1594.4273451992933,0.99112034,0.010699028,5868998,eclipsing_binary
1594.428734058721,1.016943,0.0107315825,5868998,eclipsing_binary
1594.430122918149,1.0103632,0.010714124,5868998,eclipsing_binary
1594.431511777577,1.0126821,0.010733319,5868998,eclipsing_binary
1594.4329006370042,1.021617,0.010722238,5868998,eclipsing_binary
1594.4342894959661,1.0050075,0.010715311,5868998,eclipsing_binary
1594.4356783553926,1.0063393,0.01072075,5868998,eclipsing_binary
1594.437067214819,1.0096543,0.010731945,5868998,eclipsing_binary
1594.4384560742471,0.9895145,0.01069972,5868998,eclipsing_binary
1594.4398449332095,1.004625,0.010708146,5868998,eclipsing_binary
1594.4412337926371,0.99902433,0.010701586,5868998,eclipsing_binary
1594.4426226520643,0.9996958,0.010713158,5868998,eclipsing_binary
1594.444011511492,1.0061654,0.010716397,5868998,eclipsing_binary
1594.4454003704534,1.0008965,0.010705635,5868998,eclipsing_binary
1594.4467892298815,1.0085418,0.010711079,5868998,eclipsing_binary
1594.4481780893095,0.99330735,0.010698103,5868998,eclipsing_binary
1594.4495669482715,1.0041418,0.010701105,5868998,eclipsing_binary
1594.4509558076982,1.0022644,0.010709652,5868998,eclipsing_binary
1594.4523446666592,0.9931066,0.010723836,5868998,eclipsing_binary
1594.4537335260873,1.0131959,0.010725773,5868998,eclipsing_binary
1594.455122385515,1.0053077,0.0107046,5868998,eclipsing_binary
1594.4565112444768,1.0130396,0.010732933,5868998,eclipsing_binary
1594.457900103904,0.99637705,0.0107042715,5868998,eclipsing_binary
1594.459288962866,1.0150003,0.010735739,5868998,eclipsing_binary
1594.460677822293,0.99732995,0.01069851,5868998,eclipsing_binary
1594.4620666812555,1.0036029,0.010717432,5868998,eclipsing_binary
1594.4634555406835,1.0065407,0.010721454,5868998,eclipsing_binary
1594.4648443996455,0.9797846,0.010692712,5868998,eclipsing_binary
1594.4662332590722,0.9900937,0.010700575,5868998,eclipsing_binary
1594.4676221180332,1.0041504,0.010704397,5868998,eclipsing_binary
1594.4690109774613,1.0055169,0.01071652,5868998,eclipsing_binary
1594.4703998364237,0.99353504,0.0106933275,5868998,eclipsing_binary
1594.4717886953852,1.0099504,0.010725863,5868998,eclipsing_binary
1594.4731775548128,1.0246673,0.010791585,5868998,eclipsing_binary
1594.4745664137743,1.0069399,0.01072617,5868998,eclipsing_binary
1594.4759552732014,1.0020748,0.010717552,5868998,eclipsing_binary
1594.4773441321638,0.98206675,0.010682635,5868998,eclipsing_binary
1594.4787329911262,1.0075603,0.010733976,5868998,eclipsing_binary
1594.4801218505538,0.9971762,0.010704052,5868998,eclipsing_binary
1594.4815107095149,0.99907887,0.010698352,5868998,eclipsing_binary
1594.482899568476,0.9835723,0.010684632,5868998,eclipsing_binary
1594.4842884274383,0.99048007,0.010711951,5868998,eclipsing_binary
1594.4856772868663,1.0019238,0.010728267,5868998,eclipsing_binary
1594.4870661458278,0.9854508,0.010685536,5868998,eclipsing_binary
1594.4884550047898,0.9951536,0.010730786,5868998,eclipsing_binary
1594.4898438637513,0.99564815,0.010707928,5868998,eclipsing_binary
1594.4912327227132,1.0044101,0.010748041,5868998,eclipsing_binary
1594.4926215821413,0.99460316,0.010706857,5868998,eclipsing_binary
1594.4940104411035,1.0186768,0.010725909,5868998,eclipsing_binary
1594.4953993000643,0.99363256,0.010693708,5868998,eclipsing_binary
1594.4967881590253,1.0132445,0.010730809,5868998,eclipsing_binary
1594.4981770179872,1.0019131,0.010711907,5868998,eclipsing_binary
1594.4995658769496,1.0044303,0.010772342,5868998,eclipsing_binary
1594.500954735912,0.9780216,0.0106744515,5868998,eclipsing_binary
1594.5023435953392,1.0061102,0.010701726,5868998,eclipsing_binary
1594.5037324543011,0.9888065,0.010696428,5868998,eclipsing_binary
1594.5051213132626,1.0099152,0.01073092,5868998,eclipsing_binary
1594.5065101722246,1.001865,0.010716835,5868998,eclipsing_binary
1594.507899031187,0.9985833,0.010718012,5868998,eclipsing_binary
1594.5092878901494,0.98058385,0.010730716,5868998,eclipsing_binary
1594.5106767491104,1.0178628,0.010723237,5868998,eclipsing_binary
1594.5120656080712,0.9890228,0.010698793,5868998,eclipsing_binary
1594.513454467033,0.99163204,0.010691573,5868998,eclipsing_binary
1594.5148433259953,1.0201056,0.01072386,5868998,eclipsing_binary
1594.516232184492,0.9810886,0.010658148,5868998,eclipsing_binary
1594.5176210434536,1.0282122,0.010750834,5868998,eclipsing_binary
1594.5190099024155,1.0197793,0.010739936,5868998,eclipsing_binary
1594.520398761377,1.0082359,0.010704418,5868998,eclipsing_binary
1594.521787620339,1.008367,0.0107069565,5868998,eclipsing_binary
1594.5231764793014,1.008261,0.010713661,5868998,eclipsing_binary
1594.5245653382638,0.9986131,0.010690914,5868998,eclipsing_binary
1594.5259541967591,0.9947802,0.010690603,5868998,eclipsing_binary
1594.5273430557202,1.0203224,0.0107314745,5868998,eclipsing_binary
1594.5287319146817,0.9864923,0.010681643,5868998,eclipsing_binary
1594.530120773644,0.9953863,0.010708762,5868998,eclipsing_binary
1594.5315096326065,1.0120353,0.010723092,5868998,eclipsing_binary
1594.5328984911025,0.99744177,0.010723356,5868998,eclipsing_binary
1594.5342873500642,1.0082357,0.010718392,5868998,eclipsing_binary
1594.5356762090257,0.99829227,0.0106862085,5868998,eclipsing_binary
1594.537065067522,0.99454343,0.010690518,5868998,eclipsing_binary
1594.5384539264844,1.0204931,0.010743963,5868998,eclipsing_binary
1594.539842785446,0.9809438,0.010662027,5868998,eclipsing_binary
1594.5412316439413,1.0043594,0.010711823,5868998,eclipsing_binary
1594.5426205029032,1.0092924,0.010718528,5868998,eclipsing_binary
1594.5440093618647,0.9950092,0.010702891,5868998,eclipsing_binary
1594.5453982203614,1.0061581,0.010725259,5868998,eclipsing_binary
1594.5467870793238,0.98518217,0.0106896665,5868998,eclipsing_binary
1594.5481759378201,1.0063272,0.010697003,5868998,eclipsing_binary
1594.5495647967816,0.99961036,0.010705006,5868998,eclipsing_binary
1594.5509536557433,1.0071203,0.010711482,5868998,eclipsing_binary
1594.5523425142394,0.99765134,0.010702514,5868998,eclipsing_binary
1594.5537313732018,1.0095707,0.010720824,5868998,eclipsing_binary
1594.5551202316976,1.0187262,0.010738544,5868998,eclipsing_binary
1594.5565090906587,0.98612356,0.010688915,5868998,eclipsing_binary
1594.557897949155,1.0017638,0.010714921,5868998,eclipsing_binary
1594.5592868076508,1.0264806,0.010753134,5868998,eclipsing_binary
1594.5606756666132,1.0252415,0.010746812,5868998,eclipsing_binary
1594.56206452511,0.9861374,0.010686224,5868998,eclipsing_binary
1594.5634533840719,0.9970629,0.010690125,5868998,eclipsing_binary
1594.5648422425677,1.0154998,0.010731454,5868998,eclipsing_binary
1594.566231101064,0.9963585,0.010691792,5868998,eclipsing_binary
1594.5676199600255,1.0085273,0.01072639,5868998,eclipsing_binary
1594.5690088185222,1.0048236,0.010710187,5868998,eclipsing_binary
1594.5703976770183,0.9973778,0.010698411,5868998,eclipsing_binary
1594.571786535979,0.9957697,0.010701602,5868998,eclipsing_binary
1594.5731753944754,0.97435534,0.010674106,5868998,eclipsing_binary
1594.5745642529712,0.99919397,0.010694337,5868998,eclipsing_binary
1594.5759531119336,0.9979364,0.010696494,5868998,eclipsing_binary
1594.5773419704303,0.99346995,0.010679395,5868998,eclipsing_binary
1594.5787308289266,1.0162086,0.010731313,5868998,eclipsing_binary
1594.5801196874224,0.9915016,0.010696581,5868998,eclipsing_binary
1594.5815085459187,0.9922302,0.0106974775,5868998,eclipsing_binary
1594.5828974048802,1.0042444,0.010729447,5868998,eclipsing_binary
1594.5842862633765,1.0028976,0.010759253,5868998,eclipsing_binary
1594.5856751218723,1.006904,0.010724073,5868998,eclipsing_binary
1594.5870639803686,0.99157226,0.010687008,5868998,eclipsing_binary
1594.5884528388644,1.0085652,0.010725245,5868998,eclipsing_binary
1594.5898416973603,1.0058318,0.010715545,5868998,eclipsing_binary
1594.591230555857,0.99953085,0.010697987,5868998,eclipsing_binary
1594.5926194143537,1.0043731,0.01070578,5868998,eclipsing_binary
1594.5940082733157,1.0063316,0.010708825,5868998,eclipsing_binary
1594.5953971318115,1.0058342,0.010718636,5868998,eclipsing_binary
1594.5967859903078,0.9925723,0.010701101,5868998,eclipsing_binary
1594.5981748488036,1.0065082,0.010715845,5868998,eclipsing_binary
1594.5995637073,0.9880175,0.010681157,5868998,eclipsing_binary
1594.6009525657958,1.0008341,0.010712594,5868998,eclipsing_binary
1594.602341424292,0.99851304,0.010703888,5868998,eclipsing_binary
1594.6037302823222,1.0054303,0.010716796,5868998,eclipsing_binary
1594.6051191408185,0.9893504,0.010706227,5868998,eclipsing_binary
1594.6065079993143,1.0013173,0.010700449,5868998,eclipsing_binary
1594.607896857811,0.9828292,0.010671582,5868998,eclipsing_binary
1594.6092857163078,0.99871874,0.010706508,5868998,eclipsing_binary
1594.6106745748036,0.9902114,0.010682783,5868998,eclipsing_binary
1594.6120634333,1.0005084,0.010692832,5868998,eclipsing_binary
1594.6134522917957,1.0232701,0.010740708,5868998,eclipsing_binary
1594.6148411498264,0.9984023,0.010706577,5868998,eclipsing_binary
1594.6162300083222,1.0108908,0.010724684,5868998,eclipsing_binary
1594.6176188668185,1.0008507,0.0107113235,5868998,eclipsing_binary
1594.6190077253143,0.9977181,0.010702198,5868998,eclipsing_binary
1594.6203965838106,1.0056585,0.0107050305,5868998,eclipsing_binary
1594.6217854418408,0.99753493,0.01069899,5868998,eclipsing_binary
1594.6231743003375,0.9988838,0.010718757,5868998,eclipsing_binary
1594.6245631588342,1.0142816,0.0107342005,5868998,eclipsing_binary
1594.6259520168649,1.0009,0.010694866,5868998,eclipsing_binary
1594.6273408753607,1.0012155,0.010692218,5868998,eclipsing_binary
1594.628729733856,0.99970716,0.010711743,5868998,eclipsing_binary
1594.6301185918862,1.0100045,0.010709087,5868998,eclipsing_binary
1594.631507450383,1.0212141,0.0107611455,5868998,eclipsing_binary
1594.6328963088793,1.0131421,0.01071549,5868998,eclipsing_binary
1594.6342851669094,1.0206674,0.010735433,5868998,eclipsing_binary
1594.6356740254057,1.0033419,0.010711577,5868998,eclipsing_binary
1594.6370628834359,0.9967182,0.010699231,5868998,eclipsing_binary
1594.6384517419326,0.97873175,0.010728268,5868998,eclipsing_binary
1594.6398405999637,1.0038475,0.010703331,5868998,eclipsing_binary
1594.64122945846,0.9950275,0.010684515,5868998,eclipsing_binary
1594.6426183164901,1.0230471,0.01072397,5868998,eclipsing_binary
1594.6440071749855,0.9967416,0.01075025,5868998,eclipsing_binary
1594.6453960330161,0.9844863,0.01067035,5868998,eclipsing_binary
1594.6467848915127,0.9892063,0.010689387,5868998,eclipsing_binary
1594.648173749543,1.0130271,0.010735013,5868998,eclipsing_binary
1594.6495626080389,0.9833999,0.010680059,5868998,eclipsing_binary
1594.6509514660695,1.0040932,0.010716479,5868998,eclipsing_binary
1594.6523403240997,1.0073978,0.010726557,5868998,eclipsing_binary
1594.6537291825964,0.9987898,0.010704649,5868998,eclipsing_binary
1594.6551180406275,0.9856947,0.0106643485,5868998,eclipsing_binary
1594.656506898658,0.9910077,0.010689796,5868998,eclipsing_binary
1594.6578957571535,0.98768085,0.010676833,5868998,eclipsing_binary
1594.6592846151832,1.0148846,0.010742832,5868998,eclipsing_binary
1594.6606734732143,1.014194,0.01072462,5868998,eclipsing_binary
1594.662062331711,0.99795973,0.010740274,5868998,eclipsing_binary
1594.6634511897412,1.0017188,0.010700973,5868998,eclipsing_binary
1594.6648400477718,1.0155439,0.010767777,5868998,eclipsing_binary
1594.666228905802,0.9947638,0.010685848,5868998,eclipsing_binary
1594.6676177642978,1.005634,0.010713062,5868998,eclipsing_binary
1594.6690066223289,0.99850154,0.010711106,5868998,eclipsing_binary
1594.67039548036,0.99580723,0.010692147,5868998,eclipsing_binary
1594.6717843383906,1.0079403,0.010762408,5868998,eclipsing_binary
1594.6731731964203,1.0011486,0.01069421,5868998,eclipsing_binary
1594.67456205445,1.0007578,0.010725106,5868998,eclipsing_binary
1594.675950912481,1.0041865,0.010707294,5868998,eclipsing_binary
1594.6773397705122,0.9918679,0.010692899,5868998,eclipsing_binary
1594.678728629008,1.0058818,0.010708817,5868998,eclipsing_binary
1594.6801174870386,1.0043695,0.010708081,5868998,eclipsing_binary
1594.6815063450688,0.9903949,0.0106910225,5868998,eclipsing_binary
1594.6828952030994,0.99685997,0.01069371,5868998,eclipsing_binary
1594.6842840611305,0.99349904,0.010687193,5868998,eclipsing_binary
1594.6856729191613,0.99710506,0.010698362,5868998,eclipsing_binary
1594.6870617771917,1.0031543,0.010705479,5868998,eclipsing_binary
1594.6884506352214,0.9970492,0.010692356,5868998,eclipsing_binary
1594.6898394927855,1.0017895,0.010705694,5868998,eclipsing_binary
1594.6912283508166,1.0073738,0.010707394,5868998,eclipsing_binary
1594.6926172088477,0.9904088,0.010705828,5868998,eclipsing_binary
1594.6940060668778,0.99348915,0.010705301,5868998,eclipsing_binary
1594.6953949249084,1.0011644,0.010709278,5868998,eclipsing_binary
1594.6967837829386,0.97892547,0.0106642945,5868998,eclipsing_binary
1594.6981726409692,1.0018356,0.010708055,5868998,eclipsing_binary
1594.6995614990003,0.9864461,0.010680555,5868998,eclipsing_binary
1594.7009503565657,0.99006546,0.010679695,5868998,eclipsing_binary
1594.7023392145954,0.9713482,0.010677767,5868998,eclipsing_binary
1594.703728072625,0.9890613,0.010694004,5868998,eclipsing_binary
1594.7051169306553,0.9682326,0.010646957,5868998,eclipsing_binary
1594.7065057882207,0.9796578,0.010660973,5868998,eclipsing_binary
1594.7078946462518,0.96936923,0.01063625,5868998,eclipsing_binary
1594.709283504282,0.9892142,0.010721602,5868998,eclipsing_binary
1594.710672361847,0.939918,0.010587611,5868998,eclipsing_binary
1594.7120612198771,0.9434184,0.010597353,5868998,eclipsing_binary
1594.7134500779077,0.9589549,0.010626354,5868998,eclipsing_binary
1594.7148389354732,0.957551,0.010622046,5868998,eclipsing_binary
1594.7162277935042,0.9592092,0.010618346,5868998,eclipsing_binary
1594.717616651534,0.9396155,0.010599725,5868998,eclipsing_binary
1594.719005509098,0.9623675,0.010630056,5868998,eclipsing_binary
1594.7203943671282,0.93075746,0.010574638,5868998,eclipsing_binary
1594.7217832246936,0.94447654,0.010587123,5868998,eclipsing_binary
1594.7231720827247,0.94465077,0.010602746,5868998,eclipsing_binary
1594.7245609402892,0.9370949,0.010592827,5868998,eclipsing_binary
1594.7259497983198,0.9583594,0.010626792,5868998,eclipsing_binary
1594.7273386558843,0.96649814,0.010648511,5868998,eclipsing_binary
1594.728727513915,0.96264124,0.010633811,5868998,eclipsing_binary
1594.7301163714803,0.957105,0.010623393,5868998,eclipsing_binary
1594.7315052295105,0.9676413,0.010652624,5868998,eclipsing_binary
1594.7328940870746,0.99031585,0.0106740175,5868998,eclipsing_binary
1594.7342829446395,0.9589029,0.010620993,5868998,eclipsing_binary
1594.7356718026697,0.9927565,0.0106790485,5868998,eclipsing_binary
1594.737060660235,0.9828224,0.010668926,5868998,eclipsing_binary
1594.7384495182662,0.98072886,0.010661316,5868998,eclipsing_binary
1594.7398383758311,0.9853391,0.010690452,5868998,eclipsing_binary
1594.7412272333956,0.99977815,0.010700983,5868998,eclipsing_binary
1594.742616091426,0.9975434,0.010676184,5868998,eclipsing_binary
1594.7440049489908,1.0049858,0.010759652,5868998,eclipsing_binary
1594.7453938065562,0.99402076,0.01069565,5868998,eclipsing_binary
1594.7467826641207,1.0006794,0.010684592,5868998,eclipsing_binary
1594.7481715216848,0.9967154,0.010688329,5868998,eclipsing_binary
1594.7495603797154,1.0052155,0.010691655,5868998,eclipsing_binary
1594.7509492372799,0.9973268,0.010726243,5868998,eclipsing_binary
1594.7523380948448,0.9882075,0.010673898,5868998,eclipsing_binary
1594.7537269524103,0.99646986,0.010701532,5868998,eclipsing_binary
1594.7551158099757,0.99333924,0.0106935045,5868998,eclipsing_binary
1594.7565046675402,1.0166328,0.010715604,5868998,eclipsing_binary
1594.7578935255708,1.014298,0.010712556,5868998,eclipsing_binary
1594.7592823831353,0.99260575,0.010684289,5868998,eclipsing_binary
1594.7606712407003,0.99312335,0.010696502,5868998,eclipsing_binary
1594.7620600982648,1.0152607,0.010746313,5868998,eclipsing_binary
1594.7634489558293,1.0143402,0.010711419,5868998,eclipsing_binary
1594.7648378133943,1.0005966,0.010708447,5868998,eclipsing_binary
1594.7662266709588,1.0013642,0.010709669,5868998,eclipsing_binary
1594.7676155285237,1.0098721,0.010725796,5868998,eclipsing_binary
1594.7690043860891,0.99618655,0.010693237,5868998,eclipsing_binary
1594.7703932436546,0.997717,0.010701203,5868998,eclipsing_binary
1594.771782101219,1.0091964,0.01070701,5868998,eclipsing_binary
1594.773170958784,1.0041481,0.010707503,5868998,eclipsing_binary
1594.7745598158829,1.0030344,0.010690846,5868998,eclipsing_binary
1594.7759486734478,1.0103998,0.010697062,5868998,eclipsing_binary
1594.7773375310123,0.9903732,0.010678189,5868998,eclipsing_binary
1594.7787263885773,1.0042158,0.01072086,5868998,eclipsing_binary
1594.7801152461418,1.0145811,0.0107286,5868998,eclipsing_binary
1594.7815041037063,1.0079548,0.010705284,5868998,eclipsing_binary
1594.7828929608056,0.9942851,0.010690796,5868998,eclipsing_binary
1594.784281818371,1.0048791,0.010712387,5868998,eclipsing_binary
1594.7856706759364,1.0091218,0.010712589,5868998,eclipsing_binary
1594.787059533501,0.97887194,0.010683763,5868998,eclipsing_binary
1594.7884483906003,1.0111095,0.010713651,5868998,eclipsing_binary
1594.7898372481643,1.0064594,0.010703867,5868998,eclipsing_binary
1594.7912261057288,1.0006474,0.01069994,5868998,eclipsing_binary
1594.7926149628286,0.9945198,0.010729332,5868998,eclipsing_binary
1594.7940038203935,1.0032042,0.010726001,5868998,eclipsing_binary
1594.795392677958,0.99976957,0.010703161,5868998,eclipsing_binary
1594.7967815350573,1.0044986,0.010697426,5868998,eclipsing_binary
1594.7981703926218,0.99699444,0.010697638,5868998,eclipsing_binary
1594.7995592497216,0.99102014,0.010675248,5868998,eclipsing_binary
1594.800948107287,1.027991,0.010733874,5868998,eclipsing_binary
1594.8023369648515,1.0025297,0.010708691,5868998,eclipsing_binary
1594.8037258219508,0.9944327,0.0107351085,5868998,eclipsing_binary
1594.8051146795149,0.9855613,0.010681491,5868998,eclipsing_binary
1594.8065035366137,0.99131167,0.010704285,5868998,eclipsing_binary
1594.8078923941791,1.0017145,0.010705838,5868998,eclipsing_binary
1594.8092812512784,0.99759346,0.010681214,5868998,eclipsing_binary
1594.8106701083773,0.982013,0.010693412,5868998,eclipsing_binary
1594.8120589659422,0.9996089,0.010701289,5868998,eclipsing_binary
1594.813447823041,0.9964468,0.010691256,5868998,eclipsing_binary
1594.8148366806065,1.0035777,0.0107165985,5868998,eclipsing_binary
1594.8162255377063,0.9889936,0.010673871,5868998,eclipsing_binary
1594.8176143948056,1.0056198,0.010710824,5868998,eclipsing_binary
1594.8190032523694,1.0068465,0.010705988,5868998,eclipsing_binary
1594.8203921094675,1.0132194,0.010716311,5868998,eclipsing_binary
1594.8217809665673,0.9943156,0.01070906,5868998,eclipsing_binary
1594.823169823667,0.99859774,0.010680238,5868998,eclipsing_binary
1594.824558681232,0.995373,0.010669661,5868998,eclipsing_binary
1594.8259475383309,0.9984029,0.010674958,5868998,eclipsing_binary
1594.8273363954302,0.9989374,0.010709615,5868998,eclipsing_binary
1594.828725252529,0.9978916,0.010707633,5868998,eclipsing_binary
1594.8301141100944,0.99859774,0.010706706,5868998,eclipsing_binary
1594.8315029671942,0.9951061,0.010683566,5868998,eclipsing_binary
1594.8328918242935,0.9910864,0.010689148,5868998,eclipsing_binary
1594.8342806813919,0.999188,0.01068964,5868998,eclipsing_binary
1594.8356695384903,0.99914813,0.010661989,5868998,eclipsing_binary
1594.83705839559,1.004486,0.010708454,5868998,eclipsing_binary
1594.8384472526895,0.9918153,0.0107008405,5868998,eclipsing_binary
1594.8398361097886,0.99106425,0.010684136,5868998,eclipsing_binary
1594.8412249668875,1.0144117,0.010711979,5868998,eclipsing_binary
1594.8426138239868,1.0020025,0.010695085,5868998,eclipsing_binary
1594.8440026810856,1.0153279,0.010726829,5868998,eclipsing_binary
1594.8453915381854,0.9744768,0.010648549,5868998,eclipsing_binary
1594.8467803952851,1.0011952,0.010707678,5868998,eclipsing_binary
1594.8481692523835,1.0016555,0.010724252,5868998,eclipsing_binary
1594.849558109482,0.9977781,0.010750822,5868998,eclipsing_binary
1594.8509469665812,0.98344636,0.01068672,5868998,eclipsing_binary
1594.852335823681,0.9842521,0.010697798,5868998,eclipsing_binary
1594.8537246807807,0.99275917,0.010703969,5868998,eclipsing_binary
1594.8551135378796,1.0058826,0.01070345,5868998,eclipsing_binary
1594.8565023949786,0.99745315,0.01071325,5868998,eclipsing_binary
1594.857891251612,1.0008684,0.010716571,5868998,eclipsing_binary
1594.859280108711,0.9889616,0.010688282,5868998,eclipsing_binary
1594.8606689658106,1.0054681,0.010723526,5868998,eclipsing_binary
1594.8620578229104,0.9833989,0.010685437,5868998,eclipsing_binary
1594.8634466795431,1.00074,0.010713966,5868998,eclipsing_binary
1594.8648355366415,1.0070803,0.010707283,5868998,eclipsing_binary
1594.8662243937408,0.99235046,0.01071332,5868998,eclipsing_binary
1594.867613250375,0.9903886,0.010684155,5868998,eclipsing_binary
1594.8690021074747,0.9984647,0.010693081,5868998,eclipsing_binary
1594.8703909645735,1.0116519,0.010739961,5868998,eclipsing_binary
1594.8717798212072,0.9938957,0.010701195,5868998,eclipsing_binary
1594.873168678306,1.0155764,0.010724098,5868998,eclipsing_binary
1594.8745575354053,1.0111918,0.010706929,5868998,eclipsing_binary
1594.8759463920394,0.9854494,0.010685243,5868998,eclipsing_binary
1594.8773352491382,1.0099397,0.010711227,5868998,eclipsing_binary
1594.878724105771,1.0088482,0.010749642,5868998,eclipsing_binary
1594.8801129628698,0.99642223,0.0106796585,5868998,eclipsing_binary
1594.8815018195035,0.9755258,0.010672457,5868998,eclipsing_binary
1594.8828906766032,0.98111385,0.01065597,5868998,eclipsing_binary
1594.8842795332373,1.0019736,0.010787602,5868998,eclipsing_binary
1594.8856683903361,0.9920294,0.010677007,5868998,eclipsing_binary
1594.8870572469698,0.9893493,0.010677305,5868998,eclipsing_binary
1594.8884461040686,0.9873538,0.010652916,5868998,eclipsing_binary
1594.8898349607023,1.0024309,0.010721092,5868998,eclipsing_binary
1594.8912238173364,0.98130447,0.010659828,5868998,eclipsing_binary
1594.8926126744352,0.99830794,0.010714414,5868998,eclipsing_binary
1594.894001531068,0.9960523,0.010702913,5868998,eclipsing_binary
1594.8953903877014,0.9889075,0.010683182,5868998,eclipsing_binary
1594.8967792448004,0.9854494,0.010678778,5868998,eclipsing_binary
1594.8981681014336,1.0058811,0.010700222,5868998,eclipsing_binary
1594.8995569580677,1.0096377,0.010706166,5868998,eclipsing_binary
1594.9009458147018,0.9933516,0.010675974,5868998,eclipsing_binary
1594.902334671801,1.0070815,0.01070702,5868998,eclipsing_binary
1594.9037235284343,0.99971455,0.0106954705,5868998,eclipsing_binary
1594.905112385068,0.992449,0.010680209,5868998,eclipsing_binary
1594.906501241701,0.9943137,0.010677711,5868998,eclipsing_binary
1594.9078900983347,0.9975532,0.010687439,5868998,eclipsing_binary
1594.909278954968,0.9989116,0.010709754,5868998,eclipsing_binary
1594.9106678116016,1.0120915,0.010732201,5868998,eclipsing_binary
1594.9120566682348,1.0130547,0.010713032,5868998,eclipsing_binary
1594.9134455253338,1.013335,0.010720143,5868998,eclipsing_binary
1594.9148343819677,0.98532295,0.010667783,5868998,eclipsing_binary
1594.9162232386018,1.0022501,0.010714329,5868998,eclipsing_binary
1594.9176120952354,0.9892252,0.01069147,5868998,eclipsing_binary
1594.9190009518686,0.9849251,0.010673945,5868998,eclipsing_binary
1594.9203898085023,0.9927068,0.010671062,5868998,eclipsing_binary
1594.9217786651354,0.9970738,0.010737757,5868998,eclipsing_binary
1594.9231675213034,0.9934574,0.01070036,5868998,eclipsing_binary
1594.9245563779366,0.99103665,0.010682204,5868998,eclipsing_binary
1594.9259452345702,1.0137662,0.010716109,5868998,eclipsing_binary
1594.9273340912034,0.99840814,0.010689378,5868998,eclipsing_binary
1594.928722947837,1.0024419,0.010693439,5868998,eclipsing_binary
1594.9301118044712,0.99416894,0.0106878765,5868998,eclipsing_binary
1594.9315006611052,1.0062425,0.01070774,5868998,eclipsing_binary
1594.9328895172728,1.0002502,0.010680696,5868998,eclipsing_binary
1594.9342783739062,1.0046641,0.010736759,5868998,eclipsing_binary
1594.9356672305387,1.0185952,0.010724503,5868998,eclipsing_binary
1594.9370560871723,0.98020965,0.010674133,5868998,eclipsing_binary
1594.9384449433408,1.0023471,0.01074083,5868998,eclipsing_binary
1594.939833799974,0.9972409,0.010684749,5868998,eclipsing_binary
1594.9412226566076,1.0064011,0.010691368,5868998,eclipsing_binary
1594.942611512775,1.0052167,0.0107133,5868998,eclipsing_binary
1594.9440003694087,1.0147177,0.010699528,5868998,eclipsing_binary
1594.9453892260428,1.0175604,0.010740138,5868998,eclipsing_binary
1594.9467780822113,0.99764216,0.010704391,5868998,eclipsing_binary
1594.9481669388445,0.99661607,0.010686549,5868998,eclipsing_binary
1594.9495557950124,0.99474925,0.010696951,5868998,eclipsing_binary
1594.950944651645,0.9927949,0.01070736,5868998,eclipsing_binary
1594.9523335078127,0.98503584,0.010675094,5868998,eclipsing_binary
1594.9537223644468,0.99740344,0.010693893,5868998,eclipsing_binary
1594.9551112206143,0.9985013,0.010691616,5868998,eclipsing_binary
1594.956500077248,0.99373484,0.010674707,5868998,eclipsing_binary
1594.9578889334155,0.985736,0.010679751,5868998,eclipsing_binary
1594.959277790049,0.99032354,0.01067904,5868998,eclipsing_binary
1594.9606666462175,0.9923054,0.010702726,5868998,eclipsing_binary
1594.9620555028516,1.0012994,0.010702138,5868998,eclipsing_binary
1594.9634443590191,0.9924788,0.010681318,5868998,eclipsing_binary
1594.9648332151862,0.99313956,0.010699946,5868998,eclipsing_binary
1594.966222071819,0.9916581,0.010672637,5868998,eclipsing_binary
1594.9676109279874,1.006886,0.010728875,5868998,eclipsing_binary
1594.9689997841558,0.9922682,0.010675398,5868998,eclipsing_binary
1594.9703886403238,1.0173029,0.0107251555,5868998,eclipsing_binary
1594.971777496957,0.9848919,0.010668598,5868998,eclipsing_binary
1594.9731663531245,1.0000296,0.0107144285,5868998,eclipsing_binary
1594.9745552092925,0.9868743,0.010679402,5868998,eclipsing_binary
1594.975944065461,0.99296135,0.010706203,5868998,eclipsing_binary
1594.9773329216293,0.9849228,0.010670438,5868998,eclipsing_binary
1594.978721778262,0.9912854,0.010693585,5868998,eclipsing_binary
1594.9801106344291,0.9914228,0.0106854215,5868998,eclipsing_binary
1594.9814994905967,1.0033177,0.01070241,5868998,eclipsing_binary
1594.982888346765,0.9951853,0.010679673,5868998,eclipsing_binary
1594.9842772029335,1.0044366,0.010700378,5868998,eclipsing_binary
1594.9856660591015,0.98537374,0.01067921,5868998,eclipsing_binary
1594.987054915269,0.9925024,0.010692842,5868998,eclipsing_binary
1594.988443771437,1.0115607,0.010725085,5868998,eclipsing_binary
1594.9898326276045,1.0102533,0.010721426,5868998,eclipsing_binary
1594.991221483773,0.98844254,0.0106689995,5868998,eclipsing_binary
1594.9926103399414,1.0096532,0.010710708,5868998,eclipsing_binary
1594.9939991961085,1.0133016,0.010719662,5868998,eclipsing_binary
1594.9953880522755,0.9982424,0.0107008,5868998,eclipsing_binary
1594.996776908443,0.99440783,0.010687368,5868998,eclipsing_binary
1594.9981657646115,0.99390435,0.010712356,5868998,eclipsing_binary
1594.9995546203143,0.9785967,0.010668429,5868998,eclipsing_binary
1595.0009434764822,1.0109884,0.010717688,5868998,eclipsing_binary
1595.0023323326498,1.00711,0.010708659,5868998,eclipsing_binary
1595.0037211888177,1.0053884,0.010717962,5868998,eclipsing_binary
1595.0051100449853,0.98514247,0.010661456,5868998,eclipsing_binary
1595.006498900688,0.9823095,0.010655207,5868998,eclipsing_binary
1595.007887756856,0.9912598,0.01069406,5868998,eclipsing_binary
1595.0092766130228,1.0104983,0.010721009,5868998,eclipsing_binary
1595.010665468725,0.99026716,0.010686809,5868998,eclipsing_binary
1595.0120543248925,1.0029947,0.010694294,5868998,eclipsing_binary
1595.013443181061,1.0073317,0.010695159,5868998,eclipsing_binary
1595.0148320367637,1.0110493,0.010717404,5868998,eclipsing_binary
1595.0162208929316,0.99805397,0.010696297,5868998,eclipsing_binary
1595.0176097486335,1.0103576,0.01072053,5868998,eclipsing_binary
1595.0189986048015,0.9955232,0.0107431365,5868998,eclipsing_binary
1595.020387460969,0.9969937,0.010682501,5868998,eclipsing_binary
1595.0217763166718,0.99682105,0.010703109,5868998,eclipsing_binary
1595.0231651728398,1.0059745,0.01070135,5868998,eclipsing_binary
1595.0245540285412,1.0052544,0.01073123,5868998,eclipsing_binary
1595.025942884243,1.0017354,0.010705387,5868998,eclipsing_binary
1595.027331740411,0.98206645,0.010677476,5868998,eclipsing_binary
1595.0287205961138,1.0080476,0.010730973,5868998,eclipsing_binary
1595.030109452282,0.99842656,0.010701152,5868998,eclipsing_binary
1595.031498307984,1.0168244,0.010728085,5868998,eclipsing_binary
1595.032887163686,1.0193322,0.01073188,5868998,eclipsing_binary
1595.034276019854,1.0171268,0.010718402,5868998,eclipsing_binary
1595.0356648755558,0.9904644,0.010693477,5868998,eclipsing_binary
1595.037053731258,1.0086097,0.0106997015,5868998,eclipsing_binary
1595.0384425874256,1.0063112,0.010718455,5868998,eclipsing_binary
1595.039831443128,1.0020928,0.010700897,5868998,eclipsing_binary
1595.0412202988298,1.0024778,0.010717432,5868998,eclipsing_binary
1595.042609154532,0.98824215,0.010679597,5868998,eclipsing_binary
1595.0439980107005,1.0121536,0.010713237,5868998,eclipsing_binary
1595.0453868664033,1.0111189,0.010722711,5868998,eclipsing_binary
1595.0467757221052,1.008742,0.01071051,5868998,eclipsing_binary
1595.0481645778073,1.0074525,0.010736312,5868998,eclipsing_binary
1595.0495534335093,0.99148214,0.010674578,5868998,eclipsing_binary
1595.0509422892108,1.0157113,0.010729128,5868998,eclipsing_binary
1595.0523311449126,1.0051781,0.010702774,5868998,eclipsing_binary
1595.0537200006154,0.99724454,0.010702953,5868998,eclipsing_binary
1595.0551088563177,1.001254,0.0107029565,5868998,eclipsing_binary
1595.0564977120196,0.9911034,0.010698628,5868998,eclipsing_binary
1595.0578865677219,1.0026976,0.010694896,5868998,eclipsing_binary
1595.0592754234237,0.9821185,0.010661363,5868998,eclipsing_binary
1595.0606642791265,1.0047144,0.010695594,5868998,eclipsing_binary
1595.0620531348293,0.99277866,0.010680128,5868998,eclipsing_binary
1595.0634419905316,0.9898739,0.010689482,5868998,eclipsing_binary
1595.0648308462335,1.0008085,0.010683017,5868998,eclipsing_binary
1595.0662197019349,0.994466,0.010697953,5868998,eclipsing_binary
1595.067608557171,0.99782705,0.01069022,5868998,eclipsing_binary
1595.0689974128738,0.9883617,0.01069,5868998,eclipsing_binary
1595.0703862685762,0.9847457,0.010680131,5868998,eclipsing_binary
1595.071775124278,0.9837367,0.010692416,5868998,eclipsing_binary
1595.0731639799803,0.9879011,0.010688557,5868998,eclipsing_binary
1595.0745528352165,0.9956987,0.010709121,5868998,eclipsing_binary
1595.0759416909193,0.9931127,0.010698411,5868998,eclipsing_binary
1595.077330546622,1.0170656,0.010731044,5868998,eclipsing_binary
1595.0787194018587,0.9912007,0.01069342,5868998,eclipsing_binary
1595.0801082575601,0.98520327,0.010670007,5868998,eclipsing_binary
1595.0814971132615,0.991865,0.010687259,5868998,eclipsing_binary
1595.0828859684987,1.0046202,0.010720357,5868998,eclipsing_binary
1595.0842748242014,1.0015632,0.010709558,5868998,eclipsing_binary
1595.0856636794376,0.9972292,0.010671984,5868998,eclipsing_binary
1595.0870525351395,0.9956347,0.010697,5868998,eclipsing_binary
1595.0884413903761,1.015272,0.01070891,5868998,eclipsing_binary
1595.089830246078,0.9934106,0.010673091,5868998,eclipsing_binary
1595.0912191013151,1.002482,0.010706593,5868998,eclipsing_binary
1595.092607957018,1.0041479,0.01072316,5868998,eclipsing_binary
1595.0939968122536,1.005035,0.0107073905,5868998,eclipsing_binary
1595.0953856674894,0.99043185,0.01069835,5868998,eclipsing_binary
1595.0967745231917,1.0114412,0.010714534,5868998,eclipsing_binary
1595.0981633784288,0.9940481,0.01070286,5868998,eclipsing_binary
1595.0995522341316,0.9809003,0.010660595,5868998,eclipsing_binary
1595.1009410893678,1.0027143,0.010710024,5868998,eclipsing_binary
1595.1023299446044,1.0099216,0.010715353,5868998,eclipsing_binary
1595.1037187998406,1.0146829,0.010732912,5868998,eclipsing_binary
1595.1051076555427,0.99683875,0.010691684,5868998,eclipsing_binary
1595.1064965107796,1.0162952,0.010721501,5868998,eclipsing_binary
1595.1078853660167,1.009361,0.01070239,5868998,eclipsing_binary
1595.1092742212525,0.9969021,0.010687923,5868998,eclipsing_binary
1595.1106630764882,0.98002845,0.010658222,5868998,eclipsing_binary
1595.1120519321905,1.0132976,0.010727698,5868998,eclipsing_binary
1595.1134407874276,1.0029802,0.010708314,5868998,eclipsing_binary
1595.1148296426647,0.9954166,0.010696446,5868998,eclipsing_binary
1595.116218497901,1.0060734,0.0107086785,5868998,eclipsing_binary
1595.1176073531376,0.99370575,0.010692388,5868998,eclipsing_binary
1595.1189962083738,1.0012757,0.010750935,5868998,eclipsing_binary
1595.1203850636105,1.0070151,0.010707968,5868998,eclipsing_binary
1595.1217739188476,1.0032101,0.010709773,5868998,eclipsing_binary
1595.1231627740838,0.992925,0.010707486,5868998,eclipsing_binary
1595.1245516293195,1.0069554,0.010703855,5868998,eclipsing_binary
1595.1259404845557,0.9912639,0.010692636,5868998,eclipsing_binary
1595.1273293397924,1.0137832,0.010718802,5868998,eclipsing_binary
1595.1287181945638,1.0068347,0.010717584,5868998,eclipsing_binary
1595.130107049801,0.98335314,0.010659572,5868998,eclipsing_binary
1595.1314959050371,0.99757904,0.010688407,5868998,eclipsing_binary
1595.1328847602738,1.0022367,0.010705298,5868998,eclipsing_binary
1595.13427361551,0.9924387,0.010677158,5868998,eclipsing_binary
1595.135662470281,1.0154133,0.010717714,5868998,eclipsing_binary
1595.1370513255172,1.0028509,0.010687666,5868998,eclipsing_binary
1595.1384401807538,0.9890889,0.010691144,5868998,eclipsing_binary
1595.13982903599,1.013278,0.010724665,5868998,eclipsing_binary
1595.141217890761,0.9962565,0.010708915,5868998,eclipsing_binary
1595.1426067459972,1.0094041,0.010727412,5868998,eclipsing_binary
1595.1439956012343,1.0002766,0.0106926,5868998,eclipsing_binary
1595.1453844560058,1.0104783,0.010713521,5868998,eclipsing_binary
1595.146773311242,1.0072678,0.010713331,5868998,eclipsing_binary
1595.148162166013,1.0068041,0.010727762,5868998,eclipsing_binary
1595.1495510212492,0.99960554,0.010697832,5868998,eclipsing_binary
1595.1509398760202,1.0062547,0.010724501,5868998,eclipsing_binary
1595.1523287312564,1.0104945,0.0106983185,5868998,eclipsing_binary
1595.1537175860274,0.99130124,0.010681437,5868998,eclipsing_binary
1595.1551064412636,0.9958735,0.010704932,5868998,eclipsing_binary
1595.1564952960346,1.0088025,0.010712865,5868998,eclipsing_binary
1595.1578841512708,0.99505764,0.010694316,5868998,eclipsing_binary
1595.1592730060422,0.9905684,0.010693739,5868998,eclipsing_binary
1595.1606618608137,0.9876295,0.010697392,5868998,eclipsing_binary
1595.1620507160503,0.995251,0.010684684,5868998,eclipsing_binary
1595.1634395708209,0.99667835,0.010686326,5868998,eclipsing_binary
1595.1648284255914,0.9918129,0.010699603,5868998,eclipsing_binary
1595.1662172808271,0.9933051,0.010699574,5868998,eclipsing_binary
1595.1676061355981,1.0004094,0.010687315,5868998,eclipsing_binary
1595.1689949903696,1.0000738,0.01069893,5868998,eclipsing_binary
1595.1703838451401,1.0257474,0.010745624,5868998,eclipsing_binary
1595.1717726999111,0.9956884,0.010727669,5868998,eclipsing_binary
1595.1731615551473,0.9975137,0.010724359,5868998,eclipsing_binary
1595.1745504099188,1.013087,0.010726534,5868998,eclipsing_binary
1595.1759392646902,0.9929685,0.010679249,5868998,eclipsing_binary
1595.1773281194612,0.98835737,0.010685024,5868998,eclipsing_binary
1595.1787169742317,0.9873858,0.010679631,5868998,eclipsing_binary
1595.1801058290018,1.0043757,0.0107021555,5868998,eclipsing_binary
1595.181494683772,0.9947317,0.01067769,5868998,eclipsing_binary
1595.1828835385434,1.0007735,0.010739192,5868998,eclipsing_binary
1595.1842723933148,1.0050415,0.010703702,5868998,eclipsing_binary
1595.1856612480854,0.99148005,0.010671706,5868998,eclipsing_binary
1595.1870501028563,1.0091116,0.010728894,5868998,eclipsing_binary
1595.1884389576269,1.0203831,0.010735386,5868998,eclipsing_binary
1595.1898278123983,1.0087959,0.010707407,5868998,eclipsing_binary
1595.1912166667041,0.9885076,0.010696208,5868998,eclipsing_binary
1595.1926055214751,0.9898096,0.010669346,5868998,eclipsing_binary
1595.1939943762452,1.0200193,0.010735642,5868998,eclipsing_binary
1595.1953832310153,0.9957716,0.010703214,5868998,eclipsing_binary
1595.1967720857858,0.9927915,0.010686933,5868998,eclipsing_binary
1595.1981609400916,0.9893349,0.010683168,5868998,eclipsing_binary
1595.199549794863,1.0083957,0.010706868,5868998,eclipsing_binary
1595.2009386496338,0.99777675,0.010705986,5868998,eclipsing_binary
1595.202327503939,1.0131469,0.010726699,5868998,eclipsing_binary
1595.2037163587095,1.0035249,0.010701393,5868998,eclipsing_binary
1595.2051052134805,1.0057331,0.010704869,5868998,eclipsing_binary
1595.2064940677863,1.0026448,0.010711606,5868998,eclipsing_binary
1595.2078829225577,1.00639,0.010705703,5868998,eclipsing_binary
1595.2092717768621,1.0032102,0.010751158,5868998,eclipsing_binary
1595.2106606316322,0.9947976,0.010733433,5868998,eclipsing_binary
1595.212049485937,1.0116805,0.010715069,5868998,eclipsing_binary
1595.2134383407085,1.0012972,0.010677751,5868998,eclipsing_binary
1595.2148271950143,1.0020853,0.010752394,5868998,eclipsing_binary
1595.2162160497853,0.9896752,0.0106762,5868998,eclipsing_binary
1595.2176049040902,1.0039675,0.010713157,5868998,eclipsing_binary
1595.2189937583955,0.9895189,0.010693479,5868998,eclipsing_binary
1595.220382613166,1.0088596,0.010716654,5868998,eclipsing_binary
1595.2217714674719,1.0060352,0.010697994,5868998,eclipsing_binary
1595.2231603217767,1.0063697,0.0107131135,5868998,eclipsing_binary
1595.2245491765468,1.0042126,0.010709359,5868998,eclipsing_binary
1595.2259380308521,1.0039082,0.010709491,5868998,eclipsing_binary
1595.227326885157,0.988015,0.010693364,5868998,eclipsing_binary
1595.2287157394628,0.9994388,0.01070556,5868998,eclipsing_binary
1595.2301045942343,0.9971293,0.010696344,5868998,eclipsing_binary
1595.2314934485396,0.9991715,0.010700349,5868998,eclipsing_binary
1595.2328823028445,1.0107491,0.010721797,5868998,eclipsing_binary
1595.2342711571498,1.0049117,0.010710969,5868998,eclipsing_binary
1595.2356600114547,1.0098444,0.010711395,5868998,eclipsing_binary
1595.23704886576,0.9941475,0.010719676,5868998,eclipsing_binary
1595.238437720065,1.0026311,0.010705151,5868998,eclipsing_binary
1595.2398265743698,1.013956,0.010735234,5868998,eclipsing_binary
1595.241215428675,1.0029122,0.010676251,5868998,eclipsing_binary
1595.24260428298,1.0002047,0.010690888,5868998,eclipsing_binary
1595.2439931372858,0.9954933,0.010688467,5868998,eclipsing_binary
1595.2453819915916,0.9928533,0.010695636,5868998,eclipsing_binary
1595.246770845897,0.99123305,0.010695597,5868998,eclipsing_binary
1595.2481597002018,0.9846896,0.010671813,5868998,eclipsing_binary
1595.249548554507,0.98872375,0.010689337,5868998,eclipsing_binary
1595.250937408812,0.99723434,0.0106887715,5868998,eclipsing_binary
1595.2523262626516,0.99616647,0.010702949,5868998,eclipsing_binary
1595.2537151169565,0.9851136,0.010665163,5868998,eclipsing_binary
1595.2551039712619,0.99384266,0.010678597,5868998,eclipsing_binary
1595.2564928255667,1.0062482,0.010695412,5868998,eclipsing_binary
1595.2578816794062,0.9984511,0.010697202,5868998,eclipsing_binary
1595.2592705337117,1.0106792,0.010710924,5868998,eclipsing_binary
1595.2606593880175,1.0110157,0.01071817,5868998,eclipsing_binary
1595.2620482418572,1.014598,0.010734981,5868998,eclipsing_binary
1595.263437096162,1.0002836,0.010698993,5868998,eclipsing_binary
1595.2648259504674,0.98362887,0.010663372,5868998,eclipsing_binary
1595.2662148043062,1.0027958,0.010703329,5868998,eclipsing_binary
1595.267603658611,1.0077341,0.010698989,5868998,eclipsing_binary
1595.2689925124512,0.99934685,0.010681682,5868998,eclipsing_binary
1595.2703813667565,1.0005037,0.010698927,5868998,eclipsing_binary
1595.2717702205957,1.0221636,0.01075873,5868998,eclipsing_binary
1595.273159074901,0.9973137,0.010703586,5868998,eclipsing_binary
1595.2745479287412,0.99661666,0.010707986,5868998,eclipsing_binary
1595.2759367825813,0.9945742,0.010683261,5868998,eclipsing_binary
1595.2773256368862,0.98016065,0.010670963,5868998,eclipsing_binary
1595.2787144907254,1.0058302,0.010688421,5868998,eclipsing_binary
1595.2801033445642,0.9948189,0.0107120145,5868998,eclipsing_binary
1595.2814921988686,1.0078818,0.010720304,5868998,eclipsing_binary
1595.2828810527087,0.98899466,0.010689314,5868998,eclipsing_binary
1595.2842699065488,0.99048793,0.010663302,5868998,eclipsing_binary
1595.2856587603885,1.0255755,0.010773737,5868998,eclipsing_binary
1595.2870476146934,0.98243296,0.010666421,5868998,eclipsing_binary
1595.288436468533,1.0002927,0.010679213,5868998,eclipsing_binary
1595.2898253223732,0.990258,0.010676843,5868998,eclipsing_binary
1595.2912141762133,1.0082324,0.01072176,5868998,eclipsing_binary
1595.2926030300525,0.9861863,0.01068373,5868998,eclipsing_binary
1595.2939918838913,1.0189475,0.010720523,5868998,eclipsing_binary
1595.29538073773,0.98723567,0.010677836,5868998,eclipsing_binary
1595.2967695915693,0.99915385,0.010695401,5868998,eclipsing_binary
1595.2981584454094,0.98220134,0.010672878,5868998,eclipsing_binary
1595.2995472992495,1.0007387,0.010689617,5868998,eclipsing_binary
1595.3009361530892,0.994612,0.010694341,5868998,eclipsing_binary
1595.3023250069284,0.9836274,0.010659194,5868998,eclipsing_binary
1595.303713860768,1.0293128,0.0107381055,5868998,eclipsing_binary
1595.3051027146082,0.9936952,0.01067842,5868998,eclipsing_binary
1595.3064915684483,1.0067754,0.010722041,5868998,eclipsing_binary
1595.3078804218214,0.9981653,0.0107090995,5868998,eclipsing_binary
1595.3092692756602,1.008338,0.010722426,5868998,eclipsing_binary
1595.3106581294994,0.98430055,0.010677612,5868998,eclipsing_binary
1595.312046983339,0.9977701,0.010692429,5868998,eclipsing_binary
1595.3134358367136,1.0080813,0.0107169,5868998,eclipsing_binary
1595.3148246905535,1.0139098,0.010738006,5868998,eclipsing_binary
1595.316213544393,0.9906373,0.01066523,5868998,eclipsing_binary
1595.3176023977664,1.0133249,0.010705988,5868998,eclipsing_binary
1595.3189912516061,1.0021693,0.010711904,5868998,eclipsing_binary
1595.3203801054462,1.0095634,0.010688961,5868998,eclipsing_binary
1595.3217689588207,0.99245685,0.010696401,5868998,eclipsing_binary
1595.3231578126595,0.9809065,0.010665306,5868998,eclipsing_binary
1595.3245466660326,1.0180979,0.010743169,5868998,eclipsing_binary
1595.3259355198718,1.0053413,0.010712211,5868998,eclipsing_binary
1595.3273243732458,1.0041934,0.010704771,5868998,eclipsing_binary
1595.328713227086,0.98882514,0.010690148,5868998,eclipsing_binary
1595.3301020804604,0.9898149,0.01067895,5868998,eclipsing_binary
1595.331490933834,0.98749447,0.010708208,5868998,eclipsing_binary
1595.3328797876736,0.9816764,0.010659047,5868998,eclipsing_binary
1595.3342686410472,0.9736042,0.010652934,5868998,eclipsing_binary
1595.3356574944216,0.9777623,0.010654141,5868998,eclipsing_binary
1595.3370463482609,0.9825791,0.010690964,5868998,eclipsing_binary
1595.338435201634,0.98294425,0.010669805,5868998,eclipsing_binary
1595.339824055008,0.9801094,0.010669367,5868998,eclipsing_binary
1595.3412129083815,0.9787599,0.010657789,5868998,eclipsing_binary
1595.3426017617555,0.9689439,0.010648317,5868998,eclipsing_binary
1595.3439906155957,0.9573731,0.010646284,5868998,eclipsing_binary
1595.3453794689701,0.9616348,0.010632719,5868998,eclipsing_binary
1595.3467683223437,0.9611714,0.010626208,5868998,eclipsing_binary
1595.3481571757177,0.96370006,0.010649417,5868998,eclipsing_binary
1595.3495460290912,0.9453322,0.010618698,5868998,eclipsing_binary
1595.3509348824653,0.9569653,0.010628354,5868998,eclipsing_binary
1595.3523237358388,0.9405461,0.010610377,5868998,eclipsing_binary
1595.3537125892126,0.94326967,0.010626629,5868998,eclipsing_binary
1595.3551014425864,0.952503,0.010604972,5868998,eclipsing_binary
1595.35649029596,0.9307824,0.010586636,5868998,eclipsing_binary
1595.357879149334,0.95040137,0.010604045,5868998,eclipsing_binary
1595.3592680022427,0.9438175,0.010593089,5868998,eclipsing_binary
1595.3606568556172,0.94294864,0.010618045,5868998,eclipsing_binary
1595.3620457089908,0.94655645,0.010610633,5868998,eclipsing_binary
1595.3634345623648,0.95495534,0.010626584,5868998,eclipsing_binary
1595.3648234157379,0.952911,0.010611495,5868998,eclipsing_binary
1595.3662122686453,0.96272665,0.01063289,5868998,eclipsing_binary
1595.3676011220198,0.9779497,0.01066575,5868998,eclipsing_binary
1595.3689899753942,0.97829556,0.010646036,5868998,eclipsing_binary
1595.3703788283021,0.9604049,0.0106422845,5868998,eclipsing_binary
1595.371767681676,0.993587,0.010681128,5868998,eclipsing_binary
1595.3731565350497,1.0029453,0.010696667,5868998,eclipsing_binary
1595.3745453879585,0.9519717,0.010624748,5868998,eclipsing_binary
1595.375934241333,1.0018226,0.010702927,5868998,eclipsing_binary
1595.3773230942409,0.993374,0.010699037,5868998,eclipsing_binary
1595.378711947614,0.98531157,0.010681125,5868998,eclipsing_binary
1595.3801008005214,1.0248256,0.0107435025,5868998,eclipsing_binary
1595.3814896538954,0.99636793,0.010700413,5868998,eclipsing_binary
1595.3828785068042,1.0091188,0.010729414,5868998,eclipsing_binary
1595.384267359713,0.9975772,0.010706489,5868998,eclipsing_binary
1595.3856562130866,0.9956124,0.010704002,5868998,eclipsing_binary
1595.387045065995,0.999925,0.010705145,5868998,eclipsing_binary
1595.3884339189028,1.0187105,0.010722808,5868998,eclipsing_binary
1595.3898227722773,1.0076928,0.010733933,5868998,eclipsing_binary
1595.391211625186,0.9913431,0.0106966095,5868998,eclipsing_binary
1595.3926004780942,1.0013233,0.010697221,5868998,eclipsing_binary
1595.3939893310014,0.9992853,0.010710656,5868998,eclipsing_binary
1595.3953781839089,0.98741937,0.010678276,5868998,eclipsing_binary
1595.3967670372829,1.0076058,0.010700361,5868998,eclipsing_binary
1595.3981558901917,1.0168792,0.010730457,5868998,eclipsing_binary
1595.3995447431005,0.99731696,0.010696423,5868998,eclipsing_binary
1595.4009335960084,0.99322754,0.0107099665,5868998,eclipsing_binary
1595.4023224489167,1.0123641,0.01069858,5868998,eclipsing_binary
1595.4037113018246,1.0014409,0.010704718,5868998,eclipsing_binary
1595.4051001547334,0.9943372,0.010681297,5868998,eclipsing_binary
1595.4064890076422,1.0078112,0.010713635,5868998,eclipsing_binary
1595.4078778605497,0.99224156,0.010679846,5868998,eclipsing_binary
1595.409266713457,0.9966741,0.010697431,5868998,eclipsing_binary
1595.4106555658993,1.0065719,0.0107182795,5868998,eclipsing_binary
1595.4120444188077,0.98765117,0.010684763,5868998,eclipsing_binary
1595.4134332717165,0.9988587,0.010713168,5868998,eclipsing_binary
1595.4148221246253,0.98727846,0.010674946,5868998,eclipsing_binary
1595.4162109775332,0.99600226,0.01069812,5868998,eclipsing_binary
1595.4175998299759,0.97034544,0.010653187,5868998,eclipsing_binary
1595.4189886828838,1.0083271,0.010694291,5868998,eclipsing_binary
1595.4203775357926,0.9997379,0.010735347,5868998,eclipsing_binary
1595.4217663882353,0.99480414,0.010693914,5868998,eclipsing_binary
1595.4231552411427,1.0096145,0.010735397,5868998,eclipsing_binary
1595.424544093585,0.9999656,0.010719988,5868998,eclipsing_binary
1595.4259329464933,1.0082996,0.010710711,5868998,eclipsing_binary
1595.4273217994012,0.9861118,0.010683404,5868998,eclipsing_binary
1595.4287106518443,0.9970315,0.010694412,5868998,eclipsing_binary
1595.4300995047531,0.99506575,0.010694627,5868998,eclipsing_binary
1595.4314883571953,0.9951418,0.010725275,5868998,eclipsing_binary
1595.432877209638,1.0059615,0.010705945,5868998,eclipsing_binary
1595.434266062546,0.99503386,0.010703888,5868998,eclipsing_binary
1595.4356549149886,1.0069276,0.010738942,5868998,eclipsing_binary
1595.4370437678965,0.9945782,0.010710701,5868998,eclipsing_binary
1595.4384326203392,1.0003123,0.010701137,5868998,eclipsing_binary
1595.4398214727814,0.97958976,0.010685004,5868998,eclipsing_binary
1595.4412103252241,1.006755,0.01071972,5868998,eclipsing_binary
1595.442599178132,1.0018445,0.010707792,5868998,eclipsing_binary
1595.4439880305752,0.99591297,0.010698659,5868998,eclipsing_binary
1595.4453768830183,0.98301756,0.010718443,5868998,eclipsing_binary
1595.446765735461,1.0040929,0.01072441,5868998,eclipsing_binary
1595.4481545879032,1.0147798,0.010728088,5868998,eclipsing_binary
1595.449543440345,0.9986223,0.01070931,5868998,eclipsing_binary
1595.4509322927872,0.9952258,0.01070905,5868998,eclipsing_binary
1595.4523211452304,1.0039501,0.010708892,5868998,eclipsing_binary
1595.453709997673,0.99744904,0.010687558,5868998,eclipsing_binary
1595.4550988501153,1.0068763,0.010713677,5868998,eclipsing_binary
1595.456487702558,0.98848677,0.01067713,5868998,eclipsing_binary
1595.4578765550002,1.0001286,0.010737696,5868998,eclipsing_binary
1595.4592654074434,0.97674763,0.0106696235,5868998,eclipsing_binary
1595.4606542598865,1.0051477,0.010719539,5868998,eclipsing_binary
1595.4620431123292,0.9934276,0.010693276,5868998,eclipsing_binary
1595.463431964771,1.0155832,0.01072012,5868998,eclipsing_binary
1595.464820816747,1.0048386,0.01071482,5868998,eclipsing_binary
1595.4662096691902,0.9900807,0.010675533,5868998,eclipsing_binary
1595.4675985216331,0.9845885,0.010668413,5868998,eclipsing_binary
1595.4689873740756,1.0128199,0.010786353,5868998,eclipsing_binary
1595.4703762260522,0.9967071,0.010712469,5868998,eclipsing_binary
1595.4717650784949,0.98021525,0.010675163,5868998,eclipsing_binary
1595.4731539304714,1.0152888,0.010745384,5868998,eclipsing_binary
1595.4745427829146,0.9920719,0.010696378,5868998,eclipsing_binary
1595.4759316353577,0.9925796,0.010688672,5868998,eclipsing_binary
1595.4773204873338,0.98998594,0.010669103,5868998,eclipsing_binary
1595.4787093397756,0.9986365,0.010704624,5868998,eclipsing_binary
1595.4800981917526,0.9828847,0.010673295,5868998,eclipsing_binary
1595.48148704373,1.0119303,0.010715579,5868998,eclipsing_binary
1595.4828758961733,0.99457383,0.010689665,5868998,eclipsing_binary
1595.4842647481498,0.9896786,0.010679982,5868998,eclipsing_binary
1595.4856536005925,0.9938217,0.01070365,5868998,eclipsing_binary
1595.487042452569,0.9955013,0.010701651,5868998,eclipsing_binary
1595.4884313045457,1.0092888,0.010720685,5868998,eclipsing_binary
1595.4898201565231,0.9952975,0.010722016,5868998,eclipsing_binary
1595.4912090089663,1.0094104,0.010721949,5868998,eclipsing_binary
1595.4925978609424,0.9860144,0.01067592,5868998,eclipsing_binary
1595.4939867129185,1.0026765,0.010728838,5868998,eclipsing_binary
1595.4953755648955,0.9855934,0.010702972,5868998,eclipsing_binary
1595.496764416873,0.99208367,0.010692452,5868998,eclipsing_binary
1595.4981532688505,0.9940193,0.010687855,5868998,eclipsing_binary
1595.499542120827,1.0091736,0.010728713,5868998,eclipsing_binary
1595.500930972804,0.9876067,0.010687967,5868998,eclipsing_binary
1595.5023198247807,0.9928939,0.010714753,5868998,eclipsing_binary
1595.5037086767577,0.9947078,0.010710535,5868998,eclipsing_binary
1595.5050975287352,0.99105084,0.01070327,5868998,eclipsing_binary
1595.5064863807117,0.97512734,0.010664793,5868998,eclipsing_binary
1595.5078752326879,0.9894534,0.010699039,5868998,eclipsing_binary
1595.5092640846644,1.0026845,0.010710165,5868998,eclipsing_binary
1595.5106529366415,1.0107943,0.010726902,5868998,eclipsing_binary
1595.512041788618,0.9919819,0.010701016,5868998,eclipsing_binary
1595.5134306401299,0.99514437,0.010707529,5868998,eclipsing_binary
1595.5148194921073,0.99009407,0.010685079,5868998,eclipsing_binary
1595.5162083440844,0.99860436,0.01072599,5868998,eclipsing_binary
1595.5175971955953,0.97454524,0.010660437,5868998,eclipsing_binary
1595.5189860475723,0.98999906,0.010677932,5868998,eclipsing_binary
1595.5203748995489,0.9826988,0.01068078,5868998,eclipsing_binary
1595.5217637510602,0.9927737,0.010701215,5868998,eclipsing_binary
1595.5231526030368,0.9963258,0.010694911,5868998,eclipsing_binary
1595.524541454548,1.0035172,0.010716083,5868998,eclipsing_binary
1595.5259303065247,1.0001731,0.010734021,5868998,eclipsing_binary
1595.5273191580357,1.0083334,0.010714154,5868998,eclipsing_binary
1595.5287080100131,0.9934359,0.010737621,5868998,eclipsing_binary
1595.530096861525,1.0076826,0.010727869,5868998,eclipsing_binary
1595.5314857130363,0.9762381,0.010693652,5868998,eclipsing_binary
1595.532874565013,0.99932444,0.010704403,5868998,eclipsing_binary
1595.5342634165233,1.0116733,0.010726453,5868998,eclipsing_binary
1595.5356522680347,0.98644173,0.010703168,5868998,eclipsing_binary
1595.5370411200122,0.9914361,0.010684455,5868998,eclipsing_binary
1595.538429971523,0.9849252,0.010687353,5868998,eclipsing_binary
1595.5398188230345,0.97829664,0.010677147,5868998,eclipsing_binary
1595.5412076745454,0.9770268,0.010676783,5868998,eclipsing_binary
1595.5425965260567,0.9648529,0.010651768,5868998,eclipsing_binary
1595.543985378034,1.0043352,0.010707049,5868998,eclipsing_binary
1595.5453742295456,0.9789377,0.010666872,5868998,eclipsing_binary
1595.546763081057,0.9949766,0.010714189,5868998,eclipsing_binary
1595.5481519325674,1.0020149,0.010699893,5868998,eclipsing_binary
1595.5495407840779,0.9818658,0.010672307,5868998,eclipsing_binary
1595.5509296355897,0.97783345,0.0106841745,5868998,eclipsing_binary
1595.5523184866358,0.9838111,0.0106951,5868998,eclipsing_binary
1595.5537073381468,0.99858624,0.010692518,5868998,eclipsing_binary
1595.5550961896581,1.0065902,0.010714135,5868998,eclipsing_binary
1595.556485041169,0.9703622,0.010658714,5868998,eclipsing_binary
1595.5578738926804,0.99643093,0.010724702,5868998,eclipsing_binary
1595.5592627441922,0.9930018,0.010700849,5868998,eclipsing_binary
1595.5606515952384,1.007924,0.010762495,5868998,eclipsing_binary
1595.5620404467486,0.9974739,0.010706308,5868998,eclipsing_binary
1595.5634292982588,0.9929879,0.01069043,5868998,eclipsing_binary
1595.5648181493045,0.9933064,0.0106887445,5868998,eclipsing_binary
1595.5662070008163,1.0144404,0.010742062,5868998,eclipsing_binary
1595.5675958523282,0.9934371,0.010688136,5868998,eclipsing_binary
1595.5689847033734,0.9939975,0.010718252,5868998,eclipsing_binary
1595.5703735548848,0.97903293,0.010660123,5868998,eclipsing_binary
1595.57176240593,1.0019019,0.010720636,5868998,eclipsing_binary
1595.5731512574414,0.97848535,0.010672011,5868998,eclipsing_binary
1595.5745401084876,1.0019888,0.0107201915,5868998,eclipsing_binary
1595.5759289599985,0.9886382,0.010692839,5868998,eclipsing_binary
1595.5773178110433,0.98728186,0.010683619,5868998,eclipsing_binary
1595.578706662089,0.99161094,0.010711299,5868998,eclipsing_binary
1595.5800955135999,0.98938394,0.010671252,5868998,eclipsing_binary
1595.581484364646,0.9936596,0.010709611,5868998,eclipsing_binary
1595.5828732156922,0.99959666,0.010713264,5868998,eclipsing_binary
1595.5842620667374,0.987939,0.010699386,5868998,eclipsing_binary
1595.5856509182488,0.99751264,0.010709077,5868998,eclipsing_binary
1595.587039769294,1.0114056,0.010768306,5868998,eclipsing_binary
1595.5884286203398,0.99750316,0.010724846,5868998,eclipsing_binary
1595.589817471385,1.001552,0.010759972,5868998,eclipsing_binary
1595.5912063224307,0.99494094,0.010713912,5868998,eclipsing_binary
1595.592595173476,0.98208445,0.010702759,5868998,eclipsing_binary
1595.5939840245217,0.9884037,0.010707929,5868998,eclipsing_binary
1595.595372875567,0.989385,0.01068892,5868998,eclipsing_binary
1595.596761726613,0.993072,0.0107057765,5868998,eclipsing_binary
1595.5981505776592,1.0140826,0.010734398,5868998,eclipsing_binary
1595.599539428705,0.9888547,0.010683545,5868998,eclipsing_binary
1595.6009282797502,1.0078201,0.010725406,5868998,eclipsing_binary
1595.6023171303298,0.98388344,0.01067706,5868998,eclipsing_binary
1595.6037059813746,0.9834511,0.010688154,5868998,eclipsing_binary
1595.6050948324203,0.9926329,0.010692064,5868998,eclipsing_binary
1595.6064836834664,1.0142512,0.010759211,5868998,eclipsing_binary
1595.607872534046,0.9876032,0.010729985,5868998,eclipsing_binary
1595.6092613850917,1.0010257,0.010729668,5868998,eclipsing_binary
1595.610650236137,0.9942581,0.010741986,5868998,eclipsing_binary
1595.6120390867175,0.97133917,0.010695127,5868998,eclipsing_binary
1595.6134279377636,1.0073048,0.01077081,5868998,eclipsing_binary
1595.6148167883437,0.99812895,0.010706614,5868998,eclipsing_binary
1595.616205639389,0.99868774,0.010706198,5868998,eclipsing_binary
1595.617594489968,0.99119586,0.010680555,5868998,eclipsing_binary
1595.6189833410128,0.98386467,0.010744507,5868998,eclipsing_binary
1595.6203721915933,0.9816523,0.010675861,5868998,eclipsing_binary
1595.6217610421738,0.9773903,0.0106722005,5868998,eclipsing_binary
1595.623149893219,0.9857085,0.010702696,5868998,eclipsing_binary
1595.6245387437991,0.99567974,0.010708226,5868998,eclipsing_binary
1595.6259275943787,0.9930114,0.010713203,5868998,eclipsing_binary
1595.6273164454249,1.0002587,0.010698142,5868998,eclipsing_binary
1595.6287052960054,1.0026058,0.010715318,5868998,eclipsing_binary
1595.6300941465854,0.9935266,0.01071628,5868998,eclipsing_binary
1595.6314829971645,0.9933407,0.0107203415,5868998,eclipsing_binary
1595.6328718477437,1.0033283,0.010703116,5868998,eclipsing_binary
1595.6342606983233,1.0003583,0.010733745,5868998,eclipsing_binary
1595.6356495493694,1.0029407,0.010731631,5868998,eclipsing_binary
1595.63703839995,1.0029441,0.010721297,5868998,eclipsing_binary
1595.6384272505297,0.9941835,0.010705546,5868998,eclipsing_binary
1595.6398161011095,0.9902093,0.010708469,5868998,eclipsing_binary
1595.6412049512235,1.0016099,0.010723487,5868998,eclipsing_binary
1595.642593801804,0.9832696,0.0106896,5868998,eclipsing_binary
1595.6439826523845,1.0025532,0.010716107,5868998,eclipsing_binary
1595.6453715029636,0.9952385,0.010725769,5868998,eclipsing_binary
1595.6467603535427,0.9980413,0.010726983,5868998,eclipsing_binary
1595.6481492041228,0.99074674,0.010701689,5868998,eclipsing_binary
1595.6495380542367,0.98824906,0.010696189,5868998,eclipsing_binary
1595.6509269048172,1.0039402,0.010736291,5868998,eclipsing_binary
1595.6523157553977,0.9988575,0.010727374,5868998,eclipsing_binary
1595.653704605512,1.0010053,0.010734982,5868998,eclipsing_binary
1595.6550934560917,0.9865875,0.010693733,5868998,eclipsing_binary
1595.6564823066717,0.9832682,0.010695544,5868998,eclipsing_binary
1595.6578711567865,0.98064023,0.010685865,5868998,eclipsing_binary
1595.6592600073661,0.98731965,0.010687978,5868998,eclipsing_binary
1595.6606488574796,0.98726135,0.0107187955,5868998,eclipsing_binary
1595.6620377080592,0.9967607,0.01076056,5868998,eclipsing_binary
1595.6634265581736,0.99296075,0.010691156,5868998,eclipsing_binary
1595.6648154082875,0.9930293,0.010706451,5868998,eclipsing_binary
1595.666204258868,1.0037225,0.010721735,5868998,eclipsing_binary
1595.6675931089828,1.0048338,0.010728897,5868998,eclipsing_binary
1595.6689819590972,0.9783274,0.01070651,5868998,eclipsing_binary
1595.6703708096768,0.98091745,0.010700069,5868998,eclipsing_binary
1595.6717596597912,0.97766423,0.010745599,5868998,eclipsing_binary
1595.6731485099046,1.0014753,0.010742949,5868998,eclipsing_binary
1595.6745373600186,0.9871149,0.010695571,5868998,eclipsing_binary
1595.6759262101334,0.9725663,0.010675542,5868998,eclipsing_binary
1595.6773150602476,0.9860846,0.010699232,5868998,eclipsing_binary
1595.6787039103617,0.9893374,0.010711572,5868998,eclipsing_binary
1595.6800927604756,0.9798059,0.0107290475,5868998,eclipsing_binary
1595.6814816105905,0.990863,0.010713404,5868998,eclipsing_binary
1595.6828704607053,0.9861162,0.010707907,5868998,eclipsing_binary
1595.6842593108197,0.99285656,0.01072431,5868998,eclipsing_binary
1595.6856481609336,1.0090681,0.010739427,5868998,eclipsing_binary
