time,flux,flux_err,tic_id,label
1385.9429655746085,0.9916191,0.00046998673,3815360,eclipsing_binary
1385.9443544671274,0.99121505,0.00046995387,3815360,eclipsing_binary
1385.9457433601112,0.991096,0.00046988536,3815360,eclipsing_binary
1385.9471322526301,0.990694,0.00046979563,3815360,eclipsing_binary
1385.948521145615,0.99057114,0.00046981074,3815360,eclipsing_binary
1385.949910038133,0.991198,0.00046996577,3815360,eclipsing_binary
1385.951298931117,0.99075323,0.00046982663,3815360,eclipsing_binary
1385.9526878236354,0.9899564,0.0004697076,3815360,eclipsing_binary
1385.9540767166193,0.99044347,0.00046978967,3815360,eclipsing_binary
1385.9554656091382,0.98934877,0.00046964185,3815360,eclipsing_binary
1385.956854502123,0.99013376,0.00046988862,3815360,eclipsing_binary
1385.9582433946412,0.9893255,0.00046965116,3815360,eclipsing_binary
1385.9596322871596,0.9901763,0.00046975698,3815360,eclipsing_binary
1385.9610211801441,0.98898476,0.00046960142,3815360,eclipsing_binary
1385.9624100726633,0.98981,0.0004696479,3815360,eclipsing_binary
1385.9637989656471,0.98868316,0.0004694407,3815360,eclipsing_binary
1385.965187858166,0.98961097,0.000469579,3815360,eclipsing_binary
1385.966576750685,0.9888776,0.00046950614,3815360,eclipsing_binary
1385.967965643669,0.9884715,0.00046947174,3815360,eclipsing_binary
1385.969354536188,0.9887392,0.00046939397,3815360,eclipsing_binary
1385.970743428707,0.9890841,0.00046947776,3815360,eclipsing_binary
1385.9721323216909,0.9893975,0.00046968993,3815360,eclipsing_binary
1385.973521214209,0.98850536,0.00046942293,3815360,eclipsing_binary
1385.9749101067275,0.98880994,0.00046941082,3815360,eclipsing_binary
1385.9762989997114,0.9891618,0.0004694905,3815360,eclipsing_binary
1385.9776878922303,0.9885976,0.00046945133,3815360,eclipsing_binary
1385.9790767847494,0.9892326,0.0004697635,3815360,eclipsing_binary
1385.9804656777333,0.98859954,0.00046945337,3815360,eclipsing_binary
1385.9818545702524,0.9886643,0.00046947043,3815360,eclipsing_binary
1385.9832434627713,0.9895448,0.00046957456,3815360,eclipsing_binary
1385.9846323552897,0.98953956,0.00046967546,3815360,eclipsing_binary
1385.9860212482743,0.9892563,0.00046966315,3815360,eclipsing_binary
1385.9874101407931,0.98866856,0.0004694851,3815360,eclipsing_binary
1385.9887990333114,0.9894196,0.00046961024,3815360,eclipsing_binary
1385.9901879258305,0.989667,0.00046965588,3815360,eclipsing_binary
1385.9915768188152,0.99012953,0.0004697929,3815360,eclipsing_binary
1385.9929657113335,0.9900682,0.0004696988,3815360,eclipsing_binary
1385.9943546038523,0.98968714,0.00046971714,3815360,eclipsing_binary
1385.9957434963708,0.99000007,0.00046987014,3815360,eclipsing_binary
1385.997132389354,0.98991,0.00046970585,3815360,eclipsing_binary
1385.9985212818722,0.989691,0.00046967051,3815360,eclipsing_binary
1385.999910174391,0.9900456,0.0004698158,3815360,eclipsing_binary
1386.0012990669102,0.9901482,0.000469717,3815360,eclipsing_binary
1386.0026879594284,0.99029434,0.00046990122,3815360,eclipsing_binary
1386.0040768519475,0.9903367,0.00046986053,3815360,eclipsing_binary
1386.005465744932,0.9903473,0.00046988888,3815360,eclipsing_binary
1386.0068546374505,0.9905822,0.00046981964,3815360,eclipsing_binary
1386.0082435299694,0.9907147,0.00047002375,3815360,eclipsing_binary
1386.0096324224883,0.99133915,0.00047004755,3815360,eclipsing_binary
1386.0110213150065,0.99123335,0.00047002468,3815360,eclipsing_binary
1386.0124102075256,0.991673,0.00047009802,3815360,eclipsing_binary
1386.0137991000445,0.9932891,0.00047053382,3815360,eclipsing_binary
1386.015187992563,0.9920413,0.00047028277,3815360,eclipsing_binary
1386.0165768850818,0.99279904,0.00047031522,3815360,eclipsing_binary
1386.0179657780657,0.9930292,0.00047040437,3815360,eclipsing_binary
1386.0193546705832,0.9920787,0.00047028373,3815360,eclipsing_binary
1386.0207435631023,0.9926686,0.00047031045,3815360,eclipsing_binary
1386.0221324556214,0.99286175,0.00047041787,3815360,eclipsing_binary
1386.0235213481396,0.9933897,0.00047050024,3815360,eclipsing_binary
1386.0249102406585,0.99386674,0.0004705195,3815360,eclipsing_binary
1386.0262991331774,0.9930332,0.00047054235,3815360,eclipsing_binary
1386.0276880256959,0.99392265,0.00047057527,3815360,eclipsing_binary
1386.0290769182147,0.9943992,0.00047063423,3815360,eclipsing_binary
1386.0304658107339,0.99417746,0.00047063752,3815360,eclipsing_binary
1386.031854703252,0.9945966,0.00047078732,3815360,eclipsing_binary
1386.0332435957712,0.994957,0.00047074942,3815360,eclipsing_binary
1386.03463248829,0.99476826,0.0004706883,3815360,eclipsing_binary
1386.0360213808083,0.9956954,0.000470877,3815360,eclipsing_binary
1386.0374102733272,0.99493575,0.00047078182,3815360,eclipsing_binary
1386.0387991658463,0.9964667,0.0004710529,3815360,eclipsing_binary
1386.0401880583638,0.99651235,0.00047111927,3815360,eclipsing_binary
1386.0415769508813,0.99669194,0.00047105277,3815360,eclipsing_binary
1386.0429658429348,0.9954214,0.0004709026,3815360,eclipsing_binary
1386.044354735454,0.9966472,0.0004711879,3815360,eclipsing_binary
1386.0457436279721,0.99682146,0.00047114445,3815360,eclipsing_binary
1386.047132520491,0.99727535,0.00047143456,3815360,eclipsing_binary
1386.04852141301,0.9974825,0.00047132417,3815360,eclipsing_binary
1386.0499103055283,0.9973042,0.00047134052,3815360,eclipsing_binary
1386.0512991980472,0.99789166,0.00047136686,3815360,eclipsing_binary
1386.0526880905663,0.9986387,0.0004715105,3815360,eclipsing_binary
1386.0540769830845,0.9983798,0.00047148296,3815360,eclipsing_binary
1386.055465875138,0.99850786,0.00047159396,3815360,eclipsing_binary
1386.056854767657,0.99860185,0.00047151474,3815360,eclipsing_binary
1386.058243660175,0.9985911,0.00047158718,3815360,eclipsing_binary
1386.059632552694,0.999486,0.0004715992,3815360,eclipsing_binary
1386.061021445213,0.9986426,0.00047169725,3815360,eclipsing_binary
1386.0624103377306,0.9987885,0.00047166558,3815360,eclipsing_binary
1386.0637992297834,1.0000015,0.00047170246,3815360,eclipsing_binary
1386.0651881223023,1.0003935,0.00047189018,3815360,eclipsing_binary
1386.0665770148205,1.0001143,0.000471813,3815360,eclipsing_binary
1386.0679659073394,1.0004286,0.00047195095,3815360,eclipsing_binary
1386.0693547998585,1.0005617,0.00047198986,3815360,eclipsing_binary
1386.070743691911,1.000028,0.00047193398,3815360,eclipsing_binary
1386.0721325844302,0.99983096,0.00047188147,3815360,eclipsing_binary
1386.073521476949,1.0009573,0.00047201215,3815360,eclipsing_binary
1386.0749103694675,1.000121,0.0004718898,3815360,eclipsing_binary
1386.0762992615207,1.0005585,0.0004720479,3815360,eclipsing_binary
1386.0776881540396,1.0005662,0.00047190237,3815360,eclipsing_binary
1386.0790770465578,1.000499,0.00047211171,3815360,eclipsing_binary
1386.0804659386106,1.0001576,0.00047195313,3815360,eclipsing_binary
1386.0818548311295,0.9997604,0.00047173616,3815360,eclipsing_binary
1386.0832437236486,1.0001246,0.00047185094,3815360,eclipsing_binary
1386.0846326157005,1.0010301,0.00047224987,3815360,eclipsing_binary
1386.086021508219,1.0000914,0.00047190738,3815360,eclipsing_binary
1386.0874104007378,1.0008525,0.00047197758,3815360,eclipsing_binary
1386.0887992927903,1.0007678,0.00047202417,3815360,eclipsing_binary
1386.0901881853092,1.0001491,0.0004719129,3815360,eclipsing_binary
1386.0915770778283,1.0007818,0.00047183933,3815360,eclipsing_binary
1386.0929659698809,1.001124,0.00047198927,3815360,eclipsing_binary
1386.0943548624,1.0009073,0.00047218037,3815360,eclipsing_binary
1386.0957437549189,1.0007252,0.0004720703,3815360,eclipsing_binary
1386.0971326469717,0.9992217,0.0004717352,3815360,eclipsing_binary
1386.0985215394905,1.0004644,0.00047205438,3815360,eclipsing_binary
1386.0999104315438,1.0009646,0.00047196803,3815360,eclipsing_binary
1386.101299324062,1.0001503,0.0004718626,3815360,eclipsing_binary
1386.102688216581,1.0016363,0.00047205144,3815360,eclipsing_binary
1386.1040771086346,1.0010592,0.0004721599,3815360,eclipsing_binary
1386.1054660011528,1.0006801,0.00047196305,3815360,eclipsing_binary
1386.1068548932053,1.0009949,0.0004719329,3815360,eclipsing_binary
1386.1082437857235,0.9999983,0.00047182728,3815360,eclipsing_binary
1386.1096326777763,1.0006881,0.00047198447,3815360,eclipsing_binary
1386.1110215702952,0.99936324,0.0004717778,3815360,eclipsing_binary
1386.1124104623486,1.0005339,0.00047199626,3815360,eclipsing_binary
1386.1137993548668,1.000875,0.0004720911,3815360,eclipsing_binary
1386.11518824692,1.0005921,0.00047195388,3815360,eclipsing_binary
1386.116577139439,1.0004476,0.00047200712,3815360,eclipsing_binary
1386.1179660314917,1.0008775,0.00047196602,3815360,eclipsing_binary
1386.1193549240102,1.0004243,0.00047198418,3815360,eclipsing_binary
1386.1207438160634,0.9997852,0.00047165618,3815360,eclipsing_binary
1386.1221327085823,1.0007212,0.00047197254,3815360,eclipsing_binary
1386.1235216006348,1.0008168,0.00047191474,3815360,eclipsing_binary
1386.124910493154,1.0005087,0.00047197635,3815360,eclipsing_binary
1386.1262993852072,1.0004268,0.0004718645,3815360,eclipsing_binary
1386.1276882777256,1.0012801,0.0004720892,3815360,eclipsing_binary
1386.1290771697782,1.0001532,0.00047191823,3815360,eclipsing_binary
1386.1304660618307,1.0008329,0.00047203145,3815360,eclipsing_binary
1386.131854954349,0.99976593,0.00047187513,3815360,eclipsing_binary
1386.1332438464024,1.0013225,0.00047209213,3815360,eclipsing_binary
1386.1346327389215,1.000429,0.0004719525,3815360,eclipsing_binary
1386.136021630974,1.0001869,0.0004719182,3815360,eclipsing_binary
1386.1374105230273,1.0007167,0.00047201538,3815360,eclipsing_binary
1386.1387994155461,0.9996962,0.0004717927,3815360,eclipsing_binary
1386.140188307599,1.0002439,0.00047190097,3815360,eclipsing_binary
1386.1415771996521,1.0006831,0.0004720248,3815360,eclipsing_binary
1386.1429660921713,1.0002979,0.0004720395,3815360,eclipsing_binary
1386.1443549842238,1.0013186,0.0004721004,3815360,eclipsing_binary
1386.1457438762773,1.0013125,0.00047227927,3815360,eclipsing_binary
1386.1471327687962,1.0002896,0.00047197027,3815360,eclipsing_binary
1386.1485216608487,0.99975824,0.0004717812,3815360,eclipsing_binary
1386.149910552902,1.0006976,0.00047202356,3815360,eclipsing_binary
1386.1512994454204,1.0003967,0.00047190138,3815360,eclipsing_binary
1386.1526883374722,1.0006717,0.0004721079,3815360,eclipsing_binary
1386.1540772295257,1.0010507,0.00047207368,3815360,eclipsing_binary
1386.1554661220446,1.0003896,0.00047190412,3815360,eclipsing_binary
1386.1568550140973,1.0002805,0.0004719174,3815360,eclipsing_binary
1386.1582439061506,1.00031,0.0004719207,3815360,eclipsing_binary
1386.1596327982038,1.0000316,0.00047184137,3815360,eclipsing_binary
1386.1610216902563,1.0012559,0.0004720956,3815360,eclipsing_binary
1386.1624105827748,1.0001615,0.00047194687,3815360,eclipsing_binary
1386.163799474828,1.000623,0.00047196992,3815360,eclipsing_binary
1386.1651883668815,1.0008637,0.00047206623,3815360,eclipsing_binary
1386.166577258934,1.0002257,0.00047200892,3815360,eclipsing_binary
1386.1679661514531,1.0005087,0.0004718041,3815360,eclipsing_binary
1386.1693550435064,1.0005451,0.00047191512,3815360,eclipsing_binary
1386.170743935559,1.0007588,0.0004719017,3815360,eclipsing_binary
1386.1721328276121,0.99960285,0.00047173203,3815360,eclipsing_binary
1386.173521719665,1.000985,0.00047206902,3815360,eclipsing_binary
1386.1749106117168,1.0005441,0.00047202205,3815360,eclipsing_binary
1386.1762995042359,1.000733,0.0004720697,3815360,eclipsing_binary
1386.177688396289,1.0012136,0.0004720067,3815360,eclipsing_binary
1386.1790772883417,0.9999087,0.0004718616,3815360,eclipsing_binary
1386.180466180395,1.0012136,0.00047207618,3815360,eclipsing_binary
1386.1818550724483,0.9997381,0.00047183983,3815360,eclipsing_binary
1386.183243964501,1.0003254,0.0004719946,3815360,eclipsing_binary
1386.1846328565543,1.001121,0.0004719773,3815360,eclipsing_binary
1386.1860217486076,1.0013125,0.00047208968,3815360,eclipsing_binary
1386.1874106406603,1.0005431,0.00047197516,3815360,eclipsing_binary
1386.1887995331792,0.99945563,0.00047163572,3815360,eclipsing_binary
1386.1901884252325,1.0012044,0.0004720801,3815360,eclipsing_binary
1386.191577317285,1.00044,0.00047208925,3815360,eclipsing_binary
1386.1929662093385,1.0004988,0.000471947,3815360,eclipsing_binary
1386.194355101392,0.9994583,0.00047192333,3815360,eclipsing_binary
1386.1957439934438,1.0006865,0.0004719066,3815360,eclipsing_binary
1386.1971328854963,0.9999805,0.0004717932,3815360,eclipsing_binary
1386.1985217775496,1.0005822,0.00047193872,3815360,eclipsing_binary
1386.1999106696023,1.0011386,0.000471874,3815360,eclipsing_binary
1386.2012995616549,1.001086,0.00047204236,3815360,eclipsing_binary
1386.202688453708,1.0006384,0.0004719878,3815360,eclipsing_binary
1386.2040773457616,1.001212,0.00047214847,3815360,eclipsing_binary
1386.205466237814,1.000199,0.00047210619,3815360,eclipsing_binary
1386.2068551298676,1.0007137,0.00047201253,3815360,eclipsing_binary
1386.2082440219208,1.0010427,0.00047210732,3815360,eclipsing_binary
1386.2096329139736,1.0011129,0.00047216014,3815360,eclipsing_binary
1386.2110218060268,0.99965376,0.00047194326,3815360,eclipsing_binary
1386.21241069808,1.0004855,0.0004719109,3815360,eclipsing_binary
1386.2137995901326,1.000122,0.00047191797,3815360,eclipsing_binary
1386.2151884817204,1.0003271,0.0004719452,3815360,eclipsing_binary
1386.2165773737736,0.99965274,0.00047190886,3815360,eclipsing_binary
1386.2179662658264,1.0006603,0.00047188078,3815360,eclipsing_binary
1386.219355157879,1.0014628,0.00047201023,3815360,eclipsing_binary
1386.2207440499315,1.0013198,0.00047220843,3815360,eclipsing_binary
1386.2221329419842,1.0005469,0.00047197257,3815360,eclipsing_binary
1386.2235218340375,1.0000731,0.00047192388,3815360,eclipsing_binary
1386.224910726091,1.0001373,0.0004718176,3815360,eclipsing_binary
1386.2262996181435,1.0004058,0.0004720867,3815360,eclipsing_binary
1386.227688509731,1.0009427,0.00047194317,3815360,eclipsing_binary
1386.2290774017843,1.0009406,0.00047216998,3815360,eclipsing_binary
1386.230466293837,0.9995746,0.0004718126,3815360,eclipsing_binary
1386.2318551858903,1.0005465,0.0004719818,3815360,eclipsing_binary
1386.2332440779437,1.0001659,0.0004719395,3815360,eclipsing_binary
1386.2346329699963,1.0009724,0.00047197574,3815360,eclipsing_binary
1386.236021861584,1.000529,0.0004719392,3815360,eclipsing_binary
1386.2374107536373,1.0006101,0.00047189055,3815360,eclipsing_binary
1386.2387996456898,1.0007727,0.00047190004,3815360,eclipsing_binary
1386.2401885377426,1.0005612,0.00047191753,3815360,eclipsing_binary
1386.2415774297951,1.0009096,0.00047211087,3815360,eclipsing_binary
1386.242966321382,0.99939114,0.00047162757,3815360,eclipsing_binary
1386.2443552134346,1.0007277,0.0004719957,3815360,eclipsing_binary
1386.245744105488,0.99943197,0.00047188558,3815360,eclipsing_binary
1386.2471329975415,1.0008513,0.00047196625,3815360,eclipsing_binary
1386.2485218891284,1.0001633,0.00047188415,3815360,eclipsing_binary
1386.2499107811816,0.9998108,0.00047181168,3815360,eclipsing_binary
1386.2512996732348,1.0001692,0.00047197315,3815360,eclipsing_binary
1386.252688564822,1.0005354,0.00047197758,3815360,eclipsing_binary
1386.2540774568752,0.99987864,0.00047184224,3815360,eclipsing_binary
1386.2554663489286,1.0002183,0.00047197286,3815360,eclipsing_binary
1386.2568552405155,1.000381,0.00047193028,3815360,eclipsing_binary
1386.258244132569,1.0000651,0.0004718713,3815360,eclipsing_binary
1386.2596330246222,1.0004599,0.00047194035,3815360,eclipsing_binary
1386.261021916209,0.99991107,0.0004718444,3815360,eclipsing_binary
1386.2624108082623,1.0006974,0.00047192659,3815360,eclipsing_binary
1386.263799700315,1.0002041,0.0004719886,3815360,eclipsing_binary
1386.2651885919013,0.9998204,0.00047194798,3815360,eclipsing_binary
1386.2665774839547,0.99988425,0.00047181986,3815360,eclipsing_binary
1386.267966376008,0.9999985,0.00047177865,3815360,eclipsing_binary
1386.269355267595,1.0005878,0.0004720321,3815360,eclipsing_binary
1386.2707441596483,1.0003155,0.00047186413,3815360,eclipsing_binary
1386.2721330512359,1.0005909,0.00047196553,3815360,eclipsing_binary
1386.2735219432884,1.0001615,0.00047190383,3815360,eclipsing_binary
1386.2749108353419,0.999725,0.00047180252,3815360,eclipsing_binary
1386.2762997269294,1.0003952,0.00047195915,3815360,eclipsing_binary
1386.2776886189822,1.0008783,0.0004720547,3815360,eclipsing_binary
1386.279077510569,1.0012212,0.00047212932,3815360,eclipsing_binary
1386.2804664026226,1.001433,0.0004721333,3815360,eclipsing_binary
1386.2818552942101,1.0007582,0.00047197184,3815360,eclipsing_binary
1386.2832441862627,1.0011207,0.00047203698,3815360,eclipsing_binary
1386.2846330778502,1.001132,0.00047204035,3815360,eclipsing_binary
1386.2860219699037,1.0002135,0.00047201928,3815360,eclipsing_binary
1386.2874108619555,1.0001211,0.00047198578,3815360,eclipsing_binary
1386.2887997535427,1.0008402,0.0004721098,3815360,eclipsing_binary
1386.290188645596,1.0010767,0.00047209315,3815360,eclipsing_binary
1386.2915775371828,1.00054,0.000471934,3815360,eclipsing_binary
1386.2929664287703,1.0006808,0.00047197973,3815360,eclipsing_binary
1386.2943553208238,1.0010626,0.00047202402,3815360,eclipsing_binary
1386.2957442124107,1.0005176,0.0004719247,3815360,eclipsing_binary
1386.2971331044641,1.0003698,0.00047194626,3815360,eclipsing_binary
1386.2985219960517,1.0008929,0.0004719826,3815360,eclipsing_binary
1386.2999108881045,1.0012143,0.0004722323,3815360,eclipsing_binary
1386.301299779692,1.0000789,0.0004719386,3815360,eclipsing_binary
1386.3026886717453,1.0005698,0.00047213706,3815360,eclipsing_binary
1386.3040775633322,1.00072,0.0004720555,3815360,eclipsing_binary
1386.30546645492,1.0010024,0.0004720948,3815360,eclipsing_binary
1386.3068553469734,1.0005975,0.0004720205,3815360,eclipsing_binary
1386.3082442385603,1.0008463,0.00047204012,3815360,eclipsing_binary
1386.3096331306128,1.000556,0.00047193555,3815360,eclipsing_binary
1386.3110220221997,1.0002606,0.00047195738,3815360,eclipsing_binary
1386.3124109137868,1.0000966,0.00047185938,3815360,eclipsing_binary
1386.31379980584,1.0006614,0.00047188892,3815360,eclipsing_binary
1386.3151886974279,1.0004803,0.00047185924,3815360,eclipsing_binary
1386.3165775890147,1.0004724,0.00047204053,3815360,eclipsing_binary
1386.3179664810682,1.0007489,0.000471981,3815360,eclipsing_binary
1386.3193553726558,1.0009775,0.00047208564,3815360,eclipsing_binary
1386.3207442642426,1.0004048,0.00047192568,3815360,eclipsing_binary
1386.3221331562954,0.9998848,0.00047182286,3815360,eclipsing_binary
1386.323522047883,1.0005686,0.0004719154,3815360,eclipsing_binary
1386.3249109394706,0.99990195,0.00047190714,3815360,eclipsing_binary
1386.326299831523,0.99976236,0.00047185997,3815360,eclipsing_binary
1386.327688723111,1.0003561,0.00047201393,3815360,eclipsing_binary
1386.3290776146985,1.0006231,0.00047207225,3815360,eclipsing_binary
1386.3304665062856,0.9992342,0.00047181745,3815360,eclipsing_binary
1386.3318553983381,1.0002588,0.0004720994,3815360,eclipsing_binary
1386.333244289925,0.999955,0.00047186867,3815360,eclipsing_binary
1386.3346331815121,1.00021,0.00047191494,3815360,eclipsing_binary
1386.3360220730997,0.99927837,0.0004717676,3815360,eclipsing_binary
1386.3374109651531,1.0008764,0.00047206235,3815360,eclipsing_binary
1386.33879985674,1.0003092,0.0004719611,3815360,eclipsing_binary
1386.3401887483276,1.0002941,0.00047192932,3815360,eclipsing_binary
1386.3415776399152,1.0003072,0.00047194987,3815360,eclipsing_binary
1386.3429665315023,1.0006258,0.00047190368,3815360,eclipsing_binary
1386.3443554235555,1.0014325,0.0004721758,3815360,eclipsing_binary
1386.3457443151433,1.0003519,0.0004719812,3815360,eclipsing_binary
1386.3471332067302,1.0005635,0.00047189087,3815360,eclipsing_binary
1386.348522098318,0.9999827,0.000471891,3815360,eclipsing_binary
1386.3499109899055,0.9998949,0.00047174975,3815360,eclipsing_binary
1386.3512998814924,1.0009474,0.0004721069,3815360,eclipsing_binary
1386.35268877308,1.0001035,0.00047200997,3815360,eclipsing_binary
1386.3540776651334,1.0011631,0.00047192234,3815360,eclipsing_binary
1386.3554665567196,0.9998634,0.0004719299,3815360,eclipsing_binary
1386.3568554483068,1.000493,0.00047181468,3815360,eclipsing_binary
1386.3582443398943,1.0005704,0.0004720259,3815360,eclipsing_binary
1386.3596332314814,1.0001258,0.00047190554,3815360,eclipsing_binary
1386.3610221230683,1.0004648,0.00047189486,3815360,eclipsing_binary
1386.362411014656,1.0012561,0.000472203,3815360,eclipsing_binary
1386.3637999062435,1.000784,0.00047203948,3815360,eclipsing_binary
1386.3651887978306,1.0007248,0.00047199774,3815360,eclipsing_binary
1386.3665776894181,1.0005444,0.00047197478,3815360,eclipsing_binary
1386.367966581006,1.0000187,0.00047185124,3815360,eclipsing_binary
1386.3693554730585,1.0010488,0.00047201308,3815360,eclipsing_binary
1386.3707443646463,1.0007794,0.0004719052,3815360,eclipsing_binary
1386.3721332562338,0.99982405,0.00047193086,3815360,eclipsing_binary
1386.3735221478207,1.0000248,0.0004719271,3815360,eclipsing_binary
1386.3749110394083,1.0005875,0.00047198977,3815360,eclipsing_binary
1386.376299930996,1.0007293,0.00047205997,3815360,eclipsing_binary
1386.3776888225823,1.0002601,0.0004719441,3815360,eclipsing_binary
1386.3790777141694,0.99988085,0.00047185985,3815360,eclipsing_binary
1386.380466605757,1.0001588,0.00047216192,3815360,eclipsing_binary
1386.381855497344,1.0004189,0.00047200496,3815360,eclipsing_binary
1386.3832443889316,0.99992,0.00047185982,3815360,eclipsing_binary
1386.3846332800535,0.9996979,0.00047188406,3815360,eclipsing_binary
1386.3860221716404,1.0004456,0.00047201035,3815360,eclipsing_binary
1386.3874110632282,1.0000057,0.00047195857,3815360,eclipsing_binary
1386.3887999548158,1.0003511,0.00047190615,3815360,eclipsing_binary
1386.390188846403,1.0001159,0.0004718637,3815360,eclipsing_binary
1386.3915777379905,0.9996471,0.00047185874,3815360,eclipsing_binary
1386.392966629578,1.0004215,0.00047209527,3815360,eclipsing_binary
1386.3943555211652,1.000291,0.0004719796,3815360,eclipsing_binary
1386.3957444127527,1.0004419,0.00047195074,3815360,eclipsing_binary
1386.3971333043405,1.0003695,0.00047207312,3815360,eclipsing_binary
1386.3985221959274,1.0007272,0.00047194716,3815360,eclipsing_binary
1386.3999110870486,1.000553,0.0004720274,3815360,eclipsing_binary
1386.4012999786355,1.0004429,0.000472078,3815360,eclipsing_binary
1386.4026888702226,0.9995467,0.00047175604,3815360,eclipsing_binary
1386.4040777618095,1.0003241,0.00047190307,3815360,eclipsing_binary
1386.405466653397,1.0001316,0.00047196378,3815360,eclipsing_binary
1386.4068555449849,0.9995671,0.00047173433,3815360,eclipsing_binary
1386.4082444365717,0.9999499,0.00047181844,3815360,eclipsing_binary
1386.4096333276939,1.0002583,0.00047213963,3815360,eclipsing_binary
1386.4110222192814,1.001041,0.0004720307,3815360,eclipsing_binary
1386.4124111108686,1.0006796,0.00047196678,3815360,eclipsing_binary
1386.4138000024561,1.0002605,0.0004719333,3815360,eclipsing_binary
1386.415188893578,0.9999141,0.0004719907,3815360,eclipsing_binary
1386.416577785165,0.9998327,0.00047180132,3815360,eclipsing_binary
1386.4179666767527,1.0000442,0.00047196768,3815360,eclipsing_binary
1386.4193555683405,1.0000969,0.00047184623,3815360,eclipsing_binary
1386.4207444599274,1.000416,0.00047192982,3815360,eclipsing_binary
1386.4221333510493,0.99935263,0.0004718589,3815360,eclipsing_binary
1386.4235222426364,0.99970937,0.0004718326,3815360,eclipsing_binary
1386.4249111342226,1.0000619,0.00047180298,3815360,eclipsing_binary
1386.4263000253445,0.99991876,0.00047183476,3815360,eclipsing_binary
1386.4276889169323,0.9999943,0.0004720078,3815360,eclipsing_binary
1386.4290778085192,1.0010703,0.00047220898,3815360,eclipsing_binary
1386.430466700107,0.99983317,0.00047181686,3815360,eclipsing_binary
1386.431855591229,1.0006379,0.0004719027,3815360,eclipsing_binary
1386.4332444828158,0.9999035,0.00047201553,3815360,eclipsing_binary
1386.4346333744033,0.99991536,0.00047188308,3815360,eclipsing_binary
1386.4360222655255,1.0011882,0.00047209914,3815360,eclipsing_binary
1386.4374111571124,1.0004649,0.00047202685,3815360,eclipsing_binary
1386.4388000487002,1.0002806,0.00047189317,3815360,eclipsing_binary
1386.440188939822,1.0006212,0.00047197533,3815360,eclipsing_binary
1386.441577831409,1.0011383,0.00047197094,3815360,eclipsing_binary
1386.4429667225304,0.99982244,0.00047181384,3815360,eclipsing_binary
1386.444355614118,0.99971616,0.00047194812,3815360,eclipsing_binary
1386.4457445057055,1.0009872,0.00047197973,3815360,eclipsing_binary
1386.4471333968263,1.0009822,0.00047208165,3815360,eclipsing_binary
1386.4485222884132,0.99970263,0.00047181337,3815360,eclipsing_binary
1386.449911180001,1.0000038,0.0004717823,3815360,eclipsing_binary
1386.4513000711222,1.0002053,0.000471826,3815360,eclipsing_binary
1386.4526889627098,1.0002012,0.00047193555,3815360,eclipsing_binary
1386.4540778538317,0.9999997,0.00047182178,3815360,eclipsing_binary
1386.4554667454188,1.0001715,0.00047181794,3815360,eclipsing_binary
1386.4568556365407,1.0003599,0.00047196855,3815360,eclipsing_binary
1386.4582445281285,1.0006174,0.00047211043,3815360,eclipsing_binary
1386.4596334192497,0.9999238,0.00047188115,3815360,eclipsing_binary
1386.4610223108375,1.0003152,0.00047197516,3815360,eclipsing_binary
1386.4624112019594,1.0003505,0.00047194294,3815360,eclipsing_binary
1386.4638000935463,0.99993974,0.00047209577,3815360,eclipsing_binary
1386.4651889846682,0.9999399,0.00047182204,3815360,eclipsing_binary
1386.466577876256,1.0003558,0.00047193601,3815360,eclipsing_binary
1386.4679667673772,1.0001552,0.0004718931,3815360,eclipsing_binary
1386.4693556589643,1.0001061,0.00047186407,3815360,eclipsing_binary
1386.4707445500856,0.9999882,0.00047196937,3815360,eclipsing_binary
1386.4721334416727,1.0003659,0.00047201818,3815360,eclipsing_binary
1386.4735223327946,1.0004367,0.0004720622,3815360,eclipsing_binary
1386.4749112243821,1.0006369,0.000471865,3815360,eclipsing_binary
1386.4763001155034,1.0005803,0.00047204614,3815360,eclipsing_binary
1386.4776890070912,1.0009725,0.0004721193,3815360,eclipsing_binary
1386.479077898213,1.0007393,0.00047209018,3815360,eclipsing_binary
1386.4804667893345,1.000931,0.0004720541,3815360,eclipsing_binary
1386.4818556809214,0.9996906,0.00047179207,3815360,eclipsing_binary
1386.4832445720435,1.0004532,0.0004719879,3815360,eclipsing_binary
1386.484633463631,0.9998646,0.0004718754,3815360,eclipsing_binary
1386.4860223547523,0.9997353,0.00047170577,3815360,eclipsing_binary
1386.4874112458742,1.0008672,0.00047209015,3815360,eclipsing_binary
1386.488800137462,1.0005889,0.00047195182,3815360,eclipsing_binary
1386.4901890285832,0.9996821,0.00047180866,3815360,eclipsing_binary
1386.4915779197054,1.0005692,0.00047198203,3815360,eclipsing_binary
1386.4929668112923,0.9996302,0.0004719068,3815360,eclipsing_binary
1386.4943557024128,0.9998337,0.00047171625,3815360,eclipsing_binary
1386.4957445935347,1.0003537,0.00047195182,3815360,eclipsing_binary
1386.4971334851225,1.0007784,0.00047210522,3815360,eclipsing_binary
1386.4985223762437,1.0014039,0.000472151,3815360,eclipsing_binary
1386.4999112673659,0.99986655,0.00047195712,3815360,eclipsing_binary
1386.5013001589534,1.0008986,0.00047207292,3815360,eclipsing_binary
1386.5026890500749,1.0006244,0.00047199483,3815360,eclipsing_binary
1386.5040779411968,1.0003731,0.00047212254,3815360,eclipsing_binary
1386.5054668327844,1.0007106,0.0004720107,3815360,eclipsing_binary
1386.5068557239058,1.0009356,0.00047205383,3815360,eclipsing_binary
1386.5082446150277,1.0000886,0.00047190642,3815360,eclipsing_binary
1386.5096335061498,1.0012102,0.00047209693,3815360,eclipsing_binary
1386.5110223977367,0.99962765,0.0004719289,3815360,eclipsing_binary
1386.5124112888586,1.0002506,0.00047196256,3815360,eclipsing_binary
1386.5138001799805,1.0009542,0.00047211908,3815360,eclipsing_binary
1386.515189071102,0.99970543,0.00047190383,3815360,eclipsing_binary
1386.5165779622232,1.0008293,0.00047197117,3815360,eclipsing_binary
1386.5179668538103,0.9998769,0.000471915,3815360,eclipsing_binary
1386.5193557449315,1.0005841,0.00047195086,3815360,eclipsing_binary
1386.5207446360528,1.000036,0.0004718959,3815360,eclipsing_binary
1386.522133527175,0.99976957,0.0004718627,3815360,eclipsing_binary
1386.5235224182968,1.0007496,0.00047199347,3815360,eclipsing_binary
1386.524911309884,0.99978733,0.0004719341,3815360,eclipsing_binary
1386.5263002010058,0.99934447,0.0004718348,3815360,eclipsing_binary
1386.5276890921277,1.0007346,0.00047204655,3815360,eclipsing_binary
1386.529077983249,0.99951935,0.00047169518,3815360,eclipsing_binary
1386.530466874371,1.0009067,0.00047215328,3815360,eclipsing_binary
1386.5318557654932,1.0008755,0.00047201852,3815360,eclipsing_binary
1386.5332446566144,1.0000685,0.00047189152,3815360,eclipsing_binary
1386.534633548202,1.0006912,0.00047196206,3815360,eclipsing_binary
1386.536022439324,1.0007831,0.00047213348,3815360,eclipsing_binary
1386.5374113304454,1.0012423,0.0004721049,3815360,eclipsing_binary
1386.5388002215666,1.0005025,0.0004719382,3815360,eclipsing_binary
1386.540189112688,1.0005589,0.0004721122,3815360,eclipsing_binary
1386.5415780038093,1.0006711,0.00047207825,3815360,eclipsing_binary
1386.5429668949314,1.000346,0.00047197304,3815360,eclipsing_binary
1386.5443557860533,1.0006256,0.00047195528,3815360,eclipsing_binary
1386.5457446771745,1.0008339,0.00047203182,3815360,eclipsing_binary
1386.5471335682964,0.99980545,0.00047196122,3815360,eclipsing_binary
1386.5485224594186,0.9999067,0.00047193095,3815360,eclipsing_binary
1386.5499113505398,1.0004156,0.0004719755,3815360,eclipsing_binary
1386.551300241662,1.0005585,0.00047181387,3815360,eclipsing_binary
1386.5526891327838,1.000072,0.0004720772,3815360,eclipsing_binary
1386.554078023905,1.0005864,0.00047198878,3815360,eclipsing_binary
1386.555466915027,1.0008861,0.00047212004,3815360,eclipsing_binary
1386.556855806149,1.0006789,0.00047196637,3815360,eclipsing_binary
1386.5582446972703,1.0007371,0.000472117,3815360,eclipsing_binary
1386.5596335883918,1.0003114,0.0004718943,3815360,eclipsing_binary
1386.5610224795137,0.99963516,0.000471888,3815360,eclipsing_binary
1386.562411370635,1.0008059,0.00047199408,3815360,eclipsing_binary
1386.5638002617557,0.99972147,0.0004718337,3815360,eclipsing_binary
1386.5651891528776,0.9997297,0.00047188823,3815360,eclipsing_binary
1386.5665780439995,1.0004522,0.0004720292,3815360,eclipsing_binary
1386.567966935121,1.0001237,0.0004718944,3815360,eclipsing_binary
1386.5693558262428,1.0008063,0.0004720879,3815360,eclipsing_binary
1386.570744717365,1.000525,0.00047199454,3815360,eclipsing_binary
1386.5721336084862,1.0009294,0.00047216963,3815360,eclipsing_binary
1386.5735224996083,0.99963766,0.0004719119,3815360,eclipsing_binary
1386.5749113902646,1.0004286,0.0004719474,3815360,eclipsing_binary
1386.5763002813858,0.9998561,0.00047198276,3815360,eclipsing_binary
1386.5776891725077,1.000129,0.00047198244,3815360,eclipsing_binary
1386.5790780636298,0.99946904,0.0004718042,3815360,eclipsing_binary
1386.580466954751,1.000239,0.00047199393,3815360,eclipsing_binary
1386.5818558458732,1.0004902,0.00047194678,3815360,eclipsing_binary
1386.583244736995,1.0003822,0.00047189303,3815360,eclipsing_binary
1386.5846336276509,1.0005577,0.0004719442,3815360,eclipsing_binary
1386.586022518772,1.0005698,0.00047200057,3815360,eclipsing_binary
1386.5874114098933,1.0008875,0.0004721221,3815360,eclipsing_binary
1386.5888003010145,0.9994293,0.00047179405,3815360,eclipsing_binary
1386.5901891921367,0.9999252,0.00047196847,3815360,eclipsing_binary
1386.591578082793,1.0006852,0.00047201847,3815360,eclipsing_binary
1386.5929669739144,1.0008407,0.00047210016,3815360,eclipsing_binary
1386.5943558650363,1.0006002,0.000472009,3815360,eclipsing_binary
1386.5957447561582,0.99971116,0.00047179204,3815360,eclipsing_binary
1386.5971336472796,1.0004857,0.00047203395,3815360,eclipsing_binary
1386.5985225379359,1.000565,0.00047199082,3815360,eclipsing_binary
1386.599911429058,0.9998298,0.00047195485,3815360,eclipsing_binary
1386.6013003201792,1.0003927,0.000471959,3815360,eclipsing_binary
1386.6026892113005,1.0007045,0.00047213616,3815360,eclipsing_binary
1386.604078101957,1.0001001,0.000471954,3815360,eclipsing_binary
1386.6054669930788,1.000646,0.00047200805,3815360,eclipsing_binary
1386.6068558842003,1.0004385,0.0004719333,3815360,eclipsing_binary
1386.6082447748565,1.001151,0.00047204152,3815360,eclipsing_binary
1386.6096336659778,1.000284,0.00047193444,3815360,eclipsing_binary
1386.6110225570983,1.0003598,0.00047196902,3815360,eclipsing_binary
1386.6124114477548,1.0001987,0.0004719053,3815360,eclipsing_binary
1386.6138003388767,1.0001789,0.00047183843,3815360,eclipsing_binary
1386.6151892299981,1.0000554,0.00047195758,3815360,eclipsing_binary
1386.6165781206544,1.0000632,0.000471994,3815360,eclipsing_binary
1386.6179670117763,1.0005355,0.00047202082,3815360,eclipsing_binary
1386.6193559028977,1.0007784,0.0004719826,3815360,eclipsing_binary
1386.620744793554,1.000665,0.00047198372,3815360,eclipsing_binary
1386.622133684676,1.0003664,0.00047202676,3815360,eclipsing_binary
1386.6235225757973,0.99963945,0.00047183153,3815360,eclipsing_binary
1386.6249114664536,1.0004967,0.0004720132,3815360,eclipsing_binary
1386.6263003575755,1.0004237,0.00047204286,3815360,eclipsing_binary
1386.6276892482313,1.0006502,0.0004720413,3815360,eclipsing_binary
1386.6290781393532,1.0005617,0.00047191724,3815360,eclipsing_binary
1386.6304670304753,1.0006202,0.000471919,3815360,eclipsing_binary
1386.6318559211309,1.0003251,0.00047189087,3815360,eclipsing_binary
1386.633244812252,1.000697,0.0004720184,3815360,eclipsing_binary
1386.6346337029079,0.99977654,0.0004718532,3815360,eclipsing_binary
1386.636022594029,1.0005475,0.0004720269,3815360,eclipsing_binary
1386.6374114846853,0.9999477,0.00047191494,3815360,eclipsing_binary
1386.6388003758075,1.0006176,0.00047202007,3815360,eclipsing_binary
1386.640189266463,1.0002137,0.00047198494,3815360,eclipsing_binary
1386.6415781575843,1.0003177,0.00047199038,3815360,eclipsing_binary
1386.6429670482407,1.0007924,0.00047213893,3815360,eclipsing_binary
1386.6443559393629,1.0011019,0.00047219073,3815360,eclipsing_binary
1386.6457448300184,1.0002078,0.00047199373,3815360,eclipsing_binary
1386.6471337211403,1.0000937,0.00047193049,3815360,eclipsing_binary
1386.6485226117966,1.0004485,0.00047203587,3815360,eclipsing_binary
1386.649911502918,1.0006081,0.0004718655,3815360,eclipsing_binary
1386.6513003935743,1.0007702,0.00047205234,3815360,eclipsing_binary
1386.6526892846964,1.0006871,0.00047206564,3815360,eclipsing_binary
1386.654078175352,0.99959683,0.0004718732,3815360,eclipsing_binary
1386.6554670664732,0.99961203,0.00047189865,3815360,eclipsing_binary
1386.656855957129,1.0000308,0.00047187513,3815360,eclipsing_binary
1386.6582448482502,1.0004789,0.00047209888,3815360,eclipsing_binary
1386.6596337389065,1.0016115,0.00047220587,3815360,eclipsing_binary
1386.661022629563,1.0005802,0.00047202458,3815360,eclipsing_binary
1386.6624115206841,1.0002376,0.00047210645,3815360,eclipsing_binary
1386.6638004113406,1.0004832,0.0004720274,3815360,eclipsing_binary
1386.6651893024625,1.0003148,0.00047200613,3815360,eclipsing_binary
1386.666578193118,1.000264,0.0004718374,3815360,eclipsing_binary
1386.6679670837743,0.99963534,0.0004718379,3815360,eclipsing_binary
1386.6693559748965,1.0001702,0.0004720803,3815360,eclipsing_binary
1386.670744865552,1.0010647,0.00047208683,3815360,eclipsing_binary
1386.6721337562085,1.0005019,0.00047204448,3815360,eclipsing_binary
1386.6735226473304,0.9999962,0.0004719147,3815360,eclipsing_binary
1386.6749115379862,1.0004789,0.00047211556,3815360,eclipsing_binary
1386.6763004286424,0.9998011,0.00047190356,3815360,eclipsing_binary
1386.6776893197643,1.0001918,0.0004721357,3815360,eclipsing_binary
1386.6790782104194,1.000591,0.00047200808,3815360,eclipsing_binary
1386.6804671010743,1.000852,0.00047198206,3815360,eclipsing_binary
1386.6818559921962,1.0004315,0.00047208738,3815360,eclipsing_binary
1386.6832448828527,1.0002654,0.00047197036,3815360,eclipsing_binary
1386.6846337735083,1.0006295,0.00047196748,3815360,eclipsing_binary
1386.6860226641647,0.99985635,0.00047183008,3815360,eclipsing_binary
1386.6874115552866,1.0003797,0.0004720952,3815360,eclipsing_binary
1386.6888004459422,1.0004268,0.0004721361,3815360,eclipsing_binary
1386.6901893365985,0.999704,0.00047186442,3815360,eclipsing_binary
1386.691578227255,1.0011995,0.00047216885,3815360,eclipsing_binary
1386.6929671183761,1.0007858,0.0004720637,3815360,eclipsing_binary
1386.6943560090326,1.0003904,0.00047201177,3815360,eclipsing_binary
1386.6957448996889,1.0003614,0.0004721677,3815360,eclipsing_binary
1386.6971337903447,1.0005994,0.00047207353,3815360,eclipsing_binary
1386.6985226814666,1.0004175,0.0004721092,3815360,eclipsing_binary
1386.6999115721228,1.0003604,0.00047199518,3815360,eclipsing_binary
1386.7013004627784,0.9998767,0.00047205208,3815360,eclipsing_binary
1386.7026893534342,1.0003629,0.00047204937,3815360,eclipsing_binary
1386.7040782440897,1.0002413,0.00047206672,3815360,eclipsing_binary
1386.7054671347455,1.0001152,0.0004719706,3815360,eclipsing_binary
1386.7068560258674,1.0008461,0.00047220217,3815360,eclipsing_binary
1386.7082449165237,1.0005751,0.00047195834,3815360,eclipsing_binary
1386.7096338071794,1.000764,0.00047204408,3815360,eclipsing_binary
1386.7110226978357,1.0004386,0.0004718906,3815360,eclipsing_binary
1386.7124115884922,1.0004346,0.0004720725,3815360,eclipsing_binary
1386.7138004791477,1.0003785,0.0004722827,3815360,eclipsing_binary
1386.715189369804,1.0000644,0.00047202286,3815360,eclipsing_binary
1386.7165782604602,1.0004207,0.00047209405,3815360,eclipsing_binary
1386.7179671515817,0.9996865,0.00047187766,3815360,eclipsing_binary
1386.719356042238,1.0011852,0.00047223808,3815360,eclipsing_binary
1386.7207449328944,1.0002373,0.00047189795,3815360,eclipsing_binary
1386.72213382355,1.000785,0.00047215604,3815360,eclipsing_binary
1386.7235227142055,1.0008866,0.00047223884,3815360,eclipsing_binary
1386.724911604862,0.99947864,0.00047184186,3815360,eclipsing_binary
1386.7263004955175,1.0003624,0.00047194975,3815360,eclipsing_binary
1386.7276893861726,1.0007368,0.00047217504,3815360,eclipsing_binary
1386.729078276829,1.0005368,0.00047206465,3815360,eclipsing_binary
1386.7304671674851,0.99988353,0.0004719924,3815360,eclipsing_binary
1386.7318560581407,1.0003946,0.00047200633,3815360,eclipsing_binary
1386.7332449487972,0.9999491,0.0004720201,3815360,eclipsing_binary
1386.7346338394536,1.000489,0.00047224408,3815360,eclipsing_binary
1386.7360227301092,0.9995856,0.00047186666,3815360,eclipsing_binary
1386.7374116207654,1.0008801,0.00047200598,3815360,eclipsing_binary
1386.7388005114217,1.0000749,0.00047196363,3815360,eclipsing_binary
1386.7401894020775,0.9995806,0.0004718439,3815360,eclipsing_binary
1386.7415782927337,0.99946856,0.00047181215,3815360,eclipsing_binary
1386.7429671833902,1.0002539,0.00047202146,3815360,eclipsing_binary
1386.7443560740458,1.0000153,0.00047197254,3815360,eclipsing_binary
1386.7457449647022,1.0002917,0.00047199492,3815360,eclipsing_binary
1386.7471338553585,1.0001655,0.00047206294,3815360,eclipsing_binary
1386.748522746014,0.9994258,0.00047184317,3815360,eclipsing_binary
1386.7499116366698,0.99919915,0.00047172885,3815360,eclipsing_binary
1386.7513005273254,1.0001708,0.00047201695,3815360,eclipsing_binary
1386.752689417981,1.000786,0.00047213392,3815360,eclipsing_binary
1386.7540783081718,1.0001897,0.00047187126,3815360,eclipsing_binary
1386.755467198828,1.0009388,0.00047211727,3815360,eclipsing_binary
1386.7568560894838,1.000434,0.00047207813,3815360,eclipsing_binary
1386.75824498014,1.0001284,0.00047206934,3815360,eclipsing_binary
1386.7596338707963,1.0008646,0.00047211084,3815360,eclipsing_binary
1386.7610227614518,1.0004631,0.00047218503,3815360,eclipsing_binary
1386.7624116521076,1.0003196,0.00047204175,3815360,eclipsing_binary
1386.7638005427639,1.0007254,0.00047206835,3815360,eclipsing_binary
1386.7651894329547,1.0000426,0.0004721354,3815360,eclipsing_binary
1386.7665783236102,1.00006,0.00047198805,3815360,eclipsing_binary
1386.7679672142667,0.99998325,0.00047211105,3815360,eclipsing_binary
1386.769356104923,1.0007203,0.0004720218,3815360,eclipsing_binary
1386.7707449955785,1.0003157,0.00047200345,3815360,eclipsing_binary
1386.772133885769,0.9995778,0.00047182816,3815360,eclipsing_binary
1386.773522776425,1.0006151,0.0004722419,3815360,eclipsing_binary
1386.7749116670798,1.0002859,0.00047196215,3815360,eclipsing_binary
1386.7763005577362,1.000204,0.00047201023,3815360,eclipsing_binary
1386.7790783385824,1.0004836,0.00047202912,3815360,eclipsing_binary
1386.7804672292386,1.000157,0.00047196954,3815360,eclipsing_binary
1386.781856119895,0.9992756,0.00047188727,3815360,eclipsing_binary
1386.7832450105507,1.000218,0.00047199312,3815360,eclipsing_binary
1386.7846339007415,1.0009327,0.0004720955,3815360,eclipsing_binary
1386.7860227913977,0.9998426,0.00047182507,3815360,eclipsing_binary
1386.7874116820535,1.0001743,0.00047201104,3815360,eclipsing_binary
1386.788800572244,0.9998061,0.0004718952,3815360,eclipsing_binary
1386.7901894629003,1.0005348,0.00047198898,3815360,eclipsing_binary
1386.791578353556,1.0001422,0.00047205092,3815360,eclipsing_binary
1386.7929672437467,0.99923915,0.00047194597,3815360,eclipsing_binary
1386.7943561344032,0.9997008,0.00047177926,3815360,eclipsing_binary
1386.7957450250587,1.0010844,0.00047213893,3815360,eclipsing_binary
1386.797133915715,1.001212,0.00047218904,3815360,eclipsing_binary
1386.7985228059051,1.000433,0.0004720108,3815360,eclipsing_binary
1386.79991169656,0.9995351,0.00047194998,3815360,eclipsing_binary
1386.80130058675,1.0003436,0.00047202632,3815360,eclipsing_binary
1386.8026894774061,1.0001429,0.00047195438,3815360,eclipsing_binary
1386.8040783680626,1.0005665,0.00047206282,3815360,eclipsing_binary
1386.8054672582525,0.99982136,0.0004718929,3815360,eclipsing_binary
1386.806856148909,1.0005798,0.00047218942,3815360,eclipsing_binary
1386.8082450395652,1.0001795,0.00047191483,3815360,eclipsing_binary
1386.8096339297554,1.0005442,0.00047218936,3815360,eclipsing_binary
1386.8110228204116,0.99909914,0.00047170956,3815360,eclipsing_binary
1386.8124117106022,0.9989803,0.00047188278,3815360,eclipsing_binary
1386.8138006012578,1.0007812,0.00047215694,3815360,eclipsing_binary
1386.8151894914486,1.0006843,0.00047218686,3815360,eclipsing_binary
1386.816578382105,1.0003976,0.00047192376,3815360,eclipsing_binary
1386.8179672727606,0.9999812,0.00047199833,3815360,eclipsing_binary
1386.8193561629512,1.000287,0.0004720279,3815360,eclipsing_binary
1386.8207450536074,1.0004394,0.0004719046,3815360,eclipsing_binary
1386.8221339437969,1.0004194,0.00047206265,3815360,eclipsing_binary
1386.8235228344524,1.0011708,0.00047221855,3815360,eclipsing_binary
1386.8249117246432,0.99997365,0.00047193465,3815360,eclipsing_binary
1386.8263006152988,1.000655,0.0004719624,3815360,eclipsing_binary
1386.8276895054894,1.0007408,0.000472191,3815360,eclipsing_binary
1386.8290783961456,1.0004468,0.00047203622,3815360,eclipsing_binary
1386.8304672863358,1.0003421,0.00047198782,3815360,eclipsing_binary
1386.831856176992,0.9991952,0.00047179568,3815360,eclipsing_binary
1386.8332450671828,1.0010473,0.0004721842,3815360,eclipsing_binary
1386.8346339578384,1.0000621,0.00047198037,3815360,eclipsing_binary
1386.8360228480292,1.0011936,0.0004722108,3815360,eclipsing_binary
1386.8374117382198,1.0007043,0.0004720761,3815360,eclipsing_binary
1386.8388006288753,1.0010126,0.00047203794,3815360,eclipsing_binary
1386.8401895190655,0.9990509,0.00047181072,3815360,eclipsing_binary
1386.8415784097217,0.99996203,0.00047189472,3815360,eclipsing_binary
1386.8429672999123,1.0009725,0.0004722219,3815360,eclipsing_binary
1386.844356190568,0.9999362,0.00047183895,3815360,eclipsing_binary
1386.845745080758,0.9998824,0.00047201425,3815360,eclipsing_binary
1386.847133970948,1.0008478,0.0004721751,3815360,eclipsing_binary
1386.8485228616037,1.0011181,0.0004721392,3815360,eclipsing_binary
1386.8499117517943,0.9997576,0.0004719394,3815360,eclipsing_binary
1386.8513006419848,1.0005548,0.00047204562,3815360,eclipsing_binary
1386.8526895326406,1.0001309,0.00047201285,3815360,eclipsing_binary
1386.8540784228312,1.0001073,0.00047199827,3815360,eclipsing_binary
1386.8554673134877,1.0003934,0.00047203517,3815360,eclipsing_binary
1386.8568562036776,1.0001876,0.0004721008,3815360,eclipsing_binary
1386.8582450938684,1.0000256,0.0004719792,3815360,eclipsing_binary
1386.8596339845246,1.0007503,0.00047206128,3815360,eclipsing_binary
1386.8610228747145,1.001673,0.00047225514,3815360,eclipsing_binary
1386.8624117649051,1.0000749,0.00047198468,3815360,eclipsing_binary
1386.863800655096,1.0005776,0.0004721522,3815360,eclipsing_binary
1386.8651895457515,1.0004699,0.00047207827,3815360,eclipsing_binary
1386.8665784359423,1.0001677,0.00047205284,3815360,eclipsing_binary
1386.8679673261329,0.99993604,0.00047196046,3815360,eclipsing_binary
1386.8693562167878,1.0001953,0.00047210132,3815360,eclipsing_binary
1386.870745106978,1.0001369,0.00047194576,3815360,eclipsing_binary
1386.8721339971685,1.0007131,0.0004720153,3815360,eclipsing_binary
1386.8735228873584,1.000704,0.0004721022,3815360,eclipsing_binary
1386.8749117780148,1.0004784,0.0004720354,3815360,eclipsing_binary
1386.8763006682054,1.000228,0.0004720424,3815360,eclipsing_binary
1386.8776895583956,1.000318,0.00047205575,3815360,eclipsing_binary
1386.8790784485861,1.0001534,0.00047197533,3815360,eclipsing_binary
1386.8804673387767,1.0002687,0.0004719719,3815360,eclipsing_binary
1386.8818562294325,1.0001528,0.00047198357,3815360,eclipsing_binary
1386.8832451196224,1.0001868,0.000471922,3815360,eclipsing_binary
1386.884634009813,1.0000855,0.00047193156,3815360,eclipsing_binary
1386.8860229000038,1.0003072,0.00047214463,3815360,eclipsing_binary
1386.8874117901937,1.0009533,0.00047203837,3815360,eclipsing_binary
1386.8888006808502,1.0008345,0.0004721822,3815360,eclipsing_binary
1386.8901895710408,1.0011013,0.00047223165,3815360,eclipsing_binary
1386.891578461231,1.000858,0.0004720199,3815360,eclipsing_binary
1386.8929673514208,1.0005969,0.00047213343,3815360,eclipsing_binary
1386.8943562416107,0.9996492,0.00047190074,3815360,eclipsing_binary
1386.8957451318006,1.0000451,0.00047189512,3815360,eclipsing_binary
1386.8971340219914,0.9998015,0.00047184684,3815360,eclipsing_binary
1386.898522912182,1.0003314,0.00047209815,3815360,eclipsing_binary
1386.8999118028378,1.0011085,0.00047215694,3815360,eclipsing_binary
1386.9013006930284,1.0006005,0.00047208503,3815360,eclipsing_binary
1386.902689583219,1.0004646,0.00047198898,3815360,eclipsing_binary
1386.9040784734088,1.0001973,0.00047201995,3815360,eclipsing_binary
1386.9054673635997,1.0000522,0.00047199713,3815360,eclipsing_binary
1386.9068562537905,0.9998465,0.00047191337,3815360,eclipsing_binary
1386.9082451439804,1.0002702,0.0004720032,3815360,eclipsing_binary
1386.909634034171,0.9998057,0.00047193933,3815360,eclipsing_binary
1386.9110229243615,1.0003439,0.00047205383,3815360,eclipsing_binary
1386.9124118145517,1.0000182,0.0004719897,3815360,eclipsing_binary
1386.9138007047422,1.0007106,0.00047204297,3815360,eclipsing_binary
1386.915189594933,0.99978054,0.00047189574,3815360,eclipsing_binary
1386.916578485123,1.0007834,0.0004720944,3815360,eclipsing_binary
1386.9179673753129,1.0012217,0.0004721737,3815360,eclipsing_binary
1386.919356265503,1.0002525,0.00047208136,3815360,eclipsing_binary
1386.9207451556929,1.0008323,0.00047209315,3815360,eclipsing_binary
1386.922134045883,1.0002851,0.0004719925,3815360,eclipsing_binary
1386.9235229360736,1.0007936,0.0004721539,3815360,eclipsing_binary
1386.9249118262642,1.00035,0.0004721745,3815360,eclipsing_binary
1386.926300716454,0.99961126,0.00047194713,3815360,eclipsing_binary
1386.927689606645,1.0002505,0.00047201832,3815360,eclipsing_binary
1386.9290784968357,0.9994501,0.00047191992,3815360,eclipsing_binary
1386.9304673870256,0.99993336,0.00047195074,3815360,eclipsing_binary
1386.9318562772162,1.0002242,0.0004719567,3815360,eclipsing_binary
1386.9332451674068,1.0005928,0.00047213087,3815360,eclipsing_binary
1386.934634057597,1.0000356,0.00047205624,3815360,eclipsing_binary
1386.9360229477875,1.0000191,0.00047198063,3815360,eclipsing_binary
1386.9374118379783,1.0001353,0.0004719443,3815360,eclipsing_binary
1386.9388007277025,1.0000113,0.00047196366,3815360,eclipsing_binary
1386.9401896178933,0.9997639,0.0004720702,3815360,eclipsing_binary
1386.9415785080832,0.99983996,0.00047191328,3815360,eclipsing_binary
1386.9429673982725,0.9989051,0.00047184812,3815360,eclipsing_binary
1386.944356288463,1.0014545,0.00047225662,3815360,eclipsing_binary
1386.9457451786539,0.99982506,0.00047209315,3815360,eclipsing_binary
1386.9471340688438,0.99936295,0.000471802,3815360,eclipsing_binary
1386.9485229590346,1.000061,0.00047193203,3815360,eclipsing_binary
1386.9499118487595,1.0010022,0.00047204428,3815360,eclipsing_binary
1386.9513007389494,1.0002002,0.00047211262,3815360,eclipsing_binary
1386.95268962914,1.0007212,0.00047210068,3815360,eclipsing_binary
1386.9540785193308,1.0002196,0.00047211978,3815360,eclipsing_binary
1386.9554674095207,1.001096,0.00047217595,3815360,eclipsing_binary
1386.9568562992458,1.0001044,0.00047197496,3815360,eclipsing_binary
1386.9582451894364,0.99980956,0.00047195939,3815360,eclipsing_binary
1386.9596340796265,1.0005509,0.00047221076,3815360,eclipsing_binary
1386.9610229698164,1.0008875,0.0004719983,3815360,eclipsing_binary
1386.962411860007,0.99987686,0.00047210412,3815360,eclipsing_binary
1386.963800749732,1.0008525,0.00047220106,3815360,eclipsing_binary
1386.965189639922,0.99998444,0.0004720074,3815360,eclipsing_binary
1386.9665785301122,1.000705,0.00047208284,3815360,eclipsing_binary
1386.967967420302,1.0004284,0.0004721373,3815360,eclipsing_binary
1386.9693563100263,1.0005738,0.00047211774,3815360,eclipsing_binary
1386.9707452002172,1.0000125,0.00047204527,3815360,eclipsing_binary
1386.9721340904077,0.99993485,0.00047211064,3815360,eclipsing_binary
1386.973522980132,0.9996488,0.00047199096,3815360,eclipsing_binary
1386.9749118703226,1.0006388,0.00047212487,3815360,eclipsing_binary
1386.9763007605134,1.0005215,0.0004720869,3815360,eclipsing_binary
1386.9776896502376,0.9997644,0.0004719456,3815360,eclipsing_binary
1386.9790785404284,1.0003288,0.0004720055,3815360,eclipsing_binary
1386.980467430619,1.0003077,0.00047200947,3815360,eclipsing_binary
1386.9818563203435,0.9995989,0.0004719408,3815360,eclipsing_binary
1386.983245210534,0.99951166,0.00047193,3815360,eclipsing_binary
1386.9860229904489,0.9994485,0.0004718733,3815360,eclipsing_binary
1386.9874118806397,1.0009081,0.00047225796,3815360,eclipsing_binary
1386.9888007708303,1.0005023,0.0004720756,3815360,eclipsing_binary
1386.9901896605538,1.0004755,0.00047207598,3815360,eclipsing_binary
1386.991578550744,1.0003799,0.00047208808,3815360,eclipsing_binary
1386.9929674409345,1.0006258,0.0004721969,3815360,eclipsing_binary
1386.994356330659,1.0005033,0.00047213258,3815360,eclipsing_binary
1386.9957452208496,1.0001733,0.00047203357,3815360,eclipsing_binary
1386.9971341105747,1.0000744,0.000472147,3815360,eclipsing_binary
1386.9985230007646,0.99975187,0.0004718249,3815360,eclipsing_binary
1386.9999118904896,0.99996376,0.0004718697,3815360,eclipsing_binary
1387.0013007806801,0.9996357,0.00047211727,3815360,eclipsing_binary
1387.0026896708703,1.0005859,0.0004720831,3815360,eclipsing_binary
1387.0040785605947,1.0005386,0.00047222953,3815360,eclipsing_binary
1387.0054674507853,1.0004158,0.00047204367,3815360,eclipsing_binary
1387.0068563405102,1.0004863,0.00047198375,3815360,eclipsing_binary
1387.0082452307001,1.0016266,0.00047220456,3815360,eclipsing_binary
1387.0096341204253,1.0006694,0.0004720831,3815360,eclipsing_binary
1387.0110230106159,1.0001277,0.000472027,3815360,eclipsing_binary
1387.0124119003403,0.9999647,0.0004719863,3815360,eclipsing_binary
1387.0138007905302,1.0009985,0.00047215927,3815360,eclipsing_binary
1387.0151896802545,1.0015522,0.0004721941,3815360,eclipsing_binary
1387.0165785704444,1.0005832,0.00047211142,3815360,eclipsing_binary
1387.0179674601695,0.9998028,0.0004719052,3815360,eclipsing_binary
1387.0193563503603,0.9999553,0.00047204536,3815360,eclipsing_binary
1387.0207452400846,1.0003914,0.0004720072,3815360,eclipsing_binary
1387.0221341298095,0.99976665,0.00047193374,3815360,eclipsing_binary
1387.02352302,0.9999095,0.00047203634,3815360,eclipsing_binary
1387.0249119097246,1.0007106,0.00047212208,3815360,eclipsing_binary
1387.0263007999151,1.0010347,0.0004722653,3815360,eclipsing_binary
1387.0276896896403,1.0009152,0.00047216626,3815360,eclipsing_binary
1387.0290785798302,0.9996056,0.0004720383,3815360,eclipsing_binary
1387.0304674695553,1.0007524,0.00047201826,3815360,eclipsing_binary
1387.0318563592803,1.0012939,0.0004722548,3815360,eclipsing_binary
1387.0332452494702,1.0001397,0.00047190147,3815360,eclipsing_binary
1387.034634139195,1.0009235,0.00047228744,3815360,eclipsing_binary
1387.036023029386,1.000447,0.0004720536,3815360,eclipsing_binary
1387.0374119191101,1.0016986,0.0004723076,3815360,eclipsing_binary
1387.0388008088344,1.0004572,0.0004720005,3815360,eclipsing_binary
1387.0401896990245,1.001898,0.00047239155,3815360,eclipsing_binary
1387.041578588749,1.0009165,0.00047226078,3815360,eclipsing_binary
1387.0429674784732,1.0003382,0.00047210976,3815360,eclipsing_binary
1387.0443563686638,1.0009813,0.00047222758,3815360,eclipsing_binary
1387.0457452583887,1.0005126,0.00047198284,3815360,eclipsing_binary
1387.0471341481132,0.99972135,0.000471996,3815360,eclipsing_binary
1387.0485230383038,0.99996376,0.00047191343,3815360,eclipsing_binary
1387.049911928029,1.0008378,0.00047206404,3815360,eclipsing_binary
1387.0513008177531,1.0005364,0.00047215354,3815360,eclipsing_binary
1387.0526897074783,1.0003496,0.0004720028,3815360,eclipsing_binary
1387.0540785976689,0.9999706,0.0004720854,3815360,eclipsing_binary
1387.0554674873931,1.0005425,0.00047204553,3815360,eclipsing_binary
1387.056856377118,1.001134,0.00047206765,3815360,eclipsing_binary
1387.0582452668432,1.0000421,0.00047199975,3815360,eclipsing_binary
1387.059634157033,1.0010612,0.00047219178,3815360,eclipsing_binary
1387.0610230467582,1.0009203,0.00047214387,3815360,eclipsing_binary
1387.0624119364832,1.0003593,0.00047203767,3815360,eclipsing_binary
1387.0638008262067,1.0002286,0.00047206657,3815360,eclipsing_binary
1387.0651897163966,1.0018438,0.0004722957,3815360,eclipsing_binary
1387.0665786061218,1.0002135,0.00047215473,3815360,eclipsing_binary
1387.067967495846,1.0012289,0.00047220924,3815360,eclipsing_binary
1387.0693563855712,1.0015613,0.0004722583,3815360,eclipsing_binary
1387.070745275296,1.0008097,0.00047215723,3815360,eclipsing_binary
1387.0721341654862,1.001489,0.00047220985,3815360,eclipsing_binary
1387.0735230552111,1.0010568,0.00047213616,3815360,eclipsing_binary
1387.074911944936,1.0010056,0.00047223284,3815360,eclipsing_binary
1387.0763008346603,1.0014178,0.00047235243,3815360,eclipsing_binary
1387.0776897243854,1.0009006,0.00047211404,3815360,eclipsing_binary
1387.0790786141106,1.0014256,0.00047221116,3815360,eclipsing_binary
1387.0804675043005,1.0017765,0.000472321,3815360,eclipsing_binary
1387.0818563940247,1.0013572,0.000472191,3815360,eclipsing_binary
1387.0832452837499,1.0003841,0.00047209114,3815360,eclipsing_binary
1387.0846341734748,1.001062,0.00047211838,3815360,eclipsing_binary
1387.086023063199,1.0009981,0.00047218456,3815360,eclipsing_binary
1387.0874119529235,1.0005311,0.00047209178,3815360,eclipsing_binary
1387.0888008426477,1.0001667,0.00047204155,3815360,eclipsing_binary
1387.090189732372,1.0014582,0.0004722831,3815360,eclipsing_binary
1387.0915786220971,1.0008378,0.00047225945,3815360,eclipsing_binary
1387.092967511822,1.0010769,0.00047211358,3815360,eclipsing_binary
1387.0943564015465,1.0010533,0.00047219606,3815360,eclipsing_binary
1387.095745291737,1.0011362,0.0004722158,3815360,eclipsing_binary
1387.097134181462,1.0005633,0.0004721421,3815360,eclipsing_binary
1387.0985230711863,1.0012597,0.0004722371,3815360,eclipsing_binary
1387.0999119609114,1.0005077,0.00047209935,3815360,eclipsing_binary
1387.1013008506363,1.0009706,0.00047217493,3815360,eclipsing_binary
1387.1026897403608,1.0016774,0.00047237423,3815360,eclipsing_binary
1387.1040786300857,1.0010872,0.00047213866,3815360,eclipsing_binary
1387.1054675198106,1.0008187,0.0004720696,3815360,eclipsing_binary
1387.106856409535,1.0011549,0.00047219952,3815360,eclipsing_binary
1387.10824529926,1.0004119,0.0004720604,3815360,eclipsing_binary
1387.1096341889852,1.0004506,0.00047207178,3815360,eclipsing_binary
1387.1110230787094,1.0008249,0.0004721647,3815360,eclipsing_binary
1387.1124119684337,1.0006249,0.00047205747,3815360,eclipsing_binary
1387.113800858158,1.0007788,0.00047201806,3815360,eclipsing_binary
1387.1151897474167,0.99987566,0.00047198674,3815360,eclipsing_binary
1387.1165786371416,1.0005101,0.00047207368,3815360,eclipsing_binary
1387.1179675268668,1.0007888,0.00047204705,3815360,eclipsing_binary
1387.119356416591,1.0016199,0.00047241023,3815360,eclipsing_binary
1387.1207453063162,1.000881,0.00047228596,3815360,eclipsing_binary
1387.122134196041,1.0004201,0.00047218348,3815360,eclipsing_binary
1387.1235230857653,0.9997074,0.0004719694,3815360,eclipsing_binary
1387.1249119754898,1.0016341,0.00047215846,3815360,eclipsing_binary
1387.1263008652147,1.0003061,0.0004720561,3815360,eclipsing_binary
1387.1276897549396,1.0002594,0.00047205563,3815360,eclipsing_binary
1387.129078644664,1.0020177,0.00047243526,3815360,eclipsing_binary
1387.1304675339234,1.0011169,0.00047218232,3815360,eclipsing_binary
1387.1318564236485,1.0000714,0.00047204012,3815360,eclipsing_binary
1387.1332453133728,1.0003761,0.00047208706,3815360,eclipsing_binary
1387.1346342030977,1.0007993,0.00047217603,3815360,eclipsing_binary
1387.1360230928221,1.0006019,0.0004721304,3815360,eclipsing_binary
1387.1374119825457,1.0015662,0.00047223325,3815360,eclipsing_binary
1387.138800871805,1.0009336,0.0004721412,3815360,eclipsing_binary
1387.14018976153,0.9998006,0.00047198695,3815360,eclipsing_binary
1387.1415786512543,0.999889,0.00047191326,3815360,eclipsing_binary
1387.1429675409795,1.0013723,0.0004721579,3815360,eclipsing_binary
1387.1443564307044,1.0001582,0.00047211768,3815360,eclipsing_binary
1387.1457453204287,1.0003055,0.0004720725,3815360,eclipsing_binary
1387.147134209688,1.0008978,0.00047216265,3815360,eclipsing_binary
1387.148523099413,1.0000873,0.00047206334,3815360,eclipsing_binary
1387.1499119891373,1.0005336,0.0004721122,3815360,eclipsing_binary
1387.1513008788625,1.0005764,0.00047207397,3815360,eclipsing_binary
1387.1526897681217,1.0013222,0.00047217123,3815360,eclipsing_binary
1387.1540786578462,0.9995486,0.0004719426,3815360,eclipsing_binary
1387.155467547571,1.0000026,0.00047204175,3815360,eclipsing_binary
1387.156856437296,0.99979943,0.0004719878,3815360,eclipsing_binary
1387.1582453265546,1.000445,0.00047209117,3815360,eclipsing_binary
1387.1596342162798,0.9993886,0.00047194914,3815360,eclipsing_binary
1387.161023106004,1.0011467,0.00047226227,3815360,eclipsing_binary
1387.1624119952621,1.0002313,0.00047203517,3815360,eclipsing_binary
1387.1638008849864,1.0001943,0.00047208866,3815360,eclipsing_binary
1387.1651897747115,1.0003653,0.0004721215,3815360,eclipsing_binary
1387.1665786639708,1.0006204,0.00047218276,3815360,eclipsing_binary
1387.167967553695,1.0010335,0.00047232988,3815360,eclipsing_binary
1387.16935644342,1.0006737,0.00047228436,3815360,eclipsing_binary
1387.1707453326794,0.99978286,0.00047200214,3815360,eclipsing_binary
1387.1721342224037,1.0000838,0.000472117,3815360,eclipsing_binary
1387.1735231121288,1.00024,0.0004720422,3815360,eclipsing_binary
1387.174912001388,1.0002172,0.00047210374,3815360,eclipsing_binary
1387.1763008911123,1.0004315,0.00047209725,3815360,eclipsing_binary
1387.1776897808372,1.0004355,0.00047210607,3815360,eclipsing_binary
1387.1790786700967,1.0001881,0.00047208238,3815360,eclipsing_binary
1387.180467559821,0.9999038,0.00047209577,3815360,eclipsing_binary
1387.1818564490804,1.0009326,0.00047224615,3815360,eclipsing_binary
1387.1832453388054,1.0007309,0.0004721038,3815360,eclipsing_binary
1387.1846342285298,1.0004666,0.0004721252,3815360,eclipsing_binary
1387.1860231177884,1.0002801,0.0004721524,3815360,eclipsing_binary
1387.1874120075126,1.0006353,0.0004722592,3815360,eclipsing_binary
1387.1888008967712,1.0002569,0.0004720773,3815360,eclipsing_binary
1387.1901897864964,1.0006515,0.00047216582,3815360,eclipsing_binary
1387.1915786757559,1.0001035,0.00047203526,3815360,eclipsing_binary
1387.19296756548,0.99984235,0.0004719702,3815360,eclipsing_binary
1387.1943564547394,0.99966776,0.00047196815,3815360,eclipsing_binary
1387.1957453444643,1.0001626,0.00047206078,3815360,eclipsing_binary
1387.197134233723,1.0008343,0.0004721665,3815360,eclipsing_binary
1387.198523123448,1.0003079,0.0004721103,3815360,eclipsing_binary
1387.1999120127075,0.99919105,0.00047198532,3815360,eclipsing_binary
1387.2013009024317,1.0000465,0.00047193014,3815360,eclipsing_binary
1387.2026897916903,1.0007915,0.00047230636,3815360,eclipsing_binary
1387.2040786814155,1.0006303,0.00047223762,3815360,eclipsing_binary
1387.2054675706747,0.999358,0.00047191363,3815360,eclipsing_binary
1387.2068564603992,0.99936575,0.00047194015,3815360,eclipsing_binary
1387.2082453496585,1.000499,0.0004721817,3815360,eclipsing_binary
1387.2096342393834,1.0002216,0.00047210677,3815360,eclipsing_binary
1387.2110231286415,1.0009745,0.00047224428,3815360,eclipsing_binary
1387.2124120183657,0.9996549,0.00047207403,3815360,eclipsing_binary
1387.213800907625,1.0005615,0.00047202685,3815360,eclipsing_binary
1387.2151897968838,1.000391,0.00047211623,3815360,eclipsing_binary
1387.2165786866087,0.99968374,0.00047221142,3815360,eclipsing_binary
1387.217967575868,0.99939626,0.00047212004,3815360,eclipsing_binary
1387.2193564655925,1.0004716,0.0004720857,3815360,eclipsing_binary
1387.2207453548517,1.0000199,0.000472015,3815360,eclipsing_binary
1387.2221342441112,1.000382,0.00047212123,3815360,eclipsing_binary
1387.2235231338354,1.000394,0.0004720755,3815360,eclipsing_binary
1387.2249120230947,1.0005548,0.0004721262,3815360,eclipsing_binary
1387.2263009128196,1.0011216,0.00047219728,3815360,eclipsing_binary
1387.2276898020784,1.0009872,0.00047208136,3815360,eclipsing_binary
1387.2290786913377,0.9997531,0.00047195595,3815360,eclipsing_binary
1387.2304675810628,0.9996912,0.00047205476,3815360,eclipsing_binary
1387.2318564703214,0.99978167,0.00047206847,3815360,eclipsing_binary
1387.233245359581,1.0007052,0.0004721332,3815360,eclipsing_binary
1387.2346342493058,1.0002953,0.00047203238,3815360,eclipsing_binary
1387.2360231385637,0.9999519,0.00047199434,3815360,eclipsing_binary
1387.2374120278223,1.0007318,0.0004720952,3815360,eclipsing_binary
1387.2388009175475,0.99988914,0.0004719574,3815360,eclipsing_binary
1387.240189806806,1.0006303,0.00047212362,3815360,eclipsing_binary
1387.2415786960648,1.0005735,0.00047210683,3815360,eclipsing_binary
1387.242967585324,0.9999427,0.0004719032,3815360,eclipsing_binary
1387.2443564750492,1.0001533,0.0004719692,3815360,eclipsing_binary
1387.2457453643078,1.0007756,0.00047225493,3815360,eclipsing_binary
1387.247134253567,1.0004754,0.00047221675,3815360,eclipsing_binary
1387.2485231428263,1.000158,0.00047205837,3815360,eclipsing_binary
1387.2499120325508,1.0004829,0.00047202638,3815360,eclipsing_binary
1387.25130092181,1.0006717,0.00047202536,3815360,eclipsing_binary
1387.2526898110696,1.0009218,0.0004719996,3815360,eclipsing_binary
1387.2540787003281,0.9993439,0.00047191893,3815360,eclipsing_binary
1387.2554675895876,0.9998453,0.00047190776,3815360,eclipsing_binary
1387.2568564793125,1.0000284,0.00047208837,3815360,eclipsing_binary
1387.2582453685711,1.0000988,0.00047200485,3815360,eclipsing_binary
1387.2596342578304,0.9995807,0.00047189844,3815360,eclipsing_binary
1387.2610231470892,1.0006133,0.00047202717,3815360,eclipsing_binary
1387.262412036347,1.0002804,0.0004722086,3815360,eclipsing_binary
1387.2638009260722,0.99997497,0.00047205645,3815360,eclipsing_binary
1387.2651898153315,1.0002074,0.00047198293,3815360,eclipsing_binary
1387.2665787045903,0.99931675,0.00047189894,3815360,eclipsing_binary
1387.2679675938496,0.99999845,0.00047190435,3815360,eclipsing_binary
1387.2693564831088,1.0005605,0.000471966,3815360,eclipsing_binary
1387.2707453723674,0.9998836,0.00047193817,3815360,eclipsing_binary
1387.272134261627,1.0000426,0.00047212068,3815360,eclipsing_binary
1387.2735231513518,1.0004283,0.00047201515,3815360,eclipsing_binary
1387.2749120406106,0.99940395,0.00047188796,3815360,eclipsing_binary
1387.2763009298699,0.9995544,0.00047204777,3815360,eclipsing_binary
1387.2776898191291,1.0009612,0.00047230106,3815360,eclipsing_binary
1387.279078708388,1.0008035,0.0004720919,3815360,eclipsing_binary
1387.2804675976472,1.00086,0.00047212632,3815360,eclipsing_binary
1387.2818564869067,0.9992948,0.00047180278,3815360,eclipsing_binary
1387.2832453761653,1.0003772,0.00047219073,3815360,eclipsing_binary
1387.2846342654232,1.0006655,0.00047211497,3815360,eclipsing_binary
1387.286023154682,1.0006547,0.00047204708,3815360,eclipsing_binary
1387.2874120439412,0.999924,0.00047195036,3815360,eclipsing_binary
1387.2888009331998,1.0001936,0.00047207501,3815360,eclipsing_binary
1387.290189822459,0.9995062,0.00047198546,3815360,eclipsing_binary
1387.2915787117186,1.0006002,0.00047217196,3815360,eclipsing_binary
1387.2929676009771,1.0005859,0.00047219454,3815360,eclipsing_binary
1387.2943564902366,1.000124,0.0004720612,3815360,eclipsing_binary
1387.2957453794959,1.0004151,0.00047204553,3815360,eclipsing_binary
1387.2971342687547,1.0004635,0.0004720331,3815360,eclipsing_binary
1387.298523158014,1.000236,0.00047199213,3815360,eclipsing_binary
1387.2999120472732,0.9994107,0.0004717436,3815360,eclipsing_binary
1387.3013009365318,0.99945223,0.0004719608,3815360,eclipsing_binary
1387.3026898257913,0.9997892,0.0004718731,3815360,eclipsing_binary
1387.3040787150508,0.9998322,0.0004721305,3815360,eclipsing_binary
1387.3068564935686,1.000231,0.0004720659,3815360,eclipsing_binary
1387.3082453828279,0.9995513,0.00047190028,3815360,eclipsing_binary
1387.309634272086,0.99963576,0.0004719834,3815360,eclipsing_binary
1387.3110231613446,1.0004884,0.00047212484,3815360,eclipsing_binary
1387.3138009398626,0.9998624,0.00047205744,3815360,eclipsing_binary
1387.3151898286565,1.0008154,0.00047228613,3815360,eclipsing_binary
1387.3165787179157,0.99943006,0.00047194512,3815360,eclipsing_binary
1387.3179676071743,0.9998246,0.00047192903,3815360,eclipsing_binary
1387.320745385693,0.9996432,0.00047194745,3815360,eclipsing_binary
1387.3221342749516,1.000522,0.00047204128,3815360,eclipsing_binary
1387.3235231642102,0.9996962,0.0004720556,3815360,eclipsing_binary
1387.3249120534697,0.9998087,0.0004720652,3815360,eclipsing_binary
1387.3263009422635,0.9999509,0.000472086,3815360,eclipsing_binary
1387.327689831522,1.0000268,0.0004719751,3815360,eclipsing_binary
1387.3290787207814,0.9999048,0.0004719776,3815360,eclipsing_binary
1387.3304676100406,0.9999575,0.00047202225,3815360,eclipsing_binary
1387.3318564992994,1.0003657,0.00047210543,3815360,eclipsing_binary
1387.333245388093,1.0007809,0.00047214984,3815360,eclipsing_binary
1387.3346342773525,1.0005157,0.00047198925,3815360,eclipsing_binary
1387.337412055869,0.9991714,0.00047198034,3815360,eclipsing_binary
1387.3388009451282,1.0012017,0.00047224585,3815360,eclipsing_binary
1387.3401898339214,0.9997403,0.00047216268,3815360,eclipsing_binary
1387.3415787231806,1.0000113,0.00047204294,3815360,eclipsing_binary
1387.3429676124401,1.0002296,0.00047216142,3815360,eclipsing_binary
1387.3443565016987,1.0001978,0.00047208622,3815360,eclipsing_binary
1387.3457453904925,0.99991,0.00047201518,3815360,eclipsing_binary
1387.3471342797518,1.0009857,0.0004722012,3815360,eclipsing_binary
1387.3485231690104,0.99961007,0.00047182105,3815360,eclipsing_binary
1387.349912057804,0.9996385,0.00047201657,3815360,eclipsing_binary
1387.3513009470635,1.0000234,0.0004720565,3815360,eclipsing_binary
1387.352689836322,1.0007999,0.00047217787,3815360,eclipsing_binary
1387.3554676143751,0.9999878,0.0004719854,3815360,eclipsing_binary
1387.356856503634,1.0005184,0.00047216314,3815360,eclipsing_binary
1387.3582453928932,0.9998635,0.0004720714,3815360,eclipsing_binary
1387.3596342816868,0.9999876,0.00047206617,3815360,eclipsing_binary
1387.361023170945,1.0005589,0.00047207752,3815360,eclipsing_binary
1387.3624120602028,0.9994919,0.00047201224,3815360,eclipsing_binary
1387.3638009489964,1.0001658,0.0004719236,3815360,eclipsing_binary
1387.365189838256,1.0003943,0.00047211978,3815360,eclipsing_binary
1387.3665787270488,1.0001245,0.0004721716,3815360,eclipsing_binary
1387.3679676163083,1.0001422,0.00047209105,3815360,eclipsing_binary
1387.3693565055676,1.0009909,0.00047225086,3815360,eclipsing_binary
1387.3707453943605,0.99976575,0.00047195973,3815360,eclipsing_binary
1387.3721342836197,1.0000372,0.0004721864,3815360,eclipsing_binary
1387.3735231724136,1.000138,0.00047200575,3815360,eclipsing_binary
1387.3749120616721,1.0007343,0.0004721818,3815360,eclipsing_binary
1387.3763009509316,1.0003101,0.00047212918,3815360,eclipsing_binary
1387.3776898397252,0.9996071,0.00047206716,3815360,eclipsing_binary
1387.379078728984,1.0008744,0.00047215325,3815360,eclipsing_binary
1387.3804676177776,1.0001533,0.0004721845,3815360,eclipsing_binary
1387.381856507037,0.99974376,0.00047198942,3815360,eclipsing_binary
1387.3832453958298,1.0002283,0.00047202644,3815360,eclipsing_binary
1387.3846342850893,0.9998265,0.00047188657,3815360,eclipsing_binary
1387.3860231738822,0.99969035,0.00047196387,3815360,eclipsing_binary
1387.3874120631403,0.99979824,0.00047200744,3815360,eclipsing_binary
1387.388800951934,0.99976295,0.0004720742,3815360,eclipsing_binary
1387.3901898411932,1.0006821,0.00047204096,3815360,eclipsing_binary
1387.3929676192456,0.9998372,0.00047210604,3815360,eclipsing_binary
1387.3943565080394,0.9997068,0.00047188526,3815360,eclipsing_binary
1387.395745397298,1.0010155,0.00047218575,3815360,eclipsing_binary
1387.3971342860916,1.000696,0.00047228462,3815360,eclipsing_binary
1387.3985231753509,1.0010017,0.00047229882,3815360,eclipsing_binary
1387.399912064144,1.0000414,0.00047203517,3815360,eclipsing_binary
1387.4013009534033,0.99929565,0.00047193098,3815360,eclipsing_binary
1387.402689842197,1.0002968,0.0004723286,3815360,eclipsing_binary
1387.4040787314557,1.0008322,0.0004721428,3815360,eclipsing_binary
1387.4054676202486,1.000357,0.00047203866,3815360,eclipsing_binary
1387.4068565090424,0.9994155,0.0004718598,3815360,eclipsing_binary
1387.4082453983017,1.0001613,0.00047217688,3815360,eclipsing_binary
1387.4096342870948,1.0001234,0.0004720838,3815360,eclipsing_binary
1387.4110231763534,0.99977046,0.00047207187,3815360,eclipsing_binary
1387.4124120651463,1.0005136,0.0004721141,3815360,eclipsing_binary
1387.4138009539392,1.0000144,0.0004719899,3815360,eclipsing_binary
1387.4151898431987,1.0000168,0.0004719984,3815360,eclipsing_binary
1387.4165787319926,1.0004824,0.0004721164,3815360,eclipsing_binary
1387.4179676207855,0.9999265,0.0004719431,3815360,eclipsing_binary
1387.4193565100447,0.9999229,0.00047188703,3815360,eclipsing_binary
1387.4207453988383,1.0000147,0.00047198797,3815360,eclipsing_binary
1387.4221342880971,1.0001711,0.000472193,3815360,eclipsing_binary
1387.4235231768907,1.0001618,0.00047213244,3815360,eclipsing_binary
1387.4249120656846,1.000743,0.0004721914,3815360,eclipsing_binary
1387.4263009544775,1.0001225,0.0004721963,3815360,eclipsing_binary
1387.427689843737,1.0004033,0.00047214326,3815360,eclipsing_binary
1387.4290787325306,1.0007272,0.0004722708,3815360,eclipsing_binary
1387.4304676213235,1.000237,0.00047205933,3815360,eclipsing_binary
1387.4318565105827,1.0003741,0.000472056,3815360,eclipsing_binary
1387.4332453993766,1.0001696,0.00047202056,3815360,eclipsing_binary
1387.4346342881695,1.0000483,0.0004721291,3815360,eclipsing_binary
1387.4360231769624,1.0003666,0.00047217245,3815360,eclipsing_binary
1387.4374120662212,0.9999429,0.00047197845,3815360,eclipsing_binary
1387.4388009550144,1.0002849,0.00047202664,3815360,eclipsing_binary
1387.440189843808,1.000426,0.00047211148,3815360,eclipsing_binary
1387.4415787326016,1.0005921,0.00047212682,3815360,eclipsing_binary
1387.4429676218601,1.0000092,0.00047197804,3815360,eclipsing_binary
1387.4443565106533,0.9996623,0.00047185924,3815360,eclipsing_binary
1387.4457453994469,0.99968445,0.00047194486,3815360,eclipsing_binary
1387.4471342882407,1.0004207,0.0004720438,3815360,eclipsing_binary
1387.4485231774993,1.0007852,0.0004720201,3815360,eclipsing_binary
1387.449912066293,1.0002394,0.0004722826,3815360,eclipsing_binary
1387.4513009550867,1.0000961,0.0004720659,3815360,eclipsing_binary
1387.4526898438796,1.0010123,0.0004721789,3815360,eclipsing_binary
1387.4540787326732,0.9995102,0.00047199053,3815360,eclipsing_binary
1387.455467621467,1.0008705,0.00047226564,3815360,eclipsing_binary
1387.4568565107256,1.0002218,0.00047220342,3815360,eclipsing_binary
1387.4582453995195,0.99978364,0.00047197117,3815360,eclipsing_binary
1387.459634288313,1.0007973,0.00047221986,3815360,eclipsing_binary
1387.4610231771053,1.0012736,0.00047227478,3815360,eclipsing_binary
1387.4624120658982,1.0002891,0.00047207644,3815360,eclipsing_binary
1387.463800954692,1.0007828,0.000472285,3815360,eclipsing_binary
1387.465189843485,1.0000266,0.00047200202,3815360,eclipsing_binary
1387.4665787322788,1.0008528,0.00047214908,3815360,eclipsing_binary
1387.467967621538,1.0006783,0.00047225138,3815360,eclipsing_binary
1387.4693565103312,1.0003235,0.00047215246,3815360,eclipsing_binary
1387.4707453991248,0.99968874,0.0004720153,3815360,eclipsing_binary
1387.4721342879184,0.9998747,0.0004720282,3815360,eclipsing_binary
1387.4735231767113,1.0004227,0.00047209163,3815360,eclipsing_binary
1387.4749120655051,1.0001361,0.0004720295,3815360,eclipsing_binary
1387.476300954299,0.999934,0.00047198508,3815360,eclipsing_binary
1387.4776898430919,0.99998367,0.00047204114,3815360,eclipsing_binary
1387.4790787318855,0.999893,0.0004720908,3815360,eclipsing_binary
1387.480467620679,1.0003002,0.00047207647,3815360,eclipsing_binary
1387.4818565094722,1.000765,0.00047219257,3815360,eclipsing_binary
1387.4832453982651,1.0007597,0.00047205362,3815360,eclipsing_binary
1387.4846342870587,0.9998877,0.000471934,3815360,eclipsing_binary
1387.4860231758526,1.0002571,0.00047193287,3815360,eclipsing_binary
1387.4874120646448,1.0012398,0.00047219967,3815360,eclipsing_binary
1387.488800953438,1.0006716,0.00047198852,3815360,eclipsing_binary
1387.4901898422315,1.0003465,0.00047207403,3815360,eclipsing_binary
1387.4915787310247,1.0008652,0.0004721796,3815360,eclipsing_binary
1387.4929676198183,1.0000833,0.00047203776,3815360,eclipsing_binary
1387.4943565086119,1.0004623,0.00047208418,3815360,eclipsing_binary
1387.4957453974048,0.99950415,0.0004719271,3815360,eclipsing_binary
1387.4971342861986,1.0003014,0.00047202405,3815360,eclipsing_binary
1387.4985231749924,0.9998434,0.00047211495,3815360,eclipsing_binary
1387.4999120637854,1.0003015,0.0004721645,3815360,eclipsing_binary
1387.501300952579,1.000307,0.00047215316,3815360,eclipsing_binary
1387.5026898413726,1.000213,0.00047212886,3815360,eclipsing_binary
1387.5040787301657,1.000384,0.00047205476,3815360,eclipsing_binary
1387.5054676184936,1.0004925,0.00047207935,3815360,eclipsing_binary
1387.5068565072875,0.99987686,0.00047206032,3815360,eclipsing_binary
1387.5082453960804,0.9994705,0.0004717725,3815360,eclipsing_binary
1387.5096342848742,1.00054,0.00047217554,3815360,eclipsing_binary
1387.5110231736678,0.9998182,0.00047196687,3815360,eclipsing_binary
1387.51241206246,1.0001205,0.00047201937,3815360,eclipsing_binary
1387.513800951253,0.9996254,0.00047200947,3815360,eclipsing_binary
1387.5151898400468,1.0004082,0.0004719698,3815360,eclipsing_binary
1387.516578728374,1.0004507,0.000471992,3815360,eclipsing_binary
1387.5179676171679,1.0010649,0.00047228302,3815360,eclipsing_binary
1387.5193565059615,1.000828,0.000472085,3815360,eclipsing_binary
1387.5207453947544,0.9999909,0.00047196948,3815360,eclipsing_binary
1387.5221342835475,1.0007201,0.00047211352,3815360,eclipsing_binary
1387.5235231723411,1.0001805,0.0004719792,3815360,eclipsing_binary
1387.524912060669,1.0004555,0.000472069,3815360,eclipsing_binary
1387.5263009494622,1.0009003,0.000472213,3815360,eclipsing_binary
1387.5276898382558,0.99967605,0.00047195266,3815360,eclipsing_binary
1387.5290787270496,0.9997205,0.000471918,3815360,eclipsing_binary
1387.530467615377,1.000519,0.00047214562,3815360,eclipsing_binary
1387.5318565041705,1.0004909,0.00047208456,3815360,eclipsing_binary
1387.533245392964,0.9997267,0.00047193703,3815360,eclipsing_binary
1387.5346342817572,1.0000988,0.00047194771,3815360,eclipsing_binary
1387.5360231700852,1.0010259,0.0004721568,3815360,eclipsing_binary
1387.537412058879,0.9996456,0.00047194853,3815360,eclipsing_binary
1387.5388009476712,0.9999428,0.00047194937,3815360,eclipsing_binary
1387.5401898364644,0.99988186,0.0004719619,3815360,eclipsing_binary
1387.5415787247923,1.0002385,0.0004720954,3815360,eclipsing_binary
1387.5429676135852,1.0008404,0.0004722035,3815360,eclipsing_binary
1387.5443565023788,0.99972975,0.0004720808,3815360,eclipsing_binary
1387.5457453911727,1.0003934,0.00047215,3815360,eclipsing_binary
1387.5471342795,0.99959034,0.00047201675,3815360,eclipsing_binary
1387.5485231682937,0.9995158,0.00047209943,3815360,eclipsing_binary
1387.5499120570873,1.000231,0.00047224754,3815360,eclipsing_binary
1387.5513009454148,1.0012141,0.0004721943,3815360,eclipsing_binary
1387.5526898342084,1.0005844,0.00047221032,3815360,eclipsing_binary
1387.554078723002,1.0001196,0.0004720467,3815360,eclipsing_binary
1387.5554676113293,1.0007828,0.00047215185,3815360,eclipsing_binary
1387.556856500123,1.0005211,0.00047207932,3815360,eclipsing_binary
1387.558245388451,1.0003595,0.00047209518,3815360,eclipsing_binary
1387.5596342772442,1.000161,0.0004720531,3815360,eclipsing_binary
1387.5610231660378,0.99993426,0.00047214015,3815360,eclipsing_binary
1387.5624120543657,1.0005437,0.00047217374,3815360,eclipsing_binary
1387.5638009431582,0.99972135,0.00047195083,3815360,eclipsing_binary
1387.5651898314848,0.9985366,0.00047185764,3815360,eclipsing_binary
1387.5665787202784,0.9998341,0.00047209646,3815360,eclipsing_binary
1387.5679676090722,0.99991226,0.0004720696,3815360,eclipsing_binary
1387.5693564973994,1.0005401,0.0004721648,3815360,eclipsing_binary
1387.5707453861933,1.0012716,0.00047234423,3815360,eclipsing_binary
1387.5721342745212,1.0002762,0.0004719859,3815360,eclipsing_binary
1387.5735231633141,1.0002978,0.00047209303,3815360,eclipsing_binary
1387.574912051642,1.0001353,0.00047211122,3815360,eclipsing_binary
1387.5763009404359,1.0014939,0.00047225342,3815360,eclipsing_binary
1387.5776898292288,1.0003785,0.00047213183,3815360,eclipsing_binary
1387.579078717557,1.0012141,0.00047218445,3815360,eclipsing_binary
1387.5804676063506,1.0009096,0.00047218124,3815360,eclipsing_binary
1387.581856494678,0.9991953,0.00047187787,3815360,eclipsing_binary
1387.5832453834716,1.0002795,0.00047214772,3815360,eclipsing_binary
1387.5846342717996,0.9998525,0.00047196774,3815360,eclipsing_binary
1387.5860231605927,1.0004714,0.0004722229,3815360,eclipsing_binary
1387.5874120489207,1.0002548,0.00047207033,3815360,eclipsing_binary
1387.5888009377145,0.999967,0.00047194402,3815360,eclipsing_binary
1387.590189826041,1.000645,0.00047213916,3815360,eclipsing_binary
1387.5915787143683,0.9997918,0.00047194943,3815360,eclipsing_binary
1387.592967603162,0.9998125,0.00047201372,3815360,eclipsing_binary
1387.5943564914894,1.0003309,0.00047201192,3815360,eclipsing_binary
1387.595745380283,1.0000225,0.00047215231,3815360,eclipsing_binary
1387.5971342686112,1.0002508,0.0004720586,3815360,eclipsing_binary
1387.598523157404,1.0009162,0.0004721492,3815360,eclipsing_binary
1387.5999120457323,1.0005151,0.00047214932,3815360,eclipsing_binary
1387.6013009340602,1.0005121,0.0004722417,3815360,eclipsing_binary
1387.602689822853,1.0000184,0.000471959,3815360,eclipsing_binary
1387.6040787111806,1.0004808,0.00047213328,3815360,eclipsing_binary
1387.6054675999742,0.99958444,0.00047195985,3815360,eclipsing_binary
1387.6068564883021,1.0000858,0.00047198823,3815360,eclipsing_binary
1387.6082453766294,1.000782,0.00047207339,3815360,eclipsing_binary
1387.6096342654232,1.000108,0.00047203872,3815360,eclipsing_binary
1387.6110231537514,0.99977165,0.00047207886,3815360,eclipsing_binary
1387.6124120420786,0.99992675,0.0004720507,3815360,eclipsing_binary
1387.6138009308722,1.0000968,0.0004720306,3815360,eclipsing_binary
1387.6151898191997,1.0002682,0.00047202324,3815360,eclipsing_binary
1387.6165787075263,1.0010034,0.00047211163,3815360,eclipsing_binary
1387.6179675963199,1.0007445,0.0004721102,3815360,eclipsing_binary
1387.619356484648,1.0002252,0.00047208616,3815360,eclipsing_binary
1387.6207453729753,1.0015321,0.00047216244,3815360,eclipsing_binary
1387.6221342617691,0.9999653,0.0004720307,3815360,eclipsing_binary
1387.623523150097,1.0000166,0.0004719154,3815360,eclipsing_binary
1387.6249120384243,1.0016663,0.0004722462,3815360,eclipsing_binary
1387.626300927218,1.000896,0.00047213846,3815360,eclipsing_binary
1387.627689815546,1.0005814,0.00047215656,3815360,eclipsing_binary
1387.6290787038733,1.0006968,0.0004722085,3815360,eclipsing_binary
1387.6304675922015,0.9996923,0.00047198343,3815360,eclipsing_binary
1387.631856480995,1.0002502,0.00047210147,3815360,eclipsing_binary
1387.6332453693224,1.0000668,0.00047201625,3815360,eclipsing_binary
1387.6346342576503,1.0001203,0.00047205552,3815360,eclipsing_binary
1387.6360231459785,1.0005916,0.00047217807,3815360,eclipsing_binary
1387.6374120347714,0.99971735,0.00047192752,3815360,eclipsing_binary
1387.6388009230996,1.0005336,0.0004720746,3815360,eclipsing_binary
1387.6401898114275,1.0000448,0.00047203113,3815360,eclipsing_binary
1387.641578699754,1.0011877,0.00047228095,3815360,eclipsing_binary
1387.6429675880809,1.0004863,0.0004721015,3815360,eclipsing_binary
1387.6443564768745,1.0003213,0.00047201326,3815360,eclipsing_binary
1387.6457453652024,1.0000325,0.00047205706,3815360,eclipsing_binary
1387.6471342535299,0.99968225,0.00047201783,3815360,eclipsing_binary
1387.6485231418578,0.99934113,0.00047188465,3815360,eclipsing_binary
1387.649912030186,0.9994685,0.0004718224,3815360,eclipsing_binary
1387.6513009185132,1.0004249,0.00047225194,3815360,eclipsing_binary
1387.652689807307,1.0008333,0.00047219603,3815360,eclipsing_binary
1387.654078695635,1.0000415,0.00047219603,3815360,eclipsing_binary
1387.6554675839623,1.0021856,0.00047247275,3815360,eclipsing_binary
1387.6568564722902,1.0005687,0.00047217627,3815360,eclipsing_binary
1387.6582453606184,0.99984795,0.0004720365,3815360,eclipsing_binary
1387.6596342489456,0.99963796,0.00047205394,3815360,eclipsing_binary
1387.6610231372738,1.0001698,0.0004720814,3815360,eclipsing_binary
1387.6624120256017,1.0000167,0.00047181165,3815360,eclipsing_binary
1387.6638009139292,1.0002158,0.00047220406,3815360,eclipsing_binary
1387.6651898027228,1.0002905,0.00047205648,3815360,eclipsing_binary
1387.66657869105,0.9997556,0.00047187152,3815360,eclipsing_binary
1387.6679675793766,1.0010563,0.00047228023,3815360,eclipsing_binary
1387.6693564677048,1.0005314,0.00047215982,3815360,eclipsing_binary
1387.6707453560327,0.99985814,0.00047202408,3815360,eclipsing_binary
1387.6721342443602,1.0000705,0.0004720768,3815360,eclipsing_binary
1387.6735231326882,0.9998371,0.00047200784,3815360,eclipsing_binary
1387.674912021016,0.99990594,0.0004719476,3815360,eclipsing_binary
1387.6763009093436,1.0003743,0.00047209134,3815360,eclipsing_binary
1387.6776897976715,1.0006071,0.0004721073,3815360,eclipsing_binary
1387.6790786859997,1.0005908,0.00047219996,3815360,eclipsing_binary
1387.680467574327,1.0002477,0.0004720969,3815360,eclipsing_binary
1387.6818564626549,1.0000399,0.00047192475,3815360,eclipsing_binary
1387.6832453509828,1.0014427,0.00047231113,3815360,eclipsing_binary
1387.6846342393103,0.9999873,0.0004720072,3815360,eclipsing_binary
1387.6860231276378,1.0000877,0.00047206445,3815360,eclipsing_binary
1387.6874120159657,1.0003173,0.00047210237,3815360,eclipsing_binary
1387.6888009042937,0.9992719,0.00047197865,3815360,eclipsing_binary
1387.690189792621,1.0009146,0.00047222685,3815360,eclipsing_binary
1387.691578680949,0.99990875,0.00047208305,3815360,eclipsing_binary
1387.6929675692763,1.0001749,0.00047201698,3815360,eclipsing_binary
1387.6943564576031,1.0000184,0.00047208715,3815360,eclipsing_binary
1387.695745345931,1.0002347,0.00047194544,3815360,eclipsing_binary
1387.6971342337933,0.99957496,0.00047202528,3815360,eclipsing_binary
1387.6985231221208,0.9996172,0.0004721008,3815360,eclipsing_binary
1387.6999120104488,1.0004346,0.000472035,3815360,eclipsing_binary
1387.701300898777,1.000542,0.00047219868,3815360,eclipsing_binary
1387.7026897871042,1.0001999,0.0004722654,3815360,eclipsing_binary
1387.7040786754321,1.0007044,0.00047210645,3815360,eclipsing_binary
1387.70546756376,1.0000702,0.00047206265,3815360,eclipsing_binary
1387.7068564520875,1.0010036,0.00047223936,3815360,eclipsing_binary
1387.7082453404155,0.99984497,0.00047200656,3815360,eclipsing_binary
1387.709634228278,1.0003312,0.00047222927,3815360,eclipsing_binary
1387.7110231166052,1.000798,0.00047230028,3815360,eclipsing_binary
1387.7124120049334,1.0003418,0.00047217376,3815360,eclipsing_binary
1387.7138008932614,0.9996727,0.00047196625,3815360,eclipsing_binary
1387.7151897815886,1.0006118,0.00047222522,3815360,eclipsing_binary
1387.7165786699165,0.9997744,0.0004720644,3815360,eclipsing_binary
1387.717967557779,1.0000492,0.0004721068,3815360,eclipsing_binary
1387.7193564461056,1.0009819,0.00047203864,3815360,eclipsing_binary
1387.720745334433,1.0004752,0.00047216087,3815360,eclipsing_binary
1387.722134222761,0.99991196,0.00047210476,3815360,eclipsing_binary
1387.7235231110885,0.99948645,0.00047186972,3815360,eclipsing_binary
1387.7249119989501,1.0002286,0.0004721016,3815360,eclipsing_binary
1387.726300887278,0.9999533,0.00047197353,3815360,eclipsing_binary
1387.727689775606,0.99943465,0.00047193607,3815360,eclipsing_binary
1387.7290786639335,1.0001802,0.0004721733,3815360,eclipsing_binary
1387.7304675517958,0.9999152,0.00047203657,3815360,eclipsing_binary
1387.731856440124,0.9998656,0.00047201014,3815360,eclipsing_binary
1387.7332453284512,1.0002702,0.00047209274,3815360,eclipsing_binary
1387.7346342167793,1.0003422,0.00047223244,3815360,eclipsing_binary
1387.7360231046416,1.0001235,0.0004718498,3815360,eclipsing_binary
1387.7374119929689,1.0006084,0.00047222964,3815360,eclipsing_binary
1387.7388008812968,1.0001727,0.00047209082,3815360,eclipsing_binary
1387.7401897691593,1.0005233,0.00047215572,3815360,eclipsing_binary
1387.7415786574866,1.001192,0.00047225127,3815360,eclipsing_binary
1387.7429675458147,1.0004494,0.00047223404,3815360,eclipsing_binary
1387.744356433677,1.0002007,0.0004720418,3815360,eclipsing_binary
1387.7457453220036,1.0005832,0.00047235595,3815360,eclipsing_binary
1387.7471342103308,1.0002333,0.00047207947,3815360,eclipsing_binary
1387.7485230981933,1.000005,0.00047217277,3815360,eclipsing_binary
1387.7499119865206,1.0003784,0.00047220988,3815360,eclipsing_binary
1387.7513008748488,0.9993075,0.00047190898,3815360,eclipsing_binary
1387.762411980074,0.9997936,0.0004721399,3815360,eclipsing_binary
1387.7638008679355,1.00022,0.0004721865,3815360,eclipsing_binary
1387.7651897562637,1.0000545,0.0004720608,3815360,eclipsing_binary
1387.766578644126,1.0007851,0.00047233622,3815360,eclipsing_binary
1387.7679675324532,0.9999511,0.00047214195,3815360,eclipsing_binary
1387.7693564203155,1.0002403,0.00047220435,3815360,eclipsing_binary
1387.7707453086437,1.0015993,0.00047232705,3815360,eclipsing_binary
1387.7721341969705,1.0003369,0.00047210688,3815360,eclipsing_binary
1387.773523084832,1.0001842,0.0004721261,3815360,eclipsing_binary
1387.77491197316,0.9996445,0.00047195985,3815360,eclipsing_binary
1387.7763008610218,1.0007232,0.00047228907,3815360,eclipsing_binary
1387.7776897493497,1.0010968,0.00047216073,3815360,eclipsing_binary
1387.779078637212,1.0003171,0.00047217673,3815360,eclipsing_binary
1387.7804675255393,1.0008638,0.00047225395,3815360,eclipsing_binary
1387.7818564134018,1.0001702,0.00047201107,3815360,eclipsing_binary
1387.78324530173,1.0003724,0.0004720607,3815360,eclipsing_binary
1387.7846341895915,1.0002601,0.0004720259,3815360,eclipsing_binary
1387.7860230779195,0.9993604,0.00047196852,3815360,eclipsing_binary
1387.7874119657818,1.0007802,0.00047224408,3815360,eclipsing_binary
1387.7888008536436,0.9995173,0.0004720179,3815360,eclipsing_binary
1387.7901897419715,1.0007434,0.00047230715,3815360,eclipsing_binary
1387.791578629834,0.99987394,0.00047204224,3815360,eclipsing_binary
1387.7929675181613,0.9997248,0.00047176707,3815360,eclipsing_binary
1387.7943564060238,1.0013282,0.00047241678,3815360,eclipsing_binary
1387.7957452943517,0.99993515,0.00047216966,3815360,eclipsing_binary
1387.7971341822133,1.0007222,0.00047213156,3815360,eclipsing_binary
1387.7985230700751,0.9992918,0.00047192705,3815360,eclipsing_binary
1387.7999119584024,1.0000325,0.0004720727,3815360,eclipsing_binary
1387.801300846264,0.9998275,0.00047214873,3815360,eclipsing_binary
1387.8026897345912,1.0003399,0.0004721461,3815360,eclipsing_binary
1387.8040786224537,1.0004815,0.00047236448,3815360,eclipsing_binary
1387.805467510316,0.999922,0.00047202627,3815360,eclipsing_binary
1387.8068563986435,0.9998698,0.00047204443,3815360,eclipsing_binary
1387.8082452865058,1.0007752,0.00047217222,3815360,eclipsing_binary
1387.809634174368,1.0002329,0.00047223733,3815360,eclipsing_binary
1387.8110230626955,1.0005502,0.00047216212,3815360,eclipsing_binary
1387.8124119505578,0.99965024,0.00047213314,3815360,eclipsing_binary
1387.8138008384203,0.99942315,0.0004720891,3815360,eclipsing_binary
1387.8151897267476,1.0003902,0.00047217464,3815360,eclipsing_binary
1387.8165786146099,1.0000547,0.00047221337,3815360,eclipsing_binary
1387.8179675024721,0.99971455,0.00047209839,3815360,eclipsing_binary
1387.8193563907996,1.0003746,0.00047217944,3815360,eclipsing_binary
1387.820745278662,1.0001699,0.00047207292,3815360,eclipsing_binary
1387.8221341665244,1.0002596,0.00047213922,3815360,eclipsing_binary
1387.8235230543853,1.0000564,0.00047215677,3815360,eclipsing_binary
1387.8249119427128,1.0008368,0.00047236195,3815360,eclipsing_binary
1387.826300830575,1.0006897,0.0004721945,3815360,eclipsing_binary
1387.8276897184367,1.0004139,0.00047217638,3815360,eclipsing_binary
1387.829078606299,1.0003518,0.0004721387,3815360,eclipsing_binary
1387.830467494627,1.0005147,0.0004722566,3815360,eclipsing_binary
1387.8318563824887,1.0000376,0.00047208086,3815360,eclipsing_binary
1387.8332452703512,1.0003676,0.00047226946,3815360,eclipsing_binary
1387.8346341582135,1.0006009,0.00047222205,3815360,eclipsing_binary
1387.836023046541,0.9993909,0.00047195223,3815360,eclipsing_binary
1387.8374119344032,1.0005579,0.00047207734,3815360,eclipsing_binary
1387.8388008222655,0.9989553,0.00047195674,3815360,eclipsing_binary
1387.840189710127,0.99989116,0.00047211992,3815360,eclipsing_binary
1387.8415785979896,1.0009714,0.0004723005,3815360,eclipsing_binary
1387.8429674863178,1.0003082,0.00047212632,3815360,eclipsing_binary
1387.8443563741794,1.0004939,0.00047217816,3815360,eclipsing_binary
1387.845745262041,1.0000366,0.0004721316,3815360,eclipsing_binary
1387.8471341499035,1.0000193,0.00047209824,3815360,eclipsing_binary
1387.8485230377657,1.0011082,0.00047226864,3815360,eclipsing_binary
1387.8499119256273,0.9997547,0.00047206445,3815360,eclipsing_binary
1387.8513008134892,1.0005499,0.00047223078,3815360,eclipsing_binary
1387.8526897018164,0.99948674,0.0004720196,3815360,eclipsing_binary
1387.854078589678,1.0002266,0.00047224556,3815360,eclipsing_binary
1387.8554674775405,1.0000042,0.0004721765,3815360,eclipsing_binary
1387.8568563654028,1.0003492,0.00047220744,3815360,eclipsing_binary
1387.8582452532646,0.9995127,0.00047212592,3815360,eclipsing_binary
1387.859634141127,1.000056,0.0004721369,3815360,eclipsing_binary
1387.8610230289892,0.9999592,0.00047208497,3815360,eclipsing_binary
1387.8624119168508,0.999473,0.0004720479,3815360,eclipsing_binary
1387.8638008047133,0.99995434,0.00047215802,3815360,eclipsing_binary
1387.8651896925755,0.999493,0.000471976,3815360,eclipsing_binary
1387.8665785804374,0.99920535,0.00047189885,3815360,eclipsing_binary
1387.8679674687653,0.9999906,0.00047212042,3815360,eclipsing_binary
1387.8693563566276,0.9994702,0.0004722217,3815360,eclipsing_binary
1387.8707452444894,1.0002996,0.0004722437,3815360,eclipsing_binary
1387.8721341323517,1.0003031,0.0004721155,3815360,eclipsing_binary
1387.8735230202142,0.9996887,0.00047205613,3815360,eclipsing_binary
1387.8749119080758,1.000285,0.00047221303,3815360,eclipsing_binary
1387.876300795938,1.0002984,0.00047230272,3815360,eclipsing_binary
1387.8776896837999,1.0006106,0.00047219964,3815360,eclipsing_binary
1387.8790785716608,1.0002573,0.00047226297,3815360,eclipsing_binary
1387.880467459523,0.99985814,0.00047200086,3815360,eclipsing_binary
1387.8818563473856,0.9999894,0.00047218602,3815360,eclipsing_binary
1387.8832452352472,0.9995207,0.0004720531,3815360,eclipsing_binary
1387.8846341231088,0.9997371,0.0004720937,3815360,eclipsing_binary
1387.8860230109713,1.0005237,0.00047223875,3815360,eclipsing_binary
1387.8874118983679,1.0001343,0.00047209283,3815360,eclipsing_binary
1387.8888007862297,1.0009582,0.00047244597,3815360,eclipsing_binary
1387.890189674092,0.9993852,0.0004719954,3815360,eclipsing_binary
1387.8915785619542,1.000516,0.00047223238,3815360,eclipsing_binary
1387.8929674498158,1.0000827,0.00047213945,3815360,eclipsing_binary
1387.8943563376783,1.0003452,0.00047225575,3815360,eclipsing_binary
1387.8957452255408,0.9998607,0.00047206887,3815360,eclipsing_binary
1387.8971341134024,0.9996173,0.00047213284,3815360,eclipsing_binary
1387.8985230012647,0.9999289,0.00047222833,3815360,eclipsing_binary
1387.899911889127,0.99976814,0.00047214315,3815360,eclipsing_binary
1387.9013007769888,1.0003531,0.00047225525,3815360,eclipsing_binary
1387.902689664851,0.9999612,0.00047209137,3815360,eclipsing_binary
1387.904078552247,1.0002944,0.0004720814,3815360,eclipsing_binary
1387.9054674401082,0.99986565,0.00047214318,3815360,eclipsing_binary
1387.9068563279707,1.0000993,0.0004721846,3815360,eclipsing_binary
1387.908245215833,1.0003504,0.00047220648,3815360,eclipsing_binary
1387.9096341036945,1.0006157,0.00047221466,3815360,eclipsing_binary
1387.9110229915568,0.99975234,0.00047215316,3815360,eclipsing_binary
1387.9124118789537,1.0002947,0.00047222083,3815360,eclipsing_binary
1387.9138007668153,1.00075,0.00047232848,3815360,eclipsing_binary
1387.9151896546778,0.9996144,0.0004720776,3815360,eclipsing_binary
1387.91657854254,1.0004089,0.00047217504,3815360,eclipsing_binary
1387.9179674304019,1.0003632,0.00047216046,3815360,eclipsing_binary
1387.9193563177985,1.0010278,0.00047226914,3815360,eclipsing_binary
1387.9207452056608,1.0010246,0.00047222964,3815360,eclipsing_binary
1387.9221340935223,0.99957776,0.00047210135,3815360,eclipsing_binary
1387.9235229813842,1.000319,0.00047214614,3815360,eclipsing_binary
1387.9249118692464,0.99984586,0.00047214498,3815360,eclipsing_binary
1387.9263007566433,0.99974275,0.00047197402,3815360,eclipsing_binary
1387.9276896445049,0.9996702,0.00047208497,3815360,eclipsing_binary
1387.9290785323674,1.0003709,0.0004722471,3815360,eclipsing_binary
1387.930467420229,0.99989456,0.0004720679,3815360,eclipsing_binary
1387.9318563076242,0.99950033,0.000472203,3815360,eclipsing_binary
1387.9332451954865,1.00092,0.00047222502,3815360,eclipsing_binary
1387.934634083349,1.0003282,0.00047221483,3815360,eclipsing_binary
1387.936022970745,0.9998476,0.00047216483,3815360,eclipsing_binary
1387.9374118586074,0.99930394,0.0004721314,3815360,eclipsing_binary
1387.9388007464697,0.99955016,0.0004719168,3815360,eclipsing_binary
1387.9401896343313,0.9996044,0.0004721734,3815360,eclipsing_binary
1387.941578521728,0.9996153,0.0004721034,3815360,eclipsing_binary
1387.9429674095904,1.0006042,0.00047228095,3815360,eclipsing_binary
1387.944356297452,1.0007472,0.00047227822,3815360,eclipsing_binary
1387.9457451848489,1.0000764,0.00047207382,3815360,eclipsing_binary
1387.9471340727112,1.0012774,0.00047237964,3815360,eclipsing_binary
1387.9485229601073,1.0004921,0.00047222036,3815360,eclipsing_binary
1387.9499118479696,1.0006672,0.0004723934,3815360,eclipsing_binary
1387.9513007358319,1.0002426,0.00047214652,3815360,eclipsing_binary
1387.9526896232278,0.9993055,0.00047216823,3815360,eclipsing_binary
1387.9540785110903,1.000142,0.00047219853,3815360,eclipsing_binary
1387.9554673989528,1.0006336,0.00047231105,3815360,eclipsing_binary
1387.956856286348,1.0000682,0.00047217522,3815360,eclipsing_binary
1387.9582451742097,0.9995293,0.0004721558,3815360,eclipsing_binary
1387.9596340616063,1.0003849,0.00047214428,3815360,eclipsing_binary
1387.961022949468,0.9995887,0.00047213252,3815360,eclipsing_binary
1387.9624118373304,1.0011909,0.0004722891,3815360,eclipsing_binary
1387.9638007247272,0.9990966,0.00047191905,3815360,eclipsing_binary
1387.9651896125888,1.0007936,0.00047217656,3815360,eclipsing_binary
1387.9665784999847,1.0001944,0.0004721996,3815360,eclipsing_binary
1387.9679673878472,0.99964577,0.00047216518,3815360,eclipsing_binary
1387.9693562752439,1.0008386,0.0004723281,3815360,eclipsing_binary
1387.9707451631057,0.99963444,0.00047204908,3815360,eclipsing_binary
1387.9721340505023,0.999613,0.00047212196,3815360,eclipsing_binary
1387.9735229383646,1.0011933,0.0004722181,3815360,eclipsing_binary
1387.9749118257605,1.0004885,0.00047211046,3815360,eclipsing_binary
1387.976300713623,1.0001038,0.0004720622,3815360,eclipsing_binary
1387.9776896010196,1.0003946,0.0004723213,3815360,eclipsing_binary
1387.9790784888814,0.9994059,0.0004720506,3815360,eclipsing_binary
1387.980467376278,0.9998165,0.00047201308,3815360,eclipsing_binary
1387.9818562641403,0.99968183,0.00047219612,3815360,eclipsing_binary
1387.9832451515365,1.0006305,0.00047229635,3815360,eclipsing_binary
1387.984634039398,1.0009708,0.00047227117,3815360,eclipsing_binary
1387.9860229267942,1.0002744,0.00047212737,3815360,eclipsing_binary
1387.9874118146558,1.0005398,0.00047216224,3815360,eclipsing_binary
1387.9888007020525,1.0001248,0.00047212114,3815360,eclipsing_binary
1387.9901895899147,0.99990666,0.0004720417,3815360,eclipsing_binary
1387.991578477311,0.9998757,0.00047216914,3815360,eclipsing_binary
1387.9929673647075,1.0000061,0.00047203247,3815360,eclipsing_binary
1387.99435625257,1.0007126,0.00047224626,3815360,eclipsing_binary
1387.995745139966,1.0000792,0.00047212146,3815360,eclipsing_binary
1387.9971340278285,0.99930763,0.00047207528,3815360,eclipsing_binary
1387.998522915225,1.0003376,0.0004721586,3815360,eclipsing_binary
1387.999911802621,0.9998141,0.00047208107,3815360,eclipsing_binary
1388.0013006904833,1.001281,0.00047226326,3815360,eclipsing_binary
1388.0026895778801,0.999724,0.0004720532,3815360,eclipsing_binary
1388.0040784657417,1.0000242,0.0004722306,3815360,eclipsing_binary
1388.0054673531379,0.9999977,0.0004720944,3815360,eclipsing_binary
1388.0068562405345,0.9998222,0.0004721377,3815360,eclipsing_binary
1388.008245128397,1.000029,0.00047207382,3815360,eclipsing_binary
1388.009634015793,0.99912256,0.00047201206,3815360,eclipsing_binary
1388.0110229031889,1.0009192,0.0004722836,3815360,eclipsing_binary
1388.0124117910505,0.9997268,0.00047213212,3815360,eclipsing_binary
1388.0138006784466,1.0000747,0.00047211917,3815360,eclipsing_binary
1388.0151895658432,1.0000217,0.0004721703,3815360,eclipsing_binary
1388.0165784537057,1.0007501,0.00047236192,3815360,eclipsing_binary
1388.0179673411017,1.0002246,0.00047208933,3815360,eclipsing_binary
1388.0193562284985,1.0004404,0.00047222152,3815360,eclipsing_binary
1388.0207451158951,1.0003387,0.00047225808,3815360,eclipsing_binary
1388.0221340037567,1.000533,0.0004722437,3815360,eclipsing_binary
1388.0235228911533,0.9994216,0.00047216142,3815360,eclipsing_binary
1388.0249117785502,1.0000795,0.00047221212,3815360,eclipsing_binary
1388.026300665946,1.0000451,0.00047215968,3815360,eclipsing_binary
1388.0276895538086,1.0002892,0.00047216858,3815360,eclipsing_binary
1388.0290784412052,0.99953425,0.00047216812,3815360,eclipsing_binary
1388.0304673286014,0.99957395,0.00047208136,3815360,eclipsing_binary
1388.031856215998,0.9992398,0.0004720101,3815360,eclipsing_binary
1388.0332451038603,1.0004197,0.00047223916,3815360,eclipsing_binary
1388.0346339912562,0.9999365,0.00047221748,3815360,eclipsing_binary
1388.036022878653,1.0001909,0.00047220165,3815360,eclipsing_binary
1388.037411766049,1.0002854,0.00047221786,3815360,eclipsing_binary
1388.0388006534445,1.0000315,0.00047225325,3815360,eclipsing_binary
1388.0401895413067,0.9999652,0.00047218456,3815360,eclipsing_binary
1388.0415784287034,0.9998942,0.00047208703,3815360,eclipsing_binary
1388.0429673160995,0.9997968,0.00047209449,3815360,eclipsing_binary
1388.0443562034955,0.99912524,0.00047209102,3815360,eclipsing_binary
1388.045745090892,1.0004753,0.00047215662,3815360,eclipsing_binary
1388.047133978289,1.0001462,0.00047226454,3815360,eclipsing_binary
1388.0485228661505,0.9999213,0.00047219227,3815360,eclipsing_binary
1388.0499117535473,1.0007571,0.0004723757,3815360,eclipsing_binary
1388.051300640944,1.0008237,0.0004722232,3815360,eclipsing_binary
1388.05268952834,1.0005898,0.00047220642,3815360,eclipsing_binary
1388.0540784157365,0.9999366,0.00047211777,3815360,eclipsing_binary
1388.0554673031334,1.000376,0.00047208645,3815360,eclipsing_binary
1388.0568561905293,1.0004514,0.00047228046,3815360,eclipsing_binary
1388.0582450779261,1.0000018,0.0004721758,3815360,eclipsing_binary
1388.0596339657884,1.0000136,0.00047205156,3815360,eclipsing_binary
1388.0610228531846,1.0000057,0.0004720278,3815360,eclipsing_binary
1388.0624117405812,0.99997336,0.00047211864,3815360,eclipsing_binary
1388.0638006279778,0.9994958,0.0004721321,3815360,eclipsing_binary
1388.0651895153733,1.0001484,0.00047213025,3815360,eclipsing_binary
1388.0665784027692,0.9999181,0.000472085,3815360,eclipsing_binary
1388.067967290166,1.0010736,0.00047223887,3815360,eclipsing_binary
1388.069356177562,0.99979156,0.0004720008,3815360,eclipsing_binary
1388.0707450649586,0.99956954,0.00047205933,3815360,eclipsing_binary
1388.0721339523552,0.999763,0.0004721665,3815360,eclipsing_binary
1388.0735228397514,0.9998515,0.00047215054,3815360,eclipsing_binary
1388.074911727148,0.9994534,0.00047214856,3815360,eclipsing_binary
1388.0763006145448,0.9996977,0.00047198436,3815360,eclipsing_binary
1388.0776895019408,0.9987184,0.00047189725,3815360,eclipsing_binary
1388.0790783893376,1.0003667,0.00047220796,3815360,eclipsing_binary
1388.0804672767342,1.0003605,0.0004722211,3815360,eclipsing_binary
1388.0818561641302,1.0000404,0.00047209844,3815360,eclipsing_binary
1388.0832450515263,1.000508,0.00047221832,3815360,eclipsing_binary
1388.084633938923,0.99927,0.0004719785,3815360,eclipsing_binary
1388.0860228263195,1.0009694,0.00047228753,3815360,eclipsing_binary
1388.0874117137155,1.0008407,0.00047219146,3815360,eclipsing_binary
1388.0888006011123,0.99993724,0.00047209428,3815360,eclipsing_binary
1388.0901894885092,1.0008222,0.00047237426,3815360,eclipsing_binary
1388.0915783759044,0.9996108,0.00047205391,3815360,eclipsing_binary
1388.0929672633004,1.0003071,0.00047232103,3815360,eclipsing_binary
1388.0943561502313,1.0003263,0.00047230377,3815360,eclipsing_binary
1388.0957450376275,1.0002605,0.0004722039,3815360,eclipsing_binary
1388.097133925024,1.0000124,0.00047208782,3815360,eclipsing_binary
1388.098522812421,0.99979615,0.00047214568,3815360,eclipsing_binary
1388.0999116998169,0.9998789,0.0004720904,3815360,eclipsing_binary
1388.1013005872135,0.9998444,0.0004720667,3815360,eclipsing_binary
1388.10268947461,1.0003022,0.00047213957,3815360,eclipsing_binary
1388.1040783620062,0.9996977,0.00047204245,3815360,eclipsing_binary
1388.1054672494029,0.99919206,0.0004719653,3815360,eclipsing_binary
1388.106856136334,0.9997593,0.0004722365,3815360,eclipsing_binary
1388.10824502373,0.99953383,0.00047211794,3815360,eclipsing_binary
1388.1096339111268,0.9996804,0.00047216687,3815360,eclipsing_binary
1388.1110227985234,1.0002049,0.00047224454,3815360,eclipsing_binary
1388.1124116859194,0.99930024,0.00047209318,3815360,eclipsing_binary
1388.113800573316,1.000157,0.00047222013,3815360,eclipsing_binary
1388.1151894602472,0.99986005,0.00047210036,3815360,eclipsing_binary
1388.116578347643,1.0006759,0.00047221445,3815360,eclipsing_binary
1388.11796723504,0.99960405,0.00047215645,3815360,eclipsing_binary
1388.1193561224359,0.9995805,0.0004720571,3815360,eclipsing_binary
1388.1207450098314,0.99981433,0.00047208864,3815360,eclipsing_binary
1388.1221338967623,1.0004121,0.00047231631,3815360,eclipsing_binary
1388.123522784159,1.0007869,0.00047226064,3815360,eclipsing_binary
1388.1249116715549,1.0001147,0.00047215202,3815360,eclipsing_binary
1388.126300558951,0.99978435,0.00047209833,3815360,eclipsing_binary
1388.127689445882,1.0002009,0.00047226818,3815360,eclipsing_binary
1388.1290783332788,1.0003083,0.00047227577,3815360,eclipsing_binary
1388.1304672206747,1.0003217,0.00047227865,3815360,eclipsing_binary
1388.1318561080716,1.0003196,0.00047222426,3815360,eclipsing_binary
1388.1332449950025,0.9999692,0.0004721438,3815360,eclipsing_binary
1388.1346338823985,1.000462,0.00047220816,3815360,eclipsing_binary
1388.136022769795,0.9998574,0.0004721469,3815360,eclipsing_binary
1388.1374116567263,0.99993515,0.0004721712,3815360,eclipsing_binary
1388.1388005441222,0.99951875,0.0004722812,3815360,eclipsing_binary
1388.140189431519,0.9993417,0.0004721281,3815360,eclipsing_binary
1388.14157831845,0.9998493,0.00047217816,3815360,eclipsing_binary
1388.1429672058462,0.9999381,0.00047217615,3815360,eclipsing_binary
1388.1443560932428,1.0003324,0.00047226754,3815360,eclipsing_binary
1388.1457449801737,1.0007147,0.00047241268,3815360,eclipsing_binary
1388.1471338675692,1.0002618,0.0004722102,3815360,eclipsing_binary
1388.1485227549651,0.9994733,0.00047213788,3815360,eclipsing_binary
1388.149911641896,1.0000672,0.0004720903,3815360,eclipsing_binary
1388.1513005292923,0.99986446,0.00047206925,3815360,eclipsing_binary
1388.1526894166889,0.9999923,0.00047222202,3815360,eclipsing_binary
1388.1540783036198,1.0000182,0.00047219676,3815360,eclipsing_binary
1388.155467191016,1.000128,0.0004722195,3815360,eclipsing_binary
1388.1568560784126,1.0002441,0.0004721079,3815360,eclipsing_binary
1388.1582449653438,0.9995854,0.00047219498,3815360,eclipsing_binary
1388.1596338527397,1.0004221,0.00047232962,3815360,eclipsing_binary
1388.1610227396707,1.000524,0.00047221466,3815360,eclipsing_binary
1388.1624116270673,0.99995404,0.00047221707,3815360,eclipsing_binary
1388.1638005139978,1.0004113,0.00047224102,3815360,eclipsing_binary
1388.165189401394,0.99936026,0.00047212906,3815360,eclipsing_binary
1388.1665782887906,0.9999095,0.0004721306,3815360,eclipsing_binary
1388.1679671757215,1.0001509,0.000472187,3815360,eclipsing_binary
1388.1693560631174,1.000774,0.00047225738,3815360,eclipsing_binary
1388.1707449500486,1.0000358,0.00047217615,3815360,eclipsing_binary
1388.1721338374452,1.0002437,0.00047225037,3815360,eclipsing_binary
1388.1735227243748,0.9993395,0.0004721347,3815360,eclipsing_binary
1388.174911611771,0.99994093,0.00047232315,3815360,eclipsing_binary
1388.176300498702,1.0005647,0.00047237807,3815360,eclipsing_binary
1388.1776893860979,0.99985856,0.00047214414,3815360,eclipsing_binary
1388.179078273029,1.0006994,0.00047226553,3815360,eclipsing_binary
1388.180467160426,1.000084,0.00047221867,3815360,eclipsing_binary
1388.1818560473562,0.99993557,0.0004722834,3815360,eclipsing_binary
1388.1832449347528,0.99958766,0.0004720494,3815360,eclipsing_binary
1388.1846338216837,0.9998651,0.00047206137,3815360,eclipsing_binary
1388.18602270908,0.99984056,0.00047216244,3815360,eclipsing_binary
1388.1874115960109,0.99999106,0.00047224382,3815360,eclipsing_binary
1388.1888004834077,0.9998328,0.0004721287,3815360,eclipsing_binary
1388.190189370338,1.0009328,0.00047233945,3815360,eclipsing_binary
1388.1915782572692,0.9986968,0.00047200292,3815360,eclipsing_binary
1388.1929671446658,1.0004752,0.00047224338,3815360,eclipsing_binary
1388.194356031596,0.99983567,0.00047220147,3815360,eclipsing_binary
1388.1957449189927,1.0000372,0.00047221748,3815360,eclipsing_binary
1388.1971338059238,1.0008441,0.00047226113,3815360,eclipsing_binary
1388.198522692854,0.99964213,0.00047213148,3815360,eclipsing_binary
1388.199911580251,0.9998295,0.00047206166,3815360,eclipsing_binary
1388.2013004671812,0.9999977,0.0004721062,3815360,eclipsing_binary
1388.2026893545767,1.0000017,0.00047229984,3815360,eclipsing_binary
1388.204078241507,1.000348,0.00047228957,3815360,eclipsing_binary
1388.205467128438,0.9998311,0.00047211602,3815360,eclipsing_binary
1388.2068560158345,1.000455,0.0004724443,3815360,eclipsing_binary
1388.208244902765,1.0000424,0.00047219064,3815360,eclipsing_binary
1388.209633789696,1.0005236,0.00047221617,3815360,eclipsing_binary
1388.2110226770928,1.0005792,0.00047227746,3815360,eclipsing_binary
1388.2124115640231,0.9996643,0.00047211885,3815360,eclipsing_binary
1388.2138004509543,1.000258,0.0004722565,3815360,eclipsing_binary
1388.215189338351,0.99969095,0.00047223372,3815360,eclipsing_binary
1388.2165782252812,0.99997973,0.0004722248,3815360,eclipsing_binary
1388.2179671122121,1.0004585,0.00047230933,3815360,eclipsing_binary
1388.219355999609,0.99932915,0.00047207318,3815360,eclipsing_binary
1388.2207448865393,0.9993029,0.00047213244,3815360,eclipsing_binary
1388.2221337734704,0.99976194,0.00047218244,3815360,eclipsing_binary
1388.2235226604014,0.99959874,0.00047223025,3815360,eclipsing_binary
1388.2249115477975,0.9999178,0.0004721645,3815360,eclipsing_binary
1388.2263004347285,0.99950373,0.00047214562,3815360,eclipsing_binary
1388.2276893216595,1.001066,0.0004723434,3815360,eclipsing_binary
1388.2290782085893,1.0002996,0.00047221922,3815360,eclipsing_binary
1388.2304670959852,0.9995376,0.0004721658,3815360,eclipsing_binary
1388.2318559829162,1.0003374,0.00047228838,3815360,eclipsing_binary
1388.2332448698467,0.9994039,0.00047202382,3815360,eclipsing_binary
1388.2346337567776,0.9996502,0.00047211788,3815360,eclipsing_binary
1388.2360226441742,0.9995296,0.00047207033,3815360,eclipsing_binary
1388.2374115311045,1.0004063,0.0004721911,3815360,eclipsing_binary
1388.2388004180357,0.9997307,0.00047211122,3815360,eclipsing_binary
1388.2401893049669,1.0001245,0.00047215892,3815360,eclipsing_binary
1388.2415781918971,0.99937975,0.00047210022,3815360,eclipsing_binary
1388.2429670792937,1.0005978,0.00047230755,3815360,eclipsing_binary
1388.2443559662247,0.9995476,0.0004720532,3815360,eclipsing_binary
1388.2457448531552,0.9999706,0.0004721125,3815360,eclipsing_binary
1388.2471337400855,1.0003439,0.00047227505,3815360,eclipsing_binary
1388.2485226270164,1.000183,0.0004722377,3815360,eclipsing_binary
1388.2499115139476,0.99943554,0.00047213995,3815360,eclipsing_binary
1388.2513004013435,1.0010219,0.00047235712,3815360,eclipsing_binary
1388.2526892882747,1.0002273,0.00047230834,3815360,eclipsing_binary
1388.2540781752057,1.0011272,0.00047237892,3815360,eclipsing_binary
1388.2554670621362,0.9999203,0.00047232123,3815360,eclipsing_binary
1388.2568559490664,1.0002564,0.00047217833,3815360,eclipsing_binary
1388.2582448359967,1.0002887,0.0004723612,3815360,eclipsing_binary
1388.259633722927,1.0005317,0.0004722488,3815360,eclipsing_binary
1388.2610226098582,1.0003306,0.00047232112,3815360,eclipsing_binary
1388.2624114967894,1.000053,0.0004722797,3815360,eclipsing_binary
1388.2638003837196,1.0005122,0.0004722182,3815360,eclipsing_binary
1388.2651892711162,1.0005414,0.00047229775,3815360,eclipsing_binary
1388.2665781580472,0.99986565,0.0004721556,3815360,eclipsing_binary
1388.2679670449777,1.0005317,0.0004723735,3815360,eclipsing_binary
1388.2693559319086,1.0004491,0.00047238002,3815360,eclipsing_binary
1388.2707448188398,0.9995806,0.0004721266,3815360,eclipsing_binary
1388.27213370577,0.9998751,0.00047224484,3815360,eclipsing_binary
1388.2735225927013,0.9997045,0.00047221917,3815360,eclipsing_binary
1388.2749114796322,1.0004315,0.000472266,3815360,eclipsing_binary
1388.2763003665625,0.99885225,0.0004719976,3815360,eclipsing_binary
1388.2776892534935,1.0002154,0.0004720908,3815360,eclipsing_binary
1388.2790781404246,1.0007422,0.00047239222,3815360,eclipsing_binary
1388.280467027355,1.0004023,0.0004723216,3815360,eclipsing_binary
1388.281855914286,1.0005647,0.0004723045,3815360,eclipsing_binary
1388.283244801217,1.0002656,0.00047220456,3815360,eclipsing_binary
1388.2846336881466,1.0005593,0.00047229283,3815360,eclipsing_binary
1388.2860225750765,0.99972737,0.00047220988,3815360,eclipsing_binary
1388.2874114620074,1.0007676,0.00047226108,3815360,eclipsing_binary
1388.2888003489384,0.99956083,0.000472042,3815360,eclipsing_binary
1388.2901892358689,0.9997013,0.00047220517,3815360,eclipsing_binary
1388.2915781227998,0.9998133,0.00047209556,3815360,eclipsing_binary
1388.2929670092653,0.99950355,0.00047217042,3815360,eclipsing_binary
1388.2943558961956,1.0004902,0.00047234146,3815360,eclipsing_binary
1388.2957447831266,0.999635,0.00047215517,3815360,eclipsing_binary
1388.2971336700575,1.0008289,0.00047232196,3815360,eclipsing_binary
1388.298522556988,0.99946094,0.00047216596,3815360,eclipsing_binary
1388.299911443919,1.0001755,0.00047238945,3815360,eclipsing_binary
1388.3013003308502,1.0000322,0.00047219486,3815360,eclipsing_binary
1388.3026892177804,1.0005811,0.0004723191,3815360,eclipsing_binary
1388.3040781047116,1.0002978,0.00047224388,3815360,eclipsing_binary
1388.3054669916426,0.99998796,0.00047227083,3815360,eclipsing_binary
1388.3068558781072,0.9999266,0.0004721391,3815360,eclipsing_binary
1388.3082447650381,1.0000829,0.0004721335,3815360,eclipsing_binary
1388.3096336519693,0.9999418,0.00047231247,3815360,eclipsing_binary
1388.3110225388996,1.0002472,0.00047228095,3815360,eclipsing_binary
1388.31241142583,0.9990921,0.0004721023,3815360,eclipsing_binary
1388.3138003127603,1.0001498,0.00047213162,3815360,eclipsing_binary
1388.3151891992252,0.99937457,0.00047206949,3815360,eclipsing_binary
1388.3165780861561,1.0008165,0.00047223023,3815360,eclipsing_binary
1388.317966973087,1.0003687,0.0004722992,3815360,eclipsing_binary
1388.3193558600174,1.0003705,0.00047234457,3815360,eclipsing_binary
1388.3207447469485,0.99967843,0.00047212248,3815360,eclipsing_binary
1388.3221336334138,0.99928325,0.00047202854,3815360,eclipsing_binary
1388.3235225203443,0.99995685,0.00047223244,3815360,eclipsing_binary
1388.3249114072746,0.9995106,0.0004721747,3815360,eclipsing_binary
1388.3263002942058,0.99943686,0.00047221934,3815360,eclipsing_binary
1388.3276891811367,0.99988806,0.0004721599,3815360,eclipsing_binary
1388.3290780676014,0.9992129,0.0004720802,3815360,eclipsing_binary
1388.3304669545323,1.0003145,0.00047222324,3815360,eclipsing_binary
1388.3318558414635,0.9995326,0.00047216183,3815360,eclipsing_binary
1388.3332447283938,1.0004445,0.0004723617,3815360,eclipsing_binary
1388.3346336148593,0.999433,0.00047200292,3815360,eclipsing_binary
1388.3360225017902,1.0002384,0.0004720654,3815360,eclipsing_binary
1388.3374113887207,1.0005316,0.00047231218,3815360,eclipsing_binary
1388.338800275186,1.000214,0.00047239108,3815360,eclipsing_binary
1388.3401891621163,1.0005858,0.00047243983,3815360,eclipsing_binary
1388.341578049046,1.0008997,0.00047244533,3815360,eclipsing_binary
1388.3429669355114,1.0008582,0.00047238462,3815360,eclipsing_binary
1388.3443558224424,1.0003908,0.0004724529,3815360,eclipsing_binary
1388.3457447093729,0.999665,0.00047220112,3815360,eclipsing_binary
1388.3471335963038,1.0005609,0.00047230232,3815360,eclipsing_binary
1388.348522482769,0.9998439,0.0004720867,3815360,eclipsing_binary
1388.3499113696996,1.0003289,0.0004723125,3815360,eclipsing_binary
1388.351300256165,0.99950475,0.0004721677,3815360,eclipsing_binary
1388.352689143096,0.9995297,0.0004720993,3815360,eclipsing_binary
1388.3540780300264,0.999836,0.0004721547,3815360,eclipsing_binary
1388.3554669164917,1.0002962,0.00047225144,3815360,eclipsing_binary
1388.3568558034226,1.0004617,0.00047234286,3815360,eclipsing_binary
1388.358244690353,1.0006372,0.00047233756,3815360,eclipsing_binary
1388.3596335768184,0.9994619,0.00047209943,3815360,eclipsing_binary
1388.3610224637496,0.9989946,0.0004720682,3815360,eclipsing_binary
1388.3624113502142,0.99958926,0.00047212353,3815360,eclipsing_binary
1388.3638002371445,0.99999684,0.00047229233,3815360,eclipsing_binary
1388.3651891240756,0.9997154,0.00047204332,3815360,eclipsing_binary
1388.366578010541,0.99955,0.00047208057,3815360,eclipsing_binary
1388.3679668974705,1.0001768,0.0004723904,3815360,eclipsing_binary
1388.3693557839354,1.0006908,0.00047229842,3815360,eclipsing_binary
1388.3707446708663,0.999832,0.0004721386,3815360,eclipsing_binary
1388.372133557331,1.0000354,0.0004723582,3815360,eclipsing_binary
1388.373522444262,0.9996507,0.00047231416,3815360,eclipsing_binary
1388.3749113307276,0.9994239,0.0004721118,3815360,eclipsing_binary
1388.376300217658,1.000121,0.0004721994,3815360,eclipsing_binary
1388.3776891041232,0.9994104,0.00047213375,3815360,eclipsing_binary
1388.3790779910541,0.9994994,0.00047221416,3815360,eclipsing_binary
1388.380466877519,0.9996768,0.00047214536,3815360,eclipsing_binary
1388.38185576445,0.99995404,0.00047222455,3815360,eclipsing_binary
1388.3832446509155,1.0001622,0.00047221433,3815360,eclipsing_binary
1388.3846335378457,1.0006138,0.00047229233,3815360,eclipsing_binary
1388.3860224243112,0.9994512,0.00047203837,3815360,eclipsing_binary
1388.3874113112422,1.0007715,0.00047227033,3815360,eclipsing_binary
1388.3888001977068,0.9994351,0.0004722225,3815360,eclipsing_binary
1388.3901890846378,1.0000061,0.00047225226,3815360,eclipsing_binary
1388.3915779711033,0.9985324,0.0004720484,3815360,eclipsing_binary
1388.3929668580336,1.0005912,0.0004722703,3815360,eclipsing_binary
1388.394355744499,0.99972194,0.0004721605,3815360,eclipsing_binary
1388.3957446314294,1.0000919,0.0004722108,3815360,eclipsing_binary
1388.3971335178933,1.0002327,0.0004721859,3815360,eclipsing_binary
1388.3985224043586,0.9999292,0.00047218916,3815360,eclipsing_binary
1388.3999112912898,0.9988998,0.0004719907,3815360,eclipsing_binary
1388.4013001777544,0.99928707,0.00047205444,3815360,eclipsing_binary
1388.4026890646855,0.999967,0.00047219582,3815360,eclipsing_binary
1388.4040779511508,1.0008072,0.0004723005,3815360,eclipsing_binary
1388.4054668376157,1.0001789,0.000472291,3815360,eclipsing_binary
1388.406855724546,0.9997356,0.0004721987,3815360,eclipsing_binary
1388.4082446110115,1.0003419,0.000472308,3815360,eclipsing_binary
1388.4096334974768,0.9992238,0.000472125,3815360,eclipsing_binary
1388.411022384407,1.0003192,0.00047234815,3815360,eclipsing_binary
1388.4124112708723,0.9998545,0.000472066,3815360,eclipsing_binary
1388.4138001578035,1.000069,0.00047221695,3815360,eclipsing_binary
1388.4151890442681,0.99951047,0.00047223576,3815360,eclipsing_binary
1388.4165779307336,0.99929255,0.00047214245,3815360,eclipsing_binary
1388.417966817199,1.0005052,0.00047225802,3815360,eclipsing_binary
1388.4193557041292,0.99968475,0.0004721285,3815360,eclipsing_binary
1388.4207445905945,1.000216,0.00047236145,3815360,eclipsing_binary
1388.42213347706,0.9994182,0.00047199053,3815360,eclipsing_binary
1388.4235223639898,1.0008146,0.00047234126,3815360,eclipsing_binary
1388.4249112504544,0.99946594,0.00047205418,3815360,eclipsing_binary
1388.4263001369197,0.9995363,0.00047220133,3815360,eclipsing_binary
1388.4276890238502,0.9985773,0.00047203782,3815360,eclipsing_binary
1388.4290779103155,0.99932736,0.0004722595,3815360,eclipsing_binary
1388.4304667967808,1.0000943,0.00047228942,3815360,eclipsing_binary
1388.4318556832454,0.9992019,0.0004721717,3815360,eclipsing_binary
1388.4332445701766,0.9994278,0.00047220735,3815360,eclipsing_binary
1388.4346334566421,0.9999454,0.00047222574,3815360,eclipsing_binary
1388.4360223431067,0.99930185,0.00047218322,3815360,eclipsing_binary
1388.437411229572,0.99925315,0.00047223692,3815360,eclipsing_binary
1388.4388001160373,0.9995408,0.00047214844,3815360,eclipsing_binary
1388.4401890029678,1.0000613,0.00047224722,3815360,eclipsing_binary
1388.4415778894331,1.000459,0.00047232636,3815360,eclipsing_binary
1388.4429667758986,1.00035,0.000472227,3815360,eclipsing_binary
1388.4443556623633,0.99933916,0.00047206494,3815360,eclipsing_binary
1388.4457445488279,1.0000873,0.00047229475,3815360,eclipsing_binary
1388.447133435759,1.0004519,0.00047221518,3815360,eclipsing_binary
1388.4485223222243,1.0002462,0.00047230913,3815360,eclipsing_binary
1388.4499112086892,1.0010266,0.00047242432,3815360,eclipsing_binary
1388.4513000951545,1.0001186,0.00047238645,3815360,eclipsing_binary
1388.452688981619,0.99983895,0.0004723084,3815360,eclipsing_binary
1388.454077868083,1.0000452,0.00047243826,3815360,eclipsing_binary
1388.4554667550142,0.999779,0.00047235462,3815360,eclipsing_binary
1388.4568556414795,1.0001104,0.00047226192,3815360,eclipsing_binary
1388.4582445279443,1.0005827,0.000472255,3815360,eclipsing_binary
1388.4596334144096,0.9997585,0.0004722473,3815360,eclipsing_binary
1388.461022300875,0.9998595,0.00047231183,3815360,eclipsing_binary
1388.4624111873397,0.9996864,0.00047229463,3815360,eclipsing_binary
1388.463800073805,0.9998176,0.0004722194,3815360,eclipsing_binary
1388.4651889602706,1.0003783,0.00047215328,3815360,eclipsing_binary
1388.4665778467352,0.9995915,0.00047218133,3815360,eclipsing_binary
1388.4679667336661,0.99908847,0.00047207455,3815360,eclipsing_binary
1388.4693556201314,1.0005132,0.00047227682,3815360,eclipsing_binary
1388.4707445065962,0.9995842,0.0004721158,3815360,eclipsing_binary
1388.4721333930615,1.0005363,0.00047215424,3815360,eclipsing_binary
1388.473522279527,0.9998989,0.0004722874,3815360,eclipsing_binary
1388.4749111659917,1.0008843,0.000472337,3815360,eclipsing_binary
1388.4763000524572,0.99953514,0.00047214233,3815360,eclipsing_binary
1388.4776889389225,1.0000463,0.00047222554,3815360,eclipsing_binary
1388.479077825387,1.0001731,0.0004723245,3815360,eclipsing_binary
1388.480466711852,1.0003589,0.0004723148,3815360,eclipsing_binary
1388.4818555983165,0.9997378,0.00047224178,3815360,eclipsing_binary
1388.4832444847812,1.000074,0.0004723952,3815360,eclipsing_binary
1388.484633371246,1.0005808,0.00047233066,3815360,eclipsing_binary
1388.4860222577113,1.0001079,0.0004722334,3815360,eclipsing_binary
1388.4874111441768,1.0007722,0.0004723535,3815360,eclipsing_binary
1388.4888000306414,0.9994603,0.00047218113,3815360,eclipsing_binary
1388.4901889171067,0.9996532,0.00047215738,3815360,eclipsing_binary
1388.491577803572,0.9997824,0.00047229076,3815360,eclipsing_binary
1388.4929666900368,0.99913895,0.0004720414,3815360,eclipsing_binary
1388.4943555765021,1.001194,0.00047232767,3815360,eclipsing_binary
1388.4957444629677,0.9994259,0.00047216003,3815360,eclipsing_binary
1388.4971333494323,1.0002168,0.0004722472,3815360,eclipsing_binary
1388.4985222354321,1.0000598,0.00047222612,3815360,eclipsing_binary
1388.4999111218974,0.9999089,0.000472214,3815360,eclipsing_binary
1388.501300008362,0.999865,0.00047216716,3815360,eclipsing_binary
1388.5026888948273,1.0001757,0.0004723116,3815360,eclipsing_binary
1388.5040777812928,1.000894,0.00047248742,3815360,eclipsing_binary
1388.5054666677574,1.0002327,0.00047227385,3815360,eclipsing_binary
1388.506855554223,1.0011272,0.0004724255,3815360,eclipsing_binary
1388.5082444406883,0.99911034,0.0004719816,3815360,eclipsing_binary
1388.5096333271522,0.99961966,0.00047215284,3815360,eclipsing_binary
1388.511022213617,0.99893826,0.0004719725,3815360,eclipsing_binary
1388.5124110996167,1.0005908,0.0004722983,3815360,eclipsing_binary
1388.5137999860813,0.99945754,0.00047210717,3815360,eclipsing_binary
1388.5151888725468,0.99965376,0.00047215668,3815360,eclipsing_binary
1388.516577759012,1.0001749,0.0004723033,3815360,eclipsing_binary
1388.517966645477,1.000428,0.0004723683,3815360,eclipsing_binary
1388.5193555319422,1.0004027,0.0004722907,3815360,eclipsing_binary
1388.5207444179418,0.9999534,0.00047220764,3815360,eclipsing_binary
1388.5221333044067,0.9998066,0.0004721681,3815360,eclipsing_binary
1388.523522190872,1.000027,0.00047206128,3815360,eclipsing_binary
1388.5249110773375,1.0001911,0.00047225776,3815360,eclipsing_binary
1388.526299963802,0.99982154,0.00047214192,3815360,eclipsing_binary
1388.527688849801,0.99987984,0.00047227574,3815360,eclipsing_binary
1388.5290777362666,1.0000407,0.0004721659,3815360,eclipsing_binary
1388.5304666227319,0.99938613,0.00047222443,3815360,eclipsing_binary
1388.5318555091967,0.99987656,0.000472259,3815360,eclipsing_binary
1388.5332443951963,1.0000838,0.00047222732,3815360,eclipsing_binary
1388.5346332816616,1.0012242,0.00047243768,3815360,eclipsing_binary
1388.5360221681262,0.9996234,0.00047209297,3815360,eclipsing_binary
1388.537411054591,0.99991655,0.0004722708,3815360,eclipsing_binary
1388.53879994059,1.0000046,0.00047229117,3815360,eclipsing_binary
1388.5401888270549,1.0002726,0.00047215342,3815360,eclipsing_binary
1388.5415777135202,0.99965984,0.00047214402,3815360,eclipsing_binary
1388.5429665999854,1.0001159,0.00047234737,3815360,eclipsing_binary
1388.5443554859844,0.9996029,0.00047222385,3815360,eclipsing_binary
1388.54574437245,1.0000201,0.0004722956,3815360,eclipsing_binary
1388.5471332589154,0.9994176,0.00047213296,3815360,eclipsing_binary
1388.5485221449144,1.0002958,0.0004722636,3815360,eclipsing_binary
1388.5499110313797,1.0000672,0.00047229812,3815360,eclipsing_binary
1388.551299917845,1.0001055,0.0004722643,3815360,eclipsing_binary
1388.5526888038441,1.0000931,0.00047225764,3815360,eclipsing_binary
1388.5540776903094,0.999959,0.00047232583,3815360,eclipsing_binary
1388.555466576775,0.9994631,0.00047221122,3815360,eclipsing_binary
1388.556855462774,0.99981326,0.0004723216,3815360,eclipsing_binary
1388.5582443492394,0.9990263,0.00047211366,3815360,eclipsing_binary
1388.5596332357047,0.99995744,0.00047221538,3815360,eclipsing_binary
1388.5610221217037,1.0004455,0.00047222048,3815360,eclipsing_binary
1388.562411008169,0.9994291,0.00047231786,3815360,eclipsing_binary
1388.5637998941688,0.99961776,0.00047206983,3815360,eclipsing_binary
1388.5651887806334,0.9993488,0.0004720589,3815360,eclipsing_binary
1388.5665776670976,0.9999086,0.00047243456,3815360,eclipsing_binary
1388.5679665530965,1.0001482,0.00047215208,3815360,eclipsing_binary
1388.569355439562,0.99947834,0.0004721771,3815360,eclipsing_binary
1388.570744325561,1.0003383,0.00047216553,3815360,eclipsing_binary
1388.5721332120263,1.0002818,0.00047235968,3815360,eclipsing_binary
1388.5735220984916,1.0002726,0.00047226236,3815360,eclipsing_binary
1388.5749109844908,1.0012145,0.000472388,3815360,eclipsing_binary
1388.576299870956,1.001434,0.00047248177,3815360,eclipsing_binary
1388.577688756956,1.00009,0.00047218098,3815360,eclipsing_binary
1388.5790776434205,1.0001351,0.00047223634,3815360,eclipsing_binary
1388.5804665294204,1.0003879,0.00047237723,3815360,eclipsing_binary
1388.5818554158857,1.0000969,0.00047227283,3815360,eclipsing_binary
1388.5832443018846,0.9996826,0.00047213133,3815360,eclipsing_binary
1388.58463318835,1.0001655,0.00047248614,3815360,eclipsing_binary
1388.5860220743498,1.0004681,0.00047232848,3815360,eclipsing_binary
1388.5874109608144,1.000111,0.00047218334,3815360,eclipsing_binary
1388.5887998468143,1.0000966,0.00047214926,3815360,eclipsing_binary
1388.5901887332795,0.9996144,0.00047232304,3815360,eclipsing_binary
1388.5915776192787,1.000151,0.0004722494,3815360,eclipsing_binary
1388.592966505744,1.0003278,0.0004722954,3815360,eclipsing_binary
1388.594355391743,0.9995015,0.0004722807,3815360,eclipsing_binary
1388.595744278207,0.9998595,0.00047229417,3815360,eclipsing_binary
1388.5971331642068,0.99996024,0.00047222152,3815360,eclipsing_binary
1388.598522050672,1.0002545,0.00047219294,3815360,eclipsing_binary
1388.5999109366712,0.9996188,0.0004722431,3815360,eclipsing_binary
1388.6012998226709,1.0013204,0.00047244105,3815360,eclipsing_binary
1388.6026887091361,1.0002396,0.00047230822,3815360,eclipsing_binary
1388.604077595135,0.9996374,0.00047226588,3815360,eclipsing_binary
1388.6054664816,0.9994953,0.00047207184,3815360,eclipsing_binary
1388.6068553675996,1.000307,0.00047234286,3815360,eclipsing_binary
1388.6082442535994,0.9997794,0.00047212717,3815360,eclipsing_binary
1388.609633140064,1.0004754,0.0004722913,3815360,eclipsing_binary
1388.611022026064,0.99962264,0.0004722293,3815360,eclipsing_binary
1388.6124109125292,0.9999418,0.00047223284,3815360,eclipsing_binary
1388.6137997985281,0.99961966,0.00047208098,3815360,eclipsing_binary
1388.6151886845278,1.0007616,0.00047245563,3815360,eclipsing_binary
1388.6165775709933,0.99975425,0.00047227513,3815360,eclipsing_binary
1388.6179664569922,0.99985176,0.00047232897,3815360,eclipsing_binary
1388.619355342992,1.0005746,0.0004723008,3815360,eclipsing_binary
1388.6207442294574,1.0002918,0.00047235537,3815360,eclipsing_binary
1388.6221331154566,0.9999703,0.00047221791,3815360,eclipsing_binary
1388.6235220014555,1.000382,0.00047231355,3815360,eclipsing_binary
1388.6249108879201,1.0003676,0.00047225444,3815360,eclipsing_binary
1388.626299773919,1.000424,0.00047234583,3815360,eclipsing_binary
1388.627688659919,1.0003672,0.000472293,3815360,eclipsing_binary
1388.6290775463845,0.9998164,0.00047227336,3815360,eclipsing_binary
1388.6304664323834,1.0004206,0.00047233037,3815360,eclipsing_binary
1388.631855318383,0.9997506,0.00047223203,3815360,eclipsing_binary
1388.6332442043827,1.0008055,0.00047231163,3815360,eclipsing_binary
1388.6346330908475,0.9998468,0.00047222697,3815360,eclipsing_binary
1388.6360219768471,0.99903786,0.00047206474,3815360,eclipsing_binary
1388.637410862847,1.0001041,0.00047231454,3815360,eclipsing_binary
1388.6387997493116,0.9998492,0.00047212478,3815360,eclipsing_binary
1388.6401886353115,1.0008698,0.00047224038,3815360,eclipsing_binary
1388.641577521311,1.0007094,0.0004725652,3815360,eclipsing_binary
1388.64296640731,1.0004905,0.0004722334,3815360,eclipsing_binary
1388.6443552933092,1.0006782,0.00047239286,3815360,eclipsing_binary
1388.6457441797745,1.0010401,0.00047246084,3815360,eclipsing_binary
1388.6471330657741,1.0000808,0.00047213462,3815360,eclipsing_binary
1388.648521951773,0.9995945,0.00047232164,3815360,eclipsing_binary
1388.649910837773,0.9996278,0.00047216692,3815360,eclipsing_binary
1388.6512997237726,1.0004497,0.0004723706,3815360,eclipsing_binary
1388.6526886102365,0.99968034,0.00047222697,3815360,eclipsing_binary
1388.6540774962357,0.99981844,0.00047228314,3815360,eclipsing_binary
1388.6554663822353,0.9997193,0.00047222074,3815360,eclipsing_binary
1388.6568552682345,1.0007725,0.00047233893,3815360,eclipsing_binary
1388.6582441542341,1.000399,0.0004723629,3815360,eclipsing_binary
1388.659633040234,1.0002902,0.00047232487,3815360,eclipsing_binary
1388.6610219266986,1.0010434,0.00047256894,3815360,eclipsing_binary
1388.6624108126982,1.0002769,0.00047230252,3815360,eclipsing_binary
1388.6637996986979,1.0000131,0.00047219236,3815360,eclipsing_binary
1388.665188584697,0.99971676,0.00047221154,3815360,eclipsing_binary
1388.6665774706967,0.99986005,0.00047226422,3815360,eclipsing_binary
1388.6679663566965,1.0003694,0.0004723243,3815360,eclipsing_binary
1388.6693552426955,0.999998,0.0004722007,3815360,eclipsing_binary
1388.6707441286953,1.0007383,0.0004724042,3815360,eclipsing_binary
1388.672133014695,0.999859,0.00047224344,3815360,eclipsing_binary
1388.6735219011596,1.0009575,0.00047247155,3815360,eclipsing_binary
1388.6749107871592,0.9994243,0.0004720833,3815360,eclipsing_binary
1388.676299673159,0.99926484,0.0004720596,3815360,eclipsing_binary
1388.677688559158,0.99976116,0.00047218145,3815360,eclipsing_binary
1388.6790774451579,0.99991286,0.0004722017,3815360,eclipsing_binary
1388.6804663311575,0.99969137,0.00047226108,3815360,eclipsing_binary
1388.6818552171558,0.9998861,0.00047212437,3815360,eclipsing_binary
1388.683244103155,0.9994673,0.00047201983,3815360,eclipsing_binary
1388.6846329891546,0.999462,0.00047209175,3815360,eclipsing_binary
1388.6860218751535,0.9999852,0.00047239708,3815360,eclipsing_binary
1388.6874107611527,0.9992886,0.00047234065,3815360,eclipsing_binary
1388.6887996471523,1.0010486,0.00047242132,3815360,eclipsing_binary
1388.6901885331522,0.9990043,0.0004720808,3815360,eclipsing_binary
1388.6915774191511,1.0006217,0.00047243398,3815360,eclipsing_binary
1388.692966305151,1.0000802,0.0004724195,3815360,eclipsing_binary
1388.6943551911506,1.0001969,0.0004722514,3815360,eclipsing_binary
1388.6957440771496,0.99988574,0.00047237353,3815360,eclipsing_binary
1388.6971329631492,0.9999437,0.0004722937,3815360,eclipsing_binary
1388.698521849149,0.99930304,0.00047225927,3815360,eclipsing_binary
1388.699910735148,0.99942195,0.0004721517,3815360,eclipsing_binary
1388.7012996211479,0.99936694,0.00047224335,3815360,eclipsing_binary
1388.7026885071475,1.0001335,0.0004722841,3815360,eclipsing_binary
1388.7040773931467,0.99905556,0.00047202248,3815360,eclipsing_binary
1388.7054662791463,0.9995382,0.00047213133,3815360,eclipsing_binary
1388.706855165146,1.0012981,0.00047248704,3815360,eclipsing_binary
1388.7082440506792,1.0006077,0.00047239853,3815360,eclipsing_binary
1388.709632936679,1.0003194,0.00047238645,3815360,eclipsing_binary
1388.711021822678,1.0000266,0.00047231658,3815360,eclipsing_binary
1388.7124107086765,0.9995545,0.00047220004,3815360,eclipsing_binary
1388.7137995946762,1.0001022,0.00047241358,3815360,eclipsing_binary
1388.7151884806758,1.0000557,0.00047231544,3815360,eclipsing_binary
1388.716577366675,1.0001758,0.00047230153,3815360,eclipsing_binary
1388.7179662526746,1.0002515,0.00047241786,3815360,eclipsing_binary
1388.7193551386745,1.0001222,0.00047228826,3815360,eclipsing_binary
1388.7207440242078,0.9991459,0.00047217082,3815360,eclipsing_binary
1388.7221329102074,1.0003703,0.00047237336,3815360,eclipsing_binary
1388.723521796207,0.99984086,0.00047231466,3815360,eclipsing_binary
1388.7249106822062,1.0000917,0.00047226428,3815360,eclipsing_binary
1388.7262995682051,0.99969864,0.0004721729,3815360,eclipsing_binary
1388.7276884542048,0.99963576,0.0004722467,3815360,eclipsing_binary
1388.729077339739,1.0009173,0.0004724643,3815360,eclipsing_binary
1388.730466225738,0.9997554,0.00047219128,3815360,eclipsing_binary
1388.7318551117378,1.0003039,0.00047227475,3815360,eclipsing_binary
1388.7332439977374,1.0000421,0.00047229946,3815360,eclipsing_binary
1388.7346328837366,0.9997287,0.00047222959,3815360,eclipsing_binary
1388.7360217692706,1.0001953,0.00047245302,3815360,eclipsing_binary
1388.7374106552702,1.0000532,0.0004722858,3815360,eclipsing_binary
1388.7387995412694,1.0009248,0.0004725517,3815360,eclipsing_binary
1388.7401884272683,1.0009447,0.00047246998,3815360,eclipsing_binary
1388.7415773128018,0.99947864,0.0004722515,3815360,eclipsing_binary
1388.7429661988008,1.0002118,0.00047243875,3815360,eclipsing_binary
1388.7443550848004,0.999808,0.00047204565,3815360,eclipsing_binary
1388.7457439708,0.999196,0.000472121,3815360,eclipsing_binary
1388.7471328563336,0.9999894,0.0004723953,3815360,eclipsing_binary
1388.7485217423332,1.0002886,0.00047233267,3815360,eclipsing_binary
1388.749910628333,0.9994846,0.0004721287,3815360,eclipsing_binary
1388.751299514332,0.9996216,0.00047222432,3815360,eclipsing_binary
1388.7526883998662,0.9992246,0.00047225333,3815360,eclipsing_binary
1388.7540772858658,1.0010557,0.0004724279,3815360,eclipsing_binary
1388.7554661718648,1.0002213,0.00047230403,3815360,eclipsing_binary
1388.7568550573988,1.0005741,0.00047250983,3815360,eclipsing_binary
1388.7582439433986,0.999445,0.00047207138,3815360,eclipsing_binary
1388.7596328293976,0.9992533,0.00047219047,3815360,eclipsing_binary
1388.7610217149318,1.0004878,0.00047240412,3815360,eclipsing_binary
1388.7624106009314,0.9994361,0.0004722253,3815360,eclipsing_binary
1388.7637994869306,1.0005077,0.00047238325,3815360,eclipsing_binary
1388.7651883724639,1.0000724,0.00047210668,3815360,eclipsing_binary
1388.7665772584635,1.0007037,0.00047233768,3815360,eclipsing_binary
1388.7679661444631,1.0000774,0.00047241888,3815360,eclipsing_binary
1388.769355029996,0.9992588,0.00047220322,3815360,eclipsing_binary
1388.770743915995,0.9999767,0.000472174,3815360,eclipsing_binary
1388.772132801529,0.9995028,0.00047231308,3815360,eclipsing_binary
1388.773521687528,1.0004661,0.00047255267,3815360,eclipsing_binary
1388.774910573528,0.9998391,0.00047231204,3815360,eclipsing_binary
1388.7762994590619,1.0000516,0.00047222714,3815360,eclipsing_binary
1388.7776883450608,0.9998083,0.0004721701,3815360,eclipsing_binary
1388.7790772305948,0.99981,0.00047229032,3815360,eclipsing_binary
1388.7804661165947,1.0007701,0.00047246733,3815360,eclipsing_binary
1388.781855002128,0.9997682,0.00047220231,3815360,eclipsing_binary
1388.7832438881278,1.0000017,0.00047235476,3815360,eclipsing_binary
1388.7846327741274,0.99959236,0.00047217568,3815360,eclipsing_binary
1388.7860216596607,0.9998059,0.0004722579,3815360,eclipsing_binary
1388.7874105456604,1.0002621,0.00047222857,3815360,eclipsing_binary
1388.7887994311945,0.99905515,0.00047221754,3815360,eclipsing_binary
1388.7901883171935,0.9987449,0.0004720714,3815360,eclipsing_binary
1388.7915772027277,0.9996914,0.00047220482,3815360,eclipsing_binary
1388.7929660887273,1.0005842,0.00047246114,3815360,eclipsing_binary
1388.7943549742608,1.0001788,0.0004723059,3815360,eclipsing_binary
1388.7957438602605,0.9997207,0.0004721657,3815360,eclipsing_binary
1388.7971327457944,0.99998295,0.00047232417,3815360,eclipsing_binary
1388.798521631793,1.0007474,0.00047243628,3815360,eclipsing_binary
1388.7999105173262,0.9998408,0.00047240782,3815360,eclipsing_binary
1388.801299403326,0.999509,0.00047216713,3815360,eclipsing_binary
1388.8026882888594,1.0001642,0.0004723307,3815360,eclipsing_binary
1388.804077174859,0.9998735,0.0004722643,3815360,eclipsing_binary
1388.805466060393,1.0000483,0.0004723213,3815360,eclipsing_binary
1388.8068549459265,0.9996618,0.00047226212,3815360,eclipsing_binary
1388.8082438319254,1.0007114,0.0004724452,3815360,eclipsing_binary
1388.8096327174594,0.9999888,0.00047221582,3815360,eclipsing_binary
1388.8110216034593,1.0000852,0.00047223832,3815360,eclipsing_binary
1388.8124104889926,1.000431,0.00047253544,3815360,eclipsing_binary
1388.8137993749924,0.9993731,0.0004721786,3815360,eclipsing_binary
1388.8151882605264,1.0002805,0.00047242237,3815360,eclipsing_binary
1388.81657714606,1.0007876,0.00047238037,3815360,eclipsing_binary
1388.8179660320595,0.999765,0.000472342,3815360,eclipsing_binary
1388.8193549175935,1.0000865,0.0004722954,3815360,eclipsing_binary
1388.8207438035924,1.0003623,0.00047236614,3815360,eclipsing_binary
1388.8221326891266,1.0003896,0.0004723917,3815360,eclipsing_binary
1388.8235215746608,1.0006937,0.00047240546,3815360,eclipsing_binary
1388.8249104606598,0.9995343,0.00047229562,3815360,eclipsing_binary
1388.8262993461938,1.0005604,0.00047234306,3815360,eclipsing_binary
1388.8276882317273,0.9997547,0.00047223954,3815360,eclipsing_binary
1388.8290771177255,0.99942875,0.0004721704,3815360,eclipsing_binary
1388.8304660032595,1.0000091,0.0004722166,3815360,eclipsing_binary
1388.8318548887937,1.0001996,0.00047242423,3815360,eclipsing_binary
1388.8332437747927,0.99964774,0.0004722608,3815360,eclipsing_binary
1388.8346326603266,0.9994615,0.00047207618,3815360,eclipsing_binary
1388.8360215458606,0.99967,0.00047231658,3815360,eclipsing_binary
1388.8374104318598,1.0001359,0.00047219504,3815360,eclipsing_binary
1388.8387993173938,0.99995416,0.00047235782,3815360,eclipsing_binary
1388.840188202928,1.0005146,0.0004723667,3815360,eclipsing_binary
1388.8415770884612,1.0002072,0.0004724019,3815360,eclipsing_binary
1388.842965974461,1.0004156,0.0004724683,3815360,eclipsing_binary
1388.844354859995,1.0004091,0.00047250921,3815360,eclipsing_binary
1388.8457437455284,0.9997804,0.00047219865,3815360,eclipsing_binary
1388.8471326310619,1.0005306,0.00047243806,3815360,eclipsing_binary
1388.8485215170615,1.0000635,0.00047225805,3815360,eclipsing_binary
1388.8499104025955,0.9993749,0.0004721639,3815360,eclipsing_binary
1388.851299288129,0.99925935,0.00047225095,3815360,eclipsing_binary
1388.852688173663,0.9992135,0.00047223936,3815360,eclipsing_binary
1388.8540770596628,1.00042,0.000472392,3815360,eclipsing_binary
1388.855465945196,1.0003192,0.00047240418,3815360,eclipsing_binary
1388.85685483073,1.0003837,0.00047228293,3815360,eclipsing_binary
1388.8582437162636,1.0005511,0.0004723281,3815360,eclipsing_binary
1388.8596326017962,0.99967986,0.0004722326,3815360,eclipsing_binary
1388.8610214877958,1.000136,0.00047243023,3815360,eclipsing_binary
1388.86241037333,1.0002769,0.00047235977,3815360,eclipsing_binary
1388.8637992588633,1.0004793,0.0004724298,3815360,eclipsing_binary
1388.8651881443975,1.0014676,0.00047260252,3815360,eclipsing_binary
1388.8665770299315,0.99970776,0.0004723104,3815360,eclipsing_binary
1388.8693548014644,1.0003985,0.00047231378,3815360,eclipsing_binary
1388.8707436869986,0.9997118,0.00047215522,3815360,eclipsing_binary
1388.8721325725319,0.99939424,0.0004720495,3815360,eclipsing_binary
1388.873521458066,1.000336,0.00047237787,3815360,eclipsing_binary
1388.8749103436,0.9989938,0.00047216492,3815360,eclipsing_binary
1388.8762992291336,0.9994417,0.0004721138,3815360,eclipsing_binary
1388.8776881146675,1.0000217,0.0004722054,3815360,eclipsing_binary
1388.8790770002015,1.0000787,0.0004723586,3815360,eclipsing_binary
1388.8804658862005,1.0002899,0.00047242263,3815360,eclipsing_binary
1388.8818547717347,0.9997067,0.0004721924,3815360,eclipsing_binary
1388.8832436572688,0.99952143,0.00047217772,3815360,eclipsing_binary
1388.8846325428021,1.0006261,0.00047236742,3815360,eclipsing_binary
1388.8860214283354,1.0000421,0.0004722672,3815360,eclipsing_binary
1388.8874103138687,1.0001415,0.00047221722,3815360,eclipsing_binary
1388.8887991994022,0.9997371,0.00047229513,3815360,eclipsing_binary
1388.8901880849355,0.9998448,0.0004722781,3815360,eclipsing_binary
1388.8915769704695,1.000729,0.00047261053,3815360,eclipsing_binary
1388.8929658560037,0.99979407,0.00047218712,3815360,eclipsing_binary
1388.894354741537,0.99926853,0.0004721603,3815360,eclipsing_binary
1388.8957436270712,0.99976796,0.00047237668,3815360,eclipsing_binary
1388.8971325126051,1.0002455,0.00047227932,3815360,eclipsing_binary
1388.8985213981387,1.0001717,0.00047232147,3815360,eclipsing_binary
1388.8999102836726,1.000235,0.00047237318,3815360,eclipsing_binary
1388.9012991692066,0.99882835,0.00047229335,3815360,eclipsing_binary
1388.9026880547399,1.0011886,0.00047240278,3815360,eclipsing_binary
1388.904076940274,1.0004617,0.0004723463,3815360,eclipsing_binary
1388.905465825808,0.9999338,0.00047235837,3815360,eclipsing_binary
1388.9068547113416,0.9997785,0.0004723693,3815360,eclipsing_binary
1388.9082435968755,1.0004845,0.00047247886,3815360,eclipsing_binary
1388.9096324824095,0.9994662,0.00047217042,3815360,eclipsing_binary
1388.911021367943,1.0004886,0.00047247193,3815360,eclipsing_binary
1388.912410253477,1.0000498,0.0004723108,3815360,eclipsing_binary
1388.9137991390112,0.9996614,0.00047230138,3815360,eclipsing_binary
1388.9151880245445,1.0001479,0.00047238747,3815360,eclipsing_binary
1388.9165769100784,0.9994199,0.00047220435,3815360,eclipsing_binary
1388.917965795612,1.0004295,0.00047242147,3815360,eclipsing_binary
1388.919354680679,1.0000584,0.00047227813,3815360,eclipsing_binary
1388.9207435662129,0.9994019,0.0004722176,3815360,eclipsing_binary
1388.922132451747,0.99970394,0.0004721628,3815360,eclipsing_binary
1388.9235213372804,0.99945,0.00047230496,3815360,eclipsing_binary
1388.9249102228137,0.9995502,0.00047216506,3815360,eclipsing_binary
1388.9262991083478,0.9994633,0.0004722007,3815360,eclipsing_binary
1388.9276879938818,0.9996159,0.00047216486,3815360,eclipsing_binary
1388.9290768794153,0.9999577,0.00047222263,3815360,eclipsing_binary
1388.9304657644836,0.99934846,0.00047221553,3815360,eclipsing_binary
1388.9318546500176,0.9997142,0.00047232033,3815360,eclipsing_binary
1388.933243535551,0.99962837,0.00047221058,3815360,eclipsing_binary
1388.934632421085,0.9998369,0.0004723091,3815360,eclipsing_binary
1388.9360213066193,0.9999248,0.00047238663,3815360,eclipsing_binary
1388.9374101921526,1.000355,0.00047236594,3815360,eclipsing_binary
1388.938799077221,0.9994021,0.00047221925,3815360,eclipsing_binary
1388.9401879627549,0.99969333,0.0004722666,3815360,eclipsing_binary
1388.9415768482884,1.0004717,0.0004724299,3815360,eclipsing_binary
1388.9429657338223,0.99989223,0.00047226614,3815360,eclipsing_binary
1388.9443546193565,1.0003711,0.00047240852,3815360,eclipsing_binary
1388.9457435044242,1.0004348,0.00047237077,3815360,eclipsing_binary
1388.9471323899575,1.0001985,0.00047241937,3815360,eclipsing_binary
1388.948521275491,1.0003266,0.000472378,3815360,eclipsing_binary
1388.9499101610243,0.9997866,0.00047233474,3815360,eclipsing_binary
1388.9512990465582,1.0000477,0.00047237126,3815360,eclipsing_binary
1388.9526879316268,1.0007137,0.0004726076,3815360,eclipsing_binary
1388.95407681716,1.0001228,0.00047222624,3815360,eclipsing_binary
1388.9554657026943,1.0005767,0.00047231934,3815360,eclipsing_binary
1388.9568545882282,0.9999042,0.00047231055,3815360,eclipsing_binary
1388.9582434732959,1.0000584,0.00047233165,3815360,eclipsing_binary
1388.9596323588298,0.99952203,0.0004721876,3815360,eclipsing_binary
1388.961021244364,1.000687,0.00047241864,3815360,eclipsing_binary
1388.9624101294316,1.000814,0.0004723924,3815360,eclipsing_binary
1388.9637990149658,1.000085,0.00047239315,3815360,eclipsing_binary
1388.9651879004998,0.9994268,0.00047222973,3815360,eclipsing_binary
1388.9665767855677,0.99989444,0.00047226035,3815360,eclipsing_binary
1388.967965671101,0.99993896,0.0004724057,3815360,eclipsing_binary
1388.9693545566352,1.0002971,0.00047232115,3815360,eclipsing_binary
1388.9707434417035,0.9997883,0.00047225345,3815360,eclipsing_binary
1388.9721323272367,0.9991134,0.00047219315,3815360,eclipsing_binary
1388.9735212127707,1.0009842,0.00047263928,3815360,eclipsing_binary
1388.9749100978393,0.99984163,0.00047226305,3815360,eclipsing_binary
1388.9762989833725,1.0004239,0.0004723919,3815360,eclipsing_binary
1388.9776878689058,0.9998725,0.00047231728,3815360,eclipsing_binary
1388.9790767539737,0.99914265,0.00047210825,3815360,eclipsing_binary
1388.980465639507,1.0006163,0.00047241498,3815360,eclipsing_binary
1388.981854525041,1.0004203,0.00047239615,3815360,eclipsing_binary
1388.9832434101095,1.0006722,0.00047240665,3815360,eclipsing_binary
1388.9846322956428,0.9994441,0.00047220534,3815360,eclipsing_binary
1388.9860211807113,0.9999161,0.00047229082,3815360,eclipsing_binary
1388.9874100662453,1.0002351,0.00047230974,3815360,eclipsing_binary
1388.9887989517788,0.99923646,0.00047225566,3815360,eclipsing_binary
1388.990187836847,1.0001124,0.0004723132,3815360,eclipsing_binary
1388.991576722381,1.0000557,0.00047236477,3815360,eclipsing_binary
1388.9929656074487,0.99924207,0.00047220575,3815360,eclipsing_binary
1388.994354492983,1.0000737,0.0004724379,3815360,eclipsing_binary
1388.9957433780514,1.0004765,0.00047234478,3815360,eclipsing_binary
1388.9971322635847,1.0011854,0.00047253683,3815360,eclipsing_binary
1388.998521148653,1.0004989,0.00047242636,3815360,eclipsing_binary
1388.999910034187,1.0004759,0.0004723823,3815360,eclipsing_binary
1389.0012989192549,0.99992955,0.0004723675,3815360,eclipsing_binary
1389.0026878047888,1.0002909,0.0004722737,3815360,eclipsing_binary
1389.0040766898574,1.0003586,0.0004724138,3815360,eclipsing_binary
1389.0054655753906,0.99984735,0.00047223122,3815360,eclipsing_binary
1389.0068544604576,0.9995393,0.0004722094,3815360,eclipsing_binary
1389.008243345991,0.99978346,0.00047226957,3815360,eclipsing_binary
1389.0096322310594,0.99996805,0.0004723528,3815360,eclipsing_binary
1389.011021116593,0.9998833,0.00047222924,3815360,eclipsing_binary
1389.0124100016612,0.99936396,0.0004723108,3815360,eclipsing_binary
1389.0137988871952,1.0001847,0.00047228346,3815360,eclipsing_binary
1389.0151877722628,0.9999181,0.00047229914,3815360,eclipsing_binary
1389.016576657797,0.9998047,0.0004722565,3815360,eclipsing_binary
1389.0179655428653,0.99971163,0.00047227074,3815360,eclipsing_binary
1389.0193544283989,0.99972326,0.00047224178,3815360,eclipsing_binary
1389.0207433134672,0.99987316,0.0004723923,3815360,eclipsing_binary
1389.0221321990011,1.0002155,0.00047244612,3815360,eclipsing_binary
1389.023521084069,1.0000705,0.00047242493,3815360,eclipsing_binary
1389.0249099691373,1.0003487,0.00047239853,3815360,eclipsing_binary
1389.0262988546715,0.9998779,0.0004722545,3815360,eclipsing_binary
1389.0276877397391,1.0004855,0.00047235674,3815360,eclipsing_binary
1389.0290766252733,0.99972147,0.00047222569,3815360,eclipsing_binary
1389.0304655103416,1.00136,0.00047267563,3815360,eclipsing_binary
1389.0318543954093,0.9999637,0.0004723547,3815360,eclipsing_binary
1389.0332432809432,0.9995758,0.00047210944,3815360,eclipsing_binary
1389.0346321660118,0.9993119,0.00047210738,3815360,eclipsing_binary
1389.0360210510794,1.0001332,0.00047234507,3815360,eclipsing_binary
1389.0374099366127,1.0001154,0.00047232295,3815360,eclipsing_binary
1389.0387988216805,0.9996554,0.00047241457,3815360,eclipsing_binary
1389.0401877067482,1.0001868,0.00047243983,3815360,eclipsing_binary
1389.0415765922821,0.99971974,0.00047223963,3815360,eclipsing_binary
1389.0429654773507,1.0005839,0.00047227714,3815360,eclipsing_binary
1389.0443543624183,0.99997175,0.00047227892,3815360,eclipsing_binary
1389.0457432479518,1.0002273,0.00047237444,3815360,eclipsing_binary
1389.04713213302,0.9998168,0.0004724057,3815360,eclipsing_binary
1389.0485210180886,0.9993022,0.0004723504,3815360,eclipsing_binary
1389.049909903622,1.0002675,0.00047233573,3815360,eclipsing_binary
1389.0512987886902,1.0004823,0.00047249752,3815360,eclipsing_binary
1389.0526876737586,0.9999132,0.00047236466,3815360,eclipsing_binary
1389.0540765588264,0.9999782,0.0004723186,3815360,eclipsing_binary
1389.0554654443604,1.0004283,0.000472374,3815360,eclipsing_binary
1389.056854329429,1.0005676,0.0004724635,3815360,eclipsing_binary
1389.0582432144965,1.0001788,0.00047241466,3815360,eclipsing_binary
1389.059632099565,0.9999858,0.00047226276,3815360,eclipsing_binary
1389.061020985099,1.0007867,0.00047241937,3815360,eclipsing_binary
1389.0624098701667,1.0002398,0.00047237196,3815360,eclipsing_binary
1389.063798755235,0.9999413,0.00047224964,3815360,eclipsing_binary
1389.0651876403035,0.99969023,0.00047223514,3815360,eclipsing_binary
1389.0665765258368,0.9994899,0.0004721804,3815360,eclipsing_binary
1389.0679654109044,0.99923116,0.00047214728,3815360,eclipsing_binary
1389.0693542959723,0.99963325,0.00047235072,3815360,eclipsing_binary
1389.0707431810401,0.99896014,0.00047223916,3815360,eclipsing_binary
1389.0721320661085,0.99994546,0.00047241134,3815360,eclipsing_binary
1389.0735209516424,1.0001425,0.00047241783,3815360,eclipsing_binary
1389.07490983671,1.000487,0.0004724013,3815360,eclipsing_binary
1389.0762987217786,1.0000485,0.0004724152,3815360,eclipsing_binary
1389.077687606847,1.0005872,0.00047232388,3815360,eclipsing_binary
1389.0790764919147,0.9997915,0.00047222685,3815360,eclipsing_binary
1389.080465376983,0.9996253,0.00047223482,3815360,eclipsing_binary
1389.081854262517,1.0009282,0.000472649,3815360,eclipsing_binary
1389.0832431475849,1.0004591,0.00047264955,3815360,eclipsing_binary
1389.0846320326532,0.99932516,0.00047227106,3815360,eclipsing_binary
1389.0860209177217,1.0006053,0.0004724877,3815360,eclipsing_binary
1389.0874098027894,1.0003269,0.00047247182,3815360,eclipsing_binary
1389.088798687857,1.0003866,0.0004724087,3815360,eclipsing_binary
1389.0901875729255,1.0002862,0.00047251408,3815360,eclipsing_binary
1389.0915764579938,0.999661,0.00047233352,3815360,eclipsing_binary
1389.0929653430617,1.0008483,0.00047235488,3815360,eclipsing_binary
1389.0943542285956,0.99961716,0.00047229804,3815360,eclipsing_binary
1389.095743113664,1.0003983,0.0004724405,3815360,eclipsing_binary
1389.0971319987316,1.000122,0.0004723244,3815360,eclipsing_binary
1389.0985208837994,1.0000848,0.0004723343,3815360,eclipsing_binary
1389.099909768867,1.0005599,0.00047241503,3815360,eclipsing_binary
1389.101298653935,0.9998076,0.00047227973,3815360,eclipsing_binary
1389.1026875390032,1.0000333,0.0004724005,3815360,eclipsing_binary
1389.1040764240715,1.0004851,0.0004724978,3815360,eclipsing_binary
1389.1054653091392,1.0007305,0.00047257403,3815360,eclipsing_binary
1389.1068541942077,1.000392,0.00047243526,3815360,eclipsing_binary
1389.1082430792762,1.0004547,0.00047242793,3815360,eclipsing_binary
1389.1096319643439,1.0005417,0.00047250415,3815360,eclipsing_binary
1389.1110208494122,0.9994573,0.00047226716,3815360,eclipsing_binary
1389.1124097344805,0.99951607,0.00047224335,3815360,eclipsing_binary
1389.1137986195483,1.0004362,0.00047250174,3815360,eclipsing_binary
1389.1151875046166,0.999979,0.0004723318,3815360,eclipsing_binary
1389.1165763896852,0.99985516,0.00047218206,3815360,eclipsing_binary
1389.1179652747528,0.9997819,0.00047228995,3815360,eclipsing_binary
1389.1193541598213,0.99971753,0.00047223706,3815360,eclipsing_binary
1389.1207430448897,0.9986695,0.00047200287,3815360,eclipsing_binary
1389.1221319299573,1.0004691,0.0004724947,3815360,eclipsing_binary
1389.1235208150256,0.99953073,0.00047227342,3815360,eclipsing_binary
1389.1249097000941,0.99954224,0.0004723875,3815360,eclipsing_binary
1389.1262985851617,1.0000931,0.00047236774,3815360,eclipsing_binary
1389.1276874702294,0.99968505,0.00047223398,3815360,eclipsing_binary
1389.1290763552972,0.999431,0.00047225642,3815360,eclipsing_binary
1389.1304652398994,1.0002463,0.00047240432,3815360,eclipsing_binary
1389.131854124967,0.9992626,0.00047216975,3815360,eclipsing_binary
1389.1332430100354,1.0001869,0.00047235377,3815360,eclipsing_binary
1389.1346318951037,1.0003616,0.0004725545,3815360,eclipsing_binary
1389.1360207801715,1.000385,0.00047223983,3815360,eclipsing_binary
1389.1387985503084,1.0000628,0.0004723404,3815360,eclipsing_binary
1389.140187435376,1.0001341,0.0004722714,3815360,eclipsing_binary
1389.1443540901148,1.0003768,0.00047245095,3815360,eclipsing_binary
1389.145742975183,1.0001805,0.0004723894,3815360,eclipsing_binary
1389.1471318602516,1.0004094,0.00047235825,3815360,eclipsing_binary
1389.1485207453193,0.99974763,0.00047234655,3815360,eclipsing_binary
1389.1499096303878,0.9999338,0.00047228203,3815360,eclipsing_binary
1389.1512985149905,1.000111,0.0004722841,3815360,eclipsing_binary
1389.1526874000583,1.000394,0.0004723775,3815360,eclipsing_binary
1389.1540762851266,1.0001677,0.0004724064,3815360,eclipsing_binary
1389.155465170195,1.0001907,0.00047248945,3815360,eclipsing_binary
1389.1568540552626,0.9996711,0.00047235916,3815360,eclipsing_binary
1389.1582429398654,0.9994196,0.00047230755,3815360,eclipsing_binary
1389.159631824933,0.9994006,0.0004721444,3815360,eclipsing_binary
1389.1610207100002,1.0003042,0.000472442,3815360,eclipsing_binary
1389.1624095950685,0.999725,0.00047231815,3815360,eclipsing_binary
1389.1637984801368,0.99919295,0.00047211366,3815360,eclipsing_binary
1389.1651873647388,0.9996983,0.00047224323,3815360,eclipsing_binary
1389.1665762498067,0.9999048,0.00047225875,3815360,eclipsing_binary
1389.167965134875,0.99959815,0.00047230787,3815360,eclipsing_binary
1389.1693540194779,0.9997128,0.00047229018,3815360,eclipsing_binary
1389.1707429045455,0.99990714,0.00047227758,3815360,eclipsing_binary
1389.172131789614,0.9995408,0.00047223963,3815360,eclipsing_binary
1389.1735206746823,1.000087,0.00047242912,3815360,eclipsing_binary
1389.1749095592843,1.0004245,0.00047241012,3815360,eclipsing_binary
1389.1762984443526,0.99995065,0.0004723989,3815360,eclipsing_binary
1389.1776873294211,0.9990325,0.00047217988,3815360,eclipsing_binary
1389.179076214023,1.000718,0.00047244952,3815360,eclipsing_binary
1389.1804650990916,0.9994799,0.0004721764,3815360,eclipsing_binary
1389.18185398416,1.0001606,0.0004723705,3815360,eclipsing_binary
1389.1832428687621,0.99928087,0.0004722248,3815360,eclipsing_binary
1389.1846317538304,1.0000582,0.0004722556,3815360,eclipsing_binary
1389.1860206388988,1.0000235,0.00047229382,3815360,eclipsing_binary
1389.1874095235007,0.9991151,0.0004721958,3815360,eclipsing_binary
1389.1887984085693,0.9993292,0.00047214254,3815360,eclipsing_binary
1389.1901872936369,1.0000845,0.00047247947,3815360,eclipsing_binary
1389.1915761782384,0.99982244,0.00047231934,3815360,eclipsing_binary
1389.1929650633067,1.0002754,0.00047239976,3815360,eclipsing_binary
1389.194353948375,1.0005637,0.00047238724,3815360,eclipsing_binary
1389.1957428329772,1.0001286,0.00047245232,3815360,eclipsing_binary
1389.1971317180455,1.0002774,0.0004723889,3815360,eclipsing_binary
1389.1985206026484,0.9991493,0.00047223555,3815360,eclipsing_binary
1389.199909487716,1.0005904,0.00047255075,3815360,eclipsing_binary
1389.2012983727845,0.99947435,0.00047217612,3815360,eclipsing_binary
1389.2026872573872,0.9998285,0.0004724019,3815360,eclipsing_binary
1389.2040761424548,0.99989223,0.00047231064,3815360,eclipsing_binary
1389.205465027057,1.0003608,0.00047254557,3815360,eclipsing_binary
1389.2068539121253,0.9997462,0.0004724452,3815360,eclipsing_binary
1389.208242796728,1.0005997,0.00047246285,3815360,eclipsing_binary
1389.2096316817956,1.0001371,0.0004723851,3815360,eclipsing_binary
1389.2110205663985,0.9991785,0.0004722978,3815360,eclipsing_binary
1389.2124094514668,0.9995904,0.000472265,3815360,eclipsing_binary
1389.2137983365346,1.000394,0.00047256018,3815360,eclipsing_binary
1389.2151872211373,1.000056,0.00047242263,3815360,eclipsing_binary
1389.2165761062056,0.9996758,0.00047233002,3815360,eclipsing_binary
1389.2179649908078,0.9996334,0.00047229938,3815360,eclipsing_binary
1389.219353875876,1.0003045,0.00047240948,3815360,eclipsing_binary
1389.220742760479,0.999923,0.00047241943,3815360,eclipsing_binary
1389.222131645546,0.9998692,0.00047230755,3815360,eclipsing_binary
1389.2235205301479,1.000415,0.00047236067,3815360,eclipsing_binary
1389.2249094152162,0.9996813,0.00047221212,3815360,eclipsing_binary
1389.2262982998184,0.9997252,0.00047229405,3815360,eclipsing_binary
1389.227687184421,0.99997747,0.00047234586,3815360,eclipsing_binary
1389.2290760694896,1.0005872,0.00047250342,3815360,eclipsing_binary
1389.2304649540915,0.9998606,0.00047226908,3815360,eclipsing_binary
1389.23185383916,1.00042,0.00047240383,3815360,eclipsing_binary
1389.2332427237627,0.9999641,0.00047229542,3815360,eclipsing_binary
1389.2346316088303,0.99981815,0.00047225016,3815360,eclipsing_binary
1389.236020493433,0.99970853,0.000472327,3815360,eclipsing_binary
1389.2374093785015,1.0002578,0.0004724005,3815360,eclipsing_binary
1389.2387982631035,0.99937695,0.00047233308,3815360,eclipsing_binary
1389.2401871477064,0.99932474,0.00047224105,3815360,eclipsing_binary
1389.2415760327747,0.9998907,0.00047233622,3815360,eclipsing_binary
1389.2429649173769,1.0002394,0.00047246108,3815360,eclipsing_binary
1389.2443538024452,0.9999387,0.0004723196,3815360,eclipsing_binary
1389.2457426870478,1.0000341,0.00047246876,3815360,eclipsing_binary
1389.2471315716498,1.000974,0.00047261495,3815360,eclipsing_binary
1389.2485204567176,1.0003728,0.0004724241,3815360,eclipsing_binary
1389.2499093413203,1.0000162,0.00047238905,3815360,eclipsing_binary
1389.2512982259232,1.0002947,0.0004725071,3815360,eclipsing_binary
1389.25268711099,1.0000786,0.0004724098,3815360,eclipsing_binary
1389.2540759955923,1.0000399,0.00047236364,3815360,eclipsing_binary
1389.255464880195,0.99956816,0.00047243116,3815360,eclipsing_binary
1389.2568537652626,1.0002377,0.00047243593,3815360,eclipsing_binary
1389.2582426498652,1.0005679,0.00047248704,3815360,eclipsing_binary
1389.259631534468,0.999399,0.00047218238,3815360,eclipsing_binary
1389.2610204195357,1.0004742,0.00047234353,3815360,eclipsing_binary
1389.2624093041386,0.9998499,0.0004723286,3815360,eclipsing_binary
1389.2637981887412,1.0000414,0.00047230985,3815360,eclipsing_binary
1389.265187073809,0.9986729,0.00047212007,3815360,eclipsing_binary
1389.2665759584117,0.9999588,0.00047239993,3815360,eclipsing_binary
1389.2679648430144,0.9994028,0.00047228334,3815360,eclipsing_binary
1389.2693537276164,1.0006145,0.00047246707,3815360,eclipsing_binary
1389.270742612685,1.0003228,0.0004723551,3815360,eclipsing_binary
1389.2721314972875,0.99942464,0.00047221358,3815360,eclipsing_binary
1389.2735203818897,1.0007331,0.00047263215,3815360,eclipsing_binary
1389.2749092664924,1.0002161,0.00047236387,3815360,eclipsing_binary
1389.2762981515607,0.99965054,0.00047237144,3815360,eclipsing_binary
1389.277687036163,1.000125,0.0004723769,3815360,eclipsing_binary
1389.2790759207655,0.99990916,0.0004723841,3815360,eclipsing_binary
1389.2804648053684,1.0000783,0.0004723148,3815360,eclipsing_binary
1389.2818536899704,0.9993812,0.00047234265,3815360,eclipsing_binary
1389.283242575039,0.99964255,0.00047233998,3815360,eclipsing_binary
1389.2846314596409,0.9998367,0.00047234705,3815360,eclipsing_binary
1389.2860203442422,0.99944836,0.00047223436,3815360,eclipsing_binary
1389.2874092288441,1.0000926,0.00047246006,3815360,eclipsing_binary
1389.2887981134468,0.9993384,0.0004721857,3815360,eclipsing_binary
1389.2901869985153,0.999393,0.00047230104,3815360,eclipsing_binary
1389.2915758831173,0.99961233,0.00047237097,3815360,eclipsing_binary
1389.2929647677202,0.9999884,0.00047223698,3815360,eclipsing_binary
1389.2943536523228,0.99917287,0.00047222886,3815360,eclipsing_binary
1389.295742536925,0.99986094,0.00047232315,3815360,eclipsing_binary
1389.2971314215276,0.9996241,0.00047232318,3815360,eclipsing_binary
1389.298520306596,0.99942875,0.00047225226,3815360,eclipsing_binary
1389.2999091911981,0.9999888,0.00047221375,3815360,eclipsing_binary
1389.3012980758008,1.0003527,0.00047236052,3815360,eclipsing_binary
1389.3026869604037,1.0000066,0.000472452,3815360,eclipsing_binary
1389.3040758450056,0.99981886,0.00047226044,3815360,eclipsing_binary
1389.3054647296083,1.0000564,0.00047220988,3815360,eclipsing_binary
1389.306853614211,1.0002909,0.00047249623,3815360,eclipsing_binary
1389.3082424988131,0.9993465,0.00047217545,3815360,eclipsing_binary
1389.3096313834158,1.0002036,0.0004723318,3815360,eclipsing_binary
1389.3110202680186,0.99971575,0.00047224952,3815360,eclipsing_binary
1389.3124091530863,1.0004507,0.00047226116,3815360,eclipsing_binary
1389.3137980376891,0.99929506,0.00047220712,3815360,eclipsing_binary
1389.315186922291,1.0002476,0.000472335,3815360,eclipsing_binary
1389.3165758068924,1.0001276,0.000472452,3815360,eclipsing_binary
1389.317964691495,1.0003065,0.00047241972,3815360,eclipsing_binary
1389.319353576098,0.99928206,0.00047223645,3815360,eclipsing_binary
1389.3207424606999,1.0000284,0.00047233506,3815360,eclipsing_binary
1389.3221313453028,1.0004431,0.00047247257,3815360,eclipsing_binary
1389.3235202299054,0.99932545,0.00047236966,3815360,eclipsing_binary
1389.3249091145076,0.9997309,0.00047231515,3815360,eclipsing_binary
1389.3262979991096,1.0002992,0.00047249717,3815360,eclipsing_binary
1389.3276868837122,1.0000061,0.00047231646,3815360,eclipsing_binary
1389.3290757683149,0.9995891,0.00047238133,3815360,eclipsing_binary
1389.330464652917,0.9993502,0.00047227836,3815360,eclipsing_binary
1389.3318535375197,1.0010372,0.0004724844,3815360,eclipsing_binary
1389.3332424221226,0.99925715,0.00047234356,3815360,eclipsing_binary
1389.3346313067245,1.0001588,0.00047232816,3815360,eclipsing_binary
1389.3360201913274,0.9998049,0.00047240267,3815360,eclipsing_binary
1389.33740907593,0.99994624,0.0004723544,3815360,eclipsing_binary
1389.338797960532,0.9992651,0.00047234123,3815360,eclipsing_binary
1389.3401868451347,1.0010196,0.0004727107,3815360,eclipsing_binary
1389.3415757297375,1.0005033,0.0004725615,3815360,eclipsing_binary
1389.3429646138738,0.99998194,0.00047239126,3815360,eclipsing_binary
1389.3443534984767,1.0002306,0.0004724519,3815360,eclipsing_binary
1389.3457423830794,1.0010548,0.0004725397,3815360,eclipsing_binary
1389.3471312676807,0.9999429,0.00047245578,3815360,eclipsing_binary
1389.3485201522826,1.0001866,0.00047248794,3815360,eclipsing_binary
1389.3499090368855,1.0003521,0.00047241486,3815360,eclipsing_binary
1389.3512979214875,1.0004786,0.00047253215,3815360,eclipsing_binary
1389.3526868060903,1.0002133,0.00047244877,3815360,eclipsing_binary
1389.354075690693,0.9998984,0.00047234798,3815360,eclipsing_binary
1389.3554645752952,1.0000057,0.00047233238,3815360,eclipsing_binary
1389.3568534594322,1.0005562,0.0004724879,3815360,eclipsing_binary
1389.3582423440348,1.0005106,0.0004723592,3815360,eclipsing_binary
1389.3596312286368,0.9994836,0.00047232068,3815360,eclipsing_binary
1389.3610201132396,0.9996231,0.0004723529,3815360,eclipsing_binary
1389.3624089978425,0.99993014,0.00047233526,3815360,eclipsing_binary
1389.3637978824445,0.9999765,0.00047224213,3815360,eclipsing_binary
1389.3651867665815,0.9996542,0.00047231116,3815360,eclipsing_binary
1389.3665756511841,1.0007521,0.00047247775,3815360,eclipsing_binary
1389.3679645357863,0.999608,0.00047225805,3815360,eclipsing_binary
1389.3693534203883,0.9993583,0.00047235782,3815360,eclipsing_binary
1389.370742304991,0.9996782,0.0004722979,3815360,eclipsing_binary
1389.3721311891281,0.9996608,0.00047229932,3815360,eclipsing_binary
1389.37352007373,1.0002757,0.00047243072,3815360,eclipsing_binary
1389.374908958333,1.0001678,0.00047237665,3815360,eclipsing_binary
1389.3762978429356,1.0003173,0.00047250322,3815360,eclipsing_binary
1389.377686727537,1.0002123,0.00047246573,3815360,eclipsing_binary
1389.3790756116734,0.99979335,0.0004723315,3815360,eclipsing_binary
1389.380464496276,0.99983245,0.00047229129,3815360,eclipsing_binary
1389.381853380878,1.0006531,0.00047250418,3815360,eclipsing_binary
1389.383242265481,1.0004009,0.00047246745,3815360,eclipsing_binary
1389.3846311496181,0.99958795,0.00047230898,3815360,eclipsing_binary
1389.38602003422,0.99983513,0.00047236134,3815360,eclipsing_binary
1389.3874089188228,0.9994448,0.00047224513,3815360,eclipsing_binary
1389.3887978034254,1.0003753,0.0004724939,3815360,eclipsing_binary
1389.390186687562,0.99912256,0.0004723007,3815360,eclipsing_binary
1389.3915755721646,1.0004156,0.00047244952,3815360,eclipsing_binary
1389.3929644567675,1.0005405,0.0004725181,3815360,eclipsing_binary
1389.3943533409038,1.0003021,0.00047245034,3815360,eclipsing_binary
1389.3957422255066,0.99963456,0.00047240822,3815360,eclipsing_binary
1389.3971311101093,1.0004424,0.00047236963,3815360,eclipsing_binary
1389.3985199942456,0.99904656,0.00047217376,3815360,eclipsing_binary
1389.3999088788482,1.0005615,0.0004723996,3815360,eclipsing_binary
1389.401297763451,1.0000633,0.00047231748,3815360,eclipsing_binary
1389.4026866475874,1.0002402,0.0004724805,3815360,eclipsing_binary
1389.4040755321903,1.00011,0.00047249696,3815360,eclipsing_binary
1389.405464416793,0.999634,0.00047231914,3815360,eclipsing_binary
1389.4068533009295,0.9995173,0.0004721917,3815360,eclipsing_binary
1389.4082421855314,0.9993561,0.00047221722,3815360,eclipsing_binary
1389.4096310701334,1.0002412,0.00047247033,3815360,eclipsing_binary
1389.4110199542697,1.0002044,0.00047243314,3815360,eclipsing_binary
1389.412408838872,1.0006509,0.0004726103,3815360,eclipsing_binary
1389.4137977230089,1.0000005,0.00047236728,3815360,eclipsing_binary
1389.4151866076118,1.0008088,0.00047259458,3815360,eclipsing_binary
1389.4165754922137,1.0004287,0.00047244405,3815360,eclipsing_binary
1389.4193532609534,0.99960315,0.0004723009,3815360,eclipsing_binary
1389.42074214509,1.0002967,0.00047240808,3815360,eclipsing_binary
1389.4221310296925,1.001365,0.0004726183,3815360,eclipsing_binary
1389.4235199138298,0.9997917,0.00047262348,3815360,eclipsing_binary
1389.4249087984317,0.9998042,0.00047234993,3815360,eclipsing_binary
1389.426297682569,0.99985313,0.0004725332,3815360,eclipsing_binary
1389.4276865671716,0.9999561,0.0004723869,3815360,eclipsing_binary
1389.4290754517735,1.0006012,0.00047254603,3815360,eclipsing_binary
1389.4304643359105,0.9995493,0.00047236535,3815360,eclipsing_binary
1389.4318532205134,1.0003413,0.00047249754,3815360,eclipsing_binary
1389.4332421046497,1.0001965,0.0004724414,3815360,eclipsing_binary
1389.4346309892526,1.0005248,0.0004724019,3815360,eclipsing_binary
1389.4360198733896,1.0007329,0.0004726295,3815360,eclipsing_binary
1389.4374087579918,1.000375,0.00047237347,3815360,eclipsing_binary
1389.4387976421287,1.0001041,0.00047239906,3815360,eclipsing_binary
1389.4401865267314,1.0001215,0.00047244912,3815360,eclipsing_binary
1389.4415754108672,1.0007558,0.00047256803,3815360,eclipsing_binary
1389.4429642954692,1.0001277,0.00047240432,3815360,eclipsing_binary
1389.4443531796064,0.99915385,0.0004722086,3815360,eclipsing_binary
1389.4457420637427,1.0004538,0.00047249597,3815360,eclipsing_binary
1389.4471309483447,1.0006998,0.000472583,3815360,eclipsing_binary
1389.448519832482,0.9997872,0.00047243794,3815360,eclipsing_binary
1389.4499087170846,0.9999208,0.0004723066,3815360,eclipsing_binary
1389.4512976012209,1.0001247,0.00047233893,3815360,eclipsing_binary
1389.4526864858235,0.9999394,0.00047232513,3815360,eclipsing_binary
1389.4540753699607,0.99977505,0.00047248552,3815360,eclipsing_binary
1389.455464254097,0.9998671,0.00047240828,3815360,eclipsing_binary
1389.4568531387,1.0003921,0.00047245275,3815360,eclipsing_binary
1389.4582420228369,0.9996317,0.00047240584,3815360,eclipsing_binary
1389.459630907439,0.99919945,0.00047220924,3815360,eclipsing_binary
1389.461019791576,0.99970174,0.00047230016,3815360,eclipsing_binary
1389.462408675713,1.0003103,0.00047241518,3815360,eclipsing_binary
1389.463797560315,0.99982536,0.00047233398,3815360,eclipsing_binary
1389.4651864444522,0.9995418,0.000472427,3815360,eclipsing_binary
1389.4665753290549,0.9997096,0.0004724122,3815360,eclipsing_binary
1389.4679642131914,0.9988467,0.00047224984,3815360,eclipsing_binary
1389.4693530973284,1.0006064,0.0004725642,3815360,eclipsing_binary
1389.470741981931,0.99916893,0.00047223087,3815360,eclipsing_binary
1389.4721308660676,0.9996298,0.00047231984,3815360,eclipsing_binary
1389.4735197502039,0.9992517,0.0004723116,3815360,eclipsing_binary
1389.474908634806,1.0000268,0.00047243526,3815360,eclipsing_binary
1389.4762975189424,0.9998586,0.00047237895,3815360,eclipsing_binary
1389.4776864030794,1.0000912,0.00047250828,3815360,eclipsing_binary
1389.4790752872163,0.99950665,0.00047239155,3815360,eclipsing_binary
1389.4804641718185,0.99973756,0.0004722353,3815360,eclipsing_binary
1389.4818530559555,1.0004547,0.00047235753,3815360,eclipsing_binary
1389.4832419400927,0.9997337,0.00047246614,3815360,eclipsing_binary
1389.4846308246947,0.99908847,0.00047232423,3815360,eclipsing_binary
1389.486019708831,0.9999782,0.00047243712,3815360,eclipsing_binary
1389.4874085929682,0.9993933,0.00047231474,3815360,eclipsing_binary
1389.4887974771052,1.0008165,0.00047246675,3815360,eclipsing_binary
1389.4901863617074,1.000392,0.00047246748,3815360,eclipsing_binary
1389.4915752458444,0.9998091,0.00047233992,3815360,eclipsing_binary
1389.4929641299814,0.99958616,0.00047219414,3815360,eclipsing_binary
1389.494353014118,1.0000075,0.00047255933,3815360,eclipsing_binary
1389.4957418987206,0.9993561,0.00047243977,3815360,eclipsing_binary
1389.4971307828578,1.0003965,0.00047240654,3815360,eclipsing_binary
1389.498519666994,1.0004355,0.00047238846,3815360,eclipsing_binary
1389.499908551131,1.0002152,0.00047259632,3815360,eclipsing_binary
1389.501297435268,1.0010359,0.00047268815,3815360,eclipsing_binary
1389.5026863198702,1.0001657,0.0004724827,3815360,eclipsing_binary
1389.5040752040072,1.0000411,0.00047232085,3815360,eclipsing_binary
1389.5054640881438,0.99935424,0.0004723536,3815360,eclipsing_binary
1389.5068529722794,1.0006647,0.00047247444,3815360,eclipsing_binary
1389.5082418564166,1.0004103,0.00047243288,3815360,eclipsing_binary
1389.5096307410192,1.0000199,0.0004723536,3815360,eclipsing_binary
1389.5110196251555,1.0001351,0.00047260232,3815360,eclipsing_binary
1389.5124085092925,0.9998993,0.00047236175,3815360,eclipsing_binary
1389.5137973934297,1.0000123,0.00047245357,3815360,eclipsing_binary
1389.515186277566,1.0001127,0.00047248046,3815360,eclipsing_binary
1389.5165751617033,0.9994824,0.0004723688,3815360,eclipsing_binary
1389.5179640458402,0.9997242,0.00047251023,3815360,eclipsing_binary
1389.5193529304424,0.99995923,0.00047236343,3815360,eclipsing_binary
1389.5207418145794,1.0001088,0.0004723712,3815360,eclipsing_binary
1389.5221306987164,0.9989107,0.00047223,3815360,eclipsing_binary
1389.5235195828527,0.99968946,0.00047222213,3815360,eclipsing_binary
1389.52490846699,1.0003226,0.0004725563,3815360,eclipsing_binary
1389.526297351127,1.0000994,0.00047254973,3815360,eclipsing_binary
1389.5276862352634,1.0003351,0.0004724943,3815360,eclipsing_binary
1389.5290751193997,0.9996265,0.00047230578,3815360,eclipsing_binary
1389.530464003537,1.0000203,0.00047236963,3815360,eclipsing_binary
1389.531852887674,0.99974144,0.00047226128,3815360,eclipsing_binary
1389.5332417718103,1.000087,0.00047248392,3815360,eclipsing_binary
1389.5360195400845,1.0002561,0.00047240447,3815360,eclipsing_binary
1389.5374084246864,1.0006202,0.000472532,3815360,eclipsing_binary
1389.5387973088227,1.000475,0.00047243646,3815360,eclipsing_binary
1389.5401861929593,0.9997477,0.00047241832,3815360,eclipsing_binary
1389.5415750770956,1.0005257,0.00047244757,3815360,eclipsing_binary
1389.5429639612325,1.000489,0.00047255092,3815360,eclipsing_binary
1389.5443528453698,1.0007257,0.00047270887,3815360,eclipsing_binary
1389.545741729506,0.99949104,0.00047233535,3815360,eclipsing_binary
1389.5471306136433,0.999678,0.00047239286,3815360,eclipsing_binary
1389.5485194977803,1.0001966,0.00047241917,3815360,eclipsing_binary
1389.5499083819168,1.0004026,0.0004725034,3815360,eclipsing_binary
1389.5512972660538,1.001014,0.00047259306,3815360,eclipsing_binary
1389.5526861501908,0.9998607,0.00047239882,3815360,eclipsing_binary
1389.5540750338616,0.99919724,0.0004722709,3815360,eclipsing_binary
1389.5554639179986,0.99950516,0.00047239356,3815360,eclipsing_binary
1389.5568528021358,0.9994308,0.00047234906,3815360,eclipsing_binary
1389.5582416862721,0.99958163,0.00047246044,3815360,eclipsing_binary
1389.5596305704091,0.99993724,0.00047253704,3815360,eclipsing_binary
1389.561019454546,1.0004494,0.00047248515,3815360,eclipsing_binary
1389.5624083386826,0.99997646,0.00047240226,3815360,eclipsing_binary
1389.5637972228196,0.9998289,0.00047238974,3815360,eclipsing_binary
1389.5651861069568,1.0003426,0.0004725549,3815360,eclipsing_binary
1389.5665749910931,0.9998629,0.00047250857,3815360,eclipsing_binary
1389.5679638752295,0.9999894,0.00047248648,3815360,eclipsing_binary
1389.5693527593667,1.0001267,0.00047254018,3815360,eclipsing_binary
1389.570741643503,1.000324,0.00047256076,3815360,eclipsing_binary
1389.5721305271732,0.9996345,0.00047231672,3815360,eclipsing_binary
1389.5735194113101,0.9991169,0.00047221791,3815360,eclipsing_binary
1389.5749082954471,1.0001936,0.0004724801,3815360,eclipsing_binary
1389.5762971795834,1.0000184,0.00047242432,3815360,eclipsing_binary
1389.5776860637206,0.9997147,0.0004723632,3815360,eclipsing_binary
1389.5790749478579,1.0001678,0.00047236038,3815360,eclipsing_binary
1389.5804638319942,1.0004468,0.0004725575,3815360,eclipsing_binary
1389.5818527156655,0.9997307,0.00047240703,3815360,eclipsing_binary
1389.5832415998025,0.99932325,0.00047230642,3815360,eclipsing_binary
1389.584630483939,1.0000082,0.0004723497,3815360,eclipsing_binary
1389.586019368076,0.9989708,0.00047227932,3815360,eclipsing_binary
1389.5874082522132,0.9997278,0.00047256905,3815360,eclipsing_binary
1389.5887971358839,1.0006695,0.00047264787,3815360,eclipsing_binary
1389.590186020021,1.0003444,0.0004724183,3815360,eclipsing_binary
1389.591574904158,0.9997153,0.00047242438,3815360,eclipsing_binary
1389.5929637882944,1.000223,0.0004725685,3815360,eclipsing_binary
1389.5943526724313,0.99995905,0.00047246192,3815360,eclipsing_binary
1389.595741556103,0.99924093,0.00047225587,3815360,eclipsing_binary
1389.5971304402392,1.0000445,0.00047256087,3815360,eclipsing_binary
1389.5985193243764,0.99978805,0.0004723708,3815360,eclipsing_binary
1389.5999082085134,0.99985856,0.00047237906,3815360,eclipsing_binary
1389.6012970921843,0.999697,0.00047230948,3815360,eclipsing_binary
1389.6026859763206,0.9997563,0.00047232895,3815360,eclipsing_binary
1389.6040748604569,1.0005964,0.00047253197,3815360,eclipsing_binary
1389.6054637445932,0.99970555,0.00047237895,3815360,eclipsing_binary
1389.606852628264,0.99908847,0.00047225674,3815360,eclipsing_binary
1389.608241512401,1.0001761,0.00047246087,3815360,eclipsing_binary
1389.6096303965383,0.99977595,0.00047242196,3815360,eclipsing_binary
1389.6110192806746,0.9994768,0.00047245814,3815360,eclipsing_binary
1389.6124081643459,0.9992377,0.00047237278,3815360,eclipsing_binary
1389.6137970484829,0.999653,0.00047240712,3815360,eclipsing_binary
1389.6151859326194,0.99946237,0.0004723292,3815360,eclipsing_binary
1389.6165748162907,0.99951106,0.00047234778,3815360,eclipsing_binary
1389.6193525845642,0.9996793,0.00047245505,3815360,eclipsing_binary
1389.6207414682358,0.99948156,0.00047238934,3815360,eclipsing_binary
1389.6221303523728,1.0009118,0.0004726122,3815360,eclipsing_binary
1389.623519236509,0.99952775,0.00047244155,3815360,eclipsing_binary
1389.6249081201804,1.0003946,0.0004723516,3815360,eclipsing_binary
1389.6262970043176,1.0003983,0.00047260002,3815360,eclipsing_binary
1389.6276858879883,1.0003521,0.00047250232,3815360,eclipsing_binary
1389.6290747721255,1.0001162,0.0004723667,3815360,eclipsing_binary
1389.6304636562625,1.0008253,0.00047258916,3815360,eclipsing_binary
1389.6318525399333,0.999874,0.00047244248,3815360,eclipsing_binary
1389.6332414240703,1.0002062,0.00047258128,3815360,eclipsing_binary
1389.6346303082073,0.9998523,0.00047231888,3815360,eclipsing_binary
1389.6360191918775,1.0001184,0.0004724112,3815360,eclipsing_binary
1389.6374080760138,0.9998245,0.00047234265,3815360,eclipsing_binary
1389.6387969596854,0.9997872,0.00047237854,3815360,eclipsing_binary
1389.6401858438217,1.0001671,0.00047247636,3815360,eclipsing_binary
1389.641574727493,0.99960095,0.00047236698,3815360,eclipsing_binary
1389.64296361163,0.9995361,0.00047231055,3815360,eclipsing_binary
1389.6443524957665,0.99997437,0.00047246157,3815360,eclipsing_binary
1389.6457413794378,0.9994288,0.00047231547,3815360,eclipsing_binary
1389.647130263575,0.99971086,0.00047241995,3815360,eclipsing_binary
1389.6485191472457,0.9992345,0.00047217772,3815360,eclipsing_binary
1389.649908031382,1.0005405,0.0004725975,3815360,eclipsing_binary
1389.6512969150535,1.0001637,0.00047242947,3815360,eclipsing_binary
1389.6526857991905,1.0002561,0.00047256233,3815360,eclipsing_binary
1389.6540746828614,0.9995782,0.00047243794,3815360,eclipsing_binary
1389.6554635669984,1.0001909,0.00047254673,3815360,eclipsing_binary
1389.6568524506697,1.0001794,0.00047250945,3815360,eclipsing_binary
1389.658241334806,1.0002568,0.0004725058,3815360,eclipsing_binary
1389.6596302184776,0.9999648,0.00047249577,3815360,eclipsing_binary
1389.6610191026148,1.0001553,0.0004724493,3815360,eclipsing_binary
1389.6624079862854,1.0006387,0.00047252845,3815360,eclipsing_binary
1389.6637968704224,1.0000111,0.00047241544,3815360,eclipsing_binary
1389.6651857540937,0.9998222,0.0004724554,3815360,eclipsing_binary
1389.6665746377646,0.9997905,0.0004723758,3815360,eclipsing_binary
1389.667963521901,0.9997173,0.00047235566,3815360,eclipsing_binary
1389.6693524055718,0.99995166,0.00047259458,3815360,eclipsing_binary
1389.670741289708,0.99975425,0.00047243506,3815360,eclipsing_binary
1389.6721301733794,0.9995575,0.00047246512,3815360,eclipsing_binary
1389.6735190575164,0.9998607,0.0004723763,3815360,eclipsing_binary
1389.6749079411873,1.0007366,0.00047250197,3815360,eclipsing_binary
1389.6762968248586,0.9989152,0.00047235054,3815360,eclipsing_binary
1389.6776857089958,0.99941134,0.00047226314,3815360,eclipsing_binary
1389.6790745926664,0.9994454,0.00047236824,3815360,eclipsing_binary
1389.6804634768037,0.9992175,0.00047239763,3815360,eclipsing_binary
1389.681852360475,1.0003146,0.000472628,3815360,eclipsing_binary
1389.6832412441456,1.0001969,0.00047241632,3815360,eclipsing_binary
1389.6846301282826,0.9992329,0.00047241696,3815360,eclipsing_binary
1389.6860190119542,0.99966663,0.000472364,3815360,eclipsing_binary
1389.6874078960905,0.999666,0.00047235028,3815360,eclipsing_binary
1389.6887967797613,0.9996749,0.00047241087,3815360,eclipsing_binary
1389.6901856634327,1.0008068,0.00047255438,3815360,eclipsing_binary
1389.6915745475699,1.0003814,0.00047242985,3815360,eclipsing_binary
1389.6929634312405,0.99956787,0.00047238424,3815360,eclipsing_binary
1389.6943523149118,1.0002829,0.00047257514,3815360,eclipsing_binary
1389.6957411990488,1.0003983,0.00047245334,3815360,eclipsing_binary
1389.6971300827197,0.99912035,0.0004722589,3815360,eclipsing_binary
1389.698518966391,0.999962,0.00047249554,3815360,eclipsing_binary
1389.6999078500626,0.99909484,0.00047229973,3815360,eclipsing_binary
1389.7012967341982,0.9995332,0.00047224117,3815360,eclipsing_binary
1389.702685617869,0.99969685,0.00047235662,3815360,eclipsing_binary
1389.7040745015404,0.9998873,0.00047237397,3815360,eclipsing_binary
1389.7054633856767,0.99957633,0.00047233258,3815360,eclipsing_binary
1389.706852269348,1.0003529,0.00047256812,3815360,eclipsing_binary
1389.7082411530196,1.0002878,0.00047247577,3815360,eclipsing_binary
1389.7096300366902,0.9996853,0.0004724643,3815360,eclipsing_binary
1389.7110189208274,0.9995329,0.00047228258,3815360,eclipsing_binary
1389.7124078044988,1.000479,0.00047250986,3815360,eclipsing_binary
1389.7137966881696,1.0004646,0.00047248646,3815360,eclipsing_binary
1389.715185571841,0.99983513,0.0004724158,3815360,eclipsing_binary
1389.716574455978,0.99997556,0.00047235042,3815360,eclipsing_binary
1389.7179633396486,0.99984103,0.00047242906,3815360,eclipsing_binary
1389.7193522233201,0.99887717,0.0004722124,3815360,eclipsing_binary
1389.7207411069915,0.9997,0.0004724111,3815360,eclipsing_binary
1389.7221299906623,0.99907595,0.00047232388,3815360,eclipsing_binary
1389.7235188747993,0.9998843,0.00047237222,3815360,eclipsing_binary
1389.7249077584706,1.0001934,0.00047261085,3815360,eclipsing_binary
1389.7262966421415,0.99984056,0.0004724307,3815360,eclipsing_binary
1389.7276855258121,0.99997324,0.00047245418,3815360,eclipsing_binary
1389.7290744094835,1.0011257,0.0004727585,3815360,eclipsing_binary
1389.7304632936207,1.0003773,0.000472605,3815360,eclipsing_binary
1389.7318521772913,0.9995619,0.00047228907,3815360,eclipsing_binary
1389.7332410609629,0.99960667,0.00047247086,3815360,eclipsing_binary
1389.7346299446335,1.0003577,0.00047262316,3815360,eclipsing_binary
1389.7360188283037,0.99954,0.0004724029,3815360,eclipsing_binary
1389.737407711975,0.9995806,0.0004724017,3815360,eclipsing_binary
1389.7387965956464,0.99974614,0.0004724612,3815360,eclipsing_binary
1389.7401854797827,1.0008659,0.00047264434,3815360,eclipsing_binary
1389.7415743634542,0.9991012,0.00047229824,3815360,eclipsing_binary
1389.7429632471255,1.0001122,0.00047254557,3815360,eclipsing_binary
1389.7443521307964,0.99922526,0.0004722866,3815360,eclipsing_binary
1389.7457410144677,1.0001322,0.00047258023,3815360,eclipsing_binary
1389.747129898139,1.0007323,0.00047256783,3815360,eclipsing_binary
1389.74851878181,0.9995726,0.00047242394,3815360,eclipsing_binary
1389.7499076654813,0.9992778,0.00047231623,3815360,eclipsing_binary
1389.7512965491528,0.9997307,0.0004724991,3815360,eclipsing_binary
1389.7526854328235,0.999539,0.00047246527,3815360,eclipsing_binary
1389.7540743164948,1.000244,0.00047263372,3815360,eclipsing_binary
1389.755463200166,0.9994093,0.00047234618,3815360,eclipsing_binary
1389.756852083837,1.0004079,0.00047250107,3815360,eclipsing_binary
1389.758240967974,0.99977064,0.00047247057,3815360,eclipsing_binary
1389.7596298516455,0.99964094,0.00047233453,3815360,eclipsing_binary
1389.7610187353162,1.0000867,0.00047260127,3815360,eclipsing_binary
1389.7624076189877,1.0003289,0.00047254813,3815360,eclipsing_binary
1389.763796502659,1.0002025,0.0004725735,3815360,eclipsing_binary
1389.7651853863297,0.9996836,0.0004725303,3815360,eclipsing_binary
1389.7665742700005,0.9995025,0.0004722981,3815360,eclipsing_binary
1389.7679631536712,0.99992913,0.0004724759,3815360,eclipsing_binary
1389.7693520373418,1.0002357,0.00047265063,3815360,eclipsing_binary
1389.7707409210125,0.99949026,0.00047244158,3815360,eclipsing_binary
1389.772129804684,0.9993627,0.00047235348,3815360,eclipsing_binary
1389.7735186883556,1.0004586,0.00047251044,3815360,eclipsing_binary
1389.7749075715606,1.0001827,0.0004725181,3815360,eclipsing_binary
1389.7762964552319,0.9999822,0.00047253634,3815360,eclipsing_binary
1389.7776853389032,0.9993155,0.00047216789,3815360,eclipsing_binary
1389.779074222574,1.0002664,0.0004724783,3815360,eclipsing_binary
1389.7804631062454,1.0002067,0.00047255761,3815360,eclipsing_binary
1389.781851989917,1.0002112,0.0004724615,3815360,eclipsing_binary
1389.7832408735876,0.9997211,0.00047248634,3815360,eclipsing_binary
1389.7846297572592,0.99945074,0.00047231992,3815360,eclipsing_binary
1389.7860186409305,1.0002527,0.0004726374,3815360,eclipsing_binary
1389.7874075246011,1.0000267,0.00047241358,3815360,eclipsing_binary
1389.7887964082724,1.001049,0.0004726884,3815360,eclipsing_binary
1389.790185291944,1.0003524,0.00047246442,3815360,eclipsing_binary
1389.7915741756146,1.0004606,0.00047247487,3815360,eclipsing_binary
1389.7929630588205,0.9994131,0.00047229364,3815360,eclipsing_binary
1389.7943519424919,0.9996411,0.0004723833,3815360,eclipsing_binary
1389.7957408261627,0.9997163,0.00047240558,3815360,eclipsing_binary
1389.797129709834,0.9997884,0.00047253087,3815360,eclipsing_binary
1389.7985185935054,1.0000807,0.00047243648,3815360,eclipsing_binary
1389.799907477176,0.99878347,0.00047222726,3815360,eclipsing_binary
1389.801296360847,1.0001858,0.00047241256,3815360,eclipsing_binary
1389.8026852440519,0.9996505,0.00047250657,3815360,eclipsing_binary
1389.8040741277227,0.99968237,0.00047240697,3815360,eclipsing_binary
1389.805463011394,1.0002064,0.00047255505,3815360,eclipsing_binary
1389.8068518950654,0.9996662,0.00047246637,3815360,eclipsing_binary
1389.8082407787363,0.99957114,0.00047239786,3815360,eclipsing_binary
1389.809629662407,0.99924594,0.00047230176,3815360,eclipsing_binary
1389.8110185456126,1.0000278,0.00047249347,3815360,eclipsing_binary
1389.8124074292841,0.9994009,0.0004723965,3815360,eclipsing_binary
1389.8137963129548,0.9997981,0.00047260657,3815360,eclipsing_binary
1389.8151851966263,0.9996382,0.00047247694,3815360,eclipsing_binary
1389.8165740802976,1.0002402,0.00047247182,3815360,eclipsing_binary
1389.8179629635026,0.9997165,0.0004725636,3815360,eclipsing_binary
1389.819351847174,0.9995923,0.0004724284,3815360,eclipsing_binary
1389.8207407308455,1.0005541,0.00047239763,3815360,eclipsing_binary
1389.8221296145161,0.99997145,0.00047244923,3815360,eclipsing_binary
1389.823518497722,1.0002879,0.00047244158,3815360,eclipsing_binary
1389.8249073813934,1.0003161,0.00047247828,3815360,eclipsing_binary
1389.8262962650642,0.999593,0.000472391,3815360,eclipsing_binary
1389.8276851487356,1.000068,0.00047258657,3815360,eclipsing_binary
1389.8290740319412,1.0001116,0.00047255124,3815360,eclipsing_binary
1389.8304629156119,1.0004411,0.00047266355,3815360,eclipsing_binary
1389.8318517992834,1.0006367,0.00047258203,3815360,eclipsing_binary
1389.8332406824893,0.9995561,0.00047226212,3815360,eclipsing_binary
1389.8346295661593,0.9997283,0.00047240977,3815360,eclipsing_binary
1389.83601844983,0.9994319,0.00047235435,3815360,eclipsing_binary
1389.8374073330356,1.0001035,0.00047242024,3815360,eclipsing_binary
1389.8387962167064,1.0003643,0.00047254545,3815360,eclipsing_binary
1389.8415739840493,1.0002637,0.00047264024,3815360,eclipsing_binary
1389.8429628672543,0.9998409,0.0004725408,3815360,eclipsing_binary
1389.8443517509259,1.0000898,0.00047259085,3815360,eclipsing_binary
1389.8457406341315,0.9997155,0.00047245697,3815360,eclipsing_binary
1389.8471295178022,1.0001097,0.0004724679,3815360,eclipsing_binary
1389.848518401473,1.0005016,0.00047256856,3815360,eclipsing_binary
1389.8499072846787,0.99992204,0.00047261856,3815360,eclipsing_binary
1389.85129616835,1.0007595,0.00047261242,3815360,eclipsing_binary
1389.8526850520207,0.9999592,0.00047253567,3815360,eclipsing_binary
1389.8540739352266,1.000015,0.00047246937,3815360,eclipsing_binary
1389.855462818898,0.9998843,0.00047254117,3815360,eclipsing_binary
1389.856851702103,1.0000731,0.00047247464,3815360,eclipsing_binary
1389.8582405857744,0.99969137,0.0004724387,3815360,eclipsing_binary
1389.8596294694457,1.0004731,0.00047248346,3815360,eclipsing_binary
1389.861018352651,0.99983025,0.00047246393,3815360,eclipsing_binary
1389.8624072363223,0.9997348,0.00047236893,3815360,eclipsing_binary
1389.8637961195282,0.9997923,0.00047253352,3815360,eclipsing_binary
1389.8651850031988,1.0001065,0.0004725037,3815360,eclipsing_binary
1389.8665738864047,1.0008018,0.00047267255,3815360,eclipsing_binary
1389.8679627700753,0.99998486,0.00047247746,3815360,eclipsing_binary
1389.8693516537453,1.0001328,0.00047240872,3815360,eclipsing_binary
1389.870740536951,0.99999994,0.00047237857,3815360,eclipsing_binary
1389.8721294206225,0.9997869,0.0004724242,3815360,eclipsing_binary
1389.8735183038275,0.9994238,0.0004722279,3815360,eclipsing_binary
1389.874907187499,0.9995598,0.00047232507,3815360,eclipsing_binary
1389.8762960707047,0.9999427,0.00047258043,3815360,eclipsing_binary
1389.8776849543754,1.0002847,0.00047248305,3815360,eclipsing_binary
1389.879073837581,1.0007274,0.00047266815,3815360,eclipsing_binary
1389.8818516044576,1.0000224,0.00047247982,3815360,eclipsing_binary
1389.883240488129,1.0002669,0.00047259376,3815360,eclipsing_binary
1389.8846293713348,0.99934363,0.00047221783,3815360,eclipsing_binary
1389.8860182550056,0.9997881,0.0004723924,3815360,eclipsing_binary
1389.8874071382106,0.999531,0.00047232438,3815360,eclipsing_binary
1389.8901849050876,0.99943936,0.00047243587,3815360,eclipsing_binary
1389.8915737882928,1.0000648,0.00047251684,3815360,eclipsing_binary
1389.8929626719641,1.000273,0.0004724748,3815360,eclipsing_binary
1389.89435155517,1.000097,0.00047251346,3815360,eclipsing_binary
1389.8957404388407,0.9993238,0.00047238884,3815360,eclipsing_binary
1389.8971293220466,1.0006251,0.000472605,3815360,eclipsing_binary
1389.898518205718,0.99960023,0.0004724329,3815360,eclipsing_binary
1389.8999070889229,1.0001764,0.0004725367,3815360,eclipsing_binary
1389.9012959721285,1.0003972,0.00047256917,3815360,eclipsing_binary
1389.9026848557994,1.0001088,0.000472584,3815360,eclipsing_binary
1389.9040737390037,0.9995142,0.00047240377,3815360,eclipsing_binary
1389.9054626226753,1.0015745,0.00047284903,3815360,eclipsing_binary
1389.906851505881,1.0001618,0.00047249065,3815360,eclipsing_binary
1389.9082403890861,1.0003114,0.0004725619,3815360,eclipsing_binary
1389.9096292727575,0.9986786,0.0004722278,3815360,eclipsing_binary
1389.9110181559631,0.9993403,0.0004722732,3815360,eclipsing_binary
1389.912407039168,1.0015992,0.0004727663,3815360,eclipsing_binary
1389.9137959228397,0.99950445,0.00047235403,3815360,eclipsing_binary
1389.9151848060455,1.0000268,0.00047252185,3815360,eclipsing_binary
1389.9165736892505,1.0006046,0.00047253462,3815360,eclipsing_binary
1389.9179625729219,0.99940926,0.0004724722,3815360,eclipsing_binary
1389.9193514561275,0.99906266,0.0004723411,3815360,eclipsing_binary
1389.9207403393327,1.000193,0.0004725393,3815360,eclipsing_binary
1389.922129223004,1.0004207,0.00047257653,3815360,eclipsing_binary
1389.924906989415,1.0003393,0.000472381,3815360,eclipsing_binary
1389.9262958730865,0.999827,0.00047245467,3815360,eclipsing_binary
1389.9276847562921,1.0002464,0.00047251527,3815360,eclipsing_binary
1389.9290736394971,0.9996457,0.0004723798,3815360,eclipsing_binary
1389.9304625227023,1.0005804,0.0004726526,3815360,eclipsing_binary
1389.9318514063737,1.0005763,0.00047263745,3815360,eclipsing_binary
1389.9332402895793,0.9998443,0.000472533,3815360,eclipsing_binary
1389.9346291727843,1.000281,0.00047246073,3815360,eclipsing_binary
1389.9360180559895,0.99972624,0.0004723919,3815360,eclipsing_binary
1389.9374069396601,0.99977845,0.00047244714,3815360,eclipsing_binary
1389.9387958228654,0.99922156,0.00047248288,3815360,eclipsing_binary
1389.940184706071,1.0010076,0.000472607,3815360,eclipsing_binary
1389.9415735892767,1.0000865,0.0004724512,3815360,eclipsing_binary
1389.9429624729476,1.0010887,0.00047264388,3815360,eclipsing_binary
1389.9443513561532,0.99967474,0.00047234693,3815360,eclipsing_binary
1389.945740239359,0.9999878,0.0004725943,3815360,eclipsing_binary
1389.947129122564,0.99972737,0.000472479,3815360,eclipsing_binary
1389.9485180057698,0.9999516,0.00047248192,3815360,eclipsing_binary
1389.949906889441,1.0006114,0.0004725599,3815360,eclipsing_binary
1389.9512957726463,0.9995015,0.00047237796,3815360,eclipsing_binary
1389.952684655852,0.99928534,0.00047239702,3815360,eclipsing_binary
1389.9540735390578,0.9996758,0.00047250322,3815360,eclipsing_binary
1389.9568513054687,0.9993906,0.00047238416,3815360,eclipsing_binary
1389.95824018914,0.9994044,0.0004724818,3815360,eclipsing_binary
1389.959629072345,0.99985766,0.00047247874,3815360,eclipsing_binary
1389.9610179555507,1.0000535,0.00047243675,3815360,eclipsing_binary
1389.9624068387566,0.99989784,0.00047249944,3815360,eclipsing_binary
1389.9637957219616,0.9993697,0.0004723685,3815360,eclipsing_binary
1389.9651846051675,0.9999056,0.0004726282,3815360,eclipsing_binary
1389.9665734883731,1.0000597,0.00047253285,3815360,eclipsing_binary
1389.9679623715783,1.0008698,0.0004725957,3815360,eclipsing_binary
1389.9693512547833,0.9996968,0.00047240613,3815360,eclipsing_binary
1389.972129021659,1.0010629,0.00047263468,3815360,eclipsing_binary
1389.9735179048641,0.99945813,0.00047246183,3815360,eclipsing_binary
1389.9749067880698,0.9998366,0.00047250921,3815360,eclipsing_binary
1389.9762956712757,0.99929667,0.00047238317,3815360,eclipsing_binary
1389.9776845544807,0.9998498,0.0004725095,3815360,eclipsing_binary
1389.9790734376866,0.99976474,0.00047253873,3815360,eclipsing_binary
1389.9818512040972,0.99947584,0.00047244443,3815360,eclipsing_binary
1389.9832400873029,0.9998222,0.00047250462,3815360,eclipsing_binary
1389.9846289705088,1.000282,0.00047247778,3815360,eclipsing_binary
1389.9860178537137,0.9999535,0.0004725834,3815360,eclipsing_binary
1389.9874067369196,1.0001427,0.00047246023,3815360,eclipsing_binary
1389.9887956201253,0.9993906,0.00047249193,3815360,eclipsing_binary
1389.9901845033305,1.0000618,0.00047241314,3815360,eclipsing_binary
1389.9915733865362,1.0000968,0.0004724865,3815360,eclipsing_binary
1389.9929622697418,0.9997201,0.0004724144,3815360,eclipsing_binary
1389.9943511529468,1.0003293,0.00047254257,3815360,eclipsing_binary
1389.9957400361527,0.99975723,0.0004724753,3815360,eclipsing_binary
1389.9971289193584,0.999819,0.00047239626,3815360,eclipsing_binary
1389.9985178025636,0.99974424,0.0004724287,3815360,eclipsing_binary
1389.9999066857692,0.9995641,0.00047250857,3815360,eclipsing_binary
1390.001295568975,1.0007563,0.00047261003,3815360,eclipsing_binary
1390.0026844521801,0.9995417,0.0004724356,3815360,eclipsing_binary
1390.004073335385,0.9998404,0.00047256114,3815360,eclipsing_binary
1390.0054622185903,1.0001795,0.00047247537,3815360,eclipsing_binary
1390.0068511017953,1.0000263,0.00047247816,3815360,eclipsing_binary
1390.0082399850003,0.99994045,0.00047246178,3815360,eclipsing_binary
1390.0096288682062,1.0000656,0.0004724713,3815360,eclipsing_binary
1390.0110177514118,0.99879307,0.00047226116,3815360,eclipsing_binary
1390.0124066346168,0.999341,0.00047244492,3815360,eclipsing_binary
1390.0137955173568,0.99988264,0.00047245232,3815360,eclipsing_binary
1390.0151844005627,0.9996848,0.00047250948,3815360,eclipsing_binary
1390.0165732837677,1.0003462,0.00047250843,3815360,eclipsing_binary
1390.0179621669736,0.9998354,0.00047250863,3815360,eclipsing_binary
1390.0193510501792,1.000796,0.00047266166,3815360,eclipsing_binary
1390.0207399333844,0.999811,0.0004724005,3815360,eclipsing_binary
1390.02212881659,1.000031,0.00047226928,3815360,eclipsing_binary
1390.0235176997958,1.0000249,0.00047261515,3815360,eclipsing_binary
1390.0249065825353,1.0003111,0.00047249094,3815360,eclipsing_binary
1390.026295465741,1.0005611,0.0004724721,3815360,eclipsing_binary
1390.0276843489469,1.0006224,0.00047263948,3815360,eclipsing_binary
1390.0290732321519,0.9995087,0.0004724649,3815360,eclipsing_binary
1390.0304621153575,1.0001588,0.0004725596,3815360,eclipsing_binary
1390.0318509985632,1.0013629,0.00047284027,3815360,eclipsing_binary
1390.0332398813027,0.9998135,0.00047245802,3815360,eclipsing_binary
1390.0360176477143,0.9995806,0.00047243843,3815360,eclipsing_binary
1390.0374065309193,1.000446,0.00047257278,3815360,eclipsing_binary
1390.0387954141243,0.9998739,0.0004724284,3815360,eclipsing_binary
1390.0401842968638,1.0000261,0.00047249525,3815360,eclipsing_binary
1390.0415731800688,0.9998912,0.00047243983,3815360,eclipsing_binary
1390.0429620632744,1.0000396,0.00047248672,3815360,eclipsing_binary
1390.0457398296853,1.0002826,0.0004723459,3815360,eclipsing_binary
1390.0471287124246,1.0001713,0.0004725728,3815360,eclipsing_binary
1390.0485175956305,1.000629,0.0004726379,3815360,eclipsing_binary
1390.0499064788364,0.99999154,0.0004725218,3815360,eclipsing_binary
1390.0512953620414,1.0004278,0.00047263817,3815360,eclipsing_binary
1390.0526842447814,1.0006429,0.000472601,3815360,eclipsing_binary
1390.054073127987,1.0007191,0.0004725687,3815360,eclipsing_binary
1390.0554620111923,0.99929726,0.0004724755,3815360,eclipsing_binary
1390.0568508939323,1.0005949,0.00047251923,3815360,eclipsing_binary
1390.0582397771382,0.9994418,0.00047246806,3815360,eclipsing_binary
1390.0596286603432,1.0006145,0.00047253066,3815360,eclipsing_binary
1390.061017543549,0.99989265,0.00047251323,3815360,eclipsing_binary
1390.062406426289,0.9999053,0.0004723994,3815360,eclipsing_binary
1390.063795309494,0.9996576,0.00047232534,3815360,eclipsing_binary
1390.0651841926997,0.9992541,0.0004724495,3815360,eclipsing_binary
1390.06657307544,1.0001277,0.00047265633,3815360,eclipsing_binary
1390.067961958645,0.999522,0.00047247898,3815360,eclipsing_binary
1390.0693508418508,0.9997973,0.0004724954,3815360,eclipsing_binary
1390.0707397245908,0.9996845,0.00047233992,3815360,eclipsing_binary
1390.072128607796,1.0000148,0.0004725664,3815360,eclipsing_binary
1390.073517491001,1.0005455,0.0004727175,3815360,eclipsing_binary
1390.0749063737403,0.9999839,0.0004724844,3815360,eclipsing_binary
1390.0762952569453,0.9994959,0.0004723465,3815360,eclipsing_binary
1390.0776841396855,0.9996449,0.00047252828,3815360,eclipsing_binary
1390.0790730228912,0.999873,0.00047245203,3815360,eclipsing_binary
1390.0804619060964,1.0006942,0.0004725557,3815360,eclipsing_binary
1390.0818507888364,1.0003675,0.0004725071,3815360,eclipsing_binary
1390.083239672042,1.000391,0.00047248937,3815360,eclipsing_binary
1390.0846285547814,0.99995655,0.00047246105,3815360,eclipsing_binary
1390.0860174379873,0.9996071,0.00047245072,3815360,eclipsing_binary
1390.0874063211932,1.000226,0.0004726057,3815360,eclipsing_binary
1390.0887952039325,1.0000798,0.0004725551,3815360,eclipsing_binary
1390.0901840871375,1.0006785,0.000472745,3815360,eclipsing_binary
1390.0915729698777,0.99950516,0.00047241268,3815360,eclipsing_binary
1390.0929618530834,1.0002745,0.0004724504,3815360,eclipsing_binary
1390.0943507358227,0.9993151,0.0004724454,3815360,eclipsing_binary
1390.0957396190283,1.0006847,0.00047276382,3815360,eclipsing_binary
1390.0971285022342,0.9999,0.0004724174,3815360,eclipsing_binary
1390.0985173849735,0.99944925,0.0004723409,3815360,eclipsing_binary
1390.0999062681794,1.0004079,0.00047251745,3815360,eclipsing_binary
1390.1012951509194,1.0003114,0.00047246699,3815360,eclipsing_binary
1390.1026840341246,1.0003159,0.00047253512,3815360,eclipsing_binary
1390.1040729168647,0.9999423,0.00047234076,3815360,eclipsing_binary
1390.1054618000703,0.99952626,0.00047249516,3815360,eclipsing_binary
1390.1068506828096,1.0001717,0.0004726308,3815360,eclipsing_binary
1390.1082395660148,0.9999992,0.0004726349,3815360,eclipsing_binary
1390.1096284487544,1.0007854,0.0004725493,3815360,eclipsing_binary
1390.1110173319594,1.0002402,0.0004725339,3815360,eclipsing_binary
1390.1124062146994,0.9997062,0.00047225138,3815360,eclipsing_binary
1390.1137950974394,0.9998964,0.00047256632,3815360,eclipsing_binary
1390.1151839806446,0.9993384,0.00047248058,3815360,eclipsing_binary
1390.1165728633846,1.0003588,0.00047240808,3815360,eclipsing_binary
1390.1179617465905,0.9998147,0.00047246012,3815360,eclipsing_binary
1390.1193506293298,0.99962044,0.00047241562,3815360,eclipsing_binary
1390.1207395125357,0.99988747,0.0004725057,3815360,eclipsing_binary
1390.1221283952757,1.0003731,0.00047261486,3815360,eclipsing_binary
1390.1235172784807,1.0001265,0.00047257906,3815360,eclipsing_binary
1390.1249061612207,0.999668,0.00047243864,3815360,eclipsing_binary
1390.126295043961,1.0005771,0.00047265014,3815360,eclipsing_binary
1390.127683927166,0.99968624,0.0004724136,3815360,eclipsing_binary
1390.1290728099052,0.99969965,0.00047236975,3815360,eclipsing_binary
1390.130461693111,1.0004654,0.00047264926,3815360,eclipsing_binary
1390.1318505758513,0.99890053,0.00047218785,3815360,eclipsing_binary
1390.1332394585907,0.99996054,0.0004724863,3815360,eclipsing_binary
1390.1346283417963,1.0005655,0.00047265206,3815360,eclipsing_binary
1390.1360172245363,1.0001688,0.0004726799,3815360,eclipsing_binary
1390.1374061072759,0.9999161,0.00047248573,3815360,eclipsing_binary
1390.1387949904815,0.9997194,0.00047248488,3815360,eclipsing_binary
1390.1401838732218,0.99872196,0.00047224236,3815360,eclipsing_binary
1390.1415727564267,0.9999134,0.00047250793,3815360,eclipsing_binary
1390.142961639167,1.0003228,0.00047248646,3815360,eclipsing_binary
1390.1443505219063,1.0003345,0.00047256466,3815360,eclipsing_binary
1390.1457394051106,0.9996614,0.00047237726,3815360,eclipsing_binary
1390.1471282878506,1.0008483,0.00047269958,3815360,eclipsing_binary
1390.1485171705908,1.000396,0.0004725399,3815360,eclipsing_binary
1390.1499060533301,0.9997516,0.00047240584,3815360,eclipsing_binary
1390.151294936536,1.0001147,0.00047257423,3815360,eclipsing_binary
1390.152683819276,1.0002537,0.00047260395,3815360,eclipsing_binary
1390.1540727020154,1.0009521,0.0004725729,3815360,eclipsing_binary
1390.155461585221,0.99988455,0.00047240747,3815360,eclipsing_binary
1390.1568504679612,1.0006416,0.00047259577,3815360,eclipsing_binary
1390.1582393507006,1.0000533,0.00047244242,3815360,eclipsing_binary
1390.1596282334408,1.0007243,0.0004726318,3815360,eclipsing_binary
1390.1610171166465,1.0003092,0.00047266603,3815360,eclipsing_binary
1390.162405999386,0.99946773,0.00047239184,3815360,eclipsing_binary
1390.163794882126,1.0000018,0.00047246082,3815360,eclipsing_binary
1390.165183764866,0.9999504,0.00047259484,3815360,eclipsing_binary
1390.166572648071,1.0006384,0.00047263617,3815360,eclipsing_binary
1390.1679615308105,1.0013582,0.00047271102,3815360,eclipsing_binary
1390.1693504135505,0.99981916,0.00047236728,3815360,eclipsing_binary
1390.1707392962908,0.9996017,0.00047241207,3815360,eclipsing_binary
1390.1721281794958,1.000025,0.0004724242,3815360,eclipsing_binary
1390.173517062236,1.0000974,0.0004724998,3815360,eclipsing_binary
1390.174905944976,1.0006262,0.00047274056,3815360,eclipsing_binary
1390.1762948277153,0.99999946,0.0004724396,3815360,eclipsing_binary
1390.1776837104553,1.0003972,0.0004723894,3815360,eclipsing_binary
1390.1790725936605,1.0003728,0.0004725165,3815360,eclipsing_binary
1390.1804614763992,1.0007747,0.00047266763,3815360,eclipsing_binary
1390.1818503591394,1.0007759,0.00047252004,3815360,eclipsing_binary
1390.1832392418794,1.001124,0.00047266588,3815360,eclipsing_binary
1390.184628124619,1.0002145,0.00047255412,3815360,eclipsing_binary
1390.186017007359,1.0003558,0.00047255057,3815360,eclipsing_binary
1390.1874058905646,1.0000504,0.00047242016,3815360,eclipsing_binary
1390.188794773304,1.0003498,0.00047244233,3815360,eclipsing_binary
1390.1901836560442,1.0001401,0.00047250744,3815360,eclipsing_binary
1390.1915725387844,0.9994163,0.0004724369,3815360,eclipsing_binary
1390.1929614215237,0.99920166,0.00047231896,3815360,eclipsing_binary
1390.1943503042637,1.0002118,0.00047251853,3815360,eclipsing_binary
1390.1957391870037,0.9999293,0.0004724549,3815360,eclipsing_binary
1390.1971280697433,0.99942255,0.00047236716,3815360,eclipsing_binary
1390.1985169524833,1.0000415,0.00047241806,3815360,eclipsing_binary
1390.1999058356892,0.99966997,0.00047239874,3815360,eclipsing_binary
1390.2012947184285,1.000635,0.00047268253,3815360,eclipsing_binary
1390.2026836011687,1.0004219,0.00047260223,3815360,eclipsing_binary
1390.2040724839087,1.0008063,0.00047250645,3815360,eclipsing_binary
1390.205461366648,1.0003976,0.00047264245,3815360,eclipsing_binary
1390.206850249388,1.000645,0.0004726145,3815360,eclipsing_binary
1390.2082391321283,1.0008292,0.00047268142,3815360,eclipsing_binary
1390.2096280148676,1.0005031,0.00047260083,3815360,eclipsing_binary
1390.211016897607,1.0006019,0.000472641,3815360,eclipsing_binary
1390.2124057803471,0.99948114,0.00047228992,3815360,eclipsing_binary
1390.2137946630864,0.99994624,0.00047242505,3815360,eclipsing_binary
1390.2151835458253,1.0005,0.00047254295,3815360,eclipsing_binary
1390.2165724285653,0.99991477,0.0004724917,3815360,eclipsing_binary
1390.2179613113053,1.000581,0.00047257522,3815360,eclipsing_binary
1390.2193501940449,1.0000538,0.00047251765,3815360,eclipsing_binary
1390.2207390767849,0.9993822,0.00047236812,3815360,eclipsing_binary
1390.222127959525,1.0007318,0.0004726537,3815360,eclipsing_binary
1390.2235168422644,1.0000138,0.00047236824,3815360,eclipsing_binary
1390.2249057250044,1.0005215,0.00047275872,3815360,eclipsing_binary
1390.2262946077444,1.000407,0.00047247097,3815360,eclipsing_binary
1390.227683490484,1.000269,0.0004726583,3815360,eclipsing_binary
1390.229072373224,0.99996346,0.00047251172,3815360,eclipsing_binary
1390.2304612559642,1.0005573,0.00047258724,3815360,eclipsing_binary
1390.2318501387035,1.0006123,0.00047261093,3815360,eclipsing_binary
1390.2332390214438,0.9994413,0.00047243634,3815360,eclipsing_binary
1390.2346279041838,0.9997504,0.00047241617,3815360,eclipsing_binary
1390.236016786923,0.99939,0.00047231893,3815360,eclipsing_binary
1390.2387945524033,1.000099,0.00047260206,3815360,eclipsing_binary
1390.2401834351426,1.0003724,0.00047264647,3815360,eclipsing_binary
1390.2415723174172,0.9997396,0.00047248468,3815360,eclipsing_binary
1390.2429612001572,0.99990135,0.0004724612,3815360,eclipsing_binary
1390.2443500828967,1.0010922,0.0004726589,3815360,eclipsing_binary
1390.2457389656367,1.0009457,0.00047280773,3815360,eclipsing_binary
1390.2471278483767,1.0008762,0.0004726686,3815360,eclipsing_binary
1390.248516731116,0.9996149,0.00047234632,3815360,eclipsing_binary
1390.249905613855,1.0003046,0.00047261856,3815360,eclipsing_binary
1390.2512944965943,1.0001945,0.0004726636,3815360,eclipsing_binary
1390.2624055575816,0.9997213,0.00047252577,3815360,eclipsing_binary
1390.2637944403218,0.9999327,0.00047257592,3815360,eclipsing_binary
1390.2651833230618,1.0002741,0.00047267374,3815360,eclipsing_binary
1390.2665722058014,1.0002564,0.00047266518,3815360,eclipsing_binary
1390.2679610885414,0.9998439,0.00047247967,3815360,eclipsing_binary
1390.2693499708157,1.0004327,0.0004725674,3815360,eclipsing_binary
1390.270738853555,0.9997161,0.00047259126,3815360,eclipsing_binary
1390.2721277362953,0.9998477,0.0004725467,3815360,eclipsing_binary
1390.2735166190353,0.9997721,0.0004726164,3815360,eclipsing_binary
1390.2749055013091,0.9991661,0.00047254373,3815360,eclipsing_binary
1390.2762943840492,1.0001985,0.0004725916,3815360,eclipsing_binary
1390.2776832667892,1.0000217,0.0004726339,3815360,eclipsing_binary
1390.2790721495287,1.0004221,0.00047263227,3815360,eclipsing_binary
1390.280461031803,1.000818,0.00047285162,3815360,eclipsing_binary
1390.2818499145433,1.0003874,0.00047266445,3815360,eclipsing_binary
1390.2832387972826,1.0004697,0.0004727911,3815360,eclipsing_binary
1390.2846276800226,1.0000377,0.00047252607,3815360,eclipsing_binary
1390.2860165622965,0.99971205,0.00047258387,3815360,eclipsing_binary
1390.2874054450351,0.99981517,0.00047252557,3815360,eclipsing_binary
1390.2887943277744,1.0001322,0.00047259242,3815360,eclipsing_binary
1390.2901832105144,0.9993634,0.0004725921,3815360,eclipsing_binary
1390.291572092789,1.0005007,0.0004725317,3815360,eclipsing_binary
1390.2929609755283,0.9991121,0.00047244233,3815360,eclipsing_binary
1390.2943498582686,0.99967915,0.00047246434,3815360,eclipsing_binary
1390.295738740543,0.99976224,0.0004726324,3815360,eclipsing_binary
1390.2971276232824,1.0003895,0.00047267097,3815360,eclipsing_binary
1390.2985165060225,0.998209,0.000472214,3815360,eclipsing_binary
1390.2999053882968,0.99917424,0.00047240013,3815360,eclipsing_binary
1390.3012942710363,0.9998316,0.00047252246,3815360,eclipsing_binary
1390.3026831537763,0.9996457,0.00047251018,3815360,eclipsing_binary
1390.304072036051,0.9988563,0.0004723494,3815360,eclipsing_binary
1390.3054609187902,1.000138,0.0004726493,3815360,eclipsing_binary
1390.3068498010646,1.0015327,0.00047291984,3815360,eclipsing_binary
1390.3082386838046,0.9993187,0.00047253704,3815360,eclipsing_binary
1390.3096275665441,0.99944943,0.00047253282,3815360,eclipsing_binary
1390.3110164488185,0.99922836,0.00047242118,3815360,eclipsing_binary
1390.3124053315587,1.0001343,0.00047259335,3815360,eclipsing_binary
1390.313794214298,0.9997469,0.00047256076,3815360,eclipsing_binary
1390.3151830965726,1.0000722,0.0004726417,3815360,eclipsing_binary
1390.3165719793126,0.99862516,0.00047245203,3815360,eclipsing_binary
1390.3179608615862,0.99957895,0.0004725273,3815360,eclipsing_binary
1390.3193497443262,0.999505,0.00047248276,3815360,eclipsing_binary
1390.3207386266001,1.0006131,0.00047262607,3815360,eclipsing_binary
1390.3221275093388,0.99952227,0.00047240255,3815360,eclipsing_binary
1390.323516392079,1.0006309,0.00047268588,3815360,eclipsing_binary
1390.3249052743533,0.99989986,0.00047255142,3815360,eclipsing_binary
1390.326294157093,0.9989975,0.0004724349,3815360,eclipsing_binary
1390.3276830393672,1.0004458,0.00047269446,3815360,eclipsing_binary
1390.3290719221072,1.0003833,0.000472725,3815360,eclipsing_binary
1390.330460804381,0.99996245,0.00047251937,3815360,eclipsing_binary
1390.3318496871204,1.0001265,0.0004727209,3815360,eclipsing_binary
1390.3332385693948,0.99968076,0.0004725243,3815360,eclipsing_binary
1390.334627452135,1.0002875,0.00047255628,3815360,eclipsing_binary
1390.3360163344087,1.000058,0.0004727592,3815360,eclipsing_binary
1390.337405217149,0.99983,0.00047270037,3815360,eclipsing_binary
1390.3387940994232,1.0001346,0.0004726204,3815360,eclipsing_binary
1390.3401829821626,0.9993035,0.0004725375,3815360,eclipsing_binary
1390.341571864437,0.9992711,0.00047245814,3815360,eclipsing_binary
1390.3429607471771,0.9998505,0.0004725021,3815360,eclipsing_binary
1390.3443496294508,1.0002548,0.00047271227,3815360,eclipsing_binary
1390.345738512191,1.0006424,0.00047272377,3815360,eclipsing_binary
1390.3471273944654,1.0002564,0.00047260989,3815360,eclipsing_binary
1390.348516277205,1.000142,0.00047273666,3815360,eclipsing_binary
1390.3499051594792,0.9998095,0.00047247537,3815360,eclipsing_binary
1390.3512940417536,0.99998975,0.00047257208,3815360,eclipsing_binary
1390.352682924493,1.0000045,0.00047255057,3815360,eclipsing_binary
1390.3540718067675,0.9996535,0.00047261277,3815360,eclipsing_binary
1390.3554606895075,1.0001208,0.0004726196,3815360,eclipsing_binary
1390.3568495717805,1.0005513,0.0004727319,3815360,eclipsing_binary
1390.35823845452,1.0006357,0.0004726393,3815360,eclipsing_binary
1390.3596273367943,1.0001189,0.00047258518,3815360,eclipsing_binary
1390.361016219068,1.0004948,0.00047268876,3815360,eclipsing_binary
1390.3624051018082,0.9992902,0.00047240363,3815360,eclipsing_binary
1390.3637939840828,0.99968785,0.00047262065,3815360,eclipsing_binary
1390.3651828663565,0.99944824,0.00047249047,3815360,eclipsing_binary
1390.3665717490965,1.0014458,0.00047282616,3815360,eclipsing_binary
1390.3679606313708,0.99956596,0.0004725252,3815360,eclipsing_binary
1390.3693495141104,0.9998853,0.0004725687,3815360,eclipsing_binary
1390.370738396384,0.99950063,0.00047246806,3815360,eclipsing_binary
1390.3721272786584,0.99997014,0.00047263276,3815360,eclipsing_binary
1390.3735161613986,0.9998417,0.00047262933,3815360,eclipsing_binary
1390.3749050436722,0.9991527,0.00047247845,3815360,eclipsing_binary
1390.3762939259468,1.0001928,0.0004725644,3815360,eclipsing_binary
1390.3776828086868,0.99986136,0.00047259763,3815360,eclipsing_binary
1390.3790716909607,0.99949825,0.00047244577,3815360,eclipsing_binary
1390.380460573235,0.99972445,0.0004725376,3815360,eclipsing_binary
1390.381849455975,1.0000019,0.00047259833,3815360,eclipsing_binary
1390.3832383382487,0.9996051,0.00047244743,3815360,eclipsing_binary
1390.3846272205233,1.00047,0.00047266687,3815360,eclipsing_binary
1390.3860161027978,1.0002706,0.00047252726,3815360,eclipsing_binary
1390.3874049855372,1.000624,0.00047273113,3815360,eclipsing_binary
1390.3887938678115,0.9994823,0.00047251905,3815360,eclipsing_binary
1390.3901827500858,0.9994473,0.00047231623,3815360,eclipsing_binary
1390.3915716328254,1.0006019,0.00047274833,3815360,eclipsing_binary
1390.3929605150997,0.9992909,0.00047251623,3815360,eclipsing_binary
1390.3943493973734,0.99979335,0.00047247807,3815360,eclipsing_binary
1390.3957382796466,0.9996549,0.0004725952,3815360,eclipsing_binary
1390.3971271623868,1.0000014,0.00047259065,3815360,eclipsing_binary
1390.3985160446612,1.0002714,0.00047256923,3815360,eclipsing_binary
1390.3999049269348,0.99968153,0.00047248814,3815360,eclipsing_binary
1390.4012938092092,0.9991457,0.00047241652,3815360,eclipsing_binary
1390.4026826914837,1.0002332,0.0004726472,3815360,eclipsing_binary
1390.404071574223,0.99950176,0.00047260144,3815360,eclipsing_binary
1390.4054604564976,0.9998084,0.0004725739,3815360,eclipsing_binary
1390.406849338772,0.99951196,0.0004725857,3815360,eclipsing_binary
1390.4082382210458,0.9995107,0.00047242228,3815360,eclipsing_binary
1390.4096271033195,0.99972004,0.00047257665,3815360,eclipsing_binary
1390.4110159860595,0.9992781,0.00047236492,3815360,eclipsing_binary
1390.4124048683339,1.0004239,0.0004726081,3815360,eclipsing_binary
1390.4137937506077,1.0003502,0.00047267252,3815360,eclipsing_binary
1390.415182632882,1.0008253,0.00047276585,3815360,eclipsing_binary
1390.4165715151566,0.9999156,0.00047244082,3815360,eclipsing_binary
1390.4179603974303,1.0003531,0.00047272188,3815360,eclipsing_binary
1390.4193492801705,1.0014344,0.00047284435,3815360,eclipsing_binary
1390.4207381624449,0.99949473,0.00047234693,3815360,eclipsing_binary
1390.4221270447185,0.9997639,0.00047258704,3815360,eclipsing_binary
1390.4235159269929,1.0005308,0.0004725906,3815360,eclipsing_binary
1390.4249048092674,1.0005293,0.0004727446,3815360,eclipsing_binary
1390.426293691541,1.0003033,0.0004726345,3815360,eclipsing_binary
1390.4276825738157,1.0004567,0.000472719,3815360,eclipsing_binary
1390.42907145609,1.0000625,0.00047253413,3815360,eclipsing_binary
1390.4304603388287,1.0002317,0.00047267418,3815360,eclipsing_binary
1390.4318492211023,1.0002196,0.0004727157,3815360,eclipsing_binary
1390.4332381033769,0.9993374,0.00047247636,3815360,eclipsing_binary
1390.4346269856505,1.0002396,0.00047260508,3815360,eclipsing_binary
1390.436015867925,1.000523,0.00047261434,3815360,eclipsing_binary
1390.4374047501994,0.99958014,0.00047244926,3815360,eclipsing_binary
1390.4387936324733,0.9999955,0.00047278148,3815360,eclipsing_binary
1390.4401825147477,0.9994804,0.00047250974,3815360,eclipsing_binary
1390.441571397022,1.0007159,0.00047272432,3815360,eclipsing_binary
1390.4429602792957,1.0001729,0.00047270223,3815360,eclipsing_binary
1390.4443491615702,1.0000707,0.00047261038,3815360,eclipsing_binary
1390.4457380438448,0.99977124,0.00047242828,3815360,eclipsing_binary
1390.4471269261185,0.9995535,0.0004724985,3815360,eclipsing_binary
1390.4485158083921,1.0001177,0.00047258934,3815360,eclipsing_binary
1390.4499046906667,0.99971247,0.00047263072,3815360,eclipsing_binary
1390.451293572941,0.99996805,0.00047253913,3815360,eclipsing_binary
1390.4526824552147,1.0011561,0.00047287214,3815360,eclipsing_binary
1390.454071337489,1.000023,0.000472701,3815360,eclipsing_binary
1390.4554602197636,0.99947584,0.00047244548,3815360,eclipsing_binary
1390.4568491020373,1.0001738,0.0004725667,3815360,eclipsing_binary
1390.4582379843118,0.999657,0.0004723697,3815360,eclipsing_binary
1390.4596268665862,0.9991804,0.00047242586,3815360,eclipsing_binary
1390.46101574886,1.0000544,0.0004726432,3815360,eclipsing_binary
1390.4624046311344,1.0003529,0.00047280677,3815360,eclipsing_binary
1390.4637935134087,0.999577,0.00047248372,3815360,eclipsing_binary
1390.4651823956824,0.99960077,0.0004726076,3815360,eclipsing_binary
1390.4665712779563,0.99989974,0.00047259414,3815360,eclipsing_binary
1390.46796016023,0.99994045,0.000472667,3815360,eclipsing_binary
1390.4693490425038,0.99967295,0.00047249344,3815360,eclipsing_binary
1390.4707379247782,0.99961,0.0004724066,3815360,eclipsing_binary
1390.4721268070525,0.999898,0.0004724573,3815360,eclipsing_binary
1390.4735156893264,0.9995691,0.0004726386,3815360,eclipsing_binary
1390.4749045716007,0.9998036,0.0004725183,3815360,eclipsing_binary
1390.4762934538753,1.000085,0.0004725654,3815360,eclipsing_binary
1390.4776823356833,1.0004697,0.00047276844,3815360,eclipsing_binary
1390.4790712179579,0.9999003,0.00047259525,3815360,eclipsing_binary
1390.4804601002322,1.0001171,0.00047256835,3815360,eclipsing_binary
1390.4818489825059,1.0009899,0.00047278943,3815360,eclipsing_binary
1390.4832378647802,1.0005354,0.00047279024,3815360,eclipsing_binary
1390.4846267470548,1.0004418,0.0004727279,3815360,eclipsing_binary
1390.4860156293284,1.0006182,0.00047268253,3815360,eclipsing_binary
1390.487404511603,0.9995948,0.00047268684,3815360,eclipsing_binary
1390.4887933934117,0.9989472,0.0004724789,3815360,eclipsing_binary
1390.4901822756854,1.0001258,0.000472647,3815360,eclipsing_binary
1390.4915711579592,1.0004953,0.0004727345,3815360,eclipsing_binary
1390.4929600402336,0.99928707,0.0004724092,3815360,eclipsing_binary
1390.494348922508,0.99967426,0.0004725533,3815360,eclipsing_binary
1390.4957378047818,0.9998985,0.00047253267,3815360,eclipsing_binary
1390.4971266865905,0.9998527,0.00047259897,3815360,eclipsing_binary
1390.498515568865,0.99950445,0.0004725009,3815360,eclipsing_binary
1390.4999044511387,0.99978334,0.0004726319,3815360,eclipsing_binary
1390.501293333413,0.99998266,0.00047257208,3815360,eclipsing_binary
1390.5026822156874,0.9994559,0.00047255945,3815360,eclipsing_binary
1390.504071097495,0.99972254,0.00047257196,3815360,eclipsing_binary
1390.5054599797686,1.0001255,0.00047248902,3815360,eclipsing_binary
1390.5068488620432,1.0001992,0.00047262243,3815360,eclipsing_binary
1390.5082377443168,1.0003446,0.00047282592,3815360,eclipsing_binary
1390.5096266261257,0.99974394,0.00047253133,3815360,eclipsing_binary
1390.5110155084,0.9993489,0.00047247828,3815360,eclipsing_binary
1390.5124043906737,1.0007461,0.0004729108,3815360,eclipsing_binary
1390.513793272948,1.0000722,0.00047257796,3815360,eclipsing_binary
1390.515182154757,1.0001684,0.0004727056,3815360,eclipsing_binary
1390.5165710370306,0.9995659,0.00047255767,3815360,eclipsing_binary
1390.5179599193052,1.000194,0.00047259417,3815360,eclipsing_binary
1390.5193488015796,1.0000987,0.00047259993,3815360,eclipsing_binary
1390.5207376833878,1.0000017,0.00047258163,3815360,eclipsing_binary
1390.5221265656621,0.999492,0.00047260182,3815360,eclipsing_binary
1390.5235154479365,0.9998033,0.00047257423,3815360,eclipsing_binary
1390.5249043302101,0.99945265,0.00047247007,3815360,eclipsing_binary
1390.526293212019,1.0000467,0.0004726004,3815360,eclipsing_binary
1390.5276820942936,0.99968374,0.0004725002,3815360,eclipsing_binary
1390.5290709765673,0.99944496,0.00047264074,3815360,eclipsing_binary
1390.5304598583753,1.0007471,0.00047274935,3815360,eclipsing_binary
1390.5318487406498,0.9998739,0.00047261978,3815360,eclipsing_binary
1390.5332376229242,0.9993931,0.00047261515,3815360,eclipsing_binary
1390.5346265047322,0.9995612,0.00047246346,3815360,eclipsing_binary
1390.5360153870065,1.0001161,0.00047255857,3815360,eclipsing_binary
1390.537404269281,0.9999908,0.00047267866,3815360,eclipsing_binary
1390.538793151089,0.9997209,0.0004726882,3815360,eclipsing_binary
1390.5401820333636,1.0003269,0.00047263553,3815360,eclipsing_binary
1390.5415709151716,0.99946856,0.00047253727,3815360,eclipsing_binary
1390.5429597974448,1.0004127,0.00047268585,3815360,eclipsing_binary
1390.5443486797192,1.0002645,0.00047259772,3815360,eclipsing_binary
1390.5457375615279,0.99984044,0.000472561,3815360,eclipsing_binary
1390.5471264438015,1.0000545,0.0004726074,3815360,eclipsing_binary
1390.548515326076,0.99996144,0.000472604,3815360,eclipsing_binary
1390.5499042078848,0.99930596,0.0004725687,3815360,eclipsing_binary
1390.5512930901587,1.0004752,0.00047278442,3815360,eclipsing_binary
1390.5526819719673,0.999944,0.0004725932,3815360,eclipsing_binary
1390.5540708542417,1.0006915,0.0004727864,3815360,eclipsing_binary
1390.55545973605,0.9998974,0.0004726049,3815360,eclipsing_binary
1390.5568486183242,0.9997163,0.00047254318,3815360,eclipsing_binary
1390.5582375005988,0.99986535,0.0004726413,3815360,eclipsing_binary
1390.5596263824068,0.999575,0.00047259903,3815360,eclipsing_binary
1390.5610152646811,0.9998163,0.00047254213,3815360,eclipsing_binary
1390.5624041464898,1.000388,0.0004726268,3815360,eclipsing_binary
1390.5637930287637,0.99987096,0.00047267927,3815360,eclipsing_binary
1390.5651819105724,0.9998388,0.00047244085,3815360,eclipsing_binary
1390.566570792847,0.99944305,0.00047236017,3815360,eclipsing_binary
1390.567959674655,0.9996572,0.00047262458,3815360,eclipsing_binary
1390.5693485569286,1.0000432,0.00047262883,3815360,eclipsing_binary
1390.5707374387375,0.9996729,0.00047248293,3815360,eclipsing_binary
1390.5721263210119,1.0002111,0.00047255706,3815360,eclipsing_binary
1390.57351520282,0.9997741,0.00047268643,3815360,eclipsing_binary
1390.5749040850944,0.9997279,0.00047259752,3815360,eclipsing_binary
1390.576292966903,0.99884754,0.00047240616,3815360,eclipsing_binary
1390.5776818491763,0.99995416,0.0004726382,3815360,eclipsing_binary
1390.5790707309843,1.0006018,0.00047268072,3815360,eclipsing_binary
1390.5804596132589,0.9996947,0.00047250427,3815360,eclipsing_binary
1390.5818484950669,0.99993575,0.00047263678,3815360,eclipsing_binary
1390.5832373773412,1.0005262,0.00047272345,3815360,eclipsing_binary
1390.58462625915,0.999206,0.00047253247,3815360,eclipsing_binary
1390.5860151409581,0.9991131,0.00047240977,3815360,eclipsing_binary
1390.5874040232325,0.9995279,0.00047248957,3815360,eclipsing_binary
1390.5887929050414,1.0003194,0.00047272368,3815360,eclipsing_binary
1390.590181787315,0.99973285,0.00047269024,3815360,eclipsing_binary
1390.591570669124,1.0003395,0.00047267711,3815360,eclipsing_binary
1390.5929595513983,1.0005236,0.0004725976,3815360,eclipsing_binary
1390.5943484332063,0.9995132,0.00047258748,3815360,eclipsing_binary
1390.595737315015,0.99918544,0.00047246038,3815360,eclipsing_binary
1390.5971261972895,1.0002421,0.000472733,3815360,eclipsing_binary
1390.5985150790975,1.000977,0.0004727419,3815360,eclipsing_binary
1390.599903961372,0.99976295,0.00047249024,3815360,eclipsing_binary
1390.6012928431808,0.9997637,0.00047253742,3815360,eclipsing_binary
1390.602681724989,1.0000796,0.00047250986,3815360,eclipsing_binary
1390.6040706072633,1.0000598,0.0004725074,3815360,eclipsing_binary
1390.605459489072,1.0006957,0.00047272813,3815360,eclipsing_binary
1390.60684837088,0.9993449,0.0004724655,3815360,eclipsing_binary
1390.608237253154,0.999854,0.0004725916,3815360,eclipsing_binary
1390.6096261349626,0.9990377,0.00047247167,3815360,eclipsing_binary
1390.6110150167715,0.9998939,0.00047251306,3815360,eclipsing_binary
1390.6124038990451,1.0001291,0.00047254658,3815360,eclipsing_binary
1390.613792780854,1.0003498,0.000472752,3815360,eclipsing_binary
1390.615181662662,0.99919987,0.00047246247,3815360,eclipsing_binary
1390.616570544935,1.0005276,0.00047262287,3815360,eclipsing_binary
1390.6179594267437,0.9999429,0.0004726259,3815360,eclipsing_binary
1390.6193483085526,1.0002875,0.00047269766,3815360,eclipsing_binary
1390.6207371908263,0.9995181,0.00047255255,3815360,eclipsing_binary
1390.6221260726352,0.9994701,0.00047248421,3815360,eclipsing_binary
1390.6235149544439,0.99928814,0.00047243363,3815360,eclipsing_binary
1390.6249038367177,1.0000908,0.00047273707,3815360,eclipsing_binary
1390.6262927185264,0.99965817,0.00047257784,3815360,eclipsing_binary
1390.627681600335,1.000178,0.00047264024,3815360,eclipsing_binary
1390.629070482143,1.0004259,0.00047284574,3815360,eclipsing_binary
1390.6304593644177,0.9998847,0.00047254644,3815360,eclipsing_binary
1390.6318482462264,1.0001291,0.0004726796,3815360,eclipsing_binary
1390.6332371280346,1.0000604,0.00047261268,3815360,eclipsing_binary
1390.6346260098433,1.0008643,0.0004726473,3815360,eclipsing_binary
1390.6360148921176,1.0001454,0.0004727265,3815360,eclipsing_binary
1390.6374037739258,0.9994646,0.0004724579,3815360,eclipsing_binary
1390.6387926557345,1.0004759,0.0004726299,3815360,eclipsing_binary
1390.6401815375434,0.9997297,0.0004725981,3815360,eclipsing_binary
1390.6415704193514,0.99963623,0.0004724403,3815360,eclipsing_binary
1390.6429593016258,1.000133,0.00047257976,3815360,eclipsing_binary
1390.6443481834344,0.99907786,0.00047250383,3815360,eclipsing_binary
1390.6457370652427,0.9993592,0.00047249926,3815360,eclipsing_binary
1390.6471259470513,0.9999722,0.00047256055,3815360,eclipsing_binary
1390.6485148288602,1.000484,0.0004727446,3815360,eclipsing_binary
1390.649903711134,0.99916935,0.00047250275,3815360,eclipsing_binary
1390.651292592942,1.0003392,0.00047272103,3815360,eclipsing_binary
1390.6526814747508,0.9994448,0.0004725797,3815360,eclipsing_binary
1390.6540703565588,1.0006132,0.00047269097,3815360,eclipsing_binary
1390.6554592383663,0.9999561,0.0004726095,3815360,eclipsing_binary
1390.656848120175,0.99917114,0.0004725676,3815360,eclipsing_binary
1390.6582370019837,1.0004951,0.00047263494,3815360,eclipsing_binary
1390.6596258842574,0.99920607,0.0004725464,3815360,eclipsing_binary
1390.6610147660663,1.0002887,0.0004725805,3815360,eclipsing_binary
1390.6624036478752,0.99937654,0.00047247045,3815360,eclipsing_binary
1390.6637925296832,0.9998491,0.00047259728,3815360,eclipsing_binary
1390.6651814114919,1.0000508,0.00047253954,3815360,eclipsing_binary
1390.6665702933005,0.99941784,0.00047260686,3815360,eclipsing_binary
1390.6679591751088,1.0002002,0.0004726194,3815360,eclipsing_binary
1390.6693480569174,0.99971914,0.00047246,3815360,eclipsing_binary
1390.6707369387263,0.9996221,0.00047246905,3815360,eclipsing_binary
1390.672125821,1.0005368,0.00047280878,3815360,eclipsing_binary
1390.673514702809,0.9993144,0.00047261023,3815360,eclipsing_binary
1390.6749035846176,1.000022,0.00047267397,3815360,eclipsing_binary
1390.6762924664256,1.0005734,0.00047268788,3815360,eclipsing_binary
1390.6776813482343,0.99976,0.00047249414,3815360,eclipsing_binary
1390.6790702300432,0.9997403,0.00047264987,3815360,eclipsing_binary
1390.6804591118512,1.0002145,0.0004725535,3815360,eclipsing_binary
1390.68184799366,1.0001817,0.0004726724,3815360,eclipsing_binary
1390.6832368754688,0.99966407,0.00047258253,3815360,eclipsing_binary
1390.684625757277,0.99914,0.00047247324,3815360,eclipsing_binary
1390.6860146390857,0.9995119,0.00047257246,3815360,eclipsing_binary
1390.6874035208943,1.0001758,0.00047265133,3815360,eclipsing_binary
1390.6887924027023,0.9992992,0.000472384,3815360,eclipsing_binary
1390.6901812845106,0.999799,0.0004725303,3815360,eclipsing_binary
1390.6915701663186,1.0001854,0.00047258494,3815360,eclipsing_binary
1390.6929590481268,0.9998692,0.00047252618,3815360,eclipsing_binary
1390.6943479299348,1.0001342,0.00047264228,3815360,eclipsing_binary
1390.6957368117437,0.99944067,0.00047250665,3815360,eclipsing_binary
1390.6971256935524,0.99966955,0.00047258148,3815360,eclipsing_binary
1390.6985145753604,0.9994929,0.00047262124,3815360,eclipsing_binary
1390.699903457169,0.9991262,0.00047237027,3815360,eclipsing_binary
1390.701292338978,0.99921525,0.00047251777,3815360,eclipsing_binary
1390.702681220786,0.99954516,0.00047256218,3815360,eclipsing_binary
1390.7040701025949,1.0001425,0.0004726187,3815360,eclipsing_binary
1390.7054589844035,1.0003959,0.00047262062,3815360,eclipsing_binary
1390.7068478662115,0.99993384,0.00047258197,3815360,eclipsing_binary
1390.7082367480202,0.9996337,0.0004725417,3815360,eclipsing_binary
1390.7096256298291,0.9991287,0.00047235304,3815360,eclipsing_binary
1390.7110145116371,0.99910206,0.00047242697,3815360,eclipsing_binary
1390.7124033929804,0.99961156,0.00047258032,3815360,eclipsing_binary
1390.713792274789,1.0009865,0.00047272258,3815360,eclipsing_binary
1390.7151811565973,1.0003836,0.00047290203,3815360,eclipsing_binary
1390.716570038406,0.9992063,0.00047250462,3815360,eclipsing_binary
1390.7179589202146,0.9996279,0.00047263605,3815360,eclipsing_binary
1390.7193478020226,0.9995294,0.0004724989,3815360,eclipsing_binary
1390.7207366838315,0.9995995,0.00047254155,3815360,eclipsing_binary
1390.7221255656405,0.99955523,0.0004725652,3815360,eclipsing_binary
1390.7235144474485,1.0000217,0.00047264027,3815360,eclipsing_binary
1390.7249033287915,0.99908376,0.00047237196,3815360,eclipsing_binary
1390.7262922106001,0.9999871,0.0004725982,3815360,eclipsing_binary
1390.7276810924084,0.9999544,0.00047258343,3815360,eclipsing_binary
1390.7290699742157,0.9994872,0.00047266748,3815360,eclipsing_binary
1390.7304588560237,0.9994981,0.0004726174,3815360,eclipsing_binary
1390.7318477378326,1.0000443,0.00047260043,3815360,eclipsing_binary
1390.733236619175,0.9993069,0.0004725905,3815360,eclipsing_binary
1390.7346255009838,0.99913734,0.0004724495,3815360,eclipsing_binary
1390.7360143827925,1.0001353,0.00047267537,3815360,eclipsing_binary
1390.7374032646007,0.9993415,0.0004726247,3815360,eclipsing_binary
1390.7387921464094,1.0000086,0.00047261475,3815360,eclipsing_binary
1390.740181028218,1.0002663,0.000472665,3815360,eclipsing_binary
1390.7415699095604,1.0000688,0.00047264033,3815360,eclipsing_binary
1390.7429587913693,1.0004438,0.0004726494,3815360,eclipsing_binary
1390.7443476731783,1.0000222,0.00047267202,3815360,eclipsing_binary
1390.7457365549863,1.0003326,0.00047258215,3815360,eclipsing_binary
1390.7471254363293,0.9991817,0.00047251245,3815360,eclipsing_binary
1390.748514318138,1.0005476,0.000472737,3815360,eclipsing_binary
1390.7499031999462,1.0005378,0.00047278896,3815360,eclipsing_binary
1390.7512920817549,0.99995697,0.0004725987,3815360,eclipsing_binary
1390.752680963098,0.99930966,0.00047245494,3815360,eclipsing_binary
1390.754069844906,1.0007361,0.00047261568,3815360,eclipsing_binary
1390.755458726715,0.9993153,0.00047256603,3815360,eclipsing_binary
1390.7568476085237,0.9995213,0.00047256882,3815360,eclipsing_binary
1390.758236489866,1.0007006,0.00047276737,3815360,eclipsing_binary
1390.7596253716747,0.9983737,0.00047234388,3815360,eclipsing_binary
1390.7610142534836,0.9994793,0.0004725071,3815360,eclipsing_binary
1390.7624031352916,0.9997447,0.00047254574,3815360,eclipsing_binary
1390.7637920166349,0.9998936,0.00047257557,3815360,eclipsing_binary
1390.7651808984435,0.99995214,0.00047256897,3815360,eclipsing_binary
1390.7665697802518,1.0010806,0.0004727433,3815360,eclipsing_binary
1390.767958661594,0.9997265,0.00047265334,3815360,eclipsing_binary
1390.769347543402,0.9999803,0.00047279714,3815360,eclipsing_binary
1390.77073642521,0.999691,0.00047253835,3815360,eclipsing_binary
1390.7721253065527,0.9997083,0.00047266483,3815360,eclipsing_binary
1390.7735141883613,0.9990818,0.00047241605,3815360,eclipsing_binary
1390.7749030701702,0.99997014,0.0004726894,3815360,eclipsing_binary
1390.7762919515126,1.0002371,0.00047275788,3815360,eclipsing_binary
1390.7776808333213,1.0006962,0.00047280724,3815360,eclipsing_binary
1390.77906971513,0.99966234,0.0004726544,3815360,eclipsing_binary
1390.7804585964725,0.9998167,0.00047242723,3815360,eclipsing_binary
1390.7818474782812,0.99962056,0.0004725614,3815360,eclipsing_binary
1390.78323636009,0.9995852,0.00047255823,3815360,eclipsing_binary
1390.7846252414324,0.99918836,0.00047239504,3815360,eclipsing_binary
1390.7860141232413,0.9997191,0.00047247007,3815360,eclipsing_binary
1390.7874030045843,1.00053,0.00047274353,3815360,eclipsing_binary
1390.7887918863923,0.9997969,0.00047265005,3815360,eclipsing_binary
1390.790180768201,0.99986875,0.00047264123,3815360,eclipsing_binary
1390.7915696495443,1.0000929,0.0004726257,3815360,eclipsing_binary
1390.7929585313523,1.0000947,0.00047271096,3815360,eclipsing_binary
1390.7943474126955,0.99879473,0.0004724124,3815360,eclipsing_binary
1390.7957362945042,1.0007558,0.0004726499,3815360,eclipsing_binary
1390.7971251758468,0.99997944,0.00047270273,3815360,eclipsing_binary
1390.7985140576554,1.000983,0.00047274792,3815360,eclipsing_binary
1390.7999029394641,1.0000712,0.00047274595,3815360,eclipsing_binary
1390.8012918208065,1.0001613,0.00047266262,3815360,eclipsing_binary
1390.8026807026154,0.9992455,0.000472588,3815360,eclipsing_binary
1390.8040695839586,1.0000784,0.0004726485,3815360,eclipsing_binary
1390.8054584657666,0.99994725,0.0004725642,3815360,eclipsing_binary
1390.806847347109,0.9998418,0.0004725778,3815360,eclipsing_binary
1390.808236228917,0.9990177,0.00047251765,3815360,eclipsing_binary
1390.8096251102595,1.0005989,0.000472768,3815360,eclipsing_binary
1390.8110139920675,1.0001314,0.00047266722,3815360,eclipsing_binary
1390.8124028734105,0.9999573,0.0004725976,3815360,eclipsing_binary
1390.8137917552194,0.999333,0.00047249065,3815360,eclipsing_binary
1390.8151806365618,0.9995945,0.0004725707,3815360,eclipsing_binary
1390.8165695183707,0.9995814,0.00047249452,3815360,eclipsing_binary
1390.8179583997137,1.0000769,0.0004726938,3815360,eclipsing_binary
1390.819347281522,1.000014,0.00047262493,3815360,eclipsing_binary
1390.820736162865,0.9996078,0.00047266093,3815360,eclipsing_binary
1390.8221250446736,0.9993136,0.00047250884,3815360,eclipsing_binary
1390.823513926016,0.99958986,0.00047257508,3815360,eclipsing_binary
1390.8249028078249,0.99974924,0.00047253215,3815360,eclipsing_binary
1390.8262916891679,1.0000954,0.00047255284,3815360,eclipsing_binary
1390.8276805705104,0.9981926,0.00047234196,3815360,eclipsing_binary
1390.8290694523191,1.0003765,0.0004727817,3815360,eclipsing_binary
1390.8304583336621,0.9990247,0.00047241958,3815360,eclipsing_binary
1390.8318472154704,0.99989134,0.0004727298,3815360,eclipsing_binary
1390.8332360968134,1.0000751,0.00047264568,3815360,eclipsing_binary
1390.8346249786223,0.9998956,0.00047271245,3815360,eclipsing_binary
1390.8360138599646,1.0001805,0.00047264795,3815360,eclipsing_binary
1390.8374027413079,0.99994844,0.00047261035,3815360,eclipsing_binary
1390.8387916231165,0.99949163,0.00047268023,3815360,eclipsing_binary
1390.8401805044589,0.9998239,0.00047270415,3815360,eclipsing_binary
1390.8415693862676,1.0003206,0.00047267633,3815360,eclipsing_binary
1390.8429582676108,1.0002998,0.0004726796,3815360,eclipsing_binary
1390.8443471489531,0.99983746,0.00047263707,3815360,eclipsing_binary
1390.8457360307611,1.0007452,0.00047284036,3815360,eclipsing_binary
1390.8471249121037,0.9994335,0.00047252126,3815360,eclipsing_binary
1390.848513793446,1.0002084,0.00047265372,3815360,eclipsing_binary
1390.8499026752543,0.99952465,0.00047254062,3815360,eclipsing_binary
1390.8512915565973,0.9989933,0.00047246547,3815360,eclipsing_binary
1390.8526804379403,0.9996969,0.0004725278,3815360,eclipsing_binary
1390.8540693197485,0.9995505,0.00047259135,3815360,eclipsing_binary
1390.8554582010916,0.9998683,0.00047265118,3815360,eclipsing_binary
1390.8568470824348,1.0001686,0.0004726574,3815360,eclipsing_binary
1390.8582359642428,0.99972963,0.00047260505,3815360,eclipsing_binary
1390.8596248455858,1.0006404,0.00047261448,3815360,eclipsing_binary
1390.8610137269288,1.0001369,0.00047270392,3815360,eclipsing_binary
1390.862402608737,0.99927616,0.00047257726,3815360,eclipsing_binary
1390.86379149008,1.000118,0.0004728216,3815360,eclipsing_binary
1390.8651803714233,1.0004296,0.0004727218,3815360,eclipsing_binary
1390.8665692527657,0.99985915,0.00047266902,3815360,eclipsing_binary
1390.8679581345746,0.99915093,0.00047241568,3815360,eclipsing_binary
1390.8693470159176,0.9995346,0.00047253972,3815360,eclipsing_binary
1390.87073589726,1.0000603,0.00047260913,3815360,eclipsing_binary
1390.8721247790686,1.000033,0.000472735,3815360,eclipsing_binary
1390.8735136604118,0.99935335,0.00047256253,3815360,eclipsing_binary
1390.8749025417542,0.99976563,0.00047246428,3815360,eclipsing_binary
1390.8762914230974,1.0005226,0.0004725539,3815360,eclipsing_binary
1390.8776803044404,1.0001045,0.00047272045,3815360,eclipsing_binary
1390.8790691862487,1.0002764,0.00047272132,3815360,eclipsing_binary
1390.8804580675917,1.0003227,0.00047277607,3815360,eclipsing_binary
1390.8818469489347,0.9994846,0.00047255366,3815360,eclipsing_binary
1390.883235830277,0.99968547,0.0004724339,3815360,eclipsing_binary
1390.8846247120853,0.9996249,0.00047254423,3815360,eclipsing_binary
1390.8860135934276,0.99953353,0.00047249638,3815360,eclipsing_binary
1390.8874024747702,0.99943393,0.00047251157,3815360,eclipsing_binary
1390.8887913561132,0.99889076,0.0004723645,3815360,eclipsing_binary
1390.8901802374562,0.99979484,0.00047260002,3815360,eclipsing_binary
1390.8915691192644,0.99939185,0.0004724894,3815360,eclipsing_binary
1390.8929580006068,1.0006196,0.00047265983,3815360,eclipsing_binary
1390.8943468819498,1.0004978,0.00047263506,3815360,eclipsing_binary
1390.895735763293,0.9994112,0.00047269094,3815360,eclipsing_binary
1390.8971246446354,1.0006127,0.00047273329,3815360,eclipsing_binary
1390.8985135259786,0.99923795,0.0004724488,3815360,eclipsing_binary
1390.8999024077873,1.0010105,0.00047282796,3815360,eclipsing_binary
1390.9012912891299,1.0006255,0.0004727726,3815360,eclipsing_binary
1390.9026801704729,0.99962336,0.0004725876,3815360,eclipsing_binary
1390.904069051816,0.9994157,0.00047255013,3815360,eclipsing_binary
1390.9054579331582,1.0003526,0.0004727799,3815360,eclipsing_binary
1390.9068468145015,0.9991989,0.00047244952,3815360,eclipsing_binary
1390.9082356958445,1.0004989,0.00047273166,3815360,eclipsing_binary
1390.909624577187,0.9998087,0.0004726683,3815360,eclipsing_binary
1390.91101345853,0.9997409,0.00047265494,3815360,eclipsing_binary
1390.9124023403388,0.99920446,0.00047257543,3815360,eclipsing_binary
1390.9137912216813,0.99972045,0.0004725943,3815360,eclipsing_binary
1390.9151801030243,1.0000937,0.00047267866,3815360,eclipsing_binary
1390.9165689843676,1.0000658,0.00047263343,3815360,eclipsing_binary
1390.91795786571,0.99938565,0.00047255508,3815360,eclipsing_binary
1390.919346747053,0.999107,0.0004725205,3815360,eclipsing_binary
1390.920735628396,0.99948084,0.0004726464,3815360,eclipsing_binary
1390.9221245097385,1.0006942,0.0004727696,3815360,eclipsing_binary
1390.923513391081,0.9991634,0.00047242918,3815360,eclipsing_binary
1390.9249022724234,0.99868125,0.00047254175,3815360,eclipsing_binary
1390.9262911537658,1.0001967,0.00047255328,3815360,eclipsing_binary
1390.927680035109,0.9995372,0.00047251186,3815360,eclipsing_binary
1390.929068916452,0.99997145,0.00047275587,3815360,eclipsing_binary
1390.9304577977944,1.000143,0.00047266093,3815360,eclipsing_binary
1390.931846679137,1.0004805,0.0004727025,3815360,eclipsing_binary
1390.93323556048,0.9996228,0.00047263913,3815360,eclipsing_binary
1390.934624441823,0.9998904,0.0004727872,3815360,eclipsing_binary
1390.9360133231653,0.9994408,0.000472534,3815360,eclipsing_binary
1390.9374022045085,1.0001894,0.00047270994,3815360,eclipsing_binary
1390.9387910858518,0.99990004,0.00047264446,3815360,eclipsing_binary
1390.9401799671941,0.9996779,0.00047248567,3815360,eclipsing_binary
1390.9415688485371,0.99937636,0.00047254824,3815360,eclipsing_binary
1390.9429577298802,1.0000392,0.0004726506,3815360,eclipsing_binary
1390.9443466112227,0.9993389,0.00047244885,3815360,eclipsing_binary
1390.9457354925657,1.0010903,0.0004728405,3815360,eclipsing_binary
1390.947124373909,0.99964166,0.00047250427,3815360,eclipsing_binary
1390.9485132552513,1.000433,0.00047274394,3815360,eclipsing_binary
1390.9499021365946,1.0009439,0.0004727188,3815360,eclipsing_binary
1390.9512910179376,1.0000461,0.00047265508,3815360,eclipsing_binary
1390.95267989928,0.9993131,0.0004724978,3815360,eclipsing_binary
1390.954068780623,1.000214,0.00047266998,3815360,eclipsing_binary
1390.9554576619662,1.0004089,0.0004727611,3815360,eclipsing_binary
1390.9568465433085,1.0003148,0.00047267406,3815360,eclipsing_binary
1390.9582354246518,0.99974144,0.0004725374,3815360,eclipsing_binary
1390.9596243055291,1.0019238,0.0004729974,3815360,eclipsing_binary
1390.9610131868717,0.99870217,0.0004723441,3815360,eclipsing_binary
1390.9624020682147,0.999815,0.00047274958,3815360,eclipsing_binary
1390.963790949557,1.0000147,0.00047266396,3815360,eclipsing_binary
1390.9651798308987,0.9986138,0.0004723626,3815360,eclipsing_binary
1390.966568712242,1.0000409,0.0004726574,3815360,eclipsing_binary
1390.967957593585,0.99897015,0.00047248753,3815360,eclipsing_binary
1390.9693464749275,1.0004021,0.00047270753,3815360,eclipsing_binary
1390.9707353558042,0.9995518,0.00047260855,3815360,eclipsing_binary
1390.9721242371475,0.99994045,0.0004726654,3815360,eclipsing_binary
1390.9735131184905,0.9998874,0.00047257703,3815360,eclipsing_binary
1390.9749019998328,0.9996757,0.00047253995,3815360,eclipsing_binary
1390.9762908811758,0.9990949,0.00047258666,3815360,eclipsing_binary
1390.977679762519,1.0004901,0.0004728203,3815360,eclipsing_binary
1390.9790686433957,1.0000877,0.00047262612,3815360,eclipsing_binary
1390.980457524739,0.99989414,0.00047271862,3815360,eclipsing_binary
1390.981846406082,0.9999842,0.00047261736,3815360,eclipsing_binary
1390.9832352874246,0.9995672,0.00047274426,3815360,eclipsing_binary
1390.9846241687676,0.9998147,0.00047258253,3815360,eclipsing_binary
1390.9860130501106,1.0003144,0.00047279464,3815360,eclipsing_binary
1390.9874019309873,0.99959475,0.0004726937,3815360,eclipsing_binary
1390.9887908123305,1.0001369,0.00047269274,3815360,eclipsing_binary
1390.9901796936736,1.0000381,0.00047265482,3815360,eclipsing_binary
1390.9915685750161,0.99988097,0.00047271742,3815360,eclipsing_binary
1390.9929574558935,1.0002072,0.00047256218,3815360,eclipsing_binary
1390.9943463372365,0.9997621,0.0004725236,3815360,eclipsing_binary
1390.995735218579,0.99986655,0.0004726384,3815360,eclipsing_binary
1390.997124099922,0.99858236,0.00047246952,3815360,eclipsing_binary
1390.9985129807997,0.9997988,0.0004725626,3815360,eclipsing_binary
1390.999901862142,0.99981135,0.0004726307,3815360,eclipsing_binary
1391.001290743485,0.99982464,0.00047253113,3815360,eclipsing_binary
1391.002679624828,0.9991724,0.00047247423,3815360,eclipsing_binary
1391.0040685057043,0.999028,0.00047252123,3815360,eclipsing_binary
1391.0054573870466,0.9994306,0.0004725526,3815360,eclipsing_binary
1391.0068462683898,0.9987975,0.0004724544,3815360,eclipsing_binary
1391.0082351497322,1.0001647,0.00047266763,3815360,eclipsing_binary
1391.0096240306088,1.0002229,0.0004726867,3815360,eclipsing_binary
1391.011012911952,0.9997312,0.00047260348,3815360,eclipsing_binary
1391.012401793295,1.0000556,0.0004727114,3815360,eclipsing_binary
1391.013790674172,1.0001395,0.00047271865,3815360,eclipsing_binary
1391.015179555515,1.0003456,0.0004726587,3815360,eclipsing_binary
1391.016568436858,0.9997407,0.00047264804,3815360,eclipsing_binary
1391.0179573177347,0.9994155,0.00047249574,3815360,eclipsing_binary
1391.019346199078,0.9998686,0.00047274848,3815360,eclipsing_binary
1391.0207350804212,1.0000935,0.00047255037,3815360,eclipsing_binary
1391.022123961298,0.99910575,0.00047251233,3815360,eclipsing_binary
1391.023512842641,0.9994532,0.00047263422,3815360,eclipsing_binary
1391.024901723984,0.9993189,0.0004726022,3815360,eclipsing_binary
1391.0262906048608,0.9995042,0.00047254737,3815360,eclipsing_binary
1391.0276794862039,0.99987584,0.0004726744,3815360,eclipsing_binary
1391.0290683670814,1.0006164,0.00047261323,3815360,eclipsing_binary
1391.0304572484238,0.99986446,0.0004726395,3815360,eclipsing_binary
1391.031846129767,0.9999804,0.00047262872,3815360,eclipsing_binary
1391.0332350106444,1.0004681,0.00047281967,3815360,eclipsing_binary
1391.0346238919867,1.000002,0.000472647,3815360,eclipsing_binary
1391.0360127733297,0.9990494,0.00047233028,3815360,eclipsing_binary
1391.0374016542073,1.0003659,0.00047267793,3815360,eclipsing_binary
1391.0387905355497,0.9998245,0.00047262895,3815360,eclipsing_binary
1391.0401794164272,1.0000192,0.00047267307,3815360,eclipsing_binary
1391.0415682977703,0.9999536,0.00047266434,3815360,eclipsing_binary
1391.0429571786462,0.9994221,0.00047250817,3815360,eclipsing_binary
1391.0443460599886,0.9994905,0.00047250398,3815360,eclipsing_binary
1391.0457349413318,1.0000803,0.0004725663,3815360,eclipsing_binary
1391.0471238222085,0.99872184,0.00047248273,3815360,eclipsing_binary
1391.0485127035518,0.9998965,0.00047259007,3815360,eclipsing_binary
1391.049901584429,0.9995149,0.00047251635,3815360,eclipsing_binary
1391.0512904657717,0.9997822,0.00047251125,3815360,eclipsing_binary
1391.0526793466483,0.99990004,0.00047263785,3815360,eclipsing_binary
1391.0540682279916,1.0003334,0.00047265805,3815360,eclipsing_binary
1391.055457108869,0.9994126,0.0004725278,3815360,eclipsing_binary
1391.0568459902113,1.0001985,0.00047278483,3815360,eclipsing_binary
1391.0582348710886,1.0002458,0.00047266815,3815360,eclipsing_binary
1391.059623752432,0.9998143,0.00047269033,3815360,eclipsing_binary
1391.0610126333086,0.99932325,0.00047264798,3815360,eclipsing_binary
1391.0624015146518,0.9998625,0.0004726273,3815360,eclipsing_binary
1391.0637903955292,0.9996984,0.000472575,3815360,eclipsing_binary
1391.0651792768715,0.99963003,0.00047266146,3815360,eclipsing_binary
1391.0665681577489,0.9994145,0.00047240697,3815360,eclipsing_binary
1391.067957039092,0.9999754,0.00047259848,3815360,eclipsing_binary
1391.0693459199688,0.9999628,0.00047260348,3815360,eclipsing_binary
1391.070734801312,0.9995963,0.00047264437,3815360,eclipsing_binary
1391.0721236821894,1.000523,0.0004726472,3815360,eclipsing_binary
1391.073512563532,0.9999129,0.0004726541,3815360,eclipsing_binary
1391.0749014444093,1.001323,0.00047288096,3815360,eclipsing_binary
1391.0762903252867,1.0000618,0.0004727256,3815360,eclipsing_binary
1391.0776792066292,1.0002626,0.00047275596,3815360,eclipsing_binary
1391.0790680875066,1.0006015,0.00047260727,3815360,eclipsing_binary
1391.0804569688498,1.0002155,0.00047275692,3815360,eclipsing_binary
1391.0818458497265,0.9996279,0.0004726003,3815360,eclipsing_binary
1391.0832347310695,1.000317,0.000472653,3815360,eclipsing_binary
1391.0846236119464,0.9989477,0.00047246987,3815360,eclipsing_binary
1391.0860124928224,1.0006068,0.00047271102,3815360,eclipsing_binary
1391.0874013741654,1.0004164,0.0004727621,3815360,eclipsing_binary
1391.088790255043,1.0001607,0.00047274394,3815360,eclipsing_binary
1391.0901791359197,1.000002,0.000472511,3815360,eclipsing_binary
1391.091568017262,0.9998269,0.0004726053,3815360,eclipsing_binary
1391.0929568981396,1.0000474,0.00047265954,3815360,eclipsing_binary
1391.0943457794826,0.9999926,0.0004726342,3815360,eclipsing_binary
1391.0957346603595,0.99987197,0.00047266955,3815360,eclipsing_binary
1391.097123541237,1.000247,0.0004726714,3815360,eclipsing_binary
1391.09851242258,0.99956113,0.00047254006,3815360,eclipsing_binary
1391.0999013034566,0.99966943,0.00047264565,3815360,eclipsing_binary
1391.1012901843342,0.9993045,0.00047260866,3815360,eclipsing_binary
1391.1026790656774,1.0003617,0.0004726726,3815360,eclipsing_binary
1391.104067946554,1.0001978,0.00047283227,3815360,eclipsing_binary
1391.1054568274315,0.9993378,0.00047252572,3815360,eclipsing_binary
1391.1068457087745,0.99957067,0.00047252295,3815360,eclipsing_binary
1391.1082345896514,1.0002545,0.00047265808,3815360,eclipsing_binary
1391.1096234705287,0.9993349,0.00047254507,3815360,eclipsing_binary
1391.111012351872,0.99991417,0.00047257112,3815360,eclipsing_binary
1391.1124012327487,0.9997169,0.0004725543,3815360,eclipsing_binary
1391.1137901136262,1.0006,0.00047277982,3815360,eclipsing_binary
1391.1151789945036,1.00014,0.00047256338,3815360,eclipsing_binary
1391.116567875846,1.0000485,0.00047263352,3815360,eclipsing_binary
1391.1179567567233,0.9994223,0.0004725408,3815360,eclipsing_binary
1391.1193456376009,1.0001626,0.0004726581,3815360,eclipsing_binary
1391.1207345184775,0.99910647,0.00047256067,3815360,eclipsing_binary
1391.1221233998208,1.0003972,0.0004728252,3815360,eclipsing_binary
1391.1235122806982,1.0009226,0.00047290753,3815360,eclipsing_binary
1391.1249011615741,0.9996656,0.00047256268,3815360,eclipsing_binary
1391.1262900424508,1.0013672,0.00047296993,3815360,eclipsing_binary
1391.127678923794,0.99815476,0.00047222743,3815360,eclipsing_binary
1391.1290678046707,1.0006051,0.00047276285,3815360,eclipsing_binary
1391.1304566855476,0.99984473,0.00047259126,3815360,eclipsing_binary
1391.131845566425,0.9994989,0.00047260907,3815360,eclipsing_binary
1391.1332344477682,0.9993437,0.00047237915,3815360,eclipsing_binary
1391.134623328645,0.99899054,0.0004724844,3815360,eclipsing_binary
1391.1360122095223,0.9998868,0.00047266568,3815360,eclipsing_binary
1391.1374010903996,1.0005803,0.0004728068,3815360,eclipsing_binary
1391.1387899712765,0.99963456,0.0004725771,3815360,eclipsing_binary
1391.140178852154,1.0003477,0.00047267962,3815360,eclipsing_binary
1391.1415677334971,0.999984,0.0004727749,3815360,eclipsing_binary
1391.1429566143738,0.99959624,0.0004726698,3815360,eclipsing_binary
1391.1443454952514,0.9996454,0.00047248343,3815360,eclipsing_binary
1391.1457343761288,0.99924254,0.00047252583,3815360,eclipsing_binary
1391.1471232570054,0.9992884,0.00047263288,3815360,eclipsing_binary
1391.1485121378828,0.9984288,0.00047235066,3815360,eclipsing_binary
1391.149901019226,0.99983597,0.00047263445,3815360,eclipsing_binary
1391.1512899001027,0.9998502,0.0004725863,3815360,eclipsing_binary
1391.1526787809803,0.9986456,0.00047233893,3815360,eclipsing_binary
1391.1540676618577,0.9999864,0.00047266917,3815360,eclipsing_binary
1391.1554565427346,0.999944,0.000472701,3815360,eclipsing_binary
1391.156845423612,0.99991643,0.00047265022,3815360,eclipsing_binary
1391.1582343044893,1.0010673,0.00047275898,3815360,eclipsing_binary
1391.159623185366,0.9999223,0.00047250465,3815360,eclipsing_binary
1391.1610120667092,0.9996911,0.00047267228,3815360,eclipsing_binary
1391.1624009475868,0.9998505,0.00047259475,3815360,eclipsing_binary
1391.1637898284635,1.0001004,0.00047265444,3815360,eclipsing_binary
1391.1651787093401,0.9989393,0.00047235252,3815360,eclipsing_binary
1391.1665675902168,0.9996106,0.00047254487,3815360,eclipsing_binary
1391.1679564710937,0.99938345,0.00047251894,3815360,eclipsing_binary
1391.169345351971,1.0003482,0.00047261498,3815360,eclipsing_binary
1391.1707342328486,0.9994322,0.0004724477,3815360,eclipsing_binary
1391.1721231137253,0.9997825,0.0004725308,3815360,eclipsing_binary
1391.173511994602,1.0004044,0.0004727556,3815360,eclipsing_binary
1391.1749008754796,0.99984497,0.0004726001,3815360,eclipsing_binary
1391.176289756357,0.9998017,0.0004725796,3815360,eclipsing_binary
1391.1776786372338,1.0005238,0.00047254443,3815360,eclipsing_binary
1391.1790675181112,1.0003287,0.00047256332,3815360,eclipsing_binary
1391.1804563989886,1.0002438,0.0004725769,3815360,eclipsing_binary
1391.1818452798652,1.0001229,0.00047262612,3815360,eclipsing_binary
1391.1832341607428,0.9999978,0.00047262266,3815360,eclipsing_binary
1391.1846230416204,1.0004531,0.000472603,3815360,eclipsing_binary
1391.186011922497,0.9999326,0.00047258934,3815360,eclipsing_binary
1391.1874008033744,0.9995272,0.00047266085,3815360,eclipsing_binary
1391.1887896842518,1.0002258,0.0004727071,3815360,eclipsing_binary
1391.1901785651287,0.9993343,0.00047251946,3815360,eclipsing_binary
1391.191567446006,1.000415,0.0004726776,3815360,eclipsing_binary
1391.1929563268836,0.999407,0.00047251483,3815360,eclipsing_binary
1391.1943452077603,0.99967337,0.00047257802,3815360,eclipsing_binary
1391.195734088638,1.0000066,0.00047267147,3815360,eclipsing_binary
1391.1971229695152,0.99984276,0.00047261835,3815360,eclipsing_binary
1391.198511850392,0.9999388,0.0004726289,3815360,eclipsing_binary
1391.1999007312693,0.99970096,0.000472735,3815360,eclipsing_binary
1391.2012896121469,0.9997735,0.0004724574,3815360,eclipsing_binary
1391.2026784930235,1.0003144,0.00047264146,3815360,eclipsing_binary
1391.2040673739011,0.99956614,0.00047264027,3815360,eclipsing_binary
1391.2054562547785,0.9993081,0.0004725499,3815360,eclipsing_binary
1391.2068451356545,0.9994167,0.00047260136,3815360,eclipsing_binary
1391.2082340165312,0.9999846,0.00047262115,3815360,eclipsing_binary
1391.2096228974087,0.99971634,0.00047258224,3815360,eclipsing_binary
1391.2110117782854,0.9996106,0.00047264888,3815360,eclipsing_binary
1391.2124006586967,0.9999547,0.00047259172,3815360,eclipsing_binary
1391.213789539574,1.0003808,0.00047265142,3815360,eclipsing_binary
1391.2151784204516,0.99986947,0.00047255235,3815360,eclipsing_binary
1391.2165673013283,0.9997795,0.0004726807,3815360,eclipsing_binary
1391.2179561822056,0.9997267,0.00047250668,3815360,eclipsing_binary
1391.219345063083,1.0009279,0.00047285017,3815360,eclipsing_binary
1391.2207339439599,0.9999188,0.00047256815,3815360,eclipsing_binary
1391.2221228248372,0.99951875,0.0004725563,3815360,eclipsing_binary
1391.2235117052492,0.9998086,0.00047253983,3815360,eclipsing_binary
1391.2249005861258,0.99996084,0.00047272842,3815360,eclipsing_binary
1391.2262894670034,0.9999445,0.00047245386,3815360,eclipsing_binary
1391.2276783478808,1.0000271,0.00047289443,3815360,eclipsing_binary
1391.2290672287575,1.0001953,0.00047260372,3815360,eclipsing_binary
1391.2304561096348,0.99999577,0.00047259123,3815360,eclipsing_binary
1391.2318449900467,0.9995023,0.00047243008,3815360,eclipsing_binary
1391.2332338709234,0.9999178,0.00047264269,3815360,eclipsing_binary
1391.234622751801,0.9995142,0.00047259362,3815360,eclipsing_binary
1391.2360116326784,1.0004358,0.00047273905,3815360,eclipsing_binary
1391.2374005135553,1.0001385,0.00047258686,3815360,eclipsing_binary
1391.238789393967,1.0005096,0.00047265287,3815360,eclipsing_binary
1391.2401782748443,0.9995836,0.00047262543,3815360,eclipsing_binary
1391.241567155721,0.9995795,0.00047270223,3815360,eclipsing_binary
1391.2429560365986,1.0004611,0.0004727457,3815360,eclipsing_binary
1391.2443449174762,0.9997105,0.0004726168,3815360,eclipsing_binary
1391.2457337978872,0.9987047,0.0004724048,3815360,eclipsing_binary
1391.2471226787645,1.00017,0.0004726915,3815360,eclipsing_binary
1391.2485115596414,1.0004882,0.00047271946,3815360,eclipsing_binary
1391.2499004405174,1.0000677,0.0004726418,3815360,eclipsing_binary
1391.2512893209284,1.0005271,0.00047266093,3815360,eclipsing_binary
1391.2526782018058,1.0003887,0.00047266067,3815360,eclipsing_binary
1391.2540670826834,0.9992815,0.00047262287,3815360,eclipsing_binary
1391.25545596356,0.99969935,0.00047255377,3815360,eclipsing_binary
1391.2582337248493,0.99961233,0.00047246285,3815360,eclipsing_binary
1391.2596226057262,1.0002128,0.00047285334,3815360,eclipsing_binary
1391.261011486138,0.99941295,0.0004725143,3815360,eclipsing_binary
1391.2624003670153,0.9997224,0.000472651,3815360,eclipsing_binary
1391.263789247892,0.99975634,0.00047253567,3815360,eclipsing_binary
1391.2651781287695,1.0003586,0.00047274595,3815360,eclipsing_binary
1391.2665670091812,0.9996801,0.00047253148,3815360,eclipsing_binary
1391.2679558900581,1.0001066,0.00047260115,3815360,eclipsing_binary
1391.2693447709355,0.9994573,0.0004725346,3815360,eclipsing_binary
1391.2707336513472,1.0004683,0.0004727227,3815360,eclipsing_binary
1391.272122532224,0.99972075,0.0004724894,3815360,eclipsing_binary
1391.2735114131015,0.9995087,0.0004724998,3815360,eclipsing_binary
1391.2749002935134,1.001161,0.00047286408,3815360,eclipsing_binary
1391.27628917439,1.0002252,0.00047273282,3815360,eclipsing_binary
1391.2776780552674,0.9995859,0.00047256533,3815360,eclipsing_binary
1391.279066935679,0.999905,0.00047251658,3815360,eclipsing_binary
1391.280455816556,0.999338,0.00047254594,3815360,eclipsing_binary
1391.2818446969677,0.999944,0.0004726328,3815360,eclipsing_binary
1391.2832335778453,0.99990994,0.0004726991,3815360,eclipsing_binary
1391.284622458722,0.9992197,0.0004724031,3815360,eclipsing_binary
1391.286011339134,0.99991554,0.00047267217,3815360,eclipsing_binary
1391.2874002200112,1.0003707,0.00047273745,3815360,eclipsing_binary
1391.2887891004223,0.9994784,0.00047254452,3815360,eclipsing_binary
1391.2915668621752,0.99927336,0.0004724489,3815360,eclipsing_binary
1391.2929557425869,0.9993991,0.00047248512,3815360,eclipsing_binary
1391.2943446234638,1.0001334,0.0004726478,3815360,eclipsing_binary
1391.2957335038755,1.0006888,0.00047277947,3815360,eclipsing_binary
1391.297122384753,0.99922955,0.00047250398,3815360,eclipsing_binary
1391.2985112656297,0.9989596,0.00047240782,3815360,eclipsing_binary
1391.2999001460414,0.9994453,0.0004724688,3815360,eclipsing_binary
1391.3012890269188,0.99939346,0.00047258197,3815360,eclipsing_binary
1391.30267790733,1.0001509,0.00047267484,3815360,eclipsing_binary
1391.3040667882074,1.0000373,0.00047269627,3815360,eclipsing_binary
1391.3054556686193,1.0007683,0.00047272083,3815360,eclipsing_binary
1391.306844549496,1.0003037,0.00047271923,3815360,eclipsing_binary
1391.308233429908,1.0002683,0.00047279152,3815360,eclipsing_binary
1391.3096223107852,1.0001948,0.00047278556,3815360,eclipsing_binary
1391.3110111911963,0.99932504,0.00047250188,3815360,eclipsing_binary
1391.3124000720736,0.99975294,0.0004725925,3815360,eclipsing_binary
1391.3137889524855,0.9998103,0.00047256832,3815360,eclipsing_binary
1391.3151778333622,0.99916273,0.00047248154,3815360,eclipsing_binary
1391.3165667137741,1.0002227,0.00047263544,3815360,eclipsing_binary
1391.3179555946515,0.99992406,0.00047253232,3815360,eclipsing_binary
1391.3193444750627,0.9993584,0.0004724998,3815360,eclipsing_binary
1391.32073335594,0.9997496,0.0004725219,3815360,eclipsing_binary
1391.3221222363518,0.9992796,0.00047249006,3815360,eclipsing_binary
1391.3235111172285,0.9993068,0.00047247513,3815360,eclipsing_binary
1391.3248999976404,0.99969256,0.00047261408,3815360,eclipsing_binary
1391.326288878518,0.99932,0.0004724915,3815360,eclipsing_binary
1391.327677758929,0.9996377,0.00047255633,3815360,eclipsing_binary
1391.3290666398063,1.0002769,0.00047263564,3815360,eclipsing_binary
1391.330455520218,0.99964267,0.0004725525,3815360,eclipsing_binary
1391.3318444006286,0.99963224,0.00047255994,3815360,eclipsing_binary
1391.3332332815046,1.0007745,0.0004727561,3815360,eclipsing_binary
1391.3346221619163,0.9992995,0.00047249405,3815360,eclipsing_binary
1391.3360110427939,0.9998048,0.00047265115,3815360,eclipsing_binary
1391.3373999232049,1.0000714,0.00047260115,3815360,eclipsing_binary
1391.3387888036168,1.0005056,0.00047261402,3815360,eclipsing_binary
1391.3401776844942,1.000075,0.00047270625,3815360,eclipsing_binary
1391.3415665649054,1.0008246,0.00047284644,3815360,eclipsing_binary
1391.3429554457828,0.9986282,0.00047251786,3815360,eclipsing_binary
1391.3443443261945,0.99987096,0.00047272746,3815360,eclipsing_binary
1391.3457332066055,0.9999728,0.00047258558,3815360,eclipsing_binary
1391.347122087483,1.0001749,0.0004727137,3815360,eclipsing_binary
1391.3485109678948,0.99923766,0.0004723532,3815360,eclipsing_binary
1391.3498998487717,1.001043,0.00047299112,3815360,eclipsing_binary
1391.3512887291834,1.0000241,0.0004726163,3815360,eclipsing_binary
1391.352677609595,1.0005082,0.00047271317,3815360,eclipsing_binary
1391.354066490472,0.99999285,0.00047262595,3815360,eclipsing_binary
1391.3554553708836,0.99988526,0.00047261495,3815360,eclipsing_binary
1391.3568442512956,0.99901736,0.00047235916,3815360,eclipsing_binary
1391.3582331321722,1.0011665,0.00047282368,3815360,eclipsing_binary
1391.359622012584,1.0006181,0.00047263363,3815360,eclipsing_binary
1391.3610108929956,0.99865985,0.00047259795,3815360,eclipsing_binary
1391.3623997738725,0.99963415,0.00047261323,3815360,eclipsing_binary
1391.3637886542842,0.9996256,0.0004724847,3815360,eclipsing_binary
1391.3651775346962,0.9999321,0.00047257004,3815360,eclipsing_binary
1391.3665664155728,1.0002229,0.00047271358,3815360,eclipsing_binary
1391.3679552959848,0.9992774,0.00047237572,3815360,eclipsing_binary
1391.3693441763965,0.9998428,0.00047263928,3815360,eclipsing_binary
1391.3707330568075,0.99891376,0.00047241637,3815360,eclipsing_binary
1391.3721219376844,1.0005114,0.00047275203,3815360,eclipsing_binary
1391.373510818096,1.0000333,0.0004725489,3815360,eclipsing_binary
1391.374899698507,0.9986961,0.00047236055,3815360,eclipsing_binary
1391.3762885789174,0.9993672,0.00047250788,3815360,eclipsing_binary
1391.377677459795,1.000138,0.0004726218,3815360,eclipsing_binary
1391.379066340207,0.99980956,0.00047268227,3815360,eclipsing_binary
1391.380455220618,1.0001434,0.00047278573,3815360,eclipsing_binary
1391.3818441010296,0.9998222,0.00047253133,3815360,eclipsing_binary
1391.383232981907,0.99968225,0.00047262534,3815360,eclipsing_binary
1391.3846218623182,0.9994447,0.0004725209,3815360,eclipsing_binary
1391.38601074273,1.0002108,0.00047271384,3815360,eclipsing_binary
1391.3873996231418,0.9996487,0.00047248855,3815360,eclipsing_binary
1391.3887885040185,1.0003879,0.00047268334,3815360,eclipsing_binary
1391.3901773844304,0.99934447,0.00047249638,3815360,eclipsing_binary
1391.3915662648421,1.000031,0.00047255395,3815360,eclipsing_binary
1391.3929551452532,1.0002118,0.000472628,3815360,eclipsing_binary
1391.3943440256649,1.0000317,0.00047256704,3815360,eclipsing_binary
1391.3957329065424,0.99984264,0.00047265494,3815360,eclipsing_binary
1391.3971217869534,0.99968916,0.00047257906,3815360,eclipsing_binary
1391.3985106673654,1.0003569,0.00047267458,3815360,eclipsing_binary
1391.399899547777,1.000083,0.00047275412,3815360,eclipsing_binary
1391.4012884281883,1.0000504,0.00047265997,3815360,eclipsing_binary
1391.4026773086,0.999856,0.00047268768,3815360,eclipsing_binary
1391.4040661894774,0.99994075,0.00047266518,3815360,eclipsing_binary
1391.4054550698884,0.9995762,0.000472533,3815360,eclipsing_binary
1391.4068439503003,1.0004323,0.00047274365,3815360,eclipsing_binary
1391.408232830712,1.0003979,0.00047262985,3815360,eclipsing_binary
1391.4096217111232,0.9994155,0.0004724794,3815360,eclipsing_binary
1391.4110105915343,1.0001987,0.00047271576,3815360,eclipsing_binary
1391.4123994719462,0.99962306,0.00047252473,3815360,eclipsing_binary
1391.4137883528235,1.0003765,0.00047260866,3815360,eclipsing_binary
1391.4151772332345,0.9993686,0.0004726126,3815360,eclipsing_binary
1391.4165661136462,0.9998367,0.0004727186,3815360,eclipsing_binary
1391.4179549940575,1.0006045,0.00047275942,3815360,eclipsing_binary
1391.4193438744678,0.9992044,0.00047236483,3815360,eclipsing_binary
1391.4207327548797,0.99928117,0.00047254155,3815360,eclipsing_binary
1391.4221216352914,1.0000498,0.0004725864,3815360,eclipsing_binary
1391.4235105157024,0.9990053,0.0004723505,3815360,eclipsing_binary
1391.4248993961141,0.99903107,0.00047237653,3815360,eclipsing_binary
1391.426288276526,0.9993718,0.00047247973,3815360,eclipsing_binary
1391.427677156937,0.9986263,0.00047225383,3815360,eclipsing_binary
1391.4290660378147,0.99953157,0.00047260185,3815360,eclipsing_binary
1391.4304549182264,0.9993995,0.00047253424,3815360,eclipsing_binary
1391.4318437986376,0.9983647,0.00047245072,3815360,eclipsing_binary
1391.4332326790493,0.99978054,0.00047257968,3815360,eclipsing_binary
1391.434621559461,0.999015,0.00047245188,3815360,eclipsing_binary
1391.4360104398722,1.0003444,0.00047263014,3815360,eclipsing_binary
1391.437399320284,1.000864,0.000472802,3815360,eclipsing_binary
1391.4387882006959,0.99942887,0.00047260482,3815360,eclipsing_binary
1391.4401770811069,0.99981827,0.00047265753,3815360,eclipsing_binary
1391.4415659615186,1.00027,0.00047276414,3815360,eclipsing_binary
1391.4429548419303,0.99919015,0.00047242662,3815360,eclipsing_binary
1391.4443437223415,0.9997196,0.00047242502,3815360,eclipsing_binary
1391.4457326027532,0.9996291,0.00047260697,3815360,eclipsing_binary
1391.4471214831651,0.9986891,0.00047231503,3815360,eclipsing_binary
1391.4485103635761,0.9990805,0.00047241466,3815360,eclipsing_binary
1391.449899243988,0.99928755,0.0004725502,3815360,eclipsing_binary
1391.4512881243998,0.99965906,0.00047254347,3815360,eclipsing_binary
1391.4526770048108,1.0003258,0.00047255078,3815360,eclipsing_binary
1391.454065885222,0.9993533,0.0004724959,3815360,eclipsing_binary
1391.4554547656337,1.0000393,0.00047256332,3815360,eclipsing_binary
1391.4568436460454,0.99890673,0.0004724483,3815360,eclipsing_binary
1391.4582325264564,0.9990017,0.00047254117,3815360,eclipsing_binary
1391.4596214068683,1.0004233,0.0004726992,3815360,eclipsing_binary
1391.4610102868137,1.0004015,0.0004727067,3815360,eclipsing_binary
1391.4623991672242,0.9997035,0.0004725558,3815360,eclipsing_binary
1391.463788047636,1.0005275,0.0004727262,3815360,eclipsing_binary
1391.4651769280476,1.0004629,0.00047273107,3815360,eclipsing_binary
1391.4665658084589,0.99928594,0.0004726414,3815360,eclipsing_binary
1391.4679546888706,0.99949586,0.00047245238,3815360,eclipsing_binary
1391.4693435692825,1.0001432,0.00047261073,3815360,eclipsing_binary
1391.4707324496935,0.9996973,0.00047253346,3815360,eclipsing_binary
1391.4721213301054,0.9996148,0.0004725822,3815360,eclipsing_binary
1391.4735102105171,1.0002264,0.0004727248,3815360,eclipsing_binary
1391.4748990909281,1.0002834,0.00047260843,3815360,eclipsing_binary
1391.4762879708742,0.9999858,0.0004725102,3815360,eclipsing_binary
1391.477676851286,0.9996789,0.0004725125,3815360,eclipsing_binary
1391.4790657316971,0.9996676,0.00047251835,3815360,eclipsing_binary
1391.480454612109,0.99916714,0.00047225403,3815360,eclipsing_binary
1391.4818434925207,0.9998587,0.00047256603,3815360,eclipsing_binary
1391.483232372932,0.9991107,0.00047239073,3815360,eclipsing_binary
1391.4846212533437,1.0001473,0.0004724951,3815360,eclipsing_binary
1391.4860101337554,0.99916196,0.00047236896,3815360,eclipsing_binary
1391.4873990137007,0.99946535,0.0004724136,3815360,eclipsing_binary
1391.4887878941126,1.0014207,0.00047281806,3815360,eclipsing_binary
1391.4901767745243,0.99923366,0.00047246527,3815360,eclipsing_binary
1391.4915656549356,1.0004702,0.000472673,3815360,eclipsing_binary
1391.4929545353466,0.99906594,0.0004723919,3815360,eclipsing_binary
1391.4943434152929,0.9992618,0.00047244804,3815360,eclipsing_binary
1391.4957322957046,1.0005862,0.00047268192,3815360,eclipsing_binary
1391.4971211761156,0.99979556,0.00047246806,3815360,eclipsing_binary
1391.4985100565273,0.99940306,0.0004725439,3815360,eclipsing_binary
1391.4998989369392,0.9994838,0.00047244242,3815360,eclipsing_binary
1391.5012878168845,0.99957705,0.00047250936,3815360,eclipsing_binary
1391.5026766972965,0.9996619,0.00047246428,3815360,eclipsing_binary
1391.5040655777075,0.99972814,0.00047264926,3815360,eclipsing_binary
1391.5054544581178,0.99966156,0.000472571,3815360,eclipsing_binary
1391.5068433385295,0.99892044,0.000472322,3815360,eclipsing_binary
1391.5082322184758,1.0003756,0.00047268972,3815360,eclipsing_binary
1391.5096210988868,0.9998517,0.0004725932,3815360,eclipsing_binary
1391.5110099792987,1.000303,0.00047264562,3815360,eclipsing_binary
1391.5123988597104,0.99973065,0.0004725457,3815360,eclipsing_binary
1391.513787739656,0.9999068,0.00047258733,3815360,eclipsing_binary
1391.5151766200677,1.0000621,0.00047257656,3815360,eclipsing_binary
1391.5165655004794,0.9997486,0.000472592,3815360,eclipsing_binary
1391.5179543808904,1.0005314,0.00047268555,3815360,eclipsing_binary
1391.5193432608366,0.999374,0.00047232874,3815360,eclipsing_binary
1391.5207321412486,0.99968183,0.0004726461,3815360,eclipsing_binary
1391.5221210216596,1.0002677,0.0004726742,3815360,eclipsing_binary
1391.5235099016056,0.9998149,0.0004725951,3815360,eclipsing_binary
1391.5248987820173,1.0003588,0.00047265954,3815360,eclipsing_binary
1391.5262876624286,0.99964064,0.00047252091,3815360,eclipsing_binary
1391.5276765423746,0.99926305,0.00047242796,3815360,eclipsing_binary
1391.5290654227865,0.9997551,0.0004725981,3815360,eclipsing_binary
1391.5304543031975,0.99957424,0.00047271783,3815360,eclipsing_binary
1391.5318431836085,0.99914485,0.00047235942,3815360,eclipsing_binary
1391.5332320635548,0.9997721,0.0004724637,3815360,eclipsing_binary
1391.5346209439665,0.9997356,0.00047254117,3815360,eclipsing_binary
1391.5360098243777,0.9993337,0.00047248715,3815360,eclipsing_binary
1391.5373987043238,0.99979895,0.00047252234,3815360,eclipsing_binary
1391.5387875847355,1.0000219,0.00047257176,3815360,eclipsing_binary
1391.5401764646808,0.9994843,0.00047254973,3815360,eclipsing_binary
1391.5415653450927,1.0002505,0.00047271597,3815360,eclipsing_binary
1391.5429542255047,0.99985725,0.00047244458,3815360,eclipsing_binary
1391.54434310545,0.9993513,0.00047243183,3815360,eclipsing_binary
1391.5457319858617,1.0002238,0.0004726366,3815360,eclipsing_binary
1391.547120866273,1.00019,0.00047244123,3815360,eclipsing_binary
1391.5485097462176,1.0005785,0.00047265278,3815360,eclipsing_binary
1391.5512875065756,0.99980414,0.00047243826,3815360,eclipsing_binary
1391.5526763869866,0.9997185,0.00047258052,3815360,eclipsing_binary
1391.5540652673985,1.0008296,0.0004726923,3815360,eclipsing_binary
1391.5554541473446,0.99973303,0.00047272033,3815360,eclipsing_binary
1391.5568430277556,0.99913603,0.00047239652,3815360,eclipsing_binary
1391.5582319077016,0.9995665,0.00047253064,3815360,eclipsing_binary
1391.5596207881135,0.9998352,0.0004725644,3815360,eclipsing_binary
1391.561009668059,0.9993336,0.00047243753,3815360,eclipsing_binary
1391.5623985484708,1.0002414,0.000472561,3815360,eclipsing_binary
1391.5637874288825,1.0004163,0.0004725579,3815360,eclipsing_binary
1391.565176308828,0.99956685,0.00047246396,3815360,eclipsing_binary
1391.5665651892398,1.0003419,0.00047259015,3815360,eclipsing_binary
1391.5679540691858,0.9993048,0.00047245127,3815360,eclipsing_binary
1391.5693429495968,1.0000305,0.00047249513,3815360,eclipsing_binary
1391.5707318295424,0.99910873,0.0004723866,3815360,eclipsing_binary
1391.572120709954,0.99941576,0.0004725285,3815360,eclipsing_binary
1391.5735095899004,0.9995114,0.00047251792,3815360,eclipsing_binary
1391.5748984703114,0.9998967,0.00047246262,3815360,eclipsing_binary
1391.5762873502576,0.9995192,0.00047245517,3815360,eclipsing_binary
1391.5776762306693,0.9993859,0.00047249033,3815360,eclipsing_binary
1391.5790651106147,0.9999577,0.00047251632,3815360,eclipsing_binary
1391.5804539910264,0.99987584,0.00047257426,3815360,eclipsing_binary
1391.5818428709727,0.9990924,0.00047231466,3815360,eclipsing_binary
1391.5832317513837,0.99944496,0.00047247324,3815360,eclipsing_binary
1391.58462063133,1.0004364,0.00047270418,3815360,eclipsing_binary
1391.5860095117416,1.0001605,0.00047258125,3815360,eclipsing_binary
1391.587398391687,1.0005542,0.00047255598,3815360,eclipsing_binary
1391.5887872720987,0.9999698,0.00047256533,3815360,eclipsing_binary
1391.590176152045,0.9996142,0.0004723958,3815360,eclipsing_binary
1391.5915650324555,0.99981517,0.0004725993,3815360,eclipsing_binary
1391.5929539124008,0.99967885,0.00047260674,3815360,eclipsing_binary
1391.5943427923469,1.0000558,0.00047251297,3815360,eclipsing_binary
1391.5957316727581,1.0005163,0.0004727142,3815360,eclipsing_binary
1391.5971205527042,0.9988953,0.00047233302,3815360,eclipsing_binary
1391.5985094331159,1.0004547,0.00047259676,3815360,eclipsing_binary
1391.5998983130612,0.9994615,0.00047253116,3815360,eclipsing_binary
1391.6012871934731,0.99983376,0.00047251867,3815360,eclipsing_binary
1391.6026760734194,0.99976784,0.00047239088,3815360,eclipsing_binary
1391.6040649533647,0.9997726,0.00047255604,3815360,eclipsing_binary
1391.6054538337764,0.9997652,0.00047243555,3815360,eclipsing_binary
1391.6068427137225,0.9996909,0.0004725236,3815360,eclipsing_binary
1391.6082315941337,1.0001358,0.00047262496,3815360,eclipsing_binary
1391.6096204740797,1.000544,0.00047262403,3815360,eclipsing_binary
1391.611009354026,1.0001973,0.00047251245,3815360,eclipsing_binary
1391.612398234437,0.99980634,0.0004725355,3815360,eclipsing_binary
1391.6137871143824,0.99909925,0.00047243858,3815360,eclipsing_binary
1391.6151759943286,0.99986595,0.00047252537,3815360,eclipsing_binary
1391.6165648747403,0.9998882,0.00047263893,3815360,eclipsing_binary
1391.617953754686,1.0006638,0.00047271678,3815360,eclipsing_binary
1391.6193426350976,0.9991721,0.0004723866,3815360,eclipsing_binary
1391.6207315150436,0.99852055,0.00047232173,3815360,eclipsing_binary
1391.622120394989,0.99905217,0.00047226666,3815360,eclipsing_binary
1391.623509275401,0.99960136,0.00047266213,3815360,eclipsing_binary
1391.6248981553472,0.9994469,0.00047244766,3815360,eclipsing_binary
1391.6262870352925,0.9996179,0.00047257342,3815360,eclipsing_binary
1391.6276759157042,0.9995486,0.0004725079,3815360,eclipsing_binary
1391.6290647956503,0.99993855,0.0004725008,3815360,eclipsing_binary
1391.6304536755958,0.99882215,0.00047235974,3815360,eclipsing_binary
1391.6318425555419,0.9992039,0.00047242804,3815360,eclipsing_binary
1391.6332314359538,0.9997667,0.00047251786,3815360,eclipsing_binary
1391.6346203158992,0.9996936,0.0004724957,3815360,eclipsing_binary
1391.6360091958445,1.0008765,0.00047264228,3815360,eclipsing_binary
1391.6373980762557,1.0000643,0.000472537,3815360,eclipsing_binary
1391.638786956201,0.999909,0.00047254955,3815360,eclipsing_binary
1391.6401758361471,0.999754,0.00047251867,3815360,eclipsing_binary
1391.6415647160934,1.0001098,0.00047254737,3815360,eclipsing_binary
1391.6429535965044,0.99987143,0.0004725811,3815360,eclipsing_binary
1391.6443424764507,0.99992424,0.00047256282,3815360,eclipsing_binary
1391.6457313563967,0.99983793,0.00047262933,3815360,eclipsing_binary
1391.647120236342,0.99972975,0.00047247668,3815360,eclipsing_binary
1391.6485091167538,1.000106,0.00047258195,3815360,eclipsing_binary
1391.6498979967,0.9996676,0.00047257272,3815360,eclipsing_binary
1391.6512868766454,0.9985065,0.00047230767,3815360,eclipsing_binary
1391.652675756591,0.9997733,0.0004724288,3815360,eclipsing_binary
1391.6540646370026,0.9988894,0.0004723705,3815360,eclipsing_binary
1391.655453516949,0.99943143,0.00047242796,3815360,eclipsing_binary
1391.6568423968943,1.0001945,0.00047261515,3815360,eclipsing_binary
1391.6582312768403,0.9994508,0.00047242246,3815360,eclipsing_binary
1391.6596201567863,0.9998142,0.00047253154,3815360,eclipsing_binary
1391.6610090371976,0.99970025,0.00047249394,3815360,eclipsing_binary
1391.6623979171436,1.0003856,0.00047261702,3815360,eclipsing_binary
1391.6637867970899,0.99889374,0.00047232298,3815360,eclipsing_binary
1391.6651756770352,1.0000416,0.00047264792,3815360,eclipsing_binary
1391.6665645569815,1.0009248,0.00047263264,3815360,eclipsing_binary
1391.6679534373932,0.9997444,0.00047248515,3815360,eclipsing_binary
1391.6693423173385,0.999372,0.00047240496,3815360,eclipsing_binary
1391.6707311972846,0.9991757,0.00047244597,3815360,eclipsing_binary
1391.6721200772308,0.99992776,0.00047243622,3815360,eclipsing_binary
1391.6735089571762,0.9987901,0.00047217167,3815360,eclipsing_binary
1391.6748978371224,0.99972737,0.00047251087,3815360,eclipsing_binary
1391.6762867170685,0.99934465,0.00047244996,3815360,eclipsing_binary
1391.6776755974797,0.9995736,0.00047247816,3815360,eclipsing_binary
1391.6790644774258,0.9994394,0.00047243736,3815360,eclipsing_binary
1391.680453357371,1.0007985,0.00047271792,3815360,eclipsing_binary
1391.6818422373158,0.9991296,0.00047239944,3815360,eclipsing_binary
1391.683231117262,0.9996894,0.0004724435,3815360,eclipsing_binary
1391.6846199972083,1.0007198,0.00047274923,3815360,eclipsing_binary
1391.6860088771537,0.9991605,0.00047240744,3815360,eclipsing_binary
1391.6873977570997,1.0002633,0.00047259443,3815360,eclipsing_binary
1391.6887866370457,1.0000488,0.00047260063,3815360,eclipsing_binary
1391.690175517457,1.0000222,0.0004725135,3815360,eclipsing_binary
1391.6915643974023,0.99981844,0.00047260782,3815360,eclipsing_binary
1391.6929532773484,0.99927557,0.0004724332,3815360,eclipsing_binary
1391.6943421572946,0.99908274,0.00047223372,3815360,eclipsing_binary
1391.69573103724,1.0002288,0.00047261038,3815360,eclipsing_binary
1391.6971199171862,1.0003326,0.0004725014,3815360,eclipsing_binary
1391.6985087971323,0.9998053,0.00047243087,3815360,eclipsing_binary
1391.6998976770778,1.000399,0.00047255162,3815360,eclipsing_binary
1391.7012865570239,0.9999428,0.00047255805,3815360,eclipsing_binary
1391.70267543697,1.0004308,0.00047260243,3815360,eclipsing_binary
1391.7040643169153,0.9987027,0.00047218124,3815360,eclipsing_binary
1391.7054531968615,0.99967587,0.00047248832,3815360,eclipsing_binary
1391.7068420768078,0.9992902,0.0004724388,3815360,eclipsing_binary
1391.7082309567531,0.99959123,0.00047249976,3815360,eclipsing_binary
1391.7096198366992,0.99965656,0.00047244248,3815360,eclipsing_binary
1391.7110087166452,0.99937856,0.00047250668,3815360,eclipsing_binary
1391.7123975965908,0.9993024,0.0004725393,3815360,eclipsing_binary
1391.7137864765368,1.000289,0.00047258215,3815360,eclipsing_binary
1391.715175356483,0.9990727,0.0004725145,3815360,eclipsing_binary
1391.7165642364284,1.0002682,0.00047257103,3815360,eclipsing_binary
1391.7179531163747,0.9997964,0.00047252557,3815360,eclipsing_binary
1391.7193419963207,0.99913955,0.00047248768,3815360,eclipsing_binary
1391.720730876266,1.0002133,0.00047252284,3815360,eclipsing_binary
1391.7221197562121,0.99998873,0.0004724694,3815360,eclipsing_binary
1391.7235086361584,1.0000473,0.00047255025,3815360,eclipsing_binary
1391.7248975161037,0.9994869,0.0004723832,3815360,eclipsing_binary
1391.726286396049,0.9997832,0.00047247828,3815360,eclipsing_binary
1391.7276752759947,1.0008163,0.00047271015,3815360,eclipsing_binary
1391.72906415594,0.9998026,0.0004724578,3815360,eclipsing_binary
1391.730453035886,0.99978614,0.00047248162,3815360,eclipsing_binary
1391.7318419158323,0.9996537,0.00047247874,3815360,eclipsing_binary
1391.7332307957777,0.99997014,0.00047246713,3815360,eclipsing_binary
1391.7346196757233,0.9996731,0.00047254207,3815360,eclipsing_binary
1391.7360085556693,1.0007478,0.00047256527,3815360,eclipsing_binary
1391.7373974356155,0.9997681,0.00047250802,3815360,eclipsing_binary
1391.738786315561,1.000771,0.00047274426,3815360,eclipsing_binary
1391.7401751950413,1.0005941,0.00047266512,3815360,eclipsing_binary
1391.7415640749873,1.0006399,0.00047261154,3815360,eclipsing_binary
1391.742952954933,0.9998254,0.00047255945,3815360,eclipsing_binary
1391.744341834879,0.99925464,0.00047246384,3815360,eclipsing_binary
1391.7457307148252,0.9989705,0.00047232956,3815360,eclipsing_binary
1391.7471195947705,1.0000964,0.00047241643,3815360,eclipsing_binary
1391.7485084747168,1.0001076,0.00047256314,3815360,eclipsing_binary
1391.7498973546628,1.0007555,0.00047264542,3815360,eclipsing_binary
1391.7512862341425,0.99912864,0.00047248334,3815360,eclipsing_binary
1391.7526751140886,0.9999185,0.00047247467,3815360,eclipsing_binary
1391.7540639940348,0.9992535,0.00047256862,3815360,eclipsing_binary
1391.7554528739802,1.000483,0.0004728446,3815360,eclipsing_binary
1391.7568417539264,1.0004075,0.0004726926,3815360,eclipsing_binary
1391.7582306338725,0.9997547,0.00047253235,3815360,eclipsing_binary
1391.759619513818,1.0001535,0.00047254429,3815360,eclipsing_binary
1391.7610083932984,0.9995906,0.0004724897,3815360,eclipsing_binary
1391.7623972732445,0.9997703,0.00047244405,3815360,eclipsing_binary
1391.7637861531898,0.99994,0.00047255307,3815360,eclipsing_binary
1391.765175033136,1.0006489,0.00047255098,3815360,eclipsing_binary
1391.7665639130823,0.9988658,0.00047231233,3815360,eclipsing_binary
1391.7679527930277,1.0000786,0.00047248096,3815360,eclipsing_binary
1391.769341672508,0.9998211,0.00047245255,3815360,eclipsing_binary
1391.770730552454,0.99898046,0.00047223002,3815360,eclipsing_binary
1391.772119432399,1.0000674,0.00047252944,3815360,eclipsing_binary
1391.7735083123437,0.99910665,0.0004723747,3815360,eclipsing_binary
1391.774897191824,1.0000424,0.0004725245,3815360,eclipsing_binary
1391.7762860717703,0.999778,0.0004723844,3815360,eclipsing_binary
1391.7776749517157,0.99946815,0.0004725257,3815360,eclipsing_binary
1391.779063831662,1.0005213,0.0004725245,3815360,eclipsing_binary
1391.780452711608,1.0004705,0.00047271632,3815360,eclipsing_binary
1391.7818415910879,0.9996209,0.0004723835,3815360,eclipsing_binary
1391.783230471034,1.0007502,0.0004725775,3815360,eclipsing_binary
1391.78461935098,1.0009174,0.0004726635,3815360,eclipsing_binary
1391.7860082309253,1.0003643,0.0004725975,3815360,eclipsing_binary
1391.787397110406,1.0000366,0.0004725274,3815360,eclipsing_binary
1391.788785990352,0.99973506,0.00047247554,3815360,eclipsing_binary
1391.7901748702975,0.9999814,0.00047247938,3815360,eclipsing_binary
1391.7915637497779,1.0002023,0.00047249318,3815360,eclipsing_binary
1391.792952629724,1.0001173,0.00047264658,3815360,eclipsing_binary
1391.7943415096695,0.99902886,0.00047235654,3815360,eclipsing_binary
1391.7957303896155,0.9994672,0.00047231183,3815360,eclipsing_binary
1391.7971192690961,0.999887,0.0004725066,3815360,eclipsing_binary
1391.7985081490415,0.9990658,0.00047236544,3815360,eclipsing_binary
1391.7998970289875,0.99957496,0.0004723586,3815360,eclipsing_binary
1391.801285908468,0.9998041,0.00047249958,3815360,eclipsing_binary
1391.8026747884135,0.9997925,0.0004725157,3815360,eclipsing_binary
1391.80545254784,1.0004934,0.00047268526,3815360,eclipsing_binary
1391.8068414277855,0.9996291,0.00047237327,3815360,eclipsing_binary
1391.8082303077317,0.9996792,0.00047246195,3815360,eclipsing_binary
1391.809619187212,0.9999009,0.00047246707,3815360,eclipsing_binary
1391.8110080671574,1.0004876,0.00047262883,3815360,eclipsing_binary
1391.812396947103,1.000929,0.0004726541,3815360,eclipsing_binary
1391.8137858265834,1.0005317,0.00047252874,3815360,eclipsing_binary
1391.8151747065294,0.99813837,0.00047224434,3815360,eclipsing_binary
1391.816563586475,1.0009143,0.0004725872,3815360,eclipsing_binary
1391.8179524659547,1.0004927,0.0004725424,3815360,eclipsing_binary
1391.8193413459003,1.000752,0.000472641,3815360,eclipsing_binary
1391.823507985272,0.99998,0.0004724956,3815360,eclipsing_binary
1391.824896864752,0.99980295,0.00047240665,3815360,eclipsing_binary
1391.826285744698,0.9998961,0.00047252615,3815360,eclipsing_binary
1391.8276746246443,0.9989632,0.00047230552,3815360,eclipsing_binary
1391.829063504124,0.99952835,0.00047236242,3815360,eclipsing_binary
1391.8304523840702,1.0004667,0.00047274298,3815360,eclipsing_binary
1391.8318412635506,1.0002421,0.00047268588,3815360,eclipsing_binary
1391.833230143496,0.9998737,0.0004725424,3815360,eclipsing_binary
1391.8346190229763,0.99942,0.00047236355,3815360,eclipsing_binary
1391.8360079029226,0.99956566,0.00047249938,3815360,eclipsing_binary
1391.837396782868,0.9992019,0.00047242438,3815360,eclipsing_binary
1391.8387856623485,0.9993935,0.000472421,3815360,eclipsing_binary
1391.8401745422946,0.9989143,0.0004723433,3815360,eclipsing_binary
1391.8415634217745,0.99891996,0.0004723494,3815360,eclipsing_binary
1391.8429523017205,0.99965954,0.00047236728,3815360,eclipsing_binary
1391.844341181201,0.9998983,0.00047254006,3815360,eclipsing_binary
1391.8457300611462,0.999833,0.0004725787,3815360,eclipsing_binary
1391.8471189406268,0.9989143,0.00047234067,3815360,eclipsing_binary
1391.848507820573,0.99945587,0.00047249973,3815360,eclipsing_binary
1391.8498967000528,0.9994035,0.0004725055,3815360,eclipsing_binary
1391.8512855799981,0.9999382,0.00047253753,3815360,eclipsing_binary
1391.8526744594787,0.9995716,0.00047249944,3815360,eclipsing_binary
1391.8540633394248,0.9997604,0.00047248186,3815360,eclipsing_binary
1391.8554522189045,1.0004224,0.00047263465,3815360,eclipsing_binary
1391.8568410988505,0.99950576,0.00047233835,3815360,eclipsing_binary
1391.8596188582765,0.9994152,0.0004723061,3815360,eclipsing_binary
1391.861007737757,0.9996165,0.0004724571,3815360,eclipsing_binary
1391.862396617703,0.9996374,0.00047243107,3815360,eclipsing_binary
1391.863785497182,1.0003184,0.00047260144,3815360,eclipsing_binary
1391.8651743771277,0.9999958,0.00047245433,3815360,eclipsing_binary
1391.866563256608,1.0005391,0.00047259542,3815360,eclipsing_binary
1391.8679521365534,0.9990207,0.0004723173,3815360,eclipsing_binary
1391.869341016034,0.99869955,0.00047227292,3815360,eclipsing_binary
1391.87072989598,0.9998958,0.0004725009,3815360,eclipsing_binary
1391.87211877546,0.99992794,0.00047245846,3815360,eclipsing_binary
1391.8735076549403,0.9994556,0.00047251704,3815360,eclipsing_binary
1391.8748965348864,1.0001501,0.00047258753,3815360,eclipsing_binary
1391.8762854143663,0.99917334,0.00047237554,3815360,eclipsing_binary
1391.8776742943123,1.0001893,0.00047264062,3815360,eclipsing_binary
1391.879063173793,0.9989646,0.00047232487,3815360,eclipsing_binary
1391.8804520532726,0.99939173,0.00047226247,3815360,eclipsing_binary
1391.8818409332187,0.99951285,0.00047237222,3815360,eclipsing_binary
1391.883229812699,0.99988973,0.00047256317,3815360,eclipsing_binary
1391.8846186926446,0.9996167,0.00047241134,3815360,eclipsing_binary
1391.886007572125,0.99925536,0.00047232726,3815360,eclipsing_binary
1391.8873964516056,0.9997091,0.00047242327,3815360,eclipsing_binary
1391.888785331551,0.999893,0.00047255438,3815360,eclipsing_binary
1391.8901742110315,1.0008042,0.00047267324,3815360,eclipsing_binary
1391.8915630909776,1.0006559,0.00047264964,3815360,eclipsing_binary
1391.8929519704573,0.9991117,0.0004723318,3815360,eclipsing_binary
1391.8943408499372,0.9997612,0.00047250793,3815360,eclipsing_binary
1391.8957297298832,0.9996628,0.0004725933,3815360,eclipsing_binary
1391.8971186093636,0.99893534,0.0004722135,3815360,eclipsing_binary
1391.8985074888435,1.0001045,0.0004725393,3815360,eclipsing_binary
1391.8998963687895,0.99942285,0.00047241003,3815360,eclipsing_binary
1391.9012852482701,1.0001694,0.0004725216,3815360,eclipsing_binary
1391.9026741277498,0.9990726,0.00047228928,3815360,eclipsing_binary
1391.9040630076959,1.0002927,0.0004724974,3815360,eclipsing_binary
1391.9054518871762,1.0001364,0.00047251594,3815360,eclipsing_binary
1391.9068407666562,0.99881816,0.0004722686,3815360,eclipsing_binary
1391.9082296466022,0.9999859,0.0004724824,3815360,eclipsing_binary
1391.9096185260828,1.000382,0.00047252802,3815360,eclipsing_binary
1391.9110074055618,0.9995228,0.00047242784,3815360,eclipsing_binary
1391.9123962850417,0.99946356,0.00047228753,3815360,eclipsing_binary
1391.9137851649878,1.0002936,0.00047253293,3815360,eclipsing_binary
1391.9151740444674,1.0005373,0.00047254513,3815360,eclipsing_binary
1391.9165629239478,0.99984896,0.00047233506,3815360,eclipsing_binary
1391.917951803894,0.9999924,0.00047251346,3815360,eclipsing_binary
1391.9193406833738,0.9998874,0.00047246242,3815360,eclipsing_binary
1391.9207295628544,0.9996963,0.0004724358,3815360,eclipsing_binary
1391.9221184423347,1.0001199,0.0004724913,3815360,eclipsing_binary
1391.9235073222803,0.99930423,0.0004722679,3815360,eclipsing_binary
1391.9248962017607,0.99999183,0.00047243666,3815360,eclipsing_binary
1391.926285081241,0.99919873,0.0004724227,3815360,eclipsing_binary
1391.9276739607208,0.999779,0.00047238654,3815360,eclipsing_binary
1391.929062840667,0.99903774,0.00047225578,3815360,eclipsing_binary
1391.9304517201474,0.9995104,0.0004723828,3815360,eclipsing_binary
1391.9318405996273,0.99970126,0.00047231923,3815360,eclipsing_binary
1391.933229479107,1.0000443,0.000472476,3815360,eclipsing_binary
1391.9346183590533,1.0004466,0.00047249426,3815360,eclipsing_binary
1391.9360072385336,0.99950963,0.00047245418,3815360,eclipsing_binary
1391.9373961180133,0.9993089,0.000472269,3815360,eclipsing_binary
1391.9387849974937,1.0002095,0.00047238354,3815360,eclipsing_binary
1391.9401738769743,0.99884945,0.00047225616,3815360,eclipsing_binary
1391.9415627569197,1.0001761,0.0004725386,3815360,eclipsing_binary
1391.9429516364003,1.0000441,0.00047249405,3815360,eclipsing_binary
1391.9443405158806,1.0007765,0.00047257703,3815360,eclipsing_binary
1391.9457293953606,0.99948204,0.00047243686,3815360,eclipsing_binary
1391.947118274841,0.99950814,0.0004723439,3815360,eclipsing_binary
1391.9485071543213,0.9995351,0.00047244714,3815360,eclipsing_binary
1391.9498960342667,1.0002578,0.00047251114,3815360,eclipsing_binary
1391.9512849137473,1.0004737,0.00047248584,3815360,eclipsing_binary
1391.9526737932276,1.000912,0.00047269673,3815360,eclipsing_binary
1391.9540626727076,0.99979305,0.00047239522,3815360,eclipsing_binary
1391.955451552188,0.99993557,0.00047252714,3815360,eclipsing_binary
1391.9568404316683,1.0001817,0.00047252423,3815360,eclipsing_binary
1391.9582293116132,0.99998385,0.0004725257,3815360,eclipsing_binary
1391.9596181910929,1.0000091,0.0004724547,3815360,eclipsing_binary
1391.9610070705735,0.9999809,0.00047238576,3815360,eclipsing_binary
1391.9623959500532,0.99969,0.00047248357,3815360,eclipsing_binary
1391.9637848295336,0.9995424,0.0004724301,3815360,eclipsing_binary
1391.965173709014,0.9996466,0.0004723942,3815360,eclipsing_binary
1391.9665625884938,0.9992655,0.00047235837,3815360,eclipsing_binary
1391.9679514679742,0.9998666,0.0004724623,3815360,eclipsing_binary
1391.9693403474548,1.0004032,0.0004726519,3815360,eclipsing_binary
1391.9707292274002,1.0002494,0.00047252467,3815360,eclipsing_binary
1391.9721181068799,0.9995042,0.00047246253,3815360,eclipsing_binary
1391.9735069863605,0.99934024,0.00047240374,3815360,eclipsing_binary
1391.9748958658408,1.0000664,0.0004726257,3815360,eclipsing_binary
1391.9762847453208,0.999981,0.0004724723,3815360,eclipsing_binary
1391.9776736248011,0.9990317,0.00047224542,3815360,eclipsing_binary
1391.9790625042815,1.0004487,0.00047253404,3815360,eclipsing_binary
1391.9804513837614,0.99994004,0.00047246818,3815360,eclipsing_binary
1391.9818402632418,0.99991083,0.00047256812,3815360,eclipsing_binary
1391.9832291427224,1.0003338,0.00047255622,3815360,eclipsing_binary
1391.984618022202,0.99974424,0.00047244312,3815360,eclipsing_binary
1391.9860069016825,0.9997595,0.00047234763,3815360,eclipsing_binary
1391.9873957811628,1.000244,0.00047259315,3815360,eclipsing_binary
1391.9887846606428,0.9991755,0.00047234294,3815360,eclipsing_binary
1391.9901735401231,0.99978566,0.00047227947,3815360,eclipsing_binary
1391.9915624196037,1.0001764,0.00047258273,3815360,eclipsing_binary
1391.9929512990834,0.9995759,0.00047245622,3815360,eclipsing_binary
1391.994340178564,1.0001755,0.0004724929,3815360,eclipsing_binary
1391.9957290580444,1.000372,0.00047245141,3815360,eclipsing_binary
1391.997117937524,0.9998994,0.00047248096,3815360,eclipsing_binary
1391.9985068170045,0.99872625,0.00047234306,3815360,eclipsing_binary
1391.999895696485,0.9997124,0.0004724123,3815360,eclipsing_binary
1392.0012845759647,1.0001992,0.0004724836,3815360,eclipsing_binary
1392.0026734554453,1.0001533,0.0004724583,3815360,eclipsing_binary
1392.0040623349257,0.99979347,0.0004724554,3815360,eclipsing_binary
1392.0054512144047,0.9998372,0.00047244542,3815360,eclipsing_binary
1392.0068400938846,0.99932694,0.0004723385,3815360,eclipsing_binary
1392.008228973365,0.9992165,0.0004723037,3815360,eclipsing_binary
1392.0096178528447,1.000032,0.00047244647,3815360,eclipsing_binary
1392.0110067323253,0.99956024,0.0004722969,3815360,eclipsing_binary
1392.0123956118057,0.9998653,0.00047240712,3815360,eclipsing_binary
1392.0137844912856,0.99986607,0.00047245264,3815360,eclipsing_binary
1392.0151733707653,0.9992056,0.00047231716,3815360,eclipsing_binary
1392.016562250246,1.0000887,0.0004724584,3815360,eclipsing_binary
1392.0179511297263,0.9995755,0.00047241503,3815360,eclipsing_binary
1392.019340009206,0.99971366,0.0004725039,3815360,eclipsing_binary
1392.0207288886863,0.99974054,0.0004722796,3815360,eclipsing_binary
1392.022117768167,1.0004674,0.0004724906,3815360,eclipsing_binary
1392.0235066476466,0.9994017,0.00047229152,3815360,eclipsing_binary
1392.0248955266616,1.0009366,0.00047259493,3815360,eclipsing_binary
1392.026284406142,0.99934685,0.00047229478,3815360,eclipsing_binary
1392.0276732856219,0.9999266,0.0004724979,3815360,eclipsing_binary
1392.0290621651022,0.9998583,0.0004725074,3815360,eclipsing_binary
1392.0304510445826,0.9990017,0.00047240636,3815360,eclipsing_binary
1392.0318399240623,0.99939483,0.0004722879,3815360,eclipsing_binary
1392.033228803543,0.99968797,0.00047237365,3815360,eclipsing_binary
1392.0346176830233,0.99970555,0.00047235243,3815360,eclipsing_binary
1392.0360065625032,0.9990679,0.00047232595,3815360,eclipsing_binary
1392.037395441518,0.99831015,0.0004722155,3815360,eclipsing_binary
1392.0387843209983,0.99941105,0.0004723877,3815360,eclipsing_binary
1392.0401732004782,1.0007151,0.0004726211,3815360,eclipsing_binary
1392.0415620799586,0.99949217,0.00047241134,3815360,eclipsing_binary
1392.0429509594392,1.0001807,0.000472477,3815360,eclipsing_binary
1392.0443398389189,0.998998,0.0004722117,3815360,eclipsing_binary
1392.0457287179336,0.9994319,0.00047220266,3815360,eclipsing_binary
1392.047117597414,0.9997266,0.0004723596,3815360,eclipsing_binary
1392.0485064768939,1.0010281,0.00047256515,3815360,eclipsing_binary
1392.0498953563742,1.0007658,0.00047264047,3815360,eclipsing_binary
1392.0512842358548,1.0004784,0.00047252118,3815360,eclipsing_binary
1392.0526731153338,1.0001476,0.00047251413,3815360,eclipsing_binary
1392.0540619943472,0.99983466,0.00047247202,3815360,eclipsing_binary
1392.0554508738278,0.9995874,0.00047231943,3815360,eclipsing_binary
1392.0568397533082,0.99965274,0.00047227426,3815360,eclipsing_binary
1392.058228632788,0.9998887,0.00047247854,3815360,eclipsing_binary
1392.0596175122685,1.0005611,0.00047256573,3815360,eclipsing_binary
1392.0610063912832,1.0000875,0.00047241134,3815360,eclipsing_binary
1392.0623952707629,1.000035,0.00047238384,3815360,eclipsing_binary
1392.0637841502435,1.0001416,0.00047246038,3815360,eclipsing_binary
1392.065173029724,0.99998665,0.000472476,3815360,eclipsing_binary
1392.066561908738,1.0001849,0.00047255086,3815360,eclipsing_binary
1392.0679507882185,0.999584,0.0004722383,3815360,eclipsing_binary
1392.0693396676988,1.0006725,0.00047264458,3815360,eclipsing_binary
1392.0707285471788,0.99898493,0.00047225817,3815360,eclipsing_binary
1392.0721174261935,1.000119,0.00047248523,3815360,eclipsing_binary
1392.073506305674,0.99967945,0.00047229909,3815360,eclipsing_binary
1392.0748951851538,1.0005077,0.00047255142,3815360,eclipsing_binary
1392.0762840646344,1.0000567,0.00047254574,3815360,eclipsing_binary
1392.077672943649,0.99983275,0.00047234102,3815360,eclipsing_binary
1392.0790618231288,0.99995077,0.0004724407,3815360,eclipsing_binary
1392.0804507026091,1.0000633,0.00047245302,3815360,eclipsing_binary
1392.0818395820897,0.99942803,0.00047223916,3815360,eclipsing_binary
1392.0832284611038,1.0004299,0.00047247022,3815360,eclipsing_binary
1392.0846173405844,1.0004086,0.00047217042,3815360,eclipsing_binary
1392.0860062200647,0.99945563,0.00047230776,3815360,eclipsing_binary
1392.087395099079,0.9998083,0.0004723612,3815360,eclipsing_binary
1392.0887839785594,0.99963766,0.00047237627,3815360,eclipsing_binary
1392.0901728580398,0.999644,0.00047246006,3815360,eclipsing_binary
1392.0915617370538,1.0000736,0.00047252356,3815360,eclipsing_binary
1392.0929506165337,1.0002515,0.00047240616,3815360,eclipsing_binary
1392.094339496014,0.9996511,0.00047252307,3815360,eclipsing_binary
1392.095728375029,1.0007516,0.0004723951,3815360,eclipsing_binary
1392.0971172545087,0.99995214,0.00047239993,3815360,eclipsing_binary
1392.0985061339893,0.99961567,0.0004724195,3815360,eclipsing_binary
1392.099895013004,0.9987734,0.00047220802,3815360,eclipsing_binary
1392.101283892483,0.99921775,0.00047232595,3815360,eclipsing_binary
1392.1026727719627,1.0003873,0.00047252857,3815360,eclipsing_binary
1392.1040616509777,0.999833,0.000472436,3815360,eclipsing_binary
1392.1054505304573,0.9999487,0.00047233608,3815360,eclipsing_binary
1392.106839409938,1.0003262,0.0004723686,3815360,eclipsing_binary
1392.1082282889527,0.9991348,0.00047225656,3815360,eclipsing_binary
1392.1096171684324,1.0002762,0.0004723382,3815360,eclipsing_binary
1392.111006047447,1.0003413,0.00047256477,3815360,eclipsing_binary
1392.1123949269277,0.9998919,0.00047236486,3815360,eclipsing_binary
1392.1137838064074,0.9998595,0.0004725112,3815360,eclipsing_binary
1392.1151726854223,0.9996945,0.00047251355,3815360,eclipsing_binary
1392.1165615649027,0.9997007,0.0004724057,3815360,eclipsing_binary
1392.117950443917,1.0003409,0.0004725744,3815360,eclipsing_binary
1392.1193393233973,1.0002857,0.00047240386,3815360,eclipsing_binary
1392.1207282028777,1.0001879,0.0004725009,3815360,eclipsing_binary
1392.122117081892,1.0003512,0.00047251515,3815360,eclipsing_binary
1392.1235059613723,0.9990653,0.00047220156,3815360,eclipsing_binary
1392.1248948403872,0.999375,0.00047234874,3815360,eclipsing_binary
1392.126283719867,0.9989127,0.0004722583,3815360,eclipsing_binary
1392.1276725993473,0.999326,0.00047212007,3815360,eclipsing_binary
1392.129061478362,1.0003798,0.00047245392,3815360,eclipsing_binary
1392.130450357842,0.99966574,0.00047241058,3815360,eclipsing_binary
1392.131839236856,1.0004864,0.0004724988,3815360,eclipsing_binary
1392.1332281163363,0.9991513,0.00047230173,3815360,eclipsing_binary
1392.1346169953513,1.0006895,0.0004725365,3815360,eclipsing_binary
1392.136005874831,0.9991753,0.0004722601,3815360,eclipsing_binary
1392.137394753846,0.99965054,0.00047244807,3815360,eclipsing_binary
1392.1387836333263,0.9995084,0.00047229478,3815360,eclipsing_binary
1392.1401725123405,0.99961996,0.00047239126,3815360,eclipsing_binary
1392.141561391821,1.0000619,0.00047252726,3815360,eclipsing_binary
1392.1429502708356,0.9997793,0.00047230345,3815360,eclipsing_binary
1392.1443391503153,0.9997592,0.00047248008,3815360,eclipsing_binary
1392.1457280293303,0.9996155,0.00047245118,3815360,eclipsing_binary
1392.1471169088109,0.99988437,0.0004722927,3815360,eclipsing_binary
1392.148505787825,1.0003407,0.0004725751,3815360,eclipsing_binary
1392.1498946673053,1.0003138,0.0004723907,3815360,eclipsing_binary
1392.1526724257985,0.99955994,0.00047233645,3815360,eclipsing_binary
1392.1540613048132,0.99929565,0.00047231116,3815360,eclipsing_binary
1392.1554501842938,1.0001127,0.00047244228,3815360,eclipsing_binary
1392.1568390633079,0.99963814,0.0004723127,3815360,eclipsing_binary
1392.1582279427885,0.99949694,0.00047224874,3815360,eclipsing_binary
1392.1596168218032,0.999892,0.00047240418,3815360,eclipsing_binary
1392.1610057012829,1.0000805,0.00047248154,3815360,eclipsing_binary
1392.1623945802976,0.9991132,0.00047223107,3815360,eclipsing_binary
1392.1637834593125,1.0002896,0.00047248745,3815360,eclipsing_binary
1392.1651723387922,0.99952096,0.00047231233,3815360,eclipsing_binary
1392.1665612178072,0.99928325,0.00047229175,3815360,eclipsing_binary
1392.1679500972875,0.99964875,0.00047224254,3815360,eclipsing_binary
1392.1693389763018,1.0001715,0.0004724105,3815360,eclipsing_binary
1392.1707278557822,0.9998582,0.00047242062,3815360,eclipsing_binary
1392.1721167347969,1.0002956,0.00047251658,3815360,eclipsing_binary
1392.173505613811,1.0005054,0.00047247583,3815360,eclipsing_binary
1392.1748944932908,1.0002786,0.00047245223,3815360,eclipsing_binary
1392.1762833723055,1.0000478,0.00047243224,3815360,eclipsing_binary
1392.1776722517861,1.000495,0.00047257968,3815360,eclipsing_binary
1392.1790611308002,0.99937636,0.0004722507,3815360,eclipsing_binary
1392.180450009815,1.0001286,0.0004725128,3815360,eclipsing_binary
1392.1818388892955,0.9995545,0.00047225066,3815360,eclipsing_binary
1392.1832277683095,0.99978596,0.00047249565,3815360,eclipsing_binary
1392.1846166477899,0.99979895,0.0004723918,3815360,eclipsing_binary
1392.1860055268048,0.99953735,0.00047227298,3815360,eclipsing_binary
1392.1873944058188,0.99920934,0.00047231992,3815360,eclipsing_binary
1392.1887832852995,0.9992264,0.00047231014,3815360,eclipsing_binary
1392.1901721643142,0.9996919,0.0004723841,3815360,eclipsing_binary
1392.1915610433284,0.99903923,0.0004722413,3815360,eclipsing_binary
1392.1929499228088,0.99974203,0.00047226113,3815360,eclipsing_binary
1392.1943388018235,0.9996524,0.00047231032,3815360,eclipsing_binary
1392.1957276808375,0.99947536,0.0004722695,3815360,eclipsing_binary
1392.1971165603181,1.0000712,0.00047247743,3815360,eclipsing_binary
1392.1985054393328,0.9998678,0.00047230162,3815360,eclipsing_binary
1392.1998943183462,1.0000144,0.0004724983,3815360,eclipsing_binary
1392.2012831978261,0.99993455,0.0004723692,3815360,eclipsing_binary
1392.2026720768408,1.000291,0.00047251387,3815360,eclipsing_binary
1392.2040609558549,1.000373,0.00047254429,3815360,eclipsing_binary
1392.2054498353355,0.9992608,0.00047227417,3815360,eclipsing_binary
1392.2068387143504,0.99948496,0.0004722601,3815360,eclipsing_binary
1392.2082275933644,0.9991368,0.0004722742,3815360,eclipsing_binary
1392.2096164723791,1.0004957,0.00047272936,3815360,eclipsing_binary
1392.2110053518595,0.9988716,0.0004721693,3815360,eclipsing_binary
1392.2123942308738,0.99949664,0.0004723231,3815360,eclipsing_binary
1392.2137831098878,1.0007691,0.0004725172,3815360,eclipsing_binary
1392.2151719893682,0.9999784,0.000472421,3815360,eclipsing_binary
1392.216560868383,0.9999472,0.00047253375,3815360,eclipsing_binary
1392.2179497473971,0.99991137,0.00047236632,3815360,eclipsing_binary
1392.219338626412,1.0002707,0.0004724696,3815360,eclipsing_binary
1392.2207275058925,0.9999242,0.00047239728,3815360,eclipsing_binary
1392.2221163849067,1.0004069,0.00047262147,3815360,eclipsing_binary
1392.2235052639214,1.0000572,0.00047238977,3815360,eclipsing_binary
1392.2248941429361,0.99955434,0.00047222676,3815360,eclipsing_binary
1392.2262830224158,0.999859,0.00047229623,3815360,eclipsing_binary
1392.2276719014308,0.9998464,0.0004724299,3815360,eclipsing_binary
1392.2304496594597,1.0003271,0.00047246524,3815360,eclipsing_binary
1392.23183853894,0.99973196,0.00047224815,3815360,eclipsing_binary
1392.2332274179548,0.9999708,0.00047249164,3815360,eclipsing_binary
1392.234616296969,1.0004133,0.0004723923,3815360,eclipsing_binary
1392.2360051759838,1.0002193,0.0004724146,3815360,eclipsing_binary
1392.2373940549987,0.999922,0.00047234658,3815360,eclipsing_binary
1392.2387829344784,0.9996599,0.0004724065,3815360,eclipsing_binary
1392.2401718134934,1.0002896,0.00047236957,3815360,eclipsing_binary
1392.241560692508,0.99946284,0.00047216355,3815360,eclipsing_binary
1392.242949571522,1.0002117,0.00047236783,3815360,eclipsing_binary
1392.2443384505368,0.9998044,0.00047242275,3815360,eclipsing_binary
1392.2457273295518,0.9998627,0.00047236,3815360,eclipsing_binary
1392.2471162090314,0.99946135,0.0004722471,3815360,eclipsing_binary
1392.2485050880464,1.0000947,0.0004724466,3815360,eclipsing_binary
1392.2498939670604,0.9990278,0.00047225648,3815360,eclipsing_binary
1392.2512828460738,1.0004236,0.0004724467,3815360,eclipsing_binary
1392.2540606041027,0.9997687,0.0004723472,3815360,eclipsing_binary
1392.2568383625974,1.0004957,0.00047245223,3815360,eclipsing_binary
1392.258227241612,1.0001,0.00047238468,3815360,eclipsing_binary
1392.261004999641,0.99909854,0.00047227138,3815360,eclipsing_binary
1392.262393878656,1.000307,0.0004724006,3815360,eclipsing_binary
1392.2637827576707,1.0000597,0.00047234152,3815360,eclipsing_binary
1392.2651716366847,1.000707,0.00047259437,3815360,eclipsing_binary
1392.266560516165,0.9993047,0.00047232572,3815360,eclipsing_binary
1392.26794939518,0.9998313,0.00047231943,3815360,eclipsing_binary
1392.269338274194,0.9999805,0.00047236175,3815360,eclipsing_binary
1392.270727153209,1.0010651,0.0004725646,3815360,eclipsing_binary
1392.2762826692674,1.0000026,0.00047244036,3815360,eclipsing_binary
1392.2776715482814,0.99971384,0.00047232164,3815360,eclipsing_binary
1392.2790604272964,0.9994791,0.00047227886,3815360,eclipsing_binary
1392.2846159433548,1.0002408,0.00047253465,3815360,eclipsing_binary
1392.2873937018494,0.9999661,0.00047240418,3815360,eclipsing_binary
1392.2887825808643,0.9999416,0.00047235852,3815360,eclipsing_binary
1392.2901714598784,1.0002208,0.00047237362,3815360,eclipsing_binary
1392.291560338893,0.99990505,0.0004723167,3815360,eclipsing_binary
1392.2929492179078,1.0001266,0.00047236547,3815360,eclipsing_binary
1392.294338096922,0.9997356,0.00047235415,3815360,eclipsing_binary
1392.295726975936,0.9993861,0.00047223864,3815360,eclipsing_binary
1392.2985047339657,1.000055,0.00047239414,3815360,eclipsing_binary
1392.2998936129793,0.99987537,0.00047231404,3815360,eclipsing_binary
1392.3012824919933,0.99985594,0.00047234356,3815360,eclipsing_binary
1392.302671371008,0.9993999,0.00047238643,3815360,eclipsing_binary
1392.3040602500223,1.0007108,0.000472532,3815360,eclipsing_binary
1392.305449129037,0.9999822,0.00047231608,3815360,eclipsing_binary
1392.3068380080517,0.9999255,0.00047250057,3815360,eclipsing_binary
1392.3082268870658,1.0005194,0.00047252493,3815360,eclipsing_binary
1392.3096157660807,0.999797,0.00047222181,3815360,eclipsing_binary
1392.3110046450956,0.9999027,0.00047256533,3815360,eclipsing_binary
1392.3123935241097,0.9995467,0.00047231966,3815360,eclipsing_binary
1392.3137824031244,1.0008825,0.0004724282,3815360,eclipsing_binary
1392.3151712816734,1.0005732,0.00047241958,3815360,eclipsing_binary
1392.3165601606877,1.0004355,0.00047251306,3815360,eclipsing_binary
1392.3179490397024,0.9996812,0.00047229292,3815360,eclipsing_binary
1392.3207267977314,0.9994914,0.0004723074,3815360,eclipsing_binary
1392.3221156767463,0.9999191,0.00047233066,3815360,eclipsing_binary
1392.323504555761,0.9990762,0.00047224862,3815360,eclipsing_binary
1392.324893434775,0.9999964,0.00047220217,3815360,eclipsing_binary
1392.3262823137898,0.99997306,0.0004723833,3815360,eclipsing_binary
1392.3276711928047,1.0005338,0.0004724918,3815360,eclipsing_binary
1392.3290600718187,0.9994523,0.00047225103,3815360,eclipsing_binary
1392.3304489508337,1.0003227,0.0004724207,3815360,eclipsing_binary
1392.333226708397,0.99956584,0.00047219748,3815360,eclipsing_binary
1392.334615587411,0.9997799,0.00047230022,3815360,eclipsing_binary
1392.3360044664257,1.0001119,0.00047249036,3815360,eclipsing_binary
1392.3373933454404,0.99991244,0.0004723947,3815360,eclipsing_binary
1392.3401711034694,0.9998653,0.00047232726,3815360,eclipsing_binary
1392.3415599824843,1.0001891,0.00047225662,3815360,eclipsing_binary
1392.3429488614984,1.0001861,0.00047231268,3815360,eclipsing_binary
1392.3443377400476,0.9991109,0.00047220662,3815360,eclipsing_binary
1392.3457266190624,0.9990391,0.0004722592,3815360,eclipsing_binary
1392.3471154980764,0.99987,0.00047231512,3815360,eclipsing_binary
1392.348504377091,1.0004061,0.0004722182,3815360,eclipsing_binary
1392.349893256106,0.99884623,0.000472087,3815360,eclipsing_binary
1392.3512821351194,1.0001312,0.00047228014,3815360,eclipsing_binary
1392.3526710141336,0.9992084,0.00047220156,3815360,eclipsing_binary
1392.3540598926827,0.99944437,0.00047231797,3815360,eclipsing_binary
1392.3554487716967,1.0001864,0.00047239114,3815360,eclipsing_binary
1392.3568376507114,0.9990461,0.00047213814,3815360,eclipsing_binary
1392.3582265297264,1.0004216,0.00047244367,3815360,eclipsing_binary
1392.3596154087404,0.9995505,0.00047228453,3815360,eclipsing_binary
1392.3610042872897,0.99965936,0.00047220202,3815360,eclipsing_binary
1392.3623931663044,1.0001414,0.00047227312,3815360,eclipsing_binary
1392.3637820453187,1.0003053,0.0004723358,3815360,eclipsing_binary
1392.3651709243334,1.0003517,0.00047231326,3815360,eclipsing_binary
1392.366559803348,1.0006454,0.0004725019,3815360,eclipsing_binary
1392.3679486818965,0.99907595,0.00047223349,3815360,eclipsing_binary
1392.3693375609114,1.0010027,0.00047257874,3815360,eclipsing_binary
1392.3707264399263,0.99969214,0.0004723337,3815360,eclipsing_binary
1392.3721153189404,1.000002,0.0004724285,3815360,eclipsing_binary
1392.3735041974887,1.00002,0.00047222688,3815360,eclipsing_binary
1392.3748930765037,0.99965835,0.00047226058,3815360,eclipsing_binary
1392.3762819555184,0.99998903,0.00047232158,3815360,eclipsing_binary
1392.3776708345324,0.99986255,0.00047232592,3815360,eclipsing_binary
1392.3790597135471,0.99950063,0.00047224728,3815360,eclipsing_binary
1392.3804485920964,0.9996211,0.0004723178,3815360,eclipsing_binary
1392.3818374711104,0.9999294,0.00047225866,3815360,eclipsing_binary
1392.3832263501254,0.9993587,0.00047222097,3815360,eclipsing_binary
1392.3846152286744,1.0002134,0.00047235374,3815360,eclipsing_binary
1392.3860041076887,0.9984105,0.00047201847,3815360,eclipsing_binary
1392.3873929867034,0.9998091,0.00047241768,3815360,eclipsing_binary
1392.388781865718,0.99964505,0.00047226844,3815360,eclipsing_binary
1392.3901707442665,1.0001533,0.000472247,3815360,eclipsing_binary
1392.3915596232814,0.99964154,0.00047233058,3815360,eclipsing_binary
1392.3929485022963,1.0002779,0.0004723801,3815360,eclipsing_binary
1392.3957262598594,1.0006447,0.00047253005,3815360,eclipsing_binary
1392.3971151388741,1.0008508,0.00047250092,3815360,eclipsing_binary
1392.3985040178884,1.0001245,0.00047237595,3815360,eclipsing_binary
1392.4012817754524,1.000408,0.00047238564,3815360,eclipsing_binary
1392.4026706544657,0.9993451,0.00047217685,3815360,eclipsing_binary
1392.4040595330143,0.9995677,0.00047233285,3815360,eclipsing_binary
1392.405448412029,1.0000736,0.00047238485,3815360,eclipsing_binary
1392.406837291043,1.0004264,0.0004725238,3815360,eclipsing_binary
1392.4082261695921,0.9994493,0.00047224382,3815360,eclipsing_binary
1392.409615048607,1.0007774,0.00047248811,3815360,eclipsing_binary
1392.411003927621,0.99955237,0.0004723091,3815360,eclipsing_binary
1392.4123928061695,0.9995006,0.00047227734,3815360,eclipsing_binary
1392.4137816851844,1.0008776,0.0004724839,3815360,eclipsing_binary
1392.4151705641991,0.9998058,0.00047221952,3815360,eclipsing_binary
1392.4165594427477,0.99939305,0.0004722373,3815360,eclipsing_binary
1392.4179483217624,1.000379,0.0004724317,3815360,eclipsing_binary
1392.4193372003115,1.0000081,0.00047233127,3815360,eclipsing_binary
1392.4207260793257,0.9997172,0.00047227208,3815360,eclipsing_binary
1392.4221149583404,0.9999625,0.0004723781,3815360,eclipsing_binary
1392.4235038368897,0.99973255,0.00047231562,3815360,eclipsing_binary
1392.4248927159038,0.99990654,0.0004723374,3815360,eclipsing_binary
1392.4262815949187,1.0005013,0.0004725213,3815360,eclipsing_binary
1392.4276704734677,0.9995938,0.00047223447,3815360,eclipsing_binary
1392.4290593524818,0.9999615,0.00047241198,3815360,eclipsing_binary
1392.4304482310308,0.99997264,0.00047226992,3815360,eclipsing_binary
1392.4318371100458,0.9997943,0.00047229283,3815360,eclipsing_binary
1392.4332259885941,1.0013402,0.00047257834,3815360,eclipsing_binary
1392.434614867609,0.9997028,0.0004722814,3815360,eclipsing_binary
1392.4360037466238,0.9995497,0.00047219227,3815360,eclipsing_binary
1392.4373926251722,0.99945277,0.00047223046,3815360,eclipsing_binary
1392.4387815041869,1.0004936,0.0004723747,3815360,eclipsing_binary
1392.4401703827361,0.9997174,0.00047219088,3815360,eclipsing_binary
1392.4415592617502,0.99952793,0.00047218564,3815360,eclipsing_binary
1392.4429481402994,1.0004226,0.00047248416,3815360,eclipsing_binary
1392.4443370193142,1.0000045,0.00047242243,3815360,eclipsing_binary
1392.4457258983284,0.9995391,0.00047222435,3815360,eclipsing_binary
1392.4471147768775,0.99977076,0.0004722698,3815360,eclipsing_binary
1392.4485036558922,1.0005382,0.0004724677,3815360,eclipsing_binary
1392.4498925344406,1.0001212,0.00047228165,3815360,eclipsing_binary
1392.4512814134555,0.9992423,0.00047223808,3815360,eclipsing_binary
1392.4526702920048,1.0006443,0.0004724766,3815360,eclipsing_binary
1392.4540591710188,0.99935234,0.0004723345,3815360,eclipsing_binary
1392.4554480495665,1.0004079,0.00047250022,3815360,eclipsing_binary
1392.4568369285807,0.99979454,0.00047232327,3815360,eclipsing_binary
1392.4582258071298,0.999771,0.00047232682,3815360,eclipsing_binary
1392.4596146861438,1.0008866,0.00047234603,3815360,eclipsing_binary
1392.4610035646929,1.0005777,0.00047236134,3815360,eclipsing_binary
1392.4623924437078,0.999416,0.0004722483,3815360,eclipsing_binary
1392.4637813222562,0.99918073,0.0004722637,3815360,eclipsing_binary
1392.4651702012711,0.99961394,0.00047227167,3815360,eclipsing_binary
1392.4665590798202,0.9998235,0.00047222566,3815360,eclipsing_binary
1392.4679479588344,0.99992985,0.0004723604,3815360,eclipsing_binary
1392.4693368373835,1.0006429,0.00047260133,3815360,eclipsing_binary
1392.4707257163982,1.0004514,0.00047219044,3815360,eclipsing_binary
1392.4721145949466,0.9999094,0.00047225686,3815360,eclipsing_binary
1392.4735034739615,0.9996893,0.0004722974,3815360,eclipsing_binary
1392.4748923525108,0.9991108,0.00047224454,3815360,eclipsing_binary
1392.4776701100739,0.9997913,0.0004723098,3815360,eclipsing_binary
1392.479058988623,0.9997151,0.00047219495,3815360,eclipsing_binary
1392.4804478676372,1.0000954,0.0004723031,3815360,eclipsing_binary
1392.4818367461862,1.0004207,0.00047247892,3815360,eclipsing_binary
1392.4832256252012,0.9999861,0.00047212982,3815360,eclipsing_binary
1392.4846145037495,0.999542,0.0004723028,3815360,eclipsing_binary
1392.4860033827645,0.9993634,0.000472171,3815360,eclipsing_binary
1392.4873922613135,0.9995681,0.00047216885,3815360,eclipsing_binary
1392.4887811398619,1.0003364,0.00047233238,3815360,eclipsing_binary
1392.4901700188766,0.9994145,0.00047218788,3815360,eclipsing_binary
1392.4915588974259,0.9993894,0.00047231824,3815360,eclipsing_binary
1392.49294777644,0.99970204,0.00047238497,3815360,eclipsing_binary
1392.4943366549883,0.9993592,0.0004721937,3815360,eclipsing_binary
1392.4957255335376,0.99983025,0.0004723971,3815360,eclipsing_binary
1392.4971144125525,0.99980956,0.00047221238,3815360,eclipsing_binary
1392.4985032911009,0.9999728,0.00047233258,3815360,eclipsing_binary
1392.4998921701156,1.0006162,0.00047244315,3815360,eclipsing_binary
1392.5012810486646,1.0005047,0.0004723656,3815360,eclipsing_binary
1392.5026699272132,1.0009598,0.00047242167,3815360,eclipsing_binary
1392.504058806228,0.9994308,0.0004722697,3815360,eclipsing_binary
1392.5054476847772,1.0001236,0.00047227216,3815360,eclipsing_binary
1392.5068365633256,0.99923784,0.00047211212,3815360,eclipsing_binary
1392.5082254423396,0.9994737,0.00047223817,3815360,eclipsing_binary
1392.509614320888,1.0001616,0.00047247272,3815360,eclipsing_binary
1392.5110031994366,0.99901956,0.00047217414,3815360,eclipsing_binary
1392.5123920784513,0.999679,0.00047227344,3815360,eclipsing_binary
1392.5137809570006,0.99872875,0.00047198214,3815360,eclipsing_binary
1392.5151698360146,0.9992796,0.0004721751,3815360,eclipsing_binary
1392.5165587145639,0.99995697,0.00047231375,3815360,eclipsing_binary
1392.517947593113,0.9991604,0.00047220304,3815360,eclipsing_binary
1392.519336472127,1.0004419,0.0004724536,3815360,eclipsing_binary
1392.520725350676,1.0002002,0.00047232356,3815360,eclipsing_binary
1392.5221142292253,1.0000128,0.0004724782,3815360,eclipsing_binary
1392.5235031077736,1.0001731,0.00047249973,3815360,eclipsing_binary
1392.5248919867886,0.9995883,0.0004722371,3815360,eclipsing_binary
1392.5262808653376,1.0003737,0.00047227487,3815360,eclipsing_binary
1392.5276697438862,0.9999215,0.0004723397,3815360,eclipsing_binary
1392.529058622901,0.99897385,0.00047218413,3815360,eclipsing_binary
1392.53044750145,1.0007111,0.0004723596,3815360,eclipsing_binary
1392.5318363799984,0.9995598,0.00047231707,3815360,eclipsing_binary
1392.5332252590126,0.9996133,0.00047226294,3815360,eclipsing_binary
1392.5346141375617,0.99901605,0.00047203878,3815360,eclipsing_binary
1392.536003016111,1.0004791,0.00047232935,3815360,eclipsing_binary
1392.5373918946593,1.0000756,0.00047226707,3815360,eclipsing_binary
1392.5387807736743,0.9997706,0.0004722524,3815360,eclipsing_binary
1392.5401696522233,1.0003889,0.00047225476,3815360,eclipsing_binary
1392.5415585307717,1.0006971,0.00047241038,3815360,eclipsing_binary
1392.5429474093207,1.0009897,0.00047253678,3815360,eclipsing_binary
1392.5443362883357,0.99958956,0.00047228564,3815360,eclipsing_binary
1392.545725166884,0.99996126,0.0004722004,3815360,eclipsing_binary
1392.5471140454333,0.99944484,0.0004720838,3815360,eclipsing_binary
1392.5485029239824,1.0003828,0.0004724582,3815360,eclipsing_binary
1392.5498918029966,0.9997213,0.0004722117,3815360,eclipsing_binary
1392.5512806815457,1.0005513,0.00047246643,3815360,eclipsing_binary
1392.5526695600947,1.0003927,0.0004723709,3815360,eclipsing_binary
1392.554058438643,0.99898666,0.00047213858,3815360,eclipsing_binary
1392.555447317658,1.0002128,0.00047217932,3815360,eclipsing_binary
1392.5568361962073,1.0001916,0.00047222732,3815360,eclipsing_binary
1392.5582250747557,1.0000765,0.00047222638,3815360,eclipsing_binary
1392.5596139533047,0.99977994,0.0004721486,3815360,eclipsing_binary
1392.5610028318533,0.9987936,0.00047207292,3815360,eclipsing_binary
1392.5623917108667,0.9991958,0.0004720528,3815360,eclipsing_binary
1392.5637805894157,1.0002564,0.00047234257,3815360,eclipsing_binary
1392.565169467965,1.0001639,0.0004723904,3815360,eclipsing_binary
1392.5665583465134,0.9993768,0.00047210464,3815360,eclipsing_binary
1392.5679472250627,0.9995997,0.0004721925,3815360,eclipsing_binary
1392.5693361036117,0.9996139,0.00047211628,3815360,eclipsing_binary
1392.5707249826257,0.9995784,0.00047228657,3815360,eclipsing_binary
1392.5721138611748,0.9999386,0.00047228512,3815360,eclipsing_binary
1392.573502739724,0.99956906,0.00047218028,3815360,eclipsing_binary
1392.5748916182724,0.99985313,0.0004721522,3815360,eclipsing_binary
1392.5762804968208,0.9998984,0.00047218238,3815360,eclipsing_binary
1392.57766937537,1.0001035,0.00047231273,3815360,eclipsing_binary
1392.5790582543848,0.999327,0.00047219146,3815360,eclipsing_binary
1392.5804471329334,0.99995023,0.00047225427,3815360,eclipsing_binary
1392.5818360114824,1.0001193,0.00047225575,3815360,eclipsing_binary
1392.5832248900315,1.0001605,0.000472373,3815360,eclipsing_binary
1392.58461376858,1.0000803,0.00047224344,3815360,eclipsing_binary
1392.5860026471291,0.9994826,0.0004721364,3815360,eclipsing_binary
1392.5873915256784,1.0001284,0.00047236044,3815360,eclipsing_binary
1392.5887804046924,1.0004076,0.00047230607,3815360,eclipsing_binary
1392.5901692832417,0.9994197,0.00047213928,3815360,eclipsing_binary
1392.5915581617908,1.0000865,0.000472161,3815360,eclipsing_binary
1392.5929470403391,1.0004145,0.00047232138,3815360,eclipsing_binary
1392.5943359188882,0.9996877,0.00047227836,3815360,eclipsing_binary
1392.5957247974375,0.9993989,0.00047207766,3815360,eclipsing_binary
1392.5971136759858,0.9988759,0.00047197178,3815360,eclipsing_binary
1392.5985025545351,1.000318,0.0004722815,3815360,eclipsing_binary
1392.5998914330842,0.99970645,0.00047219262,3815360,eclipsing_binary
1392.6012803116325,0.99953824,0.0004721149,3815360,eclipsing_binary
1392.6026691906472,0.99999714,0.00047221954,3815360,eclipsing_binary
1392.6040580691965,0.9999003,0.00047203398,3815360,eclipsing_binary
1392.605446947745,0.9994298,0.0004722376,3815360,eclipsing_binary
1392.6068358262942,0.9996911,0.0004721965,3815360,eclipsing_binary
1392.6082247048432,1.0002686,0.0004722206,3815360,eclipsing_binary
1392.6096135833918,0.99944997,0.00047208348,3815360,eclipsing_binary
1392.6110024619409,0.9999252,0.00047224082,3815360,eclipsing_binary
1392.61239134049,0.999395,0.00047210258,3815360,eclipsing_binary
1392.6137802190383,0.99945426,0.00047218835,3815360,eclipsing_binary
1392.6151690975862,0.9999603,0.00047220045,3815360,eclipsing_binary
1392.6165579761346,1.000152,0.00047239522,3815360,eclipsing_binary
1392.6179468546839,0.9997443,0.00047228392,3815360,eclipsing_binary
1392.6193357332322,0.9996615,0.00047232717,3815360,eclipsing_binary
1392.6207246117815,0.9997403,0.00047213765,3815360,eclipsing_binary
1392.6221134903305,1.0013442,0.00047252755,3815360,eclipsing_binary
1392.623502368879,1.000585,0.00047240805,3815360,eclipsing_binary
1392.624891247428,0.99991775,0.00047234917,3815360,eclipsing_binary
1392.6262801259772,1.00008,0.00047221748,3815360,eclipsing_binary
1392.6276690045256,0.99944615,0.00047219265,3815360,eclipsing_binary
1392.629057883075,1.0002909,0.00047233413,3815360,eclipsing_binary
1392.630446761624,1.0002866,0.00047231163,3815360,eclipsing_binary
1392.6318356401725,1.0006621,0.00047233485,3815360,eclipsing_binary
1392.6332245187216,0.99956894,0.00047222097,3815360,eclipsing_binary
1392.6346133972706,1.0001763,0.00047228005,3815360,eclipsing_binary
1392.636002275819,1.0007408,0.0004723272,3815360,eclipsing_binary
1392.6373911543683,1.0005684,0.00047240555,3815360,eclipsing_binary
1392.6387800329176,0.9995428,0.0004722615,3815360,eclipsing_binary
1392.640168911466,0.9988078,0.00047213212,3815360,eclipsing_binary
1392.641557790015,0.9999802,0.00047217798,3815360,eclipsing_binary
1392.642946668564,0.9994105,0.00047218654,3815360,eclipsing_binary
1392.6443355471126,0.9990524,0.00047210604,3815360,eclipsing_binary
1392.6457244256617,0.99943495,0.00047188014,3815360,eclipsing_binary
1392.647113304211,0.9990594,0.00047195662,3815360,eclipsing_binary
1392.6485021827593,0.99985737,0.00047212772,3815360,eclipsing_binary
1392.6498910613086,1.0004295,0.00047227927,3815360,eclipsing_binary
1392.6512799398577,1.0000122,0.00047225764,3815360,eclipsing_binary
1392.652668818406,0.9996259,0.00047230953,3815360,eclipsing_binary
1392.6540576969546,0.9998207,0.00047221043,3815360,eclipsing_binary
1392.6554465755037,0.99944085,0.0004722577,3815360,eclipsing_binary
1392.6568354540527,1.0006808,0.0004723022,3815360,eclipsing_binary
1392.658224332601,0.9995405,0.00047219422,3815360,eclipsing_binary
1392.6596132111504,0.99967116,0.0004720938,3815360,eclipsing_binary
1392.661002089234,1.0001898,0.00047223692,3815360,eclipsing_binary
1392.6623909677824,1.0003469,0.0004721111,3815360,eclipsing_binary
1392.666557603429,1.0004969,0.00047237368,3815360,eclipsing_binary
1392.667946481978,1.0002623,0.00047221335,3815360,eclipsing_binary
1392.6693353605265,1.0002564,0.0004721925,3815360,eclipsing_binary
1392.6707242390744,0.9993428,0.00047212272,3815360,eclipsing_binary
1392.6721131176234,1.0004814,0.00047220915,3815360,eclipsing_binary
1392.6735019957068,1.000181,0.0004722685,3815360,eclipsing_binary
1392.6748908742554,1.0006993,0.00047231547,3815360,eclipsing_binary
1392.6762797528045,0.99972886,0.0004722142,3815360,eclipsing_binary
1392.6776686313538,1.000288,0.00047219204,3815360,eclipsing_binary
1392.6804463884514,1.0005901,0.0004722263,3815360,eclipsing_binary
1392.6818352670005,1.0010539,0.00047231797,3815360,eclipsing_binary
1392.6832241455488,0.9991655,0.0004720541,3815360,eclipsing_binary
1392.6846130236322,0.9999803,0.00047209684,3815360,eclipsing_binary
1392.6860019021815,0.9999038,0.0004721027,3815360,eclipsing_binary
1392.6873907807299,0.99977285,0.00047205228,3815360,eclipsing_binary
1392.6887796592791,0.99964416,0.0004718697,3815360,eclipsing_binary
1392.6901685378282,0.9996155,0.00047222112,3815360,eclipsing_binary
1392.6915574163768,0.99950844,0.00047208756,3815360,eclipsing_binary
1392.6929462944595,0.9997526,0.0004721958,3815360,eclipsing_binary
1392.6943351730085,0.9998454,0.00047220013,3815360,eclipsing_binary
1392.6957240515576,1.0001122,0.00047226963,3815360,eclipsing_binary
1392.6971129301062,0.9998259,0.00047222732,3815360,eclipsing_binary
1392.6985018086552,1.0002643,0.00047228666,3815360,eclipsing_binary
1392.6998906872045,0.9991096,0.0004720961,3815360,eclipsing_binary
1392.7012795652872,1.000282,0.00047241073,3815360,eclipsing_binary
1392.7026684438365,0.99990946,0.00047227266,3815360,eclipsing_binary
1392.7040573223856,1.0001501,0.0004723709,3815360,eclipsing_binary
1392.705446200934,1.0000521,0.00047210604,3815360,eclipsing_binary
1392.7068350790173,1.0011667,0.0004722545,3815360,eclipsing_binary
1392.7082239575666,1.0004776,0.00047224344,3815360,eclipsing_binary
1392.709612836115,1.0007075,0.00047227563,3815360,eclipsing_binary
1392.7110017146642,1.0002799,0.00047220313,3815360,eclipsing_binary
1392.7123905932133,0.999946,0.0004722879,3815360,eclipsing_binary
1392.7137794712962,1.0000491,0.00047205854,3815360,eclipsing_binary
1392.7151683498453,1.0003947,0.00047234184,3815360,eclipsing_binary
1392.7165572283943,0.9999802,0.0004722348,3815360,eclipsing_binary
1392.7179461069427,0.99940085,0.0004721106,3815360,eclipsing_binary
1392.7193349850263,0.99982625,0.00047212836,3815360,eclipsing_binary
1392.7207238635756,0.9999136,0.0004721624,3815360,eclipsing_binary
1392.722112742124,1.0000423,0.00047215653,3815360,eclipsing_binary
1392.723501620673,0.99979615,0.00047212266,3815360,eclipsing_binary
1392.724890498756,0.99999213,0.00047205042,3815360,eclipsing_binary
1392.7262793773036,1.000528,0.0004722407,3815360,eclipsing_binary
1392.7276682558527,1.0002211,0.00047222938,3815360,eclipsing_binary
1392.729057134402,0.99853224,0.0004718808,3815360,eclipsing_binary
1392.7304460124847,1.0009496,0.0004723974,3815360,eclipsing_binary
1392.731834891034,1.0011162,0.0004723983,3815360,eclipsing_binary
1392.733223769583,0.9999881,0.00047199603,3815360,eclipsing_binary
1392.7346126476657,1.0003426,0.00047217656,3815360,eclipsing_binary
1392.7360015262143,0.99996006,0.00047234126,3815360,eclipsing_binary
1392.7373904047633,0.9998662,0.00047222152,3815360,eclipsing_binary
1392.7387792833124,1.0002604,0.00047225127,3815360,eclipsing_binary
1392.740168161395,1.0002104,0.00047226297,3815360,eclipsing_binary
1392.7415570399444,0.9991815,0.00047209545,3815360,eclipsing_binary
1392.7429459184934,1.0005938,0.00047235764,3815360,eclipsing_binary
1392.7443347965764,1.0001172,0.0004723054,3815360,eclipsing_binary
1392.7457236751254,0.999997,0.00047226343,3815360,eclipsing_binary
1392.7471125536745,0.9998336,0.00047225878,3815360,eclipsing_binary
1392.7485014317574,1.0002776,0.00047218252,3815360,eclipsing_binary
1392.7498903103065,1.0006852,0.00047228474,3815360,eclipsing_binary
1392.7512791888557,0.9993715,0.00047207536,3815360,eclipsing_binary
1392.7623902158498,0.99948275,0.00047223622,3815360,eclipsing_binary
1392.7637790943988,1.0000584,0.00047236102,3815360,eclipsing_binary
1392.7651679724815,1.000163,0.00047237528,3815360,eclipsing_binary
1392.7665568510306,0.9996232,0.00047233875,3815360,eclipsing_binary
1392.7679457291142,0.9993738,0.00047224417,3815360,eclipsing_binary
1392.7693346076626,1.0002663,0.0004722763,3815360,eclipsing_binary
1392.7707234862119,1.0006783,0.00047246343,3815360,eclipsing_binary
1392.7721123642953,0.999931,0.00047227374,3815360,eclipsing_binary
1392.7735012428438,0.9992936,0.00047215773,3815360,eclipsing_binary
1392.7748901209266,0.9998386,0.00047225237,3815360,eclipsing_binary
1392.7762789994756,0.99978614,0.00047239268,3815360,eclipsing_binary
1392.7776678780247,0.99951726,0.00047228043,3815360,eclipsing_binary
1392.7790567561076,1.0009134,0.00047258398,3815360,eclipsing_binary
1392.7804456346562,1.0000278,0.0004722384,3815360,eclipsing_binary
1392.781834512739,1.0003505,0.0004723977,3815360,eclipsing_binary
1392.7832233912873,0.99973065,0.00047228084,3815360,eclipsing_binary
1392.7846122698365,1.0001494,0.00047223666,3815360,eclipsing_binary
1392.78600114792,1.000708,0.0004723942,3815360,eclipsing_binary
1392.7873900264683,1.0004431,0.00047237822,3815360,eclipsing_binary
1392.7887789045517,0.9993042,0.00047220616,3815360,eclipsing_binary
1392.790167783101,0.9996151,0.0004722477,3815360,eclipsing_binary
1392.7915566611837,1.0003114,0.00047239414,3815360,eclipsing_binary
1392.792945539733,0.9994,0.0004721099,3815360,eclipsing_binary
1392.794334418282,0.9998431,0.00047226128,3815360,eclipsing_binary
1392.795723296365,1.0002847,0.00047246827,3815360,eclipsing_binary
1392.797112174914,1.0007123,0.00047243774,3815360,eclipsing_binary
1392.7985010529974,0.9995925,0.00047224842,3815360,eclipsing_binary
1392.7998899315457,0.9999819,0.00047225793,3815360,eclipsing_binary
1392.8012788096294,0.9992939,0.0004720688,3815360,eclipsing_binary
1392.8026676881786,0.99944496,0.00047220406,3815360,eclipsing_binary
1392.8040565662614,1.0001903,0.00047227088,3815360,eclipsing_binary
1392.8054454448104,0.9998359,0.00047220773,3815360,eclipsing_binary
1392.8068343228938,0.9995977,0.0004724548,3815360,eclipsing_binary
1392.8082232014424,0.9996362,0.00047226102,3815360,eclipsing_binary
1392.8096120795258,1.000684,0.00047242545,3815360,eclipsing_binary
1392.811000958075,0.9993514,0.00047215252,3815360,eclipsing_binary
1392.8137787147061,1.0001565,0.00047239615,3815360,eclipsing_binary
1392.8151675927897,1.0008193,0.00047255692,3815360,eclipsing_binary
1392.8165564713388,0.99941105,0.00047226052,3815360,eclipsing_binary
1392.8179453494217,1.0004772,0.00047237898,3815360,eclipsing_binary
1392.8193342279708,0.99964374,0.00047227426,3815360,eclipsing_binary
1392.8207231060542,0.9996964,0.0004721776,3815360,eclipsing_binary
1392.8221119846025,0.99990004,0.0004723469,3815360,eclipsing_binary
1392.8235008626862,0.99966884,0.00047225525,3815360,eclipsing_binary
1392.8248897412352,0.99916714,0.00047222656,3815360,eclipsing_binary
1392.8262786193181,1.0000359,0.0004722848,3815360,eclipsing_binary
1392.8276674978672,0.99972767,0.00047235776,3815360,eclipsing_binary
1392.8290563759506,0.99910283,0.00047225636,3815360,eclipsing_binary
1392.8304452544992,0.99991584,0.0004721943,3815360,eclipsing_binary
1392.8318341325826,0.99898833,0.00047210287,3815360,eclipsing_binary
1392.8332230111318,0.99995905,0.0004723322,3815360,eclipsing_binary
1392.8346118892146,0.9998465,0.00047227432,3815360,eclipsing_binary
1392.8360007672982,0.99912626,0.0004721032,3815360,eclipsing_binary
1392.8373896458465,1.0000792,0.00047237493,3815360,eclipsing_binary
1392.8387785239286,1.0004166,0.00047229955,3815360,eclipsing_binary
1392.8401674024776,0.99985164,0.00047236812,3815360,eclipsing_binary
1392.8415562805612,0.9999536,0.00047229757,3815360,eclipsing_binary
1392.8429451591096,0.99931324,0.00047210645,3815360,eclipsing_binary
1392.8443340371932,1.0009533,0.00047246538,3815360,eclipsing_binary
1392.8457229152766,0.99987626,0.0004722311,3815360,eclipsing_binary
1392.847111793825,0.99954855,0.00047218087,3815360,eclipsing_binary
1392.8485006719084,0.9996118,0.00047213293,3815360,eclipsing_binary
1392.8498895504576,0.9997258,0.0004721712,3815360,eclipsing_binary
1392.8512784285404,0.9995483,0.0004721367,3815360,eclipsing_binary
1392.852667306624,0.9998583,0.00047218366,3815360,eclipsing_binary
1392.854056185173,0.9995882,0.00047228974,3815360,eclipsing_binary
1392.855445063256,0.9997659,0.0004723366,3815360,eclipsing_binary
1392.8568339418043,0.99950165,0.00047228346,3815360,eclipsing_binary
1392.8582228198877,0.9996206,0.00047217673,3815360,eclipsing_binary
1392.859611697971,1.0005333,0.00047249565,3815360,eclipsing_binary
1392.8610005765197,1.0001502,0.00047241166,3815360,eclipsing_binary
1392.862389454603,0.99976885,0.00047216847,3815360,eclipsing_binary
1392.8637783331524,1.0007539,0.00047241407,3815360,eclipsing_binary
1392.865167211235,0.999572,0.0004721796,3815360,eclipsing_binary
1392.8665560893187,1.000044,0.0004722897,3815360,eclipsing_binary
1392.8679449678677,1.0005642,0.00047238942,3815360,eclipsing_binary
1392.8693338459505,0.99982125,0.00047229888,3815360,eclipsing_binary
1392.8707227240338,1.000289,0.00047244082,3815360,eclipsing_binary
1392.8721116025831,0.9992475,0.00047216096,3815360,eclipsing_binary
1392.8735004806658,0.99998665,0.00047231803,3815360,eclipsing_binary
1392.8748893587494,0.99992317,0.0004724034,3815360,eclipsing_binary
1392.8762782372985,0.99931574,0.00047223154,3815360,eclipsing_binary
1392.8776671153814,0.99919325,0.000472158,3815360,eclipsing_binary
1392.8790559934648,1.0002744,0.0004724554,3815360,eclipsing_binary
1392.8804448720139,0.99960023,0.00047220796,3815360,eclipsing_binary
1392.8818337500966,0.999882,0.00047216364,3815360,eclipsing_binary
1392.8832226281802,0.999891,0.000472188,3815360,eclipsing_binary
1392.8846115067295,0.99969023,0.00047232053,3815360,eclipsing_binary
1392.8860003848122,0.99873155,0.00047202417,3815360,eclipsing_binary
1392.8873892628956,0.9999217,0.0004722872,3815360,eclipsing_binary
1392.8887781414446,1.0006769,0.0004724862,3815360,eclipsing_binary
1392.8901670195276,0.99975777,0.0004723671,3815360,eclipsing_binary
1392.891555897611,1.0001209,0.0004723747,3815360,eclipsing_binary
1392.8929447761602,0.99970156,0.00047235403,3815360,eclipsing_binary
1392.894333654243,0.9999512,0.00047235916,3815360,eclipsing_binary
1392.895722532325,1.0004153,0.0004723493,3815360,eclipsing_binary
1392.897111410408,0.999929,0.00047242016,3815360,eclipsing_binary
1392.898500288957,1.0002438,0.00047240325,3815360,eclipsing_binary
1392.8998891670399,0.99914473,0.0004721173,3815360,eclipsing_binary
1392.9012780451233,0.99976987,0.0004722568,3815360,eclipsing_binary
1392.9026669236723,1.0001351,0.00047230656,3815360,eclipsing_binary
1392.904055801755,0.9994593,0.00047216148,3815360,eclipsing_binary
1392.9054446798386,1.000852,0.00047247935,3815360,eclipsing_binary
1392.906833557922,0.99979603,0.00047228107,3815360,eclipsing_binary
1392.9082224364706,0.9994952,0.0004721794,3815360,eclipsing_binary
1392.909611314554,0.9995506,0.00047229358,3815360,eclipsing_binary
1392.9110001926374,0.99992913,0.00047234268,3815360,eclipsing_binary
1392.9123890707203,1.0001966,0.00047226824,3815360,eclipsing_binary
1392.9137779492694,1.0004383,0.0004725144,3815360,eclipsing_binary
1392.915166827353,1.0002232,0.00047231567,3815360,eclipsing_binary
1392.9165557054357,1.000081,0.00047232246,3815360,eclipsing_binary
1392.917944583519,0.99960566,0.0004724066,3815360,eclipsing_binary
1392.9193334620682,0.9999505,0.0004722748,3815360,eclipsing_binary
1392.920722340151,0.99900407,0.00047207347,3815360,eclipsing_binary
1392.9221112182345,0.99991363,0.0004724772,3815360,eclipsing_binary
1392.923500096318,1.0006566,0.0004724719,3815360,eclipsing_binary
1392.9248889744008,0.9993676,0.00047221675,3815360,eclipsing_binary
1392.92627785295,1.0002875,0.00047225098,3815360,eclipsing_binary
1392.9276667310335,0.99951935,0.0004721092,3815360,eclipsing_binary
1392.9290556091162,0.9996559,0.00047238712,3815360,eclipsing_binary
1392.9304444871996,0.99948555,0.00047229612,3815360,eclipsing_binary
1392.9318333652832,1.0007844,0.00047245898,3815360,eclipsing_binary
1392.9332222438316,1.0002502,0.00047249295,3815360,eclipsing_binary
1392.9346111219145,1.0004532,0.00047244105,3815360,eclipsing_binary
1392.9359999999979,1.000592,0.0004723705,3815360,eclipsing_binary
1392.9373888780815,1.0007918,0.00047232528,3815360,eclipsing_binary
1392.9387777561642,0.9991911,0.00047212542,3815360,eclipsing_binary
1392.9401666347133,0.9998936,0.0004722007,3815360,eclipsing_binary
1392.9415555127966,0.9996051,0.00047222505,3815360,eclipsing_binary
1392.9429443908796,0.9998605,0.0004722296,3815360,eclipsing_binary
1392.944333268963,0.999664,0.00047220074,3815360,eclipsing_binary
1392.9457221470466,1.0001245,0.00047225764,3815360,eclipsing_binary
1392.9471110251293,0.9999575,0.00047228838,3815360,eclipsing_binary
1392.9484999036786,1.0003122,0.0004724372,3815360,eclipsing_binary
1392.949888781762,1.001015,0.00047252348,3815360,eclipsing_binary
1392.9512776598447,1.0000122,0.00047232717,3815360,eclipsing_binary
1392.952666537928,0.9988977,0.00047227633,3815360,eclipsing_binary
1392.954055416011,0.9998821,0.00047235837,3815360,eclipsing_binary
1392.955444294093,1.000713,0.00047241425,3815360,eclipsing_binary
1392.9568331721766,1.000318,0.00047239728,3815360,eclipsing_binary
1392.9582220507257,1.0001134,0.000472319,3815360,eclipsing_binary
1392.9596109288086,0.9998825,0.0004723397,3815360,eclipsing_binary
1392.960999806892,0.99948925,0.0004721557,3815360,eclipsing_binary
1392.9623886849754,0.9995592,0.00047227534,3815360,eclipsing_binary
1392.963777563058,0.99994355,0.00047236943,3815360,eclipsing_binary
1392.9651664411417,0.9994749,0.00047233605,3815360,eclipsing_binary
1392.9665553192253,0.99894863,0.00047214277,3815360,eclipsing_binary
1392.967944197308,1.000205,0.00047223858,3815360,eclipsing_binary
1392.969333075857,0.99948746,0.0004721111,3815360,eclipsing_binary
1392.9707219539405,1.0003171,0.00047234594,3815360,eclipsing_binary
1392.9721108320234,0.99946463,0.0004723186,3815360,eclipsing_binary
1392.9734997101061,1.0001113,0.00047236893,3815360,eclipsing_binary
1392.9748885881895,1.0005575,0.00047245694,3815360,eclipsing_binary
1392.9762774662731,0.99918073,0.00047234102,3815360,eclipsing_binary
1392.9776663443558,1.0003871,0.00047239076,3815360,eclipsing_binary
1392.9790552224395,0.99978465,0.00047222368,3815360,eclipsing_binary
1392.9804441005228,0.99931043,0.00047211678,3815360,eclipsing_binary
1392.9818329786058,1.0003505,0.00047246745,3815360,eclipsing_binary
1392.9832218571548,0.9997598,0.00047231573,3815360,eclipsing_binary
1392.9846107352382,1.0002329,0.00047239626,3815360,eclipsing_binary
1392.985999613321,0.99995244,0.00047218363,3815360,eclipsing_binary
1392.9873884914045,1.0000414,0.00047225706,3815360,eclipsing_binary
1392.988777369488,0.9994747,0.0004722195,3815360,eclipsing_binary
1392.9901662475709,0.9995034,0.0004722165,3815360,eclipsing_binary
1392.9915551256543,0.99952835,0.00047218066,3815360,eclipsing_binary
1392.9929440037376,1.000486,0.00047246853,3815360,eclipsing_binary
1392.9943328818206,0.9997973,0.00047234254,3815360,eclipsing_binary
1392.995721759904,1.0005916,0.00047232315,3815360,eclipsing_binary
1392.9971106379876,1.0001888,0.0004723996,3815360,eclipsing_binary
1392.9984995160703,0.9996463,0.00047218136,3815360,eclipsing_binary
1392.999888394154,0.9996778,0.00047231116,3815360,eclipsing_binary
1393.0012772722373,0.99917394,0.00047222868,3815360,eclipsing_binary
1393.00266615032,0.9997799,0.00047225572,3815360,eclipsing_binary
1393.0040550284034,0.99939126,0.00047215578,3815360,eclipsing_binary
1393.005443906487,0.99953574,0.000472229,3815360,eclipsing_binary
1393.0068327845697,1.0012789,0.0004725425,3815360,eclipsing_binary
1393.0082216626533,0.999888,0.00047224067,3815360,eclipsing_binary
1393.0096105407367,1.0002892,0.00047234187,3815360,eclipsing_binary
1393.0109994188194,1.0002885,0.00047232816,3815360,eclipsing_binary
1393.0123882969024,0.999248,0.0004721558,3815360,eclipsing_binary
1393.013777174985,1.0004569,0.0004723887,3815360,eclipsing_binary
1393.0151660530678,0.99942994,0.00047229853,3815360,eclipsing_binary
1393.0165549311507,0.9994135,0.0004720909,3815360,eclipsing_binary
1393.017943809234,1.0000174,0.00047234943,3815360,eclipsing_binary
1393.0193326873177,0.9995837,0.00047223904,3815360,eclipsing_binary
1393.0207215654004,0.9997698,0.0004724171,3815360,eclipsing_binary
1393.0221104434838,1.0003121,0.00047233127,3815360,eclipsing_binary
1393.0234993215672,0.9999499,0.00047225296,3815360,eclipsing_binary
1393.0248881996501,1.0008359,0.0004724329,3815360,eclipsing_binary
1393.0262770777335,0.9998271,0.0004723521,3815360,eclipsing_binary
1393.0276659558172,0.9999152,0.00047232944,3815360,eclipsing_binary
1393.0290548338999,0.99908817,0.00047221384,3815360,eclipsing_binary
1393.0304437119835,0.9994882,0.00047229292,3815360,eclipsing_binary
1393.0318325900669,1.0002675,0.00047231594,3815360,eclipsing_binary
1393.0332214681496,0.9993915,0.00047228456,3815360,eclipsing_binary
1393.034610346233,0.9995807,0.0004723155,3815360,eclipsing_binary
1393.0359992243166,1.0007982,0.00047242385,3815360,eclipsing_binary
1393.0373881023993,1.0002016,0.0004723502,3815360,eclipsing_binary
1393.038776980483,1.0000222,0.00047230045,3815360,eclipsing_binary
1393.0401658585663,0.9998451,0.0004722437,3815360,eclipsing_binary
1393.0415547366492,1.0001366,0.00047232836,3815360,eclipsing_binary
1393.0429436147326,0.9998022,0.00047225636,3815360,eclipsing_binary
1393.044332492816,0.99947625,0.0004721467,3815360,eclipsing_binary
1393.0457213708987,0.9995797,0.0004721253,3815360,eclipsing_binary
1393.0471102485167,1.0009512,0.00047238186,3815360,eclipsing_binary
1393.0484991266003,0.998975,0.00047213724,3815360,eclipsing_binary
1393.049888004683,1.0002002,0.0004723536,3815360,eclipsing_binary
1393.0512768827664,0.9996219,0.0004723461,3815360,eclipsing_binary
1393.0526657608498,0.9998425,0.0004723056,3815360,eclipsing_binary
1393.0540546389327,0.99986106,0.00047217702,3815360,eclipsing_binary
1393.0554435170154,1.0004654,0.00047236343,3815360,eclipsing_binary
1393.0568323950988,1.0003034,0.00047243675,3815360,eclipsing_binary
1393.0582212731824,0.999225,0.000472196,3815360,eclipsing_binary
1393.0596101512651,1.0002062,0.00047238005,3815360,eclipsing_binary
1393.0609990293487,1.0001585,0.00047242292,3815360,eclipsing_binary
1393.0623879069665,0.9994998,0.00047225095,3815360,eclipsing_binary
1393.0637767850494,1.0007696,0.0004725143,3815360,eclipsing_binary
1393.0651656631328,0.999355,0.000472262,3815360,eclipsing_binary
1393.0665545412162,0.99902886,0.0004720725,3815360,eclipsing_binary
1393.067943419299,1.0002329,0.00047227708,3815360,eclipsing_binary
1393.0693322973825,0.9988589,0.00047207082,3815360,eclipsing_binary
1393.0707211754661,1.0000598,0.00047256474,3815360,eclipsing_binary
1393.0721100535482,0.9996862,0.00047215685,3815360,eclipsing_binary
1393.0734989311652,1.0000523,0.0004721418,3815360,eclipsing_binary
1393.0748878092486,0.99990416,0.00047242182,3815360,eclipsing_binary
1393.0762766873315,1.0001277,0.0004723849,3815360,eclipsing_binary
1393.077665565415,1.0003083,0.00047243192,3815360,eclipsing_binary
1393.0790544434985,0.9991737,0.00047221422,3815360,eclipsing_binary
1393.0804433215812,0.9994153,0.0004721164,3815360,eclipsing_binary
1393.0818321996646,0.9999026,0.00047223648,3815360,eclipsing_binary
1393.0832210772824,0.99990284,0.00047235301,3815360,eclipsing_binary
1393.0846099553653,0.9999198,0.00047231052,3815360,eclipsing_binary
1393.0859988334487,1.0001775,0.00047235307,3815360,eclipsing_binary
1393.0873877115323,0.9991932,0.00047222988,3815360,eclipsing_binary
1393.088776589615,1.0008594,0.0004724536,3815360,eclipsing_binary
1393.0901654676986,0.99982166,0.00047230846,3815360,eclipsing_binary
1393.0915543453164,1.0001066,0.0004724059,3815360,eclipsing_binary
1393.092943223399,1.0000138,0.00047224577,3815360,eclipsing_binary
1393.094332101482,1.00009,0.00047227283,3815360,eclipsing_binary
1393.0957209795654,0.9992199,0.00047211186,3815360,eclipsing_binary
1393.0971098576488,1.0004576,0.00047234495,3815360,eclipsing_binary
1393.0984987357317,0.99921614,0.0004720968,3815360,eclipsing_binary
1393.0998876133494,0.9996978,0.00047219184,3815360,eclipsing_binary
1393.101276491433,0.99998975,0.00047226634,3815360,eclipsing_binary
1393.1026653695158,1.0002922,0.0004723582,3815360,eclipsing_binary
1393.1040542475992,0.9997367,0.00047209728,3815360,eclipsing_binary
1393.1054431256825,1.0005772,0.00047237895,3815360,eclipsing_binary
1393.1068320032998,1.0004455,0.0004723577,3815360,eclipsing_binary
1393.1082208813832,0.9999407,0.00047232694,3815360,eclipsing_binary
1393.1096097594668,1.0004871,0.00047241204,3815360,eclipsing_binary
1393.1109986375495,0.9990515,0.0004722548,3815360,eclipsing_binary
1393.1123875151675,0.9995899,0.00047215438,3815360,eclipsing_binary
1393.1137763932509,0.99942493,0.0004721781,3815360,eclipsing_binary
1393.1151652713336,1.0007913,0.000472414,3815360,eclipsing_binary
1393.116554149417,1.0006212,0.00047234655,3815360,eclipsing_binary
1393.1179430275006,0.9988093,0.0004721658,3815360,eclipsing_binary
1393.1193319051176,1.0001966,0.00047236806,3815360,eclipsing_binary
1393.1207207832013,0.9993119,0.0004721055,3815360,eclipsing_binary
1393.1221096612846,1.0004842,0.0004723469,3815360,eclipsing_binary
1393.1234985393676,0.99967957,0.0004721485,3815360,eclipsing_binary
1393.1248874169853,0.9998049,0.00047218,3815360,eclipsing_binary
1393.1262762950687,0.99956274,0.00047211302,3815360,eclipsing_binary
1393.1276651731514,0.9991206,0.0004721558,3815360,eclipsing_binary
1393.129054051235,0.9993432,0.00047224146,3815360,eclipsing_binary
1393.130442928853,1.0002142,0.00047248584,3815360,eclipsing_binary
1393.1318318069357,0.99887246,0.00047203482,3815360,eclipsing_binary
1393.1332206850184,0.99955654,0.00047234847,3815360,eclipsing_binary
1393.134609563101,0.9995188,0.00047221238,3815360,eclipsing_binary
1393.1359984407184,1.0000063,0.0004721214,3815360,eclipsing_binary
1393.137387318801,1.0003916,0.00047229693,3815360,eclipsing_binary
1393.1387761968845,0.99969095,0.00047234207,3815360,eclipsing_binary
1393.1401650745024,1.0002022,0.00047221888,3815360,eclipsing_binary
1393.1415539525851,0.99938005,0.00047226803,3815360,eclipsing_binary
1393.1429428306687,0.99925107,0.0004721741,3815360,eclipsing_binary
1393.1443317087521,1.000183,0.00047225298,3815360,eclipsing_binary
1393.1457205863694,0.99963593,0.00047229897,3815360,eclipsing_binary
1393.1471094644528,1.0001945,0.0004722602,3815360,eclipsing_binary
1393.1484983425362,1.0002841,0.00047233512,3815360,eclipsing_binary
1393.1498872201532,1.0000594,0.00047234326,3815360,eclipsing_binary
1393.1512760982368,0.99991935,0.00047228023,3815360,eclipsing_binary
1393.1526649763202,0.9997117,0.00047218794,3815360,eclipsing_binary
1393.1540538539375,0.9999444,0.00047224277,3815360,eclipsing_binary
1393.155442732021,0.9991743,0.0004720678,3815360,eclipsing_binary
1393.1568316101043,1.0001905,0.00047236474,3815360,eclipsing_binary
1393.1582204881872,1.0001992,0.00047230665,3815360,eclipsing_binary
1393.159609365805,0.99995947,0.00047232702,3815360,eclipsing_binary
1393.1609982438886,0.9995386,0.00047218314,3815360,eclipsing_binary
1393.1623871219713,0.9998214,0.00047209876,3815360,eclipsing_binary
1393.1637759995892,1.000062,0.00047229466,3815360,eclipsing_binary
1393.1651648776726,1.0002724,0.0004722833,3815360,eclipsing_binary
1393.1665537557553,0.999192,0.0004720979,3815360,eclipsing_binary
1393.167942633373,1.0003365,0.00047230953,3815360,eclipsing_binary
1393.1693315114567,1.0004342,0.00047225546,3815360,eclipsing_binary
1393.1707203895394,1.0000317,0.0004723268,3815360,eclipsing_binary
1393.1721092671573,1.0006077,0.00047244097,3815360,eclipsing_binary
1393.1734981452407,1.0000663,0.00047226067,3815360,eclipsing_binary
1393.1748870228578,0.9997862,0.00047226678,3815360,eclipsing_binary
1393.1762759009407,0.9993612,0.0004721268,3815360,eclipsing_binary
1393.177664779024,0.99915504,0.0004721258,3815360,eclipsing_binary
1393.1790536566418,1.0003322,0.0004723486,3815360,eclipsing_binary
1393.1804425347248,0.9996817,0.00047221628,3815360,eclipsing_binary
1393.1818314128082,0.99960756,0.00047215982,3815360,eclipsing_binary
1393.183220290426,0.999541,0.00047223066,3815360,eclipsing_binary
1393.1846091685088,1.0002476,0.00047241,3815360,eclipsing_binary
1393.1859980465922,0.9995904,0.0004720967,3815360,eclipsing_binary
1393.18738692421,1.0005976,0.00047232053,3815360,eclipsing_binary
1393.1887758022929,1.0005131,0.0004722663,3815360,eclipsing_binary
1393.1901646799106,1.0004606,0.00047247633,3815360,eclipsing_binary
1393.1915535579942,0.99963737,0.00047221556,3815360,eclipsing_binary
1393.192942436077,0.9997498,0.00047221725,3815360,eclipsing_binary
1393.1943313136949,0.99901944,0.000472096,3815360,eclipsing_binary
1393.1957201917776,1.0004344,0.0004723635,3815360,eclipsing_binary
1393.197109069394,1.0000088,0.00047229655,3815360,eclipsing_binary
1393.1984979474773,1.0000365,0.00047226765,3815360,eclipsing_binary
1393.199886825561,0.9999109,0.00047218113,3815360,eclipsing_binary
1393.201275703178,1.0005668,0.00047225642,3815360,eclipsing_binary
1393.2026645812616,0.9993516,0.00047214713,3815360,eclipsing_binary
1393.2040534588793,0.99868965,0.0004721675,3815360,eclipsing_binary
1393.2054423369623,0.9998487,0.0004723943,3815360,eclipsing_binary
1393.2068312150457,1.0006124,0.0004724113,3815360,eclipsing_binary
1393.2082200926634,1.0000914,0.00047235235,3815360,eclipsing_binary
1393.209608970746,0.99935955,0.00047224158,3815360,eclipsing_binary
1393.210997848364,0.99978167,0.00047213654,3815360,eclipsing_binary
1393.2123867264477,0.9998601,0.00047233587,3815360,eclipsing_binary
1393.2137756040647,1.0001844,0.00047234958,3815360,eclipsing_binary
1393.2151644821474,1.0001062,0.00047214088,3815360,eclipsing_binary
1393.216553360231,0.9994021,0.00047211236,3815360,eclipsing_binary
1393.2179422378488,1.0002344,0.0004722858,3815360,eclipsing_binary
1393.2193311159315,1.0002117,0.00047230825,3815360,eclipsing_binary
1393.2207199935492,1.0001678,0.00047237615,3815360,eclipsing_binary
1393.2221088716328,0.9993554,0.00047216125,3815360,eclipsing_binary
1393.2234977492499,0.99964094,0.0004721857,3815360,eclipsing_binary
1393.2248866273335,0.99955547,0.00047222158,3815360,eclipsing_binary
1393.2262755049512,0.99988675,0.00047218974,3815360,eclipsing_binary
1393.2276643830342,0.99930423,0.0004722914,3815360,eclipsing_binary
1393.2290532606519,0.9994601,0.0004721865,3815360,eclipsing_binary
1393.2304421387353,0.99998546,0.00047212484,3815360,eclipsing_binary
1393.231831016818,1.0004501,0.0004723706,3815360,eclipsing_binary
1393.233219894436,0.9995753,0.00047221794,3815360,eclipsing_binary
1393.2346087725196,0.9996856,0.00047230488,3815360,eclipsing_binary
1393.2359976501366,0.9997622,0.0004723317,3815360,eclipsing_binary
1393.23738652822,1.0010104,0.00047241672,3815360,eclipsing_binary
1393.2387754058377,1.0005265,0.00047232388,3815360,eclipsing_binary
1393.2401642839206,0.9993368,0.00047223107,3815360,eclipsing_binary
1393.2415531615384,1.0000926,0.00047221562,3815360,eclipsing_binary
1393.242942039622,0.99955195,0.00047211573,3815360,eclipsing_binary
1393.244330917239,1.0009391,0.0004724732,3815360,eclipsing_binary
1393.2457197953227,1.0000725,0.0004724289,3815360,eclipsing_binary
1393.2471086729404,1.000015,0.00047223308,3815360,eclipsing_binary
1393.2498864286408,0.9999871,0.00047215953,3815360,eclipsing_binary
1393.2512753067244,0.9998354,0.00047221832,3815360,eclipsing_binary
1393.2526641843415,0.99963695,0.00047208127,3815360,eclipsing_binary
1393.2540530624242,0.9998818,0.00047221448,3815360,eclipsing_binary
1393.2554419400421,0.99994373,0.00047219696,3815360,eclipsing_binary
1393.2568308181255,0.99941564,0.00047220004,3815360,eclipsing_binary
1393.258219695742,0.9997073,0.00047216835,3815360,eclipsing_binary
1393.2596085738248,0.9999862,0.0004721893,3815360,eclipsing_binary
1393.2609974514426,1.0004326,0.00047225683,3815360,eclipsing_binary
1393.2623863290598,1.0000653,0.00047224923,3815360,eclipsing_binary
1393.2637752071432,1.0000887,0.00047232016,3815360,eclipsing_binary
1393.2651640847612,0.9995365,0.00047222927,3815360,eclipsing_binary
1393.266552962844,0.99978906,0.00047220828,3815360,eclipsing_binary
1393.2679418404616,1.0002046,0.00047240566,3815360,eclipsing_binary
1393.269330718545,0.9998782,0.00047232225,3815360,eclipsing_binary
1393.2707195961623,0.9999264,0.0004722311,3815360,eclipsing_binary
1393.2721084742457,1.0007102,0.00047226876,3815360,eclipsing_binary
1393.2734973518636,0.99987376,0.0004722844,3815360,eclipsing_binary
1393.2748862299463,1.00056,0.00047238183,3815360,eclipsing_binary
1393.2762751075643,1.0001585,0.00047228788,3815360,eclipsing_binary
1393.277663985182,0.99967426,0.0004721889,3815360,eclipsing_binary
1393.2790528632647,1.0006248,0.00047234556,3815360,eclipsing_binary
1393.2804417408825,0.9997697,0.00047223846,3815360,eclipsing_binary
1393.281830618966,0.999456,0.0004721763,3815360,eclipsing_binary
1393.2832194965831,1.0003331,0.0004723431,3815360,eclipsing_binary
1393.2846083746667,0.999416,0.0004721019,3815360,eclipsing_binary
1393.2859972522845,1.0000652,0.0004722355,3815360,eclipsing_binary
1393.2873861303674,0.99977493,0.00047223477,3815360,eclipsing_binary
1393.2887750079851,0.99941075,0.000472154,3815360,eclipsing_binary
1393.2901638856029,0.9998725,0.00047220397,3815360,eclipsing_binary
1393.2915527636856,1.0002229,0.00047225246,3815360,eclipsing_binary
1393.2929416413035,0.9992184,0.00047217752,3815360,eclipsing_binary
1393.2943305193871,0.99984974,0.00047219533,3815360,eclipsing_binary
1393.2957193970042,1.0003203,0.00047234536,3815360,eclipsing_binary
1393.2971082746212,0.999622,0.00047202653,3815360,eclipsing_binary
1393.2984971527048,0.99975157,0.00047221064,3815360,eclipsing_binary
1393.2998860303226,1.0004293,0.00047223948,3815360,eclipsing_binary
1393.3012749084053,0.9997254,0.00047207353,3815360,eclipsing_binary
1393.302663786023,1.0000887,0.00047230578,3815360,eclipsing_binary
1393.304052663641,0.99906933,0.0004720963,3815360,eclipsing_binary
1393.3054415417237,1.0001132,0.00047215325,3815360,eclipsing_binary
1393.3068304193416,1.0002562,0.00047230406,3815360,eclipsing_binary
1393.308219297425,0.9998332,0.00047205566,3815360,eclipsing_binary
1393.3096081750423,1.0003072,0.00047225674,3815360,eclipsing_binary
1393.31099705266,0.9998967,0.0004722499,3815360,eclipsing_binary
1393.3123859307434,1.0006163,0.000472419,3815360,eclipsing_binary
1393.3137748083604,0.9995403,0.0004722107,3815360,eclipsing_binary
1393.3151636859784,0.99993485,0.0004722128,3815360,eclipsing_binary
1393.316552564062,1.0002221,0.0004722447,3815360,eclipsing_binary
1393.317941441679,1.0001482,0.0004721517,3815360,eclipsing_binary
1393.3193303197625,0.99966997,0.00047221105,3815360,eclipsing_binary
1393.3207191973802,1.0002052,0.0004722029,3815360,eclipsing_binary
1393.3221080749968,0.9999846,0.00047221215,3815360,eclipsing_binary
1393.3234969530795,1.0005862,0.00047239606,3815360,eclipsing_binary
1393.3248858306974,0.9995536,0.0004722374,3815360,eclipsing_binary
1393.3262747083145,0.999646,0.00047211314,3815360,eclipsing_binary
1393.3276635863979,0.99969244,0.000472062,3815360,eclipsing_binary
1393.3290524640156,1.0002103,0.00047220456,3815360,eclipsing_binary
1393.3304413416329,1.0003992,0.00047236963,3815360,eclipsing_binary
1393.3318302197163,0.9996313,0.0004722985,3815360,eclipsing_binary
1393.3332190973342,0.9999598,0.00047218584,3815360,eclipsing_binary
1393.3346079749513,0.9999741,0.00047228034,3815360,eclipsing_binary
1393.335996853034,0.9990509,0.00047201515,3815360,eclipsing_binary
1393.337385730652,0.99991685,0.00047211256,3815360,eclipsing_binary
1393.3387746082697,1.0009203,0.00047240112,3815360,eclipsing_binary
1393.3401634863526,1.0000935,0.00047210406,3815360,eclipsing_binary
1393.3415523639703,1.000074,0.00047226067,3815360,eclipsing_binary
1393.342941241588,0.99985725,0.0004722255,3815360,eclipsing_binary
1393.344330119671,0.9997905,0.0004723101,3815360,eclipsing_binary
1393.3457189972887,0.9995318,0.0004721341,3815360,eclipsing_binary
1393.3471078749067,0.9996988,0.00047229405,3815360,eclipsing_binary
1393.3484967529894,0.99970204,0.00047230296,3815360,eclipsing_binary
1393.349885630607,1.000437,0.0004723256,3815360,eclipsing_binary
1393.3512745082248,1.0000924,0.0004722347,3815360,eclipsing_binary
1393.352663385842,0.99977136,0.00047226922,3815360,eclipsing_binary
1393.3540522639255,1.0000517,0.00047222216,3815360,eclipsing_binary
1393.3554411415435,1.0000156,0.000472207,3815360,eclipsing_binary
1393.3568300191605,1.0005724,0.00047232403,3815360,eclipsing_binary
1393.3582188972441,1.0006194,0.00047237423,3815360,eclipsing_binary
1393.3596077748618,0.99963105,0.00047217004,3815360,eclipsing_binary
1393.360996652479,0.99942034,0.0004723069,3815360,eclipsing_binary
1393.3623855305623,1.0000808,0.00047221695,3815360,eclipsing_binary
1393.3637744081802,0.99910766,0.00047212568,3815360,eclipsing_binary
1393.3651632857973,0.99988675,0.00047220985,3815360,eclipsing_binary
1393.3665521634152,0.99911165,0.00047218162,3815360,eclipsing_binary
1393.3679410414986,1.0006669,0.0004723605,3815360,eclipsing_binary
1393.369329919116,1.0001048,0.00047224198,3815360,eclipsing_binary
1393.3707187967336,0.9988872,0.0004720237,3815360,eclipsing_binary
1393.3721076743514,0.99956805,0.00047224443,3815360,eclipsing_binary
1393.373496552434,1.0005771,0.0004723264,3815360,eclipsing_binary
1393.3748854300513,0.9999807,0.0004722738,3815360,eclipsing_binary
1393.376274307669,0.9989084,0.00047202263,3815360,eclipsing_binary
1393.3776631857527,1.0003653,0.00047221212,3815360,eclipsing_binary
1393.3790520633697,1.0005776,0.0004723458,3815360,eclipsing_binary
1393.3804409409877,1.0009202,0.00047231544,3815360,eclipsing_binary
1393.3818298186054,0.999666,0.00047215994,3815360,eclipsing_binary
1393.3832186966881,1.0000932,0.00047230185,3815360,eclipsing_binary
1393.3846075743058,0.99962837,0.00047214248,3815360,eclipsing_binary
1393.3859964519231,1.0004332,0.00047227842,3815360,eclipsing_binary
1393.3873853295395,0.99897134,0.00047210528,3815360,eclipsing_binary
1393.3887742071574,0.99990875,0.00047215284,3815360,eclipsing_binary
1393.3901630852408,0.9994873,0.00047203092,3815360,eclipsing_binary
1393.391551962858,0.999699,0.00047226044,3815360,eclipsing_binary
1393.3929408404758,1.0008965,0.00047235753,3815360,eclipsing_binary
1393.3943297180936,1.0002592,0.00047228028,3815360,eclipsing_binary
1393.3957185961763,0.999254,0.00047211643,3815360,eclipsing_binary
1393.3971074737942,1.0001836,0.0004721872,3815360,eclipsing_binary
1393.3984963514122,0.9998729,0.00047225927,3815360,eclipsing_binary
1393.3998852290292,1.0000603,0.00047237205,3815360,eclipsing_binary
1393.4012741071126,1.000015,0.00047232868,3815360,eclipsing_binary
1393.4026629847303,1.0000194,0.00047225552,3815360,eclipsing_binary
1393.4040518623476,1.0000793,0.00047220368,3815360,eclipsing_binary
1393.4054407399653,0.99976486,0.00047223066,3815360,eclipsing_binary
1393.4068296175833,0.99957734,0.00047221445,3815360,eclipsing_binary
1393.408218495666,1.000013,0.0004721868,3815360,eclipsing_binary
1393.409607373284,1.0000974,0.00047223174,3815360,eclipsing_binary
1393.4109962509017,0.99963623,0.00047217184,3815360,eclipsing_binary
1393.4123851285187,1.0005109,0.000472285,3815360,eclipsing_binary
1393.4137740061365,0.99987763,0.00047222167,3815360,eclipsing_binary
1393.41516288422,0.9998051,0.0004722282,3815360,eclipsing_binary
1393.4165517618371,0.9998352,0.00047234382,3815360,eclipsing_binary
1393.4179406394542,0.99906534,0.00047212339,3815360,eclipsing_binary
1393.4193295170721,0.9993841,0.00047205886,3815360,eclipsing_binary
1393.4207183946899,1.0005977,0.00047226876,3815360,eclipsing_binary
1393.4221072727728,0.9998421,0.00047232868,3815360,eclipsing_binary
1393.4234961503905,0.9996365,0.00047208456,3815360,eclipsing_binary
1393.4248850280082,0.9993669,0.00047206724,3815360,eclipsing_binary
1393.4262739056255,1.0002524,0.0004723091,3815360,eclipsing_binary
1393.4276627832432,1.0004128,0.00047229894,3815360,eclipsing_binary
1393.4290516608612,0.9993205,0.00047215764,3815360,eclipsing_binary
1393.430440538944,1.0000005,0.00047232333,3815360,eclipsing_binary
1393.4318294165619,0.99969274,0.00047211655,3815360,eclipsing_binary
1393.4332182941796,1.0006655,0.00047224044,3815360,eclipsing_binary
1393.4346071717966,1.0002027,0.00047225034,3815360,eclipsing_binary
1393.4359960494144,0.9994858,0.00047222336,3815360,eclipsing_binary
1393.4373849270323,1.0002921,0.00047235627,3815360,eclipsing_binary
1393.438773805115,0.9994875,0.00047208305,3815360,eclipsing_binary
1393.440162682733,0.99960536,0.0004722203,3815360,eclipsing_binary
1393.4415515603507,0.9994618,0.0004721058,3815360,eclipsing_binary
1393.4429404379678,1.0007777,0.00047233774,3815360,eclipsing_binary
1393.4443293155855,1.0009605,0.00047241978,3815360,eclipsing_binary
1393.4457181932034,0.9997015,0.00047217173,3815360,eclipsing_binary
1393.4471070712862,0.99998486,0.00047220654,3815360,eclipsing_binary
1393.448495948904,1.0006034,0.00047240008,3815360,eclipsing_binary
1393.4498848265218,1.0002073,0.000472268,3815360,eclipsing_binary
1393.451273704139,0.9993918,0.0004721078,3815360,eclipsing_binary
1393.4526625817562,0.9992778,0.00047206113,3815360,eclipsing_binary
1393.4540514593732,1.0000551,0.0004721408,3815360,eclipsing_binary
1393.4554403369903,1.0004401,0.00047221314,3815360,eclipsing_binary
1393.4568292146075,0.9997644,0.00047214166,3815360,eclipsing_binary
1393.458218092691,0.99908495,0.00047195534,3815360,eclipsing_binary
1393.4596069703089,0.9999847,0.00047210636,3815360,eclipsing_binary
1393.460995847926,1.0004654,0.00047232347,3815360,eclipsing_binary
1393.4623847255439,1.0003854,0.00047241358,3815360,eclipsing_binary
1393.4637736031616,1.0007484,0.00047239222,3815360,eclipsing_binary
1393.4651624807786,1.0003297,0.00047226885,3815360,eclipsing_binary
1393.4665513583964,1.0001895,0.0004722665,3815360,eclipsing_binary
1393.4679402360143,1.0004727,0.00047228968,3815360,eclipsing_binary
1393.469329114097,1.0000392,0.00047226096,3815360,eclipsing_binary
1393.470717991715,0.9999218,0.0004722986,3815360,eclipsing_binary
1393.4721068693327,0.99993527,0.00047221754,3815360,eclipsing_binary
1393.47349574695,1.0005997,0.00047237886,3815360,eclipsing_binary
1393.4748846245677,1.0002911,0.00047219679,3815360,eclipsing_binary
1393.4762735021854,0.99916613,0.00047216768,3815360,eclipsing_binary
1393.4776623798025,0.9999114,0.00047219696,3815360,eclipsing_binary
1393.4790512574205,1.0011084,0.0004724644,3815360,eclipsing_binary
1393.4804401350384,1.0002819,0.00047218788,3815360,eclipsing_binary
1393.4818290126555,0.9996707,0.0004722506,3815360,eclipsing_binary
1393.4832178907388,1.0009043,0.0004723701,3815360,eclipsing_binary
1393.4846067683566,0.99944776,0.0004721386,3815360,eclipsing_binary
1393.4859956459738,1.0003315,0.00047238742,3815360,eclipsing_binary
1393.4873845235916,0.99984115,0.0004722926,3815360,eclipsing_binary
1393.4887734012095,0.99942833,0.00047213212,3815360,eclipsing_binary
1393.4901622788266,0.9999477,0.00047211797,3815360,eclipsing_binary
1393.4915511564445,0.9994384,0.00047215368,3815360,eclipsing_binary
1393.4929400340623,1.0005859,0.0004724441,3815360,eclipsing_binary
1393.4943289116793,1.0004241,0.00047230424,3815360,eclipsing_binary
1393.4957177892966,1.0002313,0.00047230072,3815360,eclipsing_binary
1393.4971066669143,1.0002453,0.00047229574,3815360,eclipsing_binary
1393.498495544532,1.0004003,0.00047220074,3815360,eclipsing_binary
1393.499884422149,1.0003006,0.00047232414,3815360,eclipsing_binary
1393.5012733002327,1.0001494,0.0004721593,3815360,eclipsing_binary
1393.5026621778507,1.0003033,0.0004724351,3815360,eclipsing_binary
1393.5040510554677,0.9998741,0.00047221634,3815360,eclipsing_binary
1393.5054399330854,0.99972874,0.00047227266,3815360,eclipsing_binary
1393.5068288107032,0.99935097,0.00047214387,3815360,eclipsing_binary
1393.5082176883204,1.0007398,0.00047249228,3815360,eclipsing_binary
1393.5096065659382,0.9997215,0.0004720636,3815360,eclipsing_binary
1393.510995443556,1.000457,0.00047233357,3815360,eclipsing_binary
1393.5123843211732,0.99956125,0.00047209344,3815360,eclipsing_binary
1393.5137731987911,1.0001822,0.00047221483,3815360,eclipsing_binary
1393.5151620764088,0.99934196,0.00047206925,3815360,eclipsing_binary
1393.516550954026,1.0001802,0.00047219289,3815360,eclipsing_binary
1393.5179398316436,0.998923,0.00047200912,3815360,eclipsing_binary
1393.519328709261,0.99956393,0.00047222132,3815360,eclipsing_binary
1393.5207175868773,0.999992,0.00047213168,3815360,eclipsing_binary
1393.5221064644952,0.99980384,0.0004721586,3815360,eclipsing_binary
1393.523495342113,1.0004569,0.0004722045,3815360,eclipsing_binary
1393.52488421973,0.99981153,0.0004723075,3815360,eclipsing_binary
1393.5262730973477,0.99951386,0.00047215124,3815360,eclipsing_binary
1393.5276619749657,1.0004724,0.0004723348,3815360,eclipsing_binary
1393.5290508525827,0.9996409,0.0004721747,3815360,eclipsing_binary
1393.5304397302007,1.0001087,0.00047228023,3815360,eclipsing_binary
1393.5318286078184,1.0002187,0.00047223,3815360,eclipsing_binary
1393.5332174854357,0.9997474,0.00047210802,3815360,eclipsing_binary
1393.5346063630527,0.9994872,0.00047210624,3815360,eclipsing_binary
1393.5359952406704,0.9995377,0.00047215066,3815360,eclipsing_binary
1393.5373841182882,1.0002451,0.00047225092,3815360,eclipsing_binary
1393.5387729959054,1.000463,0.00047222094,3815360,eclipsing_binary
1393.5401618739888,0.99971807,0.00047219868,3815360,eclipsing_binary
1393.5415507516068,0.9993289,0.00047221963,3815360,eclipsing_binary
1393.5429396292238,0.99996024,0.00047210717,3815360,eclipsing_binary
1393.5443285068418,1.0005509,0.0004723172,3815360,eclipsing_binary
1393.5457173844595,0.99949515,0.00047210554,3815360,eclipsing_binary
1393.5471062620766,0.99999005,0.00047218046,3815360,eclipsing_binary
1393.5484951396943,1.0004349,0.0004722717,3815360,eclipsing_binary
1393.5498840173123,1.0003152,0.0004722417,3815360,eclipsing_binary
1393.5512728949293,1.0002956,0.00047224914,3815360,eclipsing_binary
1393.5526617720816,0.9991604,0.00047219143,3815360,eclipsing_binary
1393.5540506496993,1.0000275,0.00047226468,3815360,eclipsing_binary
1393.5554395273166,0.99955606,0.00047218622,3815360,eclipsing_binary
1393.5568284049343,1.0003262,0.00047226285,3815360,eclipsing_binary
1393.558217282552,0.9995137,0.00047214015,3815360,eclipsing_binary
1393.559606160169,0.9999948,0.0004721494,3815360,eclipsing_binary
1393.560995037787,0.9997968,0.00047231125,3815360,eclipsing_binary
1393.562383915405,0.9990439,0.0004720386,3815360,eclipsing_binary
1393.563772793022,1.0003765,0.00047232345,3815360,eclipsing_binary
1393.5651616706398,0.9998792,0.0004722573,3815360,eclipsing_binary
1393.5665505482575,1.0002775,0.00047231466,3815360,eclipsing_binary
1393.5679394258748,0.9995145,0.00047215095,3815360,eclipsing_binary
1393.5693283034925,0.9997462,0.00047220505,3815360,eclipsing_binary
1393.5707171811105,1.0000125,0.0004723021,3815360,eclipsing_binary
1393.5721060587275,0.99958366,0.00047210258,3815360,eclipsing_binary
1393.5734949363455,0.9998985,0.0004720838,3815360,eclipsing_binary
1393.5748838139632,1.0001789,0.00047226553,3815360,eclipsing_binary
1393.5762726915802,0.99936146,0.00047209844,3815360,eclipsing_binary
1393.5776615691975,0.9998036,0.00047226046,3815360,eclipsing_binary
1393.5790504468152,0.99935067,0.00047214894,3815360,eclipsing_binary
1393.580439324433,1.0001556,0.00047219603,3815360,eclipsing_binary
1393.58182820205,0.9991141,0.00047217734,3815360,eclipsing_binary
1393.583217079668,1.0001609,0.0004722879,3815360,eclipsing_binary
1393.584605957286,1.0003763,0.00047234716,3815360,eclipsing_binary
1393.585994834903,0.99975294,0.00047221116,3815360,eclipsing_binary
1393.5873837125207,0.99888074,0.00047205391,3815360,eclipsing_binary
1393.588772590138,1.0001781,0.00047232647,3815360,eclipsing_binary
1393.5901614677543,0.9992591,0.00047207632,3815360,eclipsing_binary
1393.591550345372,1.0003985,0.00047232548,3815360,eclipsing_binary
1393.5929392225244,1.0001756,0.00047240904,3815360,eclipsing_binary
1393.5943281001414,0.9995785,0.0004722435,3815360,eclipsing_binary
1393.5957169777591,1.0004736,0.00047238724,3815360,eclipsing_binary
1393.5971058553769,0.999651,0.00047218578,3815360,eclipsing_binary
1393.5984947329941,0.99964625,0.00047216893,3815360,eclipsing_binary
1393.5998836106119,0.99969375,0.00047229542,3815360,eclipsing_binary
1393.6012724882298,1.0002421,0.0004723901,3815360,eclipsing_binary
1393.6026613658469,1.0002347,0.00047236378,3815360,eclipsing_binary
1393.6040502434648,0.99964035,0.00047216433,3815360,eclipsing_binary
1393.6054391210826,0.9995438,0.00047228864,3815360,eclipsing_binary
1393.6068279986996,0.99950355,0.00047220095,3815360,eclipsing_binary
1393.6082168763173,0.99974924,0.0004723746,3815360,eclipsing_binary
1393.6096057539353,0.9989932,0.00047208424,3815360,eclipsing_binary
1393.6109946315523,1.0005392,0.0004725003,3815360,eclipsing_binary
1393.6123835087046,0.9994746,0.00047228107,3815360,eclipsing_binary
1393.6137723863224,1.000157,0.00047243337,3815360,eclipsing_binary
1393.6165501415567,0.99988174,0.00047220627,3815360,eclipsing_binary
1393.6179390191744,0.9998747,0.00047242251,3815360,eclipsing_binary
1393.6193278967921,0.99845326,0.00047206975,3815360,eclipsing_binary
1393.6207167744094,0.9994239,0.00047226585,3815360,eclipsing_binary
1393.6221056520271,0.9993841,0.00047229516,3815360,eclipsing_binary
1393.623494529645,0.9997222,0.0004722374,3815360,eclipsing_binary
1393.6248834072621,0.9995778,0.00047228244,3815360,eclipsing_binary
1393.6262722844144,0.99998814,0.00047246396,3815360,eclipsing_binary
1393.6276611620322,1.0002154,0.00047241518,3815360,eclipsing_binary
1393.6290500396492,0.9996619,0.00047247697,3815360,eclipsing_binary
1393.630438917267,0.99980605,0.00047243983,3815360,eclipsing_binary
1393.6318277948849,0.99966204,0.00047233026,3815360,eclipsing_binary
1393.633216672502,1.0008472,0.00047252647,3815360,eclipsing_binary
1393.6346055501199,1.0001833,0.0004725532,3815360,eclipsing_binary
1393.6359944277376,0.99879175,0.00047222577,3815360,eclipsing_binary
1393.637383305355,1.0014166,0.0004726213,3815360,eclipsing_binary
1393.6387721829726,1.0000852,0.00047243238,3815360,eclipsing_binary
1393.6401610601247,0.99942243,0.00047245386,3815360,eclipsing_binary
1393.6415499377417,0.9993244,0.0004724301,3815360,eclipsing_binary
1393.6429388153597,0.99873257,0.00047230578,3815360,eclipsing_binary
1393.6443276929776,0.9994212,0.00047237915,3815360,eclipsing_binary
1393.6457165705947,0.9989998,0.00047221172,3815360,eclipsing_binary
1393.6471054482124,0.99905413,0.00047231943,3815360,eclipsing_binary
1393.6484943258301,0.9994696,0.00047246154,3815360,eclipsing_binary
1393.6498832034474,0.99945474,0.0004723199,3815360,eclipsing_binary
1393.6512720805995,0.99954057,0.00047244393,3815360,eclipsing_binary
1393.6526609582174,0.9990108,0.00047224597,3815360,eclipsing_binary
1393.6540498358345,1.0000203,0.0004724478,3815360,eclipsing_binary
1393.6554387134515,0.9994133,0.00047230147,3815360,eclipsing_binary
1393.6568275910695,0.99941427,0.0004724216,3815360,eclipsing_binary
1393.6582164686865,1.0003508,0.00047245948,3815360,eclipsing_binary
1393.6596053463031,0.99987566,0.00047243442,3815360,eclipsing_binary
1393.6609942234552,0.99922633,0.0004723795,3815360,eclipsing_binary
1393.662383101073,0.9998581,0.00047244388,3815360,eclipsing_binary
1393.66377197869,1.0001537,0.00047243052,3815360,eclipsing_binary
1393.665160856308,0.99993217,0.0004725413,3815360,eclipsing_binary
1393.6665497339259,0.9991237,0.00047233692,3815360,eclipsing_binary
1393.667938611543,1.0002867,0.00047247272,3815360,eclipsing_binary
1393.6693274891607,0.9999129,0.00047249536,3815360,eclipsing_binary
1393.6707163663127,1.0002813,0.00047246827,3815360,eclipsing_binary
1393.67210524393,0.99982923,0.00047258686,3815360,eclipsing_binary
1393.6734941215477,0.9994798,0.00047247708,3815360,eclipsing_binary
1393.6748829991657,1.0007305,0.0004726214,3815360,eclipsing_binary
1393.6762718767827,0.99997824,0.00047245977,3815360,eclipsing_binary
1393.6776607544007,0.9997322,0.00047250895,3815360,eclipsing_binary
1393.6790496315527,0.99966276,0.00047242196,3815360,eclipsing_binary
1393.6804385091698,1.000147,0.00047261038,3815360,eclipsing_binary
1393.6818273867875,0.9994954,0.00047256897,3815360,eclipsing_binary
1393.6832162644055,1.0005114,0.0004725332,3815360,eclipsing_binary
1393.6846051420225,0.99959624,0.00047258416,3815360,eclipsing_binary
1393.6859940196405,1.00005,0.0004725255,3815360,eclipsing_binary
1393.6873828972582,0.9987506,0.00047247615,3815360,eclipsing_binary
1393.6887717744096,0.9987606,0.00047223922,3815360,eclipsing_binary
1393.6901606520273,0.999661,0.000472509,3815360,eclipsing_binary
1393.6915495296453,1.000055,0.0004726511,3815360,eclipsing_binary
1393.6929384072623,0.9992488,0.00047228718,3815360,eclipsing_binary
1393.6943272848803,1.0003787,0.00047265348,3815360,eclipsing_binary
1393.6957161620323,0.9996607,0.00047255435,3815360,eclipsing_binary
1393.6971050396496,1.0008613,0.00047284432,3815360,eclipsing_binary
1393.6984939172667,1.0000579,0.00047252208,3815360,eclipsing_binary
1393.6998827948846,0.9989946,0.00047240232,3815360,eclipsing_binary
1393.7012716725023,0.99949867,0.00047265465,3815360,eclipsing_binary
1393.7026605501194,1.0002337,0.00047263422,3815360,eclipsing_binary
1393.7040494272715,0.99936885,0.0004724071,3815360,eclipsing_binary
1393.7054383048894,0.99996024,0.00047279277,3815360,eclipsing_binary
1393.7068271825065,0.99950695,0.0004725294,3815360,eclipsing_binary
1393.7082160601244,0.9993346,0.0004725583,3815360,eclipsing_binary
1393.7096049377421,1.0007428,0.00047277994,3815360,eclipsing_binary
1393.7109938148935,1.00053,0.00047283585,3815360,eclipsing_binary
1393.7123826925113,1.0005679,0.00047277717,3815360,eclipsing_binary
1393.7137715701292,0.99967605,0.00047263966,3815360,eclipsing_binary
1393.7151604477463,1.0001541,0.0004726579,3815360,eclipsing_binary
1393.7165493253642,0.9998554,0.00047256975,3815360,eclipsing_binary
1393.7179382025163,0.9998418,0.00047272397,3815360,eclipsing_binary
1393.7193270801336,1.0002772,0.0004727513,3815360,eclipsing_binary
1393.7207159577513,1.0008612,0.0004728282,3815360,eclipsing_binary
1393.722104835369,0.9998192,0.0004726191,3815360,eclipsing_binary
1393.723493712986,0.99995166,0.00047267068,3815360,eclipsing_binary
1393.7248825901383,0.99938697,0.00047251876,3815360,eclipsing_binary
1393.7262714677563,0.9997779,0.0004725947,3815360,eclipsing_binary
1393.7276603453734,0.9997755,0.0004727063,3815360,eclipsing_binary
1393.729049222991,0.9999616,0.00047271926,3815360,eclipsing_binary
1393.7304381006084,0.9997306,0.000472746,3815360,eclipsing_binary
1393.731826977759,1.0006294,0.00047297776,3815360,eclipsing_binary
1393.7332158553768,1.0002475,0.00047279245,3815360,eclipsing_binary
1393.7346047329947,1.0002624,0.0004728106,3815360,eclipsing_binary
1393.7359936106118,0.9995356,0.00047266192,3815360,eclipsing_binary
1393.7373824882288,1.0007534,0.00047293582,3815360,eclipsing_binary
1393.7387713653811,1.0006857,0.00047297004,3815360,eclipsing_binary
1393.7401602429989,1.0009671,0.00047309927,3815360,eclipsing_binary
1393.7415491206161,0.99980676,0.00047280398,3815360,eclipsing_binary
1393.7429379982339,1.0006266,0.00047303236,3815360,eclipsing_binary
1393.744326875386,1.0007222,0.00047297683,3815360,eclipsing_binary
1393.745715753003,0.99952185,0.00047298294,3815360,eclipsing_binary
1393.747104630621,1.000564,0.00047304595,3815360,eclipsing_binary
1393.7484935082389,0.99979347,0.000472894,3815360,eclipsing_binary
1393.749882385856,1.000007,0.0004730291,3815360,eclipsing_binary
1393.751271263008,0.9995687,0.00047290328,3815360,eclipsing_binary
1393.7526601406257,0.999996,0.0004730854,3815360,eclipsing_binary
1393.754049018243,1.00051,0.0004730061,3815360,eclipsing_binary
1393.7554378958607,1.0006709,0.00047298588,3815360,eclipsing_binary
1393.756826773013,0.99935526,0.0004728717,3815360,eclipsing_binary
1393.75821565063,0.99998635,0.00047306338,3815360,eclipsing_binary
1393.759604528248,0.99958044,0.00047288774,3815360,eclipsing_binary
1393.7609934058657,1.0005956,0.0004731253,3815360,eclipsing_binary
1393.7623822830171,0.9993309,0.00047286373,3815360,eclipsing_binary
1393.7637711606349,1.0001396,0.0004732225,3815360,eclipsing_binary
1393.7651600382528,1.0002328,0.00047315474,3815360,eclipsing_binary
1393.7665489158699,1.0004704,0.00047318847,3815360,eclipsing_binary
1393.7679377934878,1.0002428,0.00047326944,3815360,eclipsing_binary
1393.7693266706399,1.0006073,0.0004733727,3815360,eclipsing_binary
1393.7707155482572,0.99942315,0.00047301195,3815360,eclipsing_binary
1393.7721044258749,0.9993004,0.00047308326,3815360,eclipsing_binary
1393.7734933034926,1.0001156,0.00047321813,3815360,eclipsing_binary
1393.774882180644,1.0006152,0.00047336804,3815360,eclipsing_binary
1393.7762710582613,0.9999487,0.00047319828,3815360,eclipsing_binary
1393.777659935879,1.000611,0.00047339205,3815360,eclipsing_binary
1393.779048813497,1.0007986,0.00047345474,3815360,eclipsing_binary
1393.7804376906483,0.99969786,0.00047316373,3815360,eclipsing_binary
1393.7818265682663,0.99938005,0.00047310215,3815360,eclipsing_binary
1393.783215445884,1.0001761,0.0004732461,3815360,eclipsing_binary
1393.784604323501,1.0000652,0.00047339263,3815360,eclipsing_binary
1393.7859932006531,1.0000572,0.00047338114,3815360,eclipsing_binary
1393.787382078271,0.99949473,0.00047326979,3815360,eclipsing_binary
1393.7887709558881,1.0001085,0.0004733758,3815360,eclipsing_binary
1393.790159833506,0.9997233,0.00047337826,3815360,eclipsing_binary
1393.7915487106582,0.99973655,0.00047332916,3815360,eclipsing_binary
1393.7929375882752,0.9998149,0.00047337104,3815360,eclipsing_binary
1393.794326465893,1.0003822,0.000473551,3815360,eclipsing_binary
1393.7957153430452,1.0001088,0.00047335456,3815360,eclipsing_binary
1393.7971042206623,1.0001414,0.00047354735,3815360,eclipsing_binary
1393.7984930982802,0.9999442,0.00047344767,3815360,eclipsing_binary
1393.8012708530496,1.0010557,0.00047382608,3815360,eclipsing_binary
1393.8026597306666,0.9993216,0.0004734483,3815360,eclipsing_binary
1393.8040486082837,1.0003213,0.00047366688,3815360,eclipsing_binary
1393.8054374859007,0.99988085,0.0004735581,3815360,eclipsing_binary
1393.806826363053,1.000057,0.00047381886,3815360,eclipsing_binary
1393.808215240671,0.9996741,0.00047364412,3815360,eclipsing_binary
1393.809604118288,1.0001037,0.00047368085,3815360,eclipsing_binary
1393.8109929959057,0.99944496,0.0004734959,3815360,eclipsing_binary
1393.8123818730578,1.0001664,0.00047381732,3815360,eclipsing_binary
1393.813770750675,1.0004966,0.00047366586,3815360,eclipsing_binary
1393.8151596282921,1.0002232,0.00047351178,3815360,eclipsing_binary
1393.8165485054442,1.0000789,0.0004738165,3815360,eclipsing_binary
1393.8179373830621,1.0005084,0.00047385707,3815360,eclipsing_binary
1393.8193262606792,1.0000681,0.00047373679,3815360,eclipsing_binary
1393.8207151382971,0.99916244,0.00047360754,3815360,eclipsing_binary
1393.8221040154492,1.0006436,0.0004738985,3815360,eclipsing_binary
1393.8234928930665,0.99993384,0.00047378332,3815360,eclipsing_binary
1393.8248817706842,1.0002898,0.0004740232,3815360,eclipsing_binary
1393.8262706478363,0.9997858,0.00047377625,3815360,eclipsing_binary
1393.8276595254533,1.0003706,0.00047407197,3815360,eclipsing_binary
1393.8290484030713,1.00066,0.00047390413,3815360,eclipsing_binary
1393.8304372806892,0.99944353,0.0004739135,3815360,eclipsing_binary
1393.8318261578406,1.0007129,0.00047406295,3815360,eclipsing_binary
1393.8332150354584,1.0002505,0.00047403687,3815360,eclipsing_binary
1393.834603913076,0.99942017,0.0004739586,3815360,eclipsing_binary
1393.8359927902277,1.0001329,0.0004740933,3815360,eclipsing_binary
1393.8373816678454,0.9996545,0.00047384345,3815360,eclipsing_binary
1393.8387705454634,0.9995078,0.00047394965,3815360,eclipsing_binary
1393.8401594230804,1.0004455,0.00047420012,3815360,eclipsing_binary
1393.8415483002327,0.99966997,0.000474023,3815360,eclipsing_binary
1393.8429371778504,0.9999255,0.00047409147,3815360,eclipsing_binary
1393.8443260554675,1.000473,0.00047426776,3815360,eclipsing_binary
1393.8457149326196,1.0007045,0.00047424747,3815360,eclipsing_binary
1393.8471038102375,1.0003351,0.0004742666,3815360,eclipsing_binary
1393.8484926878546,1.0003277,0.00047425792,3815360,eclipsing_binary
1393.8498815654725,1.0001142,0.00047434043,3815360,eclipsing_binary
1393.8512704426246,1.000822,0.00047443074,3815360,eclipsing_binary
1393.8526593202419,1.0003201,0.00047423816,3815360,eclipsing_binary
1393.8540481978596,1.0012363,0.00047455606,3815360,eclipsing_binary
1393.8554370750117,0.9996728,0.0004742535,3815360,eclipsing_binary
1393.8568259526287,0.99915546,0.00047431389,3815360,eclipsing_binary
1393.858214830246,0.99969685,0.00047427212,3815360,eclipsing_binary
1393.859603707398,0.9999787,0.00047458903,3815360,eclipsing_binary
1393.860992585016,1.0000924,0.0004745486,3815360,eclipsing_binary
1393.862381462633,0.9989067,0.0004743603,3815360,eclipsing_binary
1393.863770340251,0.9996259,0.00047434363,3815360,eclipsing_binary
1393.865159217403,0.99969095,0.0004744428,3815360,eclipsing_binary
1393.86654809502,1.0001985,0.0004746815,3815360,eclipsing_binary
1393.8679369726378,0.9997841,0.00047441013,3815360,eclipsing_binary
1393.8693258497901,1.0000781,0.00047455647,3815360,eclipsing_binary
1393.8707147274072,1.0000422,0.0004745842,3815360,eclipsing_binary
1393.8721036050251,1.0001627,0.00047464456,3815360,eclipsing_binary
1393.8734924821772,1.0001101,0.00047477995,3815360,eclipsing_binary
1393.8748813597945,0.9997378,0.0004748218,3815360,eclipsing_binary
1393.8762702374122,0.998992,0.00047458807,3815360,eclipsing_binary
1393.8776591145636,1.0003647,0.00047497364,3815360,eclipsing_binary
1393.87904799218,0.99946874,0.00047456802,3815360,eclipsing_binary
1393.880436869798,1.0000069,0.00047479806,3815360,eclipsing_binary
1393.88182574695,1.0002187,0.00047490696,3815360,eclipsing_binary
1393.8832146245672,1.0002621,0.0004749048,3815360,eclipsing_binary
1393.884603502185,1.0010034,0.00047516153,3815360,eclipsing_binary
1393.8859923798027,1.0003134,0.0004750908,3815360,eclipsing_binary
1393.887381256954,1.0001959,0.00047508214,3815360,eclipsing_binary
1393.888770134572,0.99972296,0.000474826,3815360,eclipsing_binary
1393.89015901219,1.0001372,0.0004750348,3815360,eclipsing_binary
1393.8915478893414,1.0002999,0.00047486633,3815360,eclipsing_binary
1393.892936766959,1.0005769,0.00047521945,3815360,eclipsing_binary
1393.8943256445768,1.0001404,0.00047496517,3815360,eclipsing_binary
1393.8957145217285,0.99940556,0.00047498266,3815360,eclipsing_binary
1393.8971033993455,0.99958223,0.00047505434,3815360,eclipsing_binary
1393.8984922769632,1.0012996,0.00047529815,3815360,eclipsing_binary
1393.8998811541155,1.00021,0.00047513744,3815360,eclipsing_binary
1393.9012700317326,1.0001805,0.00047525048,3815360,eclipsing_binary
1393.9026589093505,1.0003827,0.00047522294,3815360,eclipsing_binary
1393.9040477865026,1.0003915,0.0004753146,3815360,eclipsing_binary
1393.9054366641199,0.9997543,0.000475184,3815360,eclipsing_binary
1393.9068255417376,1.0006819,0.0004752996,3815360,eclipsing_binary
1393.9082144188897,1.0003109,0.00047527376,3815360,eclipsing_binary
1393.9096032965067,1.0003321,0.00047543138,3815360,eclipsing_binary
1393.9109921741247,1.0000057,0.00047534937,3815360,eclipsing_binary
1393.912381051277,0.99977875,0.0004752959,3815360,eclipsing_binary
1393.913769928894,1.0002804,0.00047529954,3815360,eclipsing_binary
1393.9151588065117,1.0003681,0.00047542652,3815360,eclipsing_binary
1393.9165476836638,0.9996556,0.00047536477,3815360,eclipsing_binary
1393.917936561281,1.0007284,0.0004754565,3815360,eclipsing_binary
1393.9193254388988,0.9999368,0.00047543013,3815360,eclipsing_binary
1393.920714316051,0.99968016,0.00047529538,3815360,eclipsing_binary
1393.9221031936681,1.0000247,0.0004756297,3815360,eclipsing_binary
1393.923492071286,1.0009574,0.0004756467,3815360,eclipsing_binary
1393.9248809484382,1.000588,0.00047566832,3815360,eclipsing_binary
1393.9262698260552,1.000265,0.00047554157,3815360,eclipsing_binary
1393.927658703673,0.99984133,0.00047545807,3815360,eclipsing_binary
1393.9290475808252,1.000808,0.0004755653,3815360,eclipsing_binary
1393.9304364584423,1.0004357,0.00047567204,3815360,eclipsing_binary
1393.9318253360602,0.9999884,0.0004756769,3815360,eclipsing_binary
1393.9332142132123,1.0000949,0.00047558543,3815360,eclipsing_binary
1393.9346030908296,0.99951786,0.0004755877,3815360,eclipsing_binary
1393.9359919684466,0.9997246,0.0004756653,3815360,eclipsing_binary
1393.9373808455987,1.0009607,0.00047587388,3815360,eclipsing_binary
1393.9387697232164,1.0000534,0.0004757814,3815360,eclipsing_binary
1393.9401586008337,1.0001327,0.0004757248,3815360,eclipsing_binary
1393.9415474779858,0.9993719,0.00047564643,3815360,eclipsing_binary
1393.9429363556037,1.0000386,0.0004758026,3815360,eclipsing_binary
1393.9443252332208,0.9998678,0.00047565572,3815360,eclipsing_binary
1393.945714110373,0.9997797,0.0004758496,3815360,eclipsing_binary
1393.9471029879908,1.0002347,0.00047585485,3815360,eclipsing_binary
1393.9484918656078,1.0002872,0.00047593625,3815360,eclipsing_binary
1393.94988074276,1.0005388,0.00047601832,3815360,eclipsing_binary
1393.9512696203778,0.99979544,0.00047599248,3815360,eclipsing_binary
1393.9540473751463,0.99987113,0.00047587993,3815360,eclipsing_binary
1393.9554362527635,0.99942356,0.00047576986,3815360,eclipsing_binary
1393.9568251303806,0.9992979,0.0004760302,3815360,eclipsing_binary
1393.9582140075327,1.0002606,0.0004761305,3815360,eclipsing_binary
1393.9596028851506,1.0004474,0.00047609428,3815360,eclipsing_binary
1393.9609917627677,1.0008975,0.0004763121,3815360,eclipsing_binary
1393.96238063992,1.0000532,0.000476384,3815360,eclipsing_binary
1393.9637695175377,0.99987,0.0004760873,3815360,eclipsing_binary
1393.965158395155,0.9997913,0.00047624804,3815360,eclipsing_binary
1393.966547272307,1.0003346,0.00047624105,3815360,eclipsing_binary
1393.9679361499248,0.99953353,0.00047614824,3815360,eclipsing_binary
1393.969325027542,0.9997479,0.00047621722,3815360,eclipsing_binary
1393.970713904694,0.99928284,0.00047622976,3815360,eclipsing_binary
1393.972102782312,0.9996882,0.00047621454,3815360,eclipsing_binary
1393.973491659929,1.0004623,0.0004763775,3815360,eclipsing_binary
1393.9748805370812,0.9990796,0.00047611687,3815360,eclipsing_binary
1393.976269414699,0.99938667,0.00047622094,3815360,eclipsing_binary
1393.9776582923162,0.99945813,0.00047640564,3815360,eclipsing_binary
1393.9790471694675,0.999744,0.00047634894,3815360,eclipsing_binary
1393.9804360470853,0.9993667,0.0004762807,3815360,eclipsing_binary
1393.9818249247032,1.0006704,0.00047651463,3815360,eclipsing_binary
1393.9832138018546,0.9995563,0.0004764599,3815360,eclipsing_binary
1393.9846026794726,0.9993052,0.00047635456,3815360,eclipsing_binary
1393.9859915570903,0.9995274,0.00047641937,3815360,eclipsing_binary
1393.987380434242,1.0000541,0.0004765686,3815360,eclipsing_binary
1393.9887693118596,1.0000532,0.0004765781,3815360,eclipsing_binary
1393.9901581894774,1.0001483,0.0004765747,3815360,eclipsing_binary
1393.9915470666288,0.9996244,0.0004764922,3815360,eclipsing_binary
1393.9929359442467,1.0000781,0.00047663142,3815360,eclipsing_binary
1393.994324821399,0.99968445,0.0004766638,3815360,eclipsing_binary
1393.995713699016,0.99987763,0.00047677182,3815360,eclipsing_binary
1393.9971025766338,1.000216,0.00047671344,3815360,eclipsing_binary
1393.9984914537858,0.9996041,0.00047664173,3815360,eclipsing_binary
1393.9998803314031,1.0005922,0.0004769539,3815360,eclipsing_binary
1394.0012692090208,1.0002694,0.0004769805,3815360,eclipsing_binary
1394.0026580861731,1.0002085,0.00047703265,3815360,eclipsing_binary
1394.0040469637902,1.0005748,0.0004769372,3815360,eclipsing_binary
1394.0054358414081,1.0000473,0.0004769561,3815360,eclipsing_binary
1394.0068247185602,1.0004067,0.00047694787,3815360,eclipsing_binary
1394.0082135961773,0.99984366,0.00047682697,3815360,eclipsing_binary
1394.009602473795,0.9996136,0.0004769068,3815360,eclipsing_binary
1394.0109913509473,0.999301,0.00047690963,3815360,eclipsing_binary
1394.0123802285643,0.99962527,0.00047691813,3815360,eclipsing_binary
1394.0151579833343,1.0006666,0.00047714397,3815360,eclipsing_binary
1394.0165468609516,1.00098,0.000477251,3815360,eclipsing_binary
1394.0179357385687,0.9999765,0.00047710445,3815360,eclipsing_binary
1394.0193246157207,0.9989291,0.00047702304,3815360,eclipsing_binary
1394.0207134933385,0.99926424,0.00047705878,3815360,eclipsing_binary
1394.0221023709557,0.9999248,0.0004772365,3815360,eclipsing_binary
1394.0234912481078,0.9985701,0.0004770307,3815360,eclipsing_binary
1394.0248801257258,1.0000675,0.00047727433,3815360,eclipsing_binary
1394.0262690028771,0.99997616,0.00047731464,3815360,eclipsing_binary
1394.027657880495,1.0000381,0.000477321,3815360,eclipsing_binary
1394.0290467581128,1.0004293,0.00047749002,3815360,eclipsing_binary
1394.0304356352642,0.9992076,0.0004773492,3815360,eclipsing_binary
1394.0318245128815,1.0004973,0.00047748533,3815360,eclipsing_binary
1394.0332133904985,1.0003195,0.00047760873,3815360,eclipsing_binary
1394.03460226765,0.9997155,0.00047742343,3815360,eclipsing_binary
1394.0359911452679,1.0006406,0.00047765044,3815360,eclipsing_binary
1394.0373800228856,0.9991086,0.0004773439,3815360,eclipsing_binary
1394.0387689000372,0.99987173,0.0004776349,3815360,eclipsing_binary
1394.040157777655,0.9998958,0.00047754296,3815360,eclipsing_binary
1394.0415466552727,1.0005304,0.0004777296,3815360,eclipsing_binary
1394.042935532424,0.9996137,0.00047756606,3815360,eclipsing_binary
1394.044324410042,0.9999363,0.00047762718,3815360,eclipsing_binary
1394.0457132876597,0.99982244,0.0004777101,3815360,eclipsing_binary
1394.0471021648113,0.99928623,0.00047781237,3815360,eclipsing_binary
1394.048491042429,1.0000838,0.0004778195,3815360,eclipsing_binary
1394.0498799200468,1.0000398,0.00047780358,3815360,eclipsing_binary
1394.0512687971984,1.0011308,0.0004779777,3815360,eclipsing_binary
1394.0526576748161,0.99997395,0.000477913,3815360,eclipsing_binary
1394.0540465519684,0.9995489,0.00047795085,3815360,eclipsing_binary
1394.0554354295855,0.99951,0.000477817,3815360,eclipsing_binary
1394.0568243072025,1.0001715,0.00047806304,3815360,eclipsing_binary
1394.0582131843548,1.0005208,0.0004781543,3815360,eclipsing_binary
1394.0596020619726,1.0001916,0.00047816386,3815360,eclipsing_binary
1394.0609909395898,1.0003905,0.00047804622,3815360,eclipsing_binary
1394.062379816742,0.9996162,0.0004780254,3815360,eclipsing_binary
1394.0637686943596,1.0007306,0.00047817916,3815360,eclipsing_binary
1394.0651575719767,1.0006208,0.0004782764,3815360,eclipsing_binary
1394.066546449129,0.9997531,0.0004781276,3815360,eclipsing_binary
1394.0679353267467,0.9999025,0.00047820772,3815360,eclipsing_binary
1394.069324204364,1.0001634,0.00047843522,3815360,eclipsing_binary
1394.070713081516,1.0001755,0.00047835617,3815360,eclipsing_binary
1394.0721019591338,0.9995765,0.00047846645,3815360,eclipsing_binary
1394.073490836751,0.9997246,0.00047842745,3815360,eclipsing_binary
1394.074879713903,1.0001281,0.00047855868,3815360,eclipsing_binary
1394.076268591521,1.0000561,0.00047848676,3815360,eclipsing_binary
1394.077657469138,0.9994863,0.00047829558,3815360,eclipsing_binary
1394.0790463462902,1.0000776,0.0004785113,3815360,eclipsing_binary
1394.080435223908,1.0005345,0.00047866724,3815360,eclipsing_binary
1394.0818241015252,0.99992704,0.0004785406,3815360,eclipsing_binary
1394.0832129786772,1.0004671,0.0004787479,3815360,eclipsing_binary
1394.0846018562952,1.0001853,0.0004787043,3815360,eclipsing_binary
1394.0859907339122,0.9996158,0.00047867876,3815360,eclipsing_binary
1394.0873796110645,0.9999438,0.00047865463,3815360,eclipsing_binary
1394.0887684886823,1.0010912,0.0004789128,3815360,eclipsing_binary
1394.0901573662993,0.9996581,0.00047875525,3815360,eclipsing_binary
1394.0915462434514,0.99968255,0.00047872102,3815360,eclipsing_binary
1394.0929351210693,0.99939656,0.00047872387,3815360,eclipsing_binary
1394.0943239986864,0.9991364,0.00047875693,3815360,eclipsing_binary
1394.0957128758387,0.99973446,0.00047886683,3815360,eclipsing_binary
1394.0971017534564,0.99990946,0.00047889884,3815360,eclipsing_binary
1394.098490630608,0.99929714,0.00047892178,3815360,eclipsing_binary
1394.099879508225,0.9991429,0.0004790628,3815360,eclipsing_binary
1394.1012683858428,0.9996809,0.0004790225,3815360,eclipsing_binary
1394.1026572629949,0.99941105,0.00047892498,3815360,eclipsing_binary
1394.1040461406121,1.0000188,0.000479122,3815360,eclipsing_binary
1394.1054350182299,1.000901,0.00047941715,3815360,eclipsing_binary
1394.1068238953821,0.9992952,0.00047918482,3815360,eclipsing_binary
1394.1082127729992,1.000035,0.000479188,3815360,eclipsing_binary
1394.1096016506172,1.0001179,0.00047915705,3815360,eclipsing_binary
1394.1109905277692,1.0000234,0.00047937213,3815360,eclipsing_binary
1394.1123794053856,1.0001357,0.00047929925,3815360,eclipsing_binary
1394.1137682830026,0.9989381,0.00047913572,3815360,eclipsing_binary
1394.115157160155,0.99974126,0.00047935886,3815360,eclipsing_binary
1394.116546037772,0.99919975,0.0004793625,3815360,eclipsing_binary
1394.11793491539,1.0001833,0.00047949995,3815360,eclipsing_binary
1394.119323792542,1.00012,0.0004795651,3815360,eclipsing_binary
1394.1207126701593,0.999521,0.0004794056,3815360,eclipsing_binary
1394.122101547777,1.0003543,0.00047974553,3815360,eclipsing_binary
1394.123490424929,1.0001582,0.00047962664,3815360,eclipsing_binary
1394.124879302546,0.9996401,0.0004796321,3815360,eclipsing_binary
1394.126268180164,1.0004058,0.00047985488,3815360,eclipsing_binary
1394.1276570573161,1.0000489,0.00047980525,3815360,eclipsing_binary
1394.1290459349334,1.0002677,0.0004797719,3815360,eclipsing_binary
1394.1304348125511,0.9990164,0.00047978526,3815360,eclipsing_binary
1394.1318236897032,0.999462,0.00048005368,3815360,eclipsing_binary
1394.1332125673205,1.0000678,0.00047996867,3815360,eclipsing_binary
1394.1346014449382,1.0003746,0.0004800218,3815360,eclipsing_binary
1394.1359903220905,0.99929804,0.00047976783,3815360,eclipsing_binary
1394.1373791997075,1.0003206,0.00048006928,3815360,eclipsing_binary
1394.1387680773246,0.99983895,0.00047994248,3815360,eclipsing_binary
1394.1401569544769,1.0004432,0.00048011667,3815360,eclipsing_binary
1394.1415458320946,1.000072,0.00048015735,3815360,eclipsing_binary
1394.1429347097119,1.0001203,0.0004802479,3815360,eclipsing_binary
1394.1443235873296,1.0007046,0.00048038887,3815360,eclipsing_binary
1394.1457124644817,1.0001434,0.0004802797,3815360,eclipsing_binary
1394.1471013420987,0.9996665,0.00048019842,3815360,eclipsing_binary
1394.1484902197167,0.9993287,0.00048037322,3815360,eclipsing_binary
1394.1498790968687,0.99973553,0.0004803139,3815360,eclipsing_binary
1394.151267974486,1.0000988,0.00048043838,3815360,eclipsing_binary
1394.1526568521037,1.0010368,0.00048068212,3815360,eclipsing_binary
1394.1540457292558,0.9999667,0.00048042648,3815360,eclipsing_binary
1394.155434606873,1.0009698,0.00048078684,3815360,eclipsing_binary
1394.1568234844908,0.99970055,0.00048066836,3815360,eclipsing_binary
1394.158212361643,0.99912053,0.00048054458,3815360,eclipsing_binary
1394.1596012392602,1.0003043,0.0004807648,3815360,eclipsing_binary
1394.1609901168779,0.9999575,0.0004807963,3815360,eclipsing_binary
1394.16237899403,1.0002757,0.00048086382,3815360,eclipsing_binary
1394.1637678716472,0.99958456,0.00048068695,3815360,eclipsing_binary
1394.165156749265,1.0008224,0.00048103352,3815360,eclipsing_binary
1394.1665456264172,1.0008829,0.00048113047,3815360,eclipsing_binary
1394.1679345040343,1.0006673,0.000481067,3815360,eclipsing_binary
1394.1693233816522,1.0002177,0.00048118597,3815360,eclipsing_binary
1394.1707122588043,1.0000734,0.00048105494,3815360,eclipsing_binary
1394.1721011364214,1.000852,0.00048123137,3815360,eclipsing_binary
1394.173490014039,1.0001941,0.00048120017,3815360,eclipsing_binary
1394.174878891657,0.99892765,0.00048094752,3815360,eclipsing_binary
1394.1762677688084,0.99986386,0.00048121111,3815360,eclipsing_binary
1394.1776566464257,0.99924314,0.00048113897,3815360,eclipsing_binary
1394.1790455240434,1.0001298,0.0004813875,3815360,eclipsing_binary
1394.1804344011957,1.0009084,0.00048140922,3815360,eclipsing_binary
1394.1818232788128,0.99931633,0.00048126027,3815360,eclipsing_binary
1394.1832121564305,0.99995756,0.0004814356,3815360,eclipsing_binary
1394.1846010335826,1.0003843,0.0004816931,3815360,eclipsing_binary
1394.1859899111998,1.0006402,0.0004816757,3815360,eclipsing_binary
1394.1873787888176,1.0006636,0.00048161417,3815360,eclipsing_binary
1394.1887676659699,0.99981576,0.00048166473,3815360,eclipsing_binary
1394.190156543587,1.0001456,0.0004817396,3815360,eclipsing_binary
1394.1915454212049,1.0000293,0.00048169968,3815360,eclipsing_binary
1394.1929342988226,0.9999197,0.00048167846,3815360,eclipsing_binary
1394.1943231759733,1.0000255,0.00048173658,3815360,eclipsing_binary
1394.1957120535903,1.0000044,0.0004818032,3815360,eclipsing_binary
1394.1971009312083,1.0001341,0.00048192707,3815360,eclipsing_binary
1394.1984898083597,0.9995306,0.00048168952,3815360,eclipsing_binary
1394.1998786859776,0.9997183,0.0004819439,3815360,eclipsing_binary
1394.2012675635954,0.9993863,0.00048179316,3815360,eclipsing_binary
1394.2026564412126,1.0001501,0.00048199043,3815360,eclipsing_binary
1394.2040453183647,1.0005308,0.0004821982,3815360,eclipsing_binary
1394.2054341959824,1.0000132,0.00048216994,3815360,eclipsing_binary
1394.2068230735995,0.999007,0.0004818463,3815360,eclipsing_binary
1394.2082119507518,0.99998075,0.0004820975,3815360,eclipsing_binary
1394.2096008283695,1.0000666,0.00048209314,3815360,eclipsing_binary
1394.2109897059868,0.9997848,0.00048206592,3815360,eclipsing_binary
1394.2123785831388,0.99960804,0.0004820738,3815360,eclipsing_binary
1394.2137674607566,0.99851656,0.00048208717,3815360,eclipsing_binary
1394.2151563383738,0.9997811,0.00048239098,3815360,eclipsing_binary
1394.216545215991,1.0010899,0.00048251677,3815360,eclipsing_binary
1394.217934093143,1.0004922,0.00048249646,3815360,eclipsing_binary
1394.219322970761,0.9994905,0.00048224226,3815360,eclipsing_binary
1394.220711848378,0.9999183,0.0004823758,3815360,eclipsing_binary
1394.222100725996,1.0003947,0.00048279858,3815360,eclipsing_binary
1394.223489603148,0.9992048,0.0004823825,3815360,eclipsing_binary
1394.2248784807653,1.0000192,0.00048259084,3815360,eclipsing_binary
1394.226267358383,0.9995844,0.00048237975,3815360,eclipsing_binary
1394.227656235535,0.99976516,0.00048263933,3815360,eclipsing_binary
1394.229045113152,0.999195,0.00048242952,3815360,eclipsing_binary
1394.23043399077,0.99989694,0.00048261866,3815360,eclipsing_binary
1394.2318228683878,0.9998636,0.0004827381,3815360,eclipsing_binary
1394.2332117455394,0.99919933,0.00048256613,3815360,eclipsing_binary
1394.2346006231571,1.000418,0.00048295964,3815360,eclipsing_binary
1394.2359895007748,1.0000315,0.00048299608,3815360,eclipsing_binary
1394.2373783783921,0.99983644,0.00048288726,3815360,eclipsing_binary
1394.2387672555442,1.0021135,0.00048337644,3815360,eclipsing_binary
1394.2401561331621,0.99942017,0.00048295688,3815360,eclipsing_binary
1394.2415450107792,0.99919546,0.0004827821,3815360,eclipsing_binary
1394.2429338879313,1.0000914,0.00048310624,3815360,eclipsing_binary
1394.244322765549,0.9998835,0.00048302754,3815360,eclipsing_binary
1394.2457116431663,1.0003614,0.0004832646,3815360,eclipsing_binary
1394.247100520784,0.9993322,0.00048318147,3815360,eclipsing_binary
1394.2484893979363,0.99941105,0.00048325842,3815360,eclipsing_binary
1394.2498782755533,0.99932665,0.00048317004,3815360,eclipsing_binary
1394.2512671531713,0.9997671,0.00048309518,3815360,eclipsing_binary
1394.252656030789,0.9998843,0.00048349155,3815360,eclipsing_binary
1394.2540449079404,0.99952644,0.00048341474,3815360,eclipsing_binary
1394.2554337855581,0.9996187,0.00048335537,3815360,eclipsing_binary
1394.256822663176,1.0001494,0.00048353843,3815360,eclipsing_binary
1394.2582115407931,0.9993368,0.00048336026,3815360,eclipsing_binary
1394.2596004179447,0.9992444,0.0004835883,3815360,eclipsing_binary
1394.2609892955625,0.99937546,0.0004837078,3815360,eclipsing_binary
1394.2623781731804,0.9991817,0.00048346413,3815360,eclipsing_binary
1394.2637670507975,0.99995655,0.00048370167,3815360,eclipsing_binary
1394.2651559279495,0.9997102,0.00048378608,3815360,eclipsing_binary
1394.2665448055673,1.000453,0.0004839503,3815360,eclipsing_binary
1394.2679336831845,0.9998029,0.0004838279,3815360,eclipsing_binary
1394.2693225608023,1.0003185,0.0004840475,3815360,eclipsing_binary
1394.2707114379546,0.9999836,0.00048409397,3815360,eclipsing_binary
1394.2721003155716,0.99976414,0.0004840185,3815360,eclipsing_binary
1394.2734891931896,0.9997545,0.00048414647,3815360,eclipsing_binary
1394.2748780708073,0.9995048,0.0004840854,3815360,eclipsing_binary
1394.2762669479587,0.99973136,0.00048410663,3815360,eclipsing_binary
1394.2776558255764,0.9997491,0.00048414906,3815360,eclipsing_binary
1394.2790447031937,0.9995812,0.00048423267,3815360,eclipsing_binary
1394.28043358081,0.99859226,0.0004841194,3815360,eclipsing_binary
1394.281822458428,0.9999619,0.0004843303,3815360,eclipsing_binary
1394.28321133558,0.9992103,0.00048446388,3815360,eclipsing_binary
1394.2846002131973,0.9994733,0.0004843852,3815360,eclipsing_binary
1394.285989090815,0.99950176,0.000484362,3815360,eclipsing_binary
1394.2873779684328,1.0006386,0.00048460872,3815360,eclipsing_binary
1394.2887668455842,0.9998772,0.00048457255,3815360,eclipsing_binary
1394.2901557232021,0.99984664,0.0004846998,3815360,eclipsing_binary
1394.29154460082,1.0012928,0.00048481298,3815360,eclipsing_binary
1394.2929334784371,0.99919623,0.0004846596,3815360,eclipsing_binary
1394.2943223560549,0.9999967,0.00048469513,3815360,eclipsing_binary
1394.295711233207,0.99987864,0.0004849559,3815360,eclipsing_binary
1394.2971001108242,0.9996217,0.0004848094,3815360,eclipsing_binary
1394.2984889884412,0.99982285,0.00048486431,3815360,eclipsing_binary
1394.299877866059,0.9997065,0.0004849063,3815360,eclipsing_binary
1394.3012667432113,1.0002633,0.00048502808,3815360,eclipsing_binary
1394.3026556208283,1.0002487,0.0004849457,3815360,eclipsing_binary
1394.3040444984463,0.9998676,0.0004851763,3815360,eclipsing_binary
1394.305433376064,1.0006095,0.00048533175,3815360,eclipsing_binary
1394.3068222536813,0.9994572,0.0004851368,3815360,eclipsing_binary
1394.3082111308333,0.99974746,0.000485344,3815360,eclipsing_binary
1394.309600008451,0.9999678,0.00048530693,3815360,eclipsing_binary
1394.3109888860681,0.9995423,0.00048535506,3815360,eclipsing_binary
1394.312377763686,0.9993978,0.00048539962,3815360,eclipsing_binary
1394.3137666413038,0.9995145,0.0004853962,3815360,eclipsing_binary
1394.3151555184554,1.000036,0.00048535824,3815360,eclipsing_binary
1394.3165443960731,1.00031,0.00048544898,3815360,eclipsing_binary
1394.3179332736909,1.0001602,0.00048566237,3815360,eclipsing_binary
1394.3193221513081,0.99936277,0.00048545699,3815360,eclipsing_binary
1394.3207110289259,0.999761,0.0004854689,3815360,eclipsing_binary
1394.3220999065438,0.9997756,0.0004856217,3815360,eclipsing_binary
1394.3234887836952,0.99996126,0.00048578967,3815360,eclipsing_binary
1394.3248776613132,0.99982136,0.00048574177,3815360,eclipsing_binary
1394.326266538931,0.9991769,0.00048554488,3815360,eclipsing_binary
1394.327655416548,0.9992735,0.000485589,3815360,eclipsing_binary
1394.3290442941657,1.0002495,0.00048575478,3815360,eclipsing_binary
1394.330433171318,1.000024,0.0004858247,3815360,eclipsing_binary
1394.331822048935,1.0003242,0.00048601028,3815360,eclipsing_binary
1394.333210926553,0.9997045,0.00048596197,3815360,eclipsing_binary
1394.3345998041707,0.9994303,0.00048592308,3815360,eclipsing_binary
1394.3359886817877,1.0020931,0.00048650146,3815360,eclipsing_binary
1394.337377559405,0.9997193,0.00048603004,3815360,eclipsing_binary
1394.338766436557,0.9996842,0.00048608304,3815360,eclipsing_binary
1394.3401553141748,0.9995361,0.00048597946,3815360,eclipsing_binary
1394.341544191792,0.9993373,0.0004860895,3815360,eclipsing_binary
1394.3429330694098,0.99908894,0.00048613784,3815360,eclipsing_binary
1394.3443219470278,1.0007592,0.00048651066,3815360,eclipsing_binary
1394.3457108246448,0.99983096,0.00048649256,3815360,eclipsing_binary
1394.3470997017969,1.0008786,0.00048648176,3815360,eclipsing_binary
1394.3484885794146,0.9998061,0.00048640865,3815360,eclipsing_binary
1394.3498774570319,1.0000261,0.0004864572,3815360,eclipsing_binary
1394.3512663346496,1.0003997,0.0004865961,3815360,eclipsing_binary
1394.3526552122676,0.99966383,0.00048654457,3815360,eclipsing_binary
1394.3540440898846,0.9995619,0.00048649692,3815360,eclipsing_binary
1394.3554329675026,0.9992624,0.00048648304,3815360,eclipsing_binary
1394.3568218446546,1.0005201,0.00048690883,3815360,eclipsing_binary
1394.3582107222717,1.0005203,0.00048695307,3815360,eclipsing_binary
1394.3595995998894,1.0001451,0.00048676398,3815360,eclipsing_binary
1394.3609884775074,0.9999983,0.00048667815,3815360,eclipsing_binary
1394.3623773551244,1.00026,0.00048697833,3815360,eclipsing_binary
1394.3637662327424,0.99959296,0.0004865929,3815360,eclipsing_binary
1394.36515511036,0.9994296,0.00048690723,3815360,eclipsing_binary
1394.3665439875108,0.9997455,0.0004869386,3815360,eclipsing_binary
1394.367932865128,0.99972504,0.00048706404,3815360,eclipsing_binary
1394.3693217427458,0.9998402,0.00048701602,3815360,eclipsing_binary
1394.3707106203628,1.0006915,0.0004872264,3815360,eclipsing_binary
1394.3720994979808,1.0008384,0.0004871721,3815360,eclipsing_binary
1394.3734883755988,0.9987183,0.0004869647,3815360,eclipsing_binary
1394.3748772532158,1.0002412,0.00048727763,3815360,eclipsing_binary
1394.3762661308328,0.99953824,0.00048724687,3815360,eclipsing_binary
1394.3776550079851,1.0006311,0.00048748363,3815360,eclipsing_binary
1394.3790438856029,1.0005609,0.000487482,3815360,eclipsing_binary
1394.38043276322,1.0006651,0.00048759556,3815360,eclipsing_binary
1394.3818216408376,0.99992484,0.00048751914,3815360,eclipsing_binary
1394.3832105184556,0.9998357,0.00048756052,3815360,eclipsing_binary
1394.3845993960726,1.0010204,0.00048783256,3815360,eclipsing_binary
1394.3859882736906,1.0002658,0.00048778212,3815360,eclipsing_binary
1394.3873771513083,1.001098,0.00048777406,3815360,eclipsing_binary
1394.3887660289256,0.99969906,0.0004877308,3815360,eclipsing_binary
1394.3901549060777,0.99989617,0.00048777502,3815360,eclipsing_binary
1394.3915437836954,0.99957794,0.00048774385,3815360,eclipsing_binary
1394.3929326613124,0.9998485,0.00048798526,3815360,eclipsing_binary
1394.3943215389304,0.9999323,0.00048778486,3815360,eclipsing_binary
1394.3957104165484,0.9999072,0.00048803032,3815360,eclipsing_binary
1394.3970992941654,1.0005859,0.00048827883,3815360,eclipsing_binary
1394.3984881717831,1.0003293,0.0004881564,3815360,eclipsing_binary
1394.3998770494009,1.000292,0.0004883282,3815360,eclipsing_binary
1394.4012659270181,0.99982315,0.00048827825,3815360,eclipsing_binary
1394.4026548046359,1.0002679,0.0004884117,3815360,eclipsing_binary
1394.4040436822538,1.0007023,0.0004886337,3815360,eclipsing_binary
1394.4054325598709,0.9999124,0.0004884328,3815360,eclipsing_binary
1394.4068214370232,1.000106,0.00048849895,3815360,eclipsing_binary
1394.4082103146409,0.9996265,0.0004885553,3815360,eclipsing_binary
1394.409599192258,1.0007346,0.0004887387,3815360,eclipsing_binary
1394.4109880698757,1.0001335,0.0004886178,3815360,eclipsing_binary
1394.4123769474936,1.0001428,0.00048874354,3815360,eclipsing_binary
1394.4137658251107,0.9996133,0.0004887181,3815360,eclipsing_binary
1394.4151547027286,1.0008899,0.0004888285,3815360,eclipsing_binary
1394.4165435803463,0.999977,0.0004887832,3815360,eclipsing_binary
1394.4179324579636,1.0002171,0.00048905145,3815360,eclipsing_binary
1394.4193213355807,0.99966586,0.00048901304,3815360,eclipsing_binary
1394.4207102131984,1.000274,0.00048910826,3815360,eclipsing_binary
1394.4220990908161,0.999888,0.00048923085,3815360,eclipsing_binary
1394.4234879684334,1.0011379,0.0004894792,3815360,eclipsing_binary
1394.4248768460511,1.0004264,0.0004894834,3815360,eclipsing_binary
1394.426265723669,0.9998046,0.00048943085,3815360,eclipsing_binary
1394.4276546012861,1.0002098,0.00048939395,3815360,eclipsing_binary
1394.429043478904,1.0002204,0.00048956583,3815360,eclipsing_binary
1394.4304323565218,1.000418,0.0004895684,3815360,eclipsing_binary
1394.4318212341389,1.0000485,0.00048979395,3815360,eclipsing_binary
1394.433210111291,0.9999343,0.0004896647,3815360,eclipsing_binary
1394.4345989889089,1.0003688,0.0004899051,3815360,eclipsing_binary
1394.435987866526,1.000774,0.00049009064,3815360,eclipsing_binary
1394.4373767441439,1.000421,0.00049007696,3815360,eclipsing_binary
1394.4387656217616,1.0007029,0.0004900025,3815360,eclipsing_binary
1394.4401544993787,0.99930966,0.00049010804,3815360,eclipsing_binary
1394.4415433769964,0.9992005,0.00048990565,3815360,eclipsing_binary
1394.4429322546143,1.0004895,0.0004903744,3815360,eclipsing_binary
1394.4443211322314,0.9995312,0.00049041735,3815360,eclipsing_binary
1394.4457100098493,0.99999326,0.0004900802,3815360,eclipsing_binary
1394.447098887467,0.99982136,0.0004904398,3815360,eclipsing_binary
1394.4484877650843,1.0003885,0.0004905631,3815360,eclipsing_binary
1394.449876642702,1.0003067,0.0004908342,3815360,eclipsing_binary
1394.4512655203198,0.99997187,0.0004907389,3815360,eclipsing_binary
1394.452654397937,1.0007831,0.000491268,3815360,eclipsing_binary
1394.4540432755548,1.0000783,0.0004909322,3815360,eclipsing_binary
1394.4554321531728,0.9995846,0.0004908779,3815360,eclipsing_binary
1394.4568210307891,0.99918765,0.00049100583,3815360,eclipsing_binary
1394.4582099084055,1.0000676,0.0004913582,3815360,eclipsing_binary
1394.4595987860234,1.0001466,0.0004913993,3815360,eclipsing_binary
1394.4609876636412,1.0001163,0.0004914645,3815360,eclipsing_binary
1394.4623765412582,0.9995348,0.00049145875,3815360,eclipsing_binary
1394.463765418876,1.0001268,0.0004915773,3815360,eclipsing_binary
1394.465154296494,1.0004449,0.0004918483,3815360,eclipsing_binary
1394.466543174111,1.0001507,0.0004919082,3815360,eclipsing_binary
1394.467932051729,0.9997782,0.00049195584,3815360,eclipsing_binary
1394.4693209298123,0.9994655,0.0004920005,3815360,eclipsing_binary
1394.4707098074296,0.99970305,0.00049209216,3815360,eclipsing_binary
1394.4720986850473,0.9997065,0.0004922527,3815360,eclipsing_binary
1394.473487562665,1.0001957,0.00049235154,3815360,eclipsing_binary
1394.474876440282,0.99959517,0.0004922775,3815360,eclipsing_binary
1394.4762653179,1.0001975,0.0004924763,3815360,eclipsing_binary
1394.477654195518,0.9992873,0.0004926501,3815360,eclipsing_binary
1394.479043073135,0.99963063,0.00049271435,3815360,eclipsing_binary
1394.4804319507527,1.000118,0.00049280695,3815360,eclipsing_binary
1394.4818208283705,0.99935156,0.00049258297,3815360,eclipsing_binary
1394.4832097059877,1.0002207,0.00049302547,3815360,eclipsing_binary
1394.4845985836055,1.0005716,0.00049322285,3815360,eclipsing_binary
1394.4859874612234,1.0004444,0.0004933415,3815360,eclipsing_binary
1394.4873763388405,0.99996126,0.00049340195,3815360,eclipsing_binary
1394.4887652164584,1.0001872,0.0004935261,3815360,eclipsing_binary
1394.4901540940762,1.0000012,0.0004935709,3815360,eclipsing_binary
1394.4915429716932,1.0005373,0.0004937942,3815360,eclipsing_binary
1394.492931849311,0.99952525,0.00049383444,3815360,eclipsing_binary
1394.4943207273946,1.0003526,0.0004939565,3815360,eclipsing_binary
1394.4957096050116,0.9993834,0.0004940295,3815360,eclipsing_binary
1394.4970984826286,0.99903923,0.0004940224,3815360,eclipsing_binary
1394.4984873602466,0.9997885,0.0004942966,3815360,eclipsing_binary
1394.4998762378646,0.9995307,0.00049422286,3815360,eclipsing_binary
1394.5012651154816,0.9987407,0.000494401,3815360,eclipsing_binary
1394.5026539930993,1.0002836,0.00049480214,3815360,eclipsing_binary
1394.504042870717,1.000999,0.000495117,3815360,eclipsing_binary
1394.5054317483343,0.9994446,0.00049487274,3815360,eclipsing_binary
1394.506820625952,1.000581,0.00049518223,3815360,eclipsing_binary
1394.50820950357,0.99907863,0.0004950763,3815360,eclipsing_binary
1394.5095983816527,0.9990286,0.00049536885,3815360,eclipsing_binary
1394.5109872592707,0.9986682,0.00049539056,3815360,eclipsing_binary
1394.5123761368884,0.9997992,0.0004956863,3815360,eclipsing_binary
1394.5137650145055,0.99963003,0.0004956455,3815360,eclipsing_binary
1394.5151538921232,0.9998682,0.0004958092,3815360,eclipsing_binary
1394.5165427697411,1.0000135,0.00049609516,3815360,eclipsing_binary
1394.5179316473582,0.9996926,0.00049606885,3815360,eclipsing_binary
1394.5193205249761,0.99948794,0.00049626385,3815360,eclipsing_binary
1394.5207094030595,0.9994954,0.00049640745,3815360,eclipsing_binary
1394.5220982806768,0.9999136,0.0004965786,3815360,eclipsing_binary
1394.5234871582945,0.99930125,0.00049678166,3815360,eclipsing_binary
1394.5248760359123,1.0001562,0.00049686956,3815360,eclipsing_binary
1394.5262649135293,0.99967396,0.00049694965,3815360,eclipsing_binary
1394.5276537911473,1.0001329,0.0004971925,3815360,eclipsing_binary
1394.529042668765,1.0000893,0.00049718644,3815360,eclipsing_binary
1394.530431546848,0.99966776,0.00049741374,3815360,eclipsing_binary
1394.5318204244656,0.99965495,0.00049736653,3815360,eclipsing_binary
1394.5332093020834,1.0000256,0.00049767597,3815360,eclipsing_binary
1394.5345981797007,1.0001203,0.0004978959,3815360,eclipsing_binary
1394.5359870573184,0.9992329,0.00049777306,3815360,eclipsing_binary
1394.5373759349363,1.0000714,0.0004980455,3815360,eclipsing_binary
1394.5387648125534,0.99956715,0.00049810275,3815360,eclipsing_binary
1394.540153690636,1.0001006,0.0004984747,3815360,eclipsing_binary
1394.541542568254,1.0008845,0.0004987314,3815360,eclipsing_binary
1394.5429314458718,0.99981564,0.0004985385,3815360,eclipsing_binary
1394.5443203234888,1.0001497,0.00049875205,3815360,eclipsing_binary
1394.5457092011065,0.99960905,0.0004989403,3815360,eclipsing_binary
1394.5470980791902,0.999758,0.00049918983,3815360,eclipsing_binary
1394.5484869568072,0.99870086,0.00049919146,3815360,eclipsing_binary
1394.5498758344252,0.9991573,0.00049945404,3815360,eclipsing_binary
1394.5512647120422,0.9990981,0.0004993009,3815360,eclipsing_binary
1394.5526535896588,0.9996745,0.0004996369,3815360,eclipsing_binary
1394.5540424677422,0.9998983,0.0004997285,3815360,eclipsing_binary
1394.55543134536,0.99923515,0.00049977953,3815360,eclipsing_binary
1394.556820222977,0.999426,0.00050008635,3815360,eclipsing_binary
1394.558209100595,0.9999788,0.0005002682,3815360,eclipsing_binary
1394.5595979782129,0.99915284,0.0005003056,3815360,eclipsing_binary
1394.5609868562956,0.99948746,0.0005004096,3815360,eclipsing_binary
1394.5623757339133,0.99972796,0.0005006552,3815360,eclipsing_binary
1394.563764611531,0.9999907,0.00050080527,3815360,eclipsing_binary
1394.5651534891483,1.0004996,0.0005010515,3815360,eclipsing_binary
1394.5665423672317,0.9996619,0.00050105515,3815360,eclipsing_binary
1394.5679312448497,1.0000335,0.00050134095,3815360,eclipsing_binary
1394.5693201224667,0.99952424,0.00050133816,3815360,eclipsing_binary
1394.5707090000847,0.99958146,0.0005013614,3815360,eclipsing_binary
1394.5720978777024,0.99969715,0.0005016426,3815360,eclipsing_binary
1394.573486755785,0.999462,0.00050182,3815360,eclipsing_binary
1394.5748756334028,0.9994885,0.00050195475,3815360,eclipsing_binary
1394.5762645110208,0.9999788,0.00050217845,3815360,eclipsing_binary
1394.5776533891035,0.99999696,0.0005023623,3815360,eclipsing_binary
1394.5790422667205,0.9997772,0.0005023494,3815360,eclipsing_binary
1394.5804311443385,0.9988617,0.00050237984,3815360,eclipsing_binary
1394.5818200219564,0.9990807,0.0005028257,3815360,eclipsing_binary
1394.5832089000392,0.9992108,0.00050298596,3815360,eclipsing_binary
1394.5845977776569,1.0004615,0.00050310226,3815360,eclipsing_binary
1394.5873755328919,0.999855,0.0005036002,3815360,eclipsing_binary
1394.5887644109753,1.0001308,0.0005035287,3815360,eclipsing_binary
1394.5901532885932,0.9988966,0.00050361064,3815360,eclipsing_binary
1394.5915421662103,1.0002122,0.00050381327,3815360,eclipsing_binary
1394.592931044294,0.9993519,0.0005039264,3815360,eclipsing_binary
1394.5943199219116,1.0001403,0.00050422014,3815360,eclipsing_binary
1394.5957087995287,0.99933946,0.00050430716,3815360,eclipsing_binary
1394.5970976771464,0.9994692,0.0005042902,3815360,eclipsing_binary
1394.59848655523,1.0001458,0.0005047809,3815360,eclipsing_binary
1394.599875432847,0.9994562,0.00050473877,3815360,eclipsing_binary
1394.601264310465,1.0009657,0.00050506066,3815360,eclipsing_binary
1394.6026531885484,1.0002033,0.0005050589,3815360,eclipsing_binary
1394.6040420661657,0.9990015,0.0005051378,3815360,eclipsing_binary
1394.6054309437834,0.99995357,0.000505602,3815360,eclipsing_binary
1394.6068198218668,0.9995874,0.00050551177,3815360,eclipsing_binary
1394.6082086994838,0.9995107,0.0005057275,3815360,eclipsing_binary
1394.6095975771018,0.9990386,0.0005059067,3815360,eclipsing_binary
1394.6109864551852,1.0005736,0.0005061452,3815360,eclipsing_binary
1394.6123753328025,1.0002303,0.000506331,3815360,eclipsing_binary
1394.6137642104202,1.0001228,0.00050627516,3815360,eclipsing_binary
1394.6151530885036,0.99940807,0.0005064926,3815360,eclipsing_binary
1396.6456937080397,0.9993012,0.00047159637,3815360,eclipsing_binary
1396.647082583792,1.0005012,0.00047186934,3815360,eclipsing_binary
1396.6484714595445,0.999507,0.00047175528,3815360,eclipsing_binary
1396.6498603348305,1.0006068,0.0004718386,3815360,eclipsing_binary
1396.651249210583,1.0002592,0.00047195517,3815360,eclipsing_binary
1396.6526380863347,1.000065,0.00047168217,3815360,eclipsing_binary
1396.65402696162,0.9998428,0.00047180423,3815360,eclipsing_binary
1396.6554158373717,0.9997371,0.00047173962,3815360,eclipsing_binary
1396.656804713124,0.9994502,0.0004717524,3815360,eclipsing_binary
1396.658193588411,1.0001715,0.000471803,3815360,eclipsing_binary
1396.6595824641627,0.99931777,0.00047186195,3815360,eclipsing_binary
1396.6609713394494,0.9991501,0.00047147763,3815360,eclipsing_binary
1396.6623602152017,1.0001974,0.00047184195,3815360,eclipsing_binary
1396.663749090488,1.0002697,0.00047180278,3815360,eclipsing_binary
1396.6651379662403,1.0007267,0.00047199978,3815360,eclipsing_binary
1396.666526841527,0.9994037,0.00047168223,3815360,eclipsing_binary
1396.667915716813,0.9992428,0.0004716566,3815360,eclipsing_binary
1396.6693045925654,0.99932086,0.00047166497,3815360,eclipsing_binary
1396.6706934678523,1.0000205,0.00047182152,3815360,eclipsing_binary
1396.672082343604,0.99983597,0.00047171483,3815360,eclipsing_binary
1396.67347121889,1.000345,0.00047186826,3815360,eclipsing_binary
1396.674860094177,0.9999756,0.000471714,3815360,eclipsing_binary
1396.6762489694636,1.0001962,0.0004717802,3815360,eclipsing_binary
1396.6776378452153,0.99946696,0.0004717528,3815360,eclipsing_binary
1396.679026720502,0.9997556,0.00047177507,3815360,eclipsing_binary
1396.6804155957889,0.9995565,0.00047170653,3815360,eclipsing_binary
1396.6818044710749,0.9995178,0.00047179082,3815360,eclipsing_binary
1396.6831933463616,0.9995563,0.0004717495,3815360,eclipsing_binary
1396.684582222114,1.0000443,0.0004717393,3815360,eclipsing_binary
1396.6859710974,0.9996609,0.00047170112,3815360,eclipsing_binary
1396.6873599726869,0.9997445,0.00047178924,3815360,eclipsing_binary
1396.6887488479736,1.0004814,0.00047190618,3815360,eclipsing_binary
1396.6901377232596,0.9992266,0.00047173933,3815360,eclipsing_binary
1396.6915265985456,0.9991933,0.0004716425,3815360,eclipsing_binary
1396.6929154738323,1.0006424,0.0004718834,3815360,eclipsing_binary
1396.6943043491192,0.99990964,0.00047171014,3815360,eclipsing_binary
1396.6956932244052,0.99963844,0.00047178447,3815360,eclipsing_binary
1396.697082099692,0.999128,0.00047175985,3815360,eclipsing_binary
1396.6984709749786,0.9996892,0.00047175604,3815360,eclipsing_binary
1396.6998598502648,1.0000672,0.0004717335,3815360,eclipsing_binary
1396.7012487255515,0.999921,0.0004717843,3815360,eclipsing_binary
1396.7026376003726,0.99946177,0.00047164116,3815360,eclipsing_binary
1396.7040264756588,0.9998848,0.00047173456,3815360,eclipsing_binary
1396.7054153509455,1.000891,0.00047188182,3815360,eclipsing_binary
1396.7068042262322,0.9999499,0.0004717694,3815360,eclipsing_binary
1396.7081931015182,0.9986413,0.00047164893,3815360,eclipsing_binary
1396.7095819763385,0.9996734,0.00047173596,3815360,eclipsing_binary
1396.7109708516255,0.99910104,0.00047167917,3815360,eclipsing_binary
1396.7123597269122,1.0003723,0.0004718617,3815360,eclipsing_binary
1396.7137486017325,0.99963224,0.00047171896,3815360,eclipsing_binary
1396.7151374770192,0.99951816,0.00047158718,3815360,eclipsing_binary
1396.7165263523061,0.99979573,0.00047171317,3815360,eclipsing_binary
1396.7179152271265,0.9998313,0.00047181596,3815360,eclipsing_binary
1396.7193041024132,1.0000865,0.0004717429,3815360,eclipsing_binary
1396.7206929772342,0.9998848,0.00047168523,3815360,eclipsing_binary
1396.7220818525202,1.0000008,0.00047175895,3815360,eclipsing_binary
1396.7234707273415,0.9991064,0.00047167705,3815360,eclipsing_binary
1396.7248596026282,0.9993554,0.00047174285,3815360,eclipsing_binary
1396.7262484774485,0.9994109,0.00047167853,3815360,eclipsing_binary
1396.7276373527347,0.9990028,0.00047176756,3815360,eclipsing_binary
1396.7290262275558,0.9991593,0.0004717605,3815360,eclipsing_binary
1396.7304151028425,0.99940956,0.00047173447,3815360,eclipsing_binary
1396.7318039776628,1.0003307,0.00047184105,3815360,eclipsing_binary
1396.733192852484,0.99999154,0.00047175333,3815360,eclipsing_binary
1396.7345817277708,0.999692,0.00047177725,3815360,eclipsing_binary
1396.7359706025911,0.9999454,0.0004718657,3815360,eclipsing_binary
1396.7373594774122,0.999335,0.0004716792,3815360,eclipsing_binary
1396.738748352699,1.0002979,0.00047192664,3815360,eclipsing_binary
1396.7401372275194,0.99946463,0.0004717069,3815360,eclipsing_binary
1396.7415261023405,1.0013057,0.00047210773,3815360,eclipsing_binary
1396.7429149771615,0.9994187,0.0004716934,3815360,eclipsing_binary
1396.7443038519818,0.99947214,0.00047177327,3815360,eclipsing_binary
1396.745692727268,0.9997837,0.00047185546,3815360,eclipsing_binary
1396.747081602089,0.9990983,0.0004716846,3815360,eclipsing_binary
1396.7484704769101,1.0000339,0.00047193907,3815360,eclipsing_binary
1396.7498593517305,0.9993967,0.00047164471,3815360,eclipsing_binary
1396.7512482265515,0.999664,0.00047172047,3815360,eclipsing_binary
1396.7526371013728,0.9994288,0.0004716144,3815360,eclipsing_binary
1396.7540259761931,1.0003862,0.00047174573,3815360,eclipsing_binary
1396.7554148510142,0.99911463,0.00047177827,3815360,eclipsing_binary
1396.7581926006558,0.99890894,0.0004715222,3815360,eclipsing_binary
1396.7595814754768,1.0002612,0.00047185755,3815360,eclipsing_binary
1396.7609703502978,1.0000209,0.00047177167,3815360,eclipsing_binary
1396.7623592251184,1.0000695,0.00047184885,3815360,eclipsing_binary
1396.7637480999394,0.9999982,0.00047193965,3815360,eclipsing_binary
1396.7651369742948,0.99958104,0.00047171433,3815360,eclipsing_binary
1396.7665258491152,0.9995493,0.0004716184,3815360,eclipsing_binary
1396.7679147239355,1.0008736,0.00047203864,3815360,eclipsing_binary
1396.7693035987568,0.99919504,0.0004717053,3815360,eclipsing_binary
1396.7706924735778,1.0003914,0.00047187586,3815360,eclipsing_binary
1396.7720813479325,0.9999013,0.00047185717,3815360,eclipsing_binary
1396.7734702227535,1.0005264,0.00047177964,3815360,eclipsing_binary
1396.7748590975748,0.9995657,0.00047179023,3815360,eclipsing_binary
1396.7762479719295,0.99952185,0.00047157574,3815360,eclipsing_binary
1396.7776368467505,1.0001302,0.0004719144,3815360,eclipsing_binary
1396.7790257215715,0.9994128,0.0004715814,3815360,eclipsing_binary
1396.7804145959262,0.9997147,0.00047179373,3815360,eclipsing_binary
1396.7818034707475,0.9997933,0.00047166448,3815360,eclipsing_binary
1396.7831923451029,1.0001214,0.00047188462,3815360,eclipsing_binary
1396.7845812199232,0.9994387,0.00047174573,3815360,eclipsing_binary
1396.7859700947438,0.99950033,0.00047163985,3815360,eclipsing_binary
1396.7873589690992,1.0005696,0.0004719689,3815360,eclipsing_binary
1396.7887478434545,0.99958396,0.000471655,3815360,eclipsing_binary
1396.7901367182749,1.000132,0.00047187496,3815360,eclipsing_binary
1396.7915255926305,0.99919003,0.00047163878,3815360,eclipsing_binary
1396.7929144674515,0.99945,0.0004717198,3815360,eclipsing_binary
1396.7943033418062,1.0005239,0.00047189402,3815360,eclipsing_binary
1396.7956922161616,0.99967444,0.00047162155,3815360,eclipsing_binary
1396.7970810909828,0.99955755,0.00047163584,3815360,eclipsing_binary
1396.7984699653375,1.0005114,0.0004719386,3815360,eclipsing_binary
1396.799858839693,0.99916077,0.00047159017,3815360,eclipsing_binary
1396.801247714514,1.0001467,0.00047170988,3815360,eclipsing_binary
1396.8026365888686,0.9987474,0.00047164375,3815360,eclipsing_binary
1396.8040254632233,0.9996192,0.00047175083,3815360,eclipsing_binary
1396.805414337579,1.0000201,0.00047188773,3815360,eclipsing_binary
1396.8068032124,0.9996511,0.00047176302,3815360,eclipsing_binary
1396.8081920867546,1.0010649,0.00047201724,3815360,eclipsing_binary
1396.80958096111,1.0005602,0.00047187027,3815360,eclipsing_binary
1396.8109698354656,1.0002502,0.0004717188,3815360,eclipsing_binary
1396.8123587098203,0.9998312,0.00047184972,3815360,eclipsing_binary
1396.8137475841756,1.0000108,0.00047179905,3815360,eclipsing_binary
1396.815136458531,0.9995665,0.0004716451,3815360,eclipsing_binary
1396.816525332886,1.0006131,0.00047205717,3815360,eclipsing_binary
1396.8179142072413,0.9992495,0.000471639,3815360,eclipsing_binary
1396.8193030815967,0.9995963,0.00047165802,3815360,eclipsing_binary
1396.8206919559516,1.000238,0.0004718685,3815360,eclipsing_binary
1396.8220808303063,0.9992588,0.00047166922,3815360,eclipsing_binary
1396.8234697046616,1.0006441,0.0004719305,3815360,eclipsing_binary
1396.824858579017,0.9993572,0.00047162766,3815360,eclipsing_binary
1396.8262474533717,1.0004011,0.00047197446,3815360,eclipsing_binary
1396.8276363277273,0.99963003,0.00047178403,3815360,eclipsing_binary
1396.8290252020827,1.000113,0.0004718021,3815360,eclipsing_binary
1396.8304140759717,0.99981827,0.00047172458,3815360,eclipsing_binary
1396.831802950327,1.0003215,0.00047197277,3815360,eclipsing_binary
1396.8331918246827,0.9993738,0.00047161596,3815360,eclipsing_binary
1396.8345806990374,0.99907464,0.0004715849,3815360,eclipsing_binary
1396.835969572927,0.99927384,0.00047175592,3815360,eclipsing_binary
1396.8373584472824,0.999879,0.00047188328,3815360,eclipsing_binary
1396.8387473216371,1.0005634,0.0004717781,3815360,eclipsing_binary
1396.8401361955264,1.000326,0.0004718381,3815360,eclipsing_binary
1396.8415250698818,0.9996624,0.00047169597,3815360,eclipsing_binary
1396.8429139442371,0.9997889,0.00047185816,3815360,eclipsing_binary
1396.8443028181264,0.9992772,0.00047154856,3815360,eclipsing_binary
1396.8456916924818,0.99992454,0.00047177658,3815360,eclipsing_binary
1396.8470805663715,0.9990019,0.00047156168,3815360,eclipsing_binary
1396.8484694407261,0.9994747,0.00047185257,3815360,eclipsing_binary
1396.849858314616,0.9995903,0.0004717796,3815360,eclipsing_binary
1396.8512471889715,1.0003598,0.00047187135,3815360,eclipsing_binary
1396.8526360628605,0.99979234,0.0004719216,3815360,eclipsing_binary
1396.8540249372159,0.9998968,0.0004718698,3815360,eclipsing_binary
1396.8554138111058,0.9998046,0.00047180682,3815360,eclipsing_binary
1396.8568026854605,1.0002514,0.00047183395,3815360,eclipsing_binary
1396.8581915593495,0.9996953,0.00047169265,3815360,eclipsing_binary
1396.8595804332392,0.9997233,0.00047174527,3815360,eclipsing_binary
1396.8609693075946,0.9998141,0.00047186116,3815360,eclipsing_binary
1396.8623581814836,0.9995523,0.00047168942,3815360,eclipsing_binary
1396.8637470553736,0.9995866,0.00047172522,3815360,eclipsing_binary
1396.865135929729,0.99961126,0.0004717346,3815360,eclipsing_binary
1396.866524803618,0.9993856,0.00047163985,3815360,eclipsing_binary
1396.8679136775077,0.9999104,0.00047194798,3815360,eclipsing_binary
1396.8693025513976,0.999785,0.00047166442,3815360,eclipsing_binary
1396.8706914257523,0.99941,0.00047156954,3815360,eclipsing_binary
1396.872080299642,0.9997755,0.00047180455,3815360,eclipsing_binary
1396.8734691735317,0.9997605,0.00047171838,3815360,eclipsing_binary
1396.874858047421,0.9993575,0.00047170633,3815360,eclipsing_binary
1396.8762469213107,0.9996078,0.00047164148,3815360,eclipsing_binary
1396.8776357952004,1.0000405,0.00047189297,3815360,eclipsing_binary
1396.8790246690896,1.000229,0.00047183823,3815360,eclipsing_binary
1396.8804135429787,0.99976945,0.0004717554,3815360,eclipsing_binary
1396.8818024168684,0.99994767,0.0004718475,3815360,eclipsing_binary
1396.883191290758,0.99954593,0.0004717071,3815360,eclipsing_binary
1396.884580164647,1.0003402,0.00047175516,3815360,eclipsing_binary
1396.885969038537,0.99962056,0.0004717871,3815360,eclipsing_binary
1396.8873579124268,0.9998256,0.0004718218,3815360,eclipsing_binary
1396.8887467863158,1.0002078,0.00047176916,3815360,eclipsing_binary
1396.8901356602055,0.99925774,0.00047161325,3815360,eclipsing_binary
1396.8915245340954,1.0008961,0.0004719377,3815360,eclipsing_binary
1396.8929134079845,0.99993074,0.00047172964,3815360,eclipsing_binary
1396.8943022814085,1.0003762,0.00047175458,3815360,eclipsing_binary
1396.8956911552982,1.0000259,0.00047174943,3815360,eclipsing_binary
1396.8970800291872,0.9995522,0.0004717665,3815360,eclipsing_binary
1396.8984689030765,0.9992989,0.00047165726,3815360,eclipsing_binary
1396.8998577765005,0.9999422,0.00047181165,3815360,eclipsing_binary
1396.9012466503902,0.9991289,0.00047170112,3815360,eclipsing_binary
1396.9026355242795,1.0007268,0.0004718921,3815360,eclipsing_binary
1396.9040243981692,1.000077,0.0004719029,3815360,eclipsing_binary
1396.9054132715933,0.9997947,0.00047182245,3815360,eclipsing_binary
1396.9068021454823,0.9995632,0.00047171194,3815360,eclipsing_binary
1396.9081910189066,0.99984473,0.0004717421,3815360,eclipsing_binary
1396.9095798927963,0.99974936,0.00047176916,3815360,eclipsing_binary
1396.9109687666853,0.99969196,0.00047178127,3815360,eclipsing_binary
1396.9123576401093,0.99979484,0.0004717569,3815360,eclipsing_binary
1396.913746513999,0.99999607,0.00047164297,3815360,eclipsing_binary
1396.9151353874227,0.99960274,0.00047171416,3815360,eclipsing_binary
1396.9165242613117,1.0001191,0.0004718366,3815360,eclipsing_binary
1396.9179131347357,1.0000379,0.0004717763,3815360,eclipsing_binary
1396.9193020086254,0.9994487,0.00047178965,3815360,eclipsing_binary
1396.9206908820488,0.99964166,0.0004717251,3815360,eclipsing_binary
1396.922079755473,1.000301,0.00047178674,3815360,eclipsing_binary
1396.9234686293628,0.9998139,0.00047177068,3815360,eclipsing_binary
1396.9248575027862,0.998969,0.00047158188,3815360,eclipsing_binary
1396.9262463762102,1.0000658,0.00047184006,3815360,eclipsing_binary
1396.9276352501001,1.0002804,0.00047189993,3815360,eclipsing_binary
1396.9290241235235,1.0000532,0.00047180225,3815360,eclipsing_binary
1396.9304129969476,0.99911726,0.0004716881,3815360,eclipsing_binary
1396.9318018708373,0.9995731,0.00047164617,3815360,eclipsing_binary
1396.9331907442609,1.000051,0.00047178386,3815360,eclipsing_binary
1396.9345796176842,0.99982905,0.00047180307,3815360,eclipsing_binary
1396.9359684911083,0.9997154,0.0004716846,3815360,eclipsing_binary
1396.9373573645325,0.9996685,0.00047161983,3815360,eclipsing_binary
1396.9387462384216,0.99929637,0.00047163008,3815360,eclipsing_binary
1396.9401351118456,0.99942833,0.00047170834,3815360,eclipsing_binary
1396.9415239852697,0.9994112,0.00047171014,3815360,eclipsing_binary
1396.942912858693,0.99921393,0.00047172158,3815360,eclipsing_binary
1396.9443017321173,0.9995578,0.00047170543,3815360,eclipsing_binary
1396.9456906055414,0.99939775,0.0004715965,3815360,eclipsing_binary
1396.9470794789647,1.0000789,0.00047181363,3815360,eclipsing_binary
1396.9484683523888,0.999926,0.0004717753,3815360,eclipsing_binary
1396.949857225813,0.9996769,0.00047163825,3815360,eclipsing_binary
1396.9512460992364,0.99995524,0.00047181008,3815360,eclipsing_binary
1396.9526349726598,0.9997811,0.0004717952,3815360,eclipsing_binary
1396.9540238460838,0.9991382,0.00047155796,3815360,eclipsing_binary
1396.9554127195079,1.000075,0.00047170493,3815360,eclipsing_binary
1396.9568015929315,0.9995957,0.00047161142,3815360,eclipsing_binary
1396.9581904658899,1.0002768,0.00047177725,3815360,eclipsing_binary
1396.959579339314,1.0000919,0.00047179926,3815360,eclipsing_binary
1396.9609682127375,1.0002421,0.000471755,3815360,eclipsing_binary
1396.9623570861615,1.000142,0.0004718039,3815360,eclipsing_binary
1396.9637459595856,1.00025,0.00047174792,3815360,eclipsing_binary
1396.9651348325433,0.99957526,0.0004716208,3815360,eclipsing_binary
1396.9665237059676,0.99991715,0.000471815,3815360,eclipsing_binary
1396.9679125793916,0.9992585,0.00047165,3815360,eclipsing_binary
1396.9693014523493,1.0004975,0.0004718236,3815360,eclipsing_binary
1396.9706903257727,1.0003614,0.00047182935,3815360,eclipsing_binary
1396.9720791991967,1.00099,0.0004719103,3815360,eclipsing_binary
1396.9734680721554,1.0003988,0.0004718832,3815360,eclipsing_binary
1396.9748569455787,1.0003743,0.0004718982,3815360,eclipsing_binary
1396.9762458190028,0.99978316,0.00047186363,3815360,eclipsing_binary
1396.9776346919612,1.0001462,0.00047179445,3815360,eclipsing_binary
1396.9790235653845,1.0001814,0.0004720087,3815360,eclipsing_binary
1396.9804124383431,0.9996767,0.00047164413,3815360,eclipsing_binary
1396.9818013117672,1.0002166,0.0004718846,3815360,eclipsing_binary
1396.983190184725,1.000118,0.0004717577,3815360,eclipsing_binary
1396.984579058149,1.0000734,0.00047182734,3815360,eclipsing_binary
1396.9859679311076,0.9999385,0.00047173508,3815360,eclipsing_binary
1396.987356804531,1.0007228,0.00047195746,3815360,eclipsing_binary
1396.9887456774886,0.9995642,0.00047156934,3815360,eclipsing_binary
1396.9901345504472,0.9995604,0.00047169978,3815360,eclipsing_binary
1396.9915234238713,0.9997405,0.0004717649,3815360,eclipsing_binary
1396.992912296829,1.0004754,0.00047178598,3815360,eclipsing_binary
1396.9943011697874,0.99985886,0.00047162143,3815360,eclipsing_binary
1396.9956900432114,0.99968946,0.00047178866,3815360,eclipsing_binary
1396.9970789161694,0.9997671,0.0004717978,3815360,eclipsing_binary
1396.9984677891277,0.99903697,0.00047166558,3815360,eclipsing_binary
1396.9998566620861,1.0004795,0.00047199897,3815360,eclipsing_binary
1397.0012455355095,0.9997018,0.0004717825,3815360,eclipsing_binary
1397.002634408468,1.0005345,0.00047188488,3815360,eclipsing_binary
1397.0040232814265,1.0004549,0.0004718272,3815360,eclipsing_binary
1397.0054121543842,0.99963456,0.0004716408,3815360,eclipsing_binary
1397.0068010273426,0.9989575,0.00047153924,3815360,eclipsing_binary
1397.0081899003012,0.9999766,0.0004717111,3815360,eclipsing_binary
1397.009578773259,1.000272,0.0004717955,3815360,eclipsing_binary
1397.0109676466823,1.0003129,0.00047190412,3815360,eclipsing_binary
1397.0123565196407,1.000685,0.00047198453,3815360,eclipsing_binary
1397.013745392599,0.9982913,0.00047141153,3815360,eclipsing_binary
1397.015134265557,0.9994891,0.0004717035,3815360,eclipsing_binary
1397.0165231385154,0.99989885,0.00047185703,3815360,eclipsing_binary
1397.0179120114738,1.0000125,0.0004717888,3815360,eclipsing_binary
1397.0193008844315,0.9998957,0.00047176986,3815360,eclipsing_binary
1397.0206897573898,0.999872,0.0004718987,3815360,eclipsing_binary
1397.0234675028405,0.99945664,0.00047174632,3815360,eclipsing_binary
1397.024856375799,0.9995908,0.0004716284,3815360,eclipsing_binary
1397.0262452487573,0.9999398,0.0004717879,3815360,eclipsing_binary
1397.0276341217152,0.99932796,0.00047166934,3815360,eclipsing_binary
1397.029022994673,0.99970514,0.0004717557,3815360,eclipsing_binary
1397.0304118671656,1.0000094,0.0004718663,3815360,eclipsing_binary
1397.0318007401243,0.9996191,0.00047164733,3815360,eclipsing_binary
1397.033189613082,0.99988335,0.00047171445,3815360,eclipsing_binary
1397.0345784860403,1.0007463,0.00047187283,3815360,eclipsing_binary
1397.035967358533,1.0000005,0.00047174504,3815360,eclipsing_binary
1397.0373562314908,1.000381,0.00047185153,3815360,eclipsing_binary
1397.0387451044494,0.99926233,0.00047160478,3815360,eclipsing_binary
1397.0401339769421,1.0003092,0.0004716968,3815360,eclipsing_binary
1397.0415228498998,0.99956846,0.00047175816,3815360,eclipsing_binary
1397.0429117228582,1.000007,0.0004716691,3815360,eclipsing_binary
1397.0443005953512,0.9998034,0.00047174227,3815360,eclipsing_binary
1397.0456894683089,1.0001632,0.00047177423,3815360,eclipsing_binary
1397.047078340801,0.9992127,0.00047164547,3815360,eclipsing_binary
1397.0484672137595,1.0003142,0.00047185933,3815360,eclipsing_binary
1397.0498560862522,0.9993748,0.0004715329,3815360,eclipsing_binary
1397.05124495921,0.99965787,0.00047176902,3815360,eclipsing_binary
1397.0526338317027,0.99973935,0.00047166835,3815360,eclipsing_binary
1397.054022704661,1.0001881,0.00047182624,3815360,eclipsing_binary
1397.0554115771533,0.9998841,0.00047177385,3815360,eclipsing_binary
1397.0568004501117,1.0006483,0.00047198977,3815360,eclipsing_binary
1397.0581893226044,0.9996603,0.00047184515,3815360,eclipsing_binary
1397.0595781950965,0.9992212,0.0004715939,3815360,eclipsing_binary
1397.060967068055,0.99932075,0.0004715798,3815360,eclipsing_binary
1397.0623559405478,1.0004247,0.0004717635,3815360,eclipsing_binary
1397.0637448130399,1.000759,0.00047196585,3815360,eclipsing_binary
1397.0651336859976,0.9999039,0.00047184597,3815360,eclipsing_binary
1397.0665225584903,1.0002046,0.0004717713,3815360,eclipsing_binary
1397.0679114309833,0.9999784,0.00047185287,3815360,eclipsing_binary
1397.069300303941,1.0003146,0.00047167676,3815360,eclipsing_binary
1397.0706891764337,1.000819,0.00047179157,3815360,eclipsing_binary
1397.0720780489264,1.0004958,0.0004718567,3815360,eclipsing_binary
1397.0734669214187,0.999709,0.00047175869,3815360,eclipsing_binary
1397.0748557939114,1.0003773,0.0004718344,3815360,eclipsing_binary
1397.0762446664041,0.99963844,0.00047175604,3815360,eclipsing_binary
1397.0776335388962,1.0005424,0.00047173013,3815360,eclipsing_binary
1397.0790224118546,0.9993763,0.0004716184,3815360,eclipsing_binary
1397.0804112843475,0.99981844,0.0004718715,3815360,eclipsing_binary
1397.0818001568396,1.0003743,0.0004719058,3815360,eclipsing_binary
1397.0831890293316,0.99977654,0.00047172137,3815360,eclipsing_binary
1397.0845779018246,0.9998096,0.00047173497,3815360,eclipsing_binary
1397.0859667743173,0.9999095,0.00047164838,3815360,eclipsing_binary
1397.0873556468093,0.99870026,0.00047149192,3815360,eclipsing_binary
1397.088744519302,0.9997427,0.00047165356,3815360,eclipsing_binary
1397.090133391795,1.0005459,0.00047188404,3815360,eclipsing_binary
1397.091522264287,1.000306,0.00047182885,3815360,eclipsing_binary
1397.0929111363141,1.0000217,0.00047180097,3815360,eclipsing_binary
1397.0943000088068,0.99982655,0.00047180583,3815360,eclipsing_binary
1397.0956888812989,1.0006424,0.00047200377,3815360,eclipsing_binary
1397.0970777537918,1.0002685,0.00047182068,3815360,eclipsing_binary
1397.0984666262846,1.0005065,0.0004718823,3815360,eclipsing_binary
1397.0998554987766,0.9996781,0.00047180653,3815360,eclipsing_binary
1397.101244370803,0.99974585,0.00047178048,3815360,eclipsing_binary
1397.1026332432957,1.0007783,0.00047176206,3815360,eclipsing_binary
1397.1040221157887,0.99961025,0.00047168223,3815360,eclipsing_binary
1397.1054109882807,0.99957156,0.00047157254,3815360,eclipsing_binary
1397.1067998603078,1.0000391,0.0004717264,3815360,eclipsing_binary
1397.1081887328005,1.0001429,0.0004717637,3815360,eclipsing_binary
1397.1095776052928,0.99952966,0.00047168916,3815360,eclipsing_binary
1397.1109664773198,0.999923,0.00047181506,3815360,eclipsing_binary
1397.1123553498126,0.9997634,0.000471773,3815360,eclipsing_binary
1397.1137442223048,0.9998149,0.00047177228,3815360,eclipsing_binary
1397.115133094332,0.9992865,0.0004716499,3815360,eclipsing_binary
1397.1165219668246,0.9999446,0.00047172222,3815360,eclipsing_binary
1397.117910838851,0.9998686,0.0004717073,3815360,eclipsing_binary
1397.119299711344,0.99940306,0.000471743,3815360,eclipsing_binary
1397.120688583371,1.001062,0.00047184684,3815360,eclipsing_binary
1397.122077455863,0.9989921,0.0004716074,3815360,eclipsing_binary
1397.1234663278894,0.99988043,0.0004717182,3815360,eclipsing_binary
1397.1248552003822,0.9995416,0.0004716678,3815360,eclipsing_binary
1397.1262440724095,1.0002917,0.00047180243,3815360,eclipsing_binary
1397.1276329449015,0.9998924,0.00047171317,3815360,eclipsing_binary
1397.1290218169286,0.99973625,0.00047165848,3815360,eclipsing_binary
1397.1304106889556,1.0007298,0.0004719634,3815360,eclipsing_binary
1397.131799561448,0.99925655,0.00047164538,3815360,eclipsing_binary
1397.133188433475,1.0000697,0.00047178628,3815360,eclipsing_binary
1397.134577305502,1.0003324,0.00047174146,3815360,eclipsing_binary
1397.135966177994,1.0004336,0.0004717027,3815360,eclipsing_binary
1397.1373550500211,0.99932575,0.0004716113,3815360,eclipsing_binary
1397.1387439220484,0.99985814,0.00047164405,3815360,eclipsing_binary
1397.1401327940748,0.9998306,0.00047178238,3815360,eclipsing_binary
1397.1415216665669,0.9988842,0.0004714644,3815360,eclipsing_binary
1397.1429105385942,0.99980295,0.00047161343,3815360,eclipsing_binary
1397.1442994106212,0.9995309,0.00047162524,3815360,eclipsing_binary
1397.1456882826476,0.9994675,0.00047156363,3815360,eclipsing_binary
1397.1470771546747,1.0003579,0.00047176937,3815360,eclipsing_binary
1397.148466026702,1.000575,0.0004718178,3815360,eclipsing_binary
1397.149854899194,0.9991592,0.00047159454,3815360,eclipsing_binary
1397.151243771221,1.000121,0.00047162347,3815360,eclipsing_binary
1397.1526326432481,1.000334,0.00047176678,3815360,eclipsing_binary
1397.1540215152745,1.0002675,0.00047173782,3815360,eclipsing_binary
1397.1554103873018,1.0005395,0.00047190845,3815360,eclipsing_binary
1397.1567992593289,0.99931604,0.00047170473,3815360,eclipsing_binary
1397.1581881313552,1.0001982,0.0004717559,3815360,eclipsing_binary
1397.1595770033816,0.9992688,0.0004715439,3815360,eclipsing_binary
1397.1609658754087,0.99961764,0.00047154955,3815360,eclipsing_binary
1397.162354747436,0.99921376,0.00047144815,3815360,eclipsing_binary
1397.1637436194624,0.99980897,0.00047158435,3815360,eclipsing_binary
1397.1651324910238,0.9997367,0.00047182,3815360,eclipsing_binary
1397.1665213630508,0.9995777,0.00047176407,3815360,eclipsing_binary
1397.1679102350774,1.000514,0.00047188488,3815360,eclipsing_binary
1397.1692991071045,0.9993174,0.00047161308,3815360,eclipsing_binary
1397.1706879791316,0.9996845,0.00047161736,3815360,eclipsing_binary
1397.1720768511582,0.99853325,0.00047147798,3815360,eclipsing_binary
1397.1734657227196,0.99951017,0.00047173552,3815360,eclipsing_binary
1397.1748545947466,1.0001186,0.0004717568,3815360,eclipsing_binary
1397.176243466773,1.0000696,0.00047177708,3815360,eclipsing_binary
1397.1776323387994,0.99912846,0.00047155304,3815360,eclipsing_binary
1397.179021210361,0.99946487,0.00047164236,3815360,eclipsing_binary
1397.180410082388,0.9997047,0.00047180333,3815360,eclipsing_binary
1397.1817989544145,0.99951535,0.0004717312,3815360,eclipsing_binary
1397.183187825976,1.0002843,0.00047173275,3815360,eclipsing_binary
1397.1845766980032,0.99957395,0.0004717211,3815360,eclipsing_binary
1397.1859655700296,1.0005068,0.00047193497,3815360,eclipsing_binary
1397.187354441591,1.0000204,0.00047168345,3815360,eclipsing_binary
1397.188743313618,0.9997206,0.00047170295,3815360,eclipsing_binary
1397.1901321851788,0.99982,0.00047173564,3815360,eclipsing_binary
1397.191521057206,0.99976575,0.00047181512,3815360,eclipsing_binary
1397.1929099287674,0.99950063,0.00047159745,3815360,eclipsing_binary
1397.1942988007938,1.0001482,0.00047183756,3815360,eclipsing_binary
1397.1956876723548,1.0002737,0.00047188764,3815360,eclipsing_binary
1397.1970765443818,0.9997324,0.00047175895,3815360,eclipsing_binary
1397.1984654159432,0.99981004,0.00047165513,3815360,eclipsing_binary
1397.1998542879696,0.9997181,0.00047168342,3815360,eclipsing_binary
1397.2012431595313,0.9999958,0.0004718604,3815360,eclipsing_binary
1397.2026320315583,0.999278,0.00047159134,3815360,eclipsing_binary
1397.204020903119,0.99915415,0.00047159864,3815360,eclipsing_binary
1397.2054097746804,0.9998222,0.00047167853,3815360,eclipsing_binary
1397.2067986467077,1.0008744,0.00047192196,3815360,eclipsing_binary
1397.2081875182685,1.0002441,0.00047172228,3815360,eclipsing_binary
1397.2095763898299,0.99965125,0.0004717228,3815360,eclipsing_binary
1397.210965261857,1.000813,0.00047189862,3815360,eclipsing_binary
1397.2123541334176,1.0008723,0.0004718938,3815360,eclipsing_binary
1397.2137430049784,1.0000422,0.00047181008,3815360,eclipsing_binary
1397.21513187654,1.0006621,0.0004717853,3815360,eclipsing_binary
1397.216520748567,1.0001498,0.00047191375,3815360,eclipsing_binary
1397.2179096201278,1.000405,0.0004717637,3815360,eclipsing_binary
1397.2192984916892,0.9995751,0.00047178502,3815360,eclipsing_binary
1397.2206873632508,1.0000316,0.0004717507,3815360,eclipsing_binary
1397.2220762348115,1.0008494,0.00047188633,3815360,eclipsing_binary
1397.223465106373,1.0004591,0.00047196695,3815360,eclipsing_binary
1397.2248539779343,0.9993083,0.0004717068,3815360,eclipsing_binary
1397.2262428494953,1.0010552,0.00047196305,3815360,eclipsing_binary
1397.2276317215224,0.9999047,0.00047170534,3815360,eclipsing_binary
1397.2290205930838,1.0004002,0.0004718944,3815360,eclipsing_binary
1397.2304094646447,1.0002754,0.00047183377,3815360,eclipsing_binary
1397.231798336206,0.999974,0.00047172618,3815360,eclipsing_binary
1397.2331872077675,0.99977547,0.00047175534,3815360,eclipsing_binary
1397.2345760793282,0.99924517,0.00047155409,3815360,eclipsing_binary
1397.2359649504233,0.9991815,0.0004715345,3815360,eclipsing_binary
1397.237353821985,1.00045,0.0004719863,3815360,eclipsing_binary
1397.2387426935463,0.9996682,0.0004716409,3815360,eclipsing_binary
1397.240131565107,1.0000813,0.00047170822,3815360,eclipsing_binary
1397.2415204366685,1.0005908,0.00047188182,3815360,eclipsing_binary
1397.24290930823,0.9999634,0.00047182807,3815360,eclipsing_binary
1397.2442981797908,1.0003518,0.0004716922,3815360,eclipsing_binary
1397.2456870513522,0.99927545,0.0004717177,3815360,eclipsing_binary
1397.247075922448,0.9992968,0.00047155796,3815360,eclipsing_binary
1397.2484647940087,0.99936855,0.00047159308,3815360,eclipsing_binary
1397.2498536655703,0.99989736,0.0004717062,3815360,eclipsing_binary
1397.2512425371317,0.99864507,0.0004714391,3815360,eclipsing_binary
1397.2526314082268,1.000093,0.0004716944,3815360,eclipsing_binary
1397.2540202797877,0.9993777,0.0004715901,3815360,eclipsing_binary
1397.255409151349,1.0006926,0.00047179838,3815360,eclipsing_binary
1397.2567980229105,1.0000513,0.00047174515,3815360,eclipsing_binary
1397.2581868940056,1.0002397,0.00047185906,3815360,eclipsing_binary
1397.2595757655672,0.9999667,0.00047168668,3815360,eclipsing_binary
1397.260964636663,0.9991002,0.00047151552,3815360,eclipsing_binary
1397.2623535082237,0.99989223,0.0004717299,3815360,eclipsing_binary
1397.263742379785,0.9996751,0.0004718101,3815360,eclipsing_binary
1397.265131250881,0.9998116,0.0004718176,3815360,eclipsing_binary
1397.2665201224418,0.99990076,0.00047168075,3815360,eclipsing_binary
1397.2679089935375,0.99989665,0.00047160994,3815360,eclipsing_binary
1397.269297865099,1.0000821,0.0004717953,3815360,eclipsing_binary
1397.270686736194,0.99949443,0.0004716586,3815360,eclipsing_binary
1397.2720756077547,1.0003651,0.00047175377,3815360,eclipsing_binary
1397.2734644788507,0.9997947,0.0004716845,3815360,eclipsing_binary
1397.274853350412,0.9992369,0.0004716091,3815360,eclipsing_binary
1397.2762422215071,0.9997532,0.0004717068,3815360,eclipsing_binary
1397.2776310930685,0.99983907,0.00047165653,3815360,eclipsing_binary
1397.2790199641645,1.000304,0.0004716429,3815360,eclipsing_binary
1397.2804088352595,1.0005035,0.0004718221,3815360,eclipsing_binary
1397.281797706821,0.9989516,0.00047144646,3815360,eclipsing_binary
1397.2831865779167,0.9997187,0.0004715687,3815360,eclipsing_binary
1397.284575449012,0.9991967,0.00047156378,3815360,eclipsing_binary
1397.2859643205734,1.0004554,0.00047179972,3815360,eclipsing_binary
1397.2873531916691,1.0006528,0.00047178613,3815360,eclipsing_binary
1397.2887420627644,0.9997864,0.00047175743,3815360,eclipsing_binary
1397.2901309338595,0.9996202,0.00047165295,3815360,eclipsing_binary
1397.2915198054209,1.0000858,0.0004717828,3815360,eclipsing_binary
1397.2929086765166,0.9992255,0.00047154198,3815360,eclipsing_binary
1397.2942975476117,1.0006323,0.00047178296,3815360,eclipsing_binary
1397.2956864187076,0.99996364,0.0004717145,3815360,eclipsing_binary
1397.2970752898034,0.99968964,0.0004716626,3815360,eclipsing_binary
1397.2984641608984,0.999629,0.00047157018,3815360,eclipsing_binary
1397.2998530324599,1.0010991,0.00047189315,3815360,eclipsing_binary
1397.3012419035558,0.9998545,0.00047167804,3815360,eclipsing_binary
1397.3026307746509,0.9999362,0.00047165962,3815360,eclipsing_binary
1397.3040196457466,0.99893695,0.00047163173,3815360,eclipsing_binary
1397.3054085168424,1.0004048,0.00047176442,3815360,eclipsing_binary
1397.3067973879374,1.0007131,0.00047178922,3815360,eclipsing_binary
1397.3081862590327,0.9996199,0.0004716723,3815360,eclipsing_binary
1397.3095751301285,0.9996332,0.0004715511,3815360,eclipsing_binary
1397.3109640012242,1.0005413,0.00047193843,3815360,eclipsing_binary
1397.3123528723195,1.0000169,0.00047180857,3815360,eclipsing_binary
1397.3137417434152,0.99991876,0.00047164308,3815360,eclipsing_binary
1397.315130614511,0.99936414,0.00047159908,3815360,eclipsing_binary
1397.316519485606,0.99986094,0.00047162655,3815360,eclipsing_binary
1397.317908356702,0.9996361,0.00047163595,3815360,eclipsing_binary
1397.319297227332,1.0002687,0.00047192155,3815360,eclipsing_binary
1397.3206860984271,1.000211,0.0004718012,3815360,eclipsing_binary
1397.3220749695229,0.99999255,0.0004718137,3815360,eclipsing_binary
1397.3234638406188,0.9992139,0.00047155676,3815360,eclipsing_binary
1397.324852711714,0.9996711,0.00047164704,3815360,eclipsing_binary
1397.326241582809,0.9998141,0.00047158118,3815360,eclipsing_binary
1397.327630453439,0.99926263,0.00047153365,3815360,eclipsing_binary
1397.3290193245348,0.99972934,0.000471598,3815360,eclipsing_binary
1397.3304081956298,1.0000039,0.00047185214,3815360,eclipsing_binary
1397.3317970667258,0.9994117,0.0004715248,3815360,eclipsing_binary
1397.333185937356,1.0002108,0.000471864,3815360,eclipsing_binary
1397.334574808451,0.99957275,0.00047168706,3815360,eclipsing_binary
1397.3359636795467,0.99964935,0.00047163127,3815360,eclipsing_binary
1397.337352550177,0.99894476,0.00047142114,3815360,eclipsing_binary
1397.338741421272,0.99980164,0.00047161462,3815360,eclipsing_binary
1397.3401302919021,1.0001197,0.00047166736,3815360,eclipsing_binary
1397.3415191629979,0.9995201,0.0004715844,3815360,eclipsing_binary
1397.3429080340932,0.99916816,0.0004715154,3815360,eclipsing_binary
1397.3442969047233,1.0002599,0.00047173855,3815360,eclipsing_binary
1397.345685775819,1.0003109,0.00047194582,3815360,eclipsing_binary
1397.3470746464486,1.000505,0.00047179736,3815360,eclipsing_binary
1397.3484635175437,0.9988534,0.0004714609,3815360,eclipsing_binary
1397.3498523881738,1.0009059,0.00047179434,3815360,eclipsing_binary
1397.3512412592695,0.99974644,0.00047163348,3815360,eclipsing_binary
1397.352630129899,0.99849814,0.00047131986,3815360,eclipsing_binary
1397.3540190009949,1.0001628,0.00047174617,3815360,eclipsing_binary
1397.355407871625,0.9996741,0.00047155685,3815360,eclipsing_binary
1397.3567967422543,1.0002145,0.00047152437,3815360,eclipsing_binary
1397.35818561335,1.000141,0.0004717687,3815360,eclipsing_binary
1397.3595744839804,1.0001163,0.00047164285,3815360,eclipsing_binary
1397.3609633550755,1.000291,0.00047170062,3815360,eclipsing_binary
1397.3623522257055,1.0005758,0.00047170662,3815360,eclipsing_binary
1397.3637410963356,1.0000559,0.0004716468,3815360,eclipsing_binary
1397.3651299674307,0.99964243,0.00047173604,3815360,eclipsing_binary
1397.3665188380603,1.0000926,0.0004717998,3815360,eclipsing_binary
1397.3679077086904,0.9999162,0.00047166293,3815360,eclipsing_binary
1397.3692965793205,1.0007565,0.00047184763,3815360,eclipsing_binary
1397.3706854504157,1.0002202,0.0004716721,3815360,eclipsing_binary
1397.3720743210458,0.99931604,0.0004714664,3815360,eclipsing_binary
1397.373463191676,0.9994253,0.00047159297,3815360,eclipsing_binary
1397.3748520623053,0.999846,0.00047166148,3815360,eclipsing_binary
1397.3762409329356,0.9989341,0.0004714085,3815360,eclipsing_binary
1397.3776298040314,0.99960315,0.00047165892,3815360,eclipsing_binary
1397.3790186746608,0.9997008,0.00047155793,3815360,eclipsing_binary
1397.3804075452908,1.0000113,0.00047177807,3815360,eclipsing_binary
1397.381796415921,1.0005256,0.00047182527,3815360,eclipsing_binary
1397.3831852865505,1.0000179,0.00047157728,3815360,eclipsing_binary
1397.38457415718,1.0005827,0.0004718425,3815360,eclipsing_binary
1397.38596302781,0.99990654,0.00047161372,3815360,eclipsing_binary
1397.38735189844,1.0003008,0.00047174987,3815360,eclipsing_binary
1397.3887407690695,1.0002851,0.0004718572,3815360,eclipsing_binary
1397.39151851033,0.9992029,0.00047169297,3815360,eclipsing_binary
1397.3929073809593,1.0000298,0.00047170446,3815360,eclipsing_binary
1397.3942962515894,0.9999815,0.00047168965,3815360,eclipsing_binary
1397.3956851222197,1.0001854,0.00047161736,3815360,eclipsing_binary
1397.397073992849,0.9993178,0.00047163802,3815360,eclipsing_binary
1397.3984628634792,0.9995013,0.00047161165,3815360,eclipsing_binary
1397.3998517341092,1.0005032,0.00047174803,3815360,eclipsing_binary
1397.4012406042732,1.0004646,0.00047191308,3815360,eclipsing_binary
1397.4026294749026,0.99972504,0.00047175065,3815360,eclipsing_binary
1397.4040183455327,0.99983567,0.000471703,3815360,eclipsing_binary
1397.4054072161628,1.0002702,0.00047189748,3815360,eclipsing_binary
1397.4067960867924,1.0006115,0.0004717853,3815360,eclipsing_binary
1397.4081849569568,1.0004373,0.00047190042,3815360,eclipsing_binary
1397.4095738275869,0.9994118,0.00047160726,3815360,eclipsing_binary
1397.4109626982163,0.99982065,0.0004718383,3815360,eclipsing_binary
1397.4123515688466,0.9995916,0.00047170208,3815360,eclipsing_binary
1397.413740439011,0.9996643,0.00047166838,3815360,eclipsing_binary
1397.4151293096404,1.0007124,0.000472019,3815360,eclipsing_binary
1397.4165181802705,0.9989356,0.00047143464,3815360,eclipsing_binary
1397.4179070504351,0.9996877,0.00047171806,3815360,eclipsing_binary
1397.4192959210645,0.99949515,0.00047163456,3815360,eclipsing_binary
1397.420684791694,0.99984485,0.00047168313,3815360,eclipsing_binary
1397.4220736618583,0.9996759,0.00047174701,3815360,eclipsing_binary
1397.4234625324884,0.9991197,0.0004715837,3815360,eclipsing_binary
1397.4248514026524,1.0001727,0.00047178712,3815360,eclipsing_binary
1397.4262402732825,0.99895793,0.00047152184,3815360,eclipsing_binary
1397.4276291439126,0.9993339,0.00047151867,3815360,eclipsing_binary
1397.4290180140765,0.9986763,0.00047139742,3815360,eclipsing_binary
1397.4304068847066,0.999606,0.00047148834,3815360,eclipsing_binary
1397.431795754871,0.9998687,0.00047176407,3815360,eclipsing_binary
1397.4331846255004,1.0000565,0.0004716296,3815360,eclipsing_binary
1397.434573495665,1.0002638,0.00047175382,3815360,eclipsing_binary
1397.4359623658295,1.0001001,0.00047166078,3815360,eclipsing_binary
1397.4373512364589,0.9994981,0.00047166785,3815360,eclipsing_binary
1397.4387401066226,0.9997444,0.00047163072,3815360,eclipsing_binary
1397.4401289772527,0.9991812,0.00047158616,3815360,eclipsing_binary
1397.4415178474173,1.000174,0.0004717411,3815360,eclipsing_binary
1397.442906717581,0.99987656,0.00047169012,3815360,eclipsing_binary
1397.4442955882112,0.99983674,0.00047179163,3815360,eclipsing_binary
1397.4456844583756,1.0000865,0.00047161322,3815360,eclipsing_binary
1397.4470733285393,0.999263,0.0004715782,3815360,eclipsing_binary
1397.4484621991696,1.0003799,0.00047183564,3815360,eclipsing_binary
1397.449851069334,0.9998073,0.00047156448,3815360,eclipsing_binary
1397.4512399394978,0.9993339,0.00047157423,3815360,eclipsing_binary
1397.4526288096622,1.0005306,0.00047174448,3815360,eclipsing_binary
1397.4540176802925,0.99925894,0.0004715926,3815360,eclipsing_binary
1397.4554065504562,0.99928063,0.00047148403,3815360,eclipsing_binary
1397.4567954206207,0.99889684,0.00047151145,3815360,eclipsing_binary
1397.458184290785,1.0008489,0.00047182228,3815360,eclipsing_binary
1397.459573160949,1.0004878,0.00047181154,3815360,eclipsing_binary
1397.4609620315784,1.0000256,0.00047158537,3815360,eclipsing_binary
1397.4623509017429,0.9998389,0.0004716531,3815360,eclipsing_binary
1397.4637397719073,0.9997671,0.00047161017,3815360,eclipsing_binary
1397.4651286420712,1.0001159,0.00047172897,3815360,eclipsing_binary
1397.4665175122357,1.0007417,0.00047187673,3815360,eclipsing_binary
1397.4679063824,0.9993296,0.00047144893,3815360,eclipsing_binary
1397.4692952525638,0.9997372,0.00047177827,3815360,eclipsing_binary
1397.4706841227285,0.9999851,0.00047178662,3815360,eclipsing_binary
1397.472072992893,0.9998847,0.00047156695,3815360,eclipsing_binary
1397.4734618630566,0.9998306,0.00047161005,3815360,eclipsing_binary
1397.474850733221,1.0001928,0.0004716231,3815360,eclipsing_binary
1397.4762396033857,0.99989766,0.00047163613,3815360,eclipsing_binary
1397.4776284735494,0.9998689,0.00047174978,3815360,eclipsing_binary
1397.4790173437132,1.0003409,0.00047178537,3815360,eclipsing_binary
1397.4804062138776,0.99910057,0.00047157856,3815360,eclipsing_binary
1397.481795084042,0.9987081,0.00047141328,3815360,eclipsing_binary
1397.483183954206,0.9997809,0.000471506,3815360,eclipsing_binary
1397.4845728243704,1.0007994,0.00047174978,3815360,eclipsing_binary
1397.4859616940691,1.0007288,0.00047176876,3815360,eclipsing_binary
1397.4873505642329,1.0002894,0.00047165973,3815360,eclipsing_binary
1397.4887394343973,0.9999868,0.00047162137,3815360,eclipsing_binary
1397.490128304562,0.9989308,0.00047153467,3815360,eclipsing_binary
1397.4915171747257,0.99955416,0.00047158683,3815360,eclipsing_binary
1397.4929060444244,0.9993464,0.00047160275,3815360,eclipsing_binary
1397.4942949145889,0.99914443,0.00047153045,3815360,eclipsing_binary
1397.4956837847528,0.9997569,0.0004716352,3815360,eclipsing_binary
1397.4970726549166,0.99855536,0.00047145953,3815360,eclipsing_binary
1397.4984615246153,0.9993339,0.00047157126,3815360,eclipsing_binary
1397.49985039478,0.99936235,0.00047152457,3815360,eclipsing_binary
1397.5012392649437,0.9993053,0.00047167935,3815360,eclipsing_binary
1397.5026281346425,0.9994531,0.00047150804,3815360,eclipsing_binary
1397.5040170048069,1.0011605,0.00047190257,3815360,eclipsing_binary
1397.5054058749706,0.9995866,0.00047159297,3815360,eclipsing_binary
1397.5067947446696,0.9996651,0.00047161806,3815360,eclipsing_binary
1397.508183614834,1.0003723,0.00047180578,3815360,eclipsing_binary
1397.509572484532,0.99971205,0.00047158776,3815360,eclipsing_binary
1397.5109613546965,1.0000201,0.00047170086,3815360,eclipsing_binary
1397.5123502243955,1.0008492,0.00047188642,3815360,eclipsing_binary
1397.5137390945592,0.99990124,0.00047158872,3815360,eclipsing_binary
1397.515127964723,1.0001043,0.0004717633,3815360,eclipsing_binary
1397.5165168344217,1.0002848,0.00047173424,3815360,eclipsing_binary
1397.5179057041205,0.9994132,0.00047157926,3815360,eclipsing_binary
1397.5192945742845,0.99999326,0.00047169355,3815360,eclipsing_binary
1397.5206834439832,0.99992424,0.00047173738,3815360,eclipsing_binary
1397.5220723141476,0.9994374,0.0004717224,3815360,eclipsing_binary
1397.523461183846,0.9994079,0.00047162262,3815360,eclipsing_binary
1397.5248500540104,1.0012707,0.00047192062,3815360,eclipsing_binary
1397.5262389237091,1.000102,0.00047172356,3815360,eclipsing_binary
1397.5276277934072,0.99985325,0.0004717208,3815360,eclipsing_binary
1397.5290166635718,0.9991545,0.00047154364,3815360,eclipsing_binary
1397.5304055332706,1.0007002,0.00047192545,3815360,eclipsing_binary
1397.5317944029687,0.99972886,0.0004715585,3815360,eclipsing_binary
1397.5331832731324,1.0000429,0.0004716173,3815360,eclipsing_binary
1397.5345721428312,0.99968284,0.00047157248,3815360,eclipsing_binary
1397.5359610125302,0.9992061,0.00047151593,3815360,eclipsing_binary
1397.537349882694,0.99981874,0.00047155903,3815360,eclipsing_binary
1397.5387387523926,0.9999979,0.00047167644,3815360,eclipsing_binary
1397.5401276220914,1.0000159,0.00047175505,3815360,eclipsing_binary
1397.5415164917897,1.0004859,0.00047189282,3815360,eclipsing_binary
1397.5429053614885,1.0001826,0.00047175822,3815360,eclipsing_binary
1397.5442942316529,1.0002129,0.00047183415,3815360,eclipsing_binary
1397.545683101351,1.0006194,0.0004718118,3815360,eclipsing_binary
1397.5470719710497,0.999176,0.000471759,3815360,eclipsing_binary
1397.5484608407487,0.9996529,0.00047155368,3815360,eclipsing_binary
1397.5498497104468,1.0000027,0.00047166235,3815360,eclipsing_binary
1397.5512385801449,0.9997338,0.0004716757,3815360,eclipsing_binary
1397.5526274498438,0.99979573,0.00047168435,3815360,eclipsing_binary
1397.5540163195426,1.0000775,0.00047175045,3815360,eclipsing_binary
1397.5554051892407,0.9998514,0.00047171247,3815360,eclipsing_binary
1397.556794059405,0.99950355,0.00047164847,3815360,eclipsing_binary
1397.558182929104,0.99984443,0.00047175554,3815360,eclipsing_binary
1397.5595717988028,1.0001876,0.0004716526,3815360,eclipsing_binary
1397.5609606685023,1.000427,0.00047170473,3815360,eclipsing_binary
1397.5623495377354,0.9993884,0.0004715119,3815360,eclipsing_binary
1397.5637384074334,0.99944526,0.0004715288,3815360,eclipsing_binary
1397.5651272771324,0.9996131,0.00047164355,3815360,eclipsing_binary
1397.5665161468312,0.9983316,0.00047138234,3815360,eclipsing_binary
1397.5679050165293,0.9995497,0.00047166436,3815360,eclipsing_binary
1397.5692938862276,0.99959624,0.0004716857,3815360,eclipsing_binary
1397.5706827559263,1.0002244,0.00047180854,3815360,eclipsing_binary
1397.572071625625,0.99965525,0.00047162877,3815360,eclipsing_binary
1397.5734604953232,1.000035,0.00047166258,3815360,eclipsing_binary
1397.5748493650221,0.99979395,0.0004714985,3815360,eclipsing_binary
1397.5762382342552,0.999629,0.00047158,3815360,eclipsing_binary
1397.5776271039533,0.99985296,0.00047166002,3815360,eclipsing_binary
1397.579015973652,1.0003222,0.00047172004,3815360,eclipsing_binary
1397.5804048433508,1.0000525,0.00047178223,3815360,eclipsing_binary
1397.5817937130491,0.99966425,0.00047168875,3815360,eclipsing_binary
1397.5831825822822,0.9996983,0.0004717486,3815360,eclipsing_binary
1397.584571451981,0.9992502,0.00047146596,3815360,eclipsing_binary
1397.585960321679,0.9996821,0.00047154914,3815360,eclipsing_binary
1397.5873491909124,0.9994369,0.00047148662,3815360,eclipsing_binary
1397.5887380606111,0.99966437,0.00047175755,3815360,eclipsing_binary
1397.5901269303092,1.0001297,0.00047166244,3815360,eclipsing_binary
1397.5915157995416,0.9993989,0.00047160417,3815360,eclipsing_binary
1397.5929046692404,0.999421,0.00047162082,3815360,eclipsing_binary
1397.5942935389394,0.9997533,0.00047180706,3815360,eclipsing_binary
1397.5956824081718,0.99980235,0.00047186876,3815360,eclipsing_binary
1397.5970712778706,1.0000681,0.00047170004,3815360,eclipsing_binary
1397.5984601471037,1.0000137,0.00047168205,3815360,eclipsing_binary
1397.599849016802,1.0000712,0.00047166753,3815360,eclipsing_binary
1397.601237886035,0.9997718,0.0004715782,3815360,eclipsing_binary
1397.6026267557338,0.9993178,0.00047158092,3815360,eclipsing_binary
1397.6040156254319,1.000125,0.00047169754,3815360,eclipsing_binary
1397.605404494665,0.99945396,0.00047163334,3815360,eclipsing_binary
1397.6067933638983,0.9998419,0.00047160903,3815360,eclipsing_binary
1397.6081822335964,0.99948215,0.00047158264,3815360,eclipsing_binary
1397.6095711028288,1.0000757,0.0004716914,3815360,eclipsing_binary
1397.6109599725278,0.99959075,0.000471739,3815360,eclipsing_binary
1397.6123488417609,0.9994125,0.00047146957,3815360,eclipsing_binary
1397.613737711459,1.0001353,0.00047151916,3815360,eclipsing_binary
1397.615126580692,0.9998862,0.00047154797,3815360,eclipsing_binary
1397.6165154499254,0.999093,0.00047144908,3815360,eclipsing_binary
1397.6179043196234,0.9997768,0.000471674,3815360,eclipsing_binary
1397.6192931888565,0.9991634,0.0004716344,3815360,eclipsing_binary
1397.6206820580896,0.99984604,0.0004716137,3815360,eclipsing_binary
1397.6220709277877,1.0000523,0.00047159343,3815360,eclipsing_binary
1397.623459797021,0.9991928,0.00047142943,3815360,eclipsing_binary
1397.6248486662541,1.0007522,0.0004718805,3815360,eclipsing_binary
1397.6262375359522,0.99941623,0.00047165272,3815360,eclipsing_binary
1397.6276264051849,0.9998646,0.0004716569,3815360,eclipsing_binary
1397.629015274418,1.0011504,0.0004719663,3815360,eclipsing_binary
1397.630404143651,1.0004729,0.0004716789,3815360,eclipsing_binary
1397.6317930133491,0.9997283,0.00047162577,3815360,eclipsing_binary
1397.6331818825824,0.9999893,0.00047169815,3815360,eclipsing_binary
1397.6345707518155,0.9991467,0.0004714091,3815360,eclipsing_binary
1397.635959621048,0.99994886,0.000471663,3815360,eclipsing_binary
1397.637348490281,1.0013652,0.00047187417,3815360,eclipsing_binary
1397.6387373595142,0.9999765,0.00047171608,3815360,eclipsing_binary
1397.6401262287468,0.9998715,0.00047164416,3815360,eclipsing_binary
1397.6415150984456,1.0000354,0.00047151258,3815360,eclipsing_binary
1397.6429039676786,0.99968606,0.00047161535,3815360,eclipsing_binary
1397.644292836911,1.0002288,0.00047172426,3815360,eclipsing_binary
1397.6456817061435,0.9999396,0.0004716296,3815360,eclipsing_binary
1397.6470705753768,1.0005723,0.0004718036,3815360,eclipsing_binary
1397.64845944461,0.99926454,0.00047154498,3815360,eclipsing_binary
1397.6498483138423,0.9986801,0.00047139698,3815360,eclipsing_binary
1397.6512371830754,1.0002631,0.0004717,3815360,eclipsing_binary
1397.6526260523087,0.9993304,0.00047157312,3815360,eclipsing_binary
1397.6540149215411,1.0004045,0.00047167833,3815360,eclipsing_binary
1397.6554037907742,0.9993449,0.00047159006,3815360,eclipsing_binary
1397.6567926600073,0.9995175,0.00047163293,3815360,eclipsing_binary
1397.65818152924,0.999595,0.00047168942,3815360,eclipsing_binary
1397.6595703980074,0.99956965,0.00047153447,3815360,eclipsing_binary
1397.6609592672405,0.99960357,0.00047161255,3815360,eclipsing_binary
1397.662348136473,1.0005745,0.0004718183,3815360,eclipsing_binary
1397.6637370057056,1.0000031,0.0004715821,3815360,eclipsing_binary
1397.6651258749387,1.0001605,0.00047169393,3815360,eclipsing_binary
1397.6665147441718,0.9999078,0.00047174207,3815360,eclipsing_binary
1397.6679036134042,0.99961054,0.00047160347,3815360,eclipsing_binary
1397.6692924821718,1.0005208,0.00047168366,3815360,eclipsing_binary
1397.670681351405,0.99991417,0.00047154984,3815360,eclipsing_binary
1397.6720702206374,0.99915576,0.00047154637,3815360,eclipsing_binary
1397.6734590898704,0.9991136,0.0004714249,3815360,eclipsing_binary
1397.674847958638,0.9994187,0.00047164474,3815360,eclipsing_binary
1397.6762368278705,1.0005426,0.00047168008,3815360,eclipsing_binary
1397.6776256971036,0.9989148,0.00047139707,3815360,eclipsing_binary
1397.6790145663367,0.9993381,0.00047150988,3815360,eclipsing_binary
1397.6804034351035,0.99946946,0.00047147268,3815360,eclipsing_binary
1397.681792304336,1.0009519,0.00047188063,3815360,eclipsing_binary
1397.6831811731035,0.9992821,0.0004715369,3815360,eclipsing_binary
1397.6845700423366,0.9995099,0.0004716054,3815360,eclipsing_binary
1397.685958911569,1.0003141,0.00047167303,3815360,eclipsing_binary
1397.6873477803365,0.9994439,0.00047147353,3815360,eclipsing_binary
1397.6887366495698,1.0007777,0.00047172135,3815360,eclipsing_binary
1397.6901255188022,1.000412,0.00047171253,3815360,eclipsing_binary
1397.6915143875697,0.9992845,0.000471534,3815360,eclipsing_binary
1397.6929032568028,0.99924266,0.00047154553,3815360,eclipsing_binary
1397.6942921255697,0.99954134,0.00047153147,3815360,eclipsing_binary
1397.6956809948028,1.0000614,0.00047169783,3815360,eclipsing_binary
1397.6970698635703,1.000463,0.00047188863,3815360,eclipsing_binary
1397.698458732803,1.0000001,0.00047163703,3815360,eclipsing_binary
1397.6998476015704,0.99888754,0.00047152388,3815360,eclipsing_binary
1397.7012364708035,0.99993414,0.0004715382,3815360,eclipsing_binary
1397.7026253395702,1.000486,0.00047162522,3815360,eclipsing_binary
1397.704014208337,1.0003189,0.00047170653,3815360,eclipsing_binary
1397.7054030775703,1.0001063,0.00047169294,3815360,eclipsing_binary
1397.7067919463377,1.0003355,0.00047161558,3815360,eclipsing_binary
1397.7081808155701,1.0001585,0.00047168002,3815360,eclipsing_binary
1397.7095696843376,1.0000986,0.00047165962,3815360,eclipsing_binary
1397.7109585531052,0.9985999,0.00047133068,3815360,eclipsing_binary
1397.7123474223376,0.9992808,0.00047144492,3815360,eclipsing_binary
1397.713736291105,1.000054,0.00047174285,3815360,eclipsing_binary
1397.7151251598725,0.99922,0.00047164378,3815360,eclipsing_binary
1397.716514029105,0.99953467,0.00047153793,3815360,eclipsing_binary
1397.7179028978726,0.9999832,0.00047163342,3815360,eclipsing_binary
1397.71929176664,1.0001065,0.00047170458,3815360,eclipsing_binary
1397.7206806354068,1.0002128,0.00047178578,3815360,eclipsing_binary
1397.7220695046394,0.9997836,0.00047165874,3815360,eclipsing_binary
1397.7234583734069,0.9996796,0.00047156107,3815360,eclipsing_binary
1397.7248472421743,0.9993427,0.0004716449,3815360,eclipsing_binary
1397.726236110941,0.999747,0.00047175295,3815360,eclipsing_binary
1397.7276249801744,1.0003859,0.0004717945,3815360,eclipsing_binary
1397.7290138489418,1.0000411,0.00047162522,3815360,eclipsing_binary
1397.7304027177086,1.0011503,0.0004718995,3815360,eclipsing_binary
1397.731791586476,0.99965173,0.0004715276,3815360,eclipsing_binary
1397.7331804552437,0.99990124,0.00047162597,3815360,eclipsing_binary
1397.7345693240104,0.99966425,0.0004715375,3815360,eclipsing_binary
1397.7359581927778,0.99985206,0.00047159282,3815360,eclipsing_binary
1397.7373470615453,1.0002047,0.00047177554,3815360,eclipsing_binary
1397.738735930312,0.9994737,0.00047159527,3815360,eclipsing_binary
1397.740124799079,0.9997368,0.0004717107,3815360,eclipsing_binary
1397.741513668312,1.001088,0.00047189908,3815360,eclipsing_binary
1397.7429025370795,0.99993306,0.00047157874,3815360,eclipsing_binary
1397.7442914058463,1.0006087,0.00047192263,3815360,eclipsing_binary
1397.7456802746137,1.0008668,0.0004718879,3815360,eclipsing_binary
1397.7470691433814,1.0002327,0.00047175374,3815360,eclipsing_binary
1397.7484580116825,0.9995294,0.0004715335,3815360,eclipsing_binary
1397.74984688045,0.9998742,0.0004716328,3815360,eclipsing_binary
1397.7512357492174,0.99993795,0.0004718749,3815360,eclipsing_binary
1397.7526246179843,0.99962157,0.0004716446,3815360,eclipsing_binary
1397.7540134867518,0.9989245,0.00047144576,3815360,eclipsing_binary
1397.7554023555192,0.99937993,0.00047155382,3815360,eclipsing_binary
1397.7567912242862,1.0002557,0.00047178622,3815360,eclipsing_binary
1397.758180093053,0.9991869,0.00047141468,3815360,eclipsing_binary
1397.7595689618204,0.9999874,0.00047177833,3815360,eclipsing_binary
1397.7609578305878,1.00076,0.00047184227,3815360,eclipsing_binary
1397.762346698889,1.0000113,0.0004717201,3815360,eclipsing_binary
1397.7637355676566,1.0001276,0.00047163782,3815360,eclipsing_binary
1397.765124436424,1.0000038,0.00047161992,3815360,eclipsing_binary
1397.7665133051908,0.9995865,0.0004716119,3815360,eclipsing_binary
1397.7679021734925,0.9999156,0.0004716368,3815360,eclipsing_binary
1397.7692910422602,0.9994789,0.00047156736,3815360,eclipsing_binary
1397.770679911027,0.9998307,0.00047163034,3815360,eclipsing_binary
1397.7720687797944,1.0001297,0.0004717129,3815360,eclipsing_binary
1397.7734576480962,0.999372,0.0004716214,3815360,eclipsing_binary
1397.774846516863,0.99877447,0.00047140877,3815360,eclipsing_binary
1397.77623538563,0.99986994,0.00047149838,3815360,eclipsing_binary
1397.7776242539317,0.99966234,0.0004715253,3815360,eclipsing_binary
1397.779013122699,0.9995994,0.00047167283,3815360,eclipsing_binary
1397.780401991466,0.9990966,0.00047153689,3815360,eclipsing_binary
1397.7817908597679,1.0001539,0.00047157006,3815360,eclipsing_binary
1397.7831797285353,1.0001459,0.00047164186,3815360,eclipsing_binary
1397.7845685968364,1.0004635,0.00047172265,3815360,eclipsing_binary
1397.785957465604,0.999741,0.0004715646,3815360,eclipsing_binary
1397.7873463343715,1.0007336,0.00047178514,3815360,eclipsing_binary
1397.7887352026726,0.9990801,0.0004714474,3815360,eclipsing_binary
1397.79012407144,1.00048,0.0004716378,3815360,eclipsing_binary
1397.791512939742,1.0001026,0.00047171532,3815360,eclipsing_binary
1397.7929018085088,1.0003847,0.00047166736,3815360,eclipsing_binary
1397.7942906768099,0.9998426,0.00047163005,3815360,eclipsing_binary
1397.7956795455773,1.0002556,0.00047179015,3815360,eclipsing_binary
1397.797068413879,0.9999738,0.0004715665,3815360,eclipsing_binary
1397.7984572826458,1.0000399,0.00047162265,3815360,eclipsing_binary
1397.7998461509478,0.9994964,0.000471451,3815360,eclipsing_binary
1397.8012350192496,0.99948746,0.00047154617,3815360,eclipsing_binary
1397.8026238880163,1.0001704,0.00047170065,3815360,eclipsing_binary
1397.8040127563181,0.99900115,0.0004715277,3815360,eclipsing_binary
1397.8054016250858,0.9994476,0.0004715421,3815360,eclipsing_binary
1397.8067904933869,1.0001771,0.0004716781,3815360,eclipsing_binary
1397.8081793616886,1.0002491,0.0004716692,3815360,eclipsing_binary
1397.809568230456,0.99923456,0.00047160996,3815360,eclipsing_binary
1397.8109570987574,0.9991567,0.000471429,3815360,eclipsing_binary
1397.8123459670592,0.9994278,0.00047155117,3815360,eclipsing_binary
1397.8137348358266,0.99970174,0.00047148642,3815360,eclipsing_binary
1397.815123704128,0.99990505,0.00047166843,3815360,eclipsing_binary
1397.816512572429,0.9988454,0.00047146995,3815360,eclipsing_binary
1397.8179014407308,1.0000407,0.00047154396,3815360,eclipsing_binary
1397.8192903094982,0.99962056,0.0004717381,3815360,eclipsing_binary
1397.8206791777993,0.9993126,0.00047159565,3815360,eclipsing_binary
1397.8220680461013,0.9993054,0.00047145277,3815360,eclipsing_binary
1397.823456914403,1.0000564,0.00047166765,3815360,eclipsing_binary
1397.8248457827042,0.99947935,0.00047152152,3815360,eclipsing_binary
1397.8262346514716,0.9990582,0.0004713944,3815360,eclipsing_binary
1397.8276235197736,1.0000255,0.00047159626,3815360,eclipsing_binary
1397.8290123880747,1.0001637,0.0004716108,3815360,eclipsing_binary
1397.8304012563765,0.9992492,0.00047142655,3815360,eclipsing_binary
1397.8317901246783,0.9996022,0.00047146948,3815360,eclipsing_binary
1397.8331789929794,1.0005171,0.0004717233,3815360,eclipsing_binary
1397.8345678612807,1.0000222,0.00047171122,3815360,eclipsing_binary
1397.8359567295824,0.99948096,0.00047147402,3815360,eclipsing_binary
1397.8373455983499,1.0005273,0.0004716821,3815360,eclipsing_binary
1397.8387344666512,1.0002145,0.00047154538,3815360,eclipsing_binary
1397.840123334953,0.9999156,0.00047170304,3815360,eclipsing_binary
1397.8415122032548,1.0006796,0.00047164204,3815360,eclipsing_binary
1397.8429010715558,0.99910516,0.00047146573,3815360,eclipsing_binary
1397.8442899398578,1.0007583,0.00047183945,3815360,eclipsing_binary
1397.8456788081596,1.0009571,0.0004718031,3815360,eclipsing_binary
1397.8470676764607,1.0001013,0.00047163028,3815360,eclipsing_binary
1397.8484565442968,0.99948186,0.0004716476,3815360,eclipsing_binary
1397.8498454125988,0.9990986,0.00047150216,3815360,eclipsing_binary
1397.8512342809,0.9999618,0.00047165932,3815360,eclipsing_binary
1397.852623149201,0.9998196,0.0004716675,3815360,eclipsing_binary
1397.8540120175028,0.99995184,0.0004717264,3815360,eclipsing_binary
1397.8554008858046,0.99965346,0.0004715311,3815360,eclipsing_binary
1397.8567897541056,0.99900347,0.0004714561,3815360,eclipsing_binary
1397.8581786224076,0.9994757,0.0004714357,3815360,eclipsing_binary
1397.8595674907094,1.0003705,0.00047172135,3815360,eclipsing_binary
1397.8609563585449,1.0004296,0.00047172944,3815360,eclipsing_binary
1397.8623452268466,0.99926895,0.00047162993,3815360,eclipsing_binary
1397.8637340951486,1.0001651,0.00047157754,3815360,eclipsing_binary
1397.8651229634497,1.0005412,0.0004717608,3815360,eclipsing_binary
1397.8665118317515,0.9994956,0.00047169894,3815360,eclipsing_binary
1397.8679006995876,0.99961257,0.00047143656,3815360,eclipsing_binary
1397.869289567889,0.9999148,0.00047153854,3815360,eclipsing_binary
1397.87067843619,1.000647,0.00047178156,3815360,eclipsing_binary
1397.8720673040261,0.9999571,0.0004715649,3815360,eclipsing_binary
1397.8734561723281,0.9995468,0.00047158502,3815360,eclipsing_binary
1397.8748450406292,1.0004122,0.00047163636,3815360,eclipsing_binary
1397.8762339084653,0.9998141,0.00047147056,3815360,eclipsing_binary
1397.877622776767,0.99982953,0.00047154503,3815360,eclipsing_binary
1397.8790116450682,1.0000882,0.00047163057,3815360,eclipsing_binary
1397.8804005129045,0.9999793,0.0004715585,3815360,eclipsing_binary
1397.8817893812063,1.0003356,0.00047153299,3815360,eclipsing_binary
1397.8831782495074,1.0005829,0.00047164006,3815360,eclipsing_binary
1397.8845671173435,0.99925774,0.00047142824,3815360,eclipsing_binary
1397.8859559856455,1.000138,0.00047171913,3815360,eclipsing_binary
1397.887344853481,1.000487,0.0004715394,3815360,eclipsing_binary
1397.888733721782,0.99920833,0.00047151677,3815360,eclipsing_binary
1397.8901225896182,1.0001919,0.00047174172,3815360,eclipsing_binary
1397.89151145792,1.0003496,0.00047164655,3815360,eclipsing_binary
1397.8929003257556,1.000426,0.000471658,3815360,eclipsing_binary
1397.8942891940574,1.0001222,0.00047170185,3815360,eclipsing_binary
1397.8956780618935,0.9996385,0.00047158392,3815360,eclipsing_binary
1397.8970669301948,1.0004638,0.00047169518,3815360,eclipsing_binary
1397.898455798031,1.0009953,0.00047189838,3815360,eclipsing_binary
1397.8998446663327,1.0003504,0.00047180915,3815360,eclipsing_binary
1397.9012335341681,1.0005275,0.00047175653,3815360,eclipsing_binary
1397.9026224024701,1.0002326,0.00047164172,3815360,eclipsing_binary
1397.9040112703062,0.99960643,0.0004716354,3815360,eclipsing_binary
1397.9054001381417,0.99936587,0.00047172088,3815360,eclipsing_binary
1397.9067890064428,1.0000416,0.00047179975,3815360,eclipsing_binary
1397.9081778742789,0.9999469,0.0004716024,3815360,eclipsing_binary
1397.9095667425809,1.0011052,0.000471817,3815360,eclipsing_binary
1397.9109556104163,0.9991683,0.0004716015,3815360,eclipsing_binary
1397.9123444782524,1.0002596,0.00047170668,3815360,eclipsing_binary
1397.9137333460885,1.0003341,0.0004717484,3815360,eclipsing_binary
1397.9151222143896,0.9999043,0.0004716289,3815360,eclipsing_binary
1397.916511082226,0.9999105,0.00047160508,3815360,eclipsing_binary
1397.917899950062,0.9994232,0.0004717588,3815360,eclipsing_binary
1397.9192888183632,0.9995792,0.00047157495,3815360,eclipsing_binary
1397.9206776861993,1.0002058,0.0004716829,3815360,eclipsing_binary
1397.9220665540356,0.99977434,0.0004716662,3815360,eclipsing_binary
1397.923455421871,1.0000755,0.00047165694,3815360,eclipsing_binary
1397.9248442897072,0.99927145,0.00047147376,3815360,eclipsing_binary
1397.926233158009,1.0004584,0.00047171765,3815360,eclipsing_binary
1397.9276220258446,1.000256,0.00047171387,3815360,eclipsing_binary
1397.92901089368,1.0004128,0.00047166395,3815360,eclipsing_binary
1397.9303997615161,1.0008576,0.00047176197,3815360,eclipsing_binary
1397.9317886293525,1.0001501,0.00047175807,3815360,eclipsing_binary
1397.933177497188,1.0002612,0.0004718541,3815360,eclipsing_binary
1397.934566365024,0.9989457,0.00047138715,3815360,eclipsing_binary
1397.9359552333258,0.99998564,0.00047162003,3815360,eclipsing_binary
1397.9373441011621,1.000228,0.0004716988,3815360,eclipsing_binary
1397.938732968999,0.9995084,0.00047163057,3815360,eclipsing_binary
1397.940121836835,1.000265,0.00047172452,3815360,eclipsing_binary
1397.9415107046705,0.99955213,0.00047173837,3815360,eclipsing_binary
1397.9428995725066,1.0000315,0.00047170572,3815360,eclipsing_binary
1397.944288440343,0.999452,0.00047147422,3815360,eclipsing_binary
1397.9456773081783,1.0002956,0.00047167353,3815360,eclipsing_binary
1397.9470661760138,0.999859,0.0004715275,3815360,eclipsing_binary
1397.94845504385,0.99970514,0.00047169728,3815360,eclipsing_binary
1397.949843911686,0.9997555,0.00047165016,3815360,eclipsing_binary
1397.9512327795217,0.9995745,0.00047154576,3815360,eclipsing_binary
1397.9526216473578,0.9997448,0.00047154244,3815360,eclipsing_binary
1397.9540105147282,0.9993449,0.0004714503,3815360,eclipsing_binary
1397.9553993825639,1.0002726,0.00047175385,3815360,eclipsing_binary
1397.9567882504,0.9997255,0.0004716018,3815360,eclipsing_binary
1397.958177118236,1.0001459,0.00047171203,3815360,eclipsing_binary
1397.9595659860715,1.0004542,0.00047182155,3815360,eclipsing_binary
1397.9609548539079,1.000322,0.00047175254,3815360,eclipsing_binary
1397.962343721744,0.99993974,0.00047161753,3815360,eclipsing_binary
1397.9637325895794,0.99957955,0.00047157163,3815360,eclipsing_binary
1397.9651214569492,1.0002723,0.00047164442,3815360,eclipsing_binary
1397.9665103247853,0.9997194,0.00047163956,3815360,eclipsing_binary
1397.9678991926216,0.9997944,0.00047169533,3815360,eclipsing_binary
1397.969288060457,0.9993228,0.00047155915,3815360,eclipsing_binary
1397.9706769278275,0.9996323,0.0004715464,3815360,eclipsing_binary
1397.9720657956636,0.99974585,0.0004716782,3815360,eclipsing_binary
1397.973454663499,0.99971354,0.00047156218,3815360,eclipsing_binary
1397.9748435313354,0.99992025,0.00047169617,3815360,eclipsing_binary
1397.9762323987059,0.9999368,0.00047168194,3815360,eclipsing_binary
1397.9776212665413,1.0004872,0.00047176273,3815360,eclipsing_binary
1397.9790101343774,0.9995238,0.00047157385,3815360,eclipsing_binary
1397.980399001748,0.99979717,0.00047171325,3815360,eclipsing_binary
1397.9817878695835,0.9998282,0.00047155254,3815360,eclipsing_binary
1397.983176737419,0.9999701,0.00047160877,3815360,eclipsing_binary
1397.9845656047896,1.0004053,0.00047150702,3815360,eclipsing_binary
1397.9859544726257,0.999827,0.00047155682,3815360,eclipsing_binary
1397.9873433404612,0.99989915,0.00047172626,3815360,eclipsing_binary
1397.9887322078316,0.9995222,0.000471487,3815360,eclipsing_binary
1397.990121075668,1.0002508,0.00047167452,3815360,eclipsing_binary
1397.9915099430377,1.0005897,0.00047178176,3815360,eclipsing_binary
1397.9928988108738,0.9988631,0.0004714543,3815360,eclipsing_binary
1397.9942876782443,0.99969393,0.0004716359,3815360,eclipsing_binary
1397.9956765460797,1.000034,0.00047159815,3815360,eclipsing_binary
1397.9970654134504,0.9992002,0.00047157423,3815360,eclipsing_binary
1397.9984542812865,1.0001237,0.00047172,3815360,eclipsing_binary
1397.9998431486563,1.0003606,0.0004716999,3815360,eclipsing_binary
1398.0012320164917,0.99964046,0.00047159492,3815360,eclipsing_binary
1398.0026208838622,1.0000274,0.0004715891,3815360,eclipsing_binary
1398.0040097516985,1.0000875,0.0004716546,3815360,eclipsing_binary
1398.0053986190683,0.9995446,0.0004715684,3815360,eclipsing_binary
1398.0067874869044,1.0002482,0.00047176555,3815360,eclipsing_binary
1398.0081763542748,0.9999573,0.0004715493,3815360,eclipsing_binary
1398.0095652216448,1.0003134,0.00047168977,3815360,eclipsing_binary
1398.010954089481,0.99996716,0.000471549,3815360,eclipsing_binary
1398.0123429568514,1.0005407,0.0004717495,3815360,eclipsing_binary
1398.0137318242214,0.99911237,0.00047141622,3815360,eclipsing_binary
1398.0151206920575,1.0000869,0.00047160214,3815360,eclipsing_binary
1398.016509559428,0.999802,0.00047153156,3815360,eclipsing_binary
1398.0178984267977,0.99916565,0.000471451,3815360,eclipsing_binary
1398.0192872946332,0.99915534,0.00047142472,3815360,eclipsing_binary
1398.0206761620038,0.9997178,0.00047157408,3815360,eclipsing_binary
1398.0220650293743,1.0002618,0.00047171398,3815360,eclipsing_binary
1398.0234538972097,0.99921924,0.00047150216,3815360,eclipsing_binary
1398.0248427645802,0.9993523,0.00047156704,3815360,eclipsing_binary
1398.0262316319508,1.0004616,0.00047168884,3815360,eclipsing_binary
1398.0276204993206,0.999536,0.00047155804,3815360,eclipsing_binary
1398.029009366691,0.99934053,0.000471551,3815360,eclipsing_binary
1398.0303982345272,0.9997769,0.0004715153,3815360,eclipsing_binary
1398.031787101897,1.0003374,0.00047173531,3815360,eclipsing_binary
1398.0331759692676,0.99953836,0.0004715937,3815360,eclipsing_binary
1398.034564836638,0.9993565,0.00047140333,3815360,eclipsing_binary
1398.0359537040079,0.99945635,0.00047155833,3815360,eclipsing_binary
1398.0373425713778,1.0001906,0.0004716474,3815360,eclipsing_binary
1398.038731439214,1.0004389,0.0004715826,3815360,eclipsing_binary
1398.0401203065844,0.9997474,0.0004716479,3815360,eclipsing_binary
1398.0428980413249,1.000192,0.00047168773,3815360,eclipsing_binary
1398.0442869086953,0.99976146,0.00047158587,3815360,eclipsing_binary
1398.045675776065,0.99956834,0.00047147615,3815360,eclipsing_binary
1398.0470646434355,0.9997714,0.00047158398,3815360,eclipsing_binary
1398.0484535108062,1.0001082,0.0004716231,3815360,eclipsing_binary
1398.049842378176,0.9998367,0.00047159672,3815360,eclipsing_binary
1398.0512312455464,1.0001584,0.0004716888,3815360,eclipsing_binary
1398.0526201129169,1.0004218,0.00047167885,3815360,eclipsing_binary
1398.0540089802867,0.99947095,0.0004715821,3815360,eclipsing_binary
1398.0553978476573,1.0006673,0.0004717299,3815360,eclipsing_binary
1398.0567867150278,0.9995336,0.00047152015,3815360,eclipsing_binary
1398.0581755823976,1.0002366,0.00047157923,3815360,eclipsing_binary
1398.0595644497673,0.9991851,0.00047141738,3815360,eclipsing_binary
1398.0609533171378,0.99989814,0.00047151174,3815360,eclipsing_binary
1398.0623421845085,0.9995545,0.0004715607,3815360,eclipsing_binary
1398.0637310518782,0.99979484,0.00047171753,3815360,eclipsing_binary
1398.065119918783,1.0002922,0.00047168793,3815360,eclipsing_binary
1398.0665087861535,1.0009373,0.00047200528,3815360,eclipsing_binary
1398.0678976535235,0.99950975,0.00047155845,3815360,eclipsing_binary
1398.069286520894,0.99971116,0.0004714611,3815360,eclipsing_binary
1398.0706753882644,0.9993336,0.0004714368,3815360,eclipsing_binary
1398.0720642556344,1.0005414,0.00047166087,3815360,eclipsing_binary
1398.0734531225391,0.9987704,0.00047140883,3815360,eclipsing_binary
1398.0748419899096,0.9999916,0.00047149637,3815360,eclipsing_binary
1398.0762308572794,1.0000964,0.00047173988,3815360,eclipsing_binary
1398.0776197246491,0.9998998,0.0004717038,3815360,eclipsing_binary
1398.0790085915542,0.9994129,0.0004715276,3815360,eclipsing_binary
1398.0803974589246,0.99957114,0.00047156506,3815360,eclipsing_binary
1398.0817863262944,0.9999724,0.0004715658,3815360,eclipsing_binary
1398.0831751936648,0.9999351,0.0004714891,3815360,eclipsing_binary
1398.0845640605698,1.0004708,0.00047178793,3815360,eclipsing_binary
1398.0859529279396,0.9994458,0.0004715278,3815360,eclipsing_binary
1398.08734179531,0.99991876,0.00047152233,3815360,eclipsing_binary
1398.0887306622149,1.0002968,0.00047173552,3815360,eclipsing_binary
1398.0901195295846,0.9992882,0.0004714285,3815360,eclipsing_binary
1398.0915083969553,1.000059,0.00047160915,3815360,eclipsing_binary
1398.09289726386,0.9993753,0.00047144908,3815360,eclipsing_binary
1398.0942861312299,1.0005021,0.0004716889,3815360,eclipsing_binary
1398.0956749981342,0.9995862,0.00047163505,3815360,eclipsing_binary
1398.0970638655047,0.9991151,0.0004714399,3815360,eclipsing_binary
1398.098452732875,1.0006727,0.00047174477,3815360,eclipsing_binary
1398.0998415997792,1.0004846,0.00047173048,3815360,eclipsing_binary
1398.10123046715,1.0006052,0.00047163788,3815360,eclipsing_binary
1398.1026193340547,1.0006034,0.00047171424,3815360,eclipsing_binary
1398.1040082014244,1.0006288,0.00047173575,3815360,eclipsing_binary
1398.1053970683292,0.9994259,0.00047134346,3815360,eclipsing_binary
1398.1067859356997,0.9991709,0.00047133485,3815360,eclipsing_binary
1398.1095636699745,0.9992813,0.00047146078,3815360,eclipsing_binary
1398.1109525368793,0.99999034,0.0004716739,3815360,eclipsing_binary
1398.112341404249,1.000358,0.00047173907,3815360,eclipsing_binary
1398.1137302711531,0.99994636,0.00047156418,3815360,eclipsing_binary
1398.1151191380582,0.9995585,0.0004714544,3815360,eclipsing_binary
1398.1165080054286,0.9996123,0.00047150976,3815360,eclipsing_binary
1398.1178968723327,0.99943006,0.00047158645,3815360,eclipsing_binary
1398.1192857397032,1.0001729,0.00047156218,3815360,eclipsing_binary
1398.1206746066082,0.9991181,0.00047147882,3815360,eclipsing_binary
1398.1220634735123,1.0003737,0.0004715772,3815360,eclipsing_binary
1398.1234523408827,1.0002762,0.0004716759,3815360,eclipsing_binary
1398.1248412077875,1.0006094,0.00047158723,3815360,eclipsing_binary
1398.1262300746919,0.99979776,0.00047148293,3815360,eclipsing_binary
1398.1276189420623,0.99940073,0.00047160225,3815360,eclipsing_binary
1398.1290078089671,0.9996628,0.00047154803,3815360,eclipsing_binary
1398.1303966758715,0.99991304,0.0004715384,3815360,eclipsing_binary
1398.1317855432412,0.9996385,0.0004716145,3815360,eclipsing_binary
1398.133174410146,0.9999908,0.0004715623,3815360,eclipsing_binary
1398.1345632770508,1.0000056,0.00047150013,3815360,eclipsing_binary
1398.135952143955,1.0008332,0.00047188983,3815360,eclipsing_binary
1398.1373410113256,0.99854565,0.0004712804,3815360,eclipsing_binary
1398.1387298782304,0.9992769,0.00047145094,3815360,eclipsing_binary
1398.1401187451345,1.0001132,0.00047158526,3815360,eclipsing_binary
1398.1415076120393,1.000497,0.00047168933,3815360,eclipsing_binary
1398.1428964789443,1.0005201,0.00047162466,3815360,eclipsing_binary
1398.1442853458484,0.99923676,0.0004713574,3815360,eclipsing_binary
1398.1456742132189,0.99949104,0.000471575,3815360,eclipsing_binary
1398.1470630801236,1.0002677,0.0004717291,3815360,eclipsing_binary
1398.1484519470278,1.0001862,0.00047163494,3815360,eclipsing_binary
1398.149840813932,0.9997225,0.00047152536,3815360,eclipsing_binary
1398.1512296808369,0.99920756,0.0004714238,3815360,eclipsing_binary
1398.1526185477417,0.999655,0.00047141942,3815360,eclipsing_binary
1398.154007414646,0.9997329,0.00047163607,3815360,eclipsing_binary
1398.1553962815508,1.000028,0.00047164346,3815360,eclipsing_binary
1398.1567851484556,1.0000789,0.00047159696,3815360,eclipsing_binary
1398.1581740153597,0.9997321,0.00047159963,3815360,eclipsing_binary
1398.1595628822647,1.0004828,0.0004716527,3815360,eclipsing_binary
1398.1609517491695,1.0002406,0.00047155682,3815360,eclipsing_binary
1398.1623406160736,0.9999832,0.00047154335,3815360,eclipsing_binary
1398.1637294829784,0.99992514,0.00047147638,3815360,eclipsing_binary
1398.1651183498832,1.0002496,0.00047164966,3815360,eclipsing_binary
1398.1665072167875,1.0008725,0.00047178718,3815360,eclipsing_binary
1398.1678960836923,0.99979395,0.00047157033,3815360,eclipsing_binary
1398.169284950597,1.0000634,0.00047160426,3815360,eclipsing_binary
1398.1706738175012,0.999636,0.0004714214,3815360,eclipsing_binary
1398.1720626844053,0.99993014,0.00047151293,3815360,eclipsing_binary
1398.1734515513103,0.9995262,0.0004714398,3815360,eclipsing_binary
1398.1748404182151,1.0000439,0.00047156127,3815360,eclipsing_binary
1398.1762292851192,1.0001441,0.00047159358,3815360,eclipsing_binary
1398.177618152024,0.99942213,0.00047156445,3815360,eclipsing_binary
1398.1790070184634,1.0000538,0.000471671,3815360,eclipsing_binary
1398.1803958853675,0.9998554,0.00047146995,3815360,eclipsing_binary
1398.1817847522723,0.9998525,0.0004714781,3815360,eclipsing_binary
1398.183173619177,0.99932796,0.00047157056,3815360,eclipsing_binary
1398.1845624860814,1.0007521,0.00047171485,3815360,eclipsing_binary
1398.1859513529862,0.9995754,0.0004714438,3815360,eclipsing_binary
1398.1873402194253,0.999473,0.00047142466,3815360,eclipsing_binary
1398.1887290863294,0.9988724,0.00047128886,3815360,eclipsing_binary
1398.1901179532338,1.0002148,0.00047182018,3815360,eclipsing_binary
1398.1915068201392,1.0001408,0.00047162513,3815360,eclipsing_binary
1398.192895686579,1.0005891,0.00047175976,3815360,eclipsing_binary
1398.1942845534832,1.000337,0.0004717276,3815360,eclipsing_binary
1398.1956734203882,0.9999775,0.00047153424,3815360,eclipsing_binary
1398.1970622868273,1.0008644,0.0004715806,3815360,eclipsing_binary
1398.1984511537314,1.0001618,0.00047161788,3815360,eclipsing_binary
1398.1998400206362,0.9996153,0.00047154102,3815360,eclipsing_binary
1398.2012288870756,1.0005654,0.00047178013,3815360,eclipsing_binary
1398.2026177539797,0.9999368,0.00047147536,3815360,eclipsing_binary
1398.2040066208845,0.9992615,0.00047147417,3815360,eclipsing_binary
1398.2053954873236,1.000038,0.00047151902,3815360,eclipsing_binary
1398.2067843542277,1.0002954,0.00047161645,3815360,eclipsing_binary
1398.208173221132,1.0004679,0.00047157647,3815360,eclipsing_binary
1398.2095620875712,0.99915063,0.00047130842,3815360,eclipsing_binary
1398.210950954476,1.0002193,0.00047161564,3815360,eclipsing_binary
1398.2123398209146,0.99981886,0.00047155604,3815360,eclipsing_binary
1398.2137286878194,1.0000403,0.0004716298,3815360,eclipsing_binary
1398.2151175542585,1.0001965,0.0004716789,3815360,eclipsing_binary
1398.2165064211626,0.99940294,0.00047160534,3815360,eclipsing_binary
1398.217895287602,0.9998949,0.00047157196,3815360,eclipsing_binary
1398.2192841545068,0.9996789,0.00047153785,3815360,eclipsing_binary
1398.2206730209452,1.000396,0.0004717043,3815360,eclipsing_binary
1398.22206188785,0.99925697,0.0004715218,3815360,eclipsing_binary
1398.2234507542892,1.0000931,0.00047155737,3815360,eclipsing_binary
1398.2248396211935,0.99982285,0.00047161133,3815360,eclipsing_binary
1398.226228487632,0.9994461,0.00047156806,3815360,eclipsing_binary
1398.2276173545367,1.0000732,0.00047153374,3815360,eclipsing_binary
1398.2290062209759,1.0000281,0.0004716735,3815360,eclipsing_binary
1398.2303950874143,1.0010233,0.00047171098,3815360,eclipsing_binary
1398.2317839543193,1.0000452,0.00047141078,3815360,eclipsing_binary
1398.2331728207585,0.9988818,0.00047141043,3815360,eclipsing_binary
1398.2345616876626,1.0002357,0.00047159093,3815360,eclipsing_binary
1398.2359505541017,1.0000285,0.0004716543,3815360,eclipsing_binary
1398.237339420541,0.9999272,0.00047172734,3815360,eclipsing_binary
1398.2387282874452,0.99923664,0.0004715889,3815360,eclipsing_binary
1398.2401171538843,0.9998735,0.00047163072,3815360,eclipsing_binary
1398.2415060203234,0.9996984,0.0004716597,3815360,eclipsing_binary
1398.242894886762,0.99958664,0.0004713491,3815360,eclipsing_binary
1398.2442837536662,1.0001147,0.0004716665,3815360,eclipsing_binary
1398.2456726201053,0.9999907,0.00047158194,3815360,eclipsing_binary
1398.2470614865447,0.99974096,0.00047160417,3815360,eclipsing_binary
1398.2484503534488,1.0000051,0.0004715305,3815360,eclipsing_binary
1398.249839219888,0.99934196,0.00047151107,3815360,eclipsing_binary
1398.251228086327,0.9999415,0.00047155155,3815360,eclipsing_binary
1398.2526169527655,0.999868,0.00047158505,3815360,eclipsing_binary
1398.2540058192048,0.99971956,0.00047144172,3815360,eclipsing_binary
1398.2553946861096,0.999427,0.00047137344,3815360,eclipsing_binary
1398.256783552548,0.99986017,0.00047151122,3815360,eclipsing_binary
1398.2581724189872,0.99944514,0.00047139198,3815360,eclipsing_binary
1398.2595612854266,0.9995061,0.0004713465,3815360,eclipsing_binary
1398.260950151865,0.9995735,0.00047154256,3815360,eclipsing_binary
1398.2623390183035,1.0003633,0.00047163316,3815360,eclipsing_binary
1398.2637278847426,1.0005794,0.0004716623,3815360,eclipsing_binary
1398.2651167516474,0.9984181,0.0004713154,3815360,eclipsing_binary
1398.266505618086,0.9997299,0.00047152536,3815360,eclipsing_binary
1398.2678944845252,0.9996594,0.00047151282,3815360,eclipsing_binary
1398.2692833509643,1.0001434,0.0004716985,3815360,eclipsing_binary
1398.270672217403,1.0002737,0.00047157108,3815360,eclipsing_binary
1398.2720610838421,1.0008276,0.00047175167,3815360,eclipsing_binary
1398.2734499502812,1.0002599,0.0004715068,3815360,eclipsing_binary
1398.2748388167197,1.0001403,0.0004716814,3815360,eclipsing_binary
1398.276227683159,0.9998133,0.00047157911,3815360,eclipsing_binary
1398.2776165495982,0.99984604,0.0004715552,3815360,eclipsing_binary
1398.2790054160366,1.0005026,0.00047157894,3815360,eclipsing_binary
1398.2803942824758,1.0004296,0.00047178665,3815360,eclipsing_binary
1398.2817831489149,1.0003351,0.0004715747,3815360,eclipsing_binary
1398.2831720153536,0.99962807,0.00047138732,3815360,eclipsing_binary
1398.284560881792,0.99986506,0.00047150662,3815360,eclipsing_binary
1398.2859497482311,0.9991903,0.0004713365,3815360,eclipsing_binary
1398.2873386146703,0.99894667,0.00047145298,3815360,eclipsing_binary
1398.288727480643,0.99962896,0.00047146427,3815360,eclipsing_binary
1398.2901163470824,0.9993913,0.0004715079,3815360,eclipsing_binary
1398.2915052135215,1.0007018,0.0004716792,3815360,eclipsing_binary
1398.29289407996,0.9987854,0.00047132155,3815360,eclipsing_binary
1398.294282946399,1.0005325,0.00047181168,3815360,eclipsing_binary
1398.2956718128385,0.99998295,0.00047150106,3815360,eclipsing_binary
1398.297060679277,1.0003914,0.00047159664,3815360,eclipsing_binary
1398.2984495452504,1.0000921,0.00047160307,3815360,eclipsing_binary
1398.2998384116895,0.9997706,0.00047156695,3815360,eclipsing_binary
1398.3012272781282,1.0004007,0.00047163691,3815360,eclipsing_binary
1398.3026161445666,1.0010606,0.00047187015,3815360,eclipsing_binary
1398.3040050110058,1.0000483,0.00047174963,3815360,eclipsing_binary
1398.3053938769792,0.99988574,0.00047155566,3815360,eclipsing_binary
1398.306782743418,1.0009463,0.00047173654,3815360,eclipsing_binary
1398.308171609857,1.0003611,0.00047170187,3815360,eclipsing_binary
1398.3095604762962,1.0007162,0.00047162944,3815360,eclipsing_binary
1398.310949342269,1.0000428,0.00047155225,3815360,eclipsing_binary
1398.3123382087083,0.99999434,0.0004715924,3815360,eclipsing_binary
1398.3137270751474,1.0006009,0.00047169512,3815360,eclipsing_binary
1398.3151159411202,1.0004408,0.00047169506,3815360,eclipsing_binary
1398.3165048075593,1.0000705,0.00047152233,3815360,eclipsing_binary
1398.3178936739987,1.0004734,0.00047177591,3815360,eclipsing_binary
1398.3192825399715,0.9994132,0.00047148514,3815360,eclipsing_binary
1398.32067140641,0.99896866,0.00047127204,3815360,eclipsing_binary
1398.322060272849,0.9994599,0.00047141945,3815360,eclipsing_binary
1398.3234491388225,0.9999549,0.00047152519,3815360,eclipsing_binary
1398.3248380052612,0.9994994,0.00047149762,3815360,eclipsing_binary
1398.3262268712347,1.0001824,0.00047182175,3815360,eclipsing_binary
1398.3276157376738,0.99995995,0.00047158162,3815360,eclipsing_binary
1398.3290046041125,1.0007792,0.00047170735,3815360,eclipsing_binary
1398.330393470086,0.9997181,0.00047169425,3815360,eclipsing_binary
1398.331782336525,1.0000609,0.0004715577,3815360,eclipsing_binary
1398.3331712024979,1.0003014,0.0004715461,3815360,eclipsing_binary
1398.3345600689372,0.9995142,0.00047160487,3815360,eclipsing_binary
1398.3359489349107,1.0004631,0.0004715287,3815360,eclipsing_binary
1398.3373378013491,0.9998419,0.00047159512,3815360,eclipsing_binary
1398.338726667322,0.9988507,0.00047137344,3815360,eclipsing_binary
1398.340115533761,0.99989736,0.00047158095,3815360,eclipsing_binary
1398.3415043997347,1.0002505,0.0004717118,3815360,eclipsing_binary
1398.3428932657075,0.9999708,0.00047154468,3815360,eclipsing_binary
1398.3442821321466,1.0006061,0.0004717484,3815360,eclipsing_binary
1398.34567099812,1.0000014,0.00047152623,3815360,eclipsing_binary
1398.3470598645586,0.9995904,0.00047146852,3815360,eclipsing_binary
1398.3484487305323,1.0000219,0.0004716286,3815360,eclipsing_binary
1398.3498375969714,1.0000834,0.0004716302,3815360,eclipsing_binary
1398.3512264629442,1.0002167,0.000471619,3815360,eclipsing_binary
1398.3526153289176,1.0005051,0.000471612,3815360,eclipsing_binary
1398.354004195357,0.9999556,0.00047147457,3815360,eclipsing_binary
1398.3553930613298,0.99916583,0.00047136308,3815360,eclipsing_binary
1398.3567819273026,1.0004002,0.0004716202,3815360,eclipsing_binary
1398.358170793742,1.0002587,0.00047166352,3815360,eclipsing_binary
1398.3595596597154,1.0005066,0.00047160752,3815360,eclipsing_binary
1398.3609485256882,1.0000582,0.00047159794,3815360,eclipsing_binary
1398.3623373916616,0.99911827,0.00047162874,3815360,eclipsing_binary
1398.3637262581008,0.99989104,0.0004716874,3815360,eclipsing_binary
1398.3651151240738,0.9996976,0.00047142655,3815360,eclipsing_binary
1398.3665039900472,1.000951,0.0004717373,3815360,eclipsing_binary
1398.3678928560207,0.9989476,0.00047145964,3815360,eclipsing_binary
1398.3692817224592,1.0003273,0.00047156008,3815360,eclipsing_binary
1398.3706705884329,0.9992534,0.00047149332,3815360,eclipsing_binary
1398.3720594544063,1.0004444,0.00047173354,3815360,eclipsing_binary
1398.373448320379,0.99968606,0.0004714958,3815360,eclipsing_binary
1398.374837186352,1.0001875,0.00047155534,3815360,eclipsing_binary
1398.376226052791,0.99966013,0.00047163357,3815360,eclipsing_binary
1398.3776149187647,1.0000443,0.00047164538,3815360,eclipsing_binary
1398.3790037847375,1.0003021,0.0004716922,3815360,eclipsing_binary
1398.380392650711,0.9998464,0.00047146375,3815360,eclipsing_binary
1398.3817815166844,0.99984527,0.0004714704,3815360,eclipsing_binary
1398.3831703826575,1.0000963,0.00047162388,3815360,eclipsing_binary
1398.384559248631,1.0000697,0.00047153363,3815360,eclipsing_binary
1398.3859481146044,0.9990523,0.00047135222,3815360,eclipsing_binary
1398.3873369810428,0.99940586,0.0004715019,3815360,eclipsing_binary
1398.3887258470163,0.9998123,0.00047145295,3815360,eclipsing_binary
1398.39011471299,0.99957436,0.00047135598,3815360,eclipsing_binary
1398.3915035789628,0.99914515,0.00047141992,3815360,eclipsing_binary
1398.3928924449363,1.0006503,0.00047158537,3815360,eclipsing_binary
1398.3942813109097,1.0001694,0.00047140752,3815360,eclipsing_binary
1398.3956701768834,1.0002381,0.00047172062,3815360,eclipsing_binary
1398.3970590428569,0.9993972,0.00047143266,3815360,eclipsing_binary
1398.3984479088303,1.0002522,0.0004718225,3815360,eclipsing_binary
1398.399836774804,0.9994571,0.0004713856,3815360,eclipsing_binary
1398.4012256407768,0.99939865,0.00047138514,3815360,eclipsing_binary
1398.4026145067503,0.99955976,0.0004714823,3815360,eclipsing_binary
1398.4040033727238,0.999657,0.00047152306,3815360,eclipsing_binary
1398.405392238231,0.9997419,0.0004714768,3815360,eclipsing_binary
1398.4067811042046,0.99952304,0.00047142463,3815360,eclipsing_binary
1398.408169970178,1.0000595,0.00047153168,3815360,eclipsing_binary
1398.4095588361508,0.9987622,0.00047134145,3815360,eclipsing_binary
1398.4109477021243,0.99982905,0.00047135612,3815360,eclipsing_binary
1398.412336568098,1.0002102,0.00047169943,3815360,eclipsing_binary
1398.4137254340708,0.9995064,0.0004714587,3815360,eclipsing_binary
1398.4151143000436,0.9999583,0.00047146884,3815360,eclipsing_binary
1398.4165031655516,0.9999878,0.00047142044,3815360,eclipsing_binary
1398.417892031525,0.99955535,0.00047137344,3815360,eclipsing_binary
1398.4192808974979,1.0004245,0.00047156177,3815360,eclipsing_binary
1398.4206697634713,0.99924237,0.0004713963,3815360,eclipsing_binary
1398.4220586294448,0.99935037,0.00047150702,3815360,eclipsing_binary
1398.4234474949521,0.99972296,0.000471638,3815360,eclipsing_binary
1398.4248363609256,1.0000944,0.0004715682,3815360,eclipsing_binary
1398.426225226899,0.99998325,0.00047156648,3815360,eclipsing_binary
1398.4276140928719,0.99987656,0.0004715659,3815360,eclipsing_binary
1398.42900295838,1.0001788,0.0004715121,3815360,eclipsing_binary
1398.4303918243534,1.0005913,0.00047165906,3815360,eclipsing_binary
1398.4317806903261,1.0009199,0.00047177618,3815360,eclipsing_binary
1398.433169556299,0.999509,0.00047140894,3815360,eclipsing_binary
1398.4345584218067,1.0008435,0.00047169428,3815360,eclipsing_binary
1398.4359472877804,0.99999297,0.00047161127,3815360,eclipsing_binary
1398.4373361537532,1.0001782,0.00047157865,3815360,eclipsing_binary
1398.438725019261,1.0002524,0.00047165278,3815360,eclipsing_binary
1398.4401138852345,1.0001141,0.0004715895,3815360,eclipsing_binary
1398.4415027512075,1.0007834,0.00047165467,3815360,eclipsing_binary
1398.4428916167153,1.000734,0.0004716118,3815360,eclipsing_binary
1398.4442804826888,1.0003927,0.00047163825,3815360,eclipsing_binary
1398.4456693481961,0.99965686,0.00047146188,3815360,eclipsing_binary
1398.4470582141696,1.0000752,0.00047169725,3815360,eclipsing_binary
1398.448447080143,1.0005708,0.00047169777,3815360,eclipsing_binary
1398.4498359456502,1.0002024,0.0004716136,3815360,eclipsing_binary
1398.451224811623,1.0001099,0.00047155772,3815360,eclipsing_binary
1398.452613677131,0.99951684,0.00047144404,3815360,eclipsing_binary
1398.4540025431045,0.9993129,0.00047143284,3815360,eclipsing_binary
1398.4553914086116,1.0002277,0.0004715088,3815360,eclipsing_binary
1398.456780274585,1.0000612,0.00047164044,3815360,eclipsing_binary
1398.458169140093,0.9998157,0.00047152376,3815360,eclipsing_binary
1398.459558006066,1.0006193,0.00047169632,3815360,eclipsing_binary
1398.4609468715737,1.0000064,0.000471543,3815360,eclipsing_binary
1398.4623357375472,0.99918014,0.0004714739,3815360,eclipsing_binary
1398.4637246030543,1.0002426,0.00047163418,3815360,eclipsing_binary
1398.465113469028,0.99956566,0.0004714538,3815360,eclipsing_binary
1398.4665023345358,0.9999508,0.0004716715,3815360,eclipsing_binary
1398.467891200043,1.0004122,0.00047167164,3815360,eclipsing_binary
1398.469280066016,1.0000932,0.0004715584,3815360,eclipsing_binary
1398.4706689315237,1.0001868,0.00047153205,3815360,eclipsing_binary
1398.4720577974972,1.0002624,0.00047156544,3815360,eclipsing_binary
1398.4734466630043,1.0006334,0.00047162693,3815360,eclipsing_binary
1398.4748355285124,0.9994175,0.0004714587,3815360,eclipsing_binary
1398.4762243944858,1.000326,0.00047151896,3815360,eclipsing_binary
1398.477613259993,1.0000867,0.00047156832,3815360,eclipsing_binary
1398.4790021255008,0.9998336,0.00047141596,3815360,eclipsing_binary
1398.4803909914742,0.99963874,0.0004715541,3815360,eclipsing_binary
1398.4817798569816,0.9997045,0.0004714193,3815360,eclipsing_binary
1398.4831687224894,0.9988172,0.00047129035,3815360,eclipsing_binary
1398.4845575884628,1.0006189,0.00047174518,3815360,eclipsing_binary
1398.48594645397,1.0017164,0.000472003,3815360,eclipsing_binary
1398.487335319477,0.9994963,0.00047149896,3815360,eclipsing_binary
1398.4887241849851,0.9995508,0.00047149256,3815360,eclipsing_binary
1398.4901130509586,0.9992735,0.00047152324,3815360,eclipsing_binary
1398.4915019164657,0.99969786,0.00047150662,3815360,eclipsing_binary
1398.4928907819735,1.0006865,0.0004716664,3815360,eclipsing_binary
1398.4942796474816,0.99939394,0.0004715376,3815360,eclipsing_binary
1398.4956685129887,0.9988599,0.0004713668,3815360,eclipsing_binary
1398.4970573789622,0.99989134,0.0004715305,3815360,eclipsing_binary
1398.49844624447,0.99934536,0.00047142766,3815360,eclipsing_binary
1398.4998351099773,0.99969244,0.00047152888,3815360,eclipsing_binary
1398.5012239754851,1.000363,0.00047164827,3815360,eclipsing_binary
1398.502612840993,1.0005397,0.00047172914,3815360,eclipsing_binary
1398.5040017065,0.9997047,0.00047139658,3815360,eclipsing_binary
1398.5053905720074,0.9988734,0.00047132396,3815360,eclipsing_binary
1398.5067794379809,0.9996589,0.00047143892,3815360,eclipsing_binary
1398.5081683034887,1.0000179,0.00047154617,3815360,eclipsing_binary
1398.5095571689958,0.99909157,0.00047141276,3815360,eclipsing_binary
1398.5109460345038,0.9998323,0.00047152207,3815360,eclipsing_binary
1398.5123349000116,0.9987932,0.0004712746,3815360,eclipsing_binary
1398.5137237655188,1.0007626,0.0004716154,3815360,eclipsing_binary
1398.5151126310266,0.99897325,0.00047136072,3815360,eclipsing_binary
1398.5165014965346,0.9997193,0.00047135953,3815360,eclipsing_binary
1398.5178903620417,1.0003034,0.00047167242,3815360,eclipsing_binary
1398.5192792275495,0.9992934,0.00047146028,3815360,eclipsing_binary
1398.5206680930573,0.9998015,0.00047150196,3815360,eclipsing_binary
1398.5220569585645,0.99946564,0.00047146715,3815360,eclipsing_binary
1398.5234458240725,0.99969876,0.00047139646,3815360,eclipsing_binary
1398.5248346895803,0.9994466,0.00047142786,3815360,eclipsing_binary
1398.5262235550874,0.9996196,0.00047139896,3815360,eclipsing_binary
1398.5276124205946,1.0000787,0.00047160464,3815360,eclipsing_binary
1398.5290012861024,0.9989528,0.00047138572,3815360,eclipsing_binary
1398.5303901516104,1.0005805,0.00047164335,3815360,eclipsing_binary
1398.5331678821597,1.0000638,0.00047138793,3815360,eclipsing_binary
1398.5345567476675,0.9999188,0.00047148927,3815360,eclipsing_binary
1398.5359456131748,0.9991908,0.00047144838,3815360,eclipsing_binary
1398.5373344786826,0.9994084,0.0004714692,3815360,eclipsing_binary
1398.5387233441904,0.9992212,0.00047134506,3815360,eclipsing_binary
1398.5401122096978,0.9996224,0.00047150606,3815360,eclipsing_binary
1398.5415010752056,1.0000818,0.00047160854,3815360,eclipsing_binary
1398.5428899402477,0.99972916,0.00047164623,3815360,eclipsing_binary
1398.5442788057549,0.99939775,0.00047138313,3815360,eclipsing_binary
1398.545667671262,0.9997809,0.0004714716,3815360,eclipsing_binary
1398.54705653677,0.9990548,0.00047130094,3815360,eclipsing_binary
1398.5484454022778,1.0012127,0.0004718518,3815360,eclipsing_binary
1398.5498342673193,1.0004473,0.0004715969,3815360,eclipsing_binary
1398.551223132827,0.9995282,0.00047149495,3815360,eclipsing_binary
1398.5526119983351,0.99930257,0.00047143814,3815360,eclipsing_binary
1398.5540008638422,1.0001788,0.00047161314,3815360,eclipsing_binary
1398.5553897288844,0.9998646,0.0004713503,3815360,eclipsing_binary
1398.5567785943922,1.0000658,0.00047161314,3815360,eclipsing_binary
1398.5581674598996,0.99975526,0.00047150272,3815360,eclipsing_binary
1398.5595563249417,0.9994281,0.00047149113,3815360,eclipsing_binary
1398.5609451904495,0.9996332,0.00047152306,3815360,eclipsing_binary
1398.5623340559566,0.99968153,0.000471524,3815360,eclipsing_binary
1398.5637229209983,0.99927324,0.00047150676,3815360,eclipsing_binary
1398.5651117865061,1.000038,0.00047153665,3815360,eclipsing_binary
1398.566500652014,1.000492,0.00047155857,3815360,eclipsing_binary
1398.5678895170554,0.99989265,0.00047131506,3815360,eclipsing_binary
1398.5692783825634,1.0003592,0.00047156613,3815360,eclipsing_binary
1398.5706672476056,1.0006977,0.00047174288,3815360,eclipsing_binary
1398.5720561131134,0.9997374,0.00047146736,3815360,eclipsing_binary
1398.5734449786219,1.0000544,0.0004714779,3815360,eclipsing_binary
1398.5748338436642,0.9996265,0.00047139323,3815360,eclipsing_binary
1398.5762227091714,1.0001448,0.00047150566,3815360,eclipsing_binary
1398.5776115742135,0.99917275,0.00047142914,3815360,eclipsing_binary
1398.5790004397213,0.99953794,0.00047160036,3815360,eclipsing_binary
1398.5803893047628,0.99964255,0.00047142257,3815360,eclipsing_binary
1398.5817781702701,0.9999792,0.00047157504,3815360,eclipsing_binary
1398.5831670353123,0.99954194,0.00047151203,3815360,eclipsing_binary
1398.58455590082,1.000923,0.00047164477,3815360,eclipsing_binary
1398.5859447658618,0.99900484,0.00047141558,3815360,eclipsing_binary
1398.5873336313696,1.0000815,0.00047154792,3815360,eclipsing_binary
1398.5887224964117,1.0006965,0.00047172004,3815360,eclipsing_binary
1398.5901113619188,0.99930227,0.0004713666,3815360,eclipsing_binary
1398.5915002269612,1.0000051,0.00047157335,3815360,eclipsing_binary
1398.592889092469,0.9992618,0.00047150278,3815360,eclipsing_binary
1398.5942779575105,1.0004998,0.0004715552,3815360,eclipsing_binary
1398.5956668225526,0.9994887,0.00047140938,3815360,eclipsing_binary
1398.5970556880604,0.9991896,0.00047140438,3815360,eclipsing_binary
1398.5984445531021,1.0001043,0.000471543,3815360,eclipsing_binary
1398.5998334186093,1.000208,0.00047156875,3815360,eclipsing_binary
1398.6012222836514,0.99985623,0.00047143374,3815360,eclipsing_binary
1398.6026111486935,0.9994241,0.0004714535,3815360,eclipsing_binary
1398.6040000142007,0.999855,0.00047133936,3815360,eclipsing_binary
1398.605388879243,0.9997055,0.00047152437,3815360,eclipsing_binary
1398.6067777442852,0.99897325,0.00047148776,3815360,eclipsing_binary
1398.6081666097923,0.9992803,0.000471425,3815360,eclipsing_binary
1398.6095554748345,0.99974865,0.0004714628,3815360,eclipsing_binary
1398.6109443398768,1.0004039,0.00047149247,3815360,eclipsing_binary
1398.6123332049183,1.0006845,0.0004717028,3815360,eclipsing_binary
1398.613722070426,1.0014007,0.0004718248,3815360,eclipsing_binary
1398.6151109354682,0.9992888,0.00047132937,3815360,eclipsing_binary
1398.61649980051,1.0002218,0.0004715847,3815360,eclipsing_binary
1398.6178886655514,0.9994374,0.00047132376,3815360,eclipsing_binary
1398.6192775310592,0.99879146,0.00047130397,3815360,eclipsing_binary
1398.6206663961013,0.999692,0.00047154565,3815360,eclipsing_binary
1398.622055261143,0.9994282,0.0004715343,3815360,eclipsing_binary
1398.6234441261852,1.0000172,0.00047153232,3815360,eclipsing_binary
1398.6248329912273,1.0000088,0.00047151264,3815360,eclipsing_binary
1398.6262218567344,1.0002201,0.00047167114,3815360,eclipsing_binary
1398.6276107217768,1.0000228,0.00047144978,3815360,eclipsing_binary
1398.628999586819,0.99937767,0.00047137428,3815360,eclipsing_binary
1398.6303884518604,0.99923116,0.00047144655,3815360,eclipsing_binary
1398.6317773169026,1.0002317,0.00047154864,3815360,eclipsing_binary
1398.633166181945,1.0003232,0.0004714556,3815360,eclipsing_binary
1398.6345550469864,1.0002756,0.00047153968,3815360,eclipsing_binary
1398.6359439120286,0.999418,0.00047144116,3815360,eclipsing_binary
1398.6373327770707,0.99951255,0.000471366,3815360,eclipsing_binary
1398.6387216425778,1.0002818,0.0004716352,3815360,eclipsing_binary
1398.6401105076195,1.000523,0.0004715924,3815360,eclipsing_binary
1398.6414993726617,1.0000225,0.00047150897,3815360,eclipsing_binary
1398.6428882377038,0.99954015,0.00047148403,3815360,eclipsing_binary
1398.6442771027455,1.0001969,0.00047167248,3815360,eclipsing_binary
1398.6456659677876,1.000854,0.00047173252,3815360,eclipsing_binary
1398.6470548328298,0.9995828,0.00047129663,3815360,eclipsing_binary
1398.6484436978712,0.9992144,0.00047141456,3815360,eclipsing_binary
1398.6498325629136,0.99993575,0.00047142984,3815360,eclipsing_binary
1398.6512214279558,0.999599,0.00047146122,3815360,eclipsing_binary
1398.6526102929972,0.9995748,0.00047151482,3815360,eclipsing_binary
1398.6539991580394,0.9998069,0.0004713442,3815360,eclipsing_binary
1398.6553880230815,1.0001872,0.0004715359,3815360,eclipsing_binary
1398.6567768876575,0.999308,0.00047151002,3815360,eclipsing_binary
1398.658165752699,0.999827,0.0004715291,3815360,eclipsing_binary
1398.6595546177412,0.99919206,0.00047128377,3815360,eclipsing_binary
1398.6609434827833,0.99977994,0.00047145464,3815360,eclipsing_binary
1398.6623323478248,1.0004414,0.000471534,3815360,eclipsing_binary
1398.6637212128671,0.9998947,0.00047138068,3815360,eclipsing_binary
1398.6651100779093,0.9992655,0.00047132286,3815360,eclipsing_binary
1398.6664989429507,0.99991935,0.00047145993,3815360,eclipsing_binary
1398.6678878079929,1.0002253,0.00047155182,3815360,eclipsing_binary
1398.6692766725696,1.0002897,0.00047156287,3815360,eclipsing_binary
1398.670665537611,0.9998126,0.00047141034,3815360,eclipsing_binary
1398.6720544026532,0.99914634,0.00047137577,3815360,eclipsing_binary
1398.6734432676953,1.0003248,0.0004715346,3815360,eclipsing_binary
1398.674832132737,1.0004575,0.00047151008,3815360,eclipsing_binary
1398.6762209973128,1.0000176,0.0004714733,3815360,eclipsing_binary
1398.6789987273971,0.9998305,0.00047150746,3815360,eclipsing_binary
1398.6803875924388,0.99856365,0.00047124075,3815360,eclipsing_binary
1398.6817764570153,0.99927837,0.00047136552,3815360,eclipsing_binary
1398.6831653220574,0.9997291,0.00047149725,3815360,eclipsing_binary
1398.684554187099,0.9999324,0.00047147906,3815360,eclipsing_binary
1398.6859430521413,1.0006869,0.00047161823,3815360,eclipsing_binary
1398.6873319167178,1.0003309,0.00047160464,3815360,eclipsing_binary
1398.6901096468014,1.0006133,0.00047147824,3815360,eclipsing_binary
1398.691498511378,1.0015919,0.00047167484,3815360,eclipsing_binary
1398.6928873764195,1.0003662,0.00047169407,3815360,eclipsing_binary
1398.694276241461,1.0004414,0.00047158613,3815360,eclipsing_binary
1398.6956651060375,0.9997174,0.00047141168,3815360,eclipsing_binary
1398.6970539710796,0.9999913,0.0004715861,3815360,eclipsing_binary
1398.6984428356557,1.000055,0.00047147024,3815360,eclipsing_binary
1398.6998317006978,1.0002801,0.0004715664,3815360,eclipsing_binary
1398.70122056574,0.9997308,0.0004714836,3815360,eclipsing_binary
1398.7026094303158,1.0002111,0.00047146826,3815360,eclipsing_binary
1398.703998295358,0.9988719,0.00047134334,3815360,eclipsing_binary
1398.7053871599346,0.99975604,0.0004713643,3815360,eclipsing_binary
1398.706776024976,0.99931735,0.00047136325,3815360,eclipsing_binary
1398.7081648895526,1.0000559,0.00047149818,3815360,eclipsing_binary
1398.7095537545947,0.9995667,0.0004714102,3815360,eclipsing_binary
1398.7109426191707,0.99976176,0.000471544,3815360,eclipsing_binary
1398.7220535376437,0.99976814,0.00047149733,3815360,eclipsing_binary
1398.7234424026858,1.0004789,0.00047168185,3815360,eclipsing_binary
1398.7248312672616,0.99982876,0.00047146852,3815360,eclipsing_binary
1398.7262201323038,1.000668,0.00047163802,3815360,eclipsing_binary
1398.7276089968805,1.0007747,0.00047153977,3815360,eclipsing_binary
1398.728997861457,1.0005766,0.00047163828,3815360,eclipsing_binary
1398.730386726499,0.99916095,0.00047131325,3815360,eclipsing_binary
1398.7317755910758,1.0000494,0.00047153755,3815360,eclipsing_binary
1398.7331644556523,0.99923986,0.00047132917,3815360,eclipsing_binary
1398.7345533206937,0.9990185,0.0004713608,3815360,eclipsing_binary
1398.7359421852702,1.0002685,0.00047145953,3815360,eclipsing_binary
1398.7373310498467,0.9992698,0.00047151474,3815360,eclipsing_binary
1398.7387199148884,1.0004277,0.0004716774,3815360,eclipsing_binary
1398.740108779465,1.0003222,0.00047158735,3815360,eclipsing_binary
1398.7414976440414,0.9996296,0.00047148523,3815360,eclipsing_binary
1398.7428865090828,0.9995259,0.00047134107,3815360,eclipsing_binary
1398.7442753736595,0.99955976,0.00047140702,3815360,eclipsing_binary
1398.745664238236,0.99955314,0.00047146212,3815360,eclipsing_binary
1398.7470531028118,0.9994782,0.00047147254,3815360,eclipsing_binary
1398.748441967854,1.0000848,0.0004715195,3815360,eclipsing_binary
1398.7498308324307,0.9996599,0.00047158165,3815360,eclipsing_binary
1398.7512196970065,0.99959815,0.00047148002,3815360,eclipsing_binary
1398.7526085615823,1.000298,0.00047152815,3815360,eclipsing_binary
1398.7539974261588,0.9999282,0.0004715774,3815360,eclipsing_binary
1398.755386291201,0.9994685,0.00047131762,3815360,eclipsing_binary
1398.756775155777,1.0001837,0.00047169946,3815360,eclipsing_binary
1398.7581640203534,0.99952734,0.00047146739,3815360,eclipsing_binary
1398.75955288493,1.000244,0.00047148459,3815360,eclipsing_binary
1398.760941749506,0.99913096,0.00047135542,3815360,eclipsing_binary
1398.7623306140824,0.9996625,0.00047156686,3815360,eclipsing_binary
1398.763719478659,0.99968153,0.0004714827,3815360,eclipsing_binary
1398.7651083437004,1.0003071,0.00047170775,3815360,eclipsing_binary
1398.766497208277,0.99924415,0.00047139745,3815360,eclipsing_binary
1398.7678860728536,1.0000247,0.0004714662,3815360,eclipsing_binary
1398.7692749374294,0.9990434,0.00047129724,3815360,eclipsing_binary
1398.7706638020052,1.0002276,0.00047149314,3815360,eclipsing_binary
1398.7720526665817,0.99965245,0.0004715547,3815360,eclipsing_binary
1398.7734415311584,1.0003269,0.00047154224,3815360,eclipsing_binary
1398.7748303957342,0.9999777,0.00047160374,3815360,eclipsing_binary
1398.7762192603107,1.0003235,0.00047164646,3815360,eclipsing_binary
1398.7776081248871,1.0000033,0.00047145653,3815360,eclipsing_binary
1398.778996989463,1.0005273,0.000471571,3815360,eclipsing_binary
1398.7803858540397,1.0002629,0.00047160222,3815360,eclipsing_binary
1398.7817747186161,0.9996602,0.00047143007,3815360,eclipsing_binary
1398.783163583192,0.99922955,0.00047131092,3815360,eclipsing_binary
1398.7845524477684,0.99990743,0.00047135344,3815360,eclipsing_binary
1398.7859413123451,0.99983495,0.00047147824,3815360,eclipsing_binary
1398.787330176921,0.99973917,0.00047151648,3815360,eclipsing_binary
1398.7887190414967,0.9995484,0.00047146186,3815360,eclipsing_binary
1398.7901079060734,0.9992026,0.00047133153,3815360,eclipsing_binary
1398.79149677065,0.9997126,0.00047158118,3815360,eclipsing_binary
1398.7928856352257,1.0003806,0.00047163505,3815360,eclipsing_binary
1398.7942744993366,0.9995812,0.00047141287,3815360,eclipsing_binary
1398.795663363913,1.0003885,0.00047149928,3815360,eclipsing_binary
1398.797052228489,0.99983776,0.0004715459,3815360,eclipsing_binary
1398.7984410930655,1.0001682,0.00047167053,3815360,eclipsing_binary
1398.799829957642,1.0002,0.00047162623,3815360,eclipsing_binary
1398.8012188222178,1.0002027,0.00047163127,3815360,eclipsing_binary
1398.8026076867945,0.999887,0.00047144596,3815360,eclipsing_binary
1398.8039965509054,0.99991614,0.00047151727,3815360,eclipsing_binary
1398.8053854154812,1.0001502,0.00047145822,3815360,eclipsing_binary
1398.806774280057,1.0010769,0.00047176043,3815360,eclipsing_binary
1398.8081631446335,0.99954695,0.00047140213,3815360,eclipsing_binary
1398.8095520092102,1.0004565,0.00047155598,3815360,eclipsing_binary
1398.8109408733203,1.0008508,0.00047171733,3815360,eclipsing_binary
1398.8123297378968,1.0002038,0.00047168354,3815360,eclipsing_binary
1398.8137186024733,1.0001938,0.00047170525,3815360,eclipsing_binary
1398.8151074670493,1.0005727,0.00047168205,3815360,eclipsing_binary
1398.8164963311601,0.99990886,0.00047133767,3815360,eclipsing_binary
1398.8178851957366,0.9997439,0.00047142312,3815360,eclipsing_binary
1398.8192740603124,0.99873453,0.00047123237,3815360,eclipsing_binary
1398.8206629244232,0.999925,0.00047153895,3815360,eclipsing_binary
1398.822051789,0.99975234,0.0004714264,3815360,eclipsing_binary
1398.8234406535757,1.0004314,0.0004717171,3815360,eclipsing_binary
1398.8248295181515,0.99950993,0.00047140324,3815360,eclipsing_binary
1398.8262183822626,0.9990609,0.00047134695,3815360,eclipsing_binary
1398.827607246839,0.9996855,0.00047139722,3815360,eclipsing_binary
1398.8289961109492,1.0000744,0.00047153217,3815360,eclipsing_binary
1398.8303849755257,0.9990339,0.00047128266,3815360,eclipsing_binary
1398.8317738401024,0.9993679,0.00047144177,3815360,eclipsing_binary
1398.8331627042126,1.0007242,0.0004716428,3815360,eclipsing_binary
1398.834551568789,1.0003746,0.00047156133,3815360,eclipsing_binary
1398.8359404328999,0.9988994,0.00047136346,3815360,eclipsing_binary
1398.8373292974757,1.0005115,0.00047158333,3815360,eclipsing_binary
1398.8387181620524,1.0007141,0.00047159812,3815360,eclipsing_binary
1398.8401070261632,1.0004127,0.0004717151,3815360,eclipsing_binary
1398.841495890739,0.99976265,0.00047150193,3815360,eclipsing_binary
1398.8428847548494,1.0003694,0.00047151855,3815360,eclipsing_binary
1398.8442736194258,1.0000106,0.00047148796,3815360,eclipsing_binary
1398.8456624835367,1.0004771,0.00047149276,3815360,eclipsing_binary
1398.8470513481125,1.0008687,0.0004716375,3815360,eclipsing_binary
1398.8484402122235,0.9988719,0.0004713792,3815360,eclipsing_binary
1398.8498290768,1.0003369,0.0004716061,3815360,eclipsing_binary
1398.8512179409101,0.9994734,0.00047150135,3815360,eclipsing_binary
1398.8526068054866,0.99958813,0.0004715897,3815360,eclipsing_binary
1398.8539956695975,0.99950254,0.00047154108,3815360,eclipsing_binary
1398.8553845341735,0.99986684,0.00047147268,3815360,eclipsing_binary
1398.8567733982843,1.0008557,0.00047161625,3815360,eclipsing_binary
1398.8581622623951,0.9995837,0.00047143045,3815360,eclipsing_binary
1398.859551126971,1.0003905,0.00047156608,3815360,eclipsing_binary
1398.860939991082,1.000273,0.0004716402,3815360,eclipsing_binary
1398.8623288556585,1.0001073,0.000471566,3815360,eclipsing_binary
1398.8637177197686,1.0002441,0.00047156544,3815360,eclipsing_binary
1398.8651065838787,0.9993228,0.00047137696,3815360,eclipsing_binary
1398.8664954484552,0.9994933,0.000471428,3815360,eclipsing_binary
1398.8678843125663,1.0000618,0.00047155016,3815360,eclipsing_binary
1398.869273177142,0.9990865,0.00047145123,3815360,eclipsing_binary
1398.870662041253,1.0007749,0.00047163572,3815360,eclipsing_binary
1398.8720509053646,0.9998058,0.0004715322,3815360,eclipsing_binary
1398.8734397694755,0.99941945,0.00047160342,3815360,eclipsing_binary
1398.874828634052,0.9999571,0.0004715778,3815360,eclipsing_binary
1398.8762174981628,0.9992712,0.00047152385,3815360,eclipsing_binary
1398.8776063622731,0.9991612,0.0004714196,3815360,eclipsing_binary
1398.8789952268496,0.9996452,0.00047149396,3815360,eclipsing_binary
1398.8803840909604,1.0003294,0.0004715736,3815360,eclipsing_binary
1398.8817729550706,1.0001397,0.00047144352,3815360,eclipsing_binary
1398.8831618191807,0.999725,0.0004713938,3815360,eclipsing_binary
1398.8845506837574,0.99947625,0.00047153854,3815360,eclipsing_binary
1398.8859395478682,0.999158,0.00047140612,3815360,eclipsing_binary
1398.8873284119784,1.0008829,0.00047168907,3815360,eclipsing_binary
1398.8887172760892,1.0006298,0.0004716209,3815360,eclipsing_binary
1398.8901061402003,1.0003477,0.00047146605,3815360,eclipsing_binary
1398.891495004776,1.0002823,0.00047145557,3815360,eclipsing_binary
1398.8928838688869,0.9995394,0.00047154876,3815360,eclipsing_binary
1398.8942727329977,1.000202,0.0004715643,3815360,eclipsing_binary
1398.8956615971078,0.9999607,0.00047160249,3815360,eclipsing_binary
1398.897050461219,1.0001892,0.00047153258,3815360,eclipsing_binary
1398.8984393253297,1.0004183,0.00047164154,3815360,eclipsing_binary
1398.8998281894399,0.99988854,0.00047157644,3815360,eclipsing_binary
1398.901217054016,1.0001364,0.00047157807,3815360,eclipsing_binary
1398.9026059181267,0.9996526,0.00047140606,3815360,eclipsing_binary
1398.9039947822375,0.9999612,0.00047174553,3815360,eclipsing_binary
1398.9053836463477,1.0000468,0.00047154454,3815360,eclipsing_binary
1398.9067725104587,1.0000118,0.00047149535,3815360,eclipsing_binary
1398.9081613745695,0.9995141,0.00047141276,3815360,eclipsing_binary
1398.9095502386797,1.0002811,0.00047162522,3815360,eclipsing_binary
1398.9109391027905,0.9989989,0.00047151992,3815360,eclipsing_binary
1398.9123279669013,0.9993598,0.0004714063,3815360,eclipsing_binary
1398.9137168310117,1.0005546,0.00047166154,3815360,eclipsing_binary
1398.9151056951225,1.0004948,0.0004715898,3815360,eclipsing_binary
1398.9164945592333,0.9996364,0.00047155312,3815360,eclipsing_binary
1398.9178834233435,0.9999878,0.00047152035,3815360,eclipsing_binary
1398.9192722874536,0.9997566,0.0004713885,3815360,eclipsing_binary
1398.9206611515647,0.9998212,0.0004716484,3815360,eclipsing_binary
1398.9220500156755,0.9996145,0.0004714209,3815360,eclipsing_binary
1398.9234388797856,0.99931973,0.0004714479,3815360,eclipsing_binary
1398.9248277438965,0.99972355,0.0004716789,3815360,eclipsing_binary
1398.9262166080075,0.99972796,0.00047149797,3815360,eclipsing_binary
1398.9276054721176,1.0002044,0.00047154134,3815360,eclipsing_binary
1398.9289943362285,0.99897254,0.00047143523,3815360,eclipsing_binary
1398.9303832003393,1.0002156,0.0004715895,3815360,eclipsing_binary
1398.931772063984,0.999398,0.00047141258,3815360,eclipsing_binary
1398.9331609280948,1.0003858,0.00047159402,3815360,eclipsing_binary
1398.9345497922056,0.998938,0.0004713379,3815360,eclipsing_binary
1398.9359386563158,0.99940675,0.00047144748,3815360,eclipsing_binary
1398.9373275204262,1.000508,0.00047163403,3815360,eclipsing_binary
1398.938716384537,1.0002929,0.00047160924,3815360,eclipsing_binary
1398.9401052486478,0.9997753,0.00047144448,3815360,eclipsing_binary
1398.9414941122923,0.9995274,0.00047145618,3815360,eclipsing_binary
1398.9428829764033,1.0001694,0.00047161753,3815360,eclipsing_binary
1398.9442718405141,1.0002527,0.00047156122,3815360,eclipsing_binary
1398.9456607046243,1.0001261,0.00047150126,3815360,eclipsing_binary
1398.947049568735,1.0000937,0.00047159274,3815360,eclipsing_binary
1398.9484384323805,1.0006261,0.00047168447,3815360,eclipsing_binary
1398.9498272964906,1.0000864,0.00047170304,3815360,eclipsing_binary
1398.9512161606015,0.99970096,0.00047141436,3815360,eclipsing_binary
1398.9526050247123,1.0003967,0.00047171293,3815360,eclipsing_binary
1398.9539938883568,0.9997467,0.00047156218,3815360,eclipsing_binary
1398.9553827524671,1.0000538,0.00047162766,3815360,eclipsing_binary
1398.956771616578,0.9994571,0.00047144693,3815360,eclipsing_binary
1398.9581604802231,0.998864,0.00047136119,3815360,eclipsing_binary
1398.9595493443335,1.0005393,0.00047179742,3815360,eclipsing_binary
1398.9609382084443,0.9991659,0.00047129896,3815360,eclipsing_binary
1398.9623270720895,0.9994143,0.00047146122,3815360,eclipsing_binary
1398.9637159361996,0.99945414,0.0004712851,3815360,eclipsing_binary
1398.9651048003107,0.9996504,0.0004714951,3815360,eclipsing_binary
1398.9664936639558,0.99950194,0.0004714762,3815360,eclipsing_binary
1398.967882528066,1.0005989,0.00047169006,3815360,eclipsing_binary
1398.9692713921768,0.99974626,0.0004714344,3815360,eclipsing_binary
1398.9720491199323,0.99925697,0.0004713095,3815360,eclipsing_binary
1398.9734379835775,1.0000831,0.00047157783,3815360,eclipsing_binary
1398.9748268476883,0.9995416,0.00047159326,3815360,eclipsing_binary
1398.9762157117984,1.00129,0.00047172097,3815360,eclipsing_binary
1398.977604575443,0.9999866,0.00047163072,3815360,eclipsing_binary
1398.978993439554,1.0010705,0.00047169943,3815360,eclipsing_binary
1398.9803823031991,0.99985224,0.00047145732,3815360,eclipsing_binary
1398.9817711673093,0.99936336,0.0004714416,3815360,eclipsing_binary
1398.9831600309544,0.9998853,0.00047157373,3815360,eclipsing_binary
1398.9845488950655,0.9998815,0.00047147172,3815360,eclipsing_binary
1398.98593775871,1.0003903,0.000471714,3815360,eclipsing_binary
1398.9873266228208,0.9999598,0.0004715458,3815360,eclipsing_binary
1398.988715486466,1.0000988,0.0004715743,3815360,eclipsing_binary
1398.9901043505763,1.0006794,0.00047161596,3815360,eclipsing_binary
1398.9914932142215,0.9996687,0.00047157917,3815360,eclipsing_binary
1398.9928820783323,0.9995459,0.00047150138,3815360,eclipsing_binary
1398.9942709419768,0.9994304,0.00047144742,3815360,eclipsing_binary
1398.9956598060871,1.0000247,0.00047152123,3815360,eclipsing_binary
1398.9970486697323,1.0000459,0.00047152795,3815360,eclipsing_binary
1398.9984375333775,1.0000129,0.0004715418,3815360,eclipsing_binary
1398.9998263974876,0.99990624,0.00047156832,3815360,eclipsing_binary
1399.001215261133,1.0000708,0.0004716521,3815360,eclipsing_binary
1399.0026041252438,0.9998675,0.00047159262,3815360,eclipsing_binary
1399.0039929888883,1.0002004,0.0004716319,3815360,eclipsing_binary
1399.0053818525341,1.0005645,0.00047158467,3815360,eclipsing_binary
1399.0067707166459,0.9999163,0.00047146724,3815360,eclipsing_binary
1399.0081595802903,1.0001706,0.00047153892,3815360,eclipsing_binary
1399.0095484439355,1.000102,0.0004715944,3815360,eclipsing_binary
1399.0109373080463,0.9997075,0.00047156963,3815360,eclipsing_binary
1399.0123261716908,0.9997309,0.0004715143,3815360,eclipsing_binary
1399.0137150353355,0.99925447,0.00047140298,3815360,eclipsing_binary
1399.0151038994463,0.9999444,0.00047153773,3815360,eclipsing_binary
1399.0164927630915,0.9999452,0.0004715112,3815360,eclipsing_binary
1399.0178816267362,0.99984694,0.00047154978,3815360,eclipsing_binary
1399.0192704903814,0.9996678,0.00047154995,3815360,eclipsing_binary
1399.0206593544922,1.000447,0.00047158528,3815360,eclipsing_binary
1399.0220482181367,0.9993846,0.00047145702,3815360,eclipsing_binary
1399.023437081782,0.9997003,0.0004714687,3815360,eclipsing_binary
1399.0248259454272,0.99955183,0.00047141672,3815360,eclipsing_binary
1399.0262148095374,0.99974006,0.00047153336,3815360,eclipsing_binary
1399.0276036731825,1.0002338,0.00047160208,3815360,eclipsing_binary
1399.0289925368277,0.9998207,0.00047152684,3815360,eclipsing_binary
1399.0303814004724,1.0006312,0.0004717083,3815360,eclipsing_binary
1399.0317702641169,0.9998128,0.0004713987,3815360,eclipsing_binary
1399.0331591282277,1.0001287,0.0004716181,3815360,eclipsing_binary
1399.0345479918728,1.000031,0.0004715658,3815360,eclipsing_binary
1399.0359368555173,0.99979925,0.00047147716,3815360,eclipsing_binary
1399.0373257191627,1.0001819,0.00047163898,3815360,eclipsing_binary
1399.0387145828079,0.9994956,0.00047138656,3815360,eclipsing_binary
1399.0401034464523,0.9998463,0.00047140103,3815360,eclipsing_binary
1399.0414923100975,1.0004604,0.00047166465,3815360,eclipsing_binary
1399.042881173743,0.99954367,0.0004715664,3815360,eclipsing_binary
1399.044270037853,0.999995,0.00047158517,3815360,eclipsing_binary
1399.0456589014982,1.0000433,0.000471485,3815360,eclipsing_binary
1399.0470477651434,1.0009344,0.000471613,3815360,eclipsing_binary
1399.048436628788,0.99928206,0.0004712957,3815360,eclipsing_binary
1399.0498254924325,1.0000236,0.00047155694,3815360,eclipsing_binary
1399.0512143560777,0.9998676,0.00047149896,3815360,eclipsing_binary
1399.052603219723,0.99989974,0.00047151462,3815360,eclipsing_binary
1399.0539920833676,0.9997279,0.000471549,3815360,eclipsing_binary
1399.0553809470127,0.9995884,0.00047145222,3815360,eclipsing_binary
1399.056769810658,0.99913585,0.00047139873,3815360,eclipsing_binary
1399.0581586743024,1.0001819,0.00047162094,3815360,eclipsing_binary
1399.0595475379478,1.0000154,0.00047156337,3815360,eclipsing_binary
1399.060936401593,1.0005213,0.00047159006,3815360,eclipsing_binary
1399.0623252652374,1.0005329,0.00047154524,3815360,eclipsing_binary
1399.0637141288826,0.99963033,0.00047159355,3815360,eclipsing_binary
1399.065102992528,1.000072,0.00047163412,3815360,eclipsing_binary
1399.0664918561724,0.99987906,0.00047141174,3815360,eclipsing_binary
1399.067880719817,0.999937,0.00047153924,3815360,eclipsing_binary
1399.0692695829964,0.99975157,0.00047147524,3815360,eclipsing_binary
1399.0706584466416,1.0000832,0.00047156334,3815360,eclipsing_binary
1399.0720473102863,0.9997494,0.00047152996,3815360,eclipsing_binary
1399.0734361739314,0.99975973,0.0004715788,3815360,eclipsing_binary
1399.0748250375766,1.000053,0.00047147044,3815360,eclipsing_binary
1399.0762139012213,0.9994537,0.00047148595,3815360,eclipsing_binary
1399.0776027648665,0.99951637,0.00047141654,3815360,eclipsing_binary
1399.0789916285116,1.0002131,0.00047151334,3815360,eclipsing_binary
1399.0803804916904,0.99955744,0.00047154014,3815360,eclipsing_binary
1399.0817693553358,0.99948597,0.00047152728,3815360,eclipsing_binary
1399.083158218981,0.9997372,0.0004714372,3815360,eclipsing_binary
1399.0845470826255,1.0000362,0.00047166715,3815360,eclipsing_binary
1399.08593594627,0.99951035,0.0004715052,3815360,eclipsing_binary
1399.0873248094495,0.99987966,0.00047145507,3815360,eclipsing_binary
1399.0887136730948,1.0002122,0.0004716119,3815360,eclipsing_binary
1399.0901025367393,0.99971384,0.0004715024,3815360,eclipsing_binary
1399.0914914003845,1.0001222,0.0004716455,3815360,eclipsing_binary
1399.092880263564,0.9995366,0.0004714281,3815360,eclipsing_binary
1399.0942691272085,0.99981153,0.00047153467,3815360,eclipsing_binary
1399.0956579908539,0.9993367,0.00047155534,3815360,eclipsing_binary
1399.097046854499,0.99938416,0.0004715589,3815360,eclipsing_binary
1399.0984357176778,0.9999874,0.0004715122,3815360,eclipsing_binary
1399.099824581323,1.0006138,0.00047163243,3815360,eclipsing_binary
1399.1012134449684,0.9996897,0.00047154064,3815360,eclipsing_binary
1399.1026023081472,0.99915904,0.00047125836,3815360,eclipsing_binary
1399.1039911717924,1.0005473,0.00047166977,3815360,eclipsing_binary
1399.1053800354375,0.99998695,0.00047160801,3815360,eclipsing_binary
1399.1067688986166,1.0003746,0.00047162527,3815360,eclipsing_binary
1399.108157762261,1.0008628,0.00047156913,3815360,eclipsing_binary
1399.1095466259062,1.0007772,0.00047168112,3815360,eclipsing_binary
1399.1109354890857,1.0000259,0.00047150077,3815360,eclipsing_binary
1399.1123243527304,1.0000613,0.0004715992,3815360,eclipsing_binary
1399.1137132163756,1.0000226,0.00047155906,3815360,eclipsing_binary
1399.115102079555,0.9996774,0.00047147478,3815360,eclipsing_binary
1399.1164909431996,0.9992953,0.00047141992,3815360,eclipsing_binary
1399.1178798063793,1.0005635,0.00047160298,3815360,eclipsing_binary
1399.1192686700244,0.9993997,0.00047157385,3815360,eclipsing_binary
1399.1206575332033,0.99931735,0.00047141002,3815360,eclipsing_binary
1399.1220463968484,1.0000634,0.000471579,3815360,eclipsing_binary
1399.1234352604938,1.0003937,0.00047157577,3815360,eclipsing_binary
1399.1248241236726,0.9996103,0.00047162542,3815360,eclipsing_binary
1399.126212987317,0.9993602,0.0004714501,3815360,eclipsing_binary
1399.1276018504966,0.99900764,0.00047133485,3815360,eclipsing_binary
1399.1289907141427,1.0003445,0.0004715485,3815360,eclipsing_binary
1399.1303795773222,0.9996828,0.000471485,3815360,eclipsing_binary
1399.1317684409673,0.9989524,0.00047140502,3815360,eclipsing_binary
1399.1331573041468,0.99986106,0.00047147952,3815360,eclipsing_binary
1399.1345461673259,0.9992302,0.00047145438,3815360,eclipsing_binary
1399.135935030971,1.0001913,0.00047148048,3815360,eclipsing_binary
1399.1373238941505,0.99977165,0.00047137786,3815360,eclipsing_binary
1399.138712757795,1.0006466,0.00047158953,3815360,eclipsing_binary
1399.1401016209747,1.0004385,0.00047165365,3815360,eclipsing_binary
1399.14149048462,0.9996084,0.00047146482,3815360,eclipsing_binary
1399.1428793477987,1.0002818,0.00047150473,3815360,eclipsing_binary
1399.1442682109775,0.9994434,0.000471392,3815360,eclipsing_binary
1399.1456570746227,0.99982876,0.00047142894,3815360,eclipsing_binary
1399.1470459378024,1.0001138,0.00047157603,3815360,eclipsing_binary
1399.148434801447,1.0001274,0.00047177266,3815360,eclipsing_binary
1399.1498236646264,0.999102,0.0004713844,3815360,eclipsing_binary
1399.151212527806,0.99974453,0.00047158584,3815360,eclipsing_binary
1399.1526013914504,0.9998599,0.00047144224,3815360,eclipsing_binary
1399.1539902546301,1.0006944,0.0004715586,3815360,eclipsing_binary
1399.1553791178096,0.9987078,0.00047144364,3815360,eclipsing_binary
1399.156767981454,0.9996666,0.00047147463,3815360,eclipsing_binary
1399.1581568446336,0.9998601,0.0004714753,3815360,eclipsing_binary
1399.1595457078133,0.9993506,0.00047134035,3815360,eclipsing_binary
1399.1609345709921,1.0003455,0.00047166523,3815360,eclipsing_binary
1399.1623234346366,0.9998933,0.00047148636,3815360,eclipsing_binary
1399.1637122978163,0.9997435,0.00047148488,3815360,eclipsing_binary
1399.1651011609958,1.0000865,0.00047147152,3815360,eclipsing_binary
1399.1664900241747,0.9990769,0.00047138456,3815360,eclipsing_binary
1399.1678788878198,0.9994386,0.0004715046,3815360,eclipsing_binary
1399.1692677509996,0.99984443,0.00047151351,3815360,eclipsing_binary
1399.1706566141784,1.0003424,0.00047157894,3815360,eclipsing_binary
1399.1720454773579,1.0001287,0.00047167437,3815360,eclipsing_binary
1399.1734343405374,1.0000975,0.00047155953,3815360,eclipsing_binary
1399.1748232041818,0.99956584,0.00047137626,3815360,eclipsing_binary
1399.1762120673616,0.9998127,0.0004713873,3815360,eclipsing_binary
1399.177600930541,1.0007025,0.00047176072,3815360,eclipsing_binary
1399.17898979372,0.9997634,0.00047149364,3815360,eclipsing_binary
1399.1803786568987,0.99961674,0.00047132812,3815360,eclipsing_binary
1399.1817675200782,0.99985254,0.0004714345,3815360,eclipsing_binary
1399.1831563837236,0.9998562,0.00047159236,3815360,eclipsing_binary
1399.1845452469024,0.9997322,0.0004715065,3815360,eclipsing_binary
1399.185934110082,1.0000137,0.0004714887,3815360,eclipsing_binary
1399.1873229732614,0.9994599,0.00047140408,3815360,eclipsing_binary
1399.1887118364405,0.9990329,0.00047138348,3815360,eclipsing_binary
1399.19010069962,0.99983317,0.00047146736,3815360,eclipsing_binary
1399.1914895627995,0.99967754,0.00047145487,3815360,eclipsing_binary
1399.1928784259785,1.000086,0.00047154838,3815360,eclipsing_binary
1399.194267289158,0.999868,0.0004715222,3815360,eclipsing_binary
1399.1956561523375,1.0001156,0.0004716251,3815360,eclipsing_binary
1399.1970450155163,0.9994589,0.00047132577,3815360,eclipsing_binary
1399.1984338786951,0.9999488,0.0004715678,3815360,eclipsing_binary
1399.1998227418749,0.9996406,0.00047153953,3815360,eclipsing_binary
1399.2012116050544,0.9997484,0.00047154276,3815360,eclipsing_binary
1399.2026004682332,0.99991876,0.00047156407,3815360,eclipsing_binary
1399.2039893314127,0.9991848,0.0004714815,3815360,eclipsing_binary
1399.2053781945924,0.9994132,0.00047144693,3815360,eclipsing_binary
1399.2067670577712,0.99996203,0.00047152437,3815360,eclipsing_binary
1399.2081559209507,0.99946856,0.00047147085,3815360,eclipsing_binary
1399.2095447841302,1.0008872,0.00047165705,3815360,eclipsing_binary
1399.210933647309,1.000261,0.0004716731,3815360,eclipsing_binary
1399.2123225104888,0.99972254,0.00047146052,3815360,eclipsing_binary
1399.2137113736683,0.9991457,0.0004713919,3815360,eclipsing_binary
1399.215100236847,0.9993283,0.00047135804,3815360,eclipsing_binary
1399.2164891000266,1.000497,0.00047164556,3815360,eclipsing_binary
1399.2178779632063,0.999882,0.00047150668,3815360,eclipsing_binary
1399.2192668259195,0.9994372,0.0004716189,3815360,eclipsing_binary
1399.2206556890983,0.99941194,0.00047143846,3815360,eclipsing_binary
1399.222044552278,1.0000317,0.00047144812,3815360,eclipsing_binary
1399.2234334154575,1.0002084,0.00047154422,3815360,eclipsing_binary
1399.2248222786363,0.99954265,0.0004715603,3815360,eclipsing_binary
1399.2262111418158,1.0001625,0.00047159608,3815360,eclipsing_binary
1399.2276000049953,0.99944586,0.00047143365,3815360,eclipsing_binary
1399.2289888677087,0.9988313,0.00047145277,3815360,eclipsing_binary
1399.2303777308882,0.99999505,0.0004714523,3815360,eclipsing_binary
1399.2317665940677,1.0003532,0.0004715365,3815360,eclipsing_binary
1399.2331554572465,1.0008361,0.0004717445,3815360,eclipsing_binary
1399.2345443204263,1.0002381,0.0004716481,3815360,eclipsing_binary
1399.23593318314,0.9999144,0.00047148945,3815360,eclipsing_binary
1399.237322046319,0.99985766,0.00047140525,3815360,eclipsing_binary
1399.2387109094977,1.000272,0.00047158214,3815360,eclipsing_binary
1399.2400997726772,0.99965656,0.000471576,3815360,eclipsing_binary
1399.2414886353913,1.0002439,0.00047152917,3815360,eclipsing_binary
1399.2428774985701,0.99927646,0.0004713803,3815360,eclipsing_binary
1399.2442663617496,0.99918836,0.000471273,3815360,eclipsing_binary
1399.2456552244644,0.9997065,0.0004714811,3815360,eclipsing_binary
1399.2470440876439,0.9997026,0.00047144768,3815360,eclipsing_binary
1399.2484329508234,0.999855,0.00047154204,3815360,eclipsing_binary
1399.2498218135372,0.9995583,0.0004715245,3815360,eclipsing_binary
1399.2512106767163,0.9995238,0.00047158464,3815360,eclipsing_binary
1399.2525995398958,0.99945813,0.000471317,3815360,eclipsing_binary
1399.2539884026096,1.0004221,0.00047156613,3815360,eclipsing_binary
1399.2553772657884,1.0001494,0.00047157254,3815360,eclipsing_binary
1399.2567661289672,0.99983865,0.00047154116,3815360,eclipsing_binary
1399.2581549916813,0.99983555,0.00047158188,3815360,eclipsing_binary
1399.2595438548608,0.9995582,0.0004715713,3815360,eclipsing_binary
1399.260932717574,0.9993967,0.0004713934,3815360,eclipsing_binary
1399.2623215807535,0.99893403,0.00047135132,3815360,eclipsing_binary
1399.2637104439332,0.9995977,0.00047149236,3815360,eclipsing_binary
1399.2650993066463,0.99986595,0.0004715418,3815360,eclipsing_binary
1399.2664881698258,0.9995543,0.00047150932,3815360,eclipsing_binary
1399.2678770325397,0.99911386,0.0004713235,3815360,eclipsing_binary
1399.2692658957185,1.00025,0.00047149378,3815360,eclipsing_binary
1399.2706547584326,0.9999539,0.00047150653,3815360,eclipsing_binary
1399.272043621612,0.99907327,0.00047129145,3815360,eclipsing_binary
1399.2734324843252,1.0000868,0.00047159888,3815360,eclipsing_binary
1399.2748213475043,1.0002503,0.0004715104,3815360,eclipsing_binary
1399.276210210218,1.0004767,0.00047154794,3815360,eclipsing_binary
1399.2775990733976,1.0001543,0.0004715838,3815360,eclipsing_binary
1399.2789879361108,0.9995287,0.00047154602,3815360,eclipsing_binary
1399.2803767992905,1.0004462,0.00047161558,3815360,eclipsing_binary
1399.2817656620043,0.99990135,0.0004715845,3815360,eclipsing_binary
1399.2831545251831,0.9998537,0.0004715145,3815360,eclipsing_binary
1399.284543387897,0.99922407,0.00047142516,3815360,eclipsing_binary
1399.2859322510767,1.00055,0.00047167222,3815360,eclipsing_binary
1399.2873211137899,0.9999641,0.00047151194,3815360,eclipsing_binary
1399.2887099765037,1.0003268,0.00047163505,3815360,eclipsing_binary
1399.2900988396832,0.9991965,0.0004713971,3815360,eclipsing_binary
1399.2914877023964,1.000288,0.00047150668,3815360,eclipsing_binary
1399.2928765655752,0.9999612,0.000471547,3815360,eclipsing_binary
1399.2942654282892,1.0001398,0.00047148572,3815360,eclipsing_binary
1399.295654291003,0.9990673,0.0004714245,3815360,eclipsing_binary
1399.297043154182,0.9987746,0.00047125248,3815360,eclipsing_binary
1399.2984320168957,0.99997675,0.00047151593,3815360,eclipsing_binary
1399.2998208796098,0.99947685,0.00047141666,3815360,eclipsing_binary
1399.3012097427886,1.0006258,0.00047166666,3815360,eclipsing_binary
1399.3025986055025,1.0000621,0.00047155016,3815360,eclipsing_binary
1399.3039874682163,1.0002825,0.00047164466,3815360,eclipsing_binary
1399.3053763313953,0.99950254,0.0004714974,3815360,eclipsing_binary
1399.3067651941092,0.99921834,0.0004715463,3815360,eclipsing_binary
1399.308154056823,1.0001867,0.00047160042,3815360,eclipsing_binary
1399.3095429195364,0.9986785,0.00047135804,3815360,eclipsing_binary
1399.3109317827152,1.0006258,0.00047158444,3815360,eclipsing_binary
1399.312320645429,0.9996445,0.00047140697,3815360,eclipsing_binary
1399.313709508143,0.9998673,0.0004714745,3815360,eclipsing_binary
1399.315098370856,1.0003829,0.00047171747,3815360,eclipsing_binary
1399.3164872340358,0.9993178,0.0004714108,3815360,eclipsing_binary
1399.3178760967496,0.99972004,0.00047157082,3815360,eclipsing_binary
1399.3192649594628,0.99985117,0.00047143173,3815360,eclipsing_binary
1399.3206538221766,0.9996926,0.00047141308,3815360,eclipsing_binary
1399.3220426848907,1.0003662,0.00047156276,3815360,eclipsing_binary
1399.3234315480695,0.99947095,0.00047154215,3815360,eclipsing_binary
1399.3248204107833,1.0001932,0.00047152277,3815360,eclipsing_binary
1399.3262092734972,0.9996585,0.00047142763,3815360,eclipsing_binary
1399.3275981362103,1.0004361,0.00047172673,3815360,eclipsing_binary
1399.3289869989244,0.99978906,0.00047151282,3815360,eclipsing_binary
1399.3303758616382,1.0006099,0.00047166832,3815360,eclipsing_binary
1399.3317647243514,1.0004544,0.00047165464,3815360,eclipsing_binary
1399.3331535875304,0.9996429,0.00047161165,3815360,eclipsing_binary
1399.3345424502443,1.00022,0.0004715606,3815360,eclipsing_binary
1399.335931312958,1.0005202,0.00047159067,3815360,eclipsing_binary
1399.3373201756713,0.999815,0.00047150714,3815360,eclipsing_binary
1399.3387090383853,0.99973524,0.0004714042,3815360,eclipsing_binary
1399.3400979010992,1.0001605,0.00047149742,3815360,eclipsing_binary
1399.3414867638123,1.0001278,0.00047159338,3815360,eclipsing_binary
1399.3428756265262,1.0000882,0.00047156864,3815360,eclipsing_binary
1399.34426448924,0.9997203,0.00047159567,3815360,eclipsing_binary
1399.3456533519534,0.999672,0.0004713482,3815360,eclipsing_binary
1399.3470422146672,0.9999731,0.000471529,3815360,eclipsing_binary
1399.348431077381,1.0001569,0.0004715847,3815360,eclipsing_binary
1399.3498199400942,1.0004154,0.0004716437,3815360,eclipsing_binary
1399.3512088028074,0.9994573,0.00047141974,3815360,eclipsing_binary
1399.3525976655214,0.9992504,0.0004713697,3815360,eclipsing_binary
1399.3539865282353,1.0005387,0.00047153214,3815360,eclipsing_binary
1399.3553753909491,1.0004555,0.00047153299,3815360,eclipsing_binary
1399.3567642536636,1.0000907,0.0004715216,3815360,eclipsing_binary
1399.3581531163777,0.99939644,0.00047152757,3815360,eclipsing_binary
1399.3595419790909,1.0006938,0.0004714817,3815360,eclipsing_binary
1399.3609308418047,0.9998547,0.00047147024,3815360,eclipsing_binary
1399.3623197045185,0.9989076,0.00047128784,3815360,eclipsing_binary
1399.363708567232,0.999011,0.00047131017,3815360,eclipsing_binary
1399.3650974299458,0.99976027,0.00047157344,3815360,eclipsing_binary
1399.3664862926596,0.99935114,0.00047142562,3815360,eclipsing_binary
1399.3678751549073,1.0000771,0.00047150315,3815360,eclipsing_binary
1399.3692640176205,1.000064,0.0004715047,3815360,eclipsing_binary
1399.3706528803343,0.99947965,0.0004714385,3815360,eclipsing_binary
1399.3720417430482,0.9996357,0.0004714421,3815360,eclipsing_binary
1399.3734306057613,0.99956244,0.00047147038,3815360,eclipsing_binary
1399.3748194684754,0.9993922,0.0004713819,3815360,eclipsing_binary
1399.3762083311892,0.9991153,0.00047148814,3815360,eclipsing_binary
1399.3775971934367,0.99908704,0.00047144236,3815360,eclipsing_binary
1399.3789860561506,0.9996179,0.00047141322,3815360,eclipsing_binary
1399.3803749188646,1.0005579,0.00047172725,3815360,eclipsing_binary
1399.3817637815778,0.99932474,0.0004713725,3815360,eclipsing_binary
1399.3831526442916,0.9995453,0.0004714292,3815360,eclipsing_binary
1399.3845415065398,0.9997233,0.00047159192,3815360,eclipsing_binary
1399.385930369253,0.99928427,0.00047134206,3815360,eclipsing_binary
1399.3873192319663,0.99971414,0.00047149824,3815360,eclipsing_binary
1399.3887080946802,0.99983555,0.0004715439,3815360,eclipsing_binary
1399.3900969569283,1.0002389,0.00047160685,3815360,eclipsing_binary
1399.3914858196417,0.9995055,0.00047134244,3815360,eclipsing_binary
1399.3928746823556,0.9998486,0.0004714354,3815360,eclipsing_binary
1399.3942635446037,0.99970865,0.00047140307,3815360,eclipsing_binary
1399.395652407317,1.000336,0.0004715612,3815360,eclipsing_binary
1399.397041270031,0.9999815,0.00047152748,3815360,eclipsing_binary
1399.3984301327448,0.99925125,0.00047134774,3815360,eclipsing_binary
1399.3998189949923,1.0005223,0.00047157044,3815360,eclipsing_binary
1399.4012078577061,0.99917,0.00047124727,3815360,eclipsing_binary
1399.4025967204202,1.0004064,0.00047166576,3815360,eclipsing_binary
1399.4039855826677,0.9994535,0.00047132917,3815360,eclipsing_binary
1399.4053744453809,0.9999413,0.00047149885,3815360,eclipsing_binary
1399.406763307629,0.9999874,0.00047168665,3815360,eclipsing_binary
1399.4081521703429,0.99977976,0.0004714375,3815360,eclipsing_binary
1399.409541033056,0.99837214,0.00047115443,3815360,eclipsing_binary
1399.4109298953044,1.0000937,0.00047146992,3815360,eclipsing_binary
1399.4123187580183,0.99894744,0.0004713363,3815360,eclipsing_binary
1399.4137076202658,0.999306,0.00047143523,3815360,eclipsing_binary
1399.4150964829796,1.0000638,0.00047151942,3815360,eclipsing_binary
1399.4164853456937,1.000369,0.00047156934,3815360,eclipsing_binary
1399.4178742079412,0.999121,0.00047137434,3815360,eclipsing_binary
1399.419263070655,0.9996761,0.00047149946,3815360,eclipsing_binary
1399.4206519329032,0.99919766,0.00047143863,3815360,eclipsing_binary
1399.4220407956166,0.99967027,0.00047136567,3815360,eclipsing_binary
1399.423429657864,0.99940336,0.00047145892,3815360,eclipsing_binary
1399.424818520578,1.0003016,0.00047157722,3815360,eclipsing_binary
1399.4262073828263,0.99944204,0.0004713925,3815360,eclipsing_binary
1399.4275962455395,1.0007048,0.00047169236,3815360,eclipsing_binary
1399.4289851077876,0.99993485,0.0004715124,3815360,eclipsing_binary
1399.4303739705015,1.0001824,0.00047148936,3815360,eclipsing_binary
1399.431762832749,0.99956274,0.00047144762,3815360,eclipsing_binary
1399.433151695463,0.9996656,0.00047161433,3815360,eclipsing_binary
1399.4345405577112,0.99916315,0.00047137297,3815360,eclipsing_binary
1399.4359294199587,0.99969584,0.000471461,3815360,eclipsing_binary
1399.4373182826725,0.99942714,0.00047147198,3815360,eclipsing_binary
1399.438707144921,0.9992518,0.00047149844,3815360,eclipsing_binary
1399.440096007634,0.999778,0.00047155604,3815360,eclipsing_binary
1399.4414848698823,0.9995691,0.00047157792,3815360,eclipsing_binary
1399.4428737321305,0.9998755,0.00047154538,3815360,eclipsing_binary
1399.4442625948436,0.99845093,0.00047125103,3815360,eclipsing_binary
1399.4456514570913,1.000347,0.00047158083,3815360,eclipsing_binary
1399.4470403198052,1.0000819,0.00047164646,3815360,eclipsing_binary
1399.4484291820534,1.000109,0.00047150571,3815360,eclipsing_binary
1399.449818044301,1.0004154,0.0004714993,3815360,eclipsing_binary
1399.451206907015,1.0006826,0.00047166328,3815360,eclipsing_binary
1399.452595769263,1.0006626,0.00047162312,3815360,eclipsing_binary
1399.4539846315106,1.000703,0.00047162993,3815360,eclipsing_binary
1399.4553734942247,0.99950814,0.0004716422,3815360,eclipsing_binary
1399.4567623564728,0.9995898,0.00047148872,3815360,eclipsing_binary
1399.4581512187203,0.999318,0.00047137143,3815360,eclipsing_binary
1399.4595400809685,1.0002477,0.00047150784,3815360,eclipsing_binary
1399.460928943683,0.9998269,0.00047154882,3815360,eclipsing_binary
1399.4623178059314,1.000733,0.00047177135,3815360,eclipsing_binary
1399.463706668179,0.9993168,0.00047143028,3815360,eclipsing_binary
1399.465095530427,1.0003626,0.00047170135,3815360,eclipsing_binary
1399.466484393141,1.0000527,0.00047153697,3815360,eclipsing_binary
1399.4678732553887,0.9992594,0.00047137492,3815360,eclipsing_binary
1399.4692621176368,1.0001148,0.0004715522,3815360,eclipsing_binary
1399.470650979885,0.9996187,0.00047152565,3815360,eclipsing_binary
1399.4720398425982,1.0002216,0.00047144032,3815360,eclipsing_binary
1399.4734287048464,1.0001479,0.00047157131,3815360,eclipsing_binary
1399.4748175670948,1.0008203,0.0004715564,3815360,eclipsing_binary
1399.4762064293423,1.0002751,0.00047163165,3815360,eclipsing_binary
1399.4775952915904,0.9992717,0.00047140944,3815360,eclipsing_binary
1399.4789841538386,1.0000477,0.00047151448,3815360,eclipsing_binary
1399.480373016552,0.9986276,0.00047121776,3815360,eclipsing_binary
1399.4817618787995,0.99926585,0.00047144122,3815360,eclipsing_binary
1399.4831507410477,0.99932766,0.00047147818,3815360,eclipsing_binary
1399.484539603296,0.9997457,0.0004715565,3815360,eclipsing_binary
1399.4859284655436,0.99993724,0.00047151366,3815360,eclipsing_binary
1399.4873173277917,0.99945915,0.0004715437,3815360,eclipsing_binary
1399.48870619004,1.0001925,0.00047166776,3815360,eclipsing_binary
1399.4900950522874,0.99978906,0.0004715112,3815360,eclipsing_binary
1399.4914839145358,0.9989322,0.00047130144,3815360,eclipsing_binary
1399.492872776784,0.9997869,0.00047142897,3815360,eclipsing_binary
1399.4942616390315,0.9993802,0.0004714593,3815360,eclipsing_binary
1399.4956505017453,1.0000483,0.00047168942,3815360,eclipsing_binary
1399.4970393639937,0.999747,0.00047149742,3815360,eclipsing_binary
1399.4984282262412,1.0003117,0.00047158587,3815360,eclipsing_binary
1399.4998170884887,1.0004969,0.00047168342,3815360,eclipsing_binary
1399.501205950737,0.99892575,0.0004713836,3815360,eclipsing_binary
1399.502594812985,0.9998313,0.00047169012,3815360,eclipsing_binary
1399.5039836752328,1.000217,0.00047161843,3815360,eclipsing_binary
1399.505372537481,1.0001941,0.00047164992,3815360,eclipsing_binary
1399.5067613997292,0.99932474,0.00047145717,3815360,eclipsing_binary
1399.5081502619769,0.99921256,0.00047141308,3815360,eclipsing_binary
1399.5095391237594,0.99959385,0.00047138127,3815360,eclipsing_binary
1399.5109279860076,1.0000119,0.0004715606,3815360,eclipsing_binary
1399.512316848255,0.9992957,0.000471482,3815360,eclipsing_binary
1399.5137057105035,1.0000222,0.00047149885,3815360,eclipsing_binary
1399.5150945727517,1.0010244,0.00047169134,3815360,eclipsing_binary
1399.5164834349991,1.0003414,0.00047164195,3815360,eclipsing_binary
1399.5178722972466,1.0000644,0.00047151605,3815360,eclipsing_binary
1399.5192611594948,0.99901956,0.00047129186,3815360,eclipsing_binary
1399.5206500217432,1.0007463,0.00047179157,3815360,eclipsing_binary
1399.5220388839907,1.0004587,0.00047165985,3815360,eclipsing_binary
1399.523427746239,1.0003334,0.00047164893,3815360,eclipsing_binary
1399.5248166080214,0.9996719,0.0004715259,3815360,eclipsing_binary
1399.526205470269,0.99986726,0.00047150216,3815360,eclipsing_binary
1399.5275943325173,0.9999505,0.0004714941,3815360,eclipsing_binary
1399.5289831947655,0.9999748,0.00047151046,3815360,eclipsing_binary
1399.530372057013,1.0001872,0.0004715461,3815360,eclipsing_binary
1399.5317609192612,0.99993014,0.0004714999,3815360,eclipsing_binary
1399.533149781044,1.0004299,0.0004717132,3815360,eclipsing_binary
1399.5345386432914,0.99929726,0.00047130045,3815360,eclipsing_binary
1399.535927505539,0.9997223,0.00047147207,3815360,eclipsing_binary
1399.5373163677873,0.9995954,0.00047141616,3815360,eclipsing_binary
1399.5387052295698,0.9986051,0.00047129812,3815360,eclipsing_binary
1399.5400940918173,1.000735,0.0004716621,3815360,eclipsing_binary
1399.5414829540655,1.0001949,0.00047172065,3815360,eclipsing_binary
1399.542871816314,1.0000042,0.00047162743,3815360,eclipsing_binary
1399.5442606780957,1.0004506,0.00047173855,3815360,eclipsing_binary
1399.545649540344,0.99979645,0.00047153997,3815360,eclipsing_binary
1399.547038402592,1.0001674,0.00047153447,3815360,eclipsing_binary
1399.5484272648396,1.0000705,0.00047162734,3815360,eclipsing_binary
1399.5498161266223,1.0002102,0.00047151258,3815360,eclipsing_binary
1399.5512049888705,0.9994282,0.00047142222,3815360,eclipsing_binary
1399.552593851118,0.9997829,0.0004715677,3815360,eclipsing_binary
1399.5539827128998,1.0004027,0.00047153566,3815360,eclipsing_binary
1399.555371575148,1.0001698,0.00047154262,3815360,eclipsing_binary
1399.5567604373964,0.99966794,0.00047146447,3815360,eclipsing_binary
1399.5581492991782,0.999961,0.0004714976,3815360,eclipsing_binary
1399.5595381614264,1.0003107,0.00047163767,3815360,eclipsing_binary
1399.5609270236746,0.99955636,0.0004715025,3815360,eclipsing_binary
1399.5623158854573,1.0004973,0.00047169457,3815360,eclipsing_binary
1399.5637047477062,0.9995921,0.00047138528,3815360,eclipsing_binary
1399.5650936094887,0.99976397,0.0004715006,3815360,eclipsing_binary
1399.5664824717364,0.99911165,0.00047142743,3815360,eclipsing_binary
1399.567871333519,0.99943346,0.00047133805,3815360,eclipsing_binary
1399.5692601957671,1.000057,0.00047148304,3815360,eclipsing_binary
1399.5706490580146,1.0002433,0.00047157265,3815360,eclipsing_binary
1399.5720379197974,0.9996479,0.0004713925,3815360,eclipsing_binary
1399.5734267820455,1.0003662,0.00047158322,3815360,eclipsing_binary
1399.5748156438274,0.99917537,0.000471365,3815360,eclipsing_binary
1399.5762045060749,0.99981654,0.00047152606,3815360,eclipsing_binary
1399.5775933678574,0.9997697,0.0004716142,3815360,eclipsing_binary
1399.5789822301058,0.9992996,0.00047140731,3815360,eclipsing_binary
1399.5803710918876,0.9987642,0.00047131637,3815360,eclipsing_binary
1399.5817599541358,1.0003401,0.00047148528,3815360,eclipsing_binary
1399.5831488159183,0.9999235,0.0004715213,3815360,eclipsing_binary
1399.584537678166,1.0002056,0.00047159972,3815360,eclipsing_binary
1399.5859265399486,0.99973196,0.00047150953,3815360,eclipsing_binary
1399.5873154021967,0.99983793,0.00047160385,3815360,eclipsing_binary
1399.5887042639786,0.99905074,0.000471483,3815360,eclipsing_binary
1399.5900931262267,1.000009,0.00047151712,3815360,eclipsing_binary
1399.5914819880095,1.0004587,0.00047159242,3815360,eclipsing_binary
1399.5928708497913,0.9996986,0.00047148825,3815360,eclipsing_binary
1399.5942597120388,0.9996275,0.00047145534,3815360,eclipsing_binary
1399.5956485738216,0.999397,0.00047137451,3815360,eclipsing_binary
1399.5970374360697,0.9995726,0.00047147006,3815360,eclipsing_binary
1399.5984262978516,1.0004165,0.0004716881,3815360,eclipsing_binary
1399.599815159634,0.9993744,0.00047146188,3815360,eclipsing_binary
1399.6012040218825,0.999579,0.00047146546,3815360,eclipsing_binary
1399.6025928836643,1.0000368,0.0004715477,3815360,eclipsing_binary
1399.6039817454468,1.0001109,0.00047164896,3815360,eclipsing_binary
1399.605370607695,0.9992725,0.00047142105,3815360,eclipsing_binary
1399.6067594694769,1.001463,0.00047183872,3815360,eclipsing_binary
1399.6081483312596,1.0000468,0.0004714792,3815360,eclipsing_binary
1399.6095371935078,0.9998481,0.00047166125,3815360,eclipsing_binary
1399.6109260552896,0.99996144,0.00047150336,3815360,eclipsing_binary
1399.6123149170714,0.99944454,0.000471285,3815360,eclipsing_binary
1399.6137037793196,1.0003103,0.0004716095,3815360,eclipsing_binary
1399.6150926411024,1.000781,0.00047165016,3815360,eclipsing_binary
1399.6164815028842,1.0003616,0.00047167292,3815360,eclipsing_binary
1399.6178703646667,1.0002346,0.0004716168,3815360,eclipsing_binary
1399.619259226915,1.000098,0.00047154917,3815360,eclipsing_binary
1399.620648088697,1.0009743,0.0004716481,3815360,eclipsing_binary
1399.6220369504795,1.0001426,0.00047163284,3815360,eclipsing_binary
1399.623425812262,0.9993075,0.0004714102,3815360,eclipsing_binary
1399.6248146745097,1.0005887,0.00047158916,3815360,eclipsing_binary
1399.6262035362922,0.99979997,0.00047155737,3815360,eclipsing_binary
1399.6275923980747,0.9996793,0.0004714448,3815360,eclipsing_binary
1399.6289812598566,0.9993149,0.00047133348,3815360,eclipsing_binary
1399.6303701216384,1.0000125,0.00047139756,3815360,eclipsing_binary
1399.6317589838868,0.9993752,0.00047136706,3815360,eclipsing_binary
1399.6331478456693,1.0001119,0.00047160685,3815360,eclipsing_binary
1399.6345367074512,0.9990184,0.00047143913,3815360,eclipsing_binary
1399.6359255692337,0.9995905,0.00047151902,3815360,eclipsing_binary
1399.6373144310164,0.99971163,0.0004715953,3815360,eclipsing_binary
1399.6387032927983,0.99995136,0.0004715793,3815360,eclipsing_binary
1399.6400921545808,1.0001347,0.00047147798,3815360,eclipsing_binary
1399.6414810163633,1.0010417,0.00047178022,3815360,eclipsing_binary
1399.6428698786108,0.99959594,0.00047155266,3815360,eclipsing_binary
1399.6442587403935,1.000214,0.0004714715,3815360,eclipsing_binary
1399.645647602176,0.99960274,0.0004714514,3815360,eclipsing_binary
1399.6470364639579,0.99951977,0.0004714369,3815360,eclipsing_binary
1399.64842532574,1.0003958,0.00047155988,3815360,eclipsing_binary
1399.6498141875225,0.9999038,0.0004714057,3815360,eclipsing_binary
1399.651203049305,1.0002648,0.00047160598,3815360,eclipsing_binary
1399.6525919110868,0.9998983,0.00047148194,3815360,eclipsing_binary
1399.6539807728695,0.9991762,0.0004712842,3815360,eclipsing_binary
1399.655369634652,1.0003257,0.0004715509,3815360,eclipsing_binary
1399.656758496434,0.9996804,0.0004712871,3815360,eclipsing_binary
1399.6581473582164,0.999103,0.00047126584,3815360,eclipsing_binary
1399.6595362199996,1.0002347,0.0004714847,3815360,eclipsing_binary
1399.6609250817824,0.9993501,0.00047149774,3815360,eclipsing_binary
1399.6623139435649,0.99939525,0.0004713694,3815360,eclipsing_binary
1399.6637028053474,0.9996424,0.0004715417,3815360,eclipsing_binary
1399.6650916671292,0.9992918,0.000471452,3815360,eclipsing_binary
1399.6664805289113,1.0005075,0.0004714764,3815360,eclipsing_binary
1399.6678693906938,0.99939597,0.00047159535,3815360,eclipsing_binary
1399.6692582524763,0.999269,0.0004713989,3815360,eclipsing_binary
1399.6706471142584,0.9993008,0.0004714058,3815360,eclipsing_binary
1399.672035976041,1.0002859,0.0004714952,3815360,eclipsing_binary
1399.6734248378234,0.99927413,0.00047151963,3815360,eclipsing_binary
1399.6748136991396,0.9999425,0.00047142708,3815360,eclipsing_binary
1399.6762025609223,0.9999482,0.00047155205,3815360,eclipsing_binary
1399.6775914227048,0.9997803,0.00047145732,3815360,eclipsing_binary
1399.6789802844867,0.9997106,0.00047136686,3815360,eclipsing_binary
1399.6803691462692,0.99953014,0.00047149134,3815360,eclipsing_binary
1399.6817580080517,1.0001549,0.00047148415,3815360,eclipsing_binary
1399.6831468698338,0.9996352,0.00047149597,3815360,eclipsing_binary
1399.6845357316163,0.9999351,0.00047154396,3815360,eclipsing_binary
1399.6859245929331,0.9988983,0.00047135577,3815360,eclipsing_binary
1399.687313454715,0.99940765,0.00047138752,3815360,eclipsing_binary
1399.6887023164968,0.9999162,0.00047148435,3815360,eclipsing_binary
1399.6900911782795,1.0001216,0.00047157682,3815360,eclipsing_binary
1399.691480040062,1.0003977,0.00047151654,3815360,eclipsing_binary
1399.6928689013782,1.0003431,0.00047165775,3815360,eclipsing_binary
1399.6942577631607,1.0000517,0.00047146736,3815360,eclipsing_binary
1399.6956466249435,0.9999623,0.0004715657,3815360,eclipsing_binary
1399.6970354867253,1.0000505,0.00047154046,3815360,eclipsing_binary
1399.6984243480422,0.99973935,0.00047149174,3815360,eclipsing_binary
1399.6998132098247,0.99954367,0.00047160187,3815360,eclipsing_binary
1399.7012020716068,0.99943894,0.0004715508,3815360,eclipsing_binary
1399.7025909333893,0.9995953,0.00047157088,3815360,eclipsing_binary
1399.7039797947061,0.9988421,0.0004712334,3815360,eclipsing_binary
1399.705368656488,0.99974895,0.00047150085,3815360,eclipsing_binary
1399.70675751827,1.0001237,0.00047145222,3815360,eclipsing_binary
1399.7081463795869,0.99942786,0.00047140787,3815360,eclipsing_binary
1399.7095352413694,1.0004816,0.00047162527,3815360,eclipsing_binary
1399.7109241031512,0.99970233,0.00047152242,3815360,eclipsing_binary
1399.7123129644683,0.9992564,0.00047134407,3815360,eclipsing_binary
1399.7137018262508,0.99963254,0.000471515,3815360,eclipsing_binary
1399.7150906880327,0.99991035,0.00047155927,3815360,eclipsing_binary
1399.7164795493495,0.9996542,0.00047149806,3815360,eclipsing_binary
1399.7178684111323,0.9998394,0.00047152495,3815360,eclipsing_binary
1399.719257272914,0.9992968,0.00047143298,3815360,eclipsing_binary
1399.720646134231,0.99974376,0.00047147734,3815360,eclipsing_binary
1399.7220349960135,1.0004573,0.00047159888,3815360,eclipsing_binary
1399.7234238573296,1.0001361,0.00047157911,3815360,eclipsing_binary
1399.7248127191117,0.99948055,0.0004715354,3815360,eclipsing_binary
1399.7262015808942,0.99962384,0.00047147056,3815360,eclipsing_binary
1399.727590442211,0.9995361,0.00047141637,3815360,eclipsing_binary
1399.728979303993,0.9999724,0.0004715075,3815360,eclipsing_binary
1399.7303681653098,0.9996846,0.0004715335,3815360,eclipsing_binary
1399.7317570270925,0.9991659,0.0004714515,3815360,eclipsing_binary
1399.7331458884087,0.99954784,0.0004713236,3815360,eclipsing_binary
1399.7345347501912,0.99983215,0.00047145324,3815360,eclipsing_binary
1399.735923611508,0.99941194,0.00047137635,3815360,eclipsing_binary
1399.73731247329,0.9992266,0.00047143732,3815360,eclipsing_binary
1399.738701334607,0.9996989,0.00047144658,3815360,eclipsing_binary
1399.7400901963895,0.99906284,0.00047138426,3815360,eclipsing_binary
1399.7414790577059,1.0000433,0.0004715845,3815360,eclipsing_binary
1399.7428679194877,0.9991807,0.00047137562,3815360,eclipsing_binary
1399.7442567808046,0.99986655,0.0004715047,3815360,eclipsing_binary
1399.745645642587,1.0002455,0.00047151375,3815360,eclipsing_binary
1399.7470345039033,0.9990265,0.00047137728,3815360,eclipsing_binary
1399.748423365686,1.0000448,0.00047149978,3815360,eclipsing_binary
1399.7498122270028,0.99974054,0.00047145158,3815360,eclipsing_binary
1399.751201088319,1.0003792,0.0004715012,3815360,eclipsing_binary
1399.7525899501024,0.9999032,0.0004714361,3815360,eclipsing_binary
1399.75397881142,0.9993297,0.00047134818,3815360,eclipsing_binary
1399.7553676732018,1.0002291,0.00047163462,3815360,eclipsing_binary
1399.7567565345187,0.9999857,0.00047156445,3815360,eclipsing_binary
1399.7581453958355,0.9998253,0.00047138947,3815360,eclipsing_binary
1399.7595342576176,0.9997477,0.00047140446,3815360,eclipsing_binary
1399.7609231189338,0.9993984,0.00047132,3815360,eclipsing_binary
1399.7623119802506,0.999817,0.00047137402,3815360,eclipsing_binary
1399.7637008420331,0.9996314,0.00047150097,3815360,eclipsing_binary
1399.7650897033495,1.0001265,0.00047147495,3815360,eclipsing_binary
1399.7664785646664,1.0004208,0.00047153817,3815360,eclipsing_binary
1399.767867426449,0.999399,0.0004713802,3815360,eclipsing_binary
1399.769256287765,0.9997022,0.00047156008,3815360,eclipsing_binary
1399.7706451490822,0.9999444,0.0004714275,3815360,eclipsing_binary
1399.7720340108647,1.0007168,0.0004715872,3815360,eclipsing_binary
1399.7734228721808,0.99999154,0.0004715679,3815360,eclipsing_binary
1399.7748117334977,0.99944305,0.00047153508,3815360,eclipsing_binary
1399.7762005948148,0.9989962,0.00047126474,3815360,eclipsing_binary
1399.7775894565966,0.9997803,0.00047155024,3815360,eclipsing_binary
1399.7789783179128,0.99952596,0.00047141427,3815360,eclipsing_binary
1399.7803671792296,0.99953216,0.00047146162,3815360,eclipsing_binary
1399.7817560405465,0.99975085,0.00047144038,3815360,eclipsing_binary
1399.7831449023286,0.9985814,0.00047121407,3815360,eclipsing_binary
1399.7845337636454,0.9998885,0.00047143464,3815360,eclipsing_binary
1399.7859226249623,0.99979615,0.00047155496,3815360,eclipsing_binary
1399.7873114862787,0.99928683,0.00047135577,3815360,eclipsing_binary
1399.7887003475955,0.99944305,0.00047136564,3815360,eclipsing_binary
1399.790089209378,0.99898535,0.000471313,3815360,eclipsing_binary
1399.7914780706942,0.9990548,0.0004711724,3815360,eclipsing_binary
1399.7928669320113,1.000142,0.00047156645,3815360,eclipsing_binary
1399.7942557933281,0.9990949,0.00047142053,3815360,eclipsing_binary
1399.7956446546443,1.0006788,0.00047172268,3815360,eclipsing_binary
1399.7970335159612,0.99969137,0.00047136156,3815360,eclipsing_binary
1399.7984223777437,0.9996184,0.00047149675,3815360,eclipsing_binary
1399.79981123906,0.9991492,0.0004714178,3815360,eclipsing_binary
1399.8012001003763,1.0004907,0.00047159588,3815360,eclipsing_binary
1399.8025889616931,1.0004053,0.00047167187,3815360,eclipsing_binary
1399.80397782301,0.99985003,0.0004714834,3815360,eclipsing_binary
1399.8053666843261,1.0001205,0.00047158872,3815360,eclipsing_binary
1399.8067555456432,0.9994019,0.00047135926,3815360,eclipsing_binary
1399.80814440696,0.9996557,0.00047140958,3815360,eclipsing_binary
1399.8095332682763,0.9998904,0.00047143584,3815360,eclipsing_binary
1399.810922129593,0.9992864,0.00047132772,3815360,eclipsing_binary
1399.8123109909102,0.9991176,0.00047132757,3815360,eclipsing_binary
1399.8136998522264,0.9998976,0.00047149474,3815360,eclipsing_binary
1399.8150887135432,0.99959105,0.0004713464,3815360,eclipsing_binary
1399.81647757486,1.0000975,0.00047144582,3815360,eclipsing_binary
1399.8178664361765,0.9996712,0.00047139384,3815360,eclipsing_binary
1399.8192552974926,0.9989212,0.0004712856,3815360,eclipsing_binary
1399.8206441588095,1.0001298,0.00047153226,3815360,eclipsing_binary
1399.8220330201264,0.99891925,0.00047131232,3815360,eclipsing_binary
1399.8234218814428,0.9995876,0.00047139442,3815360,eclipsing_binary
1399.8248107427596,0.9989487,0.0004712426,3815360,eclipsing_binary
1399.8261996040765,0.9995062,0.0004714284,3815360,eclipsing_binary
1399.8275884653926,0.99992204,0.00047152382,3815360,eclipsing_binary
1399.8289773267097,0.99929494,0.0004713176,3815360,eclipsing_binary
1399.8303661880266,0.99962133,0.00047142713,3815360,eclipsing_binary
1399.8317550493427,0.9992432,0.00047127905,3815360,eclipsing_binary
1399.8331439106596,0.9993555,0.00047128674,3815360,eclipsing_binary
1399.8345327719767,1.0001891,0.00047148866,3815360,eclipsing_binary
1399.8359216332929,0.9996396,0.0004713136,3815360,eclipsing_binary
1399.837310494609,0.99974626,0.00047144492,3815360,eclipsing_binary
1399.8386993554602,0.9989733,0.00047141002,3815360,eclipsing_binary
1399.840088216777,1.0002855,0.00047161817,3815360,eclipsing_binary
1399.8414770780935,0.9998485,0.0004714758,3815360,eclipsing_binary
1399.842865939411,1.0002745,0.0004715447,3815360,eclipsing_binary
1399.8442548007285,0.9998205,0.00047146535,3815360,eclipsing_binary
1399.845643662045,0.99940985,0.00047136712,3815360,eclipsing_binary
1399.8470325228961,0.99910307,0.00047136506,3815360,eclipsing_binary
1399.848421384213,1.0002673,0.00047146558,3815360,eclipsing_binary
1399.8498102455292,0.9996391,0.0004714079,3815360,eclipsing_binary
1399.8511991068463,0.998941,0.0004713938,3815360,eclipsing_binary
1399.852587968163,1.0006766,0.00047144163,3815360,eclipsing_binary
1399.8539768290136,1.0001556,0.00047155438,3815360,eclipsing_binary
1399.8553656903298,1.0001388,0.00047152498,3815360,eclipsing_binary
1399.8567545516466,0.99967986,0.00047150216,3815360,eclipsing_binary
1399.8581434129637,0.9999654,0.0004713578,3815360,eclipsing_binary
1399.8595322738142,0.99980444,0.000471506,3815360,eclipsing_binary
1399.860921135131,0.99970675,0.00047142993,3815360,eclipsing_binary
1399.862309996448,0.99978787,0.00047124067,3815360,eclipsing_binary
1399.8636988577641,1.000025,0.00047137996,3815360,eclipsing_binary
1399.8650877186155,0.99914145,0.00047135603,3815360,eclipsing_binary
1399.8664765799324,0.9993555,0.0004713212,3815360,eclipsing_binary
1399.8678654412486,0.9998847,0.00047139524,3815360,eclipsing_binary
1399.8692543020998,1.0004766,0.00047154468,3815360,eclipsing_binary
1399.8706431634168,0.99958205,0.00047153918,3815360,eclipsing_binary
1399.872032024733,0.99921453,0.000471421,3815360,eclipsing_binary
1399.8734208855835,0.999739,0.0004715643,3815360,eclipsing_binary
1399.8748097469006,1.0000014,0.00047154768,3815360,eclipsing_binary
1399.8761986082175,0.9997163,0.0004714356,3815360,eclipsing_binary
1399.877587469068,0.9999348,0.00047133575,3815360,eclipsing_binary
1399.8789763303848,0.99930876,0.00047131674,3815360,eclipsing_binary
1399.880365191702,0.9998307,0.00047145176,3815360,eclipsing_binary
1399.8817540525524,1.0010804,0.0004715983,3815360,eclipsing_binary
1399.8831429138693,0.9990567,0.00047119815,3815360,eclipsing_binary
1399.8845317747205,0.99955356,0.0004713866,3815360,eclipsing_binary
1399.8859206360366,0.99943894,0.00047136028,3815360,eclipsing_binary
1399.8873094973537,0.9992195,0.00047142946,3815360,eclipsing_binary
1399.888698358205,0.9997563,0.00047145414,3815360,eclipsing_binary
1399.890087219521,0.99950457,0.00047129244,3815360,eclipsing_binary
1399.8914760803716,1.0002153,0.0004716045,3815360,eclipsing_binary
1399.8928649416885,1.0000407,0.0004715464,3815360,eclipsing_binary
1399.8942538025399,1.0006907,0.00047167687,3815360,eclipsing_binary
1399.895642663856,0.99935687,0.00047143598,3815360,eclipsing_binary
1399.8970315247072,0.9996352,0.00047145816,3815360,eclipsing_binary
1399.898420386024,0.9999152,0.00047132696,3815360,eclipsing_binary
1399.8998092468748,0.9997402,0.00047142344,3815360,eclipsing_binary
1399.9011981081917,0.9997484,0.00047138945,3815360,eclipsing_binary
1399.9025869690429,0.9992555,0.00047117015,3815360,eclipsing_binary
1399.9039758303593,1.0000377,0.00047137192,3815360,eclipsing_binary
1399.9053646912105,0.9993733,0.00047132946,3815360,eclipsing_binary
1399.9067535525273,1.0001733,0.00047145598,3815360,eclipsing_binary
1399.9081424133778,1.0005336,0.00047159925,3815360,eclipsing_binary
1399.909531274695,0.999946,0.00047143755,3815360,eclipsing_binary
1399.9109201355461,0.9990969,0.00047143633,3815360,eclipsing_binary
1399.9123089968623,1.000576,0.00047150222,3815360,eclipsing_binary
1399.9136978577128,0.9996229,0.00047141899,3815360,eclipsing_binary
1399.915086718564,0.9993079,0.0004714451,3815360,eclipsing_binary
1399.916475579881,1.0000058,0.00047141177,3815360,eclipsing_binary
1399.9178644407316,0.9989385,0.000471298,3815360,eclipsing_binary
1399.9192533020484,0.99974096,0.00047136648,3815360,eclipsing_binary
1399.9206421628996,0.99919546,0.000471425,3815360,eclipsing_binary
1399.9220310237502,0.99931383,0.0004713454,3815360,eclipsing_binary
1399.9234198850672,1.0004736,0.00047164224,3815360,eclipsing_binary
1399.9248087459184,1.0004039,0.00047150606,3815360,eclipsing_binary
1399.926197606769,1.0006182,0.00047154818,3815360,eclipsing_binary
1399.9275864680858,0.99970394,0.00047130306,3815360,eclipsing_binary
1399.9289753289372,0.9990645,0.00047130996,3815360,eclipsing_binary
1399.9303641897884,0.9997289,0.00047136302,3815360,eclipsing_binary
1399.9317530511053,0.9990011,0.0004712792,3815360,eclipsing_binary
1399.9331419119567,1.0006714,0.0004714728,3815360,eclipsing_binary
1399.9345307728079,0.99971956,0.00047149518,3815360,eclipsing_binary
1399.9359196336584,0.99956954,0.00047138717,3815360,eclipsing_binary
1399.9373084949752,1.0007533,0.0004716412,3815360,eclipsing_binary
1399.9400862166772,1.0000246,0.00047158514,3815360,eclipsing_binary
1399.9414750775284,1.0005529,0.0004716315,3815360,eclipsing_binary
1399.9428639388452,0.9994152,0.00047144742,3815360,eclipsing_binary
1399.9442527996957,0.9997688,0.00047142225,3815360,eclipsing_binary
1399.9456416605472,0.999344,0.00047136494,3815360,eclipsing_binary
1399.9470305213983,1.0003221,0.00047151608,3815360,eclipsing_binary
1399.9484193827145,0.99987125,0.00047134014,3815360,eclipsing_binary
1399.949808243565,1.000346,0.0004715492,3815360,eclipsing_binary
1399.9511971044162,0.9991254,0.00047123068,3815360,eclipsing_binary
1399.9525859652676,0.9992792,0.00047133866,3815360,eclipsing_binary
1399.9539748261182,0.99973863,0.0004714674,3815360,eclipsing_binary
1399.9553636869693,0.99979836,0.00047135275,3815360,eclipsing_binary
1399.9567525482862,1.0006303,0.00047161535,3815360,eclipsing_binary
1399.958141409137,0.99888444,0.0004713512,3815360,eclipsing_binary
1399.9595302699881,1.0004994,0.0004715172,3815360,eclipsing_binary
1399.9609191308393,1.0001848,0.00047168284,3815360,eclipsing_binary
1399.96230799169,0.99871343,0.00047135242,3815360,eclipsing_binary
1399.9636968525413,0.9997127,0.00047146424,3815360,eclipsing_binary
1399.9650857133925,0.9995559,0.00047140813,3815360,eclipsing_binary
1399.966474574243,1.0001768,0.00047150147,3815360,eclipsing_binary
1399.9678634355591,1.000488,0.00047151098,3815360,eclipsing_binary
1399.9692522964106,1.0004766,0.00047158066,3815360,eclipsing_binary
1399.9706411572618,0.99955213,0.0004713916,3815360,eclipsing_binary
1399.9720300181123,0.99976563,0.00047135586,3815360,eclipsing_binary
1399.9734188789635,0.9995348,0.00047131046,3815360,eclipsing_binary
1399.9748077398149,1.0004549,0.00047160476,3815360,eclipsing_binary
1399.9761966006654,1.0007173,0.00047142297,3815360,eclipsing_binary
1399.9775854615166,0.9997908,0.0004714157,3815360,eclipsing_binary
1399.9789743223678,0.9998489,0.00047140874,3815360,eclipsing_binary
1399.9803631832183,0.9996407,0.0004714545,3815360,eclipsing_binary
1399.9817520440697,1.0002227,0.0004715953,3815360,eclipsing_binary
1399.983140904921,0.99987584,0.00047146558,3815360,eclipsing_binary
1399.9845297657714,0.9999462,0.00047132725,3815360,eclipsing_binary
1399.9859186266222,0.99929714,0.00047146642,3815360,eclipsing_binary
1399.9873074874733,1.0001514,0.00047154434,3815360,eclipsing_binary
1399.9886963483245,1.0000815,0.00047151675,3815360,eclipsing_binary
1399.990085209175,1.000343,0.00047146235,3815360,eclipsing_binary
1399.9914740700265,1.0005926,0.00047158802,3815360,eclipsing_binary
1399.9928629308777,0.99921846,0.00047129372,3815360,eclipsing_binary
1399.9942517917282,0.9990396,0.00047120778,3815360,eclipsing_binary
1399.9956406521137,0.9991133,0.00047135408,3815360,eclipsing_binary
1399.9970295129651,0.9985538,0.00047115097,3815360,eclipsing_binary
1399.9984183738156,0.9993216,0.00047133153,3815360,eclipsing_binary
1399.9998072346668,0.99927604,0.0004712243,3815360,eclipsing_binary
1400.001196095518,0.999266,0.00047132542,3815360,eclipsing_binary
1400.0025849563685,0.9996328,0.0004713318,3815360,eclipsing_binary
1400.003973817219,0.999639,0.0004713748,3815360,eclipsing_binary
1400.0053626780705,0.9997662,0.00047129882,3815360,eclipsing_binary
1400.006751538456,1.0005021,0.00047148688,3815360,eclipsing_binary
1400.0081403993065,0.99966276,0.00047140356,3815360,eclipsing_binary
1400.0095292601577,1.0002613,0.00047150644,3815360,eclipsing_binary
1400.0109181210091,1.0004058,0.0004715837,3815360,eclipsing_binary
1400.0123069818596,1.0001516,0.00047152842,3815360,eclipsing_binary
1400.0136958427108,0.99929595,0.0004713152,3815360,eclipsing_binary
1400.0150847030973,1.0003673,0.0004715188,3815360,eclipsing_binary
1400.0164735639485,0.9992621,0.00047124698,3815360,eclipsing_binary
1400.0178624247997,0.9994154,0.00047141328,3815360,eclipsing_binary
1400.0192512856509,0.9997287,0.00047141523,3815360,eclipsing_binary
1400.0206401465016,0.99942726,0.0004713619,3815360,eclipsing_binary
1400.0220290068871,0.9990868,0.00047134396,3815360,eclipsing_binary
1400.0234178677383,0.99994016,0.00047147894,3815360,eclipsing_binary
1400.0248067285888,0.9996499,0.000471465,3815360,eclipsing_binary
1400.0261955889737,0.9985381,0.0004711951,3815360,eclipsing_binary
1400.027584449825,0.99823254,0.00047118196,3815360,eclipsing_binary
1400.0289733106763,0.99943817,0.00047133412,3815360,eclipsing_binary
1400.0303621715268,0.9999915,0.0004714698,3815360,eclipsing_binary
1400.0317510319123,0.9991893,0.00047118517,3815360,eclipsing_binary
1400.0331398927638,0.99986947,0.0004713024,3815360,eclipsing_binary
1400.0345287536143,1.0005677,0.00047155697,3815360,eclipsing_binary
1400.0359176139998,0.99974114,0.0004713938,3815360,eclipsing_binary
1400.037306474851,0.99975294,0.00047133781,3815360,eclipsing_binary
1400.0386953357015,0.9997071,0.00047142585,3815360,eclipsing_binary
1400.0400841960873,0.99905,0.0004712075,3815360,eclipsing_binary
1400.0414730569385,1.0002666,0.00047150024,3815360,eclipsing_binary
1400.042861917789,1.0006337,0.0004716483,3815360,eclipsing_binary
1400.044250778174,0.9999363,0.00047127524,3815360,eclipsing_binary
1400.0456396390252,1.0000142,0.00047144122,3815360,eclipsing_binary
1400.0470284994108,0.999699,0.00047143767,3815360,eclipsing_binary
1400.0484173602613,1.0000086,0.00047151643,3815360,eclipsing_binary
1400.0498062211127,0.99978596,0.0004714191,3815360,eclipsing_binary
1400.0511950814982,0.9998705,0.0004713602,3815360,eclipsing_binary
1400.0525839423487,0.99973136,0.0004713112,3815360,eclipsing_binary
1400.0539728027343,0.9997565,0.00047139966,3815360,eclipsing_binary
1400.0553616635857,0.9996981,0.00047131506,3815360,eclipsing_binary
1400.0567505239705,1.0005751,0.0004715068,3815360,eclipsing_binary
1400.0581393848217,1.000522,0.0004717323,3815360,eclipsing_binary
1400.059528245673,1.0005785,0.0004715864,3815360,eclipsing_binary
1400.0609171060578,0.99936485,0.0004713737,3815360,eclipsing_binary
1400.0623059669083,0.9994898,0.00047136433,3815360,eclipsing_binary
1400.063694827294,0.9998924,0.0004713652,3815360,eclipsing_binary
1400.0650836881453,0.9993901,0.00047122172,3815360,eclipsing_binary
1400.06647254853,0.99968946,0.00047139457,3815360,eclipsing_binary
1400.0678614093813,0.99955034,0.00047136308,3815360,eclipsing_binary
1400.069250269767,1.0002512,0.00047148857,3815360,eclipsing_binary
1400.0706391306176,0.9996261,0.00047125714,3815360,eclipsing_binary
1400.072027991003,1.0008504,0.00047150967,3815360,eclipsing_binary
1400.0734168513886,1.000366,0.00047141407,3815360,eclipsing_binary
1400.0748057122394,1.0000093,0.00047141744,3815360,eclipsing_binary
1400.076194572625,1.0007106,0.00047156616,3815360,eclipsing_binary
1400.077583433476,1.0000815,0.00047150583,3815360,eclipsing_binary
1400.0789722938612,0.99996865,0.00047152553,3815360,eclipsing_binary
1400.0803611547117,1.0001677,0.0004714322,3815360,eclipsing_binary
1400.0817500150972,0.9995067,0.00047129884,3815360,eclipsing_binary
1400.0831388754827,0.99976295,0.0004714469,3815360,eclipsing_binary
1400.0845277363333,1.0003829,0.00047149818,3815360,eclipsing_binary
1400.085916596719,0.999322,0.00047129075,3815360,eclipsing_binary
1400.0873054571045,1.0004393,0.0004714479,3815360,eclipsing_binary
1400.088694317955,0.9994764,0.0004711989,3815360,eclipsing_binary
1400.0900831783406,0.9999435,0.00047131052,3815360,eclipsing_binary
1400.0914720387264,0.9999907,0.00047158165,3815360,eclipsing_binary
1400.0928608995769,0.99952877,0.00047130353,3815360,eclipsing_binary
1400.0942497599624,1.0006391,0.00047164914,3815360,eclipsing_binary
1400.095638620348,0.99994546,0.00047139078,3815360,eclipsing_binary
1400.0970274811993,0.9995679,0.00047128557,3815360,eclipsing_binary
1400.0984163415849,0.9996266,0.0004713307,3815360,eclipsing_binary
1400.0998052019704,0.999507,0.00047136424,3815360,eclipsing_binary
1400.1011940628216,0.9995372,0.00047138747,3815360,eclipsing_binary
1400.1025829232067,0.9996421,0.00047133793,3815360,eclipsing_binary
1400.1039717835922,1.0001804,0.0004714561,3815360,eclipsing_binary
1400.1053606439777,0.9998113,0.00047138619,3815360,eclipsing_binary
1400.1067495048283,0.999812,0.0004713471,3815360,eclipsing_binary
1400.108138365214,1.0013247,0.0004715958,3815360,eclipsing_binary
1400.1095272255995,0.9993346,0.00047128915,3815360,eclipsing_binary
1400.1109160859844,1.0004528,0.00047148234,3815360,eclipsing_binary
1400.1123049468356,0.9997911,0.00047144317,3815360,eclipsing_binary
1400.1136938072214,0.9999967,0.00047136526,3815360,eclipsing_binary
1400.1150826676062,0.99925995,0.00047127486,3815360,eclipsing_binary
1400.116471527991,0.99990577,0.00047145894,3815360,eclipsing_binary
1400.1178603883766,1.0005723,0.00047157105,3815360,eclipsing_binary
1400.1192492492278,0.99989533,0.00047134585,3815360,eclipsing_binary
1400.1206381096129,0.9991869,0.00047128473,3815360,eclipsing_binary
1400.1220269699984,1.0003487,0.00047152315,3815360,eclipsing_binary
1400.123415830384,1.0009422,0.00047156934,3815360,eclipsing_binary
1400.1248046907688,1.0001452,0.00047152673,3815360,eclipsing_binary
1400.1261935511543,0.999741,0.00047132216,3815360,eclipsing_binary
1400.12758241154,0.9994078,0.00047130673,3815360,eclipsing_binary
1400.1289712723906,1.0000814,0.00047131386,3815360,eclipsing_binary
1400.130360132776,0.9995624,0.00047132172,3815360,eclipsing_binary
1400.1317489931616,0.9998401,0.00047132935,3815360,eclipsing_binary
1400.1331378535467,1.0001882,0.0004714274,3815360,eclipsing_binary
1400.1345267139316,0.99997085,0.00047133447,3815360,eclipsing_binary
1400.135915574317,1.000652,0.00047160976,3815360,eclipsing_binary
1400.1373044347029,1.0006268,0.00047140836,3815360,eclipsing_binary
1400.1386932950877,1.0006044,0.00047147254,3815360,eclipsing_binary
1400.1400821554732,0.9995843,0.0004713698,3815360,eclipsing_binary
1400.1414710158588,1.0004363,0.00047164454,3815360,eclipsing_binary
1400.1428598762436,0.99981254,0.00047157044,3815360,eclipsing_binary
1400.1442487366294,0.9999244,0.00047139367,3815360,eclipsing_binary
1400.145637597015,0.99940956,0.000471261,3815360,eclipsing_binary
1400.1470264573998,0.9999496,0.00047141826,3815360,eclipsing_binary
1400.1484153177853,0.9995828,0.00047142428,3815360,eclipsing_binary
1400.149804178171,1.0000381,0.0004714479,3815360,eclipsing_binary
1400.151193038556,1.0001322,0.00047144233,3815360,eclipsing_binary
1400.1525818989414,0.9998326,0.00047143278,3815360,eclipsing_binary
1400.153970759327,1.0004234,0.0004715814,3815360,eclipsing_binary
1400.1553596197118,0.9991893,0.0004712461,3815360,eclipsing_binary
1400.156748480097,1.000357,0.00047144273,3815360,eclipsing_binary
1400.1581373404824,0.99912226,0.00047133464,3815360,eclipsing_binary
1400.159526200868,0.9992541,0.00047129625,3815360,eclipsing_binary
1400.160915061253,1.0005533,0.00047154323,3815360,eclipsing_binary
1400.1623039216386,0.99977285,0.0004713163,3815360,eclipsing_binary
1400.163692782024,0.9999913,0.0004714375,3815360,eclipsing_binary
1400.165081642409,1.0000949,0.0004714184,3815360,eclipsing_binary
1400.1664705027947,1.0002376,0.00047145857,3815360,eclipsing_binary
1400.1678593627146,1.0002333,0.0004714292,3815360,eclipsing_binary
1400.1692482230994,1.0000303,0.00047141413,3815360,eclipsing_binary
1400.170637083485,0.99944526,0.0004712614,3815360,eclipsing_binary
1400.1720259438707,0.9996495,0.0004712686,3815360,eclipsing_binary
1400.1734148042556,0.9992334,0.0004712267,3815360,eclipsing_binary
1400.1748036646404,0.99980646,0.0004713442,3815360,eclipsing_binary
1400.176192525026,0.99939793,0.00047121753,3815360,eclipsing_binary
1400.1775813849467,0.99979645,0.00047128325,3815360,eclipsing_binary
1400.1789702453323,0.9998567,0.0004716664,3815360,eclipsing_binary
1400.1803591057178,1.0008125,0.00047154605,3815360,eclipsing_binary
1400.1817479661033,1.0000805,0.00047142163,3815360,eclipsing_binary
1400.1831368264882,1.0000831,0.0004713768,3815360,eclipsing_binary
1400.184525686408,0.99900633,0.00047124398,3815360,eclipsing_binary
1400.1859145467938,0.99941194,0.00047127844,3815360,eclipsing_binary
1400.1873034071787,0.99909806,0.00047128435,3815360,eclipsing_binary
1400.1886922675642,1.0000021,0.0004714378,3815360,eclipsing_binary
1400.190081127484,0.9997268,0.00047119943,3815360,eclipsing_binary
1400.1914699878691,0.99952745,0.0004713896,3815360,eclipsing_binary
1400.192858848254,1.0005517,0.00047158744,3815360,eclipsing_binary
1400.1942477086395,1.0001949,0.00047143956,3815360,eclipsing_binary
1400.1956365685596,1.0005867,0.00047154695,3815360,eclipsing_binary
1400.1970254289445,0.9992906,0.00047124267,3815360,eclipsing_binary
1400.19841428933,0.99956566,0.00047134174,3815360,eclipsing_binary
1400.1998031497155,0.99973434,0.00047132722,3815360,eclipsing_binary
1400.2011920096347,0.999852,0.00047143098,3815360,eclipsing_binary
1400.2025808700205,1.000253,0.0004713718,3815360,eclipsing_binary
1400.203969730406,0.99979347,0.0004713821,3815360,eclipsing_binary
1400.2053585903252,0.99940604,0.00047131802,3815360,eclipsing_binary
1400.2067474507107,0.9992948,0.00047118822,3815360,eclipsing_binary
1400.2081363110965,0.99951357,0.00047133156,3815360,eclipsing_binary
1400.2095251710157,1.0002172,0.00047130196,3815360,eclipsing_binary
1400.2109140314005,0.99985564,0.0004713387,3815360,eclipsing_binary
1400.2123028913206,1.0000418,0.00047144643,3815360,eclipsing_binary
1400.2136917517062,1.0001501,0.00047145947,3815360,eclipsing_binary
1400.215080612091,0.9994391,0.00047132352,3815360,eclipsing_binary
1400.2164694720109,1.0002294,0.00047140452,3815360,eclipsing_binary
1400.2178583323964,1.0000798,0.00047134052,3815360,eclipsing_binary
1400.2192471923158,0.99972844,0.00047134107,3815360,eclipsing_binary
1400.2206360527014,0.99951684,0.00047132443,3815360,eclipsing_binary
1400.222024913087,0.9998519,0.00047136573,3815360,eclipsing_binary
1400.223413773006,0.9997118,0.00047141546,3815360,eclipsing_binary
1400.2248026333918,0.9993022,0.0004712522,3815360,eclipsing_binary
1400.2261914933117,0.9992477,0.0004712654,3815360,eclipsing_binary
1400.2275803536966,0.9998106,0.00047129916,3815360,eclipsing_binary
1400.2289692136158,1.0005257,0.00047142836,3815360,eclipsing_binary
1400.2303580740013,1.0005144,0.0004714122,3815360,eclipsing_binary
1400.2317469339214,0.99936986,0.00047123243,3815360,eclipsing_binary
1400.2331357943062,0.9989773,0.00047113566,3815360,eclipsing_binary
1400.234524654226,1.0006518,0.000471616,3815360,eclipsing_binary
1400.2359135146116,0.99915403,0.00047127472,3815360,eclipsing_binary
1400.237302374531,0.99999213,0.00047145484,3815360,eclipsing_binary
1400.2386912349166,0.99962556,0.00047130728,3815360,eclipsing_binary
1400.2400800948365,1.0007523,0.00047154157,3815360,eclipsing_binary
1400.2414689552213,0.9990996,0.00047127155,3815360,eclipsing_binary
1400.2428578151412,0.9999046,0.00047139972,3815360,eclipsing_binary
1400.2442466750613,1.0007541,0.00047148622,3815360,eclipsing_binary
1400.2456355354461,0.9994209,0.0004713349,3815360,eclipsing_binary
1400.2470243953653,0.9996988,0.00047142938,3815360,eclipsing_binary
1400.248413255751,1.0001048,0.00047128805,3815360,eclipsing_binary
1400.249802115671,0.9991508,0.0004712917,3815360,eclipsing_binary
1400.2511909760558,0.9996877,0.00047132946,3815360,eclipsing_binary
1400.2525798359757,1.0007343,0.00047149666,3815360,eclipsing_binary
1400.2539686958958,0.9996856,0.0004713554,3815360,eclipsing_binary
1400.2553575562813,1.0002615,0.0004714156,3815360,eclipsing_binary
1400.2567464162018,0.9995994,0.00047136852,3815360,eclipsing_binary
1400.2581352761217,0.99986255,0.0004712886,3815360,eclipsing_binary
1400.2595241365066,0.9997852,0.0004713406,3815360,eclipsing_binary
1400.2609129964267,1.0000209,0.00047134527,3815360,eclipsing_binary
1400.2623018563465,0.9996021,0.00047133747,3815360,eclipsing_binary
1400.2636907167314,1.0008717,0.0004715365,3815360,eclipsing_binary
1400.2650795766513,0.99891925,0.00047122905,3815360,eclipsing_binary
1400.2664684365714,0.9998019,0.00047129518,3815360,eclipsing_binary
1400.2678572969562,0.99956346,0.00047141127,3815360,eclipsing_binary
1400.2692461568754,0.99954265,0.0004712098,3815360,eclipsing_binary
1400.2706350167955,0.99976313,0.0004714423,3815360,eclipsing_binary
1400.2720238767154,0.99937856,0.00047125737,3815360,eclipsing_binary
1400.2734127371002,0.99950033,0.0004713979,3815360,eclipsing_binary
1400.27480159702,0.9999948,0.00047142716,3815360,eclipsing_binary
1400.27619045694,0.9992313,0.00047135563,3815360,eclipsing_binary
1400.2775793168594,0.999429,0.00047126433,3815360,eclipsing_binary
1400.278968177245,0.99937105,0.00047132612,3815360,eclipsing_binary
1400.2803570371648,1.0003732,0.0004714592,3815360,eclipsing_binary
1400.281745897084,0.9996871,0.00047121328,3815360,eclipsing_binary
1400.283134757004,0.99984014,0.00047139454,3815360,eclipsing_binary
1400.2845236173896,1.000074,0.00047134658,3815360,eclipsing_binary
1400.2859124773088,0.9999038,0.0004713347,3815360,eclipsing_binary
1400.287301337228,0.9994453,0.00047125173,3815360,eclipsing_binary
1400.2886901971478,0.99924654,0.00047124634,3815360,eclipsing_binary
1400.290079057068,0.9999101,0.00047140787,3815360,eclipsing_binary
1400.2914679169871,1.0003427,0.00047139954,3815360,eclipsing_binary
1400.2928567773727,0.9998719,0.00047136453,3815360,eclipsing_binary
1400.2942456372925,0.9995453,0.00047126776,3815360,eclipsing_binary
1400.295634497212,1.0002979,0.0004713526,3815360,eclipsing_binary
1400.2970233571318,0.9998258,0.00047139518,3815360,eclipsing_binary
1400.2984122170517,0.9985593,0.00047116686,3815360,eclipsing_binary
1400.299801076971,0.999686,0.00047123258,3815360,eclipsing_binary
1400.301189936891,0.9994957,0.0004713113,3815360,eclipsing_binary
1400.3025787968108,0.9998845,0.0004714039,3815360,eclipsing_binary
1400.30396765673,0.999611,0.00047130842,3815360,eclipsing_binary
1400.305356517115,0.9999331,0.00047131497,3815360,eclipsing_binary
1400.306745377035,1.0005726,0.00047146698,3815360,eclipsing_binary
1400.3081342369549,0.99970263,0.00047136928,3815360,eclipsing_binary
1400.309523096874,1.0000076,0.00047138295,3815360,eclipsing_binary
1400.310911956794,1.000324,0.00047143406,3815360,eclipsing_binary
1400.312300816714,0.99918795,0.00047102795,3815360,eclipsing_binary
1400.3136896766332,1.0004098,0.00047141692,3815360,eclipsing_binary
1400.315078536553,1.0007682,0.00047158616,3815360,eclipsing_binary
1400.316467396473,0.99936664,0.00047123857,3815360,eclipsing_binary
1400.3178562563921,0.99913794,0.00047128834,3815360,eclipsing_binary
1400.3192451163122,0.9989837,0.00047116893,3815360,eclipsing_binary
1400.320633976232,0.9993933,0.00047115755,3815360,eclipsing_binary
1400.3220228361513,0.99981254,0.00047113394,3815360,eclipsing_binary
1400.3234116960707,0.9995043,0.0004712027,3815360,eclipsing_binary
1400.3248005559906,0.9998286,0.00047145502,3815360,eclipsing_binary
1400.3261894159104,0.99958795,0.00047129282,3815360,eclipsing_binary
1400.3275782758296,1.0000947,0.0004714398,3815360,eclipsing_binary
1400.3289671357497,0.99979955,0.0004714462,3815360,eclipsing_binary
1400.330355995204,0.9988915,0.00047115897,3815360,eclipsing_binary
1400.3317448551238,0.99962455,0.00047131785,3815360,eclipsing_binary
1400.3331337150444,1.0002238,0.00047143974,3815360,eclipsing_binary
1400.3345225749645,1.0000508,0.00047138036,3815360,eclipsing_binary
1400.3359114348837,1.0000229,0.00047140376,3815360,eclipsing_binary
1400.3373002948035,0.99977124,0.00047133188,3815360,eclipsing_binary
1400.3386891547234,0.9999369,0.0004714069,3815360,eclipsing_binary
1400.3400780146426,0.9989142,0.00047127195,3815360,eclipsing_binary
1400.3414668745618,1.0001609,0.00047142274,3815360,eclipsing_binary
1400.3428557344819,0.9996809,0.0004713573,3815360,eclipsing_binary
1400.344244593936,0.99977994,0.0004713033,3815360,eclipsing_binary
1400.3456334538553,0.99939203,0.0004712708,3815360,eclipsing_binary
1400.3470223137751,0.9992741,0.0004713671,3815360,eclipsing_binary
1400.3484111736952,0.9995776,0.00047124064,3815360,eclipsing_binary
1400.3498000336144,1.0007323,0.0004713654,3815360,eclipsing_binary
1400.3511888930686,0.9999307,0.00047134035,3815360,eclipsing_binary
1400.3525777529885,1.0005178,0.00047144623,3815360,eclipsing_binary
1400.353966612908,0.9992015,0.000471271,3815360,eclipsing_binary
1400.3553554728278,1.0005265,0.0004715286,3815360,eclipsing_binary
1400.3567443327477,1.0002394,0.00047140033,3815360,eclipsing_binary
1400.3581331922014,0.9982722,0.00047115324,3815360,eclipsing_binary
1400.3595220521206,0.9989367,0.00047115862,3815360,eclipsing_binary
1400.3609109120405,0.99986994,0.00047129104,3815360,eclipsing_binary
1400.3622997719604,1.0001975,0.00047139885,3815360,eclipsing_binary
1400.3636886314139,0.99942535,0.00047112166,3815360,eclipsing_binary
1400.365077491334,0.9991467,0.000471162,3815360,eclipsing_binary
1400.3664663512538,0.99999654,0.000471382,3815360,eclipsing_binary
1400.367855211173,0.99960065,0.00047130373,3815360,eclipsing_binary
1400.3692440706272,0.9998604,0.00047148595,3815360,eclipsing_binary
1400.3706329305473,0.9997766,0.0004714297,3815360,eclipsing_binary
1400.3720217904665,1.0006951,0.00047160801,3815360,eclipsing_binary
1400.3734106499207,0.9999551,0.00047145295,3815360,eclipsing_binary
1400.3747995098406,0.9995128,0.00047137754,3815360,eclipsing_binary
1400.3761883697598,0.9992817,0.0004712234,3815360,eclipsing_binary
1400.3775772292142,0.9996132,0.00047148197,3815360,eclipsing_binary
1400.378966089134,0.9990475,0.00047115696,3815360,eclipsing_binary
1400.3803549490533,0.9994222,0.0004713353,3815360,eclipsing_binary
1400.381743808507,0.9996745,0.0004712953,3815360,eclipsing_binary
1400.383132668427,0.9992618,0.00047121223,3815360,eclipsing_binary
1400.3845215278811,1.000082,0.00047141197,3815360,eclipsing_binary
1400.3859103878003,0.99962115,0.00047133263,3815360,eclipsing_binary
1400.3872992477204,0.9997832,0.0004713041,3815360,eclipsing_binary
1400.3886881071746,0.99999493,0.00047134465,3815360,eclipsing_binary
1400.3900769670938,1.0001314,0.00047138258,3815360,eclipsing_binary
1400.391465826548,0.9989548,0.0004713,3815360,eclipsing_binary
1400.392854686468,0.9985737,0.00047098115,3815360,eclipsing_binary
1400.3942435463873,0.999278,0.00047122315,3815360,eclipsing_binary
1400.3956324058415,0.9998094,0.0004713121,3815360,eclipsing_binary
1400.3970212657614,0.9989668,0.0004710801,3815360,eclipsing_binary
1400.398410125215,0.99960554,0.0004713258,3815360,eclipsing_binary
1400.399798985134,0.9990772,0.00047127134,3815360,eclipsing_binary
1400.4011878445885,1.0005689,0.000471342,3815360,eclipsing_binary
1400.4025767045084,0.99961233,0.0004714439,3815360,eclipsing_binary
1400.403965563962,0.9992894,0.00047130446,3815360,eclipsing_binary
1400.4053544238827,0.99918795,0.00047115347,3815360,eclipsing_binary
1400.4067432833376,0.9994212,0.0004713075,3815360,eclipsing_binary
1400.4081321432568,1.0001762,0.00047133229,3815360,eclipsing_binary
1400.409521002711,1.0007501,0.0004714786,3815360,eclipsing_binary
1400.410909862631,0.99980754,0.00047123135,3815360,eclipsing_binary
1400.4122987220846,0.99957234,0.00047139105,3815360,eclipsing_binary
1400.4136875820045,1.0003042,0.00047133444,3815360,eclipsing_binary
1400.4150764414587,1.0002558,0.00047150027,3815360,eclipsing_binary
1400.4164653009125,0.9993721,0.00047130132,3815360,eclipsing_binary
1400.4178541608317,1.0001572,0.00047127565,3815360,eclipsing_binary
1400.4192430202859,0.99936706,0.000471194,3815360,eclipsing_binary
1400.4206318802057,0.9995619,0.000471285,3815360,eclipsing_binary
1400.4220207396593,0.9995812,0.00047137,3815360,eclipsing_binary
1400.4234095991137,0.9990719,0.00047114468,3815360,eclipsing_binary
1400.4247984590336,1.0000128,0.00047140798,3815360,eclipsing_binary
1400.426187318487,1.0000644,0.00047146346,3815360,eclipsing_binary
1400.427576178407,0.999209,0.0004711335,3815360,eclipsing_binary
1400.4289650378614,1.0005425,0.00047143106,3815360,eclipsing_binary
1400.430353897315,1.0004681,0.0004714597,3815360,eclipsing_binary
1400.4317427572348,0.9994211,0.00047128162,3815360,eclipsing_binary
1400.433131616689,1.000082,0.00047144052,3815360,eclipsing_binary
1400.4345204761426,1.0004212,0.00047137696,3815360,eclipsing_binary
1400.435909336062,0.999278,0.0004710265,3815360,eclipsing_binary
1400.4372981955162,0.9997329,0.00047128976,3815360,eclipsing_binary
1400.4386870549704,0.9994002,0.0004712069,3815360,eclipsing_binary
1400.4400759148898,0.9998019,0.00047128063,3815360,eclipsing_binary
1400.441464774344,1.0001634,0.00047134652,3815360,eclipsing_binary
1400.4428536337982,1.000222,0.0004713265,3815360,eclipsing_binary
1400.4442424932517,1.0007141,0.00047148656,3815360,eclipsing_binary
1400.4456313531718,0.9995876,0.00047125135,3815360,eclipsing_binary
1400.447020212626,1.0001589,0.00047144288,3815360,eclipsing_binary
1400.4484090720796,1.0005668,0.00047156122,3815360,eclipsing_binary
1400.4497979315338,1.0005447,0.00047156416,3815360,eclipsing_binary
1400.451186791454,1.0003653,0.00047133898,3815360,eclipsing_binary
1400.4525756509074,1.0007339,0.00047156724,3815360,eclipsing_binary
1400.453964510361,0.9996908,0.0004711676,3815360,eclipsing_binary
1400.4553533698152,0.99971557,0.0004711512,3815360,eclipsing_binary
1400.4567422292694,1.0000869,0.0004712748,3815360,eclipsing_binary
1400.4581310891886,0.9999058,0.00047119576,3815360,eclipsing_binary
1400.459519948643,0.9988581,0.00047117367,3815360,eclipsing_binary
1400.4609088080972,0.9995872,0.00047118907,3815360,eclipsing_binary
1400.4622976675507,0.99937254,0.00047120708,3815360,eclipsing_binary
1400.463686527005,0.9983878,0.00047096924,3815360,eclipsing_binary
1400.4650753864594,0.99999446,0.00047136683,3815360,eclipsing_binary
1400.4664642463786,0.9999741,0.00047147006,3815360,eclipsing_binary
1400.4678531058328,0.9990894,0.00047125237,3815360,eclipsing_binary
1400.469241965287,0.99965954,0.0004711613,3815360,eclipsing_binary
1400.4706308247407,0.9988549,0.0004711842,3815360,eclipsing_binary
1400.4720196841943,1.0005404,0.0004714752,3815360,eclipsing_binary
1400.4734085436485,0.9992764,0.00047113362,3815360,eclipsing_binary
1400.474797403103,0.9989621,0.00047115877,3815360,eclipsing_binary
1400.4761862625564,0.99954844,0.00047118336,3815360,eclipsing_binary
1400.4775751220106,0.99937123,0.00047133368,3815360,eclipsing_binary
1400.4789639819312,0.9993496,0.00047133304,3815360,eclipsing_binary
1400.4803528413854,1.0001664,0.0004713731,3815360,eclipsing_binary
1400.4817417008398,1.0004754,0.00047139765,3815360,eclipsing_binary
1400.483130560294,0.9992303,0.00047121657,3815360,eclipsing_binary
1400.4845194197476,1.0005256,0.00047147504,3815360,eclipsing_binary
1400.4859082792018,1.0001543,0.00047138295,3815360,eclipsing_binary
1400.4872971386562,1.0002288,0.00047141864,3815360,eclipsing_binary
1400.4886859981098,0.99890864,0.0004710274,3815360,eclipsing_binary
1400.490074857564,0.9999244,0.00047134212,3815360,eclipsing_binary
1400.4914637170182,0.99992466,0.00047141887,3815360,eclipsing_binary
1400.4928525764717,0.99938565,0.000471212,3815360,eclipsing_binary
1400.4942414359255,0.9998934,0.00047122824,3815360,eclipsing_binary
1400.4956302953797,0.9989376,0.00047105347,3815360,eclipsing_binary
1400.4970191548339,0.99970746,0.00047123295,3815360,eclipsing_binary
1400.4984080142876,0.9994501,0.00047120347,3815360,eclipsing_binary
1400.4997968737418,1.0003021,0.00047137958,3815360,eclipsing_binary
1400.501185733196,0.99918216,0.0004711932,3815360,eclipsing_binary
1400.5025745926496,0.9998106,0.00047133575,3815360,eclipsing_binary
1400.5039634516384,0.99953556,0.0004712305,3815360,eclipsing_binary
1400.5053523110926,0.9994934,0.0004712694,3815360,eclipsing_binary
1400.506741170546,0.9995293,0.00047126555,3815360,eclipsing_binary
1400.5081300300003,1.000197,0.00047127338,3815360,eclipsing_binary
1400.5095188894547,0.9999628,0.00047134687,3815360,eclipsing_binary
1400.5109077489083,0.9997659,0.00047140312,3815360,eclipsing_binary
1400.5122966083618,0.9988204,0.0004711704,3815360,eclipsing_binary
1400.513685467816,0.9993955,0.00047136846,3815360,eclipsing_binary
1400.5150743272702,1.0007496,0.00047145103,3815360,eclipsing_binary
1400.5164631862583,0.99964595,0.00047122198,3815360,eclipsing_binary
1400.5178520457125,1.0002537,0.00047137745,3815360,eclipsing_binary
1400.5192409051667,1.0003715,0.0004714609,3815360,eclipsing_binary
1400.5206297646203,1.0002711,0.00047129282,3815360,eclipsing_binary
1400.5220186240745,1.0001824,0.00047133863,3815360,eclipsing_binary
1400.523407483529,0.9999055,0.0004713012,3815360,eclipsing_binary
1400.5247963425168,1.0002084,0.00047132352,3815360,eclipsing_binary
1400.526185201971,0.99976707,0.0004712778,3815360,eclipsing_binary
1400.5275740614252,0.9999022,0.00047135697,3815360,eclipsing_binary
1400.528962920879,1.0000798,0.00047126436,3815360,eclipsing_binary
1400.5303517803325,1.0002475,0.00047135403,3815360,eclipsing_binary
1400.531740639321,0.9998655,0.00047139142,3815360,eclipsing_binary
1400.5331294987755,1.00042,0.0004713236,3815360,eclipsing_binary
1400.534518358229,0.999209,0.0004713217,3815360,eclipsing_binary
1400.5359072176832,0.999234,0.00047114864,3815360,eclipsing_binary
1400.5372960766717,0.9978362,0.0004708457,3815360,eclipsing_binary
1400.5386849361253,0.99933267,0.00047129547,3815360,eclipsing_binary
1400.5400737955797,0.999747,0.00047125638,3815360,eclipsing_binary
1400.541462655034,0.9995884,0.00047121118,3815360,eclipsing_binary
1400.5428515140218,1.0002685,0.00047154352,3815360,eclipsing_binary
1400.544240373476,0.99930614,0.00047134023,3815360,eclipsing_binary
1400.5456292329304,1.0001388,0.00047143173,3815360,eclipsing_binary
1400.5470180919183,1.0000763,0.0004713212,3815360,eclipsing_binary
1400.5484069513718,1.0006012,0.0004713865,3815360,eclipsing_binary
1400.5497958108267,0.99916977,0.00047125184,3815360,eclipsing_binary
1400.5511846698162,0.99971557,0.000471281,3815360,eclipsing_binary
1400.5525735292697,0.9995696,0.0004712443,3815360,eclipsing_binary
1400.553962388724,0.99997574,0.00047144623,3815360,eclipsing_binary
1400.5553512477125,0.99909514,0.0004711549,3815360,eclipsing_binary
1400.5567401071662,1.0002916,0.00047137844,3815360,eclipsing_binary
1400.5581289666204,0.9996624,0.00047104328,3815360,eclipsing_binary
1400.559517825609,0.9999462,0.00047138717,3815360,eclipsing_binary
1400.5609066850625,1.0008914,0.0004715406,3815360,eclipsing_binary
1400.5622955440513,0.999771,0.00047125248,3815360,eclipsing_binary
1400.5636844035055,0.99963206,0.00047122367,3815360,eclipsing_binary
1400.5650732624933,1.0008003,0.0004712609,3815360,eclipsing_binary
1400.5664621219469,1.0006213,0.00047147533,3815360,eclipsing_binary
1400.567850981401,0.9999053,0.00047129515,3815360,eclipsing_binary
1400.5692398403899,0.999758,0.00047119142,3815360,eclipsing_binary
1400.5706286998434,1.0000783,0.0004712739,3815360,eclipsing_binary
1400.572017558832,0.9994798,0.00047112704,3815360,eclipsing_binary
1400.5734064182861,1.0005407,0.0004714668,3815360,eclipsing_binary
1400.5747952772742,0.9999935,0.00047132798,3815360,eclipsing_binary
1400.5761841367284,0.9998628,0.0004713094,3815360,eclipsing_binary
1400.577572995717,0.99904823,0.00047116276,3815360,eclipsing_binary
1400.5789618551705,0.99905515,0.00047104628,3815360,eclipsing_binary
1400.580350714159,0.9997817,0.0004713589,3815360,eclipsing_binary
1400.5817395736135,1.0007343,0.00047136095,3815360,eclipsing_binary
1400.5831284326014,0.99973315,0.00047139768,3815360,eclipsing_binary
1400.584517292055,1.0001574,0.00047138776,3815360,eclipsing_binary
1400.5859061510437,0.9997083,0.00047130077,3815360,eclipsing_binary
1400.5872950104979,0.9992293,0.00047116145,3815360,eclipsing_binary
1400.5886838694857,1.0000222,0.00047131407,3815360,eclipsing_binary
1400.59007272894,0.99883574,0.00047102405,3815360,eclipsing_binary
1400.5914615879287,0.9998522,0.00047128298,3815360,eclipsing_binary
1400.5928504469166,0.99953425,0.00047109407,3815360,eclipsing_binary
1400.5942393063708,0.9998493,0.00047112326,3815360,eclipsing_binary
1400.5956281653594,1.0000118,0.0004713408,3815360,eclipsing_binary
1400.5970170248129,0.9983553,0.00047086118,3815360,eclipsing_binary
1400.5984058838017,0.9994143,0.00047121776,3815360,eclipsing_binary
1400.5997947427902,0.9999967,0.0004712438,3815360,eclipsing_binary
1400.6011836022437,0.99885064,0.0004710216,3815360,eclipsing_binary
1400.6025724612316,0.99972427,0.00047111983,3815360,eclipsing_binary
1400.6039613206858,0.99988794,0.00047123496,3815360,eclipsing_binary
1400.6053501796746,0.9994836,0.00047126086,3815360,eclipsing_binary
1400.6067390386625,1.0001519,0.00047131995,3815360,eclipsing_binary
1400.6081278981167,0.9983725,0.00047106086,3815360,eclipsing_binary
1400.6095167571052,0.9993521,0.00047115324,3815360,eclipsing_binary
1400.6109056160933,0.99995965,0.00047130953,3815360,eclipsing_binary
1400.6122944755475,0.9993099,0.0004711373,3815360,eclipsing_binary
1400.613683334536,0.99943894,0.00047123354,3815360,eclipsing_binary
1400.6150721935242,0.9994164,0.00047115347,3815360,eclipsing_binary
1400.6164610525127,1.000105,0.0004712287,3815360,eclipsing_binary
1400.617849911967,1.0000834,0.00047125027,3815360,eclipsing_binary
1400.620627629945,0.9991137,0.00047113447,3815360,eclipsing_binary
1400.6220164889335,0.99947095,0.00047121293,3815360,eclipsing_binary
1400.623405348387,0.99958074,0.00047123057,3815360,eclipsing_binary
1400.6247942073749,0.99942905,0.0004711679,3815360,eclipsing_binary
1400.6261830663634,0.99991024,0.0004712926,3815360,eclipsing_binary
1400.6275719253522,1.0000083,0.00047124643,3815360,eclipsing_binary
1400.6289607848057,1.0000446,0.0004711099,3815360,eclipsing_binary
1400.6303496437943,1.0003765,0.00047143272,3815360,eclipsing_binary
1400.6317385027828,0.9996728,0.00047109445,3815360,eclipsing_binary
1400.633127361771,0.9990641,0.000471019,3815360,eclipsing_binary
1400.6345162207595,0.99969274,0.000471251,3815360,eclipsing_binary
1400.6359050802137,0.99943787,0.0004711681,3815360,eclipsing_binary
1400.6372939392018,0.9997238,0.0004712543,3815360,eclipsing_binary
1400.6386827981903,1.0006179,0.0004713282,3815360,eclipsing_binary
1400.6400716571789,1.0005504,0.00047138717,3815360,eclipsing_binary
1400.6414605161667,0.99985147,0.00047121028,3815360,eclipsing_binary
1400.6428493751546,0.99988973,0.00047123627,3815360,eclipsing_binary
1400.644238234609,1.0012994,0.0004714344,3815360,eclipsing_binary
1400.6456270935976,0.99945444,0.00047118455,3815360,eclipsing_binary
1400.648404811574,0.99982154,0.00047120682,3815360,eclipsing_binary
1400.6497936705628,1.0007106,0.00047153878,3815360,eclipsing_binary
1400.6511825295506,0.99933946,0.00047114707,3815360,eclipsing_binary
1400.6525713885392,1.0004989,0.00047142195,3815360,eclipsing_binary
1400.6539602475277,0.9997392,0.00047127673,3815360,eclipsing_binary
1400.6553491065156,0.9999065,0.0004712304,3815360,eclipsing_binary
1400.658126824493,0.9997443,0.0004713118,3815360,eclipsing_binary
1400.6595156834808,1.000026,0.00047139972,3815360,eclipsing_binary
1400.6636822609116,0.9991237,0.00047108807,3815360,eclipsing_binary
1400.6650711198995,1.0000924,0.00047134684,3815360,eclipsing_binary
1400.6664599788883,0.99962866,0.00047123665,3815360,eclipsing_binary
1400.6678488378768,0.9996821,0.00047105434,3815360,eclipsing_binary
1400.6692376968647,1.0001935,0.00047123994,3815360,eclipsing_binary
1400.6706265558532,0.9993851,0.00047104637,3815360,eclipsing_binary
1400.6734042733642,0.99940926,0.00047119628,3815360,eclipsing_binary
1400.6747931323528,0.999683,0.00047122166,3815360,eclipsing_binary
1400.6761819913413,1.0008374,0.0004713159,3815360,eclipsing_binary
1400.6775708503292,0.99982935,0.0004713753,3815360,eclipsing_binary
1400.678959709317,0.99979126,0.00047121663,3815360,eclipsing_binary
1400.6803485683058,0.99902284,0.00047096272,3815360,eclipsing_binary
1400.6817374272944,1.0001011,0.0004712571,3815360,eclipsing_binary
1400.6831262862822,0.999728,0.0004711871,3815360,eclipsing_binary
1400.6845151452708,0.9995556,0.00047124302,3815360,eclipsing_binary
1400.6859040042596,0.99916005,0.00047132108,3815360,eclipsing_binary
1400.687292863248,0.99931973,0.0004712244,3815360,eclipsing_binary
1400.6886817222373,1.0004231,0.00047128217,3815360,eclipsing_binary
1400.6914594397483,1.0007609,0.00047130903,3815360,eclipsing_binary
1400.6928482987369,0.9995806,0.0004711072,3815360,eclipsing_binary
1400.6956260167135,1.0001316,0.00047126014,3815360,eclipsing_binary
1400.6970148757014,0.99922806,0.00047116715,3815360,eclipsing_binary
1400.69840373469,0.9995618,0.000471314,3815360,eclipsing_binary
1400.6997925932128,1.000025,0.00047116296,3815360,eclipsing_binary
1400.7011814522007,1.0009224,0.00047147067,3815360,eclipsing_binary
1400.7025703111894,0.9990621,0.00047120522,3815360,eclipsing_binary
1400.703959170178,0.99883056,0.00047096753,3815360,eclipsing_binary
1400.7053480291659,0.9996708,0.00047122315,3815360,eclipsing_binary
1400.7067368876887,1.00025,0.00047109518,3815360,eclipsing_binary
1400.7081257466775,0.9998248,0.0004713395,3815360,eclipsing_binary
1400.7095146056654,1.0003042,0.00047138572,3815360,eclipsing_binary
1400.710903464654,0.99954367,0.0004711548,3815360,eclipsing_binary
1400.7220143351637,1.0004314,0.00047141456,3815360,eclipsing_binary
1400.7234031941516,1.000288,0.0004714474,3815360,eclipsing_binary
1400.7247920531404,1.0004517,0.00047146602,3815360,eclipsing_binary
1400.7261809116633,0.9998793,0.00047128243,3815360,eclipsing_binary
1400.7275697706511,0.999857,0.00047135504,3815360,eclipsing_binary
1400.7289586296397,0.999851,0.00047137888,3815360,eclipsing_binary
1400.7303474881628,0.99932766,0.00047122795,3815360,eclipsing_binary
1400.7317363471507,0.99958795,0.0004712721,3815360,eclipsing_binary
1400.7331252061392,0.9995837,0.00047130967,3815360,eclipsing_binary
1400.734514064662,0.99946827,0.00047130857,3815360,eclipsing_binary
1400.73590292365,1.0001454,0.00047146718,3815360,eclipsing_binary
1400.7372917826378,0.9995672,0.0004713081,3815360,eclipsing_binary
1400.738680641161,1.000282,0.00047150662,3815360,eclipsing_binary
1400.7400695001495,0.9992697,0.00047126107,3815360,eclipsing_binary
1400.7414583586717,0.99958557,0.0004714238,3815360,eclipsing_binary
1400.7428472176603,0.9994956,0.0004711897,3815360,eclipsing_binary
1400.7442360761834,0.9994741,0.00047128796,3815360,eclipsing_binary
1400.7456249351712,1.0003651,0.00047140702,3815360,eclipsing_binary
1400.7470137941598,1.0002702,0.00047141372,3815360,eclipsing_binary
1400.7484026526827,1.0005436,0.00047151282,3815360,eclipsing_binary
1400.7497915116708,1.0001656,0.00047148846,3815360,eclipsing_binary
1400.7511803701937,0.9997511,0.00047144198,3815360,eclipsing_binary
1400.7525692291822,1.000127,0.00047139332,3815360,eclipsing_binary
1400.7539580877046,1.0006268,0.0004715083,3815360,eclipsing_binary
1400.7553469466932,0.9998252,0.00047139564,3815360,eclipsing_binary
1400.7567358052167,0.99959373,0.0004712855,3815360,eclipsing_binary
1400.7581246642053,0.9997884,0.00047135007,3815360,eclipsing_binary
1400.7595135227275,0.9997687,0.00047138968,3815360,eclipsing_binary
1400.7609023817163,0.99952596,0.00047122472,3815360,eclipsing_binary
1400.7622912402392,0.99922156,0.00047118549,3815360,eclipsing_binary
1400.763680099227,0.99991536,0.000471418,3815360,eclipsing_binary
1400.76506895775,0.99960506,0.00047138004,3815360,eclipsing_binary
1400.7664578167387,0.99943644,0.00047125397,3815360,eclipsing_binary
1400.767846675261,0.9992157,0.00047128228,3815360,eclipsing_binary
1400.7692355337838,0.99907815,0.00047116593,3815360,eclipsing_binary
1400.7706243927723,1.0000222,0.00047137841,3815360,eclipsing_binary
1400.7720132512945,0.99964356,0.00047143945,3815360,eclipsing_binary
1400.7734021102826,0.9983911,0.00047117216,3815360,eclipsing_binary
1400.7747909688055,1.0006003,0.0004714876,3815360,eclipsing_binary
1400.7761798273284,0.99903816,0.0004712681,3815360,eclipsing_binary
1400.7775686863165,0.99900585,0.0004711005,3815360,eclipsing_binary
1400.7789575448394,0.99965197,0.0004713119,3815360,eclipsing_binary
1400.780346403828,0.99990815,0.00047145822,3815360,eclipsing_binary
1400.7817352623501,1.0003111,0.00047139984,3815360,eclipsing_binary
1400.7831241208733,1.0002196,0.00047140973,3815360,eclipsing_binary
1400.7845129798618,0.9999223,0.00047137312,3815360,eclipsing_binary
1400.785901838384,1.0004283,0.00047146968,3815360,eclipsing_binary
1400.787290696907,0.9996796,0.0004714499,3815360,eclipsing_binary
1400.7886795558957,1.0000901,0.00047142306,3815360,eclipsing_binary
1400.7900684144179,1.0003222,0.00047151654,3815360,eclipsing_binary
1400.79145727294,1.0000814,0.00047145956,3815360,eclipsing_binary
1400.7928461319286,0.9997149,0.0004714102,3815360,eclipsing_binary
1400.7942349904515,0.9992772,0.00047130766,3815360,eclipsing_binary
1400.7956238489737,1.0001612,0.00047142658,3815360,eclipsing_binary
1400.7970127074968,0.9999106,0.00047145947,3815360,eclipsing_binary
1400.7984015664854,1.000111,0.00047141258,3815360,eclipsing_binary
1400.7997904250076,0.9998625,0.00047130737,3815360,eclipsing_binary
1400.8011792835305,0.99975455,0.00047137996,3815360,eclipsing_binary
1400.8025681420536,0.99954015,0.00047134058,3815360,eclipsing_binary
1400.8039570010415,0.99961174,0.00047135612,3815360,eclipsing_binary
1400.8053458595643,0.9988131,0.00047118295,3815360,eclipsing_binary
1400.8067347180872,0.9997224,0.00047144748,3815360,eclipsing_binary
1400.8081235766097,0.9989659,0.00047119262,3815360,eclipsing_binary
1400.8095124351319,0.99956083,0.00047150053,3815360,eclipsing_binary
1400.8109012941204,0.9997392,0.0004712721,3815360,eclipsing_binary
1400.8122901526435,0.9991704,0.00047139745,3815360,eclipsing_binary
1400.8136790111657,0.9992808,0.0004712351,3815360,eclipsing_binary
1400.8150678696886,1.0000606,0.00047137288,3815360,eclipsing_binary
1400.8164567282115,0.99993265,0.0004714544,3815360,eclipsing_binary
1400.8178455871994,0.9994838,0.00047134038,3815360,eclipsing_binary
1400.8192344457225,0.99930596,0.00047127035,3815360,eclipsing_binary
1400.820623304246,1.0003896,0.0004715375,3815360,eclipsing_binary
1400.822012162769,0.9999158,0.00047132507,3815360,eclipsing_binary
1400.8234010212918,0.99982363,0.00047137841,3815360,eclipsing_binary
1400.824789879815,0.99930567,0.00047129556,3815360,eclipsing_binary
1400.8261787383371,0.9996007,0.00047127047,3815360,eclipsing_binary
1400.8275675968594,0.9991234,0.00047131244,3815360,eclipsing_binary
1400.828956455848,0.9999556,0.00047135825,3815360,eclipsing_binary
1400.8303453143708,1.000022,0.00047135795,3815360,eclipsing_binary
1400.8317341728932,1.0001038,0.00047145004,3815360,eclipsing_binary
1400.833123031416,0.9988788,0.0004711486,3815360,eclipsing_binary
1400.834511889939,0.9994155,0.00047129812,3815360,eclipsing_binary
1400.8359007484614,1.0001994,0.00047152504,3815360,eclipsing_binary
1400.8372896069843,1.0007414,0.00047164818,3815360,eclipsing_binary
1400.8386784655072,1.0001274,0.00047154698,3815360,eclipsing_binary
1400.8400673240294,1.0001968,0.00047153045,3815360,eclipsing_binary
1400.8414561825525,0.9998106,0.0004715405,3815360,eclipsing_binary
1400.8428450410754,0.9996438,0.00047144303,3815360,eclipsing_binary
1400.8442338995976,0.9997487,0.00047133505,3815360,eclipsing_binary
1400.8456227581205,0.999402,0.00047142248,3815360,eclipsing_binary
1400.8470116166436,1.0000912,0.00047142888,3815360,eclipsing_binary
1400.8484004751658,0.9996207,0.0004714042,3815360,eclipsing_binary
1400.849789333688,1.0000091,0.00047154422,3815360,eclipsing_binary
1400.851178192211,0.9994833,0.0004714456,3815360,eclipsing_binary
1400.8525670507338,0.9997783,0.00047137975,3815360,eclipsing_binary
1400.8539559092562,0.99982625,0.00047143153,3815360,eclipsing_binary
1400.8553447677791,0.99932104,0.00047140536,3815360,eclipsing_binary
1400.856733626302,1.0001106,0.00047151497,3815360,eclipsing_binary
1400.8581224848242,1.0007387,0.00047160054,3815360,eclipsing_binary
1400.859511343347,0.9993998,0.00047127935,3815360,eclipsing_binary
1400.8609002018702,1.0003111,0.0004715931,3815360,eclipsing_binary
1400.8622890603924,1.0002353,0.00047163523,3815360,eclipsing_binary
1400.8636779184496,0.999723,0.00047143924,3815360,eclipsing_binary
1400.8650667769725,1.0001159,0.00047146232,3815360,eclipsing_binary
1400.866455635495,1.0000249,0.00047155147,3815360,eclipsing_binary
1400.8678444940172,1.0005324,0.00047159658,3815360,eclipsing_binary
1400.86923335254,0.99925894,0.00047140275,3815360,eclipsing_binary
1400.8706222110632,0.9998278,0.00047150961,3815360,eclipsing_binary
1400.8720110695854,0.99913234,0.00047126392,3815360,eclipsing_binary
1400.8733999281083,0.99936265,0.00047145286,3815360,eclipsing_binary
1400.8747887861655,1.000417,0.00047154468,3815360,eclipsing_binary
1400.8761776446877,0.99966544,0.00047141378,3815360,eclipsing_binary
1400.8775665032108,0.9994636,0.00047155036,3815360,eclipsing_binary
1400.8789553617337,0.9993419,0.00047131558,3815360,eclipsing_binary
1400.880344220256,0.9988662,0.00047134658,3815360,eclipsing_binary
1400.8817330787788,0.99973804,0.00047157807,3815360,eclipsing_binary
1400.8831219368362,0.9993326,0.0004714299,3815360,eclipsing_binary
1400.8845107953584,0.99974006,0.00047162746,3815360,eclipsing_binary
1400.8858996538813,0.99950397,0.00047144352,3815360,eclipsing_binary
1400.8872885124051,1.0003111,0.0004716638,3815360,eclipsing_binary
1400.8886773704623,1.0000678,0.0004715139,3815360,eclipsing_binary
1400.8900662289846,0.9995603,0.00047151698,3815360,eclipsing_binary
1400.8914550875074,0.99986917,0.00047158386,3815360,eclipsing_binary
1400.8928439460303,0.999718,0.00047154253,3815360,eclipsing_binary
1400.894232804087,0.9987151,0.00047139084,3815360,eclipsing_binary
1400.89562166261,1.0000473,0.00047161512,3815360,eclipsing_binary
1400.8970105211329,0.999062,0.0004714497,3815360,eclipsing_binary
1400.898399379655,1.0000415,0.00047158857,3815360,eclipsing_binary
1400.8997882377125,1.0001659,0.00047161165,3815360,eclipsing_binary
1400.9011770962354,0.9998394,0.0004716509,3815360,eclipsing_binary
1400.9025659547576,0.99853384,0.00047144026,3815360,eclipsing_binary
1400.9039548128142,0.9998607,0.00047166325,3815360,eclipsing_binary
1400.905343671337,0.99974173,0.00047166788,3815360,eclipsing_binary
1400.9067325298602,1.0005057,0.00047171267,3815360,eclipsing_binary
1400.9081213879167,1.0004398,0.00047181477,3815360,eclipsing_binary
1400.9095102464396,1.0003295,0.00047159844,3815360,eclipsing_binary
1400.9108991049625,0.99946505,0.00047166186,3815360,eclipsing_binary
1400.9122879630193,0.9998501,0.00047163875,3815360,eclipsing_binary
1400.9136768215421,1.0006291,0.00047173805,3815360,eclipsing_binary
1400.915065680065,0.99977165,0.00047188153,3815360,eclipsing_binary
1400.9164545381216,0.9993012,0.00047160138,3815360,eclipsing_binary
1400.9178433966445,0.9999402,0.0004716055,3815360,eclipsing_binary
1400.919232254702,0.99937576,0.0004716398,3815360,eclipsing_binary
1400.9206211132241,0.99931985,0.00047155796,3815360,eclipsing_binary
1400.9220099717463,1.0001248,0.0004716662,3815360,eclipsing_binary
1400.9233988298038,0.99894637,0.00047142248,3815360,eclipsing_binary
1400.9247876883267,0.99927366,0.00047157193,3815360,eclipsing_binary
1400.9261765463832,1.0003206,0.0004716839,3815360,eclipsing_binary
1400.927565404906,0.99996394,0.00047164728,3815360,eclipsing_binary
1400.9289542629635,0.99949753,0.0004715195,3815360,eclipsing_binary
1400.9303431214857,0.99987733,0.00047156302,3815360,eclipsing_binary
1400.931731979543,0.9995329,0.0004717032,3815360,eclipsing_binary
1400.9331208380659,0.99961007,0.00047141823,3815360,eclipsing_binary
1400.9345096961224,0.99999493,0.0004716226,3815360,eclipsing_binary
1400.9358985546455,0.99947345,0.0004715276,3815360,eclipsing_binary
1400.9372874127027,1.0005814,0.00047171596,3815360,eclipsing_binary
1400.938676271225,0.9991276,0.00047146296,3815360,eclipsing_binary
1400.9400651292817,1.0007102,0.00047177754,3815360,eclipsing_binary
1400.9414539878046,0.9998745,0.00047158077,3815360,eclipsing_binary
1400.9428428458618,1.0001395,0.00047168686,3815360,eclipsing_binary
1400.944231704384,1.0005949,0.00047167868,3815360,eclipsing_binary
1400.9456205624415,0.9992309,0.00047142297,3815360,eclipsing_binary
1400.9470094209644,0.9996542,0.0004715212,3815360,eclipsing_binary
1400.948398279021,0.99974114,0.00047151482,3815360,eclipsing_binary
1400.9497871375445,1.0000792,0.000471503,3815360,eclipsing_binary
1400.9511759956026,0.9995964,0.00047142906,3815360,eclipsing_binary
1400.9525648536592,0.9997035,0.00047156296,3815360,eclipsing_binary
1400.953953712182,1.0003704,0.00047171465,3815360,eclipsing_binary
1400.9553425702393,0.9999025,0.00047153397,3815360,eclipsing_binary
1400.9567314287615,0.9998436,0.00047161727,3815360,eclipsing_binary
1400.958120286819,0.99948037,0.00047157163,3815360,eclipsing_binary
1400.9595091448762,1.000336,0.00047162164,3815360,eclipsing_binary
1400.9608980033984,0.9995704,0.00047150833,3815360,eclipsing_binary
1400.962286861455,0.9997958,0.00047144992,3815360,eclipsing_binary
1400.9636757199778,0.9995618,0.00047169978,3815360,eclipsing_binary
1400.9650645780353,0.9996886,0.0004714666,3815360,eclipsing_binary
1400.9664534360918,0.9994017,0.00047141896,3815360,eclipsing_binary
1400.9678422946147,0.9996991,0.00047147466,3815360,eclipsing_binary
1400.969231152672,0.99961716,0.0004715584,3815360,eclipsing_binary
1400.9706200107287,0.99989927,0.00047143054,3815360,eclipsing_binary
1400.972008868786,0.9998274,0.00047145545,3815360,eclipsing_binary
1400.9733977273088,0.99974847,0.00047155083,3815360,eclipsing_binary
1400.9747865853656,0.9995664,0.0004714696,3815360,eclipsing_binary
1400.9761754434228,0.99956816,0.0004713068,3815360,eclipsing_binary
1400.9775643019457,0.99946004,0.00047141683,3815360,eclipsing_binary
1400.9789531600022,0.99988085,0.00047141148,3815360,eclipsing_binary
1400.9803420180588,0.999419,0.00047135132,3815360,eclipsing_binary
1400.9817308761162,0.9992101,0.00047144218,3815360,eclipsing_binary
1400.983119734639,1.0003334,0.00047163968,3815360,eclipsing_binary
1400.9845085926956,1.0006212,0.0004716285,3815360,eclipsing_binary
1400.9858974507529,1.0002717,0.00047159573,3815360,eclipsing_binary
1400.9872863088103,0.99975294,0.00047137038,3815360,eclipsing_binary
1400.9886751673325,0.99965954,0.0004713512,3815360,eclipsing_binary
1400.9900640253898,0.9993085,0.000471389,3815360,eclipsing_binary
1400.991452883447,0.998641,0.00047115213,3815360,eclipsing_binary
1400.9928417415035,1.0001096,0.0004715235,3815360,eclipsing_binary
1400.994230599561,1.00045,0.00047159818,3815360,eclipsing_binary
1400.9956194580839,1.0002047,0.0004714914,3815360,eclipsing_binary
1400.9970083161404,1.0003288,0.0004715493,3815360,eclipsing_binary
1400.9983971741972,0.999819,0.00047128837,3815360,eclipsing_binary
1400.9997860322544,1.0005165,0.0004715431,3815360,eclipsing_binary
1401.0011748903116,1.0002564,0.00047141343,3815360,eclipsing_binary
1401.0025637483682,0.99994636,0.0004714175,3815360,eclipsing_binary
1401.0039526064256,1.0005776,0.00047163683,3815360,eclipsing_binary
1401.0053414649485,0.9986243,0.00047129494,3815360,eclipsing_binary
1401.006730323005,0.9987664,0.00047113904,3815360,eclipsing_binary
1401.0081191810623,0.9999487,0.0004715065,3815360,eclipsing_binary
1401.0095080391195,0.9999115,0.00047149468,3815360,eclipsing_binary
1401.0108968971763,1.0001842,0.00047142128,3815360,eclipsing_binary
1401.0122857552342,1.000124,0.00047143202,3815360,eclipsing_binary
1401.013674613292,0.9994662,0.00047136456,3815360,eclipsing_binary
1401.0150634713486,1.0006961,0.00047156072,3815360,eclipsing_binary
1401.0164523294052,0.99915624,0.00047124116,3815360,eclipsing_binary
1401.0178411874626,0.99916565,0.00047129346,3815360,eclipsing_binary
1401.0192300455199,0.99984676,0.00047144573,3815360,eclipsing_binary
1401.020618904042,0.9992962,0.00047116142,3815360,eclipsing_binary
1401.0220077620993,0.99958736,0.00047132207,3815360,eclipsing_binary
1401.0233966201567,1.000197,0.00047153674,3815360,eclipsing_binary
1401.0247854782133,0.9999707,0.00047142425,3815360,eclipsing_binary
1401.0261743362705,0.9993171,0.00047132134,3815360,eclipsing_binary
1401.0275631943277,0.9988359,0.0004711981,3815360,eclipsing_binary
1401.0289520523845,1.0002899,0.000471498,3815360,eclipsing_binary
1401.0303409104417,1.0001287,0.00047150796,3815360,eclipsing_binary
1401.031729768499,1.0004898,0.0004714879,3815360,eclipsing_binary
1401.0331186265557,1.0000466,0.00047130615,3815360,eclipsing_binary
1401.0345074846123,0.9995784,0.00047142306,3815360,eclipsing_binary
1401.0358963422038,1.0001795,0.0004713502,3815360,eclipsing_binary
1401.037285200261,1.0000678,0.0004713438,3815360,eclipsing_binary
1401.0386740583176,0.99979997,0.00047127207,3815360,eclipsing_binary
1401.040062916375,1.0000182,0.0004713234,3815360,eclipsing_binary
1401.0414517744323,0.9998786,0.0004713129,3815360,eclipsing_binary
1401.0428406324888,1.0000532,0.00047151558,3815360,eclipsing_binary
1401.044229490546,0.9996841,0.000471381,3815360,eclipsing_binary
1401.0456183486035,0.9997222,0.00047136875,3815360,eclipsing_binary
1401.04700720666,1.0000322,0.00047141072,3815360,eclipsing_binary
1401.0483960647173,0.9990425,0.00047116756,3815360,eclipsing_binary
1401.0497849227745,1.0000949,0.00047137326,3815360,eclipsing_binary
1401.051173780831,0.99999017,0.00047133196,3815360,eclipsing_binary
1401.0525626384222,1.0008746,0.00047165118,3815360,eclipsing_binary
1401.0539514964794,0.9994638,0.00047126508,3815360,eclipsing_binary
1401.0553403545366,0.99927986,0.0004712852,3815360,eclipsing_binary
1401.0567292125934,0.99923795,0.0004712037,3815360,eclipsing_binary
1401.0581180706506,1.0001608,0.0004713595,3815360,eclipsing_binary
1401.0595069287078,0.9988229,0.00047117972,3815360,eclipsing_binary
1401.0608957862987,0.9999683,0.00047138685,3815360,eclipsing_binary
1401.0622846443562,0.9993314,0.00047131995,3815360,eclipsing_binary
1401.0636735024134,0.99930024,0.00047116715,3815360,eclipsing_binary
1401.06506236047,1.0001526,0.00047140333,3815360,eclipsing_binary
1401.0664512185272,1.0007048,0.00047148953,3815360,eclipsing_binary
1401.067840076119,0.9998851,0.00047131785,3815360,eclipsing_binary
1401.0692289341755,0.9999259,0.00047128715,3815360,eclipsing_binary
1401.0706177922327,1.0001295,0.0004713019,3815360,eclipsing_binary
1401.07200665029,0.9997268,0.0004712694,3815360,eclipsing_binary
1401.0733955083474,1.0002432,0.00047141477,3815360,eclipsing_binary
1401.074784365939,1.0002917,0.0004715145,3815360,eclipsing_binary
1401.0761732239962,0.9992875,0.00047127553,3815360,eclipsing_binary
1401.0775620820534,0.9993618,0.0004713066,3815360,eclipsing_binary
1401.0789509396443,1.0001131,0.0004713691,3815360,eclipsing_binary
1401.0803397977015,1.0004414,0.00047139084,3815360,eclipsing_binary
1401.081728655759,1.000019,0.00047136587,3815360,eclipsing_binary
1401.0831175138155,0.99994713,0.00047135146,3815360,eclipsing_binary
1401.084506371407,0.9998209,0.00047126738,3815360,eclipsing_binary
1401.0858952294643,1.0001279,0.00047133226,3815360,eclipsing_binary
1401.087284087521,0.99950224,0.00047122184,3815360,eclipsing_binary
1401.0886729451126,1.0002687,0.00047137152,3815360,eclipsing_binary
1401.0900618031699,0.99973905,0.0004711803,3815360,eclipsing_binary
1401.0914506612266,0.9998005,0.00047146366,3815360,eclipsing_binary
1401.0928395188175,1.00022,0.00047138505,3815360,eclipsing_binary
1401.0942283768748,0.99982554,0.00047138822,3815360,eclipsing_binary
1401.095617234932,1.0004237,0.00047136683,3815360,eclipsing_binary
1401.0970060925229,0.99943197,0.00047128208,3815360,eclipsing_binary
1401.0983949505803,0.99940926,0.00047125053,3815360,eclipsing_binary
1401.0997838081719,1.0003124,0.0004714321,3815360,eclipsing_binary
1401.1011726662284,0.99948305,0.00047131724,3815360,eclipsing_binary
1401.1025615242856,1.0004565,0.00047144416,3815360,eclipsing_binary
1401.1039503818774,0.99956095,0.00047111907,3815360,eclipsing_binary
1401.105339239934,1.0001351,0.00047142728,3815360,eclipsing_binary
1401.1067280975255,0.99992824,0.0004713213,3815360,eclipsing_binary
1401.1081169555828,0.99929583,0.00047119742,3815360,eclipsing_binary
1401.1095058131737,0.9999062,0.00047132032,3815360,eclipsing_binary
1401.1108946712304,1.0002866,0.00047139343,3815360,eclipsing_binary
1401.1122835292877,0.9991748,0.0004712282,3815360,eclipsing_binary
1401.1136723868792,0.9998633,0.00047124075,3815360,eclipsing_binary
1401.115061244936,0.9992135,0.00047123196,3815360,eclipsing_binary
1401.1164501025276,1.0000173,0.00047131997,3815360,eclipsing_binary
1401.1178389605848,0.99990743,0.00047131136,3815360,eclipsing_binary
1401.1192278181757,0.99931335,0.00047120856,3815360,eclipsing_binary
1401.120616676233,1.0002569,0.00047136104,3815360,eclipsing_binary
1401.1220055338247,0.99965364,0.00047142216,3815360,eclipsing_binary
1401.1233943918812,1.0008507,0.00047149914,3815360,eclipsing_binary
1401.1247832494728,0.9997353,0.0004712239,3815360,eclipsing_binary
1401.1261721075302,0.99952143,0.00047127146,3815360,eclipsing_binary
1401.1275609651211,0.9998219,0.00047132903,3815360,eclipsing_binary
1401.1289498231777,0.9988885,0.00047125958,3815360,eclipsing_binary
1401.1303386807692,0.99969876,0.00047126802,3815360,eclipsing_binary
1401.1317275383608,0.99962705,0.00047119445,3815360,eclipsing_binary
1401.1331163964173,1.0002581,0.0004713459,3815360,eclipsing_binary
1401.1345052540098,1.0005583,0.00047141686,3815360,eclipsing_binary
1401.1358941120677,0.9998974,0.00047132798,3815360,eclipsing_binary
1401.1372829696586,1.0001421,0.00047131997,3815360,eclipsing_binary
1401.1386718272502,0.9993856,0.00047118985,3815360,eclipsing_binary
1401.1400606853076,1.0002651,0.0004713184,3815360,eclipsing_binary
1401.1414495428985,1.0001953,0.0004712931,3815360,eclipsing_binary
1401.1428384009557,0.99965,0.00047124265,3815360,eclipsing_binary
1401.1442272585473,0.99994826,0.00047127577,3815360,eclipsing_binary
1401.1456161161384,0.9996332,0.0004713045,3815360,eclipsing_binary
1401.147004974195,1.0007591,0.0004714756,3815360,eclipsing_binary
1401.1483938317865,1.0002453,0.00047142844,3815360,eclipsing_binary
1401.1497826893783,0.9999329,0.00047122233,3815360,eclipsing_binary
1401.1511715474348,1.000505,0.00047140365,3815360,eclipsing_binary
1401.1525604050264,0.9996497,0.0004713619,3815360,eclipsing_binary
1401.153949262618,1.0000529,0.0004713074,3815360,eclipsing_binary
1401.1553381206745,0.99900347,0.000471087,3815360,eclipsing_binary
1401.1567269782663,1.0001328,0.00047133406,3815360,eclipsing_binary
1401.1581158358579,0.999319,0.00047117137,3815360,eclipsing_binary
1401.1595046939144,0.99990666,0.0004713683,3815360,eclipsing_binary
1401.160893551506,0.9996932,0.00047118732,3815360,eclipsing_binary
1401.1622824090978,1.0003334,0.00047128208,3815360,eclipsing_binary
1401.1636712666887,0.99993795,0.00047123284,3815360,eclipsing_binary
1401.1650601247452,0.9995952,0.0004711278,3815360,eclipsing_binary
1401.166448982337,0.9999711,0.0004714191,3815360,eclipsing_binary
1401.1678378399286,0.99971235,0.00047131322,3815360,eclipsing_binary
1401.1692266975194,0.99941796,0.0004712435,3815360,eclipsing_binary
1401.1706155555767,0.9996159,0.00047117705,3815360,eclipsing_binary
1401.1720044131682,0.99897826,0.00047116875,3815360,eclipsing_binary
1401.1733932707593,0.99945533,0.00047116863,3815360,eclipsing_binary
1401.174782128351,1.0000958,0.0004713819,3815360,eclipsing_binary
1401.1761709859425,0.9993728,0.0004711803,3815360,eclipsing_binary
1401.177559843999,1.0001025,0.0004712541,3815360,eclipsing_binary
1401.1789487015908,1.0010502,0.00047145976,3815360,eclipsing_binary
1401.1803375591824,0.9993714,0.00047122224,3815360,eclipsing_binary
1401.1817264167732,0.9996131,0.0004712763,3815360,eclipsing_binary
1401.1831152743641,0.9999307,0.00047131997,3815360,eclipsing_binary
1401.1845041324214,0.99926656,0.00047126427,3815360,eclipsing_binary
1401.1858929900131,1.0002047,0.00047142094,3815360,eclipsing_binary
1401.187281847604,0.99975014,0.0004711177,3815360,eclipsing_binary
1401.1886707051956,0.999411,0.0004711685,3815360,eclipsing_binary
1401.1900595627872,1.0003421,0.00047140082,3815360,eclipsing_binary
1401.1914484203783,0.99928325,0.0004711185,3815360,eclipsing_binary
1401.1928372779698,0.99941015,0.0004712396,3815360,eclipsing_binary
1401.194226135562,0.99943256,0.00047122728,3815360,eclipsing_binary
1401.1956149931539,1.0007738,0.00047129556,3815360,eclipsing_binary
1401.197003851211,1.0002825,0.00047135045,3815360,eclipsing_binary
1401.1983927088027,0.99924827,0.00047117646,3815360,eclipsing_binary
1401.1997815663935,0.9993021,0.00047121444,3815360,eclipsing_binary
1401.2011704239853,1.0007765,0.00047137227,3815360,eclipsing_binary
1401.202559281577,0.99976546,0.00047116497,3815360,eclipsing_binary
1401.2039481391678,0.9992875,0.0004711862,3815360,eclipsing_binary
1401.2053369967587,0.99945325,0.00047109407,3815360,eclipsing_binary
1401.2067258543502,0.9991667,0.00047105315,3815360,eclipsing_binary
1401.208114711942,0.99963653,0.00047136552,3815360,eclipsing_binary
1401.209503569533,0.999629,0.00047117245,3815360,eclipsing_binary
1401.2108924271245,0.99881697,0.00047111858,3815360,eclipsing_binary
1401.212281284716,1.0002013,0.00047134972,3815360,eclipsing_binary
1401.213670142307,0.999618,0.0004712388,3815360,eclipsing_binary
1401.2150589998987,0.9996195,0.0004712609,3815360,eclipsing_binary
1401.2164478574903,0.9995743,0.00047129949,3815360,eclipsing_binary
1401.2178367150811,0.9999911,0.00047117102,3815360,eclipsing_binary
1401.2192255726727,0.99916697,0.0004711414,3815360,eclipsing_binary
1401.2206144302645,0.9998004,0.0004713425,3815360,eclipsing_binary
1401.2220032878554,0.9998695,0.0004712032,3815360,eclipsing_binary
1401.2233921454463,0.9994324,0.0004712279,3815360,eclipsing_binary
1401.224781003038,0.99955374,0.00047123947,3815360,eclipsing_binary
1401.2261698606296,1.0006294,0.00047144148,3815360,eclipsing_binary
1401.2275587182205,0.99931604,0.00047121992,3815360,eclipsing_binary
1401.2289475753464,1.0004463,0.00047130883,3815360,eclipsing_binary
1401.230336432938,0.99992734,0.0004712819,3815360,eclipsing_binary
1401.231725290529,0.9999005,0.00047131846,3815360,eclipsing_binary
1401.2331141481206,0.99979,0.0004711281,3815360,eclipsing_binary
1401.2345030057122,0.99956244,0.00047113502,3815360,eclipsing_binary
1401.235891863303,0.99897987,0.00047116913,3815360,eclipsing_binary
1401.237280720895,1.000616,0.00047131118,3815360,eclipsing_binary
1401.2386695784865,0.99975646,0.00047128287,3815360,eclipsing_binary
1401.2400584360773,0.9991868,0.00047104663,3815360,eclipsing_binary
1401.2414472932026,0.9998163,0.00047123313,3815360,eclipsing_binary
1401.2428361507941,0.9995095,0.00047125993,3815360,eclipsing_binary
1401.244225008386,0.9996239,0.0004712781,3815360,eclipsing_binary
1401.2456138659768,1.0001523,0.0004712661,3815360,eclipsing_binary
1401.2470027235684,0.9996983,0.00047130688,3815360,eclipsing_binary
1401.2483915806943,0.9997021,0.00047131808,3815360,eclipsing_binary
1401.2497804382854,1.0001795,0.0004713105,3815360,eclipsing_binary
1401.251169295877,0.99988294,0.00047128255,3815360,eclipsing_binary
1401.2525581534685,1.0005834,0.00047139227,3815360,eclipsing_binary
1401.25394701106,1.0001186,0.00047127798,3815360,eclipsing_binary
1401.2553358681869,0.99973536,0.0004712147,3815360,eclipsing_binary
1401.2567247257784,0.99963534,0.00047128604,3815360,eclipsing_binary
1401.2581135833693,0.99940485,0.0004712115,3815360,eclipsing_binary
1401.2595024409602,0.9998559,0.00047118534,3815360,eclipsing_binary
1401.2608912980863,0.9992195,0.00047105664,3815360,eclipsing_binary
1401.262280155678,0.9998145,0.00047117783,3815360,eclipsing_binary
1401.2636690132688,0.9997879,0.0004712474,3815360,eclipsing_binary
1401.2650578708603,0.9995778,0.00047116546,3815360,eclipsing_binary
1401.2664467279865,1.0000949,0.00047123642,3815360,eclipsing_binary
1401.2678355855774,1.0003144,0.00047138138,3815360,eclipsing_binary
1401.269224443169,0.99931014,0.0004711552,3815360,eclipsing_binary
1401.2706133002948,0.99958557,0.00047117873,3815360,eclipsing_binary
1401.2720021578857,1.0007653,0.00047132268,3815360,eclipsing_binary
1401.2733910154775,1.0001488,0.00047136814,3815360,eclipsing_binary
1401.2747798726034,0.99937654,0.00047113525,3815360,eclipsing_binary
1401.2761687301943,0.9998653,0.00047126113,3815360,eclipsing_binary
1401.2775575877854,0.99950373,0.0004710722,3815360,eclipsing_binary
1401.2789464449113,1.0001242,0.00047123237,3815360,eclipsing_binary
1401.2803353025029,1.0000808,0.00047130033,3815360,eclipsing_binary
1401.2817241600937,0.9990929,0.00047110155,3815360,eclipsing_binary
1401.2831130172199,1.0003632,0.00047132428,3815360,eclipsing_binary
1401.2845018748114,0.9992465,0.0004710946,3815360,eclipsing_binary
1401.2858907324023,0.9993287,0.000471224,3815360,eclipsing_binary
1401.2872795895282,1.0000511,0.00047135947,3815360,eclipsing_binary
1401.28866844712,0.9992564,0.0004712676,3815360,eclipsing_binary
1401.2900573042452,0.99987745,0.0004713119,3815360,eclipsing_binary
1401.2914461618368,0.99962085,0.00047131052,3815360,eclipsing_binary
1401.2928350189627,1.0002575,0.0004713113,3815360,eclipsing_binary
1401.2942238765536,1.0002221,0.00047125845,3815360,eclipsing_binary
1401.2956127341445,1.000078,0.00047133802,3815360,eclipsing_binary
1401.2970015912706,0.999225,0.0004711123,3815360,eclipsing_binary
1401.2983904488622,0.9992676,0.00047102355,3815360,eclipsing_binary
1401.2997793059874,0.9996517,0.0004712446,3815360,eclipsing_binary
1401.301168163579,1.0008702,0.0004715237,3815360,eclipsing_binary
1401.302557020705,0.99897397,0.00047097323,3815360,eclipsing_binary
1401.303945878296,1.0000345,0.00047136744,3815360,eclipsing_binary
1401.3053347354219,0.99966943,0.00047125216,3815360,eclipsing_binary
1401.3067235930134,0.99887127,0.0004710201,3815360,eclipsing_binary
1401.3081124501389,0.99979556,0.00047125953,3815360,eclipsing_binary
1401.3095013077304,1.0004588,0.00047136642,3815360,eclipsing_binary
1401.310890164857,1.0002356,0.0004713434,3815360,eclipsing_binary
1401.3122790224488,0.99999475,0.00047131276,3815360,eclipsing_binary
1401.3136678795747,0.9995997,0.00047125513,3815360,eclipsing_binary
1401.3150567371663,1.0002388,0.00047128912,3815360,eclipsing_binary
1401.3164455942915,1.0007092,0.00047133505,3815360,eclipsing_binary
1401.3178344518824,1.0007496,0.0004713817,3815360,eclipsing_binary
1401.3192233090085,0.9997846,0.0004712646,3815360,eclipsing_binary
1401.3206121661344,0.9987114,0.00047100076,3815360,eclipsing_binary
1401.3220010237253,0.9985792,0.00047102035,3815360,eclipsing_binary
1401.3233898808512,0.99992144,0.00047128205,3815360,eclipsing_binary
1401.324778738443,0.99979603,0.00047135397,3815360,eclipsing_binary
1401.3261675955682,0.9999592,0.00047120187,3815360,eclipsing_binary
1401.3275564526941,0.9999363,0.00047149748,3815360,eclipsing_binary
1401.3289453102857,0.9998145,0.00047120883,3815360,eclipsing_binary
1401.330334167411,0.9995772,0.00047119934,3815360,eclipsing_binary
1401.3317230250027,1.0004051,0.0004713135,3815360,eclipsing_binary
1401.3331118821286,0.9996158,0.00047115042,3815360,eclipsing_binary
1401.3345007392538,1.0003371,0.00047135024,3815360,eclipsing_binary
1401.335889596845,0.99978536,0.00047126252,3815360,eclipsing_binary
1401.3372784539708,0.9995439,0.0004712162,3815360,eclipsing_binary
1401.3386673110967,0.9998755,0.00047131366,3815360,eclipsing_binary
1401.3400561686876,0.999148,0.00047108985,3815360,eclipsing_binary
1401.3414450258138,1.0001158,0.0004713,3815360,eclipsing_binary
1401.3428338829397,0.99965745,0.0004711428,3815360,eclipsing_binary
1401.3442227400649,0.99984896,0.00047130758,3815360,eclipsing_binary
1401.3456115976564,1.0000046,0.00047135484,3815360,eclipsing_binary
1401.3470004547826,0.999365,0.00047123834,3815360,eclipsing_binary
1401.3483893119078,1.0002162,0.00047123994,3815360,eclipsing_binary
1401.3497781694994,0.9996376,0.0004712245,3815360,eclipsing_binary
1401.3511670266253,0.9995516,0.0004711172,3815360,eclipsing_binary
1401.3525558837505,1.0001802,0.00047119445,3815360,eclipsing_binary
1401.3539447408757,0.99996144,0.0004713066,3815360,eclipsing_binary
1401.3553335984675,1.0003965,0.00047131124,3815360,eclipsing_binary
1401.3567224555934,1.0006049,0.00047132178,3815360,eclipsing_binary
1401.3581113127186,0.9994776,0.00047115248,3815360,eclipsing_binary
1401.3595001698445,0.9993491,0.00047111386,3815360,eclipsing_binary
1401.3608890269707,0.9994105,0.00047112082,3815360,eclipsing_binary
1401.3622778845615,0.99976534,0.00047124753,3815360,eclipsing_binary
1401.3636667416874,0.99921674,0.0004711146,3815360,eclipsing_binary
1401.3650555988133,1.0002184,0.00047119797,3815360,eclipsing_binary
1401.3664444559388,0.9999955,0.00047126028,3815360,eclipsing_binary
1401.3678333130647,1.0000114,0.0004712686,3815360,eclipsing_binary
1401.369222170657,0.9998004,0.00047132268,3815360,eclipsing_binary
1401.370611027783,0.9996532,0.00047112393,3815360,eclipsing_binary
1401.3719998849083,0.9998957,0.00047135644,3815360,eclipsing_binary
1401.3733887420342,0.9995115,0.00047116197,3815360,eclipsing_binary
1401.37477759916,0.9995128,0.00047119343,3815360,eclipsing_binary
1401.3761664562853,0.99955904,0.00047120714,3815360,eclipsing_binary
1401.3775553134114,0.9998004,0.00047115175,3815360,eclipsing_binary
1401.3789441705374,1.000085,0.00047126532,3815360,eclipsing_binary
1401.3803330281282,1.0010241,0.00047140376,3815360,eclipsing_binary
1401.3817218852541,1.0002438,0.00047131412,3815360,eclipsing_binary
1401.3831107423803,0.999855,0.00047121503,3815360,eclipsing_binary
1401.3844995995055,0.9993573,0.00047120915,3815360,eclipsing_binary
1401.3858884566314,0.99988276,0.00047130557,3815360,eclipsing_binary
1401.3872773137573,0.99965364,0.00047125955,3815360,eclipsing_binary
1401.3886661708827,0.9997338,0.0004712198,3815360,eclipsing_binary
1401.390055028008,0.9996823,0.00047124585,3815360,eclipsing_binary
1401.3914438851339,0.9996857,0.000471196,3815360,eclipsing_binary
1401.3928327422598,0.999744,0.0004712342,3815360,eclipsing_binary
1401.3942215993852,1.0003889,0.00047127143,3815360,eclipsing_binary
1401.3956104565111,1.0000745,0.0004712951,3815360,eclipsing_binary
1401.396999313637,0.9995445,0.000471289,3815360,eclipsing_binary
1401.3983881707622,1.0002713,0.00047131942,3815360,eclipsing_binary
1401.3997770278884,1.0005503,0.00047149337,3815360,eclipsing_binary
1401.4011658850143,0.9997503,0.0004712355,3815360,eclipsing_binary
1401.4025547421395,1.0003958,0.00047147356,3815360,eclipsing_binary
1401.4039435992654,0.9999137,0.00047142082,3815360,eclipsing_binary
1401.4053324563915,1.0001018,0.00047123994,3815360,eclipsing_binary
1401.4067213135168,1.0005105,0.0004713356,3815360,eclipsing_binary
1401.408110170642,0.9998627,0.0004711663,3815360,eclipsing_binary
1401.4094990277679,1.0003794,0.00047128412,3815360,eclipsing_binary
1401.4108878848938,0.9997799,0.00047129806,3815360,eclipsing_binary
1401.4122767420192,0.99998736,0.00047128613,3815360,eclipsing_binary
1401.4136655991451,0.9997128,0.00047126343,3815360,eclipsing_binary
1401.415054456271,0.99979585,0.00047129038,3815360,eclipsing_binary
1401.4164433133963,0.99888545,0.00047125152,3815360,eclipsing_binary
1401.4178321705222,0.9996499,0.0004712128,3815360,eclipsing_binary
1401.4192210276483,1.0006436,0.00047146284,3815360,eclipsing_binary
1401.4206098843079,0.99927425,0.00047118225,3815360,eclipsing_binary
1401.4219987414338,0.99915904,0.0004710551,3815360,eclipsing_binary
1401.4233875985597,0.9997095,0.00047111497,3815360,eclipsing_binary
1401.4247764556858,1.0000284,0.00047129436,3815360,eclipsing_binary
1401.4261653128124,0.9996234,0.00047124727,3815360,eclipsing_binary
1401.4275541699383,1.0001112,0.00047121113,3815360,eclipsing_binary
1401.4289430270637,1.0000306,0.00047132614,3815360,eclipsing_binary
1401.430331884189,1.0009716,0.0004713619,3815360,eclipsing_binary
1401.4317207408492,1.0002562,0.0004713074,3815360,eclipsing_binary
1401.433109597975,0.99996597,0.00047131456,3815360,eclipsing_binary
1401.4344984551003,1.0002248,0.0004713135,3815360,eclipsing_binary
1401.4358873122264,1.0000732,0.00047122262,3815360,eclipsing_binary
1401.4372761693523,0.9994282,0.00047113403,3815360,eclipsing_binary
1401.438665026012,0.9997102,0.00047133767,3815360,eclipsing_binary
1401.4400538831378,1.0006634,0.0004714249,3815360,eclipsing_binary
1401.441442740264,0.9999873,0.00047122172,3815360,eclipsing_binary
1401.4428315973892,0.99939,0.00047114573,3815360,eclipsing_binary
1401.444220454515,0.9990846,0.0004711144,3815360,eclipsing_binary
1401.4456093111753,0.99980295,0.0004713936,3815360,eclipsing_binary
1401.4469981683008,1.000389,0.00047128278,3815360,eclipsing_binary
1401.448387025426,0.9991539,0.00047110696,3815360,eclipsing_binary
1401.4497758825519,0.9988448,0.0004710411,3815360,eclipsing_binary
1401.4511647392121,1.000272,0.00047127798,3815360,eclipsing_binary
1401.4525535963376,1.0000368,0.00047119684,3815360,eclipsing_binary
1401.4539424534635,0.9995725,0.0004711543,3815360,eclipsing_binary
1401.4553313101237,0.9991832,0.00047118517,3815360,eclipsing_binary
1401.456720167249,0.9993203,0.0004710421,3815360,eclipsing_binary
1401.458109024375,1.0000856,0.00047122876,3815360,eclipsing_binary
1401.4594978810353,1.000014,0.0004712187,3815360,eclipsing_binary
1401.4608867381605,1.0005316,0.00047147763,3815360,eclipsing_binary
1401.4622755952864,0.999318,0.00047113636,3815360,eclipsing_binary
1401.463664451947,1.0001556,0.00047133234,3815360,eclipsing_binary
1401.4650533090721,0.99932295,0.00047112224,3815360,eclipsing_binary
1401.4664421661973,0.9999883,0.00047116686,3815360,eclipsing_binary
1401.4678310228576,1.0001042,0.00047121118,3815360,eclipsing_binary
1401.4692198799835,1.0007262,0.00047152324,3815360,eclipsing_binary
1401.470608737109,1.0007495,0.00047136645,3815360,eclipsing_binary
1401.4719975937692,1.0001588,0.00047140516,3815360,eclipsing_binary
1401.473386450895,1.0004054,0.00047126706,3815360,eclipsing_binary
1401.4747753080205,1.0002478,0.00047120455,3815360,eclipsing_binary
1401.4761641646808,1.0003431,0.00047145315,3815360,eclipsing_binary
1401.4775530218067,0.9992243,0.0004710421,3815360,eclipsing_binary
1401.4789418784662,0.9995306,0.00047120175,3815360,eclipsing_binary
1401.4803307355924,1.0006335,0.000471342,3815360,eclipsing_binary
1401.4817195922533,0.99953157,0.00047127402,3815360,eclipsing_binary
1401.4831084493792,1.0002931,0.00047127076,3815360,eclipsing_binary
1401.4844973065044,1.000494,0.0004712728,3815360,eclipsing_binary
1401.4858861631647,1.0005344,0.00047132213,3815360,eclipsing_binary
1401.4872750202908,1.0002296,0.00047139643,3815360,eclipsing_binary
1401.4886638769503,1.0005178,0.00047136238,3815360,eclipsing_binary
1401.4900527340762,0.99940664,0.0004710582,3815360,eclipsing_binary
1401.4914415907365,1.0001831,0.00047124812,3815360,eclipsing_binary
1401.4928304478617,1.0003829,0.00047144838,3815360,eclipsing_binary
1401.4942193045222,0.99933434,0.00047109232,3815360,eclipsing_binary
1401.495608161648,0.9988174,0.00047109998,3815360,eclipsing_binary
1401.4969970183076,0.99921346,0.00047118202,3815360,eclipsing_binary
1401.4983858754335,0.9999608,0.00047113793,3815360,eclipsing_binary
1401.499774732094,0.9999531,0.00047137254,3815360,eclipsing_binary
1401.5011635892192,1.0009722,0.00047147536,3815360,eclipsing_binary
1401.5025524458788,1.0005723,0.00047139954,3815360,eclipsing_binary
1401.503941303005,1.0003363,0.00047118936,3815360,eclipsing_binary
1401.5053301596652,0.9992491,0.00047122684,3815360,eclipsing_binary
1401.5067190163247,0.99930924,0.00047119497,3815360,eclipsing_binary
1401.5081078734506,0.9996047,0.00047115952,3815360,eclipsing_binary
1401.509496730111,0.9999328,0.00047126279,3815360,eclipsing_binary
1401.5108855872363,0.99947,0.00047123813,3815360,eclipsing_binary
1401.5122744438966,0.9998417,0.00047119887,3815360,eclipsing_binary
1401.5136633010225,0.9988636,0.00047098412,3815360,eclipsing_binary
1401.515052157682,0.9997343,0.00047133325,3815360,eclipsing_binary
1401.5164410143425,0.9993541,0.00047109093,3815360,eclipsing_binary
1401.5178298714684,1.0003545,0.0004712855,3815360,eclipsing_binary
1401.519218728128,0.99996585,0.00047126733,3815360,eclipsing_binary
1401.5206075847875,1.000324,0.00047130106,3815360,eclipsing_binary
1401.5219964419134,1.0003322,0.00047123266,3815360,eclipsing_binary
1401.5233852985739,0.99966705,0.00047131986,3815360,eclipsing_binary
1401.524774155699,0.9997255,0.00047116986,3815360,eclipsing_binary
1401.5261630123593,1.0003667,0.00047127513,3815360,eclipsing_binary
1401.5275518690196,1.0004597,0.00047131904,3815360,eclipsing_binary
1401.5289407256794,1.0004834,0.00047129253,3815360,eclipsing_binary
1401.5303295828053,1.0002669,0.00047134023,3815360,eclipsing_binary
1401.5317184394655,0.9987659,0.00047097154,3815360,eclipsing_binary
1401.5331072961253,0.9995817,0.0004711945,3815360,eclipsing_binary
1401.5344961532512,0.99977994,0.0004712815,3815360,eclipsing_binary
1401.5358850099121,0.99976915,0.0004712074,3815360,eclipsing_binary
1401.5372738665724,0.9998154,0.0004713682,3815360,eclipsing_binary
1401.5386627236985,0.99968153,0.0004711572,3815360,eclipsing_binary
1401.5400515803587,1.0000683,0.00047133627,3815360,eclipsing_binary
1401.5414404370183,0.9994658,0.00047103807,3815360,eclipsing_binary
1401.5428292936779,1.000213,0.0004713377,3815360,eclipsing_binary
1401.5442181508038,1.0000323,0.0004712074,3815360,eclipsing_binary
1401.5456070074642,0.9988715,0.00047115644,3815360,eclipsing_binary
1401.5469958641238,0.9996756,0.00047123086,3815360,eclipsing_binary
1401.548384720784,0.9997346,0.00047114957,3815360,eclipsing_binary
1401.5497735774443,0.9995529,0.0004711449,3815360,eclipsing_binary
1401.5511624345695,0.99903816,0.00047114515,3815360,eclipsing_binary
1401.55255129123,0.9991323,0.0004711075,3815360,eclipsing_binary
1401.5539401478902,0.99956757,0.00047103784,3815360,eclipsing_binary
1401.5553290045498,0.99919224,0.00047115202,3815360,eclipsing_binary
1401.55671786121,0.99937063,0.0004712312,3815360,eclipsing_binary
1401.5581067183361,1.0000757,0.00047129812,3815360,eclipsing_binary
1401.5594955749957,0.99959975,0.00047112434,3815360,eclipsing_binary
1401.5608844316553,0.99983746,0.00047129078,3815360,eclipsing_binary
1401.5622732883157,0.9993723,0.00047108074,3815360,eclipsing_binary
1401.563662144976,1.0001851,0.00047118473,3815360,eclipsing_binary
1401.5650510016355,1.0006369,0.0004713921,3815360,eclipsing_binary
1401.5664398582958,0.99999255,0.00047122268,3815360,eclipsing_binary
1401.567828715422,1.0000019,0.00047129364,3815360,eclipsing_binary
1401.5692175720815,0.99982506,0.00047123057,3815360,eclipsing_binary
1401.5706064287417,1.000235,0.00047125126,3815360,eclipsing_binary
1401.571995285402,0.9993668,0.00047113452,3815360,eclipsing_binary
1401.5733841420615,1.0002124,0.00047146328,3815360,eclipsing_binary
1401.574772998722,1.0002162,0.00047126436,3815360,eclipsing_binary
1401.5761618553822,0.9997289,0.00047129137,3815360,eclipsing_binary
1401.5775507120418,0.99972504,0.0004712751,3815360,eclipsing_binary
1401.5789395687013,0.9997217,0.00047117827,3815360,eclipsing_binary
1401.5803284253616,1.0006431,0.00047138223,3815360,eclipsing_binary
1401.581717282022,1.0005714,0.00047129547,3815360,eclipsing_binary
1401.5831061386816,0.9998226,0.00047113007,3815360,eclipsing_binary
1401.5844949953419,0.9998882,0.00047121284,3815360,eclipsing_binary
1401.585883852002,0.9994333,0.00047098935,3815360,eclipsing_binary
1401.5872727086619,0.99987817,0.00047116983,3815360,eclipsing_binary
1401.5886615653221,1.0000882,0.00047124314,3815360,eclipsing_binary
1401.590050421983,0.99882895,0.0004709766,3815360,eclipsing_binary
1401.5914392786435,0.9995244,0.000471128,3815360,eclipsing_binary
1401.5928281353038,0.9993815,0.00047120042,3815360,eclipsing_binary
1401.594216991964,1.0005417,0.0004713455,3815360,eclipsing_binary
1401.5956058486236,0.9990665,0.00047103473,3815360,eclipsing_binary
1401.5969947052831,0.9998263,0.00047127434,3815360,eclipsing_binary
1401.5983835619436,1.0000838,0.00047123476,3815360,eclipsing_binary
1401.5997724186038,1.0001732,0.0004711618,3815360,eclipsing_binary
1401.6011612752634,0.99956965,0.00047100423,3815360,eclipsing_binary
1401.6025501319236,1.0020487,0.00047157795,3815360,eclipsing_binary
1401.603938988584,1.0002513,0.00047129818,3815360,eclipsing_binary
1401.6053278452437,0.99952155,0.00047111898,3815360,eclipsing_binary
1401.606716701904,1.0002719,0.00047132245,3815360,eclipsing_binary
1401.6081055585641,0.999395,0.00047112588,3815360,eclipsing_binary
1401.609494415224,1.0002643,0.00047131028,3815360,eclipsing_binary
1401.6108832718842,1.000097,0.00047115996,3815360,eclipsing_binary
1401.6122721280788,1.0003873,0.00047119948,3815360,eclipsing_binary
1401.6136609847383,1.0000818,0.00047117716,3815360,eclipsing_binary
1401.615049841398,1.0006639,0.0004713285,3815360,eclipsing_binary
1401.6164386980583,0.99988073,0.00047124174,3815360,eclipsing_binary
1401.6178275547186,0.9995387,0.0004712615,3815360,eclipsing_binary
1401.6192164113781,0.99906623,0.0004710776,3815360,eclipsing_binary
1401.6206052680386,0.9988132,0.00047101593,3815360,eclipsing_binary
1401.6219941242332,0.9998411,0.00047119416,3815360,eclipsing_binary
1401.6233829808928,0.99937135,0.00047109617,3815360,eclipsing_binary
1401.624771837553,0.99940586,0.00047128074,3815360,eclipsing_binary
1401.6261606942135,0.9998392,0.00047114995,3815360,eclipsing_binary
1401.627549550873,0.99992985,0.00047122393,3815360,eclipsing_binary
1401.6289384075333,0.99955785,0.0004711167,3815360,eclipsing_binary
1401.6303272637278,0.9993701,0.00047115644,3815360,eclipsing_binary
1401.6317161203874,1.0000058,0.00047128001,3815360,eclipsing_binary
1401.6331049770472,0.9995731,0.00047120167,3815360,eclipsing_binary
1401.6344938337074,0.9998873,0.0004712068,3815360,eclipsing_binary
1401.635882689902,0.9995835,0.00047117754,3815360,eclipsing_binary
1401.6372715465616,1.0004722,0.0004711904,3815360,eclipsing_binary
1401.6386604032218,1.0002573,0.00047118336,3815360,eclipsing_binary
1401.6400492598823,1.000013,0.00047131095,3815360,eclipsing_binary
1401.6414381160762,0.9992075,0.0004710209,3815360,eclipsing_binary
1401.6428269727364,1.0003458,0.00047136974,3815360,eclipsing_binary
1401.6442158293976,0.9994958,0.0004711227,3815360,eclipsing_binary
1401.6456046860578,0.99939346,0.0004710538,3815360,eclipsing_binary
1401.6469935422524,0.9999445,0.00047117835,3815360,eclipsing_binary
1401.6483823989126,0.9999777,0.0004711978,3815360,eclipsing_binary
1401.6497712555724,1.0004532,0.00047132396,3815360,eclipsing_binary
1401.6511601117663,0.9999893,0.00047130624,3815360,eclipsing_binary
1401.6539378250868,0.9997689,0.00047117716,3815360,eclipsing_binary
1401.6553266812807,0.99973905,0.00047119442,3815360,eclipsing_binary
1401.6567155379412,0.9995341,0.00047102084,3815360,eclipsing_binary
1401.6581043946014,0.9994285,0.00047114518,3815360,eclipsing_binary
1401.6594932507953,1.0002648,0.00047121054,3815360,eclipsing_binary
1401.6608821074556,0.99936855,0.0004711142,3815360,eclipsing_binary
1401.6622709636504,0.99992305,0.00047121118,3815360,eclipsing_binary
1401.66365982031,0.9998315,0.00047123665,3815360,eclipsing_binary
1401.6650486769702,0.9998017,0.00047113947,3815360,eclipsing_binary
1401.6664375331648,0.9997361,0.000471164,3815360,eclipsing_binary
1401.6678263898245,1.0000312,0.00047121904,3815360,eclipsing_binary
1401.6692152460191,1.0003761,0.00047125525,3815360,eclipsing_binary
1401.6706041026794,0.9994324,0.00047110015,3815360,eclipsing_binary
1401.671992959339,0.9997327,0.00047123028,3815360,eclipsing_binary
1401.673381815533,0.99949837,0.00047113825,3815360,eclipsing_binary
1401.6747706721933,1.000602,0.0004713076,3815360,eclipsing_binary
1401.6761595283879,0.9988915,0.0004709449,3815360,eclipsing_binary
1401.6775483850474,0.9999783,0.0004712521,3815360,eclipsing_binary
1401.6789372412422,0.99972343,0.0004712515,3815360,eclipsing_binary
1401.6803260979025,0.99970084,0.0004711719,3815360,eclipsing_binary
1401.6817149540964,0.9999429,0.00047121945,3815360,eclipsing_binary
1401.6831038107566,0.9990341,0.00047114262,3815360,eclipsing_binary
1401.6844926669514,0.9994875,0.000471251,3815360,eclipsing_binary
1401.685881523611,0.9996566,0.0004711087,3815360,eclipsing_binary
1401.6872703798056,1.0003746,0.00047135405,3815360,eclipsing_binary
1401.6886592364658,0.9991335,0.00047111898,3815360,eclipsing_binary
1401.6900480926597,0.99963516,0.00047121645,3815360,eclipsing_binary
1401.6914369493195,1.0000584,0.00047121086,3815360,eclipsing_binary
1401.692825805514,0.99986947,0.000471225,3815360,eclipsing_binary
1401.6942146621743,0.9998291,0.00047126712,3815360,eclipsing_binary
1401.6956035183684,0.9999489,0.00047111485,3815360,eclipsing_binary
1401.6969923750287,0.9990791,0.00047110583,3815360,eclipsing_binary
1401.698381231224,0.9998695,0.00047118828,3815360,eclipsing_binary
1401.6997700878842,0.99901074,0.0004711295,3815360,eclipsing_binary
1401.701158944079,0.9996382,0.00047133348,3815360,eclipsing_binary
1401.7025478002736,0.99906164,0.00047115443,3815360,eclipsing_binary
1401.7039366569331,1.0006665,0.0004713265,3815360,eclipsing_binary
1401.7053255131277,0.99981874,0.00047132868,3815360,eclipsing_binary
1401.7067143697882,0.9996806,0.00047112096,3815360,eclipsing_binary
1401.708103225982,0.9998752,0.00047113214,3815360,eclipsing_binary
1401.709492082176,0.99983084,0.00047125836,3815360,eclipsing_binary
1401.7108809388362,1.0004847,0.00047123272,3815360,eclipsing_binary
1401.7122697950308,1.0000498,0.0004712237,3815360,eclipsing_binary
1401.7136586516904,1.0009034,0.00047127844,3815360,eclipsing_binary
1401.7150475078852,0.99944156,0.00047113627,3815360,eclipsing_binary
1401.7164363640798,1.0000627,0.000471197,3815360,eclipsing_binary
1401.7178252207393,0.999832,0.00047110868,3815360,eclipsing_binary
1401.719214076934,0.9990969,0.00047104617,3815360,eclipsing_binary
1401.7206029331287,0.99934614,0.00047112434,3815360,eclipsing_binary
1401.7219917897883,0.9997351,0.00047128348,3815360,eclipsing_binary
1401.7233806459828,0.99930394,0.00047112277,3815360,eclipsing_binary
1401.7247695021774,1.0009804,0.00047130472,3815360,eclipsing_binary
1401.727547215031,1.0000713,0.00047118755,3815360,eclipsing_binary
1401.7289360712257,0.9997088,0.00047124777,3815360,eclipsing_binary
1401.7303249274205,1.0002741,0.00047131092,3815360,eclipsing_binary
1401.73171378408,1.0001533,0.0004712481,3815360,eclipsing_binary
1401.7331026402746,1.0005922,0.0004713766,3815360,eclipsing_binary
1401.7344914964692,0.99981445,0.00047121165,3815360,eclipsing_binary
1401.7358803526631,0.99880195,0.0004709965,3815360,eclipsing_binary
1401.737269208858,0.99938905,0.0004710564,3815360,eclipsing_binary
1401.7386580655182,0.99973863,0.00047118912,3815360,eclipsing_binary
1401.740046921712,1.0001231,0.00047131444,3815360,eclipsing_binary
1401.7414357779066,0.99917173,0.00047104128,3815360,eclipsing_binary
1401.7428246341015,1.0001378,0.00047131654,3815360,eclipsing_binary
1401.744213490761,1.0005234,0.00047139326,3815360,eclipsing_binary
1401.745602346955,1.0000523,0.00047115915,3815360,eclipsing_binary
1401.7469912031495,1.0005401,0.00047139564,3815360,eclipsing_binary
1401.748380059344,0.9996737,0.00047120478,3815360,eclipsing_binary
1401.7497689155389,1.0003324,0.00047119716,3815360,eclipsing_binary
1401.7511577717341,0.99972576,0.00047122812,3815360,eclipsing_binary
1401.7525466283944,1.0007424,0.00047128616,3815360,eclipsing_binary
1401.7539354845885,0.9999866,0.0004711536,3815360,eclipsing_binary
1401.755324340783,1.0005726,0.00047122315,3815360,eclipsing_binary
1401.7567131969777,0.9995767,0.000471027,3815360,eclipsing_binary
1401.7581020531716,0.99932295,0.00047125327,3815360,eclipsing_binary
1401.7594909093664,1.0003304,0.00047123036,3815360,eclipsing_binary
1401.760879765561,0.9998271,0.0004710289,3815360,eclipsing_binary
1401.7622686217549,0.99995524,0.00047125173,3815360,eclipsing_binary
1401.7636574784144,0.9997489,0.00047109398,3815360,eclipsing_binary
1401.765046334609,0.9993837,0.0004710798,3815360,eclipsing_binary
1401.7664351908038,0.9994569,0.00047104893,3815360,eclipsing_binary
1401.7678240469977,1.0008396,0.00047150077,3815360,eclipsing_binary
1401.7692129031923,1.0007874,0.00047136846,3815360,eclipsing_binary
1401.7706017593869,0.9994292,0.00047122632,3815360,eclipsing_binary
1401.7719906155808,0.9997338,0.00047110263,3815360,eclipsing_binary
1401.7733794717756,0.99986583,0.0004711702,3815360,eclipsing_binary
1401.7747683279702,0.99936146,0.00047111532,3815360,eclipsing_binary
1401.776157184164,0.99970263,0.00047117478,3815360,eclipsing_binary
1401.7775460403586,0.9995847,0.00047116601,3815360,eclipsing_binary
1401.7789348965534,0.9996986,0.0004711301,3815360,eclipsing_binary
1401.7803237527473,0.9992895,0.0004709394,3815360,eclipsing_binary
1401.781712608942,0.9997193,0.0004712463,3815360,eclipsing_binary
1401.7831014651365,1.000105,0.00047119005,3815360,eclipsing_binary
1401.7844903213306,1.0001916,0.000471304,3815360,eclipsing_binary
1401.7858791775245,0.9991795,0.0004710842,3815360,eclipsing_binary
1401.787268033719,1.0000359,0.00047128458,3815360,eclipsing_binary
1401.788656889914,0.9991417,0.00047101607,3815360,eclipsing_binary
1401.7900457461078,1.0003364,0.0004711686,3815360,eclipsing_binary
1401.7914346023024,0.99894255,0.00047102707,3815360,eclipsing_binary
1401.792823458497,0.99930865,0.0004710562,3815360,eclipsing_binary
1401.7942123146909,0.9999862,0.00047120897,3815360,eclipsing_binary
1401.7956011708857,1.0003196,0.00047138313,3815360,eclipsing_binary
1401.7969900270803,0.9999648,0.0004712126,3815360,eclipsing_binary
1401.7983788832742,0.9999286,0.00047131858,3815360,eclipsing_binary
1401.7997677394687,0.9993388,0.00047115475,3815360,eclipsing_binary
1401.8011565956635,1.0002882,0.00047126497,3815360,eclipsing_binary
1401.8025454513925,0.99982214,0.0004711562,3815360,eclipsing_binary
1401.803934307587,0.9998149,0.0004711424,3815360,eclipsing_binary
1401.8053231637816,1.0001128,0.0004711379,3815360,eclipsing_binary
1401.8067120199762,0.99975175,0.00047113406,3815360,eclipsing_binary
1401.8081008761703,1.000198,0.0004711271,3815360,eclipsing_binary
1401.809489732365,0.9998836,0.00047113321,3815360,eclipsing_binary
1401.8108785885595,0.999684,0.00047115065,3815360,eclipsing_binary
1401.8122674447536,1.0010666,0.0004713889,3815360,eclipsing_binary
1401.8136563004825,0.9993768,0.00047114707,3815360,eclipsing_binary
1401.8150451566771,1.0009086,0.00047143624,3815360,eclipsing_binary
1401.816434012871,1.0005356,0.00047122117,3815360,eclipsing_binary
1401.8178228690658,1.0004534,0.00047129497,3815360,eclipsing_binary
1401.8192117252604,0.99989444,0.00047124084,3815360,eclipsing_binary
1401.8206005809886,0.9994296,0.00047100714,3815360,eclipsing_binary
1401.8219894371825,1.0006303,0.00047136095,3815360,eclipsing_binary
1401.8233782933771,0.99961126,0.0004711213,3815360,eclipsing_binary
1401.824767149572,1.0014979,0.00047150612,3815360,eclipsing_binary
1401.8261560057658,1.0001527,0.0004711898,3815360,eclipsing_binary
1401.8275448614947,1.0001196,0.00047132646,3815360,eclipsing_binary
1401.8289337176893,0.99993116,0.00047126182,3815360,eclipsing_binary
1401.8303225738834,0.9992837,0.0004710462,3815360,eclipsing_binary
1401.831711430078,1.000105,0.00047133202,3815360,eclipsing_binary
1401.833100285807,1.0004555,0.00047135964,3815360,eclipsing_binary
1401.8344891420008,1.0005497,0.00047120755,3815360,eclipsing_binary
1401.8358779981954,0.9996534,0.00047113927,3815360,eclipsing_binary
1401.8372668543902,0.9996898,0.00047114576,3815360,eclipsing_binary
1401.8386557101185,0.99966383,0.00047116782,3815360,eclipsing_binary
1401.8400445663124,0.9988227,0.00047097658,3815360,eclipsing_binary
1401.8414334225072,1.000067,0.00047124256,3815360,eclipsing_binary
1401.842822278236,0.9989452,0.00047093537,3815360,eclipsing_binary
1401.84421113443,0.99941325,0.0004709059,3815360,eclipsing_binary
1401.8455999906246,1.0004041,0.00047127492,3815360,eclipsing_binary
1401.8469888463537,1.000276,0.00047114893,3815360,eclipsing_binary
1401.8483777025476,0.99960077,0.00047120656,3815360,eclipsing_binary
1401.8497665587422,0.9999286,0.00047120135,3815360,eclipsing_binary
1401.8511554144711,0.9997073,0.00047104715,3815360,eclipsing_binary
1401.852544270665,1.0002284,0.00047110592,3815360,eclipsing_binary
1401.8539331268605,0.999632,0.00047116852,3815360,eclipsing_binary
1401.85532198259,1.0002542,0.0004712028,3815360,eclipsing_binary
1401.856710838784,0.99932736,0.00047096753,3815360,eclipsing_binary
1401.8580996945125,1.0002463,0.00047118354,3815360,eclipsing_binary
1401.859488550707,1.0005282,0.00047132542,3815360,eclipsing_binary
1401.8608774069016,0.99988866,0.00047123304,3815360,eclipsing_binary
1401.8622662626299,0.99904734,0.00047103345,3815360,eclipsing_binary
1401.8636551188247,0.9991095,0.00047121677,3815360,eclipsing_binary
1401.8650439745536,1.0001228,0.0004712433,3815360,eclipsing_binary
1401.8664328307475,0.99913293,0.00047099814,3815360,eclipsing_binary
1401.867821686942,1.000246,0.00047123287,3815360,eclipsing_binary
1401.869210542671,1.0001279,0.00047126782,3815360,eclipsing_binary
1401.8705993988651,0.9996922,0.00047117792,3815360,eclipsing_binary
1401.871988254594,0.9995022,0.0004711761,3815360,eclipsing_binary
1401.8733771107886,1.000481,0.00047138156,3815360,eclipsing_binary
1401.8747659665169,1.0001751,0.00047128872,3815360,eclipsing_binary
1401.8761548227108,1.0004668,0.00047143406,3815360,eclipsing_binary
1401.87754367844,0.9990319,0.00047103656,3815360,eclipsing_binary
1401.8789325346345,1.0004597,0.00047123988,3815360,eclipsing_binary
1401.8803213903627,0.9997699,0.0004711088,3815360,eclipsing_binary
1401.8830991022865,0.9998539,0.00047119983,3815360,eclipsing_binary
1401.8844879584803,1.0000588,0.0004712383,3815360,eclipsing_binary
1401.8858768142093,0.99974614,0.00047107413,3815360,eclipsing_binary
1401.8872656704038,0.9993429,0.00047100635,3815360,eclipsing_binary
1401.8886545261323,1.0011506,0.00047139332,3815360,eclipsing_binary
1401.890043382327,1.000007,0.00047133927,3815360,eclipsing_binary
1401.8914322380558,1.000003,0.0004711031,3815360,eclipsing_binary
1401.892821093784,1.0007204,0.00047131648,3815360,eclipsing_binary
1401.8942099499786,1.0000966,0.00047118927,3815360,eclipsing_binary
1401.8955988057078,0.9997799,0.00047124794,3815360,eclipsing_binary
1401.8969876619017,1.0002782,0.0004711775,3815360,eclipsing_binary
1401.89837651763,1.0010182,0.0004712708,3815360,eclipsing_binary
1401.8997653738247,1.0001937,0.00047133604,3815360,eclipsing_binary
1401.9011542295536,1.0002853,0.00047119835,3815360,eclipsing_binary
1401.9025430852819,1.0001503,0.00047117058,3815360,eclipsing_binary
1401.9039319414771,0.9994318,0.00047096887,3815360,eclipsing_binary
1401.905320797207,1.0008073,0.00047135496,3815360,eclipsing_binary
1401.9067096529352,1.000118,0.00047119972,3815360,eclipsing_binary
1401.9080985091298,0.9997327,0.00047110496,3815360,eclipsing_binary
1401.9094873648587,0.99965316,0.00047117553,3815360,eclipsing_binary
1401.910876220587,0.9995767,0.0004709336,3815360,eclipsing_binary
1401.9122650767818,0.9996129,0.00047114873,3815360,eclipsing_binary
1401.9136539325107,1.0001425,0.0004711144,3815360,eclipsing_binary
1401.915042788239,0.99948007,0.00047113682,3815360,eclipsing_binary
1401.916431644433,0.99979496,0.00047123933,3815360,eclipsing_binary
1401.917820500162,0.99980676,0.0004711353,3815360,eclipsing_binary
1401.9192093558909,0.99868274,0.00047095492,3815360,eclipsing_binary
1401.9205982120848,0.99918073,0.0004710741,3815360,eclipsing_binary
1401.921987067814,1.0002338,0.00047119454,3815360,eclipsing_binary
1401.9233759235428,0.9993861,0.0004710578,3815360,eclipsing_binary
1401.9247647797367,1.0004249,0.00047117457,3815360,eclipsing_binary
1401.9261536354657,0.9998406,0.00047120618,3815360,eclipsing_binary
1401.9275424911948,1.0001985,0.00047111273,3815360,eclipsing_binary
1401.928931346923,0.99897105,0.00047102512,3815360,eclipsing_binary
1401.9303202031176,1.000183,0.00047122076,3815360,eclipsing_binary
1401.9317090588465,1.00074,0.00047134628,3815360,eclipsing_binary
1401.9330979145748,0.9998912,0.00047132166,3815360,eclipsing_binary
1401.934486770303,0.99944615,0.00047100917,3815360,eclipsing_binary
1401.9358756260322,1.0002396,0.00047121223,3815360,eclipsing_binary
1401.9372644822267,0.9995371,0.00047103505,3815360,eclipsing_binary
1401.938653337955,1.0003543,0.00047122594,3815360,eclipsing_binary
1401.940042193684,1.0004586,0.00047117347,3815360,eclipsing_binary
1401.941431049413,1.0004838,0.0004712303,3815360,eclipsing_binary
1401.9428199051413,0.9993659,0.0004710356,3815360,eclipsing_binary
1401.9442087613359,0.9999501,0.00047121817,3815360,eclipsing_binary
1401.9455976170648,0.9994076,0.00047104512,3815360,eclipsing_binary
1401.9469864727932,0.9998005,0.00047125976,3815360,eclipsing_binary
1401.9483753285222,0.999909,0.00047120714,3815360,eclipsing_binary
1401.949764184251,1.0006199,0.00047126968,3815360,eclipsing_binary
1401.9511530399795,1.0002433,0.0004712736,3815360,eclipsing_binary
1401.9525418957078,1.0006857,0.0004712751,3815360,eclipsing_binary
1401.9539307519024,1.0002759,0.00047137428,3815360,eclipsing_binary
1401.955319607632,1.0000944,0.00047127195,3815360,eclipsing_binary
1401.9567084633609,0.9996525,0.00047111852,3815360,eclipsing_binary
1401.95809731909,0.99961245,0.00047117754,3815360,eclipsing_binary
1401.959486174819,0.9997306,0.00047111083,3815360,eclipsing_binary
1401.9608750305472,1.0000818,0.00047123525,3815360,eclipsing_binary
1401.962263886276,1.0006663,0.00047127207,3815360,eclipsing_binary
1401.9636527420053,0.9994912,0.00047099666,3815360,eclipsing_binary
1401.9650415977335,1.0001776,0.0004710997,3815360,eclipsing_binary
1401.9664304534624,1.0006785,0.00047130106,3815360,eclipsing_binary
1401.9678193091913,0.9995516,0.00047109713,3815360,eclipsing_binary
1401.9692081649196,0.9985355,0.0004709382,3815360,eclipsing_binary
1401.970597020648,0.99997354,0.0004711419,3815360,eclipsing_binary
1401.971985876377,0.9994076,0.00047096657,3815360,eclipsing_binary
1401.9733747325715,1.0000038,0.00047108933,3815360,eclipsing_binary
1401.9747635883,0.999029,0.00047096488,3815360,eclipsing_binary
1401.976152444029,1.0002581,0.0004712064,3815360,eclipsing_binary
1401.9775412997578,0.99986726,0.000471291,3815360,eclipsing_binary
1401.978930155486,1.0000455,0.00047123688,3815360,eclipsing_binary
1401.9803190112152,1.0005071,0.0004712317,3815360,eclipsing_binary
1401.9817078669441,0.99972594,0.00047112445,3815360,eclipsing_binary
1401.9844855779356,1.0001501,0.00047122748,3815360,eclipsing_binary
1401.9858744336648,0.9997036,0.0004711099,3815360,eclipsing_binary
1401.987263289393,1.0004238,0.0004712009,3815360,eclipsing_binary
1401.9886521451213,0.9999304,0.00047113985,3815360,eclipsing_binary
1401.9900410008502,0.9987649,0.0004710723,3815360,eclipsing_binary
1401.991429856579,0.9997035,0.000471274,3815360,eclipsing_binary
1401.9928187123073,1.0006177,0.00047135344,3815360,eclipsing_binary
1401.9942075680365,0.9994384,0.0004710834,3815360,eclipsing_binary
1401.9955964237654,0.99920213,0.0004709795,3815360,eclipsing_binary
1401.9969852794936,1.0000091,0.00047126474,3815360,eclipsing_binary
1401.9983741352225,0.9991962,0.0004712086,3815360,eclipsing_binary
1401.9997629909517,1.0002571,0.00047113458,3815360,eclipsing_binary
1402.0011518462143,0.9995415,0.00047110312,3815360,eclipsing_binary
1402.0025407019432,0.9997945,0.00047115135,3815360,eclipsing_binary
1402.003929557672,1.0004251,0.00047119457,3815360,eclipsing_binary
1402.0067072691309,0.99975574,0.0004710527,3815360,eclipsing_binary
1402.0080961248598,1.0000988,0.00047122655,3815360,eclipsing_binary
1402.0094849805882,1.000648,0.00047123546,3815360,eclipsing_binary
1402.0108738358508,1.0004443,0.0004712548,3815360,eclipsing_binary
1402.0122626915797,0.99952424,0.00047110685,3815360,eclipsing_binary
1402.0136515473087,1.00011,0.0004711865,3815360,eclipsing_binary
1402.015040403037,1.0003706,0.00047129163,3815360,eclipsing_binary
1402.016429258766,0.9996268,0.00047115018,3815360,eclipsing_binary
1402.017818114495,0.9994371,0.00047105362,3815360,eclipsing_binary
1402.0192069697575,0.99958014,0.00047108912,3815360,eclipsing_binary
1402.0205958254865,0.9994189,0.0004710459,3815360,eclipsing_binary
1402.0219846812156,1.0002882,0.0004712299,3815360,eclipsing_binary
1402.0233735369438,0.9994395,0.00047110795,3815360,eclipsing_binary
1402.024762392207,0.99900705,0.00047098973,3815360,eclipsing_binary
1402.026151247936,1.0008006,0.00047118813,3815360,eclipsing_binary
1402.0275401036645,0.9996647,0.00047106395,3815360,eclipsing_binary
1402.0289289593927,0.99958366,0.0004712362,3815360,eclipsing_binary
1402.030317814656,0.9990206,0.00047094937,3815360,eclipsing_binary
1402.031706670385,0.99944705,0.00047104995,3815360,eclipsing_binary
1402.0330955261134,0.9990682,0.00047090903,3815360,eclipsing_binary
1402.0344843818423,0.9991302,0.00047103656,3815360,eclipsing_binary
1402.0358732371055,1.0007094,0.0004712637,3815360,eclipsing_binary
1402.0372620928338,1.0001327,0.00047118083,3815360,eclipsing_binary
1402.038650948563,0.9998308,0.0004709823,3815360,eclipsing_binary
1402.0400398038262,0.9993549,0.00047110696,3815360,eclipsing_binary
1402.0414286595544,1.0002695,0.00047110967,3815360,eclipsing_binary
1402.0428175152833,0.99971807,0.00047117192,3815360,eclipsing_binary
1402.0442063705468,0.9995768,0.00047112608,3815360,eclipsing_binary
1402.045595226275,0.9993286,0.00047097172,3815360,eclipsing_binary
1402.0469840820033,1.0010787,0.00047140094,3815360,eclipsing_binary
1402.0483729372665,1.0005867,0.00047131095,3815360,eclipsing_binary
1402.0497617929955,1.000541,0.00047138837,3815360,eclipsing_binary
1402.051150648724,0.99979556,0.0004711819,3815360,eclipsing_binary
1402.0525395039872,0.9995341,0.00047095036,3815360,eclipsing_binary
1402.0539283597168,1.0000802,0.00047123147,3815360,eclipsing_binary
1402.0553172149803,0.9996954,0.00047108447,3815360,eclipsing_binary
1402.0567060707092,0.9996816,0.00047095367,3815360,eclipsing_binary
1402.0580949264381,0.99910504,0.00047095522,3815360,eclipsing_binary
1402.0594837817007,0.99978334,0.00047112867,3815360,eclipsing_binary
1402.0608726374298,0.9993562,0.00047102198,3815360,eclipsing_binary
1402.062261492693,0.99937975,0.00047099596,3815360,eclipsing_binary
1402.0636503484213,1.0000112,0.00047117457,3815360,eclipsing_binary
1402.065039203684,1.0001227,0.00047119224,3815360,eclipsing_binary
1402.0664280594128,1.0001627,0.0004712373,3815360,eclipsing_binary
1402.0678169146763,1.000173,0.00047124247,3815360,eclipsing_binary
1402.0692057704046,0.99976987,0.00047102105,3815360,eclipsing_binary
1402.0705946261335,1.0007334,0.00047125886,3815360,eclipsing_binary
1402.0719834813967,1.0011941,0.0004713254,3815360,eclipsing_binary
1402.073372337125,0.99971235,0.00047103656,3815360,eclipsing_binary
1402.0747611923885,1.0001793,0.00047110923,3815360,eclipsing_binary
1402.0761500481174,0.9995852,0.0004710681,3815360,eclipsing_binary
1402.07753890338,0.99993217,0.00047115792,3815360,eclipsing_binary
1402.0789277591089,0.9999919,0.0004711273,3815360,eclipsing_binary
1402.0803166143724,0.99945736,0.00047116415,3815360,eclipsing_binary
1402.0817054701006,0.99888426,0.00047092856,3815360,eclipsing_binary
1402.0830943253632,0.9992507,0.0004711099,3815360,eclipsing_binary
1402.0844831806266,1.0004772,0.00047125327,3815360,eclipsing_binary
1402.0858720363556,0.9997704,0.00047103397,3815360,eclipsing_binary
1402.0872608916181,1.0005496,0.0004710723,3815360,eclipsing_binary
1402.088649747347,0.9988445,0.00047087937,3815360,eclipsing_binary
1402.0900386026103,0.9987232,0.00047088665,3815360,eclipsing_binary
1402.0914274583388,1.0002387,0.0004712138,3815360,eclipsing_binary
1402.092816313602,1.0005221,0.00047134195,3815360,eclipsing_binary
1402.0942051688653,1.0005785,0.00047133124,3815360,eclipsing_binary
1402.0955940245935,0.9997615,0.00047108906,3815360,eclipsing_binary
1402.096982879857,1.0004016,0.0004712373,3815360,eclipsing_binary
1402.098371735586,0.9990464,0.00047101488,3815360,eclipsing_binary
1402.0997605908485,1.0007963,0.00047121898,3815360,eclipsing_binary
1402.101149446111,0.99948204,0.0004710229,3815360,eclipsing_binary
1402.102538301841,1.0000839,0.00047129532,3815360,eclipsing_binary
1402.1039271571049,0.999359,0.00047111756,3815360,eclipsing_binary
1402.105316012833,0.99951655,0.00047104055,3815360,eclipsing_binary
1402.1067048680964,0.9988556,0.00047106738,3815360,eclipsing_binary
1402.1080937233596,1.0003599,0.00047118127,3815360,eclipsing_binary
1402.109482579088,1.0011626,0.00047137815,3815360,eclipsing_binary
1402.1108714343513,0.9997524,0.00047115094,3815360,eclipsing_binary
1402.1122602896146,1.0000441,0.00047119355,3815360,eclipsing_binary
1402.1136491448774,0.99933434,0.00047100525,3815360,eclipsing_binary
1402.1150380006063,1.0003679,0.0004712428,3815360,eclipsing_binary
1402.1164268558696,0.99997175,0.00047109375,3815360,eclipsing_binary
1402.1178157111322,1.0005745,0.00047126092,3815360,eclipsing_binary
1402.1192045668604,1.0001726,0.00047111724,3815360,eclipsing_binary
1402.1205934221239,1.0004852,0.00047122978,3815360,eclipsing_binary
1402.1219822773871,0.99931633,0.00047105047,3815360,eclipsing_binary
1402.1233711326497,1.0001336,0.0004711437,3815360,eclipsing_binary
1402.1247599883786,0.9998994,0.00047105856,3815360,eclipsing_binary
1402.126148843642,1.000814,0.00047126747,3815360,eclipsing_binary
1402.1275376989047,1.0000206,0.00047115143,3815360,eclipsing_binary
1402.128926554168,0.99999624,0.00047111564,3815360,eclipsing_binary
1402.1303154098969,0.999739,0.00047107253,3815360,eclipsing_binary
1402.1317042651594,1.0000458,0.0004712683,3815360,eclipsing_binary
1402.133093120423,1.0003879,0.00047122364,3815360,eclipsing_binary
1402.1344819756862,1.0005953,0.00047123295,3815360,eclipsing_binary
1402.1358708314144,0.99910235,0.00047106016,3815360,eclipsing_binary
1402.1372596866777,0.9995477,0.00047100318,3815360,eclipsing_binary
1402.1386485419412,0.99866056,0.0004708879,3815360,eclipsing_binary
1402.1400373972037,0.99989986,0.00047104005,3815360,eclipsing_binary
1402.1414262524663,0.99964404,0.00047114526,3815360,eclipsing_binary
1402.1428151077298,0.99953836,0.00047107943,3815360,eclipsing_binary
1402.1442039634587,0.9989743,0.0004710137,3815360,eclipsing_binary
1402.1455928187213,0.9997201,0.0004711863,3815360,eclipsing_binary
1402.1469816739846,0.9992172,0.000471021,3815360,eclipsing_binary
1402.148370529248,0.99955153,0.00047113773,3815360,eclipsing_binary
1402.1497593845106,1.0002506,0.00047133042,3815360,eclipsing_binary
1402.1511482397746,1.0000885,0.0004711445,3815360,eclipsing_binary
1402.1525370950385,0.9992615,0.0004709389,3815360,eclipsing_binary
1402.153925950301,0.9993405,0.00047109317,3815360,eclipsing_binary
1402.1553148060302,0.99974346,0.00047110213,3815360,eclipsing_binary
1402.1567036612935,1.0000515,0.00047107047,3815360,eclipsing_binary
1402.158092516556,1.0000912,0.0004710745,3815360,eclipsing_binary
1402.1594813718186,1.0006764,0.0004712819,3815360,eclipsing_binary
1402.160870227082,0.9999138,0.00047115984,3815360,eclipsing_binary
1402.1622590823454,0.99980545,0.00047127172,3815360,eclipsing_binary
1402.163647937608,0.9997477,0.00047111794,3815360,eclipsing_binary
1402.1650367928712,0.99930865,0.00047095286,3815360,eclipsing_binary
1402.1664256481345,0.99974364,0.00047093746,3815360,eclipsing_binary
1402.1678145033973,0.99972844,0.00047116258,3815360,eclipsing_binary
1402.1692033586605,1.0004281,0.00047129556,3815360,eclipsing_binary
1402.1705922139238,1.0000998,0.00047114264,3815360,eclipsing_binary
1402.1719810691866,1.0003917,0.0004712445,3815360,eclipsing_binary
1402.1733699244498,0.998901,0.00047096418,3815360,eclipsing_binary
1402.174758779713,1.0002718,0.00047120353,3815360,eclipsing_binary
1402.1761476349757,0.99888104,0.0004709237,3815360,eclipsing_binary
1402.1775364902383,0.9996864,0.00047114163,3815360,eclipsing_binary
1402.1789253455017,0.9995464,0.00047092946,3815360,eclipsing_binary
1402.180314200765,1.0003943,0.00047115964,3815360,eclipsing_binary
1402.1817030560276,1.0002574,0.00047122483,3815360,eclipsing_binary
1402.1830919112908,1.0000907,0.00047116211,3815360,eclipsing_binary
1402.1844807665543,0.99901503,0.00047096377,3815360,eclipsing_binary
1402.185869621817,0.9997538,0.00047113243,3815360,eclipsing_binary
1402.1872584770801,0.9996158,0.00047101112,3815360,eclipsing_binary
1402.1886473323434,1.0000807,0.0004710979,3815360,eclipsing_binary
1402.190036187606,0.99960387,0.00047108447,3815360,eclipsing_binary
1402.1914250428695,0.9990051,0.00047088732,3815360,eclipsing_binary
1402.1928138981327,0.99964404,0.0004711857,3815360,eclipsing_binary
1402.1942027533953,1.0006922,0.00047135632,3815360,eclipsing_binary
1402.1955916081924,1.000127,0.00047114547,3815360,eclipsing_binary
1402.1969804634557,0.9996308,0.00047102003,3815360,eclipsing_binary
1402.1983693187196,0.9997479,0.0004711114,3815360,eclipsing_binary
1402.199758173983,1.000346,0.0004711952,3815360,eclipsing_binary
1402.2011470292464,0.9994651,0.00047119803,3815360,eclipsing_binary
1402.2025358845096,0.9995876,0.00047107312,3815360,eclipsing_binary
1402.2039247397722,1.0000584,0.000471306,3815360,eclipsing_binary
1402.2053135950355,0.99981654,0.00047118837,3815360,eclipsing_binary
1402.2067024498333,0.9998416,0.00047112553,3815360,eclipsing_binary
1402.2080913050959,0.99966437,0.00047106252,3815360,eclipsing_binary
1402.2094801603591,1.0000154,0.00047108516,3815360,eclipsing_binary
1402.2108690156224,1.0003157,0.0004711807,3815360,eclipsing_binary
1402.212257870885,1.0000771,0.0004711072,3815360,eclipsing_binary
1402.213646725682,1.0001681,0.00047118103,3815360,eclipsing_binary
1402.2150355809454,1.000524,0.0004711956,3815360,eclipsing_binary
1402.2164244362086,1.0002084,0.0004712364,3815360,eclipsing_binary
1402.2178132914712,1.0003577,0.00047121834,3815360,eclipsing_binary
1402.2192021467345,0.9993418,0.00047102544,3815360,eclipsing_binary
1402.2205910015323,1.0001318,0.0004711429,3815360,eclipsing_binary
1402.2219798567949,0.9989627,0.00047085874,3815360,eclipsing_binary
1402.2233687120581,0.99990654,0.00047131322,3815360,eclipsing_binary
1402.2247575673214,0.99991095,0.000471058,3815360,eclipsing_binary
1402.2261464221185,1.0002966,0.00047127678,3815360,eclipsing_binary
1402.2275352773818,0.99930155,0.00047109285,3815360,eclipsing_binary
1402.228924132645,0.9994625,0.00047121593,3815360,eclipsing_binary
1402.2303129879078,1.0000416,0.00047124657,3815360,eclipsing_binary
1402.2317018427048,1.0000727,0.00047115807,3815360,eclipsing_binary
1402.233090697968,0.998793,0.00047099608,3815360,eclipsing_binary
1402.2344795532313,0.9990418,0.00047096887,3815360,eclipsing_binary
1402.2358684080282,1.0000362,0.00047111145,3815360,eclipsing_binary
1402.2372572632917,1.0000091,0.0004711436,3815360,eclipsing_binary
1402.238646118555,1.0001394,0.0004711871,3815360,eclipsing_binary
1402.2400349738175,0.9994799,0.00047104026,3815360,eclipsing_binary
1402.241423828615,1.0006163,0.00047134983,3815360,eclipsing_binary
1402.2428126838786,1.0007888,0.00047128357,3815360,eclipsing_binary
1402.2442015391412,0.999651,0.0004711527,3815360,eclipsing_binary
1402.2455903939388,0.9995201,0.00047101997,3815360,eclipsing_binary
1402.246979249203,0.9992197,0.00047100798,3815360,eclipsing_binary
1402.2483681040005,0.9993425,0.00047106156,3815360,eclipsing_binary
1402.2497569592638,0.99964386,0.00047109879,3815360,eclipsing_binary
1402.251145814527,0.99972206,0.00047108968,3815360,eclipsing_binary
1402.2539235245868,0.9998707,0.00047107937,3815360,eclipsing_binary
1402.25531237985,0.9996485,0.0004711249,3815360,eclipsing_binary
1402.2567012346476,1.0013134,0.00047137827,3815360,eclipsing_binary
1402.2580900899102,0.9998928,0.0004710868,3815360,eclipsing_binary
1402.259478944708,0.99942166,0.00047101133,3815360,eclipsing_binary
1402.2608677999713,1.0003996,0.0004710866,3815360,eclipsing_binary
1402.2622566547682,0.99927497,0.00047096118,3815360,eclipsing_binary
1402.2636455100314,1.00023,0.00047115982,3815360,eclipsing_binary
1402.265034365295,1.0007027,0.00047130574,3815360,eclipsing_binary
1402.2664232200918,0.9998175,0.0004711603,3815360,eclipsing_binary
1402.267812075355,0.9999038,0.0004712491,3815360,eclipsing_binary
1402.2692009301527,0.99925685,0.00047102803,3815360,eclipsing_binary
1402.2705897854153,1.0012125,0.0004713637,3815360,eclipsing_binary
1402.2719786402124,0.9999718,0.00047111773,3815360,eclipsing_binary
1402.2733674954757,0.9998088,0.0004710883,3815360,eclipsing_binary
1402.2747563502733,1.000685,0.00047120286,3815360,eclipsing_binary
1402.276145205536,0.9994831,0.0004710869,3815360,eclipsing_binary
1402.2775340603337,1.0007014,0.00047132449,3815360,eclipsing_binary
1402.278922915597,1.0001582,0.00047118295,3815360,eclipsing_binary
1402.2803117703938,0.9997107,0.00047115755,3815360,eclipsing_binary
1402.2817006256573,1.0003674,0.00047118022,3815360,eclipsing_binary
1402.283089480455,1.0003066,0.00047106398,3815360,eclipsing_binary
1402.2844783352518,0.99981606,0.0004711065,3815360,eclipsing_binary
1402.285867190515,0.99931353,0.00047106805,3815360,eclipsing_binary
1402.2872560453127,1.0004678,0.0004712782,3815360,eclipsing_binary
1402.2886449005755,0.9995767,0.0004710797,3815360,eclipsing_binary
1402.2900337553724,0.9999333,0.0004712069,3815360,eclipsing_binary
1402.2914226106357,1.0003561,0.00047105277,3815360,eclipsing_binary
1402.292811465434,0.9990569,0.00047095743,3815360,eclipsing_binary
1402.2942003202315,1.0008072,0.00047128243,3815360,eclipsing_binary
1402.295589175495,0.9992249,0.00047098208,3815360,eclipsing_binary
1402.2969780302926,1.0011349,0.00047138898,3815360,eclipsing_binary
1402.2983668855552,1.0003135,0.00047118907,3815360,eclipsing_binary
1402.2997557403528,0.9998988,0.00047114387,3815360,eclipsing_binary
1402.3011445951506,0.9994937,0.00047100545,3815360,eclipsing_binary
1402.3025334504132,0.99914956,0.00047103787,3815360,eclipsing_binary
1402.3039223052108,1.0006009,0.00047124963,3815360,eclipsing_binary
1402.3053111600084,0.9994967,0.00047097317,3815360,eclipsing_binary
1402.3067000152712,0.9996144,0.00047108124,3815360,eclipsing_binary
1402.308088870068,1.0002625,0.00047117926,3815360,eclipsing_binary
1402.3094777248657,0.99959725,0.0004711442,3815360,eclipsing_binary
1402.3108665801292,0.9998503,0.00047105487,3815360,eclipsing_binary
1402.312255434926,0.9991527,0.00047111927,3815360,eclipsing_binary
1402.3136442897237,0.9994603,0.0004709134,3815360,eclipsing_binary
1402.315033144987,1.0006021,0.00047131375,3815360,eclipsing_binary
1402.3164219997839,1.0005931,0.00047107047,3815360,eclipsing_binary
1402.3178108545817,1.0002186,0.00047121098,3815360,eclipsing_binary
1402.319199709845,0.9996905,0.00047098575,3815360,eclipsing_binary
1402.3205885646419,0.99897546,0.000470988,3815360,eclipsing_binary
1402.3219774194395,0.99983203,0.00047104355,3815360,eclipsing_binary
1402.3233662742373,1.0015136,0.00047141153,3815360,eclipsing_binary
1402.3247551294999,0.99909365,0.00047093636,3815360,eclipsing_binary
1402.3261439842968,1.0001688,0.00047107987,3815360,eclipsing_binary
1402.3275328390944,1.0000142,0.00047102242,3815360,eclipsing_binary
1402.328921693892,1.0000038,0.00047117946,3815360,eclipsing_binary
1402.3316994039524,1.0001037,0.0004712245,3815360,eclipsing_binary
1402.33308825875,1.000544,0.00047126052,3815360,eclipsing_binary
1402.334477113547,1.0001404,0.0004712708,3815360,eclipsing_binary
1402.3358659683447,0.999525,0.0004709921,3815360,eclipsing_binary
1402.337254823608,1.0003407,0.00047115164,3815360,eclipsing_binary
1402.3386436784049,1.0003419,0.00047120894,3815360,eclipsing_binary
1402.3400325332032,1.0002571,0.00047109113,3815360,eclipsing_binary
1402.3414213880017,0.9991701,0.00047094133,3815360,eclipsing_binary
1402.3428102427986,1.0005533,0.00047126654,3815360,eclipsing_binary
1402.3441990975955,1.0000439,0.00047108627,3815360,eclipsing_binary
1402.3455879528588,1.0000505,0.00047122609,3815360,eclipsing_binary
1402.3469768076566,1.0001371,0.0004712228,3815360,eclipsing_binary
1402.3483656624535,0.9986138,0.00047082928,3815360,eclipsing_binary
1402.349754517251,0.99872273,0.00047091855,3815360,eclipsing_binary
1402.3511433720487,0.99947566,0.0004710339,3815360,eclipsing_binary
1402.3525322268456,0.9996808,0.000470958,3815360,eclipsing_binary
1402.3539210816434,0.9994973,0.00047095912,3815360,eclipsing_binary
1402.355309936441,1.0001898,0.0004711543,3815360,eclipsing_binary
1402.3566987917036,1.0006242,0.0004712659,3815360,eclipsing_binary
1402.3580876465012,0.99941695,0.0004710534,3815360,eclipsing_binary
1402.359476501299,0.9995027,0.00047094657,3815360,eclipsing_binary
1402.360865356096,0.99982214,0.00047101823,3815360,eclipsing_binary
1402.3622542108935,1.0002949,0.0004711362,3815360,eclipsing_binary
1402.3636430656911,0.99965817,0.000471002,3815360,eclipsing_binary
1402.3650319204883,0.9999931,0.0004710423,3815360,eclipsing_binary
1402.3664207752852,1.0000784,0.00047102172,3815360,eclipsing_binary
1402.3678096300828,0.9989621,0.0004708377,3815360,eclipsing_binary
1402.3691984848806,1.0004975,0.00047121584,3815360,eclipsing_binary
1402.3705873396775,0.9997664,0.00047106715,3815360,eclipsing_binary
1402.371976194475,0.9991649,0.00047100525,3815360,eclipsing_binary
1402.3733650492727,0.9992573,0.00047094497,3815360,eclipsing_binary
1402.3747539040696,1.0008774,0.00047141322,3815360,eclipsing_binary
1402.3761427588674,1.0006276,0.00047123752,3815360,eclipsing_binary
1402.377531613665,1.0001955,0.00047114756,3815360,eclipsing_binary
1402.378920468462,0.9997963,0.00047101043,3815360,eclipsing_binary
1402.3803093232596,1.0004526,0.00047117283,3815360,eclipsing_binary
1402.3816981780574,0.9995777,0.00047088735,3815360,eclipsing_binary
1402.3830870328543,1.0001625,0.00047116308,3815360,eclipsing_binary
1402.3844758876512,0.99966794,0.00047104785,3815360,eclipsing_binary
1402.3858647424495,1.0003027,0.00047115673,3815360,eclipsing_binary
1402.387253597248,1.0009524,0.0004712386,3815360,eclipsing_binary
1402.388642452045,0.99943966,0.00047104247,3815360,eclipsing_binary
1402.3900313068425,0.9992537,0.00047093155,3815360,eclipsing_binary
1402.39142016164,0.99984056,0.0004710842,3815360,eclipsing_binary
1402.3928090164372,0.9993314,0.0004708813,3815360,eclipsing_binary
1402.3941978707692,1.0000345,0.0004710715,3815360,eclipsing_binary
1402.3955867255668,0.99985397,0.00047115283,3815360,eclipsing_binary
1402.3969755803637,1.0004089,0.00047117512,3815360,eclipsing_binary
1402.3983644351615,0.9989058,0.00047091144,3815360,eclipsing_binary
1402.399753289959,1.0005208,0.00047128147,3815360,eclipsing_binary
1402.401142144756,1.0002011,0.0004711116,3815360,eclipsing_binary
1402.402530999553,0.9999354,0.00047102667,3815360,eclipsing_binary
1402.4039198543505,1.0004202,0.00047119823,3815360,eclipsing_binary
1402.4053087086827,0.9996318,0.0004710093,3815360,eclipsing_binary
1402.4066975634796,0.9996801,0.00047102547,3815360,eclipsing_binary
1402.4080864182772,0.9991777,0.00047090737,3815360,eclipsing_binary
1402.4094752730748,1.0000906,0.00047105036,3815360,eclipsing_binary
1402.410864127872,1.0003037,0.00047123546,3815360,eclipsing_binary
1402.4122529826695,0.9994419,0.0004710486,3815360,eclipsing_binary
1402.4150306917984,0.9999112,0.00047109637,3815360,eclipsing_binary
1402.416419546596,0.99984145,0.00047101182,3815360,eclipsing_binary
1402.4178084013938,1.0003562,0.00047112454,3815360,eclipsing_binary
1402.4191972561907,0.9994769,0.00047094465,3815360,eclipsing_binary
1402.420586110522,1.0006782,0.00047119908,3815360,eclipsing_binary
1402.4219749653198,0.99982023,0.00047106348,3815360,eclipsing_binary
1402.4233638201174,1.0003768,0.00047107736,3815360,eclipsing_binary
1402.4247526749143,0.9994571,0.0004709962,3815360,eclipsing_binary
1402.4261415292463,0.99990773,0.00047112972,3815360,eclipsing_binary
1402.427530384044,1.0009062,0.0004712105,3815360,eclipsing_binary
1402.428919238841,0.9999183,0.0004710327,3815360,eclipsing_binary
1402.4303080936386,0.99953204,0.00047085292,3815360,eclipsing_binary
1402.4316969479712,0.9999474,0.0004710125,3815360,eclipsing_binary
1402.4330858027688,0.9992149,0.00047091252,3815360,eclipsing_binary
1402.4344746575666,0.99990916,0.00047107413,3815360,eclipsing_binary
1402.4358635118986,0.997791,0.00047050795,3815360,eclipsing_binary
1402.4372523666955,1.0000801,0.0004710742,3815360,eclipsing_binary
1402.4386412214926,1.0009286,0.00047128147,3815360,eclipsing_binary
1402.4400300762902,0.9994094,0.00047086892,3815360,eclipsing_binary
1402.4414189306221,0.9997673,0.00047094427,3815360,eclipsing_binary
1402.442807785419,1.0001174,0.00047107897,3815360,eclipsing_binary
1402.444196640217,1.0004764,0.00047121037,3815360,eclipsing_binary
1402.4455854945488,1.0005006,0.0004711583,3815360,eclipsing_binary
1402.4469743493457,0.99993426,0.00047106587,3815360,eclipsing_binary
1402.4483632036777,0.99956393,0.00047100874,3815360,eclipsing_binary
1402.4497520584753,0.99968445,0.000471117,3815360,eclipsing_binary
1402.4511409132724,1.000118,0.00047112355,3815360,eclipsing_binary
1402.4525297676043,0.99920285,0.00047068368,3815360,eclipsing_binary
1402.453918622402,1.0000069,0.00047115175,3815360,eclipsing_binary
1402.4553074771989,0.9989656,0.00047083513,3815360,eclipsing_binary
1402.45669633153,0.9992834,0.000470764,3815360,eclipsing_binary
1402.458085186328,0.99985445,0.00047100137,3815360,eclipsing_binary
1402.4594740406599,1.0000489,0.00047110033,3815360,eclipsing_binary
1402.4608628954568,0.99946374,0.00047099692,3815360,eclipsing_binary
1402.4622517502544,0.9995301,0.0004709586,3815360,eclipsing_binary
1402.4636406045865,1.0003709,0.00047101104,3815360,eclipsing_binary
1402.4650294593835,1.0002152,0.00047110207,3815360,eclipsing_binary
1402.4664183137154,1.0000427,0.00047111732,3815360,eclipsing_binary
1402.467807168513,1.000398,0.0004710796,3815360,eclipsing_binary
1402.4691960228445,1.0004089,0.00047109975,3815360,eclipsing_binary
1402.470584877642,1.00007,0.00047107216,3815360,eclipsing_binary
1402.471973731974,1.0000789,0.00047102015,3815360,eclipsing_binary
1402.4733625867711,1.0005507,0.0004711818,3815360,eclipsing_binary
1402.474751441103,1.0000582,0.00047087684,3815360,eclipsing_binary
1402.4761402959007,1.0000259,0.00047116578,3815360,eclipsing_binary
1402.4775291502326,0.9996175,0.00047113615,3815360,eclipsing_binary
1402.4789180050302,1.0006894,0.0004712056,3815360,eclipsing_binary
1402.4803068593624,0.9998235,0.00047102824,3815360,eclipsing_binary
1402.48169571416,1.0011842,0.00047106604,3815360,eclipsing_binary
1402.4830845684912,0.9998329,0.000471111,3815360,eclipsing_binary
1402.4844734232888,1.0003521,0.000471103,3815360,eclipsing_binary
1402.485862277621,0.99976337,0.00047094392,3815360,eclipsing_binary
1402.487251132418,1.0003992,0.0004711455,3815360,eclipsing_binary
1402.4886399867498,0.99938756,0.00047095586,3815360,eclipsing_binary
1402.4900288410818,1.0006734,0.0004712545,3815360,eclipsing_binary
1402.4914176958787,1.0000167,0.00047099293,3815360,eclipsing_binary
1402.4928065502108,1.0000021,0.0004711931,3815360,eclipsing_binary
1402.4941954050084,1.0001112,0.00047096127,3815360,eclipsing_binary
1402.4955842593397,1.0010154,0.00047111805,3815360,eclipsing_binary
1402.4969731141368,0.999774,0.0004709557,3815360,eclipsing_binary
1402.4983619684688,0.99991924,0.00047105143,3815360,eclipsing_binary
1402.4997508228007,1.0001372,0.0004709364,3815360,eclipsing_binary
1402.5011396775976,1.0001798,0.000471081,3815360,eclipsing_binary
1402.5025285319298,0.99967515,0.00047095312,3815360,eclipsing_binary
1402.5039173862617,1.0005269,0.00047102754,3815360,eclipsing_binary
1402.5053062410586,1.0003662,0.00047087602,3815360,eclipsing_binary
1402.5066950953906,0.99905795,0.00047073644,3815360,eclipsing_binary
1402.5080839501884,1.0009385,0.00047127524,3815360,eclipsing_binary
1402.5094728045196,1.0002414,0.0004710806,3815360,eclipsing_binary
1402.5108616588516,1.0002677,0.00047121706,3815360,eclipsing_binary
1402.5122505131835,1.0002494,0.00047105784,3815360,eclipsing_binary
1402.5136393679804,1.0001304,0.0004711438,3815360,eclipsing_binary
1402.5150282223117,0.9996105,0.00047095155,3815360,eclipsing_binary
1402.5164170766438,1.0003482,0.00047112117,3815360,eclipsing_binary
1402.5178059314414,0.99982125,0.00047109916,3815360,eclipsing_binary
1402.5191947857727,0.9993415,0.00047092894,3815360,eclipsing_binary
1402.5205836401046,1.0004064,0.0004712062,3815360,eclipsing_binary
1402.5219724949031,0.99965405,0.00047096884,3815360,eclipsing_binary
1402.523361349235,0.99999344,0.00047111075,3815360,eclipsing_binary
1402.524750203567,1.0008124,0.00047106025,3815360,eclipsing_binary
1402.526139057899,1.0011792,0.0004711603,3815360,eclipsing_binary
1402.527527912696,1.0003597,0.00047115612,3815360,eclipsing_binary
1402.528916767028,1.0000429,0.00047106427,3815360,eclipsing_binary
1402.53030562136,0.99971974,0.0004708553,3815360,eclipsing_binary
1402.5316944756914,1.0006907,0.00047123383,3815360,eclipsing_binary
1402.5330833304884,1.0000567,0.00047110755,3815360,eclipsing_binary
1402.5344721848203,0.99942833,0.00047081063,3815360,eclipsing_binary
1402.5358610391522,1.0005013,0.00047107603,3815360,eclipsing_binary
1402.5372498934835,0.9997406,0.0004709996,3815360,eclipsing_binary
1402.5386387478156,1.0010557,0.00047103796,3815360,eclipsing_binary
1402.5400276026132,0.99942243,0.00047087853,3815360,eclipsing_binary
1402.5414164569445,1.000332,0.0004709413,3815360,eclipsing_binary
1402.5428053112764,0.9993554,0.00047092454,3815360,eclipsing_binary
1402.5441941656086,1.0005655,0.0004711821,3815360,eclipsing_binary
1402.5455830199398,1.0004596,0.00047108883,3815360,eclipsing_binary
1402.5469718742718,1.0008527,0.000471186,3815360,eclipsing_binary
1402.5483607290694,0.9996687,0.00047106185,3815360,eclipsing_binary
1402.5497495834006,1.0003959,0.00047104136,3815360,eclipsing_binary
1402.551138437732,0.99978554,0.00047105417,3815360,eclipsing_binary
1402.552527292064,0.99900836,0.00047080152,3815360,eclipsing_binary
1402.553916146396,1.0002791,0.00047095126,3815360,eclipsing_binary
1402.5553050007275,1.000398,0.00047116968,3815360,eclipsing_binary
1402.5566938550594,1.0005274,0.0004711491,3815360,eclipsing_binary
1402.5580827093913,0.999231,0.00047083368,3815360,eclipsing_binary
1402.5594715637226,1.0003427,0.00047106942,3815360,eclipsing_binary
1402.5608604185204,1.0011418,0.00047121404,3815360,eclipsing_binary
1402.5622492728523,1.0015519,0.00047139774,3815360,eclipsing_binary
1402.5636381271836,1.0007102,0.0004710433,3815360,eclipsing_binary
1402.5650269815155,0.999742,0.0004708858,3815360,eclipsing_binary
1402.5664158358481,0.9998662,0.0004710505,3815360,eclipsing_binary
1402.5678046901803,1.000199,0.00047097023,3815360,eclipsing_binary
1402.5691935445116,1.0007092,0.00047136573,3815360,eclipsing_binary
1402.5705823988435,1.0001773,0.00047088554,3815360,eclipsing_binary
1402.5719712531754,1.00033,0.00047103356,3815360,eclipsing_binary
1402.573360107507,0.99972403,0.00047092038,3815360,eclipsing_binary
1402.5747489618388,0.9987619,0.00047067736,3815360,eclipsing_binary
1402.5761378161708,1.0004048,0.00047112216,3815360,eclipsing_binary
1402.5775266705023,1.0007472,0.0004711543,3815360,eclipsing_binary
1402.5789155248342,0.9992041,0.00047080475,3815360,eclipsing_binary
1402.5803043791661,0.9998729,0.0004711008,3815360,eclipsing_binary
1402.5816932334974,0.99946386,0.00047081622,3815360,eclipsing_binary
1402.5830820878296,0.9996147,0.00047102978,3815360,eclipsing_binary
1402.5844709421615,1.0003405,0.00047107894,3815360,eclipsing_binary
1402.5858597964927,0.9996446,0.00047084963,3815360,eclipsing_binary
1402.5872486508247,1.0008103,0.0004712232,3815360,eclipsing_binary
1402.5886375051566,0.9998912,0.0004709361,3815360,eclipsing_binary
1402.590026359488,0.9990823,0.0004709833,3815360,eclipsing_binary
1402.5914152138193,1.0005774,0.00047112405,3815360,eclipsing_binary
1402.5928040681513,0.99992317,0.00047109133,3815360,eclipsing_binary
1402.5941929224832,0.9999639,0.00047108057,3815360,eclipsing_binary
1402.5955817763488,1.0002505,0.00047111747,3815360,eclipsing_binary
1402.596970630681,1.0005783,0.00047112504,3815360,eclipsing_binary
1402.598359485013,0.9997799,0.00047114422,3815360,eclipsing_binary
1402.5997483393442,1.0015731,0.0004712833,3815360,eclipsing_binary
1402.601137193676,1.000043,0.00047088237,3815360,eclipsing_binary
1402.6025260480083,1.0008299,0.00047119166,3815360,eclipsing_binary
1402.6039149023395,1.0006032,0.0004711279,3815360,eclipsing_binary
1402.6053037566714,1.0008409,0.00047122934,3815360,eclipsing_binary
1402.6066926110034,1.0008936,0.00047122766,3815360,eclipsing_binary
1402.6080814648692,0.9997899,0.0004708605,3815360,eclipsing_binary
1402.6094703192005,0.99957436,0.00047097864,3815360,eclipsing_binary
1402.610859173533,1.0004036,0.00047111444,3815360,eclipsing_binary
1402.612248027866,1.0005218,0.00047101954,3815360,eclipsing_binary
1402.6136368821972,0.99976116,0.0004710581,3815360,eclipsing_binary
1402.615025736529,1.0006527,0.0004710435,3815360,eclipsing_binary
1402.6164145903954,1.0004226,0.00047104474,3815360,eclipsing_binary
1402.6178034447266,0.99977106,0.00047083554,3815360,eclipsing_binary
1402.6191922990588,1.0012016,0.00047115947,3815360,eclipsing_binary
1402.6205811533907,0.9999388,0.00047101508,3815360,eclipsing_binary
1402.621970007722,0.9999139,0.00047079174,3815360,eclipsing_binary
1402.6233588615883,0.99984044,0.00047095635,3815360,eclipsing_binary
1402.6247477159204,0.9984337,0.00047077163,3815360,eclipsing_binary
1402.6261365702517,1.0013334,0.0004712912,3815360,eclipsing_binary
1402.627525424583,1.0001608,0.00047094346,3815360,eclipsing_binary
1402.6289142784492,1.0003628,0.00047103534,3815360,eclipsing_binary
1402.6303031327811,0.9995851,0.00047100845,3815360,eclipsing_binary
1402.6316919871126,1.0003344,0.0004710325,3815360,eclipsing_binary
1402.6330808414446,1.0001385,0.00047103618,3815360,eclipsing_binary
1402.6344696953108,0.9996798,0.0004709127,3815360,eclipsing_binary
1402.6358585496423,0.99927634,0.00047081645,3815360,eclipsing_binary
1402.6372474039742,0.9993388,0.00047091665,3815360,eclipsing_binary
1402.6386362578405,1.0007915,0.00047104523,3815360,eclipsing_binary
1402.6400251121718,1.0003686,0.0004709631,3815360,eclipsing_binary
1402.641413966504,1.0011086,0.00047112338,3815360,eclipsing_binary
1402.6428028208359,1.0005871,0.0004710877,3815360,eclipsing_binary
1402.6441916747015,1.0008613,0.00047117635,3815360,eclipsing_binary
1402.6455805290327,1.0012418,0.00047115242,3815360,eclipsing_binary
1402.6469693833646,0.9999751,0.0004709373,3815360,eclipsing_binary
1402.6483582372312,0.9999622,0.0004709031,3815360,eclipsing_binary
1402.6497470915624,1.0000017,0.00047090914,3815360,eclipsing_binary
1402.6511359458943,1.0003064,0.00047089142,3815360,eclipsing_binary
1402.6525247997606,0.9994833,0.00047094547,3815360,eclipsing_binary
1402.6539136540919,1.0007267,0.0004712087,3815360,eclipsing_binary
1402.655302507959,1.0006434,0.0004711249,3815360,eclipsing_binary
1402.6566913622917,0.99975175,0.00047102958,3815360,eclipsing_binary
1402.658080216623,1.0019501,0.00047109518,3815360,eclipsing_binary
1402.6594690704892,0.99987125,0.00047086607,3815360,eclipsing_binary
1402.6608579248214,0.9996458,0.00047086505,3815360,eclipsing_binary
1402.662246778687,0.9996429,0.00047085425,3815360,eclipsing_binary
1402.6636356330182,0.9997062,0.0004708689,3815360,eclipsing_binary
1402.6650244873504,1.0003769,0.0004710155,3815360,eclipsing_binary
1402.6664133412166,1.0011706,0.00047124713,3815360,eclipsing_binary
1402.667802195548,0.9998942,0.00047105717,3815360,eclipsing_binary
1402.6691910494142,0.99970615,0.00047097175,3815360,eclipsing_binary
1402.6705799037463,0.99978137,0.0004710001,3815360,eclipsing_binary
1402.671968757612,1.0004138,0.00047096974,3815360,eclipsing_binary
1402.6733576119439,0.999891,0.00047092797,3815360,eclipsing_binary
1402.6747464658101,0.9992318,0.0004707572,3815360,eclipsing_binary
1402.6761353201414,0.99995434,0.00047089567,3815360,eclipsing_binary
1402.6775241740079,0.9987857,0.00047069465,3815360,eclipsing_binary
1402.6789130283398,1.0007248,0.0004710974,3815360,eclipsing_binary
1402.6803018822054,1.000907,0.0004710846,3815360,eclipsing_binary
1402.6816907365367,1.0002918,0.00047100356,3815360,eclipsing_binary
1402.683079590403,1.0002207,0.00047090914,3815360,eclipsing_binary
1402.6872461529326,1.0006082,0.00047116354,3815360,eclipsing_binary
1402.6900238611304,0.9998451,0.0004709313,3815360,eclipsing_binary
1402.6914127149967,1.000912,0.00047104855,3815360,eclipsing_binary
1402.6928015693286,0.99994075,0.0004709556,3815360,eclipsing_binary
1402.6941904231944,1.0007682,0.0004711428,3815360,eclipsing_binary
1402.6955792775263,0.9999112,0.00047096022,3815360,eclipsing_binary
1402.6969681313926,1.0000814,0.00047090926,3815360,eclipsing_binary
1402.698356985259,0.9993609,0.00047074727,3815360,eclipsing_binary
1402.6997458395908,0.9998772,0.00047099008,3815360,eclipsing_binary
1402.7011346934573,1.0001386,0.00047104628,3815360,eclipsing_binary
1402.7025235477893,1.0003915,0.0004711293,3815360,eclipsing_binary
1402.7039124016549,0.999621,0.00047098874,3815360,eclipsing_binary
1402.7053012555211,1.001467,0.00047130088,3815360,eclipsing_binary
1402.7066901098533,1.0001523,0.00047102472,3815360,eclipsing_binary
1402.708078963719,1.0004476,0.00047091502,3815360,eclipsing_binary
1402.710856671917,1.0001768,0.00047092562,3815360,eclipsing_binary
1402.7219675037763,0.9998308,0.00047095047,3815360,eclipsing_binary
1402.7233563581085,0.9996206,0.0004709554,3815360,eclipsing_binary
1402.7247452119748,0.9997772,0.0004711111,3815360,eclipsing_binary
1402.7261340658404,0.99979055,0.0004708973,3815360,eclipsing_binary
1402.7275229197066,0.9998774,0.0004711054,3815360,eclipsing_binary
1402.7289117740388,1.0008719,0.00047124573,3815360,eclipsing_binary
1402.7303006279044,1.000028,0.00047098985,3815360,eclipsing_binary
1402.7316894817707,1.0004658,0.00047118263,3815360,eclipsing_binary
1402.7330783361026,1.0004973,0.00047129462,3815360,eclipsing_binary
1402.7344671899682,0.99947876,0.0004709502,3815360,eclipsing_binary
1402.7358560438347,1.0002317,0.0004711591,3815360,eclipsing_binary
1402.737244897701,1.0004997,0.00047111802,3815360,eclipsing_binary
1402.7386337515666,0.99991,0.00047113217,3815360,eclipsing_binary
1402.7400226058978,0.9994438,0.0004710434,3815360,eclipsing_binary
1402.741411459765,1.0001094,0.00047107544,3815360,eclipsing_binary
1402.742800313632,0.9996226,0.0004710214,3815360,eclipsing_binary
1402.7441891674976,1.0000862,0.0004711135,3815360,eclipsing_binary
1402.745578021364,0.99992746,0.0004710258,3815360,eclipsing_binary
1402.746966875696,0.99976075,0.0004711255,3815360,eclipsing_binary
1402.7483557295616,1.0001962,0.00047113473,3815360,eclipsing_binary
1402.7497445834279,1.0003989,0.0004711353,3815360,eclipsing_binary
1402.7511334372941,1.0002226,0.00047117827,3815360,eclipsing_binary
1402.75252229116,0.99977463,0.00047108953,3815360,eclipsing_binary
1402.7539111450262,0.9991681,0.00047102023,3815360,eclipsing_binary
1402.7552999993582,1.0003949,0.0004710703,3815360,eclipsing_binary
1402.7566888532237,1.0002921,0.00047128834,3815360,eclipsing_binary
1402.7580777070893,1.0007734,0.000471295,3815360,eclipsing_binary
1402.7594665609558,0.9994471,0.0004709301,3815360,eclipsing_binary
1402.7608554148221,1.0002453,0.00047114815,3815360,eclipsing_binary
1402.7622442686877,1.0000069,0.00047104983,3815360,eclipsing_binary
1402.763633122554,1.0005732,0.00047134914,3815360,eclipsing_binary
1402.7650219764205,1.0006123,0.0004712135,3815360,eclipsing_binary
1402.766410830286,0.99931717,0.00047102303,3815360,eclipsing_binary
1402.7677996841524,1.0005974,0.00047118985,3815360,eclipsing_binary
1402.7691885384843,1.0001042,0.0004711553,3815360,eclipsing_binary
1402.77057739235,0.9995454,0.00047105982,3815360,eclipsing_binary
1402.7719662462164,1.000279,0.0004711429,3815360,eclipsing_binary
1402.7733551000827,0.9997667,0.00047112664,3815360,eclipsing_binary
1402.7747439539482,0.99991554,0.0004710782,3815360,eclipsing_binary
1402.776132807814,0.99964947,0.0004710463,3815360,eclipsing_binary
1402.7775216616803,1.0008876,0.0004712176,3815360,eclipsing_binary
1402.7789105155466,0.9998991,0.00047112574,3815360,eclipsing_binary
1402.7802993694122,1.0000879,0.00047120595,3815360,eclipsing_binary
1402.7816882232787,0.99984217,0.00047117192,3815360,eclipsing_binary
1402.783077077145,1.0000653,0.00047107157,3815360,eclipsing_binary
1402.7844659310113,0.9996412,0.00047102963,3815360,eclipsing_binary
1402.7858547848782,0.9993905,0.00047103292,3815360,eclipsing_binary
1402.7872436387447,1.0000466,0.00047118322,3815360,eclipsing_binary
1402.7886324926103,1.0001965,0.00047113912,3815360,eclipsing_binary
1402.7900213464766,1.0002944,0.00047128665,3815360,eclipsing_binary
1402.7914102003429,0.999589,0.00047108135,3815360,eclipsing_binary
1402.7927990542084,0.9998218,0.00047101258,3815360,eclipsing_binary
1402.7941879080743,1.0002056,0.00047111188,3815360,eclipsing_binary
1402.7955767619405,1.000417,0.00047113313,3815360,eclipsing_binary
1402.7969656153412,0.99902797,0.000470955,3815360,eclipsing_binary
1402.798354469207,1.0003533,0.00047113336,3815360,eclipsing_binary
1402.7997433230732,0.999349,0.00047097693,3815360,eclipsing_binary
1402.8011321769395,0.9994367,0.0004709634,3815360,eclipsing_binary
1402.802521030805,0.9998689,0.0004711166,3815360,eclipsing_binary
1402.8039098846716,0.99925715,0.00047097463,3815360,eclipsing_binary
1402.8052987385379,1.0004369,0.00047129896,3815360,eclipsing_binary
1402.8066875924035,0.9997622,0.00047103834,3815360,eclipsing_binary
1402.8080764462698,1.0006487,0.00047117285,3815360,eclipsing_binary
1402.8094653001363,1.0005537,0.00047122603,3815360,eclipsing_binary
1402.8108541535362,0.9994755,0.00047105883,3815360,eclipsing_binary
1402.8122430074018,0.99962807,0.0004710186,3815360,eclipsing_binary
1402.813631861268,1.0001869,0.0004711562,3815360,eclipsing_binary
1402.8150207151343,0.9992379,0.0004709056,3815360,eclipsing_binary
1402.816409569,0.9993733,0.00047101543,3815360,eclipsing_binary
1402.8177984228664,1.0007968,0.00047130292,3815360,eclipsing_binary
1402.8191872767327,1.0001041,0.00047116337,3815360,eclipsing_binary
1402.8205761301326,1.0005047,0.00047117914,3815360,eclipsing_binary
1402.821964983999,0.9993656,0.000471025,3815360,eclipsing_binary
1402.8233538378654,0.99972814,0.00047106386,3815360,eclipsing_binary
1402.824742691731,1.0003132,0.0004711339,3815360,eclipsing_binary
1402.8261315455973,1.0003005,0.00047120257,3815360,eclipsing_binary
1402.8275203989988,1.0001934,0.00047119975,3815360,eclipsing_binary
1402.828909252865,0.9999684,0.00047111098,3815360,eclipsing_binary
1402.8302981067313,0.99971956,0.0004711594,3815360,eclipsing_binary
1402.8316869605976,0.99921936,0.00047095455,3815360,eclipsing_binary
1402.8330758139978,1.0002774,0.00047132262,3815360,eclipsing_binary
1402.8344646678634,0.99986655,0.0004711329,3815360,eclipsing_binary
1402.8358535217296,1.0000744,0.0004711725,3815360,eclipsing_binary
1402.837242375596,0.9998142,0.00047108255,3815360,eclipsing_binary
1402.8386312289958,1.000615,0.00047135458,3815360,eclipsing_binary
1402.8400200828623,0.9994367,0.00047107434,3815360,eclipsing_binary
1402.8414089367286,0.9990339,0.00047102702,3815360,eclipsing_binary
1402.8427977905942,1.000396,0.00047120368,3815360,eclipsing_binary
1402.8441866439948,0.99946845,0.00047117585,3815360,eclipsing_binary
1402.8455754978613,0.99946284,0.0004711685,3815360,eclipsing_binary
1402.846964351727,1.0005761,0.00047123706,3815360,eclipsing_binary
1402.8483532051275,0.99954075,0.00047102457,3815360,eclipsing_binary
1402.8497420589938,0.9999163,0.00047106904,3815360,eclipsing_binary
1402.8511309128594,0.9999557,0.0004711555,3815360,eclipsing_binary
1402.8525197662595,1.000123,0.00047100207,3815360,eclipsing_binary
1402.8539086201258,0.9998799,0.00047105653,3815360,eclipsing_binary
1402.855297473992,0.9999874,0.00047111648,3815360,eclipsing_binary
1402.8566863273923,0.9999156,0.00047098327,3815360,eclipsing_binary
1402.8580751812585,1.0006238,0.00047129884,3815360,eclipsing_binary
1402.8594640351248,0.9996973,0.000471008,3815360,eclipsing_binary
1402.8608528885247,0.99882305,0.0004709405,3815360,eclipsing_binary
1402.8622417423912,1.0001315,0.00047101954,3815360,eclipsing_binary
1402.8636305957918,1.0003328,0.00047134038,3815360,eclipsing_binary
1402.8650194496574,1.0004553,0.00047120408,3815360,eclipsing_binary
1402.8664083035237,1.0005337,0.0004712193,3815360,eclipsing_binary
1402.8677971569246,1.0001479,0.00047114107,3815360,eclipsing_binary
1402.8691860107908,0.9996496,0.0004711334,3815360,eclipsing_binary
1402.8705748641914,1.0002557,0.00047116776,3815360,eclipsing_binary
1402.8719637180577,1.0001998,0.0004712157,3815360,eclipsing_binary
1402.873352571924,0.9995915,0.00047107975,3815360,eclipsing_binary
1402.8747414253241,1.0003325,0.00047115286,3815360,eclipsing_binary
1402.8761302791904,1.0002794,0.0004711991,3815360,eclipsing_binary
1402.877519132591,0.99981093,0.00047120824,3815360,eclipsing_binary
1402.8789079864566,0.99975795,0.00047100004,3815360,eclipsing_binary
1402.8802968398572,1.0005885,0.00047116296,3815360,eclipsing_binary
1402.8816856937237,1.000223,0.0004711017,3815360,eclipsing_binary
1402.8830745471237,1.0011622,0.00047139608,3815360,eclipsing_binary
1402.88446340099,0.99908507,0.00047091272,3815360,eclipsing_binary
1402.8858522543906,0.99975157,0.00047125475,3815360,eclipsing_binary
1402.8872411082564,1.0003126,0.00047115635,3815360,eclipsing_binary
1402.8886299616563,1.0004174,0.00047119957,3815360,eclipsing_binary
1402.8900188155226,0.99932414,0.0004709516,3815360,eclipsing_binary
1402.8914076689234,0.99933255,0.0004710273,3815360,eclipsing_binary
1402.892796522789,0.99889165,0.00047085696,3815360,eclipsing_binary
1402.8941853761896,0.99955904,0.00047095562,3815360,eclipsing_binary
1402.895574230056,0.99895483,0.00047090193,3815360,eclipsing_binary
1402.8969630834558,0.99976224,0.00047112725,3815360,eclipsing_binary
1402.8983519373223,0.999724,0.00047111604,3815360,eclipsing_binary
1402.899740790723,0.99938077,0.0004709318,3815360,eclipsing_binary
1402.9011296445885,0.9994601,0.00047104675,3815360,eclipsing_binary
1402.9025184979891,0.9998635,0.00047112265,3815360,eclipsing_binary
1402.90390735139,1.0005555,0.000471126,3815360,eclipsing_binary
1402.9052962052556,0.9991137,0.0004709631,3815360,eclipsing_binary
1402.9066850586555,1.000001,0.0004710421,3815360,eclipsing_binary
1402.908073912522,1.0003104,0.00047119305,3815360,eclipsing_binary
1402.9094627659226,1.000064,0.0004711111,3815360,eclipsing_binary
1402.9108516193226,0.9994163,0.00047102678,3815360,eclipsing_binary
1402.9122404731895,0.9997769,0.00047108738,3815360,eclipsing_binary
1402.913629326591,1.0003166,0.00047112527,3815360,eclipsing_binary
1402.915018179991,0.99993193,0.00047114262,3815360,eclipsing_binary
1402.9164070338572,1.0005972,0.00047115065,3815360,eclipsing_binary
1402.9177958872579,0.999852,0.00047107707,3815360,eclipsing_binary
1402.9191847411234,1.0002165,0.00047113423,3815360,eclipsing_binary
1402.9205735945243,1.0004904,0.00047126904,3815360,eclipsing_binary
1402.921962447925,1.0002502,0.00047105039,3815360,eclipsing_binary
1402.9233513017905,0.9986966,0.00047092058,3815360,eclipsing_binary
1402.9247401551904,0.9999264,0.00047105184,3815360,eclipsing_binary
1402.926129008591,1.0011771,0.00047134326,3815360,eclipsing_binary
1402.9275178619919,0.9995896,0.0004710174,3815360,eclipsing_binary
1402.9289067158575,1.0001668,0.00047114477,3815360,eclipsing_binary
1402.930295569258,0.99972945,0.00047102667,3815360,eclipsing_binary
1402.9316844226587,0.9997428,0.0004711722,3815360,eclipsing_binary
1402.9330732765245,0.9998106,0.00047103016,3815360,eclipsing_binary
1402.9344621299251,0.99934053,0.000471057,3815360,eclipsing_binary
1402.9358509833257,1.0004655,0.0004714028,3815360,eclipsing_binary
1402.937239836726,1.0000665,0.00047123872,3815360,eclipsing_binary
1402.9386286905922,0.9999756,0.0004711323,3815360,eclipsing_binary
1402.9400175439928,1.0002273,0.0004711843,3815360,eclipsing_binary
1402.9414063973927,0.9996707,0.00047116188,3815360,eclipsing_binary
1402.9427952507936,1.000016,0.0004711673,3815360,eclipsing_binary
1402.9441841046598,1.0007125,0.00047107897,3815360,eclipsing_binary
1402.9455729580598,1.0004655,0.00047118234,3815360,eclipsing_binary
1402.9469618114597,1.0002946,0.00047128377,3815360,eclipsing_binary
1402.9483506648603,1.0005422,0.0004712911,3815360,eclipsing_binary
1402.9497395182611,1.0002239,0.00047110405,3815360,eclipsing_binary
1402.9511283721267,0.9998535,0.00047118063,3815360,eclipsing_binary
1402.9525172255273,0.9992608,0.0004709788,3815360,eclipsing_binary
1402.9539060789286,1.0004534,0.0004710913,3815360,eclipsing_binary
1402.9552949323293,0.99949276,0.0004710397,3815360,eclipsing_binary
1402.95668378573,0.9997449,0.0004711379,3815360,eclipsing_binary
1402.9580726395964,0.99933875,0.00047090207,3815360,eclipsing_binary
1402.9594614929963,0.99905616,0.00047101334,3815360,eclipsing_binary
1402.960850346397,1.0002382,0.0004711023,3815360,eclipsing_binary
1402.9622391997978,1.0008792,0.00047126654,3815360,eclipsing_binary
1402.9636280531977,1.000151,0.00047109494,3815360,eclipsing_binary
1402.9650169065976,0.9995759,0.00047105615,3815360,eclipsing_binary
1402.9664057599985,1.0001261,0.000471164,3815360,eclipsing_binary
1402.967794613399,0.99977255,0.0004710192,3815360,eclipsing_binary
1402.9691834672647,1.0005585,0.00047124136,3815360,eclipsing_binary
1402.9705723206653,0.999736,0.0004710138,3815360,eclipsing_binary
1402.971961174066,0.99965864,0.0004711055,3815360,eclipsing_binary
1402.973350027466,1.000194,0.0004711089,3815360,eclipsing_binary
1402.9747388808667,0.99998814,0.0004710763,3815360,eclipsing_binary
1402.9761277342673,1.0000764,0.000471182,3815360,eclipsing_binary
1402.9775165876672,1.0003463,0.00047113188,3815360,eclipsing_binary
1402.978905441068,1.0004114,0.00047120504,3815360,eclipsing_binary
1402.9802942944686,1.0003498,0.0004711281,3815360,eclipsing_binary
1402.9816831478686,0.9996737,0.00047111034,3815360,eclipsing_binary
1402.9830720012685,0.9997745,0.00047110405,3815360,eclipsing_binary
1402.9844608546691,1.0000261,0.00047106048,3815360,eclipsing_binary
1402.98584970807,0.999586,0.0004709666,3815360,eclipsing_binary
1402.98723856147,1.0001602,0.00047118083,3815360,eclipsing_binary
1402.9886274148705,1.0000054,0.0004710834,3815360,eclipsing_binary
1402.9900162682711,1.0000321,0.000471139,3815360,eclipsing_binary
1402.9914051216713,1.0004965,0.00047122512,3815360,eclipsing_binary
1402.992793975072,0.9999286,0.00047104314,3815360,eclipsing_binary
1402.9941828284732,1.0002422,0.0004711642,3815360,eclipsing_binary
1402.995571681874,0.99985784,0.0004710116,3815360,eclipsing_binary
1402.9969605352746,1.0002968,0.00047124093,3815360,eclipsing_binary
1402.9983493886753,0.9993141,0.0004709836,3815360,eclipsing_binary
1402.9997382420752,1.0001131,0.00047111744,3815360,eclipsing_binary
1403.001127095475,1.0004056,0.0004711426,3815360,eclipsing_binary
1403.002515948876,1.0004531,0.00047113758,3815360,eclipsing_binary
1403.0039048022766,0.99999434,0.0004710764,3815360,eclipsing_binary
1403.0052936556765,1.000242,0.00047114692,3815360,eclipsing_binary
1403.006682509077,1.0003124,0.00047117608,3815360,eclipsing_binary
1403.008071362478,1.000523,0.00047123342,3815360,eclipsing_binary
1403.0094602158779,1.0005641,0.00047123042,3815360,eclipsing_binary
1403.0108490692785,1.0013713,0.00047128822,3815360,eclipsing_binary
1403.012237922679,1.0005169,0.0004711519,3815360,eclipsing_binary
1403.013626776079,0.9994679,0.0004710058,3815360,eclipsing_binary
1403.0150156290142,0.9996986,0.00047115667,3815360,eclipsing_binary
1403.0164044824148,0.9997326,0.00047104387,3815360,eclipsing_binary
1403.0177933358148,1.000652,0.00047129625,3815360,eclipsing_binary
1403.019182189215,0.99980444,0.00047096534,3815360,eclipsing_binary
1403.0205710426155,1.0000488,0.00047101054,3815360,eclipsing_binary
1403.0219598960161,1.0001101,0.00047116005,3815360,eclipsing_binary
1403.023348749416,0.9999491,0.00047108697,3815360,eclipsing_binary
1403.0247376023513,1.0001217,0.00047106654,3815360,eclipsing_binary
1403.0261264557519,1.0001149,0.00047104072,3815360,eclipsing_binary
1403.0275153091518,1.0000054,0.0004710034,3815360,eclipsing_binary
1403.0289041625524,1.000072,0.0004712286,3815360,eclipsing_binary
1403.0302930159532,1.0001502,0.00047116276,3815360,eclipsing_binary
1403.0316818693532,1.0002538,0.00047117347,3815360,eclipsing_binary
1403.0330707222881,1.0004079,0.00047118735,3815360,eclipsing_binary
1403.0344595756887,1.0003233,0.00047110036,3815360,eclipsing_binary
1403.0358484290896,1.000029,0.00047113874,3815360,eclipsing_binary
1403.0372372824902,1.000612,0.0004712748,3815360,eclipsing_binary
1403.0386261354251,0.9999924,0.00047103965,3815360,eclipsing_binary
1403.0400149888258,0.99975604,0.00047114913,3815360,eclipsing_binary
1403.041403842226,0.99918145,0.0004710521,3815360,eclipsing_binary
1403.0427926956265,1.0001743,0.00047109096,3815360,eclipsing_binary
1403.0441815490271,0.9993892,0.00047104483,3815360,eclipsing_binary
1403.0455704019614,1.0004901,0.00047113025,3815360,eclipsing_binary
1403.0469592553623,0.9999033,0.0004711441,3815360,eclipsing_binary
1403.0483481087629,0.9996653,0.00047107547,3815360,eclipsing_binary
1403.0497369616971,0.99991184,0.0004711218,3815360,eclipsing_binary
1403.0511258150977,1.0001655,0.00047103968,3815360,eclipsing_binary
1403.0525146684984,0.99980456,0.0004710239,3815360,eclipsing_binary
1403.0539035218985,1.000533,0.00047128656,3815360,eclipsing_binary
1403.0552923748335,1.0001522,0.0004710748,3815360,eclipsing_binary
1403.056681228234,0.999414,0.00047102603,3815360,eclipsing_binary
1403.058070081634,1.000957,0.00047118563,3815360,eclipsing_binary
1403.0594589345683,1.0001254,0.00047107702,3815360,eclipsing_binary
1403.0608477879691,0.99858683,0.00047079453,3815360,eclipsing_binary
1403.0622366413697,1.0001988,0.00047118927,3815360,eclipsing_binary
1403.063625494304,1.0005828,0.00047116363,3815360,eclipsing_binary
1403.0650143477046,1.0001947,0.00047111305,3815360,eclipsing_binary
1403.0664032011055,1.0008092,0.00047119035,3815360,eclipsing_binary
1403.0677920540397,1.000418,0.0004711471,3815360,eclipsing_binary
1403.0691809074403,1.0002846,0.00047104503,3815360,eclipsing_binary
1403.0705697603753,1.0001183,0.00047121962,3815360,eclipsing_binary
1403.0719586137755,0.9997341,0.00047109136,3815360,eclipsing_binary
1403.073347467176,1.0005869,0.00047121797,3815360,eclipsing_binary
1403.074736320111,0.99974686,0.00047101398,3815360,eclipsing_binary
1403.0761251735116,0.9989329,0.00047084817,3815360,eclipsing_binary
1403.0775140269125,1.0008658,0.00047118007,3815360,eclipsing_binary
1403.0789028798474,0.9998289,0.000471015,3815360,eclipsing_binary
1403.080291733248,1.0001923,0.00047109244,3815360,eclipsing_binary
1403.0816805861823,1.0008146,0.00047126136,3815360,eclipsing_binary
1403.0830694395831,0.99969786,0.00047112312,3815360,eclipsing_binary
1403.084458292518,1.000144,0.00047111817,3815360,eclipsing_binary
1403.085847145918,1.000229,0.0004711632,3815360,eclipsing_binary
1403.087235998853,1.0003546,0.00047110036,3815360,eclipsing_binary
1403.0886248522538,1.0002317,0.00047122978,3815360,eclipsing_binary
1403.0900137056537,1.0012093,0.00047149605,3815360,eclipsing_binary
1403.0914025585887,1.0007777,0.00047117678,3815360,eclipsing_binary
1403.0927914119893,1.0000612,0.00047118572,3815360,eclipsing_binary
1403.0941802649236,1.0003341,0.0004711741,3815360,eclipsing_binary
1403.0955691183237,0.9996719,0.00047099896,3815360,eclipsing_binary
1403.0969579712587,1.0007725,0.0004712711,3815360,eclipsing_binary
1403.0983468246593,1.0006799,0.0004711779,3815360,eclipsing_binary
1403.0997356775938,0.9993389,0.00047102766,3815360,eclipsing_binary
1403.1011245309944,1.0001012,0.0004711979,3815360,eclipsing_binary
1403.1025133839294,0.99932265,0.00047092902,3815360,eclipsing_binary
1403.1039022368636,1.0002624,0.00047111802,3815360,eclipsing_binary
1403.1052910902645,0.99963355,0.00047095763,3815360,eclipsing_binary
1403.1066799431994,0.99965864,0.00047100437,3815360,eclipsing_binary
1403.1080687965994,0.99940544,0.0004708744,3815360,eclipsing_binary
1403.1094576495343,0.99991953,0.00047098106,3815360,eclipsing_binary
1403.110846502935,1.0003732,0.0004711069,3815360,eclipsing_binary
1403.1122353558694,0.99982727,0.0004709739,3815360,eclipsing_binary
1403.1136242092693,1.0001682,0.00047113636,3815360,eclipsing_binary
1403.1150130622043,1.0002571,0.00047107541,3815360,eclipsing_binary
1403.1164019151392,1.0002527,0.00047116898,3815360,eclipsing_binary
1403.11779076854,1.0004845,0.00047113554,3815360,eclipsing_binary
1403.1191796214757,1.0001062,0.00047105868,3815360,eclipsing_binary
1403.1205684748763,1.0003856,0.00047110915,3815360,eclipsing_binary
1403.1219573278106,1.0000839,0.00047107364,3815360,eclipsing_binary
1403.1233461807456,0.9995714,0.0004710454,3815360,eclipsing_binary
1403.1247350341464,1.000273,0.00047118403,3815360,eclipsing_binary
1403.1261238870807,1.0005466,0.00047120723,3815360,eclipsing_binary
1403.1275127400156,0.9992298,0.00047100123,3815360,eclipsing_binary
1403.1289015934162,0.9997491,0.0004709633,3815360,eclipsing_binary
1403.1302904463507,1.0004593,0.00047106473,3815360,eclipsing_binary
1403.131679299285,0.9999612,0.00047113895,3815360,eclipsing_binary
1403.1330681526856,0.9998515,0.00047087498,3815360,eclipsing_binary
1403.1344570056208,1.000674,0.00047132015,3815360,eclipsing_binary
1403.135845858555,0.99977505,0.00047103484,3815360,eclipsing_binary
1403.1372347119557,1.0003211,0.0004711373,3815360,eclipsing_binary
1403.1386235648906,1.0004312,0.00047114422,3815360,eclipsing_binary
1403.140012417825,1.0003407,0.00047103726,3815360,eclipsing_binary
1403.1414012712257,1.0002456,0.00047120184,3815360,eclipsing_binary
1403.1427901241607,1.000494,0.00047130493,3815360,eclipsing_binary
1403.144178977095,0.99961036,0.0004708733,3815360,eclipsing_binary
1403.14556783003,1.0004152,0.00047120778,3815360,eclipsing_binary
1403.1469566834307,1.0001456,0.00047105347,3815360,eclipsing_binary
1403.148345536365,0.99989635,0.0004710629,3815360,eclipsing_binary
1403.1497343892993,1.0002635,0.0004710995,3815360,eclipsing_binary
1403.1511232422342,1.000578,0.00047131072,3815360,eclipsing_binary
1403.1525120956348,1.0003575,0.00047112597,3815360,eclipsing_binary
1403.1539009485693,1.0002604,0.0004711324,3815360,eclipsing_binary
1403.1552898015043,1.0002644,0.00047107713,3815360,eclipsing_binary
1403.1566786544392,1.0002531,0.0004711601,3815360,eclipsing_binary
1403.1580675073742,0.9997688,0.00047096,3815360,eclipsing_binary
1403.1594563607757,1.0007733,0.0004710587,3815360,eclipsing_binary
1403.1608452137107,0.99987954,0.00047107914,3815360,eclipsing_binary
1403.162234066645,1.000185,0.0004710329,3815360,eclipsing_binary
1403.1636229195801,0.9999941,0.0004710382,3815360,eclipsing_binary
1403.165011772515,1.0002084,0.00047109782,3815360,eclipsing_binary
1403.166400625915,0.99986947,0.0004710236,3815360,eclipsing_binary
1403.1677894788493,1.0014129,0.00047125045,3815360,eclipsing_binary
1403.1691783317842,1.0013582,0.00047121258,3815360,eclipsing_binary
1403.1705671847194,1.0003219,0.000471072,3815360,eclipsing_binary
1403.1719560376537,0.99996805,0.00047095283,3815360,eclipsing_binary
1403.1733448905886,1.0005244,0.00047112815,3815360,eclipsing_binary
1403.1747337435236,0.99989456,0.00047117082,3815360,eclipsing_binary
1403.1761225969237,1.00042,0.00047112265,3815360,eclipsing_binary
1403.1775114498587,1.0006665,0.00047109413,3815360,eclipsing_binary
1403.1789003027936,1.0000367,0.00047108028,3815360,eclipsing_binary
1403.180289155728,0.9999185,0.00047112035,3815360,eclipsing_binary
1403.1816780086629,1.0008926,0.00047121305,3815360,eclipsing_binary
1403.183066861598,0.9991294,0.00047082492,3815360,eclipsing_binary
1403.1844557145323,1.0006579,0.00047115367,3815360,eclipsing_binary
1403.1858445674673,0.9997513,0.00047108182,3815360,eclipsing_binary
1403.1872334204022,1.0002422,0.0004710791,3815360,eclipsing_binary
1403.1886222733367,1.0002353,0.00047108025,3815360,eclipsing_binary
1403.190011126271,0.99977744,0.00047100335,3815360,eclipsing_binary
1403.1913999796716,1.0001137,0.00047111508,3815360,eclipsing_binary
1403.1927888326068,1.0006357,0.00047110365,3815360,eclipsing_binary
1403.194177685541,1.0007511,0.0004712511,3815360,eclipsing_binary
1403.195566538476,1.0000103,0.00047105813,3815360,eclipsing_binary
1403.1969553914116,0.9996407,0.00047098135,3815360,eclipsing_binary
1403.1983442443466,1.0003757,0.00047109122,3815360,eclipsing_binary
1403.1997330972818,1.0001365,0.00047112373,3815360,eclipsing_binary
1403.2011219502167,1.000553,0.0004711435,3815360,eclipsing_binary
1403.202510803151,1.0000422,0.00047109817,3815360,eclipsing_binary
1403.203899656086,0.99981815,0.0004711372,3815360,eclipsing_binary
1403.205288509021,1.0005504,0.00047115344,3815360,eclipsing_binary
1403.2066773619554,1.0002362,0.0004712447,3815360,eclipsing_binary
1403.2080662148896,1.0001171,0.00047110254,3815360,eclipsing_binary
1403.2094550678248,0.9999708,0.00047101194,3815360,eclipsing_binary
1403.2108439207598,0.99989605,0.00047095874,3815360,eclipsing_binary
1403.2136216261633,1.0004759,0.00047101194,3815360,eclipsing_binary
1403.2150104790983,0.9997048,0.00047093668,3815360,eclipsing_binary
1403.2163993320328,0.9999086,0.00047094247,3815360,eclipsing_binary
1403.2177881849677,1.0002818,0.0004711757,3815360,eclipsing_binary
1403.2191770379027,0.9997836,0.0004710919,3815360,eclipsing_binary
1403.220565890837,1.0000442,0.00047111043,3815360,eclipsing_binary
1403.2219547437721,0.9999583,0.0004709946,3815360,eclipsing_binary
1403.223343596707,0.9997779,0.00047106014,3815360,eclipsing_binary
1403.2247324496414,1.0001972,0.0004711647,3815360,eclipsing_binary
1403.2261213025756,0.9992103,0.00047092166,3815360,eclipsing_binary
1403.2275101555106,1.0004709,0.00047119686,3815360,eclipsing_binary
1403.22889900798,0.99967444,0.00047099925,3815360,eclipsing_binary
1403.2302878609144,0.99997383,0.0004710211,3815360,eclipsing_binary
1403.2316767138493,0.999327,0.0004709135,3815360,eclipsing_binary
1403.2330655667843,1.0001727,0.00047114783,3815360,eclipsing_binary
1403.2344544197188,0.99977285,0.00047115385,3815360,eclipsing_binary
1403.2358432726537,0.9988779,0.00047083496,3815360,eclipsing_binary
1403.2372321255893,1.0010735,0.0004712959,3815360,eclipsing_binary
1403.2386209780589,1.0002121,0.00047119858,3815360,eclipsing_binary
1403.2400098309938,0.999692,0.00047105592,3815360,eclipsing_binary
1403.2413986839288,1.0003972,0.00047120606,3815360,eclipsing_binary
1403.242787536863,0.99950534,0.0004709129,3815360,eclipsing_binary
1403.2441763897973,1.000895,0.0004713631,3815360,eclipsing_binary
1403.2455652422668,1.001287,0.00047134302,3815360,eclipsing_binary
1403.2469540952018,1.000177,0.00047109782,3815360,eclipsing_binary
1403.248342948136,0.99963313,0.00047103304,3815360,eclipsing_binary
1403.249731801071,1.0006199,0.00047114852,3815360,eclipsing_binary
1403.2511206540062,0.9998624,0.00047103476,3815360,eclipsing_binary
1403.2525095064748,0.9998768,0.0004711449,3815360,eclipsing_binary
1403.2538983594097,0.99959224,0.00047112562,3815360,eclipsing_binary
1403.2552872123447,1.0006436,0.00047112032,3815360,eclipsing_binary
1403.256676065279,1.0005096,0.0004712474,3815360,eclipsing_binary
1403.2580649177485,0.99994594,0.00047096956,3815360,eclipsing_binary
1403.2594537706834,1.0000669,0.00047105714,3815360,eclipsing_binary
1403.2608426236177,0.9999227,0.00047106965,3815360,eclipsing_binary
1403.2622314760865,1.0009241,0.00047122137,3815360,eclipsing_binary
1403.2636203290215,0.9998683,0.00047097064,3815360,eclipsing_binary
1403.2650091819564,0.9997011,0.00047102233,3815360,eclipsing_binary
1403.2663980348907,0.99956167,0.00047094838,3815360,eclipsing_binary
1403.2677868873602,0.9999822,0.00047101834,3815360,eclipsing_binary
1403.2691757402952,1.0000734,0.0004710662,3815360,eclipsing_binary
1403.2705645932294,1.0005916,0.00047125333,3815360,eclipsing_binary
1403.2719534456987,0.99976635,0.0004710344,3815360,eclipsing_binary
1403.273342298634,1.0000421,0.00047105472,3815360,eclipsing_binary
1403.2747311515682,1.0013446,0.00047124605,3815360,eclipsing_binary
1403.2761200040381,0.9997101,0.00047094538,3815360,eclipsing_binary
1403.2775088569738,1.0003489,0.00047104785,3815360,eclipsing_binary
1403.278897709908,1.000164,0.00047105053,3815360,eclipsing_binary
1403.280286562377,1.0004135,0.00047115286,3815360,eclipsing_binary
1403.2816754153118,1.0002615,0.00047119058,3815360,eclipsing_binary
1403.2830642677811,0.99971855,0.00047102198,3815360,eclipsing_binary
1403.2844531207154,1.0002754,0.0004709985,3815360,eclipsing_binary
1403.2858419736503,1.0006247,0.00047120202,3815360,eclipsing_binary
1403.2872308261199,1.0000502,0.0004710568,3815360,eclipsing_binary
1403.2886196790541,1.000713,0.00047115402,3815360,eclipsing_binary
1403.2900085315234,1.0000663,0.0004710936,3815360,eclipsing_binary
1403.2913973844584,1.0000595,0.0004710646,3815360,eclipsing_binary
1403.2927862373929,1.0011512,0.00047145953,3815360,eclipsing_binary
1403.2941750898622,0.99989384,0.0004710194,3815360,eclipsing_binary
1403.2955639427971,0.998961,0.00047099876,3815360,eclipsing_binary
1403.296952795266,1.0000558,0.0004710226,3815360,eclipsing_binary
1403.298341648201,0.99993217,0.0004709875,3815360,eclipsing_binary
1403.2997305006702,0.99984854,0.00047100816,3815360,eclipsing_binary
1403.3011193536045,1.0006082,0.00047102352,3815360,eclipsing_binary
1403.302508206073,0.9996162,0.0004710656,3815360,eclipsing_binary
1403.3038970590082,0.99971044,0.00047101596,3815360,eclipsing_binary
1403.3052859114775,0.9993531,0.00047096095,3815360,eclipsing_binary
1403.3066747644118,0.9998934,0.00047106613,3815360,eclipsing_binary
1403.308063616881,1.0006318,0.00047114867,3815360,eclipsing_binary
1403.3094524698163,1.0001428,0.0004711123,3815360,eclipsing_binary
1403.310841322285,0.99980897,0.00047110827,3815360,eclipsing_binary
1403.3122301752198,0.9999546,0.00047113816,3815360,eclipsing_binary
1403.3136190276891,1.000308,0.00047112542,3815360,eclipsing_binary
1403.3150078806234,0.99984825,0.00047104113,3815360,eclipsing_binary
1403.3163967330936,0.9996468,0.0004710504,3815360,eclipsing_binary
1403.3177855860292,0.99980193,0.0004710017,3815360,eclipsing_binary
1403.3191744384978,1.0001228,0.0004709859,3815360,eclipsing_binary
1403.3205632914323,1.0005864,0.0004710836,3815360,eclipsing_binary
1403.3219521439016,1.0008813,0.00047118455,3815360,eclipsing_binary
1403.3233409968366,1.0003953,0.00047127221,3815360,eclipsing_binary
1403.3247298493052,0.99942356,0.0004709387,3815360,eclipsing_binary
1403.3261187017747,1.0010421,0.00047126898,3815360,eclipsing_binary
1403.3275075547097,0.99932516,0.0004709192,3815360,eclipsing_binary
1403.3288964071783,0.9997155,0.00047094116,3815360,eclipsing_binary
1403.3302852601132,1.0000999,0.00047098403,3815360,eclipsing_binary
1403.3316741125827,0.9997687,0.00047097498,3815360,eclipsing_binary
1403.3330629650513,1.000795,0.00047110592,3815360,eclipsing_binary
1403.3344518179863,1.0012771,0.00047124762,3815360,eclipsing_binary
1403.3358406704556,1.000427,0.00047115787,3815360,eclipsing_binary
1403.3372295233899,0.9998096,0.00047095382,3815360,eclipsing_binary
1403.3386183758587,1.000891,0.00047125283,3815360,eclipsing_binary
1403.340007228328,1.0003163,0.00047126203,3815360,eclipsing_binary
1403.341396081263,0.9992782,0.00047091336,3815360,eclipsing_binary
1403.3427849337315,1.0010223,0.00047132035,3815360,eclipsing_binary
1403.3441737862008,0.99967855,0.00047111727,3815360,eclipsing_binary
1403.345562639136,1.0001141,0.00047103124,3815360,eclipsing_binary
1403.3469514916046,0.9998828,0.0004711529,3815360,eclipsing_binary
1403.348340344074,0.9998455,0.0004710387,3815360,eclipsing_binary
1403.3497291970089,0.99999994,0.00047106112,3815360,eclipsing_binary
1403.3511180494777,1.0008067,0.00047119329,3815360,eclipsing_binary
1403.352506901947,1.0004624,0.00047106913,3815360,eclipsing_binary
1403.3538957544163,1.0002267,0.00047108522,3815360,eclipsing_binary
1403.3552846073512,1.0005082,0.00047111214,3815360,eclipsing_binary
1403.3566734598207,0.99986565,0.00047105388,3815360,eclipsing_binary
1403.35806231229,1.0006784,0.00047126508,3815360,eclipsing_binary
1403.359451165225,1.0001364,0.00047113927,3815360,eclipsing_binary
1403.3608400176936,1.0010338,0.0004711885,3815360,eclipsing_binary
1403.362228870163,0.99999344,0.00047096625,3815360,eclipsing_binary
1403.3636177226324,1.0001519,0.00047117993,3815360,eclipsing_binary
1403.365006575101,1.0000972,0.00047102812,3815360,eclipsing_binary
1403.366395428036,1.000051,0.00047093298,3815360,eclipsing_binary
1403.3677842805055,1.0001154,0.0004710206,3815360,eclipsing_binary
1403.369173132974,1.0000187,0.00047107745,3815360,eclipsing_binary
1403.3705619854434,1.0003515,0.00047100632,3815360,eclipsing_binary
1403.3719508383783,0.9997706,0.0004710282,3815360,eclipsing_binary
1403.3733396908472,1.0003194,0.00047110635,3815360,eclipsing_binary
1403.3747285433158,1.0007024,0.0004710675,3815360,eclipsing_binary
1403.376117395785,1.0001605,0.00047105848,3815360,eclipsing_binary
1403.3775062482546,1.000264,0.00047111127,3815360,eclipsing_binary
1403.3788951007232,1.0002006,0.00047120263,3815360,eclipsing_binary
1403.3802839536581,1.0010375,0.0004712566,3815360,eclipsing_binary
1403.3816728061274,1.0005491,0.00047106098,3815360,eclipsing_binary
1403.383061658596,1.0008061,0.0004711711,3815360,eclipsing_binary
1403.3844505110656,0.9999227,0.00047114168,3815360,eclipsing_binary
1403.3858393635348,1.0010897,0.00047126462,3815360,eclipsing_binary
1403.3872282160035,0.99925244,0.0004709676,3815360,eclipsing_binary
1403.3886170689384,1.0009673,0.0004711679,3815360,eclipsing_binary
1403.390005921408,1.0006919,0.00047114672,3815360,eclipsing_binary
1403.3913947738765,0.9991522,0.00047084625,3815360,eclipsing_binary
1403.3927836263451,0.9998074,0.00047105228,3815360,eclipsing_binary
1403.394172478815,1.0005504,0.00047107713,3815360,eclipsing_binary
1403.395561331285,0.9994914,0.0004709124,3815360,eclipsing_binary
1403.396950183754,1.0001762,0.0004710494,3815360,eclipsing_binary
1403.3983390362232,0.9998442,0.00047095944,3815360,eclipsing_binary
1403.3997278886925,0.9999266,0.00047109785,3815360,eclipsing_binary
1403.4011167411613,1.0000917,0.00047104052,3815360,eclipsing_binary
1403.4025055936306,0.9997085,0.0004709902,3815360,eclipsing_binary
1403.4038944461,1.0009987,0.00047124055,3815360,eclipsing_binary
1403.4052832990342,1.000796,0.0004711273,3815360,eclipsing_binary
1403.4066721515037,1.0003923,0.00047110973,3815360,eclipsing_binary
1403.408061003973,0.9991956,0.00047086918,3815360,eclipsing_binary
1403.4094498564416,1.0010307,0.0004712394,3815360,eclipsing_binary
1403.410838708911,0.99992,0.00047095265,3815360,eclipsing_binary
1403.4122275613804,1.0001688,0.00047107495,3815360,eclipsing_binary
1403.413616413849,0.9994076,0.00047096598,3815360,eclipsing_binary
1403.4150052663176,1.0004673,0.00047113647,3815360,eclipsing_binary
1403.416394118787,1.0006049,0.00047136692,3815360,eclipsing_binary
1403.4177829712562,1.0005126,0.00047109136,3815360,eclipsing_binary
1403.4191718237248,1.0008628,0.00047126313,3815360,eclipsing_binary
1403.4205606761943,1.0000832,0.0004709675,3815360,eclipsing_binary
1403.4219495286636,0.99990135,0.00047092492,3815360,eclipsing_binary
1403.4233383811322,0.99978095,0.0004709832,3815360,eclipsing_binary
1403.4247272336015,0.9997663,0.00047106075,3815360,eclipsing_binary
1403.4261160856054,0.9999016,0.00047105088,3815360,eclipsing_binary
1403.427504938074,1.0013669,0.00047129192,3815360,eclipsing_binary
1403.4288937905433,0.999757,0.00047100236,3815360,eclipsing_binary
1403.4302826430126,1.0000569,0.0004710825,3815360,eclipsing_binary
1403.431671495482,1.0005034,0.00047108336,3815360,eclipsing_binary
1403.4330603479514,1.0000483,0.00047098668,3815360,eclipsing_binary
1403.4344492004207,1.000714,0.00047120583,3815360,eclipsing_binary
1403.4358380528902,1.0003064,0.000471142,3815360,eclipsing_binary
1403.4372269053588,1.0003844,0.00047100353,3815360,eclipsing_binary
1403.438615757828,1.0007159,0.00047116732,3815360,eclipsing_binary
1403.4400046102974,1.0003046,0.0004710244,3815360,eclipsing_binary
1403.441393462766,1.000194,0.00047099945,3815360,eclipsing_binary
1403.4427823147698,0.9997107,0.00047090254,3815360,eclipsing_binary
1403.4441711672391,1.0002695,0.00047100498,3815360,eclipsing_binary
1403.4455600197077,0.9998682,0.000471058,3815360,eclipsing_binary
1403.446948872177,0.99950475,0.00047085146,3815360,eclipsing_binary
1403.4483377246465,1.0006704,0.00047117975,3815360,eclipsing_binary
1403.4497265771151,0.9997297,0.0004710788,3815360,eclipsing_binary
1403.4511154295838,0.99958557,0.00047097114,3815360,eclipsing_binary
1403.4525042815874,1.0004431,0.0004710681,3815360,eclipsing_binary
1403.4538931340567,1.0004294,0.00047102544,3815360,eclipsing_binary
1403.4552819865255,0.9996203,0.00047096462,3815360,eclipsing_binary
1403.4566708389948,1.0000979,0.00047114067,3815360,eclipsing_binary
1403.458059691464,0.9995234,0.00047080911,3815360,eclipsing_binary
1403.4594485434673,1.0006392,0.00047120015,3815360,eclipsing_binary
1403.4608373959366,1.0007074,0.0004712113,3815360,eclipsing_binary
1403.4622262484058,1.0001235,0.00047101875,3815360,eclipsing_binary
1403.4636151008744,1.0004123,0.00047109372,3815360,eclipsing_binary
1403.465003953344,1.0001172,0.00047103676,3815360,eclipsing_binary
1403.4663928053476,1.000377,0.00047123065,3815360,eclipsing_binary
1403.4677816578162,1.0009651,0.00047112483,3815360,eclipsing_binary
1403.4691705102848,1.0006088,0.00047113057,3815360,eclipsing_binary
1403.470559362755,1.000499,0.00047111022,3815360,eclipsing_binary
1403.4719482147593,0.9998298,0.00047103342,3815360,eclipsing_binary
1403.473337067228,1.0004296,0.00047114465,3815360,eclipsing_binary
1403.4747259196972,0.99926955,0.0004709809,3815360,eclipsing_binary
1403.4761147717008,0.9996391,0.00047089966,3815360,eclipsing_binary
1403.4775036241697,0.99915063,0.00047093807,3815360,eclipsing_binary
1403.478892476639,1.0003113,0.00047115167,3815360,eclipsing_binary
1403.4802813291083,1.0003166,0.00047107393,3815360,eclipsing_binary
1403.4816701811114,1.0005947,0.000471228,3815360,eclipsing_binary
1403.4830590335807,1.0001518,0.00047114538,3815360,eclipsing_binary
1403.48444788605,1.0000335,0.0004712229,3815360,eclipsing_binary
1403.485836738053,1.0001125,0.00047101857,3815360,eclipsing_binary
1403.4872255905216,1.00039,0.00047104715,3815360,eclipsing_binary
1403.488614442991,1.0009027,0.0004711895,3815360,eclipsing_binary
1403.4900032949947,0.9999254,0.00047105242,3815360,eclipsing_binary
1403.4913921474633,1.0009441,0.00047119995,3815360,eclipsing_binary
1403.4927809999326,1.0000997,0.00047106517,3815360,eclipsing_binary
1403.4941698519365,1.000305,0.00047115068,3815360,eclipsing_binary
1403.495558704405,1.0003016,0.0004711014,3815360,eclipsing_binary
1403.4969475568744,1.000376,0.00047094672,3815360,eclipsing_binary
1403.498336408878,1.0006049,0.0004709823,3815360,eclipsing_binary
1403.4997252613466,1.0007541,0.0004711155,3815360,eclipsing_binary
1403.5011141133505,1.0007862,0.00047118778,3815360,eclipsing_binary
1403.5025029658198,0.9997011,0.000470887,3815360,eclipsing_binary
1403.5038918182884,0.99967414,0.00047103543,3815360,eclipsing_binary
1403.5052806702915,0.9998456,0.00047098775,3815360,eclipsing_binary
1403.5066695227608,1.0003836,0.00047114165,3815360,eclipsing_binary
1403.5080583747651,1.0007304,0.00047104488,3815360,eclipsing_binary
1403.5094472272344,1.0004562,0.0004712334,3815360,eclipsing_binary
1403.5108360792383,1.0001388,0.0004710632,3815360,eclipsing_binary
1403.5122249317076,1.0008323,0.00047122594,3815360,eclipsing_binary
1403.5136137837105,1.0005121,0.0004711267,3815360,eclipsing_binary
1403.5150026361798,0.99993926,0.00047098653,3815360,eclipsing_binary
1403.5163914886493,1.0007808,0.000471208,3815360,eclipsing_binary
1403.5177803406523,0.99943143,0.00047104407,3815360,eclipsing_binary
1403.5191691931216,0.9998392,0.00047092914,3815360,eclipsing_binary
1403.5205580451252,1.0003095,0.0004709567,3815360,eclipsing_binary
1403.5219468975938,0.99973166,0.00047105367,3815360,eclipsing_binary
1403.5233357495977,0.9995908,0.0004710169,3815360,eclipsing_binary
1403.524724602067,0.9991933,0.00047077352,3815360,eclipsing_binary
1403.52611345407,0.9999905,0.0004710616,3815360,eclipsing_binary
1403.5275023065385,1.0009558,0.00047122443,3815360,eclipsing_binary
1403.5288911585421,1.0000497,0.00047101485,3815360,eclipsing_binary
1403.5302800110117,0.999178,0.00047097923,3815360,eclipsing_binary
1403.5316688630146,0.9994705,0.00047087122,3815360,eclipsing_binary
1403.5330577150182,1.0001659,0.0004709991,3815360,eclipsing_binary
1403.5344465674875,1.0002118,0.0004710609,3815360,eclipsing_binary
1403.5358354194907,1.000122,0.000471077,3815360,eclipsing_binary
1403.53722427196,0.99981934,0.0004710494,3815360,eclipsing_binary
1403.5386131239636,1.000723,0.00047138945,3815360,eclipsing_binary
1403.5400019764324,0.99969035,0.00047098415,3815360,eclipsing_binary
1403.541390828436,1.0000547,0.00047107786,3815360,eclipsing_binary
1403.5427796804397,0.9997075,0.0004708807,3815360,eclipsing_binary
1403.5441685329083,1.001011,0.00047116118,3815360,eclipsing_binary
1403.5455573849122,0.9999524,0.00047093217,3815360,eclipsing_binary
1403.5469462373821,1.0007967,0.00047110568,3815360,eclipsing_binary
1403.5483350893858,1.0000808,0.00047114465,3815360,eclipsing_binary
1403.5497239413887,1.0006068,0.00047121177,3815360,eclipsing_binary
1403.551112793858,1.0000995,0.00047102314,3815360,eclipsing_binary
1403.5525016458619,1.0002908,0.00047107786,3815360,eclipsing_binary
1403.5538904983305,0.99960387,0.00047089485,3815360,eclipsing_binary
1403.555279350334,0.99981874,0.00047100973,3815360,eclipsing_binary
1403.5566682023377,1.0001632,0.00047109977,3815360,eclipsing_binary
1403.5580570548063,0.9997847,0.0004710687,3815360,eclipsing_binary
1403.5594459068102,0.99981254,0.00047090751,3815360,eclipsing_binary
1403.5608347588138,0.9997565,0.00047100795,3815360,eclipsing_binary
1403.5622236112824,1.0004842,0.00047123228,3815360,eclipsing_binary
1403.5636124632856,1.000757,0.00047127603,3815360,eclipsing_binary
1403.5650013152892,1.0003734,0.00047104157,3815360,eclipsing_binary
1403.5663901677585,0.9998026,0.00047097943,3815360,eclipsing_binary
1403.5677790197615,1.0001771,0.00047110484,3815360,eclipsing_binary
1403.5691678717653,0.99999225,0.00047093077,3815360,eclipsing_binary
1403.570556723769,0.9994769,0.00047098825,3815360,eclipsing_binary
1403.5719455762376,1.0001794,0.000471057,3815360,eclipsing_binary
1403.5733344282412,1.0005144,0.00047119643,3815360,eclipsing_binary
1403.574723280245,0.99965,0.0004709781,3815360,eclipsing_binary
1403.576112132248,1.0004098,0.00047095807,3815360,eclipsing_binary
1403.5775009847173,1.0008842,0.00047119195,3815360,eclipsing_binary
1403.578889836721,1.0002501,0.00047109177,3815360,eclipsing_binary
1403.5802786887239,1.0000328,0.00047105615,3815360,eclipsing_binary
1403.581667540727,0.99982387,0.000471077,3815360,eclipsing_binary
1403.5830563931963,1.000521,0.00047107087,3815360,eclipsing_binary
1403.5844452452006,1.0001632,0.00047111747,3815360,eclipsing_binary
1403.5858340972045,0.99999297,0.0004709515,3815360,eclipsing_binary
1403.5872229492081,0.9992892,0.00047097486,3815360,eclipsing_binary
1403.5886118012118,1.0017865,0.00047143266,3815360,eclipsing_binary
1403.5900006536804,1.0000701,0.00047100816,3815360,eclipsing_binary
1403.5913895056842,0.9997964,0.00047101208,3815360,eclipsing_binary
1403.5927783576878,1.0001003,0.0004710269,3815360,eclipsing_binary
1403.5941672096908,0.9998323,0.00047103968,3815360,eclipsing_binary
1403.5955560616944,1.0002347,0.00047109567,3815360,eclipsing_binary
1403.5969449141637,1.0000063,0.0004709336,3815360,eclipsing_binary
1403.598333766167,0.99941,0.00047086529,3815360,eclipsing_binary
1403.5997226181698,0.9998382,0.00047097515,3815360,eclipsing_binary
1403.6011114701735,1.0009358,0.00047116593,3815360,eclipsing_binary
1403.602500322177,0.999301,0.00047102536,3815360,eclipsing_binary
1403.60388917418,1.0000789,0.00047103723,3815360,eclipsing_binary
1403.605278026184,1.0001141,0.0004709742,3815360,eclipsing_binary
1403.6066668786532,1.000535,0.00047109398,3815360,eclipsing_binary
1403.6080557306561,0.9994755,0.00047096598,3815360,eclipsing_binary
1403.6094445826598,1.0000167,0.00047098234,3815360,eclipsing_binary
1403.6108334346636,0.99963677,0.00047101933,3815360,eclipsing_binary
1403.6122222866666,1.0000379,0.00047114928,3815360,eclipsing_binary
1403.6136111386702,1.0005094,0.00047116802,3815360,eclipsing_binary
1403.6149999906738,0.9998196,0.00047111203,3815360,eclipsing_binary
1403.616388842677,0.99967366,0.0004710508,3815360,eclipsing_binary
1403.61777769468,0.9997258,0.00047100463,3815360,eclipsing_binary
1403.6191665466836,1.0012999,0.00047125088,3815360,eclipsing_binary
1403.6205553986879,1.0002373,0.00047108185,3815360,eclipsing_binary
1403.6219442506917,1.000138,0.0004711195,3815360,eclipsing_binary
1403.624721954699,1.0006269,0.00047101872,3815360,eclipsing_binary
1403.6261108071676,0.99955624,0.00047083246,3815360,eclipsing_binary
1403.6274996591715,1.0013946,0.0004711684,3815360,eclipsing_binary
1403.628888511175,0.9998035,0.0004710333,3815360,eclipsing_binary
1403.630277363178,0.99975896,0.00047101243,3815360,eclipsing_binary
1403.6316662151817,1.0006329,0.0004711425,3815360,eclipsing_binary
1403.6330550671855,1.0005636,0.0004711324,3815360,eclipsing_binary
1403.6344439191885,1.0002835,0.00047106002,3815360,eclipsing_binary
1403.6358327711914,0.9997316,0.00047097696,3815360,eclipsing_binary
1403.637221623195,1.0008144,0.0004711815,3815360,eclipsing_binary
1403.638610474733,0.99956685,0.00047091252,3815360,eclipsing_binary
1403.6399993267362,1.000175,0.00047105167,3815360,eclipsing_binary
1403.6413881787398,1.0008752,0.00047116744,3815360,eclipsing_binary
1403.6427770307434,1.0004392,0.0004711078,3815360,eclipsing_binary
1403.6441658827466,0.9993122,0.0004708893,3815360,eclipsing_binary
1403.6455547347502,1.0011392,0.00047125018,3815360,eclipsing_binary
1403.6469435867539,1.0001818,0.00047102023,3815360,eclipsing_binary
1403.6483324387568,1.00083,0.00047122908,3815360,eclipsing_binary
1403.6497212907607,1.0002782,0.00047108723,3815360,eclipsing_binary
1403.6511101427643,0.99975777,0.00047096546,3815360,eclipsing_binary
1403.6524989947673,1.0007851,0.00047107137,3815360,eclipsing_binary
1403.6538878467709,1.0006075,0.00047109564,3815360,eclipsing_binary
1403.6552766987745,0.9997617,0.00047100583,3815360,eclipsing_binary
1403.6566655507777,1.0001854,0.00047102006,3815360,eclipsing_binary
1403.6580544023157,0.99965465,0.0004709655,3815360,eclipsing_binary
1403.65944325432,1.0008293,0.00047118025,3815360,eclipsing_binary
1403.6608321063236,0.9997541,0.00047097547,3815360,eclipsing_binary
1403.6622209583265,0.9997322,0.00047092457,3815360,eclipsing_binary
1403.6636098103304,1.0002725,0.00047094314,3815360,eclipsing_binary
1403.664998662334,0.99966264,0.0004709524,3815360,eclipsing_binary
1403.666387514337,1.0003345,0.00047106555,3815360,eclipsing_binary
1403.667776365875,1.0001464,0.00047104966,3815360,eclipsing_binary
1403.6691652178788,0.9997562,0.00047093874,3815360,eclipsing_binary
1403.6705540698817,1.000192,0.00047103484,3815360,eclipsing_binary
1403.6719429218854,0.9997287,0.00047104136,3815360,eclipsing_binary
1403.673331773889,1.001223,0.0004711935,3815360,eclipsing_binary
1403.6747206258922,0.9993666,0.00047090664,3815360,eclipsing_binary
1403.6761094774295,0.9995782,0.00047093,3815360,eclipsing_binary
1403.677498329433,0.99963206,0.00047102265,3815360,eclipsing_binary
1403.678887181437,0.99919397,0.0004708917,3815360,eclipsing_binary
1403.68027603344,1.0003134,0.00047090388,3815360,eclipsing_binary
1403.6816648849779,1.0007472,0.00047124363,3815360,eclipsing_binary
1403.6830537369815,1.0003861,0.00047101668,3815360,eclipsing_binary
1403.6844425889844,0.999504,0.00047090856,3815360,eclipsing_binary
1403.6858314409883,1.000159,0.0004710622,3815360,eclipsing_binary
1403.6872202925263,0.9999518,0.00047105626,3815360,eclipsing_binary
1403.6886091445292,1.0000567,0.00047100714,3815360,eclipsing_binary
1403.6899979965328,1.0012779,0.0004712571,3815360,eclipsing_binary
1403.6913868485367,1.0006946,0.00047108793,3815360,eclipsing_binary
1403.692775700074,0.9994478,0.00047097512,3815360,eclipsing_binary
1403.694164552077,0.99977976,0.00047100883,3815360,eclipsing_binary
1403.6955534040812,1.0002931,0.00047102256,3815360,eclipsing_binary
1403.6969422560855,1.0006609,0.00047113505,3815360,eclipsing_binary
1403.698331107623,1.0006051,0.00047104617,3815360,eclipsing_binary
1403.6997199596267,1.0003358,0.0004710928,3815360,eclipsing_binary
1403.7011088116303,0.9997191,0.0004709702,3815360,eclipsing_binary
1403.7024976631678,1.0007485,0.00047104896,3815360,eclipsing_binary
1403.7038865151715,1.0001857,0.00047117835,3815360,eclipsing_binary
1403.705275367175,0.9998759,0.00047106837,3815360,eclipsing_binary
1403.7066642187124,1.0002737,0.0004710375,3815360,eclipsing_binary
1403.7080530707162,0.99998295,0.00047096334,3815360,eclipsing_binary
1403.7094419227199,1.0012996,0.00047124858,3815360,eclipsing_binary
1403.7108307742571,1.0007281,0.0004710864,3815360,eclipsing_binary
1403.71221962626,1.0000622,0.0004710137,3815360,eclipsing_binary
1403.7136084782637,0.9996877,0.00047100795,3815360,eclipsing_binary
1403.714997329802,1.0008361,0.00047112623,3815360,eclipsing_binary
1403.7163861818049,1.00047,0.0004711272,3815360,eclipsing_binary
1403.7177750333428,0.9995639,0.00047090405,3815360,eclipsing_binary
1403.7191638853465,0.99985415,0.00047090207,3815360,eclipsing_binary
1403.7205527373496,0.9997565,0.00047104218,3815360,eclipsing_binary
1403.7219415888876,1.0003842,0.00047098874,3815360,eclipsing_binary
1403.7233304408912,1.0002561,0.00047112195,3815360,eclipsing_binary
1403.7247192924285,1.0005637,0.0004711318,3815360,eclipsing_binary
1403.7261081444321,1.0004216,0.00047115367,3815360,eclipsing_binary
1403.7274969959703,0.9994959,0.00047084325,3815360,eclipsing_binary
1403.7288858479733,0.99977064,0.00047107544,3815360,eclipsing_binary
1403.7302746999762,1.0006628,0.00047125074,3815360,eclipsing_binary
1403.7316635515149,0.9996563,0.0004709832,3815360,eclipsing_binary
1403.7330524035194,0.99947685,0.0004709579,3815360,eclipsing_binary
1403.7344412550567,1.000973,0.0004711883,3815360,eclipsing_binary
1403.7358301070603,1.0003921,0.00047104555,3815360,eclipsing_binary
1403.7372189585985,0.9991957,0.00047078126,3815360,eclipsing_binary
1403.7386078106015,0.99990106,0.00047106933,3815360,eclipsing_binary
1403.7399966621394,1.0004478,0.0004712046,3815360,eclipsing_binary
1403.741385514143,0.99838287,0.00047065938,3815360,eclipsing_binary
1403.7427743656804,0.9996695,0.00047092288,3815360,eclipsing_binary
1403.7441632176842,1.0003245,0.00047105015,3815360,eclipsing_binary
1403.7455520692222,0.99945337,0.0004708381,3815360,eclipsing_binary
1403.7469409212251,1.0003129,0.0004710026,3815360,eclipsing_binary
1403.7483297727626,1.000776,0.00047120906,3815360,eclipsing_binary
1403.7497186247663,1.001144,0.00047124532,3815360,eclipsing_binary
1403.7511074763042,1.0003755,0.00047106182,3815360,eclipsing_binary
1403.7524963283072,1.0007954,0.00047107853,3815360,eclipsing_binary
1403.7538851798454,1.0008482,0.00047117396,3815360,eclipsing_binary
1403.7552740313834,1.0007023,0.00047113816,3815360,eclipsing_binary
1403.7566628833863,1.0007849,0.00047112865,3815360,eclipsing_binary
1403.7580517349243,1.000049,0.0004710179,3815360,eclipsing_binary
1403.759440586928,1.000285,0.0004710457,3815360,eclipsing_binary
1403.7608294384654,1.0000033,0.00047094535,3815360,eclipsing_binary
1403.763607142007,1.000887,0.00047116162,3815360,eclipsing_binary
1403.7649959935443,1.0011728,0.00047121214,3815360,eclipsing_binary
1403.7663848455481,1.0004724,0.00047098732,3815360,eclipsing_binary
1403.767773697086,1.0006984,0.00047113164,3815360,eclipsing_binary
1403.769162548624,1.0005977,0.0004710335,3815360,eclipsing_binary
1403.7705514006277,1.0011067,0.0004712057,3815360,eclipsing_binary
1403.7719402521657,1.0000949,0.0004712255,3815360,eclipsing_binary
1403.7733291041695,1.0006056,0.00047105955,3815360,eclipsing_binary
1403.7747179557068,1.0002761,0.000471124,3815360,eclipsing_binary
1403.7761068072448,0.9999006,0.0004709813,3815360,eclipsing_binary
1403.7774956592484,0.99995637,0.00047097018,3815360,eclipsing_binary
1403.778884510786,1.0009815,0.00047119657,3815360,eclipsing_binary
1403.780273362324,1.0008423,0.0004711928,3815360,eclipsing_binary
1403.7816622143275,1.0002085,0.0004710758,3815360,eclipsing_binary
1403.783051065865,1.0003622,0.00047103578,3815360,eclipsing_binary
1403.7858287694066,1.000303,0.00047090213,3815360,eclipsing_binary
1403.787217620944,1.0001248,0.00047104878,3815360,eclipsing_binary
1403.7886064724812,0.99940854,0.00047096203,3815360,eclipsing_binary
1403.7899953240194,0.9989982,0.00047078234,3815360,eclipsing_binary
1403.791384176023,1.0004226,0.00047105728,3815360,eclipsing_binary
1403.7927730275603,1.0007318,0.00047108906,3815360,eclipsing_binary
1403.7941618790983,1.0009046,0.00047116308,3815360,eclipsing_binary
1403.7955507306365,1.0001091,0.00047101933,3815360,eclipsing_binary
1403.7969395826394,1.0002707,0.00047107335,3815360,eclipsing_binary
1403.7983284341774,0.99948555,0.000470835,3815360,eclipsing_binary
1403.7997172857154,1.0006299,0.0004711608,3815360,eclipsing_binary
1403.8011061372526,0.99944496,0.00047086636,3815360,eclipsing_binary
1403.8024949892565,1.0004345,0.00047106837,3815360,eclipsing_binary
1403.8038838407945,0.9993408,0.00047089683,3815360,eclipsing_binary
1403.8052726923324,1.0002546,0.00047096668,3815360,eclipsing_binary
1403.8066615438706,1.0000372,0.00047101357,3815360,eclipsing_binary
1403.8080503954086,1.0002235,0.0004710524,3815360,eclipsing_binary
1403.8094392474122,1.0000546,0.00047103863,3815360,eclipsing_binary
1403.8108280989495,1.0005447,0.00047102643,3815360,eclipsing_binary
1403.8122169504877,1.0007585,0.00047118336,3815360,eclipsing_binary
1403.8136058020257,0.99917084,0.00047083234,3815360,eclipsing_binary
1403.814994653563,1.0009862,0.00047117248,3815360,eclipsing_binary
1403.8163835055666,1.0002944,0.00047110798,3815360,eclipsing_binary
1403.8177723571048,1.0004694,0.00047110493,3815360,eclipsing_binary
1403.819161208642,0.999709,0.00047088496,3815360,eclipsing_binary
1403.82055006018,1.0000956,0.0004709007,3815360,eclipsing_binary
1403.821938911718,1.0000042,0.00047102463,3815360,eclipsing_binary
1403.8233277632553,1.0002201,0.00047105245,3815360,eclipsing_binary
1403.8247166147928,0.9998802,0.00047093842,3815360,eclipsing_binary
1403.8261054663308,0.99949414,0.00047089395,3815360,eclipsing_binary
1403.8274943183344,1.0000646,0.00047107195,3815360,eclipsing_binary
1403.8288831698717,0.9992031,0.0004708956,3815360,eclipsing_binary
1403.8302720214097,1.000297,0.000471084,3815360,eclipsing_binary
1403.8316608729479,0.9995553,0.00047083688,3815360,eclipsing_binary
1403.8330497244851,1.0010571,0.00047125376,3815360,eclipsing_binary
1403.834438576023,1.0005591,0.00047101112,3815360,eclipsing_binary
1403.835827427561,0.99969316,0.0004710138,3815360,eclipsing_binary
1403.8372162790986,1.0005866,0.00047102428,3815360,eclipsing_binary
1403.8386051306366,1.0002118,0.00047112576,3815360,eclipsing_binary
1403.8399939821745,1.0004065,0.0004710002,3815360,eclipsing_binary
1403.8413828337125,1.000212,0.00047103592,3815360,eclipsing_binary
1403.8427716852507,1.0002984,0.0004710162,3815360,eclipsing_binary
1403.8441605367886,1.0001844,0.00047101747,3815360,eclipsing_binary
1403.8455493883266,1.0003588,0.00047094421,3815360,eclipsing_binary
1403.846938239864,0.99904954,0.00047073522,3815360,eclipsing_binary
1403.8483270918678,1.0000104,0.00047096465,3815360,eclipsing_binary
1403.8497159434057,0.9996735,0.00047107914,3815360,eclipsing_binary
1403.851104794943,0.99980664,0.00047091424,3815360,eclipsing_binary
1403.852493646481,0.9998774,0.00047097713,3815360,eclipsing_binary
1403.8538824980192,0.99976,0.00047091022,3815360,eclipsing_binary
1403.8552713495565,1.0000167,0.00047098767,3815360,eclipsing_binary
1403.8566602006288,1.0007808,0.0004710929,3815360,eclipsing_binary
1403.8580490521667,1.0009367,0.00047093406,3815360,eclipsing_binary
1403.8594379037042,0.99966997,0.0004708488,3815360,eclipsing_binary
1403.8608267552415,1.0008185,0.00047113062,3815360,eclipsing_binary
1403.8622156067795,0.9993896,0.00047076412,3815360,eclipsing_binary
1403.8636044583175,0.99931467,0.0004708594,3815360,eclipsing_binary
1403.864993309855,1.0005338,0.0004710429,3815360,eclipsing_binary
1403.866382161393,0.9999581,0.00047105167,3815360,eclipsing_binary
1403.867771012931,1.0004293,0.0004709666,3815360,eclipsing_binary
1403.8691598644682,0.99960464,0.00047067815,3815360,eclipsing_binary
1403.8705487160064,0.9999932,0.00047108292,3815360,eclipsing_binary
1403.8719375675444,1.0000479,0.00047102425,3815360,eclipsing_binary
1403.8733264190816,1.0005672,0.00047109398,3815360,eclipsing_binary
1403.8747152706196,0.9999752,0.00047086386,3815360,eclipsing_binary
1403.8761041221578,0.99954545,0.0004709704,3815360,eclipsing_binary
1403.8774929732301,1.0010663,0.0004712363,3815360,eclipsing_binary
1403.8788818247688,0.9996027,0.00047081633,3815360,eclipsing_binary
1403.8802706763067,1.0012071,0.00047120696,3815360,eclipsing_binary
1403.881659527844,1.0003878,0.00047105397,3815360,eclipsing_binary
1403.8830483793815,1.000423,0.00047100656,3815360,eclipsing_binary
1403.8844372309195,1.0002303,0.0004709373,3815360,eclipsing_binary
1403.8858260824575,1.0007905,0.0004710457,3815360,eclipsing_binary
1403.8872149335293,1.0000588,0.0004709182,3815360,eclipsing_binary
1403.8886037850673,1.0005629,0.00047094404,3815360,eclipsing_binary
1403.8899926366053,1.0002916,0.0004711231,3815360,eclipsing_binary
1403.8913814881425,1.0004046,0.0004709875,3815360,eclipsing_binary
1403.8927703396807,1.0001425,0.00047089564,3815360,eclipsing_binary
1403.8941591912187,0.9998788,0.00047099346,3815360,eclipsing_binary
1403.8955480422903,1.0000736,0.00047101823,3815360,eclipsing_binary
1403.8969368938283,1.0002471,0.00047101738,3815360,eclipsing_binary
1403.8983257453663,1.0005553,0.00047118447,3815360,eclipsing_binary
1403.8997145969038,1.0006795,0.00047116546,3815360,eclipsing_binary
1403.901103448441,0.9998481,0.00047084712,3815360,eclipsing_binary
1403.9024922995134,1.0002463,0.0004710523,3815360,eclipsing_binary
1403.9038811510513,1.0002786,0.00047096802,3815360,eclipsing_binary
1403.9052700025886,0.99999994,0.0004708753,3815360,eclipsing_binary
1403.9066588541268,1.0004165,0.0004710274,3815360,eclipsing_binary
1403.9080477051991,0.9997255,0.00047095006,3815360,eclipsing_binary
1403.9094365567364,1.0010349,0.00047108674,3815360,eclipsing_binary
1403.9108254082744,1.0002079,0.00047096118,3815360,eclipsing_binary
1403.9122142598133,1.0011588,0.00047119055,3815360,eclipsing_binary
1403.9136031108856,1.0010471,0.00047110365,3815360,eclipsing_binary
1403.9149919624235,0.99984455,0.00047086336,3815360,eclipsing_binary
1403.9163808139615,1.0008091,0.00047106927,3815360,eclipsing_binary
1403.9177696650333,1.0000681,0.00047093825,3815360,eclipsing_binary
1403.9191585165706,1.000175,0.0004709504,3815360,eclipsing_binary
1403.9205473681086,1.0004585,0.00047106683,3815360,eclipsing_binary
1403.9219362191811,1.0010448,0.000471127,3815360,eclipsing_binary
1403.9233250707184,1.0005052,0.0004709861,3815360,eclipsing_binary
1403.9247139222564,1.0003235,0.00047090877,3815360,eclipsing_binary
1403.9261027737944,1.0000947,0.00047106683,3815360,eclipsing_binary
1403.927491624866,0.99955,0.00047091529,3815360,eclipsing_binary
1403.9288804764042,1.0011687,0.00047120344,3815360,eclipsing_binary
1403.9302693274765,1.0000767,0.00047113828,3815360,eclipsing_binary
1403.9316581790138,0.9992406,0.00047087032,3815360,eclipsing_binary
1403.9330470305517,1.0008981,0.00047112163,3815360,eclipsing_binary
1403.9344358816243,1.0009972,0.00047123575,3815360,eclipsing_binary
1403.9358247331616,0.99959177,0.00047089552,3815360,eclipsing_binary
1403.9372135846988,0.99925363,0.0004709699,3815360,eclipsing_binary
1403.9386024357711,1.0014727,0.00047127472,3815360,eclipsing_binary
1403.939991287309,1.0005871,0.0004711211,3815360,eclipsing_binary
1403.941380138381,1.000671,0.0004709733,3815360,eclipsing_binary
1403.942768989919,1.0005833,0.00047104518,3815360,eclipsing_binary
1403.944157841457,1.0012298,0.00047139957,3815360,eclipsing_binary
1403.9455466925288,0.9998106,0.0004708447,3815360,eclipsing_binary
1403.9483243951397,1.0005896,0.00047113505,3815360,eclipsing_binary
1403.9497132466777,1.0007087,0.0004711589,3815360,eclipsing_binary
1403.9511020977502,1.0004072,0.0004710429,3815360,eclipsing_binary
1403.9524909492882,1.0005033,0.0004711264,3815360,eclipsing_binary
1403.9538798008255,0.99954396,0.00047097442,3815360,eclipsing_binary
1403.955268651897,1.0004641,0.00047102477,3815360,eclipsing_binary
1403.956657503435,0.9998974,0.00047090612,3815360,eclipsing_binary
1403.9580463545076,0.99994785,0.00047091284,3815360,eclipsing_binary
1403.9594352060449,1.0002706,0.00047071814,3815360,eclipsing_binary
1403.9608240571172,1.0003313,0.00047093374,3815360,eclipsing_binary
1403.9622129086551,1.0000445,0.00047091072,3815360,eclipsing_binary
1403.963601759727,1.0018715,0.0004713135,3815360,eclipsing_binary
1403.964990611265,1.0000143,0.00047097873,3815360,eclipsing_binary
1403.9663794623373,1.0015131,0.00047138514,3815360,eclipsing_binary
1403.9677683138746,1.0015738,0.00047128607,3815360,eclipsing_binary
1403.9691571649469,0.9994513,0.00047082428,3815360,eclipsing_binary
1403.970546016485,0.99958956,0.00047088,3815360,eclipsing_binary
1403.9719348675567,1.0005668,0.00047104218,3815360,eclipsing_binary
1403.9733237186283,1.000406,0.00047114742,3815360,eclipsing_binary
1403.9747125701665,1.0007192,0.0004710819,3815360,eclipsing_binary
1403.9761014212388,1.0007124,0.00047107783,3815360,eclipsing_binary
1403.977490272776,0.999008,0.00047090463,3815360,eclipsing_binary
1403.9788791238484,0.9999455,0.00047097597,3815360,eclipsing_binary
1403.9802679753866,1.000364,0.00047104692,3815360,eclipsing_binary
1403.9816568264582,1.0004823,0.0004711281,3815360,eclipsing_binary
1403.9830456779962,1.0011097,0.00047119803,3815360,eclipsing_binary
1403.9844345290692,1.0003155,0.00047103706,3815360,eclipsing_binary
1403.9858233801415,1.0001595,0.00047090373,3815360,eclipsing_binary
1403.9872122316797,0.9995721,0.00047087824,3815360,eclipsing_binary
1403.988601082752,1.0005395,0.00047100027,3815360,eclipsing_binary
1403.9899899338236,1.0004988,0.00047101735,3815360,eclipsing_binary
1403.9913787853616,1.0002441,0.00047090426,3815360,eclipsing_binary
1403.992767636434,1.0002208,0.00047106083,3815360,eclipsing_binary
1403.9941564879714,1.0004927,0.00047099663,3815360,eclipsing_binary
1403.995545339043,1.0008096,0.00047108106,3815360,eclipsing_binary
1403.9969341901156,1.0003617,0.0004709254,3815360,eclipsing_binary
1403.9983230416535,1.0003167,0.00047096965,3815360,eclipsing_binary
1403.9997118927251,1.0004115,0.00047110266,3815360,eclipsing_binary
1404.0011007437975,1.0009168,0.00047119008,3815360,eclipsing_binary
1404.0024895953354,1.000448,0.0004709884,3815360,eclipsing_binary
1404.0038784464073,1.0006676,0.0004709998,3815360,eclipsing_binary
1404.0052672974796,0.9995994,0.00047091936,3815360,eclipsing_binary
1404.0066561490175,1.0007281,0.00047101383,3815360,eclipsing_binary
1404.0080450000892,1.0001538,0.00047106063,3815360,eclipsing_binary
1404.0094338511617,1.0004079,0.00047107978,3815360,eclipsing_binary
1404.010822702234,1.0001849,0.00047079555,3815360,eclipsing_binary
1404.0122115537713,0.9991548,0.00047087047,3815360,eclipsing_binary
1404.013600404843,1.0016224,0.00047117454,3815360,eclipsing_binary
1404.0149892559152,0.9996038,0.00047092632,3815360,eclipsing_binary
1404.0163781074534,1.0011802,0.0004712327,3815360,eclipsing_binary
1404.017766958525,1.0010409,0.0004710963,3815360,eclipsing_binary
1404.019155809598,0.9998375,0.0004710013,3815360,eclipsing_binary
1404.020544660671,1.0012939,0.0004711642,3815360,eclipsing_binary
1404.0219335122085,1.0007163,0.00047127757,3815360,eclipsing_binary
1404.0233223632808,0.99997395,0.00047091636,3815360,eclipsing_binary
1404.0247112143531,0.999962,0.0004709414,3815360,eclipsing_binary
1404.026100065425,0.9998048,0.00047084998,3815360,eclipsing_binary
1404.0274889164973,1.0010629,0.00047114491,3815360,eclipsing_binary
1404.0288777680353,1.0004025,0.0004709534,3815360,eclipsing_binary
1404.030266619107,1.0004818,0.00047102632,3815360,eclipsing_binary
1404.0316554701785,1.000417,0.0004709773,3815360,eclipsing_binary
1404.033044321251,0.9995062,0.00047073487,3815360,eclipsing_binary
1404.0344331723234,1.0002929,0.0004709551,3815360,eclipsing_binary
1404.0358220238606,0.99972737,0.00047088915,3815360,eclipsing_binary
1404.037210874933,0.99970055,0.00047089625,3815360,eclipsing_binary
1404.0385997260055,1.000039,0.0004709453,3815360,eclipsing_binary
1404.039988577077,1.0010401,0.00047114468,3815360,eclipsing_binary
1404.0413774281494,1.0003622,0.00047083347,3815360,eclipsing_binary
1404.0427662792217,0.9999045,0.00047088412,3815360,eclipsing_binary
1404.0441551302933,1.0003141,0.00047102003,3815360,eclipsing_binary
1404.0455439818315,0.99998903,0.00047097116,3815360,eclipsing_binary
1404.0469328329038,0.9998418,0.00047082195,3815360,eclipsing_binary
1404.0483216839755,1.0009634,0.0004710262,3815360,eclipsing_binary
1404.0497105350473,1.0004306,0.00047111022,3815360,eclipsing_binary
1404.0510993861196,0.9990417,0.0004708401,3815360,eclipsing_binary
1404.052488237192,1.0001476,0.0004709662,3815360,eclipsing_binary
1404.0538770882642,0.99977434,0.00047086822,3815360,eclipsing_binary
1404.0552659393375,1.0002147,0.00047102725,3815360,eclipsing_binary
1404.0566547904098,1.0003847,0.00047101875,3815360,eclipsing_binary
1404.058043641947,1.0009155,0.00047110807,3815360,eclipsing_binary
1404.0594324930194,1.0001583,0.0004709766,3815360,eclipsing_binary
1404.060821344092,1.0011215,0.00047117812,3815360,eclipsing_binary
1404.0622101951635,1.0005753,0.00047099125,3815360,eclipsing_binary
1404.0635990462358,1.0009054,0.00047104637,3815360,eclipsing_binary
1404.0649878973081,1.000817,0.0004711344,3815360,eclipsing_binary
1404.0663767483798,0.9997779,0.00047092693,3815360,eclipsing_binary
1404.0677655994516,1.0005913,0.00047101243,3815360,eclipsing_binary
1404.069154450524,0.99968815,0.00047081776,3815360,eclipsing_binary
1404.0705433015962,0.999747,0.00047084823,3815360,eclipsing_binary
1404.0719321526678,1.0004303,0.00047097553,3815360,eclipsing_binary
1404.0733210037401,1.0011243,0.00047111098,3815360,eclipsing_binary
1404.0747098548127,0.99935997,0.0004708454,3815360,eclipsing_binary
1404.0760987058843,1.0001895,0.00047097143,3815360,eclipsing_binary
1404.0774875569566,1.0001168,0.00047102873,3815360,eclipsing_binary
1404.078876408029,1.0007184,0.00047100344,3815360,eclipsing_binary
1404.0802652591008,0.9999809,0.0004709187,3815360,eclipsing_binary
1404.081654110173,1.0009907,0.00047110324,3815360,eclipsing_binary
1404.0830429612454,1.0004643,0.0004710908,3815360,eclipsing_binary
1404.0844318123172,0.99987733,0.0004709547,3815360,eclipsing_binary
1404.0858206633889,1.0003111,0.00047085385,3815360,eclipsing_binary
1404.0872095144612,0.9993951,0.00047086374,3815360,eclipsing_binary
1404.0885983655342,1.0001277,0.00047093624,3815360,eclipsing_binary
1404.0899872166065,1.0003141,0.00047102122,3815360,eclipsing_binary
1404.091376067679,1.0000142,0.0004709588,3815360,eclipsing_binary
1404.0927649182856,1.000593,0.0004711739,3815360,eclipsing_binary
1404.0941537693573,1.0005642,0.00047102585,3815360,eclipsing_binary
1404.0955426204296,0.99911195,0.0004708666,3815360,eclipsing_binary
1404.096931471502,1.0006468,0.00047110784,3815360,eclipsing_binary
1404.0983203225737,0.9997343,0.0004709405,3815360,eclipsing_binary
1404.099709173646,1.0002155,0.00047105836,3815360,eclipsing_binary
1404.1010980247183,0.99997014,0.0004709798,3815360,eclipsing_binary
1404.1024868757902,1.0001935,0.00047092914,3815360,eclipsing_binary
1404.1038757268625,1.000047,0.00047095912,3815360,eclipsing_binary
1404.1052645779348,1.0013672,0.00047117934,3815360,eclipsing_binary
1404.1066534285408,1.0001198,0.00047094113,3815360,eclipsing_binary
1404.1080422796126,1.0003935,0.0004710557,3815360,eclipsing_binary
1404.109431130685,1.0001885,0.00047093417,3815360,eclipsing_binary
1404.1108199817572,1.0012206,0.00047112734,3815360,eclipsing_binary
1404.1122088328289,0.9998019,0.0004709772,3815360,eclipsing_binary
1404.1135976839014,0.99892044,0.00047092905,3815360,eclipsing_binary
1404.114986534508,0.99995077,0.0004708459,3815360,eclipsing_binary
1404.1163753855797,1.0003217,0.00047105158,3815360,eclipsing_binary
1404.117764236652,0.99978983,0.0004709733,3815360,eclipsing_binary
1404.1191530877245,1.0012534,0.00047107844,3815360,eclipsing_binary
1404.1205419387961,1.0002126,0.00047097413,3815360,eclipsing_binary
1404.1219307894028,1.000289,0.00047098089,3815360,eclipsing_binary
1404.1233196404758,1.0008372,0.0004710031,3815360,eclipsing_binary
1404.124708491548,1.0007075,0.00047106374,3815360,eclipsing_binary
1404.12609734262,1.000743,0.0004710406,3815360,eclipsing_binary
1404.1274861936922,1.0003736,0.0004710134,3815360,eclipsing_binary
1404.1288750442989,1.0005906,0.00047101738,3815360,eclipsing_binary
1404.1302638953707,1.0006678,0.00047110207,3815360,eclipsing_binary
1404.131652746443,0.9997444,0.00047096077,3815360,eclipsing_binary
1404.1330415975153,0.9993422,0.0004708218,3815360,eclipsing_binary
1404.1344304481213,1.0006492,0.000471153,3815360,eclipsing_binary
1404.1358192991938,0.9998141,0.0004708499,3815360,eclipsing_binary
1404.1372081502661,1.0001948,0.00047106823,3815360,eclipsing_binary
1404.1385970013378,1.0006135,0.00047109893,3815360,eclipsing_binary
1404.1399858519444,1.0004585,0.00047097745,3815360,eclipsing_binary
1404.1413747030167,0.9998003,0.0004708227,3815360,eclipsing_binary
1404.1427635540886,1.0006732,0.00047102963,3815360,eclipsing_binary
1404.1441524046945,0.9991999,0.0004708065,3815360,eclipsing_binary
1404.1455412557668,1.0009111,0.00047112146,3815360,eclipsing_binary
1404.1469301068391,1.00061,0.000471028,3815360,eclipsing_binary
1404.148318957445,1.0013915,0.00047119762,3815360,eclipsing_binary
1404.1497078085176,1.0002428,0.00047089512,3815360,eclipsing_binary
1404.15109665959,0.9999839,0.00047094547,3815360,eclipsing_binary
1404.152485510196,1.0013132,0.00047108415,3815360,eclipsing_binary
1404.1538743612682,1.0009457,0.00047122315,3815360,eclipsing_binary
1404.1552632123407,0.9999472,0.00047095126,3815360,eclipsing_binary
1404.1566520629467,1.0002679,0.00047097492,3815360,eclipsing_binary
1404.1580409140197,0.99979,0.00047085725,3815360,eclipsing_binary
1404.1594297650927,0.9995386,0.00047076948,3815360,eclipsing_binary
1404.1608186156989,1.0002434,0.00047094768,3815360,eclipsing_binary
1404.1622074667705,1.0007191,0.00047109206,3815360,eclipsing_binary
1404.1635963173771,0.99995476,0.00047093967,3815360,eclipsing_binary
1404.1649851684497,1.0006115,0.0004711114,3815360,eclipsing_binary
1404.1663740195213,1.0008569,0.0004710609,3815360,eclipsing_binary
1404.167762870128,1.0000243,0.00047099232,3815360,eclipsing_binary
1404.1691517212003,1.0000681,0.00047095618,3815360,eclipsing_binary
1404.1705405718062,1.0004433,0.0004710257,3815360,eclipsing_binary
1404.1719294228787,0.99964166,0.0004708601,3815360,eclipsing_binary
1404.173318273951,0.99980515,0.00047096415,3815360,eclipsing_binary
1404.174707124557,1.0000873,0.00047088962,3815360,eclipsing_binary
1404.1760959756293,1.0009348,0.00047114957,3815360,eclipsing_binary
1404.1774848262362,0.9997704,0.00047081246,3815360,eclipsing_binary
1404.1788736773078,1.0001228,0.0004709685,3815360,eclipsing_binary
1404.1802625279138,1.000252,0.0004710023,3815360,eclipsing_binary
1404.181651378986,0.9993968,0.0004707899,3815360,eclipsing_binary
1404.1830402295927,0.99947375,0.00047083848,3815360,eclipsing_binary
1404.1844290806646,1.0007945,0.00047114046,3815360,eclipsing_binary
1404.1858179312712,1.0003074,0.00047091697,3815360,eclipsing_binary
1404.1872067823435,1.0005138,0.0004710591,3815360,eclipsing_binary
1404.1885956329497,1.0004622,0.00047107725,3815360,eclipsing_binary
1404.189984484022,0.99990964,0.0004709298,3815360,eclipsing_binary
1404.1913733346287,0.9999654,0.00047102585,3815360,eclipsing_binary
1404.192762185701,1.0006926,0.00047116907,3815360,eclipsing_binary
1404.1941510363085,1.001103,0.00047113223,3815360,eclipsing_binary
1404.1955398873808,0.99975413,0.00047092434,3815360,eclipsing_binary
1404.1969287379868,1.000497,0.00047106546,3815360,eclipsing_binary
1404.1983175890584,1.0008363,0.0004711252,3815360,eclipsing_binary
1404.199706439665,1.0003561,0.0004709736,3815360,eclipsing_binary
1404.2010952907376,1.0004367,0.00047099477,3815360,eclipsing_binary
1404.2024841413436,1.0008854,0.0004711722,3815360,eclipsing_binary
1404.2038729919502,1.000591,0.00047099008,3815360,eclipsing_binary
1404.2052618430225,1.0000635,0.00047105853,3815360,eclipsing_binary
1404.2066506936287,0.9998591,0.0004708162,3815360,eclipsing_binary
1404.208039544701,1.0007477,0.0004709032,3815360,eclipsing_binary
1404.2094283953077,1.0006562,0.00047092547,3815360,eclipsing_binary
1404.2108172463793,1.0011476,0.00047114133,3815360,eclipsing_binary
1404.212206096986,1.000499,0.00047109497,3815360,eclipsing_binary
1404.2135949475928,1.0001955,0.00047104002,3815360,eclipsing_binary
1404.2149837986644,0.99975824,0.00047080067,3815360,eclipsing_binary
1404.2163726492704,1.0007707,0.00047106305,3815360,eclipsing_binary
1404.2177614998773,1.0006192,0.00047097183,3815360,eclipsing_binary
1404.2191503509496,1.0003234,0.00047111485,3815360,eclipsing_binary
1404.2205392015555,1.0000831,0.00047084564,3815360,eclipsing_binary
1404.2219280526278,0.9995881,0.0004708494,3815360,eclipsing_binary
1404.2233169032347,0.9991255,0.00047082888,3815360,eclipsing_binary
1404.2247057538407,0.9999896,0.0004710169,3815360,eclipsing_binary
1404.2260946049137,1.0000107,0.00047095428,3815360,eclipsing_binary
1404.227483455521,0.99935067,0.00047078478,3815360,eclipsing_binary
1404.228872306127,1.0000042,0.00047091025,3815360,eclipsing_binary
1404.2302611571995,0.99946535,0.0004708199,3815360,eclipsing_binary
1404.2316500078061,0.99997365,0.0004708857,3815360,eclipsing_binary
1404.233038858412,1.0015093,0.0004712841,3815360,eclipsing_binary
1404.2344277090187,0.9993991,0.0004708199,3815360,eclipsing_binary
1404.2358165600913,1.0002767,0.0004711318,3815360,eclipsing_binary
1404.2372054106972,1.0001099,0.00047093406,3815360,eclipsing_binary
1404.2385942613032,1.0010581,0.0004712067,3815360,eclipsing_binary
1404.2399831123757,0.9998909,0.000470912,3815360,eclipsing_binary
1404.2413719629824,1.0009745,0.00047119957,3815360,eclipsing_binary
1404.244149664195,1.0007524,0.00047092326,3815360,eclipsing_binary
1404.2455385152673,0.99998444,0.00047089605,3815360,eclipsing_binary
1404.2469273658735,0.99976104,0.00047081377,3815360,eclipsing_binary
1404.2483162164801,0.99964094,0.00047100455,3815360,eclipsing_binary
1404.2497050670868,1.0010128,0.00047108275,3815360,eclipsing_binary
1404.2510939181584,0.9997028,0.00047088254,3815360,eclipsing_binary
1404.2524827687653,1.0002537,0.00047093324,3815360,eclipsing_binary
1404.253871619372,0.999729,0.0004710964,3815360,eclipsing_binary
1404.2552604699779,0.9999964,0.0004708754,3815360,eclipsing_binary
1404.2566493205838,1.0001112,0.00047086785,3815360,eclipsing_binary
1404.2580381716562,1.0002856,0.0004708983,3815360,eclipsing_binary
1404.259427022263,0.9998464,0.00047083513,3815360,eclipsing_binary
1404.2608158728697,1.0002356,0.00047096572,3815360,eclipsing_binary
1404.262204723477,1.0007035,0.00047102402,3815360,eclipsing_binary
1404.2635935740836,0.9997444,0.00047077754,3815360,eclipsing_binary
1404.2649824246898,0.9994371,0.00047079843,3815360,eclipsing_binary
1404.2663712757621,1.0011355,0.00047099043,3815360,eclipsing_binary
1404.2677601263688,1.0005267,0.00047080268,3815360,eclipsing_binary
1404.269148976975,1.0009067,0.00047107937,3815360,eclipsing_binary
1404.2705378275816,1.0014943,0.00047116345,3815360,eclipsing_binary
1404.2719266781883,1.0006742,0.00047101823,3815360,eclipsing_binary
1404.2733155287942,1.0000093,0.00047101767,3815360,eclipsing_binary
1404.2747043794002,1.0002089,0.0004708949,3815360,eclipsing_binary
1404.2760932304727,1.0006218,0.00047093275,3815360,eclipsing_binary
1404.2774820810794,1.0011563,0.00047117975,3815360,eclipsing_binary
1404.2788709316853,1.0002606,0.00047086028,3815360,eclipsing_binary
1404.280259782292,1.0007585,0.00047114296,3815360,eclipsing_binary
1404.2816486328989,0.99999976,0.0004707207,3815360,eclipsing_binary
1404.2830374835048,1.0001193,0.00047087384,3815360,eclipsing_binary
1404.2844263341115,1.0009233,0.00047115938,3815360,eclipsing_binary
1404.285815184718,0.99959403,0.0004707627,3815360,eclipsing_binary
1404.287204035324,1.0000024,0.0004707998,3815360,eclipsing_binary
1404.288592885931,1.0011508,0.00047106395,3815360,eclipsing_binary
1404.2899817365376,0.99957454,0.00047092265,3815360,eclipsing_binary
1404.2913705871435,0.99968666,0.00047085452,3815360,eclipsing_binary
1404.2927594377497,0.9992164,0.00047072017,3815360,eclipsing_binary
1404.2941482888227,1.0003812,0.00047088505,3815360,eclipsing_binary
1404.29553713943,0.99963593,0.00047084846,3815360,eclipsing_binary
1404.296925990036,1.0004975,0.00047101753,3815360,eclipsing_binary
1404.298314840643,0.99983495,0.00047074832,3815360,eclipsing_binary
1404.2997036912495,1.0010122,0.00047097474,3815360,eclipsing_binary
1404.3010925418555,1.0005753,0.00047096232,3815360,eclipsing_binary
1404.3024813924621,1.0002607,0.00047097728,3815360,eclipsing_binary
1404.303870243069,0.9994976,0.00047077186,3815360,eclipsing_binary
1404.305259093675,1.000591,0.00047094145,3815360,eclipsing_binary
1404.3066479442816,1.0010358,0.00047108662,3815360,eclipsing_binary
1404.3080367948883,0.99975526,0.00047081665,3815360,eclipsing_binary
1404.3094256454942,1.0005724,0.00047098947,3815360,eclipsing_binary
1404.3108144956348,0.99994427,0.00047081965,3815360,eclipsing_binary
1404.3122033462414,1.000884,0.00047096654,3815360,eclipsing_binary
1404.313592196848,1.0008125,0.000471049,3815360,eclipsing_binary
1404.314981047454,1.000994,0.00047101596,3815360,eclipsing_binary
1404.3163698980607,1.0004977,0.00047088123,3815360,eclipsing_binary
1404.3177587486675,0.9998527,0.00047070018,3815360,eclipsing_binary
1404.3191475992735,1.0013319,0.00047116133,3815360,eclipsing_binary
1404.3205364498801,1.0010582,0.00047104753,3815360,eclipsing_binary
1404.3219253004868,1.0007482,0.0004711477,3815360,eclipsing_binary
1404.323314151093,1.0010874,0.00047104983,3815360,eclipsing_binary
1404.3247030016996,1.0005479,0.0004708999,3815360,eclipsing_binary
1404.3260918523063,1.0004138,0.00047102603,3815360,eclipsing_binary
1404.3274807029125,1.000891,0.00047100356,3815360,eclipsing_binary
1404.3288695530534,1.0001066,0.0004708553,3815360,eclipsing_binary
1404.3302584036608,1.0001804,0.0004709217,3815360,eclipsing_binary
1404.3316472542674,1.0005797,0.00047090687,3815360,eclipsing_binary
1404.3330361048734,1.0004572,0.00047096322,3815360,eclipsing_binary
1404.3344249554802,1.0008969,0.00047101735,3815360,eclipsing_binary
1404.335813806087,1.0005789,0.00047104878,3815360,eclipsing_binary
1404.3372026566929,1.0006313,0.0004709187,3815360,eclipsing_binary
1404.3385915068338,1.0002456,0.00047087471,3815360,eclipsing_binary
1404.3399803574407,0.99964243,0.00047081028,3815360,eclipsing_binary
1404.3413692080467,0.9997615,0.00047072914,3815360,eclipsing_binary
1404.3427580586533,1.0005639,0.0004709659,3815360,eclipsing_binary
1404.34414690926,1.0008155,0.0004709968,3815360,eclipsing_binary
1404.3455357598662,0.9998127,0.00047083836,3815360,eclipsing_binary
1404.3469246100071,1.0005378,0.00047095685,3815360,eclipsing_binary
1404.3483134606138,1.0008335,0.00047102294,3815360,eclipsing_binary
1404.3497023112197,1.0004853,0.0004709898,3815360,eclipsing_binary
1404.351091161826,1.0000342,0.00047090626,3815360,eclipsing_binary
1404.3524800124326,1.001984,0.00047133744,3815360,eclipsing_binary
1404.3538688625736,1.0008831,0.00047096814,3815360,eclipsing_binary
1404.3552577131795,1.0002227,0.00047086529,3815360,eclipsing_binary
1404.3566465637864,1.0002695,0.0004709196,3815360,eclipsing_binary
1404.358035414393,1.0002381,0.0004709704,3815360,eclipsing_binary
1404.3594242645333,0.998898,0.00047066316,3815360,eclipsing_binary
1404.36081311514,1.0009515,0.00047100923,3815360,eclipsing_binary
1404.3622019657473,1.0002222,0.00047085388,3815360,eclipsing_binary
1404.3635908163542,1.000254,0.00047095428,3815360,eclipsing_binary
1404.3649796664952,1.0006034,0.00047090015,3815360,eclipsing_binary
1404.3663685171018,1.000646,0.00047107638,3815360,eclipsing_binary
1404.3677573677078,1.00053,0.00047087073,3815360,eclipsing_binary
1404.369146218314,1.001091,0.0004709011,3815360,eclipsing_binary
1404.370535068455,1.000274,0.00047098316,3815360,eclipsing_binary
1404.3719239190616,1.0011983,0.00047097533,3815360,eclipsing_binary
1404.3733127696678,1.0004224,0.00047085155,3815360,eclipsing_binary
1404.3747016198088,1.0016931,0.0004711089,3815360,eclipsing_binary
1404.3760904704154,1.0002449,0.00047095006,3815360,eclipsing_binary
1404.3774793210214,0.99949104,0.00047060495,3815360,eclipsing_binary
1404.3788681711626,1.0006396,0.0004710003,3815360,eclipsing_binary
1404.3802570217692,1.0008774,0.00047094017,3815360,eclipsing_binary
1404.3816458723752,0.9994163,0.00047074314,3815360,eclipsing_binary
1404.3830347225162,1.0011492,0.00047114183,3815360,eclipsing_binary
1404.384423573123,1.0012091,0.00047095903,3815360,eclipsing_binary
1404.385812423729,1.0005478,0.00047094552,3815360,eclipsing_binary
1404.3872012738693,1.0011001,0.0004709881,3815360,eclipsing_binary
1404.388590124476,1.0004697,0.00047095004,3815360,eclipsing_binary
1404.389978974617,1.0009786,0.00047109823,3815360,eclipsing_binary
1404.391367825223,1.0003482,0.0004708818,3815360,eclipsing_binary
1404.3927566758298,0.99968916,0.00047080897,3815360,eclipsing_binary
1404.3941455259708,1.0011684,0.00047103196,3815360,eclipsing_binary
1404.3955343765774,1.0016139,0.00047125362,3815360,eclipsing_binary
1404.396923226719,1.0002062,0.0004707148,3815360,eclipsing_binary
1404.398312077326,1.0001025,0.00047088333,3815360,eclipsing_binary
1404.399700927932,1.0007788,0.00047080388,3815360,eclipsing_binary
1404.401089778073,0.99994636,0.0004708777,3815360,eclipsing_binary
1404.4024786286795,1.0002477,0.00047068225,3815360,eclipsing_binary
1404.40386747882,1.0002986,0.00047092297,3815360,eclipsing_binary
1404.405256329426,1.0002171,0.00047090225,3815360,eclipsing_binary
1404.406645179567,1.000301,0.00047088202,3815360,eclipsing_binary
1404.408034030174,1.00084,0.00047089226,3815360,eclipsing_binary
1404.4094228803142,1.0001366,0.00047090405,3815360,eclipsing_binary
1404.4108117309208,1.0004925,0.00047076002,3815360,eclipsing_binary
1404.4122005815275,0.9998658,0.00047076005,3815360,eclipsing_binary
1404.4135894316678,0.9987718,0.0004705679,3815360,eclipsing_binary
1404.4149782822747,0.99985325,0.00047062678,3815360,eclipsing_binary
1404.4163671324156,1.0004352,0.00047096927,3815360,eclipsing_binary
1404.4177559830216,1.0003849,0.000470802,3815360,eclipsing_binary
1404.4191448331626,0.99924034,0.0004708346,3815360,eclipsing_binary
1404.4205336837695,0.99980986,0.0004707368,3815360,eclipsing_binary
1404.4219225339098,1.0003768,0.00047084078,3815360,eclipsing_binary
1404.4233113845157,0.9999079,0.00047068644,3815360,eclipsing_binary
1404.4247002346567,1.0005708,0.00047086918,3815360,eclipsing_binary
1404.4260890847977,1.0000865,0.0004707948,3815360,eclipsing_binary
1404.4274779354039,1.0008886,0.00047086988,3815360,eclipsing_binary
1404.4288667855456,1.0000701,0.00047089925,3815360,eclipsing_binary
1404.4302556361529,1.0000508,0.00047069366,3815360,eclipsing_binary
1404.4316444862934,0.99984777,0.00047080996,3815360,eclipsing_binary
1404.4330333369,1.0011222,0.00047097198,3815360,eclipsing_binary
1404.434422187041,1.0010952,0.00047101473,3815360,eclipsing_binary
1404.435811037647,0.9998968,0.0004708645,3815360,eclipsing_binary
1404.4371998877882,1.0003995,0.00047087966,3815360,eclipsing_binary
1404.4385887379292,1.0006115,0.00047091302,3815360,eclipsing_binary
1404.4399775885352,1.0013652,0.0004711118,3815360,eclipsing_binary
1404.4413664386755,0.9999198,0.0004709298,3815360,eclipsing_binary
1404.442755289282,1.0015082,0.000471141,3815360,eclipsing_binary
1404.4441441394233,1.0004152,0.00047080682,3815360,eclipsing_binary
1404.4455329895636,0.9999648,0.00047083065,3815360,eclipsing_binary
1404.4469218401703,1.0005682,0.00047098476,3815360,eclipsing_binary
1404.4483106903112,1.0002956,0.00047080405,3815360,eclipsing_binary
1404.4496995404518,0.9998845,0.0004707461,3815360,eclipsing_binary
1404.4510883910584,1.0011469,0.00047084462,3815360,eclipsing_binary
1404.4524772411994,1.0009738,0.000470897,3815360,eclipsing_binary
1404.4538660913397,0.9996458,0.00047070504,3815360,eclipsing_binary
1404.4552549419464,1.0004438,0.00047091494,3815360,eclipsing_binary
1404.4566437920876,1.0009621,0.00047103222,3815360,eclipsing_binary
1404.4580326422279,1.0018281,0.00047121744,3815360,eclipsing_binary
1404.4594214928345,1.0006328,0.00047091243,3815360,eclipsing_binary
1404.4608103429764,1.0010237,0.00047103895,3815360,eclipsing_binary
1404.4621991931174,0.99994665,0.00047087995,3815360,eclipsing_binary
1404.4635880437233,0.9992828,0.0004707422,3815360,eclipsing_binary
1404.4649768938643,1.0004597,0.0004708282,3815360,eclipsing_binary
1404.4663657440055,1.0007931,0.00047083432,3815360,eclipsing_binary
1404.4677545946115,1.0001256,0.00047080472,3815360,eclipsing_binary
1404.4691434447525,1.0005867,0.00047090955,3815360,eclipsing_binary
1404.4705322948935,1.0005472,0.00047099186,3815360,eclipsing_binary
1404.4719211450338,1.0002027,0.0004708695,3815360,eclipsing_binary
1404.4733099956406,1.0010608,0.0004709584,3815360,eclipsing_binary
1404.4746988457816,1.0004644,0.00047072128,3815360,eclipsing_binary
1404.476087695922,1.0005448,0.0004707911,3815360,eclipsing_binary
1404.477476546063,1.0008389,0.00047094765,3815360,eclipsing_binary
1404.4788653966698,0.9999945,0.0004707787,3815360,eclipsing_binary
1404.48025424681,0.99951535,0.00047073388,3815360,eclipsing_binary
1404.4816430969504,0.99995404,0.00047071386,3815360,eclipsing_binary
1404.4830319470916,1.0005052,0.00047088022,3815360,eclipsing_binary
1404.4844207976982,1.0006316,0.00047086398,3815360,eclipsing_binary
1404.4858096478386,1.0010952,0.00047076895,3815360,eclipsing_binary
1404.4871984979795,1.0007997,0.00047090143,3815360,eclipsing_binary
1404.4885873481205,1.0004627,0.0004707667,3815360,eclipsing_binary
1404.489976198261,1.0009519,0.0004710221,3815360,eclipsing_binary
1404.4913650488677,1.000049,0.00047096115,3815360,eclipsing_binary
1404.4927538990087,1.0002017,0.00047083246,3815360,eclipsing_binary
1404.4941427491497,1.0000352,0.0004707626,3815360,eclipsing_binary
1404.4955315992916,1.00099,0.00047081418,3815360,eclipsing_binary
1404.4969204494325,1.0014939,0.00047108755,3815360,eclipsing_binary
1404.4983092995728,1.0008229,0.00047086077,3815360,eclipsing_binary
1404.4996981497131,0.9997871,0.00047083426,3815360,eclipsing_binary
1404.5010870003198,1.0003849,0.000470866,3815360,eclipsing_binary
1404.502475850461,1.0003178,0.0004708836,3815360,eclipsing_binary
1404.5038647006013,0.9999854,0.00047068862,3815360,eclipsing_binary
1404.5052535507423,0.99987626,0.00047091217,3815360,eclipsing_binary
1404.5066424008833,1.0011134,0.00047100752,3815360,eclipsing_binary
1404.5080312510238,1.0005051,0.00047091808,3815360,eclipsing_binary
1404.5094201011648,1.0006212,0.0004709385,3815360,eclipsing_binary
1404.5108089513058,1.0001706,0.0004707666,3815360,eclipsing_binary
1404.512197801912,1.0006548,0.0004708432,3815360,eclipsing_binary
1404.513586652053,1.000156,0.00047086383,3815360,eclipsing_binary
1404.514975502194,1.0005546,0.00047087178,3815360,eclipsing_binary
1404.5163643523342,1.0013635,0.0004710748,3815360,eclipsing_binary
1404.5177532024745,1.0008614,0.00047088758,3815360,eclipsing_binary
1404.5191420526157,1.0003058,0.0004708368,3815360,eclipsing_binary
1404.5205309027567,0.9999856,0.00047089206,3815360,eclipsing_binary
1404.521919752897,1.0001277,0.0004707854,3815360,eclipsing_binary
1404.523308603038,1.0014951,0.00047080702,3815360,eclipsing_binary
1404.5246974531792,1.0018618,0.0004710628,3815360,eclipsing_binary
1404.5260863033195,1.0002924,0.0004708824,3815360,eclipsing_binary
1404.5274751534612,1.0005883,0.00047066456,3815360,eclipsing_binary
1404.5288640036028,1.0012571,0.000471122,3815360,eclipsing_binary
1404.5302528537434,1.0003109,0.00047074887,3815360,eclipsing_binary
1404.5316417038844,1.0009487,0.00047101316,3815360,eclipsing_binary
1404.5330305540253,0.99981326,0.00047078545,3815360,eclipsing_binary
1404.5344194041656,1.0006942,0.00047090117,3815360,eclipsing_binary
1404.5358082543062,1.0012048,0.00047111697,3815360,eclipsing_binary
1404.5371971044472,1.0000153,0.0004709347,3815360,eclipsing_binary
1404.5385859545881,1.0009891,0.00047088397,3815360,eclipsing_binary
1404.5399748047284,1.000688,0.00047083126,3815360,eclipsing_binary
1404.5413636548697,1.000508,0.00047082207,3815360,eclipsing_binary
1404.5427525050106,1.0000476,0.00047090263,3815360,eclipsing_binary
1404.544141355151,1.001024,0.0004708605,3815360,eclipsing_binary
1404.545530205292,1.0001861,0.00047080702,3815360,eclipsing_binary
1404.5469190554331,0.99967563,0.00047074707,3815360,eclipsing_binary
1404.5483079055734,1.0009536,0.0004709237,3815360,eclipsing_binary
1404.5496967557144,0.9994187,0.00047056374,3815360,eclipsing_binary
1404.5510856058554,1.0008389,0.0004710011,3815360,eclipsing_binary
1404.5524744559957,0.9995556,0.00047082314,3815360,eclipsing_binary
1404.5538633061362,1.001135,0.0004709217,3815360,eclipsing_binary
1404.5552521558116,0.99985754,0.00047073996,3815360,eclipsing_binary
1404.5566410059525,1.0004976,0.0004709273,3815360,eclipsing_binary
1404.5580298560928,1.0005643,0.0004709184,3815360,eclipsing_binary
1404.5594187062347,0.9996759,0.00047068918,3815360,eclipsing_binary
1404.5608075563764,1.0015721,0.00047107734,3815360,eclipsing_binary
1404.5621964065167,0.9998675,0.0004707851,3815360,eclipsing_binary
1404.563585256658,1.0005102,0.00047081438,3815360,eclipsing_binary
1404.564974106799,1.0010239,0.00047119503,3815360,eclipsing_binary
1404.5663629569392,1.0008848,0.0004709402,3815360,eclipsing_binary
1404.5677518066145,1.0006105,0.00047075408,3815360,eclipsing_binary
1404.5691406567555,1.0006971,0.00047076473,3815360,eclipsing_binary
1404.570529506896,1.0013529,0.00047106156,3815360,eclipsing_binary
1404.571918357037,1.0008198,0.00047083435,3815360,eclipsing_binary
1404.573307207178,1.0009539,0.00047105955,3815360,eclipsing_binary
1404.576084906993,1.0009787,0.00047104064,3815360,eclipsing_binary
1404.5774737571342,1.0019002,0.00047103103,3815360,eclipsing_binary
1404.5788626072751,1.0003245,0.00047062102,3815360,eclipsing_binary
1404.5802514574154,1.0013059,0.0004710741,3815360,eclipsing_binary
1404.5816403075564,1.0011255,0.00047105836,3815360,eclipsing_binary
1404.583029157232,0.99982315,0.0004706874,3815360,eclipsing_binary
1404.5844180073723,1.001001,0.00047092588,3815360,eclipsing_binary
1404.5858068575133,1.0007945,0.00047089314,3815360,eclipsing_binary
1404.5871957076542,1.000678,0.00047094346,3815360,eclipsing_binary
1404.5885845577948,0.9996761,0.0004706941,3815360,eclipsing_binary
1404.58997340747,1.0010831,0.000470969,3815360,eclipsing_binary
1404.591362257611,1.0011743,0.00047101948,3815360,eclipsing_binary
1404.592751107752,0.99940544,0.00047073496,3815360,eclipsing_binary
1404.5955288075686,0.9998026,0.0004706058,3815360,eclipsing_binary
1404.5969176577096,1.0006073,0.0004706678,3815360,eclipsing_binary
1404.5983065078499,1.0005299,0.0004707835,3815360,eclipsing_binary
1404.5996953575254,1.0006529,0.00047097378,3815360,eclipsing_binary
1404.6010842076664,1.0008906,0.00047104462,3815360,eclipsing_binary
1404.6024730578067,0.9998884,0.00047065804,3815360,eclipsing_binary
1404.6038619079477,0.99993294,0.00047068272,3815360,eclipsing_binary
1404.6052507576233,1.0004996,0.00047102803,3815360,eclipsing_binary
1404.6066396077636,0.9995312,0.00047061726,3815360,eclipsing_binary
1404.6094173075799,1.0011756,0.00047095944,3815360,eclipsing_binary
1404.6108061577202,1.0010613,0.0004710231,3815360,eclipsing_binary
1404.6121950078607,1.000361,0.00047080137,3815360,eclipsing_binary
1404.613583857536,1.0007845,0.00047058478,3815360,eclipsing_binary
1404.614972707677,1.0017211,0.00047087265,3815360,eclipsing_binary
1404.6163615578175,1.0004084,0.0004708911,3815360,eclipsing_binary
1404.6177504074928,1.0006858,0.00047094614,3815360,eclipsing_binary
1404.6191392576338,1.0011673,0.0004710373,3815360,eclipsing_binary
1404.6205281077741,1.0003514,0.00047082533,3815360,eclipsing_binary
1404.6219169574497,1.0006535,0.00047083583,3815360,eclipsing_binary
1404.6233058075907,1.0015463,0.00047102213,3815360,eclipsing_binary
1404.6260835074077,1.0015182,0.0004710018,3815360,eclipsing_binary
1404.6274723575489,0.9996155,0.000470552,3815360,eclipsing_binary
1404.6316389070391,1.0013598,0.0004709574,3815360,eclipsing_binary
1404.6330277571801,1.0003233,0.00047079232,3815360,eclipsing_binary
1404.6344166073206,1.0007225,0.0004708767,3815360,eclipsing_binary
1404.635805456996,1.000084,0.00047085172,3815360,eclipsing_binary
1404.637194307137,1.000827,0.0004710658,3815360,eclipsing_binary
1404.6385831568116,1.0014651,0.00047098828,3815360,eclipsing_binary
1404.6399720069526,1.000586,0.00047087527,3815360,eclipsing_binary
1404.6413608566281,1.0006737,0.00047088246,3815360,eclipsing_binary
1404.6427497067684,1.0008702,0.0004709738,3815360,eclipsing_binary
1404.6441385564437,0.9997443,0.0004706375,3815360,eclipsing_binary
1404.6455274065847,1.0010178,0.00047089314,3815360,eclipsing_binary
1404.6469162562596,1.0000067,0.0004707468,3815360,eclipsing_binary
1404.6483051064,1.0008693,0.00047087154,3815360,eclipsing_binary
1404.6496939560752,1.0004724,0.00047100283,3815360,eclipsing_binary
1404.6510828062164,0.9998517,0.00047059808,3815360,eclipsing_binary
1404.652471655891,1.0015359,0.00047115455,3815360,eclipsing_binary
1404.6552493557074,1.0001619,0.00047088208,3815360,eclipsing_binary
1404.6566382058486,1.001852,0.00047103016,3815360,eclipsing_binary
1404.6580270555246,1.0000976,0.0004707388,3815360,eclipsing_binary
1404.6594159056656,1.0002503,0.0004706382,3815360,eclipsing_binary
1404.6608047553402,1.000887,0.00047103205,3815360,eclipsing_binary
1404.6621936054812,1.0001442,0.0004708689,3815360,eclipsing_binary
1404.6635824551568,1.0007684,0.0004708392,3815360,eclipsing_binary
1404.664971305297,1.0009121,0.0004708746,3815360,eclipsing_binary
1404.6663601549717,1.0003817,0.00047080524,3815360,eclipsing_binary
1404.6677490046472,1.0005878,0.0004706965,3815360,eclipsing_binary
1404.6691378547882,1.0008851,0.0004710527,3815360,eclipsing_binary
1404.6705267044629,1.0012591,0.00047087346,3815360,eclipsing_binary
1404.6719155546039,1.0001432,0.00047066298,3815360,eclipsing_binary
1404.6733044042792,1.0009496,0.00047079762,3815360,eclipsing_binary
1404.6746932544197,1.0005463,0.0004707551,3815360,eclipsing_binary
1404.676082104095,1.000526,0.00047075606,3815360,eclipsing_binary
1404.6774709537704,1.0010324,0.00047096735,3815360,eclipsing_binary
1404.6788598039107,1.0018454,0.00047104686,3815360,eclipsing_binary
1404.6802486535862,1.0007082,0.00047082384,3815360,eclipsing_binary
1404.6816375032615,0.9997613,0.00047069998,3815360,eclipsing_binary
1404.6830263534018,1.0000876,0.0004707071,3815360,eclipsing_binary
1404.6844152030765,1.0006393,0.00047081284,3815360,eclipsing_binary
1404.6858040532175,1.0001494,0.00047073571,3815360,eclipsing_binary
1404.687192902893,1.0000783,0.00047068048,3815360,eclipsing_binary
1404.6885817525683,1.0008044,0.00047090914,3815360,eclipsing_binary
1404.68997060271,1.0009302,0.00047091887,3815360,eclipsing_binary
1404.6913594523853,1.0009247,0.00047090347,3815360,eclipsing_binary
1404.6927483020602,1.0002382,0.0004707986,3815360,eclipsing_binary
1404.6941371522012,1.000412,0.00047089008,3815360,eclipsing_binary
1404.6955260018765,1.0015466,0.0004710647,3815360,eclipsing_binary
1404.6969148515514,1.0010495,0.00047090938,3815360,eclipsing_binary
1404.6983037012267,1.0010245,0.0004709312,3815360,eclipsing_binary
1404.6996925513677,1.0003958,0.00047093854,3815360,eclipsing_binary
1404.7010814010423,1.0004643,0.00047085123,3815360,eclipsing_binary
1404.7024702507179,0.9999002,0.00047063734,3815360,eclipsing_binary
1404.7038591008588,1.0003418,0.00047089905,3815360,eclipsing_binary
1404.7052479505335,1.0002402,0.00047082966,3815360,eclipsing_binary
1404.7066368002081,1.0005502,0.00047085856,3815360,eclipsing_binary
1404.7080256498834,1.0015588,0.00047100656,3815360,eclipsing_binary
1404.7094145000246,0.99978876,0.00047058729,3815360,eclipsing_binary
1404.7108033496993,1.0003513,0.0004708128,3815360,eclipsing_binary
1404.7219141480336,0.999882,0.00047079523,3815360,eclipsing_binary
1404.7233029977083,1.0003734,0.00047092873,3815360,eclipsing_binary
1404.724691847383,1.0002111,0.00047093327,3815360,eclipsing_binary
1404.7260806970585,1.0003897,0.00047094646,3815360,eclipsing_binary
1404.7274695467338,1.0005387,0.00047100414,3815360,eclipsing_binary
1404.728858396874,1.0002426,0.00047091977,3815360,eclipsing_binary
1404.7302472465494,1.0003433,0.00047101165,3815360,eclipsing_binary
1404.731636096225,1.0007961,0.0004710791,3815360,eclipsing_binary
1404.7330249458996,1.0004412,0.0004710345,3815360,eclipsing_binary
1404.734413795575,0.9998066,0.00047097378,3815360,eclipsing_binary
1404.7358026452503,1.0001639,0.0004709299,3815360,eclipsing_binary
1404.7371914953906,1.0000503,0.00047103726,3815360,eclipsing_binary
1404.738580345066,1.001108,0.00047109925,3815360,eclipsing_binary
1404.7399691947414,1.0002315,0.00047085143,3815360,eclipsing_binary
1404.741358044416,1.0000566,0.00047094104,3815360,eclipsing_binary
1404.7427468940907,1.000659,0.00047097416,3815360,eclipsing_binary
1404.744135743766,1.0002482,0.0004709472,3815360,eclipsing_binary
1404.7455245934416,0.99986404,0.00047079334,3815360,eclipsing_binary
1404.7469134431162,1.0009277,0.0004710728,3815360,eclipsing_binary
1404.7483022927915,0.9998941,0.00047089742,3815360,eclipsing_binary
1404.7496911429325,1.0006478,0.00047100152,3815360,eclipsing_binary
1404.7510799926074,1.0002611,0.00047087242,3815360,eclipsing_binary
1404.7524688422834,1.000102,0.00047086552,3815360,eclipsing_binary
1404.7538576919594,1.000396,0.0004710763,3815360,eclipsing_binary
1404.7552465416343,1.0002253,0.00047090166,3815360,eclipsing_binary
1404.7566353913096,0.9997721,0.00047079366,3815360,eclipsing_binary
1404.758024240985,1.0001503,0.00047094058,3815360,eclipsing_binary
1404.7594130906596,1.0011184,0.0004710365,3815360,eclipsing_binary
1404.7608019403342,1.0003139,0.00047096406,3815360,eclipsing_binary
1404.7621907900098,1.0002456,0.00047109748,3815360,eclipsing_binary
1404.763579639685,1.0009342,0.00047104043,3815360,eclipsing_binary
1404.7649684893597,1.0005109,0.0004710338,3815360,eclipsing_binary
1404.766357339035,0.9998211,0.00047084378,3815360,eclipsing_binary
1404.7677461887106,1.0006607,0.0004711155,3815360,eclipsing_binary
1404.7691350383852,1.001136,0.0004710211,3815360,eclipsing_binary
1404.7705238880606,1.0003508,0.0004709509,3815360,eclipsing_binary
1404.7719127377359,1.0009576,0.00047107783,3815360,eclipsing_binary
1404.7733015874107,1.0009037,0.00047098007,3815360,eclipsing_binary
1404.774690437086,1.0005114,0.0004710306,3815360,eclipsing_binary
1404.7760792867614,1.0009167,0.000471034,3815360,eclipsing_binary
1404.777468136436,0.9997021,0.00047078473,3815360,eclipsing_binary
1404.778856986111,1.0010204,0.00047103464,3815360,eclipsing_binary
1404.7802458357862,1.0006049,0.00047108048,3815360,eclipsing_binary
1404.7816346854615,1.0006354,0.00047099797,3815360,eclipsing_binary
1404.7830235351362,1.0008094,0.00047101162,3815360,eclipsing_binary
1404.7844123848122,1.0007192,0.00047098,3815360,eclipsing_binary
1404.7858012344884,1.0000119,0.00047081846,3815360,eclipsing_binary
1404.787190084163,1.0004196,0.00047084672,3815360,eclipsing_binary
1404.7885789338384,1.0008007,0.0004709724,3815360,eclipsing_binary
1404.7899677830483,0.9998712,0.0004708185,3815360,eclipsing_binary
1404.791356632723,1.0008248,0.0004709856,3815360,eclipsing_binary
1404.7927454823982,1.0001843,0.0004708233,3815360,eclipsing_binary
1404.7941343320736,1.0004649,0.00047099128,3815360,eclipsing_binary
1404.7955231817482,1.000843,0.00047106692,3815360,eclipsing_binary
1404.796912031423,1.000615,0.00047098083,3815360,eclipsing_binary
1404.7983008810984,0.9990831,0.00047064785,3815360,eclipsing_binary
1404.7996897307737,1.0003656,0.00047105554,3815360,eclipsing_binary
1404.8010785804486,1.0003365,0.00047097958,3815360,eclipsing_binary
1404.8024674296582,1.0001794,0.0004710132,3815360,eclipsing_binary
1404.8038562793336,1.0009922,0.00047115405,3815360,eclipsing_binary
1404.8052451290082,1.0004213,0.00047101037,3815360,eclipsing_binary
1404.8066339786837,0.9994746,0.00047081237,3815360,eclipsing_binary
1404.808022828359,1.0005801,0.00047106613,3815360,eclipsing_binary
1404.8094116780337,1.0004754,0.00047108362,3815360,eclipsing_binary
1404.810800527709,1.0003862,0.000471069,3815360,eclipsing_binary
1404.8121893769187,1.0001884,0.00047095612,3815360,eclipsing_binary
1404.8135782265936,1.0005772,0.0004709897,3815360,eclipsing_binary
1404.8149670762689,1.0001415,0.0004709555,3815360,eclipsing_binary
1404.816355925945,1.0015341,0.00047122187,3815360,eclipsing_binary
1404.8177447756202,0.9997642,0.0004708398,3815360,eclipsing_binary
1404.8191336248292,0.99998295,0.00047087568,3815360,eclipsing_binary
1404.8205224745047,1.000243,0.00047101712,3815360,eclipsing_binary
1404.82191132418,0.9991493,0.00047080303,3815360,eclipsing_binary
1404.8233001738547,1.0008855,0.00047106305,3815360,eclipsing_binary
1404.8246890230644,1.0000526,0.0004707872,3815360,eclipsing_binary
1404.82607787274,1.0006474,0.00047112504,3815360,eclipsing_binary
1404.8274667224146,1.0002406,0.0004709249,3815360,eclipsing_binary
1404.8288555720899,1.0008361,0.0004710232,3815360,eclipsing_binary
1404.8302444217652,1.0001568,0.0004709254,3815360,eclipsing_binary
1404.8316332709744,1.0011462,0.00047115516,3815360,eclipsing_binary
1404.8330221206497,1.0009135,0.00047109727,3815360,eclipsing_binary
1404.834410970325,1.0003023,0.00047098906,3815360,eclipsing_binary
1404.8357998195343,1.0011159,0.000471078,3815360,eclipsing_binary
1404.837188669209,1.0008663,0.00047105714,3815360,eclipsing_binary
1404.8385775188842,1.000786,0.00047112966,3815360,eclipsing_binary
1404.8399663685595,1.000847,0.00047107707,3815360,eclipsing_binary
1404.8413552177685,1.0009856,0.00047113377,3815360,eclipsing_binary
1404.842744067444,1.0002929,0.00047097116,3815360,eclipsing_binary
1404.8441329171194,1.0005445,0.0004711597,3815360,eclipsing_binary
1404.8455217663284,0.9999731,0.0004708364,3815360,eclipsing_binary
1404.8469106160046,1.0005945,0.00047099017,3815360,eclipsing_binary
1404.8482994656806,0.99998367,0.00047094477,3815360,eclipsing_binary
1404.8496883148896,1.0002801,0.0004709649,3815360,eclipsing_binary
1404.851077164565,0.9997321,0.00047096657,3815360,eclipsing_binary
1404.8524660142402,1.0004946,0.00047098845,3815360,eclipsing_binary
1404.8538548634494,1.0002447,0.0004709737,3815360,eclipsing_binary
1404.855243713124,1.0000648,0.00047095996,3815360,eclipsing_binary
1404.8566325627994,0.9991822,0.00047068522,3815360,eclipsing_binary
1404.858021412009,1.0001256,0.0004708753,3815360,eclipsing_binary
1404.859410261684,1.0006695,0.00047107277,3815360,eclipsing_binary
1404.8607991113593,1.0003638,0.00047093863,3815360,eclipsing_binary
1404.862187960569,1.0004052,0.00047104736,3815360,eclipsing_binary
1404.8635768102436,1.0001905,0.0004709928,3815360,eclipsing_binary
1404.8649656594534,0.99997115,0.00047089838,3815360,eclipsing_binary
1404.8663545091288,1.0011989,0.00047107067,3815360,eclipsing_binary
1404.8677433588034,1.000454,0.000471122,3815360,eclipsing_binary
1404.869132208013,1.0000715,0.0004708835,3815360,eclipsing_binary
1404.8705210576886,0.9999586,0.0004708501,3815360,eclipsing_binary
1404.8719099068976,1.0011665,0.00047118647,3815360,eclipsing_binary
1404.8732987565722,1.0008878,0.00047108045,3815360,eclipsing_binary
1404.874687605782,1.0007423,0.0004710303,3815360,eclipsing_binary
1404.8760764554572,0.999892,0.0004709259,3815360,eclipsing_binary
1404.877465305132,1.0015781,0.00047132457,3815360,eclipsing_binary
1404.8788541543424,1.0004202,0.00047095862,3815360,eclipsing_binary
1404.8802430040184,1.0006138,0.00047108697,3815360,eclipsing_binary
1404.8816318532276,1.0002944,0.0004711182,3815360,eclipsing_binary
1404.883020702903,0.9999477,0.00047089293,3815360,eclipsing_binary
1404.8844095521126,0.9997317,0.00047095417,3815360,eclipsing_binary
1404.8857984017873,0.99909365,0.00047071782,3815360,eclipsing_binary
1404.8871872509972,1.0012331,0.0004711174,3815360,eclipsing_binary
1404.8885761006725,1.000463,0.00047101124,3815360,eclipsing_binary
1404.8899649498815,1.000398,0.00047104055,3815360,eclipsing_binary
1404.891353799556,1.0012889,0.00047114745,3815360,eclipsing_binary
1404.8927426487658,1.0011926,0.00047103976,3815360,eclipsing_binary
1404.8941314984413,1.0004663,0.0004709831,3815360,eclipsing_binary
1404.8955203476503,1.0003781,0.00047102483,3815360,eclipsing_binary
1404.8969091973256,0.99992526,0.00047087605,3815360,eclipsing_binary
1404.8982980465353,1.0006787,0.00047107748,3815360,eclipsing_binary
1404.89968689621,1.0012577,0.00047109122,3815360,eclipsing_binary
1404.9010757454198,1.0010327,0.00047112696,3815360,eclipsing_binary
1404.9024645950951,1.0001005,0.00047101162,3815360,eclipsing_binary
1404.903853444304,0.99975824,0.00047086386,3815360,eclipsing_binary
1404.9052422935138,1.0012196,0.00047122032,3815360,eclipsing_binary
1404.9066311431893,1.0004284,0.0004710394,3815360,eclipsing_binary
1404.9080199923983,1.0006365,0.00047112783,3815360,eclipsing_binary
1404.9094088420736,1.0003749,0.0004709886,3815360,eclipsing_binary
1404.9107976912842,0.99918616,0.00047072078,3815360,eclipsing_binary
1404.9121865404938,1.0001277,0.00047093842,3815360,eclipsing_binary
1404.9135753901685,0.99992603,0.00047096136,3815360,eclipsing_binary
1404.9149642393782,1.0004089,0.0004709221,3815360,eclipsing_binary
1404.9163530890537,1.0004035,0.000470986,3815360,eclipsing_binary
1404.9177419382627,1.0007299,0.00047103988,3815360,eclipsing_binary
1404.9191307874723,0.9994274,0.00047089564,3815360,eclipsing_binary
1404.9205196371477,1.0009602,0.00047117486,3815360,eclipsing_binary
1404.9219084863566,0.9999489,0.00047095143,3815360,eclipsing_binary
1404.9232973360322,1.0003431,0.00047104235,3815360,eclipsing_binary
1404.9246861852419,0.99995327,0.00047080542,3815360,eclipsing_binary
1404.9260750344508,1.0012995,0.0004710743,3815360,eclipsing_binary
1404.9274638841262,1.0004784,0.0004710409,3815360,eclipsing_binary
1404.928852733336,0.99941105,0.00047084974,3815360,eclipsing_binary
1404.930241582545,1.0001086,0.0004709149,3815360,eclipsing_binary
1404.9316304322197,1.0006216,0.0004709217,3815360,eclipsing_binary
1404.9330192814293,1.0010891,0.00047110542,3815360,eclipsing_binary
1404.934408130639,1.0002158,0.00047096558,3815360,eclipsing_binary
1404.9357969803139,0.9999648,0.00047102617,3815360,eclipsing_binary
1404.9371858295235,1.0011512,0.00047117996,3815360,eclipsing_binary
1404.9385746787332,1.0007595,0.00047109034,3815360,eclipsing_binary
1404.9399635279424,1.0007888,0.0004710534,3815360,eclipsing_binary
1404.9413523776184,1.0008171,0.00047105693,3815360,eclipsing_binary
1404.9427412268287,1.0000837,0.00047116907,3815360,eclipsing_binary
1404.9441300760377,1.000564,0.0004711583,3815360,eclipsing_binary
1404.9455189257133,1.0001316,0.00047096584,3815360,eclipsing_binary
1404.946907774923,1.0014238,0.00047119032,3815360,eclipsing_binary
1404.948296624132,1.0003232,0.00047108543,3815360,eclipsing_binary
1404.9496854733409,1.0001062,0.00047092166,3815360,eclipsing_binary
1404.9510743230162,1.0010767,0.000471196,3815360,eclipsing_binary
1404.952463172226,1.0004249,0.00047098714,3815360,eclipsing_binary
1404.953852021435,0.99950475,0.00047095682,3815360,eclipsing_binary
1404.9552408706447,1.0001789,0.0004709448,3815360,eclipsing_binary
1404.95662972032,1.0005486,0.0004710201,3815360,eclipsing_binary
1404.958018569529,1.000224,0.00047100647,3815360,eclipsing_binary
1404.959407418739,0.9999152,0.00047089756,3815360,eclipsing_binary
1404.9607962679486,1.000363,0.0004709372,3815360,eclipsing_binary
1404.9621851171576,1.0006025,0.00047097213,3815360,eclipsing_binary
1404.9635739668329,1.0005215,0.00047098155,3815360,eclipsing_binary
1404.9649628160428,1.000051,0.00047096965,3815360,eclipsing_binary
1404.9663516652518,1.000484,0.00047098493,3815360,eclipsing_binary
1404.9677405144607,1.0007337,0.00047101823,3815360,eclipsing_binary
1404.9691293636706,1.0009321,0.00047102882,3815360,eclipsing_binary
1404.9705182128803,1.0006409,0.00047101546,3815360,eclipsing_binary
1404.9719070625556,1.0002333,0.00047085952,3815360,eclipsing_binary
1404.973295911766,1.0002011,0.00047088997,3815360,eclipsing_binary
1404.9746847609758,1.001489,0.00047123095,3815360,eclipsing_binary
1404.9760736101848,1.0008148,0.0004709831,3815360,eclipsing_binary
1404.9774624593945,0.9999854,0.0004709172,3815360,eclipsing_binary
1404.9788513086041,1.0011832,0.00047115627,3815360,eclipsing_binary
1404.9802401582788,1.0005871,0.0004710799,3815360,eclipsing_binary
1404.9816290074887,1.0002683,0.0004709538,3815360,eclipsing_binary
1404.9830178566983,1.0010518,0.00047100065,3815360,eclipsing_binary
1404.9844067059073,1.0006266,0.000471019,3815360,eclipsing_binary
1404.9857955551165,1.0005401,0.00047107154,3815360,eclipsing_binary
1404.9871844043262,1.0003716,0.00047095152,3815360,eclipsing_binary
1404.9885732535358,1.0009105,0.00047120883,3815360,eclipsing_binary
1404.9899621027448,1.0002451,0.0004709644,3815360,eclipsing_binary
1404.9913509519547,1.0008878,0.0004710627,3815360,eclipsing_binary
1404.9927398011644,1.0006417,0.0004711155,3815360,eclipsing_binary
1404.9941286503733,1.001209,0.0004710525,3815360,eclipsing_binary
1404.9955175000487,1.0007895,0.00047108927,3815360,eclipsing_binary
1404.9969063492583,0.9995454,0.000470824,3815360,eclipsing_binary
1404.9982951984675,0.9998896,0.00047090682,3815360,eclipsing_binary
1404.9996840476772,1.000698,0.0004709897,3815360,eclipsing_binary
1405.0010728968869,1.000888,0.00047105193,3815360,eclipsing_binary
1405.0024617460965,0.9999759,0.0004709105,3815360,eclipsing_binary
1405.0038505953062,1.0004141,0.00047098135,3815360,eclipsing_binary
1405.005239444516,1.0002079,0.00047098944,3815360,eclipsing_binary
1405.0066282937257,1.0011446,0.00047106313,3815360,eclipsing_binary
1405.0080171429347,1.0007021,0.00047099753,3815360,eclipsing_binary
1405.0094059921444,1.0003611,0.00047105967,3815360,eclipsing_binary
1405.0107948413543,1.0003554,0.0004709438,3815360,eclipsing_binary
1405.0121836905632,1.0005196,0.00047094852,3815360,eclipsing_binary
1405.013572539773,1.0010096,0.00047104206,3815360,eclipsing_binary
1405.0149613889826,1.000512,0.0004709567,3815360,eclipsing_binary
1405.0163502381918,1.0009627,0.00047095554,3815360,eclipsing_binary
1405.0177390874014,0.99999577,0.00047087853,3815360,eclipsing_binary
1405.019127936611,0.99959326,0.00047079852,3815360,eclipsing_binary
1405.0205167858203,1.0003839,0.00047099043,3815360,eclipsing_binary
1405.0219056350293,1.0004278,0.0004710944,3815360,eclipsing_binary
1405.023294484239,1.0006737,0.00047113473,3815360,eclipsing_binary
1405.0246833334486,1.0005822,0.0004709127,3815360,eclipsing_binary
1405.0260721826576,1.0009071,0.00047106293,3815360,eclipsing_binary
1405.0274610318675,1.0013074,0.0004711754,3815360,eclipsing_binary
1405.0288498806115,1.0002548,0.00047094058,3815360,eclipsing_binary
1405.0302387298204,1.0007577,0.00047103927,3815360,eclipsing_binary
1405.03162757903,1.0001292,0.00047089515,3815360,eclipsing_binary
1405.0330164282404,1.0004773,0.00047087166,3815360,eclipsing_binary
1405.0344052774503,1.0002294,0.00047089797,3815360,eclipsing_binary
1405.03579412666,1.0003908,0.00047092477,3815360,eclipsing_binary
1405.0371829758697,1.001164,0.0004710841,3815360,eclipsing_binary
1405.0385718250786,1.000106,0.00047094657,3815360,eclipsing_binary
1405.0399606742885,1.0013902,0.00047120824,3815360,eclipsing_binary
1405.0413495234982,1.0004039,0.0004709577,3815360,eclipsing_binary
1405.0427383722415,1.0004383,0.00047088807,3815360,eclipsing_binary
1405.0441272214507,1.000682,0.00047109157,3815360,eclipsing_binary
1405.0455160706604,1.0001918,0.00047096392,3815360,eclipsing_binary
1405.04690491987,1.0000912,0.0004709666,3815360,eclipsing_binary
1405.048293769079,0.9992316,0.00047072416,3815360,eclipsing_binary
1405.049682618289,1.001231,0.0004711084,3815360,eclipsing_binary
1405.0510714674986,1.0007133,0.00047096857,3815360,eclipsing_binary
1405.0524603162419,1.0003804,0.0004708973,3815360,eclipsing_binary
1405.0538491654515,1.0006759,0.0004711088,3815360,eclipsing_binary
1405.0552380146614,1.0008063,0.0004709802,3815360,eclipsing_binary
1405.0566268638704,1.0005265,0.0004711353,3815360,eclipsing_binary
1405.05801571308,1.000578,0.0004710345,3815360,eclipsing_binary
1405.059404561824,0.9995235,0.00047080778,3815360,eclipsing_binary
1405.062182260242,1.0012034,0.0004711473,3815360,eclipsing_binary
1405.0635711094526,1.000052,0.00047093187,3815360,eclipsing_binary
1405.064959958663,1.0002284,0.0004708724,3815360,eclipsing_binary
1405.0663488074063,1.000456,0.00047102873,3815360,eclipsing_binary
1405.067737656616,1.0004678,0.00047088123,3815360,eclipsing_binary
1405.0691265058258,1.0008404,0.00047105472,3815360,eclipsing_binary
1405.0705153550348,1.0005825,0.00047109384,3815360,eclipsing_binary
1405.0719042037788,0.9998083,0.00047084523,3815360,eclipsing_binary
1405.0732930529884,1.0004125,0.00047114902,3815360,eclipsing_binary
1405.0746819021977,1.001586,0.00047118973,3815360,eclipsing_binary
1405.0760707514073,1.0005968,0.000471096,3815360,eclipsing_binary
1405.0774596001513,1.0000646,0.00047106907,3815360,eclipsing_binary
1405.0788484493605,1.0011086,0.0004711809,3815360,eclipsing_binary
1405.0802372985695,1.0008808,0.00047114468,3815360,eclipsing_binary
1405.0816261477792,1.0006135,0.00047112154,3815360,eclipsing_binary
1405.0830149965232,1.000394,0.0004709031,3815360,eclipsing_binary
1405.0844038457321,1.0010887,0.0004713019,3815360,eclipsing_binary
1405.085792694942,0.9996273,0.00047081144,3815360,eclipsing_binary
1405.087181543686,1.0012401,0.00047120202,3815360,eclipsing_binary
1405.088570392895,1.0005089,0.00047105813,3815360,eclipsing_binary
1405.0899592421047,0.99959993,0.00047088898,3815360,eclipsing_binary
1405.091348090849,1.0001606,0.00047090865,3815360,eclipsing_binary
1405.0927369400579,0.99977124,0.00047090047,3815360,eclipsing_binary
1405.0941257892682,1.0008659,0.000471069,3815360,eclipsing_binary
1405.095514638013,1.0005925,0.00047103633,3815360,eclipsing_binary
1405.096903487222,1.0011958,0.00047111255,3815360,eclipsing_binary
1405.098292336431,0.9996623,0.00047080152,3815360,eclipsing_binary
1405.099681185175,1.0008593,0.00047107483,3815360,eclipsing_binary
1405.101070034385,1.000857,0.00047108467,3815360,eclipsing_binary
1405.102458883594,1.0002394,0.00047114404,3815360,eclipsing_binary
1405.103847732338,1.0007682,0.00047105568,3815360,eclipsing_binary
1405.1052365815476,1.0006878,0.00047098962,3815360,eclipsing_binary
1405.1066254307566,1.000252,0.00047092637,3815360,eclipsing_binary
1405.1080142795008,1.0004499,0.00047115984,3815360,eclipsing_binary
1405.1094031287105,1.0005196,0.00047096083,3815360,eclipsing_binary
1405.1107919774538,0.9994976,0.0004707581,3815360,eclipsing_binary
1405.1121808266635,1.0005766,0.00047107576,3815360,eclipsing_binary
1405.1135696754077,1.0007157,0.00047106095,3815360,eclipsing_binary
1405.1149585246167,1.0008734,0.00047124678,3815360,eclipsing_binary
1405.1163473738256,1.0002564,0.0004709878,3815360,eclipsing_binary
1405.1177362225696,1.0008665,0.0004710791,3815360,eclipsing_binary
1405.1191250717793,1.0005794,0.00047094745,3815360,eclipsing_binary
1405.1205139205229,1.0000261,0.00047092873,3815360,eclipsing_binary
1405.1219027697325,0.9997879,0.00047083615,3815360,eclipsing_binary
1405.1232916184765,1.0005049,0.0004710524,3815360,eclipsing_binary
1405.1246804676862,1.0002811,0.0004710261,3815360,eclipsing_binary
1405.1260693168967,1.0006362,0.0004711008,3815360,eclipsing_binary
1405.1274581656407,1.0006317,0.00047109445,3815360,eclipsing_binary
1405.1288470148497,1.001035,0.00047120606,3815360,eclipsing_binary
1405.130235863594,0.9997003,0.0004708331,3815360,eclipsing_binary
1405.1316247128036,1.0010304,0.00047117393,3815360,eclipsing_binary
1405.133013561547,0.99980134,0.0004708868,3815360,eclipsing_binary
1405.134402410756,1.0005242,0.0004711226,3815360,eclipsing_binary
1405.1357912595,1.0005785,0.00047102172,3815360,eclipsing_binary
1405.1371801087098,0.9996058,0.00047098866,3815360,eclipsing_binary
1405.1385689574531,1.0019002,0.00047134867,3815360,eclipsing_binary
1405.1399578066628,1.0003264,0.00047092707,3815360,eclipsing_binary
1405.1413466554068,1.0007676,0.00047111482,3815360,eclipsing_binary
1405.1427355046158,1.0001117,0.0004708717,3815360,eclipsing_binary
1405.14412435336,1.0009981,0.00047105772,3815360,eclipsing_binary
1405.146902051313,1.000118,0.00047082375,3815360,eclipsing_binary
1405.148290900057,1.0007312,0.00047101665,3815360,eclipsing_binary
1405.1496797492669,1.00083,0.0004711055,3815360,eclipsing_binary
1405.1510685980102,1.0004516,0.0004709761,3815360,eclipsing_binary
1405.1524574472198,1.0001764,0.00047096537,3815360,eclipsing_binary
1405.1538462959638,0.9999567,0.0004710387,3815360,eclipsing_binary
1405.155235144708,1.0002694,0.0004708689,3815360,eclipsing_binary
1405.1566239939177,1.0001639,0.00047106796,3815360,eclipsing_binary
1405.1580128426617,1.0011609,0.00047105053,3815360,eclipsing_binary
1405.1594016918716,1.0003294,0.00047096505,3815360,eclipsing_binary
1405.160790540615,1.0007497,0.0004710201,3815360,eclipsing_binary
1405.162179389359,1.0003403,0.00047090865,3815360,eclipsing_binary
1405.1635682385686,1.0004668,0.00047110734,3815360,eclipsing_binary
1405.164957087312,1.0004228,0.00047099727,3815360,eclipsing_binary
1405.1663459365218,1.0008503,0.0004710509,3815360,eclipsing_binary
1405.1677347852658,1.0004019,0.00047093586,3815360,eclipsing_binary
1405.169123634009,1.0002486,0.00047088997,3815360,eclipsing_binary
1405.1705124832188,1.0001096,0.0004710524,3815360,eclipsing_binary
1405.171901331963,1.0007304,0.0004710167,3815360,eclipsing_binary
1405.1732901807063,1.0000491,0.00047100062,3815360,eclipsing_binary
1405.1746790299153,0.9995521,0.00047084232,3815360,eclipsing_binary
1405.1760678786593,0.9997374,0.0004708495,3815360,eclipsing_binary
1405.1774567274033,1.0005255,0.00047107218,3815360,eclipsing_binary
1405.1788455766125,1.0008492,0.0004710001,3815360,eclipsing_binary
1405.1802344253565,0.9997562,0.00047086834,3815360,eclipsing_binary
1405.1816232741005,1.0001491,0.00047100944,3815360,eclipsing_binary
1405.1830121233097,1.0011903,0.0004712006,3815360,eclipsing_binary
1405.1844009720537,1.0005673,0.00047105973,3815360,eclipsing_binary
1405.1857898207984,1.000182,0.00047097608,3815360,eclipsing_binary
1405.187178670008,1.0002207,0.00047082375,3815360,eclipsing_binary
1405.1885675187523,1.001222,0.00047113784,3815360,eclipsing_binary
1405.1899563674963,1.0005065,0.00047107297,3815360,eclipsing_binary
1405.1913452162396,1.0009722,0.0004710843,3815360,eclipsing_binary
1405.1927340654486,1.0004398,0.00047095725,3815360,eclipsing_binary
1405.1941229141926,1.0009731,0.00047110167,3815360,eclipsing_binary
1405.1955117629368,1.0010335,0.00047109023,3815360,eclipsing_binary
1405.1969006116801,0.9996567,0.00047084762,3815360,eclipsing_binary
1405.1982894608898,1.0013021,0.00047110172,3815360,eclipsing_binary
1405.1996783096338,1.0005947,0.00047106654,3815360,eclipsing_binary
1405.2010671583773,1.0007043,0.0004710885,3815360,eclipsing_binary
1405.2024560071213,1.0010314,0.00047102975,3815360,eclipsing_binary
1405.203844856331,1.0009172,0.0004710403,3815360,eclipsing_binary
1405.2052337050745,1.0009174,0.00047099634,3815360,eclipsing_binary
1405.2066225538185,1.0000627,0.00047092797,3815360,eclipsing_binary
1405.2080114025625,1.0000693,0.00047086662,3815360,eclipsing_binary
1405.2094002513059,1.0010388,0.00047118225,3815360,eclipsing_binary
1405.2107891005148,1.000086,0.0004709797,3815360,eclipsing_binary
1405.212177949259,1.0011716,0.00047110434,3815360,eclipsing_binary
1405.213566798003,1.0000194,0.0004710557,3815360,eclipsing_binary
1405.214955646747,1.0006185,0.0004709738,3815360,eclipsing_binary
1405.2163444954917,1.0012273,0.00047115562,3815360,eclipsing_binary
1405.2177333447016,1.000416,0.00047092844,3815360,eclipsing_binary
1405.219122193445,1.0003011,0.00047109314,3815360,eclipsing_binary
1405.220511042189,1.0009267,0.0004710483,3815360,eclipsing_binary
1405.221899890933,1.0007489,0.00047112902,3815360,eclipsing_binary
1405.2232887396763,1.0003337,0.00047087928,3815360,eclipsing_binary
1405.2246775884205,1.0010015,0.0004710428,3815360,eclipsing_binary
1405.2260664371645,1.0007418,0.00047097958,3815360,eclipsing_binary
1405.2274552863735,1.0000046,0.00047088406,3815360,eclipsing_binary
1405.228844135117,0.9997223,0.00047087081,3815360,eclipsing_binary
1405.230232983861,1.0008206,0.0004710663,3815360,eclipsing_binary
1405.231621832605,1.0006886,0.00047098956,3815360,eclipsing_binary
1405.2330106813483,1.000446,0.00047095784,3815360,eclipsing_binary
1405.2343995300926,1.0001355,0.0004709802,3815360,eclipsing_binary
1405.2357883788366,1.0005823,0.00047094323,3815360,eclipsing_binary
1405.2371772275799,0.9998152,0.0004708098,3815360,eclipsing_binary
1405.2385660763239,1.001073,0.00047102076,3815360,eclipsing_binary
1405.239954925068,1.0005019,0.00047104928,3815360,eclipsing_binary
1405.241343774277,1.0003241,0.00047092815,3815360,eclipsing_binary
1405.242732623021,1.0014418,0.00047113973,3815360,eclipsing_binary
1405.244121471765,1.00039,0.00047097765,3815360,eclipsing_binary
1405.2455103205093,1.000196,0.0004709027,3815360,eclipsing_binary
1405.2468991692533,1.0007763,0.00047113313,3815360,eclipsing_binary
1405.2482880179973,1.0001385,0.0004710219,3815360,eclipsing_binary
1405.2496768667413,1.0014517,0.00047118907,3815360,eclipsing_binary
1405.2510657154846,1.0001116,0.00047092588,3815360,eclipsing_binary
1405.2524545642286,1.0005223,0.0004712716,3815360,eclipsing_binary
1405.2538434129729,1.0005513,0.0004708823,3815360,eclipsing_binary
1405.2552322617162,1.0015999,0.00047133386,3815360,eclipsing_binary
1405.2566211104602,1.0004994,0.00047109582,3815360,eclipsing_binary
1405.2580099592042,1.0011704,0.00047122894,3815360,eclipsing_binary
1405.2593988079477,1.0011199,0.00047107364,3815360,eclipsing_binary
1405.2607876566917,1.0009818,0.00047112507,3815360,eclipsing_binary
1405.2621765054357,1.0005169,0.00047087055,3815360,eclipsing_binary
1405.2635653541793,1.0003177,0.00047099995,3815360,eclipsing_binary
1405.2649542029226,1.0006014,0.00047104637,3815360,eclipsing_binary
1405.2663430516666,1.0019125,0.00047130696,3815360,eclipsing_binary
1405.2677319004106,1.000523,0.00047106645,3815360,eclipsing_binary
1405.269120749154,0.9999689,0.0004709079,3815360,eclipsing_binary
1405.2705095978981,1.0011457,0.00047111695,3815360,eclipsing_binary
1405.2718984466421,1.0001626,0.00047091243,3815360,eclipsing_binary
1405.2732872953854,1.0002521,0.00047102355,3815360,eclipsing_binary
1405.2746761441304,1.0009222,0.0004711112,3815360,eclipsing_binary
1405.276064992875,0.99988776,0.0004708325,3815360,eclipsing_binary
1405.2774538411527,1.0006831,0.0004711714,3815360,eclipsing_binary
1405.2788426898967,1.0008014,0.00047106913,3815360,eclipsing_binary
1405.2802315386407,1.0002289,0.0004709387,3815360,eclipsing_binary
1405.2816203873842,1.0006574,0.00047110845,3815360,eclipsing_binary
1405.2830092361282,0.9998064,0.0004708872,3815360,eclipsing_binary
1405.2843980848722,0.99946004,0.0004708297,3815360,eclipsing_binary
1405.2857869336156,1.0009365,0.00047126747,3815360,eclipsing_binary
1405.287175782359,1.0006881,0.00047103417,3815360,eclipsing_binary
1405.288564631103,1.0004274,0.0004710912,3815360,eclipsing_binary
1405.289953479847,1.0010377,0.00047106328,3815360,eclipsing_binary
1405.2913423281248,1.0003493,0.00047095912,3815360,eclipsing_binary
1405.292731176869,1.0005782,0.000470988,3815360,eclipsing_binary
1405.294120025613,1.0017307,0.00047127364,3815360,eclipsing_binary
1405.2955088743563,0.99984056,0.00047084,3815360,eclipsing_binary
1405.2968977231003,0.9998552,0.00047087,3815360,eclipsing_binary
1405.2982865718445,1.0002966,0.00047093566,3815360,eclipsing_binary
1405.2996754205878,1.0006664,0.00047098967,3815360,eclipsing_binary
1405.3010642688662,0.9999714,0.00047094657,3815360,eclipsing_binary
1405.3024531176102,1.00033,0.00047102946,3815360,eclipsing_binary
1405.3038419663535,1.0008086,0.00047103316,3815360,eclipsing_binary
1405.3052308150977,1.000413,0.00047096203,3815360,eclipsing_binary
1405.3066196638424,1.0002718,0.0004708425,3815360,eclipsing_binary
1405.3080085125864,0.9999452,0.00047097154,3815360,eclipsing_binary
1405.3093973608643,0.999995,0.0004709565,3815360,eclipsing_binary
1405.3107862096083,1.0004624,0.00047089544,3815360,eclipsing_binary
1405.3121750583523,1.0007777,0.0004710516,3815360,eclipsing_binary
1405.3135639070956,1.0008869,0.00047099646,3815360,eclipsing_binary
1405.3149527558398,1.0001348,0.00047095522,3815360,eclipsing_binary
1405.3163416041182,0.9997048,0.0004708574,3815360,eclipsing_binary
1405.3177304528615,1.0004295,0.0004710452,3815360,eclipsing_binary
1405.3191193016055,0.99977213,0.00047077422,3815360,eclipsing_binary
1405.3205081503497,1.0000135,0.00047088755,3815360,eclipsing_binary
1405.3218969986274,1.0001346,0.00047096107,3815360,eclipsing_binary
1405.3232858473707,1.0006717,0.00047096313,3815360,eclipsing_binary
1405.3246746961147,1.0009767,0.00047107626,3815360,eclipsing_binary
1405.3260635448587,1.0004293,0.00047097306,3815360,eclipsing_binary
1405.3274523931364,0.9998815,0.00047092087,3815360,eclipsing_binary
1405.3288412418806,1.0008899,0.00047108094,3815360,eclipsing_binary
1405.3302300906246,1.0013672,0.00047114948,3815360,eclipsing_binary
1405.3316189389022,1.0006973,0.000470957,3815360,eclipsing_binary
1405.3330077876462,1.0006456,0.00047112477,3815360,eclipsing_binary
1405.3343966363911,1.0004473,0.00047100257,3815360,eclipsing_binary
1405.3357854851351,1.0005215,0.0004710387,3815360,eclipsing_binary
1405.3371743334135,1.00118,0.00047117937,3815360,eclipsing_binary
1405.3385631821575,1.0002222,0.0004709331,3815360,eclipsing_binary
1405.339952030901,0.9993723,0.00047076028,3815360,eclipsing_binary
1405.3413408791787,1.0008436,0.0004709893,3815360,eclipsing_binary
1405.3427297279227,1.0003898,0.00047097658,3815360,eclipsing_binary
1405.344118576667,1.0001858,0.0004709657,3815360,eclipsing_binary
1405.3455074249446,1.0009868,0.0004710304,3815360,eclipsing_binary
1405.3468962736886,1.0006537,0.0004709502,3815360,eclipsing_binary
1405.3482851224326,1.000791,0.00047107806,3815360,eclipsing_binary
1405.3496739707102,1.0004761,0.00047111107,3815360,eclipsing_binary
1405.3510628194545,1.0000921,0.00047098435,3815360,eclipsing_binary
1405.3524516681985,1.0005956,0.0004711094,3815360,eclipsing_binary
1405.353840516476,1.0005853,0.0004709353,3815360,eclipsing_binary
1405.35522936522,0.99976003,0.00047088845,3815360,eclipsing_binary
1405.3566182134987,1.0003693,0.0004709525,3815360,eclipsing_binary
1405.358007062242,1.0005679,0.00047100388,3815360,eclipsing_binary
1405.3593959109853,0.9996867,0.00047080228,3815360,eclipsing_binary
1405.3607847592637,1.0010829,0.00047113252,3815360,eclipsing_binary
1405.3621736080077,1.0017873,0.0004712761,3815360,eclipsing_binary
1405.3635624562862,1.0012807,0.00047115143,3815360,eclipsing_binary
1405.364951305031,1.0010574,0.00047117053,3815360,eclipsing_binary
1405.366340153775,1.0000353,0.00047092143,3815360,eclipsing_binary
1405.3677290020528,1.0009387,0.00047110955,3815360,eclipsing_binary
1405.3691178507968,1.0007526,0.0004710135,3815360,eclipsing_binary
1405.3705066990751,1.0011778,0.0004710818,3815360,eclipsing_binary
1405.3718955478184,1.0001955,0.00047104736,3815360,eclipsing_binary
1405.373284396097,0.9998418,0.0004707337,3815360,eclipsing_binary
1405.374673244841,1.0001558,0.00047100295,3815360,eclipsing_binary
1405.3760620931187,0.99988437,0.00047088112,3815360,eclipsing_binary
1405.377450941862,1.0004152,0.00047108455,3815360,eclipsing_binary
1405.378839790606,1.0008767,0.00047100932,3815360,eclipsing_binary
1405.3802286388845,1.0006101,0.00047109564,3815360,eclipsing_binary
1405.3816174876279,1.0001043,0.00047085504,3815360,eclipsing_binary
1405.3830063359062,0.9995434,0.00047088577,3815360,eclipsing_binary
1405.3843951846502,1.000428,0.00047093845,3815360,eclipsing_binary
1405.385784032928,1.0007497,0.00047103834,3815360,eclipsing_binary
1405.387172881672,1.0005449,0.00047105417,3815360,eclipsing_binary
1405.3885617299504,1.0001906,0.00047102338,3815360,eclipsing_binary
1405.3899505786937,1.0007714,0.00047093874,3815360,eclipsing_binary
1405.391339426972,1.0000905,0.00047087861,3815360,eclipsing_binary
1405.392728275717,1.0000603,0.0004709632,3815360,eclipsing_binary
1405.3941171239953,1.0009927,0.00047111177,3815360,eclipsing_binary
1405.3955059727396,1.000759,0.000470959,3815360,eclipsing_binary
1405.396894821018,1.000099,0.00047094648,3815360,eclipsing_binary
1405.3982836692956,0.99996144,0.00047094046,3815360,eclipsing_binary
1405.3996725180389,0.999595,0.00047080012,3815360,eclipsing_binary
1405.4010613663172,1.0002315,0.0004708778,3815360,eclipsing_binary
1405.4024502150614,1.0002813,0.00047109142,3815360,eclipsing_binary
1405.403839063339,0.99968255,0.00047076508,3815360,eclipsing_binary
1405.405227912083,1.0012705,0.0004710041,3815360,eclipsing_binary
1405.4066167603614,1.0007025,0.00047102198,3815360,eclipsing_binary
1405.408005608639,1.0010968,0.0004710858,3815360,eclipsing_binary
1405.4093944573833,1.0005913,0.0004709017,3815360,eclipsing_binary
1405.4107833056617,1.0002601,0.0004708925,3815360,eclipsing_binary
1405.412172154405,1.0008397,0.0004711061,3815360,eclipsing_binary
1405.4135610026833,1.0009373,0.00047112154,3815360,eclipsing_binary
1405.4149498509619,1.0003692,0.00047095196,3815360,eclipsing_binary
1405.4163386997052,1.000852,0.0004711193,3815360,eclipsing_binary
1405.4177275479828,1.0003766,0.00047116523,3815360,eclipsing_binary
1405.419116396727,0.99971324,0.00047087725,3815360,eclipsing_binary
1405.4205052450054,1.0001563,0.00047095047,3815360,eclipsing_binary
1405.4218940932838,1.0009507,0.00047099098,3815360,eclipsing_binary
1405.4232829420284,1.0005617,0.00047101255,3815360,eclipsing_binary
1405.424671790307,1.0010086,0.00047097178,3815360,eclipsing_binary
1405.4260606385847,1.0017933,0.00047122207,3815360,eclipsing_binary
1405.4274494873287,1.0008572,0.00047104724,3815360,eclipsing_binary
1405.428838335607,1.0000298,0.00047095778,3815360,eclipsing_binary
1405.4302271838847,1.0005547,0.00047109154,3815360,eclipsing_binary
1405.4316160326289,1.0004138,0.00047114154,3815360,eclipsing_binary
1405.4330048809072,1.0001318,0.00047089194,3815360,eclipsing_binary
1405.4343937291849,1.000063,0.00047085845,3815360,eclipsing_binary
1405.4357825779282,1.000586,0.00047106083,3815360,eclipsing_binary
1405.4371714262065,1.0002294,0.00047095824,3815360,eclipsing_binary
1405.438560274485,0.9998873,0.0004710611,3815360,eclipsing_binary
1405.4399491232284,0.99986017,0.00047084806,3815360,eclipsing_binary
1405.4413379715068,1.0001992,0.00047082096,3815360,eclipsing_binary
1405.442726819785,1.0004258,0.0004709084,3815360,eclipsing_binary
1405.444115668063,0.99953836,0.00047086325,3815360,eclipsing_binary
1405.445504516807,0.9998517,0.0004708849,3815360,eclipsing_binary
1405.4468933650853,1.0007864,0.00047102748,3815360,eclipsing_binary
1405.4482822133632,0.99983686,0.00047084628,3815360,eclipsing_binary
1405.4496710616415,1.0010542,0.0004711422,3815360,eclipsing_binary
1405.4510599103862,1.0005034,0.0004709004,3815360,eclipsing_binary
1405.4524487586646,0.99945664,0.00047077087,3815360,eclipsing_binary
1405.4538376069422,1.0002433,0.00047096264,3815360,eclipsing_binary
1405.4552264552208,1.0000933,0.00047081217,3815360,eclipsing_binary
1405.4566153039648,1.0001588,0.00047091336,3815360,eclipsing_binary
1405.4580041522424,0.9996502,0.000470807,3815360,eclipsing_binary
1405.4593930005208,1.001175,0.00047103595,3815360,eclipsing_binary
1405.4607818487993,1.0006342,0.0004709632,3815360,eclipsing_binary
1405.462170697077,1.000657,0.00047103595,3815360,eclipsing_binary
1405.463559545821,1.000308,0.00047094055,3815360,eclipsing_binary
1405.4649483940993,1.000824,0.00047106692,3815360,eclipsing_binary
1405.4663372423772,1.0005642,0.00047094794,3815360,eclipsing_binary
1405.4677260906556,1.0000936,0.00047090673,3815360,eclipsing_binary
1405.469114938934,1.0003432,0.00047102213,3815360,eclipsing_binary
1405.4705037876772,1.0002556,0.00047088542,3815360,eclipsing_binary
1405.471892635955,1.0002838,0.00047095155,3815360,eclipsing_binary
1405.4732814842334,0.99992424,0.00047093854,3815360,eclipsing_binary
1405.4746703325118,0.99963844,0.00047076194,3815360,eclipsing_binary
1405.4760591807894,1.000414,0.00047097396,3815360,eclipsing_binary
1405.477448029068,1.0002887,0.0004710435,3815360,eclipsing_binary
1405.478836877812,1.0000603,0.00047079273,3815360,eclipsing_binary
1405.4802257260903,0.99982333,0.00047082215,3815360,eclipsing_binary
1405.4816145743694,1.000004,0.00047081013,3815360,eclipsing_binary
1405.483003422648,0.9993326,0.00047069916,3815360,eclipsing_binary
1405.4843922709256,1.0008684,0.00047093874,3815360,eclipsing_binary
1405.485781119204,1.0013992,0.00047113458,3815360,eclipsing_binary
1405.4871699674823,1.0009985,0.00047097413,3815360,eclipsing_binary
1405.48855881576,1.0008192,0.0004710924,3815360,eclipsing_binary
1405.4899476640378,1.0000062,0.00047082859,3815360,eclipsing_binary
1405.4913365127818,1.0005848,0.00047104954,3815360,eclipsing_binary
1405.4927253610601,1.001138,0.0004710774,3815360,eclipsing_binary
1405.494114209338,1.0002512,0.00047093903,3815360,eclipsing_binary
1405.4955030576164,1.0004485,0.00047097655,3815360,eclipsing_binary
1405.4968919058947,1.0002137,0.0004709369,3815360,eclipsing_binary
1405.4982807541724,1.0002744,0.00047107643,3815360,eclipsing_binary
1405.499669602451,1.0010674,0.0004710606,3815360,eclipsing_binary
1405.5010584507293,1.0005605,0.00047097227,3815360,eclipsing_binary
1405.502447299007,1.0007008,0.00047086712,3815360,eclipsing_binary
1405.5038361472853,1.000774,0.00047109573,3815360,eclipsing_binary
1405.5052249955636,1.0006044,0.0004709509,3815360,eclipsing_binary
1405.5066138438415,1.0004376,0.00047102934,3815360,eclipsing_binary
1405.5080026921198,1.0008795,0.00047121322,3815360,eclipsing_binary
1405.5093915403988,1.0000966,0.00047096168,3815360,eclipsing_binary
1405.5107803886772,1.0008236,0.0004710156,3815360,eclipsing_binary
1405.5121692369548,1.000617,0.00047107265,3815360,eclipsing_binary
1405.5135580852334,1.0009537,0.00047095504,3815360,eclipsing_binary
1405.5149469335117,1.0003666,0.00047094972,3815360,eclipsing_binary
1405.5163357817894,1.0003444,0.00047090903,3815360,eclipsing_binary
1405.5177246300677,1.0005764,0.00047099873,3815360,eclipsing_binary
1405.5191134783463,0.99957865,0.00047076851,3815360,eclipsing_binary
1405.520502326624,1.0002222,0.00047098365,3815360,eclipsing_binary
1405.5218911749023,1.0000098,0.0004709082,3815360,eclipsing_binary
1405.5232800231806,0.9998167,0.00047096575,3815360,eclipsing_binary
1405.5246688714585,1.0007541,0.00047096453,3815360,eclipsing_binary
1405.5260577197369,1.0005242,0.00047089838,3815360,eclipsing_binary
1405.5274465680152,1.0006759,0.0004709873,3815360,eclipsing_binary
1405.528835416293,1.000437,0.00047084145,3815360,eclipsing_binary
1405.5302242645707,1.0009834,0.00047112242,3815360,eclipsing_binary
1405.531613112849,0.9995696,0.00047082375,3815360,eclipsing_binary
1405.5330019611274,1.0014974,0.0004711248,3815360,eclipsing_binary
1405.534390809405,1.0003793,0.0004709059,3815360,eclipsing_binary
1405.5357796576836,1.0002338,0.0004709425,3815360,eclipsing_binary
1405.537168505962,1.0008463,0.0004710711,3815360,eclipsing_binary
1405.5385573542403,1.0011389,0.00047101593,3815360,eclipsing_binary
1405.5399462020537,1.0000863,0.0004708724,3815360,eclipsing_binary
1405.5413350503322,1.001144,0.00047113802,3815360,eclipsing_binary
1405.54272389861,1.0002936,0.00047085527,3815360,eclipsing_binary
1405.5441127468882,1.0008931,0.00047092745,3815360,eclipsing_binary
1405.5455015951666,1.0009791,0.00047111753,3815360,eclipsing_binary
1405.5468904434442,1.0003307,0.0004709603,3815360,eclipsing_binary
1405.5496681400004,0.99998075,0.00047075885,3815360,eclipsing_binary
1405.5510569882788,1.0010777,0.0004712243,3815360,eclipsing_binary
1405.552445836091,1.0001892,0.0004708322,3815360,eclipsing_binary
1405.5538346843693,1.0003394,0.0004709082,3815360,eclipsing_binary
1405.5552235326477,1.0004524,0.00047091627,3815360,eclipsing_binary
1405.5566123809253,1.001547,0.0004711993,3815360,eclipsing_binary
1405.558001229204,0.9997248,0.00047081482,3815360,eclipsing_binary
1405.5593900774822,1.0006028,0.00047096817,3815360,eclipsing_binary
1405.5607789252942,1.0005174,0.0004709437,3815360,eclipsing_binary
1405.5621677735726,1.0012226,0.00047105347,3815360,eclipsing_binary
1405.5635566218511,1.0001674,0.00047091825,3815360,eclipsing_binary
1405.5649454701288,1.0010058,0.00047099573,3815360,eclipsing_binary
1405.5663343184065,0.9999447,0.0004709415,3815360,eclipsing_binary
1405.5677231666855,1.0004283,0.00047092146,3815360,eclipsing_binary
1405.5691120144988,1.000818,0.00047094937,3815360,eclipsing_binary
1405.5705008627767,1.0003821,0.0004709783,3815360,eclipsing_binary
1405.571889711055,1.0000176,0.00047079346,3815360,eclipsing_binary
1405.5732785593334,1.000801,0.00047093435,3815360,eclipsing_binary
1405.5746674071456,1.0004817,0.00047097847,3815360,eclipsing_binary
1405.576056255424,1.0010371,0.0004710093,3815360,eclipsing_binary
1405.5774451037023,1.0008514,0.00047113313,3815360,eclipsing_binary
1405.57883395198,1.000815,0.00047116273,3815360,eclipsing_binary
1405.5802227997929,1.0009235,0.00047102207,3815360,eclipsing_binary
1405.5816116480712,1.0007669,0.00047106988,3815360,eclipsing_binary
1405.5830004963489,1.0007285,0.0004710017,3815360,eclipsing_binary
1405.5843893446265,1.0009215,0.00047111398,3815360,eclipsing_binary
1405.5857781924392,0.9998471,0.00047076642,3815360,eclipsing_binary
1405.5871670407178,1.0002327,0.00047104122,3815360,eclipsing_binary
1405.5885558889954,1.0005149,0.00047101718,3815360,eclipsing_binary
1405.5899447372738,1.0000458,0.00047095297,3815360,eclipsing_binary
1405.5913335850864,1.000246,0.00047088187,3815360,eclipsing_binary
1405.592722433364,1.0004238,0.00047094203,3815360,eclipsing_binary
1405.5941112816427,1.0005152,0.0004709797,3815360,eclipsing_binary
1405.595500129456,1.0010269,0.0004709476,3815360,eclipsing_binary
1405.5968889777344,1.0001013,0.0004708619,3815360,eclipsing_binary
1405.5982778260127,1.000375,0.00047092134,3815360,eclipsing_binary
1405.5996666738256,1.0007042,0.0004709486,3815360,eclipsing_binary
1405.6010555221033,1.0007726,0.00047102533,3815360,eclipsing_binary
1405.602444370381,0.9999317,0.00047097713,3815360,eclipsing_binary
1405.6038332181938,1.0004196,0.00047083857,3815360,eclipsing_binary
1405.6052220664722,1.0001786,0.00047087535,3815360,eclipsing_binary
1405.6066109147498,0.9992382,0.00047069814,3815360,eclipsing_binary
1405.6079997625625,1.0012937,0.00047107835,3815360,eclipsing_binary
1405.609388610841,1.0002352,0.0004708766,3815360,eclipsing_binary
1405.6107774591187,0.999534,0.00047073394,3815360,eclipsing_binary
1405.6121663069314,1.001232,0.00047103173,3815360,eclipsing_binary
1405.6135551552097,1.0006411,0.000470866,3815360,eclipsing_binary
1405.6149440034874,0.99982584,0.0004707655,3815360,eclipsing_binary
1405.6163328513003,1.0007261,0.00047099098,3815360,eclipsing_binary
1405.6177216995786,1.0007598,0.00047099497,3815360,eclipsing_binary
1405.6191105473906,1.001377,0.00047106805,3815360,eclipsing_binary
1405.620499395669,1.0008543,0.00047096392,3815360,eclipsing_binary
1405.6218882439475,1.0009562,0.0004709897,3815360,eclipsing_binary
1405.6232770917595,1.0000296,0.00047087076,3815360,eclipsing_binary
1405.6246659400379,1.0010237,0.00047097658,3815360,eclipsing_binary
1405.6260547878512,1.0000786,0.00047085495,3815360,eclipsing_binary
1405.6274436361296,1.0004833,0.00047102736,3815360,eclipsing_binary
1405.6288324844074,1.0005937,0.00047097862,3815360,eclipsing_binary
1405.6302213322201,1.000793,0.00047110228,3815360,eclipsing_binary
1405.6316101804985,1.0012139,0.00047107495,3815360,eclipsing_binary
1405.6329990283107,1.0009365,0.00047103572,3815360,eclipsing_binary
1405.634387876589,1.0001785,0.00047091584,3815360,eclipsing_binary
1405.6357767244017,1.0004398,0.00047093353,3815360,eclipsing_binary
1405.6371655726794,1.0000867,0.00047089157,3815360,eclipsing_binary
1405.6385544204923,0.99952143,0.00047085987,3815360,eclipsing_binary
1405.6399432687706,1.0006938,0.00047097445,3815360,eclipsing_binary
1405.6413321165826,0.9991751,0.0004706278,3815360,eclipsing_binary
1405.6427209648602,1.0009575,0.0004710653,3815360,eclipsing_binary
1405.644109812673,1.0004628,0.00047096246,3815360,eclipsing_binary
1405.6454986609515,1.0004295,0.00047087955,3815360,eclipsing_binary
1405.6468875087635,1.0000979,0.00047083283,3815360,eclipsing_binary
1405.6482763570418,1.0004197,0.00047090815,3815360,eclipsing_binary
1405.6496652048545,1.0003802,0.00047088636,3815360,eclipsing_binary
1405.6510540531322,1.0001755,0.00047087506,3815360,eclipsing_binary
1405.6524429009457,1.0009278,0.0004709194,3815360,eclipsing_binary
1405.6538317492248,1.0004724,0.00047098214,3815360,eclipsing_binary
1405.6552205970368,1.0002891,0.00047097477,3815360,eclipsing_binary
1405.656609445315,0.9997569,0.00047078158,3815360,eclipsing_binary
1405.657998293128,1.0015807,0.00047103554,3815360,eclipsing_binary
1405.6593871414057,1.0005497,0.000470814,3815360,eclipsing_binary
1405.6607759892177,1.0008165,0.00047095984,3815360,eclipsing_binary
1405.6621648374962,1.0007586,0.00047103537,3815360,eclipsing_binary
1405.663553685309,1.0003247,0.00047086467,3815360,eclipsing_binary
1405.664942533121,1.0006598,0.0004709781,3815360,eclipsing_binary
1405.6663313813992,1.0008279,0.00047103158,3815360,eclipsing_binary
1405.6677202292121,0.99991643,0.00047080315,3815360,eclipsing_binary
1405.6691090774898,1.0003304,0.00047073464,3815360,eclipsing_binary
1405.6704979253025,0.99985415,0.00047068807,3815360,eclipsing_binary
1405.6718867735808,1.0009657,0.00047114491,3815360,eclipsing_binary
1405.6732756213928,1.0000387,0.00047090888,3815360,eclipsing_binary
1405.6746644692057,1.0002629,0.00047089093,3815360,eclipsing_binary
1405.676053317484,1.0013056,0.0004710404,3815360,eclipsing_binary
1405.677442165296,1.000341,0.00047085228,3815360,eclipsing_binary
1405.678831013574,1.0012323,0.00047107317,3815360,eclipsing_binary
1405.6802198613866,1.001229,0.0004712381,3815360,eclipsing_binary
1405.6816087092,1.0006568,0.0004709615,3815360,eclipsing_binary
1405.6829975574783,0.999915,0.00047088246,3815360,eclipsing_binary
1405.6843864052912,1.0007117,0.00047101086,3815360,eclipsing_binary
1405.6857752531039,1.0006003,0.00047091322,3815360,eclipsing_binary
1405.6871641013815,0.9999891,0.00047078615,3815360,eclipsing_binary
1405.6885529491942,1.001453,0.00047115338,3815360,eclipsing_binary
1405.6899417970071,0.9992739,0.00047072297,3815360,eclipsing_binary
1405.6913306452848,0.9990514,0.00047066252,3815360,eclipsing_binary
1405.6927194930975,1.0001585,0.00047089398,3815360,eclipsing_binary
1405.6941083409101,1.0004288,0.00047099707,3815360,eclipsing_binary
1405.6954971891878,1.0006386,0.00047090973,3815360,eclipsing_binary
1405.6968860369998,1.0002352,0.00047091857,3815360,eclipsing_binary
1405.6982748848127,1.0000266,0.000470913,3815360,eclipsing_binary
1405.699663733091,1.0000088,0.00047088598,3815360,eclipsing_binary
1405.701052580903,1.0007536,0.0004709802,3815360,eclipsing_binary
1405.7024414287157,1.0006722,0.0004709978,3815360,eclipsing_binary
1405.7038302765286,1.0008125,0.00047104186,3815360,eclipsing_binary
1405.7052191248063,1.0001035,0.00047085475,3815360,eclipsing_binary
1405.706607972619,1.0001713,0.0004708074,3815360,eclipsing_binary
1405.7079968204316,0.99991417,0.0004707468,3815360,eclipsing_binary
1405.7093856687102,1.0009124,0.00047097143,3815360,eclipsing_binary
1405.7107745165235,1.0001987,0.00047089267,3815360,eclipsing_binary
1405.7121633643362,1.0003741,0.0004708331,3815360,eclipsing_binary
1405.7135522121484,0.9999718,0.00047091712,3815360,eclipsing_binary
1405.714941060426,1.0004925,0.00047106386,3815360,eclipsing_binary
1405.7163299082388,1.0003109,0.0004708463,3815360,eclipsing_binary
1405.7177187560515,1.0003681,0.00047091284,3815360,eclipsing_binary
1405.7191076038634,1.0007324,0.00047094826,3815360,eclipsing_binary
1405.720496452142,0.99974245,0.00047066325,3815360,eclipsing_binary
1405.7218852999547,1.0004885,0.00047097565,3815360,eclipsing_binary
1405.7232741477667,1.0013446,0.00047126642,3815360,eclipsing_binary
1405.7246629955794,1.0002863,0.00047086205,3815360,eclipsing_binary
1405.7260518433923,0.999902,0.00047083158,3815360,eclipsing_binary
1405.72744069167,1.0010508,0.00047108592,3815360,eclipsing_binary
1405.7288295394826,1.0007911,0.00047100085,3815360,eclipsing_binary
1405.7302183872953,1.0016261,0.00047115804,3815360,eclipsing_binary
1405.7316072351073,1.001263,0.0004710502,3815360,eclipsing_binary
1405.7329960829195,1.0000551,0.0004708327,3815360,eclipsing_binary
1405.7343849307322,1.0005497,0.00047105167,3815360,eclipsing_binary
1405.7357737790105,1.0001948,0.0004708694,3815360,eclipsing_binary
1405.7371626268232,1.0002625,0.00047096342,3815360,eclipsing_binary
1405.7385514746368,1.0006034,0.00047105414,3815360,eclipsing_binary
1405.7399403224495,1.0000521,0.00047086884,3815360,eclipsing_binary
1405.7413291702615,1.00105,0.0004709419,3815360,eclipsing_binary
1405.7427180180744,1.0015136,0.00047110807,3815360,eclipsing_binary
1405.7441068663527,1.0004387,0.00047095807,3815360,eclipsing_binary
1405.7454957141647,1.0001286,0.00047085865,3815360,eclipsing_binary
1405.7468845619774,1.0005294,0.00047102344,3815360,eclipsing_binary
1405.7482734097903,1.0009701,0.00047091322,3815360,eclipsing_binary
1405.7496622576023,1.00089,0.00047105545,3815360,eclipsing_binary
1405.751051105415,1.000145,0.00047083932,3815360,eclipsing_binary
1405.7524399532276,1.0002366,0.00047091275,3815360,eclipsing_binary
1405.7538288010396,1.0003839,0.0004710211,3815360,eclipsing_binary
1405.7552176488518,1.0001775,0.00047082375,3815360,eclipsing_binary
1405.7566064971302,1.0000677,0.0004708568,3815360,eclipsing_binary
1405.7579953449429,1.0010598,0.00047101104,3815360,eclipsing_binary
1405.7593841927549,0.9997079,0.00047069622,3815360,eclipsing_binary
1405.7607730405675,1.0004992,0.00047103292,3815360,eclipsing_binary
1405.7621618883804,1.0000052,0.00047081112,3815360,eclipsing_binary
1405.7635507361924,1.0006114,0.00047087888,3815360,eclipsing_binary
1405.764939584005,1.0006086,0.00047102568,3815360,eclipsing_binary
1405.7663284318187,0.99972343,0.00047099392,3815360,eclipsing_binary
1405.7677172796314,1.0008359,0.00047099814,3815360,eclipsing_binary
1405.769106127444,1.0001197,0.00047095015,3815360,eclipsing_binary
1405.7704949752567,0.99979717,0.00047071086,3815360,eclipsing_binary
1405.771883823069,1.0009296,0.00047085376,3815360,eclipsing_binary
1405.773272670881,0.9998315,0.00047079066,3815360,eclipsing_binary
1405.7746615186936,1.0004135,0.00047093132,3815360,eclipsing_binary
1405.7760503665063,1.0006111,0.00047091176,3815360,eclipsing_binary
1405.7774392143183,1.0005667,0.0004709127,3815360,eclipsing_binary
1405.7788280621312,1.0004579,0.00047088639,3815360,eclipsing_binary
1405.7802169099439,1.0005271,0.00047087553,3815360,eclipsing_binary
1405.7816057577559,1.0014606,0.00047111762,3815360,eclipsing_binary
1405.7829946055685,1.000484,0.0004708665,3815360,eclipsing_binary
1405.7843834533815,1.0003129,0.00047081232,3815360,eclipsing_binary
1405.7857723011934,1.0005238,0.00047087928,3815360,eclipsing_binary
1405.7871611490061,1.0010296,0.0004709437,3815360,eclipsing_binary
1405.7885499968188,1.0012444,0.00047091403,3815360,eclipsing_binary
1405.789938844631,1.0011079,0.00047098866,3815360,eclipsing_binary
1405.791327692443,1.0004922,0.00047087914,3815360,eclipsing_binary
1405.7927165402557,1.0011431,0.00047101735,3815360,eclipsing_binary
1405.794105388069,1.0011843,0.00047103185,3815360,eclipsing_binary
1405.795494235882,1.0004681,0.0004708499,3815360,eclipsing_binary
1405.7968830836946,1.0002346,0.0004707786,3815360,eclipsing_binary
1405.7982719315073,1.0006909,0.0004707542,3815360,eclipsing_binary
1405.7996607793193,1.0008818,0.00047108947,3815360,eclipsing_binary
1405.8010496271322,1.0002791,0.00047093644,3815360,eclipsing_binary
1405.802438474945,1.0016471,0.00047100775,3815360,eclipsing_binary
1405.803827322757,1.0011995,0.00047107108,3815360,eclipsing_binary
1405.8052161705696,1.0007333,0.00047090635,3815360,eclipsing_binary
1405.8066050179168,1.0005934,0.00047085463,3815360,eclipsing_binary
1405.8079938657288,1.0005329,0.0004708865,3815360,eclipsing_binary
1405.8093827135408,1.0004417,0.0004709113,3815360,eclipsing_binary
1405.8107715613535,1.0004747,0.00047085228,3815360,eclipsing_binary
1405.8121604091662,1.0006108,0.00047085522,3815360,eclipsing_binary
1405.8135492569784,1.0004064,0.00047088639,3815360,eclipsing_binary
1405.814938104791,1.0001864,0.0004708526,3815360,eclipsing_binary
1405.8163269526037,1.0010449,0.00047091494,3815360,eclipsing_binary
1405.8177157999503,0.9997943,0.00047085062,3815360,eclipsing_binary
1405.8204934955756,1.0000167,0.00047069328,3815360,eclipsing_binary
1405.8218823433883,1.001234,0.00047101546,3815360,eclipsing_binary
1405.823271191202,1.0003606,0.00047083732,3815360,eclipsing_binary
1405.8246600390146,1.0008508,0.00047107736,3815360,eclipsing_binary
1405.8260488868266,0.9996968,0.00047078874,3815360,eclipsing_binary
1405.827437734173,1.0010695,0.000470948,3815360,eclipsing_binary
1405.8288265819856,1.0010482,0.00047087643,3815360,eclipsing_binary
1405.8302154297985,1.0006886,0.00047104908,3815360,eclipsing_binary
1405.8316042776105,1.0005599,0.00047098176,3815360,eclipsing_binary
1405.8329931254232,1.0010699,0.0004709386,3815360,eclipsing_binary
1405.8343819727702,1.0004117,0.00047085644,3815360,eclipsing_binary
1405.8357708205824,1.0000545,0.00047072695,3815360,eclipsing_binary
1405.837159668395,1.0009702,0.00047104777,3815360,eclipsing_binary
1405.8385485162078,0.9999662,0.0004708145,3815360,eclipsing_binary
1405.8399373640198,1.0006714,0.00047083112,3815360,eclipsing_binary
1405.8413262113668,1.0008926,0.00047089826,3815360,eclipsing_binary
1405.8427150591797,1.0014182,0.00047120053,3815360,eclipsing_binary
1405.8441039069917,1.0001459,0.00047083772,3815360,eclipsing_binary
1405.8454927548037,1.0009884,0.00047098665,3815360,eclipsing_binary
1405.8468816026166,1.0010284,0.00047096275,3815360,eclipsing_binary
1405.8482704499636,1.0001003,0.00047078473,3815360,eclipsing_binary
1405.8496592977763,1.0003034,0.00047077413,3815360,eclipsing_binary
1405.8510481455896,1.0015886,0.0004711301,3815360,eclipsing_binary
1405.8524369929369,0.99951386,0.00047077896,3815360,eclipsing_binary
1405.8552146885615,1.0012026,0.0004710241,3815360,eclipsing_binary
1405.8566035363742,1.0007004,0.00047079884,3815360,eclipsing_binary
1405.8579923837206,1.0003948,0.00047083694,3815360,eclipsing_binary
1405.8593812315335,1.0000169,0.00047070347,3815360,eclipsing_binary
1405.8607700793461,1.0002004,0.00047077198,3815360,eclipsing_binary
1405.8621589271581,1.0000466,0.000470852,3815360,eclipsing_binary
1405.8635477745052,1.0006201,0.0004708842,3815360,eclipsing_binary
1405.864936622318,1.0001642,0.000470813,3815360,eclipsing_binary
1405.86632547013,1.000579,0.00047098857,3815360,eclipsing_binary
1405.8677143174764,1.0007012,0.00047087518,3815360,eclipsing_binary
1405.8691031652893,1.0006204,0.00047074887,3815360,eclipsing_binary
1405.870492013102,0.99988997,0.00047078327,3815360,eclipsing_binary
1405.8718808604483,0.9996192,0.00047063685,3815360,eclipsing_binary
1405.873269708261,0.9989143,0.00047065108,3815360,eclipsing_binary
1405.8746585560737,1.0002604,0.0004709385,3815360,eclipsing_binary
1405.8760474034202,0.9995945,0.00047059866,3815360,eclipsing_binary
1405.8774362512336,0.9987217,0.00047049086,3815360,eclipsing_binary
1405.878825099047,0.99956566,0.0004706525,3815360,eclipsing_binary
1405.8802139463933,0.9989181,0.00047047672,3815360,eclipsing_binary
1405.8816027942062,0.99944556,0.000470675,3815360,eclipsing_binary
1405.8829916415532,0.99830085,0.00047043976,3815360,eclipsing_binary
1405.8843804893652,0.9981435,0.00047041615,3815360,eclipsing_binary
1405.8857693371772,0.9990086,0.0004706105,3815360,eclipsing_binary
1405.8871581845242,0.9982424,0.0004704588,3815360,eclipsing_binary
1405.888547032337,0.997485,0.0004704093,3815360,eclipsing_binary
1405.889935880149,0.9977832,0.0004703786,3815360,eclipsing_binary
1405.891324727496,0.99786043,0.0004704124,3815360,eclipsing_binary
1405.8927135753088,0.9983545,0.00047034066,3815360,eclipsing_binary
1405.8941024226554,0.9976378,0.0004703048,3815360,eclipsing_binary
1405.895491270468,0.9979447,0.000470319,3815360,eclipsing_binary
1405.896880117815,0.9971197,0.00047020978,3815360,eclipsing_binary
1405.8982689656273,0.99708796,0.00047023228,3815360,eclipsing_binary
1405.89965781344,0.9966763,0.00047000824,3815360,eclipsing_binary
1405.901046660787,0.9968679,0.0004700862,3815360,eclipsing_binary
1405.902435508599,0.9956058,0.00046991714,3815360,eclipsing_binary
1405.9038243559453,0.99594444,0.0004700421,3815360,eclipsing_binary
1405.9052132037589,0.99595827,0.0004700264,3815360,eclipsing_binary
1405.9066020511066,0.9958234,0.0004699245,3815360,eclipsing_binary
1405.9079908989186,0.9953165,0.00047003213,3815360,eclipsing_binary
1405.9093797462656,0.9947606,0.000469738,3815360,eclipsing_binary
1405.9107685940785,0.99532163,0.00046980358,3815360,eclipsing_binary
1405.9121574418905,0.9949844,0.00046971434,3815360,eclipsing_binary
1405.9135462892375,0.9949362,0.000469802,3815360,eclipsing_binary
1405.9149351370502,0.99439895,0.0004696481,3815360,eclipsing_binary
1405.9163239843967,0.9938251,0.00046959132,3815360,eclipsing_binary
1405.9177128322094,0.99233055,0.00046919874,3815360,eclipsing_binary
1405.9204905273684,0.9930423,0.00046928524,3815360,eclipsing_binary
1405.921879374715,0.99272436,0.00046922098,3815360,eclipsing_binary
1405.9232682225277,0.991691,0.0004690418,3815360,eclipsing_binary
1405.9246570698747,0.99273175,0.0004692622,3815360,eclipsing_binary
1405.926045917221,0.9925838,0.0004693342,3815360,eclipsing_binary
1405.927434765034,0.99235857,0.00046913128,3815360,eclipsing_binary
1405.928823612381,0.9920876,0.00046921478,3815360,eclipsing_binary
1405.930212460193,0.99189574,0.0004689857,3815360,eclipsing_binary
1405.93160130754,0.9918968,0.0004690593,3815360,eclipsing_binary
1405.9329901553533,0.9919667,0.000469031,3815360,eclipsing_binary
1405.9343790027006,0.990842,0.00046881073,3815360,eclipsing_binary
1405.9357678505132,0.991175,0.00046883966,3815360,eclipsing_binary
1405.9371566978602,0.98994094,0.00046869554,3815360,eclipsing_binary
1405.9385455452066,0.9900948,0.0004688039,3815360,eclipsing_binary
1405.9399343930188,0.9910309,0.00046888881,3815360,eclipsing_binary
1405.9413232403658,0.98970586,0.00046879525,3815360,eclipsing_binary
1405.9427120881785,0.9898629,0.00046855648,3815360,eclipsing_binary
1405.944100935525,0.9895749,0.00046871585,3815360,eclipsing_binary
1405.9454897833377,0.9903112,0.00046870802,3815360,eclipsing_binary
1405.9468786306848,0.9895369,0.00046862004,3815360,eclipsing_binary
1405.948267478031,0.98987496,0.00046872982,3815360,eclipsing_binary
1405.949656325844,0.9889315,0.0004683994,3815360,eclipsing_binary
1405.951045173191,0.9891518,0.00046858154,3815360,eclipsing_binary
1405.9524340205373,0.98918426,0.0004684676,3815360,eclipsing_binary
1405.95382286835,0.9884984,0.0004684054,3815360,eclipsing_binary
1405.955211715697,0.9888619,0.0004685596,3815360,eclipsing_binary
1405.9566005635093,0.9882582,0.0004683933,3815360,eclipsing_binary
1405.9579894108556,0.9893968,0.000468598,3815360,eclipsing_binary
1405.9593782582026,0.98834914,0.00046827996,3815360,eclipsing_binary
1405.960767106016,0.98829144,0.0004684959,3815360,eclipsing_binary
1405.962155953363,0.98931146,0.00046866242,3815360,eclipsing_binary
1405.9635448007102,0.98791146,0.0004683649,3815360,eclipsing_binary
1405.964933648523,0.9878486,0.00046829815,3815360,eclipsing_binary
1405.9663224958692,0.9882373,0.00046832947,3815360,eclipsing_binary
1405.9677113432163,0.9889411,0.0004685358,3815360,eclipsing_binary
1405.9691001910292,0.98884577,0.00046840915,3815360,eclipsing_binary
1405.9704890383755,0.98781407,0.00046818965,3815360,eclipsing_binary
1405.9718778857225,0.98906523,0.00046832985,3815360,eclipsing_binary
1405.9732667335352,0.98808885,0.00046820773,3815360,eclipsing_binary
1405.9746555808817,0.98877704,0.00046839818,3815360,eclipsing_binary
1405.9760444282288,0.9891453,0.00046855505,3815360,eclipsing_binary
1405.9774332755758,0.9878474,0.00046827222,3815360,eclipsing_binary
1405.978822123388,0.988934,0.00046854047,3815360,eclipsing_binary
1405.9802109707343,0.98815525,0.00046845071,3815360,eclipsing_binary
1405.9815998180813,0.9892265,0.0004684218,3815360,eclipsing_binary
1405.982988665894,0.9883092,0.00046827891,3815360,eclipsing_binary
1405.9843775132404,0.98916477,0.000468502,3815360,eclipsing_binary
1405.9857663605876,0.98841166,0.0004683091,3815360,eclipsing_binary
1405.9871552079353,0.98927504,0.0004686769,3815360,eclipsing_binary
1405.988544055748,0.989554,0.00046859813,3815360,eclipsing_binary
1405.989932903095,0.9890347,0.0004685369,3815360,eclipsing_binary
1405.9913217504422,0.99024266,0.00046881702,3815360,eclipsing_binary
1405.9927105977886,0.9898259,0.00046874417,3815360,eclipsing_binary
1405.9940994456013,0.9914242,0.00046896416,3815360,eclipsing_binary
1405.9954882929483,0.9905584,0.00046887156,3815360,eclipsing_binary
1405.9968771402946,0.99095476,0.00046895279,3815360,eclipsing_binary
1405.9982659876412,0.99116796,0.00046886757,3815360,eclipsing_binary
1405.9996548349882,0.9901798,0.0004687189,3815360,eclipsing_binary
1406.0010436828009,0.9910248,0.00046892982,3815360,eclipsing_binary
1406.0024325301474,0.99102145,0.00046894824,3815360,eclipsing_binary
1406.0038213774944,0.991193,0.00046898093,3815360,eclipsing_binary
1406.0052102248414,0.99129456,0.00046902776,3815360,eclipsing_binary
1406.0065990721878,0.9922255,0.00046917805,3815360,eclipsing_binary
1406.0079879200007,0.9924506,0.00046911978,3815360,eclipsing_binary
1406.0093767673477,0.9938215,0.00046936577,3815360,eclipsing_binary
1406.010765614694,0.9924137,0.00046930072,3815360,eclipsing_binary
1406.0135433093883,0.9929068,0.00046911833,3815360,eclipsing_binary
1406.0149321567353,0.9949967,0.0004696983,3815360,eclipsing_binary
1406.016321004548,0.9936683,0.0004694679,3815360,eclipsing_binary
1406.017709851895,0.99351376,0.0004692978,3815360,eclipsing_binary
1406.019098699242,0.993934,0.00046950407,3815360,eclipsing_binary
1406.0204875465886,0.99360114,0.00046945733,3815360,eclipsing_binary
1406.0218763939356,0.99479985,0.00046963105,3815360,eclipsing_binary
1406.0232652412826,0.9945789,0.0004695808,3815360,eclipsing_binary
1406.0246540886292,0.9954142,0.0004697658,3815360,eclipsing_binary
1406.0260429359762,0.99526054,0.00046981717,3815360,eclipsing_binary
1406.0274317837889,0.9957247,0.00046979345,3815360,eclipsing_binary
1406.0288206311352,0.99642205,0.00047006932,3815360,eclipsing_binary
1406.0302094784824,0.9964424,0.00046998996,3815360,eclipsing_binary
1406.0315983258295,0.9956061,0.00046983577,3815360,eclipsing_binary
1406.0329871731758,0.99687487,0.00047007346,3815360,eclipsing_binary
1406.0343760205221,0.9967611,0.00047013498,3815360,eclipsing_binary
1406.0357648678691,0.9962314,0.00046997386,3815360,eclipsing_binary
1406.0371537152164,0.99895346,0.00047053522,3815360,eclipsing_binary
1406.0385425625627,0.9972697,0.00047022456,3815360,eclipsing_binary
1406.0399314099097,0.9970756,0.00047010474,3815360,eclipsing_binary
1406.0413202572568,0.99731046,0.000470245,3815360,eclipsing_binary
1406.042709104604,0.99774635,0.00047017823,3815360,eclipsing_binary
1406.0440979524174,0.99757236,0.00047032328,3815360,eclipsing_binary
1406.0454867997644,0.99860036,0.00047039517,3815360,eclipsing_binary
1406.0468756471107,0.99870694,0.00047048528,3815360,eclipsing_binary
1406.0482644944577,0.9982412,0.0004703356,3815360,eclipsing_binary
1406.049653341805,0.9992119,0.0004705684,3815360,eclipsing_binary
1406.0510421891513,0.99764574,0.00046998568,3815360,eclipsing_binary
1406.0524310364976,0.9989076,0.00047036237,3815360,eclipsing_binary
1406.0538198838449,0.99855524,0.0004703736,3815360,eclipsing_binary
1406.055208731192,0.9988297,0.00047041298,3815360,eclipsing_binary
1406.0565975785382,0.99955195,0.00047058836,3815360,eclipsing_binary
1406.0579864258852,0.99981123,0.00047074642,3815360,eclipsing_binary
1406.0593752732325,0.9994978,0.00047053432,3815360,eclipsing_binary
1406.0607641205788,0.999794,0.00047054834,3815360,eclipsing_binary
1406.0621529679258,1.0004647,0.0004707799,3815360,eclipsing_binary
1406.0635418152729,0.99963,0.0004705774,3815360,eclipsing_binary
1406.0649306626192,1.0006355,0.00047076575,3815360,eclipsing_binary
1406.0663195099664,1.0004697,0.00047077402,3815360,eclipsing_binary
1406.0677083573134,0.99926996,0.00047056284,3815360,eclipsing_binary
1406.0690972046605,1.0008087,0.00047084762,3815360,eclipsing_binary
1406.0704860520075,1.0002197,0.00047073982,3815360,eclipsing_binary
1406.0718748993545,1.0004625,0.00047077125,3815360,eclipsing_binary
1406.0732637467017,1.0009965,0.0004708596,3815360,eclipsing_binary
1406.0760414409294,1.0015332,0.00047098933,3815360,eclipsing_binary
1406.0774302882764,1.0010883,0.00047095344,3815360,eclipsing_binary
1406.078819135623,0.9999215,0.00047068496,3815360,eclipsing_binary
1406.08020798297,1.0004183,0.00047062244,3815360,eclipsing_binary
1406.081596830317,1.0013617,0.00047090463,3815360,eclipsing_binary
1406.0829856776636,1.0008947,0.00047093083,3815360,eclipsing_binary
1406.0843745250106,0.99965936,0.0004706731,3815360,eclipsing_binary
1406.0857633723576,1.0010935,0.00047094107,3815360,eclipsing_binary
1406.087152219704,1.001149,0.0004708417,3815360,eclipsing_binary
1406.0885410670512,1.0014784,0.00047098016,3815360,eclipsing_binary
1406.0899299143982,1.0007598,0.00047077224,3815360,eclipsing_binary
1406.091318761279,1.0017594,0.00047111022,3815360,eclipsing_binary
1406.0927076086252,1.0011299,0.00047074864,3815360,eclipsing_binary
1406.0940964559722,1.0011967,0.00047084462,3815360,eclipsing_binary
1406.0954853033195,1.0015988,0.0004709167,3815360,eclipsing_binary
1406.0968741506665,1.000025,0.00047064037,3815360,eclipsing_binary
1406.0982629980142,1.0008827,0.00047098595,3815360,eclipsing_binary
1406.0996518453612,1.0019218,0.00047097064,3815360,eclipsing_binary
1406.1010406927078,1.0014141,0.00047096357,3815360,eclipsing_binary
1406.1024295395891,1.0013772,0.00047086185,3815360,eclipsing_binary
1406.1038183869362,1.0015798,0.000470993,3815360,eclipsing_binary
1406.1052072342825,1.0007933,0.00047084608,3815360,eclipsing_binary
1406.1065960816295,1.0012385,0.00047091595,3815360,eclipsing_binary
1406.1079849289767,1.0013802,0.00047080312,3815360,eclipsing_binary
1406.109373776323,1.0010964,0.0004708711,3815360,eclipsing_binary
1406.1107626232038,1.0013019,0.00047090361,3815360,eclipsing_binary
1406.112151470551,1.0013185,0.00047083554,3815360,eclipsing_binary
1406.113540317898,1.0001138,0.00047065868,3815360,eclipsing_binary
1406.1149291652443,1.0002772,0.00047059712,3815360,eclipsing_binary
1406.1163180125914,1.0006891,0.00047082215,3815360,eclipsing_binary
1406.117706859473,1.0007341,0.0004708769,3815360,eclipsing_binary
1406.1190957068193,1.0005656,0.00047082384,3815360,eclipsing_binary
1406.1204845541663,1.0006483,0.00047076328,3815360,eclipsing_binary
1406.1218734015133,1.0014626,0.0004710273,3815360,eclipsing_binary
1406.1232622488606,1.0009933,0.00047071915,3815360,eclipsing_binary
1406.1246510957426,1.0013552,0.00047086965,3815360,eclipsing_binary
1406.1260399430896,1.0024713,0.0004710447,3815360,eclipsing_binary
1406.127428790436,1.0010698,0.00047061063,3815360,eclipsing_binary
1406.1288176377825,1.0012977,0.0004708157,3815360,eclipsing_binary
1406.1302064846639,1.000353,0.000470648,3815360,eclipsing_binary
1406.1329841793572,1.0013816,0.00047087253,3815360,eclipsing_binary
1406.1343730267045,1.0005503,0.00047068228,3815360,eclipsing_binary
1406.1357618735858,1.0006468,0.00047077952,3815360,eclipsing_binary
1406.1371507209321,1.0005268,0.00047068548,3815360,eclipsing_binary
1406.1385395682792,1.0009003,0.0004706996,3815360,eclipsing_binary
1406.1399284156264,1.0011559,0.0004708728,3815360,eclipsing_binary
1406.141317262507,1.0012386,0.00047083764,3815360,eclipsing_binary
1406.142706109854,1.0009981,0.0004708236,3815360,eclipsing_binary
1406.144094957201,1.0007851,0.00047079014,3815360,eclipsing_binary
1406.1454838040818,1.0001966,0.00047077605,3815360,eclipsing_binary
1406.146872651428,1.000849,0.00047087227,3815360,eclipsing_binary
1406.1482614987754,1.0009309,0.00047083927,3815360,eclipsing_binary
1406.1496503456574,1.0008061,0.00047079948,3815360,eclipsing_binary
1406.1510391930044,1.0006247,0.00047077503,3815360,eclipsing_binary
1406.1524280403514,1.0013142,0.00047078147,3815360,eclipsing_binary
1406.153816887233,1.0005507,0.00047081476,3815360,eclipsing_binary
1406.1552057345793,1.0012504,0.00047095428,3815360,eclipsing_binary
1406.1565945819264,1.0019642,0.00047094817,3815360,eclipsing_binary
1406.1579834288077,1.0002193,0.0004707138,3815360,eclipsing_binary
1406.1593722761543,1.0002645,0.0004707425,3815360,eclipsing_binary
1406.1607611235013,1.0007278,0.0004709279,3815360,eclipsing_binary
1406.1621499703826,1.0014455,0.00047080067,3815360,eclipsing_binary
1406.1635388177292,1.0019448,0.00047107023,3815360,eclipsing_binary
1406.1649276650755,1.0005238,0.0004707066,3815360,eclipsing_binary
1406.166316511957,1.0006168,0.00047074727,3815360,eclipsing_binary
1406.167705359304,1.0005107,0.00047074852,3815360,eclipsing_binary
1406.1690942066502,1.0008162,0.0004709056,3815360,eclipsing_binary
1406.1704830535318,1.0010849,0.0004707669,3815360,eclipsing_binary
1406.1718719008788,1.0006673,0.0004707686,3815360,eclipsing_binary
1406.1732607477595,1.0016375,0.0004708214,3815360,eclipsing_binary
1406.1746495951065,1.0012741,0.0004709563,3815360,eclipsing_binary
1406.1760384424538,1.000329,0.00047070716,3815360,eclipsing_binary
1406.1774272893351,1.0003679,0.00047065684,3815360,eclipsing_binary
1406.1788161366828,1.0006251,0.00047096465,3815360,eclipsing_binary
1406.1802049835642,1.0011395,0.00047091403,3815360,eclipsing_binary
1406.1815938309107,1.0004041,0.00047066613,3815360,eclipsing_binary
1406.1829826777914,1.0002725,0.00047076348,3815360,eclipsing_binary
1406.1843715251384,1.0000205,0.000470887,3815360,eclipsing_binary
1406.1857603724854,1.0005748,0.00047083624,3815360,eclipsing_binary
1406.1871492193663,1.0006694,0.00047088604,3815360,eclipsing_binary
1406.1885380667134,0.99997556,0.0004707622,3815360,eclipsing_binary
1406.1899269135947,1.0003496,0.00047081485,3815360,eclipsing_binary
1406.191315760941,0.99984336,0.00047076636,3815360,eclipsing_binary
1406.1927046078226,0.9998307,0.00047067134,3815360,eclipsing_binary
1406.1940934551697,1.0010284,0.00047078502,3815360,eclipsing_binary
1406.1968711493973,1.0000895,0.00047079183,3815360,eclipsing_binary
1406.198259996279,1.0002246,0.00047087515,3815360,eclipsing_binary
1406.1996488436253,0.9999822,0.0004708301,3815360,eclipsing_binary
1406.2010376905066,0.99977875,0.0004707312,3815360,eclipsing_binary
1406.2024265378536,0.9997832,0.0004706741,3815360,eclipsing_binary
1406.2038153852009,0.99989134,0.00047073033,3815360,eclipsing_binary
1406.2052042320822,0.99971926,0.0004707388,3815360,eclipsing_binary
1406.2065930789636,0.99873286,0.00047058196,3815360,eclipsing_binary
1406.2079819263106,1.00071,0.00047115042,3815360,eclipsing_binary
1406.2093707731915,0.9994739,0.00047068004,3815360,eclipsing_binary
1406.2107596205385,1.0005859,0.00047087725,3815360,eclipsing_binary
1406.2121484674199,0.99897647,0.00047075332,3815360,eclipsing_binary
1406.2135373147662,0.99978286,0.00047094634,3815360,eclipsing_binary
1406.2149261616478,0.9996326,0.00047089052,3815360,eclipsing_binary
1406.2163150089948,1.000106,0.00047093045,3815360,eclipsing_binary
1406.2177038558755,1.0001512,0.0004708556,3815360,eclipsing_binary
1406.2190927032225,0.99916595,0.00047056036,3815360,eclipsing_binary
