time,flux,flux_err,tic_id,label
1517.9385574915389,0.9981707,0.0023524018,2353789,eclipsing_binary
1517.9399464091814,0.9946931,0.0023497648,2353789,eclipsing_binary
1517.9413353263583,0.99642736,0.0023509213,2353789,eclipsing_binary
1517.9427242440008,0.9958493,0.0023500915,2353789,eclipsing_binary
1517.9455020783555,0.9973797,0.0023495173,2353789,eclipsing_binary
1517.9468909959976,0.99618447,0.0023464751,2353789,eclipsing_binary
1517.9482799131736,0.9977024,0.0023468216,2353789,eclipsing_binary
1517.9496688303514,0.9946441,0.0023447955,2353789,eclipsing_binary
1517.9510577479948,0.9968321,0.0023468165,2353789,eclipsing_binary
1517.9524466651708,0.99269503,0.0023423668,2353789,eclipsing_binary
1517.9538355828136,0.9941182,0.0023424786,2353789,eclipsing_binary
1517.9552244999911,0.9948547,0.0023433897,2353789,eclipsing_binary
1517.956613417168,1.001417,0.0023476218,2353789,eclipsing_binary
1517.95800233481,0.9992041,0.002344104,2353789,eclipsing_binary
1517.959391251987,1.0002285,0.0023437608,2353789,eclipsing_binary
1517.9607801696295,0.99673927,0.002340949,2353789,eclipsing_binary
1517.9621690868064,0.9944138,0.0023420895,2353789,eclipsing_binary
1517.9635580039842,0.99869347,0.0023413515,2353789,eclipsing_binary
1517.9649469216267,0.9983843,0.0023395906,2353789,eclipsing_binary
1517.9663358388032,0.9955946,0.0023384106,2353789,eclipsing_binary
1517.967724756445,0.9991393,0.0023400155,2353789,eclipsing_binary
1517.9691136736226,0.997366,0.0023391887,2353789,eclipsing_binary
1517.970502591266,0.99885905,0.0023362667,2353789,eclipsing_binary
1517.9718915084422,0.9958835,0.0023339288,2353789,eclipsing_binary
1517.9732804256194,0.99691117,0.0023356623,2353789,eclipsing_binary
1517.9746693432623,0.9987998,0.0023345107,2353789,eclipsing_binary
1517.9760582604392,0.99708587,0.0023343468,2353789,eclipsing_binary
1517.9774471780813,0.99463314,0.002333652,2353789,eclipsing_binary
1517.9788360952582,0.9927887,0.0023285202,2353789,eclipsing_binary
1517.980225012435,0.9956715,0.0023308313,2353789,eclipsing_binary
1517.9816139300779,0.9951054,0.0023307921,2353789,eclipsing_binary
1517.9830028472554,0.9957811,0.0023298222,2353789,eclipsing_binary
1517.984391764898,0.9942469,0.002328329,2353789,eclipsing_binary
1517.9857806820744,0.99434984,0.002328106,2353789,eclipsing_binary
1517.987169599717,0.99567866,0.0023277658,2353789,eclipsing_binary
1517.9885585168947,0.998147,0.002328009,2353789,eclipsing_binary
1517.9899474340716,1.0006653,0.0023317204,2353789,eclipsing_binary
1517.9913363517135,0.99490327,0.002325012,2353789,eclipsing_binary
1517.9927252688906,0.9974026,0.002327266,2353789,eclipsing_binary
1517.9941141865336,0.9947885,0.0023257874,2353789,eclipsing_binary
1517.9955031037107,0.99296886,0.002323821,2353789,eclipsing_binary
1517.9968920213535,0.99469477,0.0023231097,2353789,eclipsing_binary
1517.9982809385303,0.9924022,0.0023211045,2353789,eclipsing_binary
1517.9996698557063,0.9911939,0.0023176707,2353789,eclipsing_binary
1518.001058773349,0.9942229,0.0023218615,2353789,eclipsing_binary
1518.0024476905267,1.0009824,0.0023271493,2353789,eclipsing_binary
1518.0038366081692,0.99829334,0.0023202125,2353789,eclipsing_binary
1518.0052255253456,0.9974388,0.0023204572,2353789,eclipsing_binary
1518.0066144429882,0.9985117,0.0023213814,2353789,eclipsing_binary
1518.008003360166,1.0005714,0.0023216754,2353789,eclipsing_binary
1518.0093922773428,0.99736506,0.0023187073,2353789,eclipsing_binary
1518.010781194985,0.9973681,0.00231826,2353789,eclipsing_binary
1518.0121701121618,0.99904597,0.0023178917,2353789,eclipsing_binary
1518.0135590298048,1.0007885,0.002319006,2353789,eclipsing_binary
1518.0163368646247,0.996663,0.0023126868,2353789,eclipsing_binary
1518.0177257818016,0.99826515,0.0023161345,2353789,eclipsing_binary
1518.0191146994434,0.9983095,0.0023136751,2353789,eclipsing_binary
1518.0205036166205,0.99820787,0.0023142041,2353789,eclipsing_binary
1518.0218925337979,0.9954942,0.0023131345,2353789,eclipsing_binary
1518.0232814514407,0.99591887,0.0023130055,2353789,eclipsing_binary
1518.0246703686169,0.9985665,0.0023146444,2353789,eclipsing_binary
1518.0260592862594,0.9977422,0.002312997,2353789,eclipsing_binary
1518.0274482034372,1.0026019,0.00231502,2353789,eclipsing_binary
1518.0288371210797,0.99863017,0.0023112176,2353789,eclipsing_binary
1518.0302260382566,0.9948621,0.0023103678,2353789,eclipsing_binary
1518.0316149558992,0.994213,0.0023096185,2353789,eclipsing_binary
1518.0330038730763,1.0021114,0.0023120455,2353789,eclipsing_binary
1518.0343927902534,1.0012594,0.0023102665,2353789,eclipsing_binary
1518.035781707896,0.9997687,0.002308184,2353789,eclipsing_binary
1518.0371706250728,0.9965814,0.0023068986,2353789,eclipsing_binary
1518.0385595427147,0.9981411,0.0023088069,2353789,eclipsing_binary
1518.0399484598922,0.99825263,0.002305332,2353789,eclipsing_binary
1518.0413373775357,0.99505836,0.002303446,2353789,eclipsing_binary
1518.0427262947119,0.9970176,0.002305957,2353789,eclipsing_binary
1518.044115211888,0.9963949,0.0023038867,2353789,eclipsing_binary
1518.0455041295306,1.0002971,0.0023037337,2353789,eclipsing_binary
1518.0468930467084,0.9916447,0.0022995484,2353789,eclipsing_binary
1518.048281964351,0.99673474,0.0023024103,2353789,eclipsing_binary
1518.0496708815278,0.9944115,0.0022994447,2353789,eclipsing_binary
1518.0510597991704,0.9968112,0.0023012387,2353789,eclipsing_binary
1518.0524487163475,0.9977163,0.0023018045,2353789,eclipsing_binary
1518.0538376339903,0.99488354,0.0022981884,2353789,eclipsing_binary
1518.0552265511672,1.0022501,0.0023027419,2353789,eclipsing_binary
1518.056615468344,0.99867487,0.0023001265,2353789,eclipsing_binary
1518.0580043859861,0.99898916,0.0022981039,2353789,eclipsing_binary
1518.0593933031635,0.9982279,0.0022999058,2353789,eclipsing_binary
1518.060782220807,0.9993521,0.002300999,2353789,eclipsing_binary
1518.0621711379833,0.9996071,0.0022976692,2353789,eclipsing_binary
1518.063560055625,0.9947349,0.0022937988,2353789,eclipsing_binary
1518.0649489728019,0.9996445,0.0022969123,2353789,eclipsing_binary
1518.0663378899796,1.0008147,0.0022949441,2353789,eclipsing_binary
1518.069115724799,1.0008818,0.002294059,2353789,eclipsing_binary
1518.0705046424418,0.99731046,0.0022950186,2353789,eclipsing_binary
1518.071893559619,0.9999882,0.0022944023,2353789,eclipsing_binary
1518.0746713944384,1.004319,0.0022960717,2353789,eclipsing_binary
1518.0760603116153,1.0013417,0.0022928999,2353789,eclipsing_binary
1518.0774492292574,0.9997365,0.002290912,2353789,eclipsing_binary
1518.0788381464347,1.0026536,0.0022915045,2353789,eclipsing_binary
1518.0802270640781,0.9988523,0.0022911855,2353789,eclipsing_binary
1518.0816159812546,0.9997494,0.0022895716,2353789,eclipsing_binary
1518.0830048988971,0.9978316,0.0022880821,2353789,eclipsing_binary
1518.084393816074,0.99828637,0.002283936,2353789,eclipsing_binary
1518.0857827332509,0.9995728,0.0022878814,2353789,eclipsing_binary
1518.0871716508934,0.9972664,0.0022838952,2353789,eclipsing_binary
1518.089949485713,0.99991226,0.0022869816,2353789,eclipsing_binary
1518.0913384028893,0.9992511,0.0022859399,2353789,eclipsing_binary
1518.0927273205327,0.9998336,0.0022870945,2353789,eclipsing_binary
1518.0941162377103,1.0009401,0.0022852125,2353789,eclipsing_binary
1518.0955051548865,0.9989618,0.0022835822,2353789,eclipsing_binary
1518.0968940725286,0.99930865,0.0022842512,2353789,eclipsing_binary
1518.0982829897061,1.0024202,0.002285671,2353789,eclipsing_binary
1518.0996719073494,0.999038,0.0022822465,2353789,eclipsing_binary
1518.1010608245258,1.0000871,0.002281827,2353789,eclipsing_binary
1518.105227576522,1.0031753,0.0022847366,2353789,eclipsing_binary
1518.1066164941647,1.000717,0.0022802528,2353789,eclipsing_binary
1518.1080054113418,1.001849,0.0022815024,2353789,eclipsing_binary
1518.1093943289845,1.0004188,0.0022796341,2353789,eclipsing_binary
1518.1107832461605,1.0018351,0.0022783657,2353789,eclipsing_binary
1518.1121721633383,1.0039861,0.0022811117,2353789,eclipsing_binary
1518.1135610809818,1.0004925,0.00227879,2353789,eclipsing_binary
1518.1149499981577,0.9991733,0.0022768513,2353789,eclipsing_binary
1518.1163389157998,1.0061023,0.0022797592,2353789,eclipsing_binary
1518.1177278329774,1.0007783,0.0022774143,2353789,eclipsing_binary
1518.119116750155,1.0025945,0.0022787305,2353789,eclipsing_binary
1518.120505667797,1.0041703,0.0022797794,2353789,eclipsing_binary
1518.121894584974,0.9972773,0.0022730457,2353789,eclipsing_binary
1518.1232835026165,0.99822545,0.002270251,2353789,eclipsing_binary
1518.1246724197933,0.99816245,0.002271711,2353789,eclipsing_binary
1518.1260613369711,1.001959,0.0022739668,2353789,eclipsing_binary
1518.1274502546137,0.99806243,0.0022726208,2353789,eclipsing_binary
1518.12883917179,1.0007923,0.002272721,2353789,eclipsing_binary
1518.1302280894317,1.0024362,0.0022735626,2353789,eclipsing_binary
1518.1316170066095,1.0012714,0.0022713607,2353789,eclipsing_binary
1518.1330059237873,1.0022665,0.0022714308,2353789,eclipsing_binary
1518.134394841429,1.0034034,0.0022720085,2353789,eclipsing_binary
1518.135783758606,1.0010644,0.0022710958,2353789,eclipsing_binary
1518.1371726762493,1.0046204,0.0022733842,2353789,eclipsing_binary
1518.1385615934262,1.0059613,0.0022716457,2353789,eclipsing_binary
1518.1399505106026,0.9953502,0.0022641434,2353789,eclipsing_binary
1518.1413394282451,1.0050505,0.0022703204,2353789,eclipsing_binary
1518.142728345422,0.9981901,0.002268103,2353789,eclipsing_binary
1518.144117262599,1.0015503,0.002268617,2353789,eclipsing_binary
1518.1455061802424,1.0032469,0.002267251,2353789,eclipsing_binary
1518.1468950974192,1.0041095,0.0022716383,2353789,eclipsing_binary
1518.1482840150613,1.0041908,0.0022693335,2353789,eclipsing_binary
1518.1496729322373,1.0029281,0.0022653218,2353789,eclipsing_binary
1518.151061849415,1.0026412,0.0022663986,2353789,eclipsing_binary
1518.1524507670586,1.0012592,0.002265801,2353789,eclipsing_binary
1518.1538396842345,1.0051572,0.0022676762,2353789,eclipsing_binary
1518.1580064362317,1.0073463,0.0022668608,2353789,eclipsing_binary
1518.1593953534082,0.99970716,0.0022620028,2353789,eclipsing_binary
1518.1607842710507,0.99892837,0.002257469,2353789,eclipsing_binary
1518.1621731882276,1.006559,0.0022646077,2353789,eclipsing_binary
1518.1635621058701,1.0015534,0.002260478,2353789,eclipsing_binary
1518.164951023048,0.9993485,0.0022596184,2353789,eclipsing_binary
1518.1663399402248,1.0023557,0.0022618512,2353789,eclipsing_binary
1518.167728857867,1.000887,0.0022597045,2353789,eclipsing_binary
1518.169117775043,1.0018632,0.0022599,2353789,eclipsing_binary
1518.1705066922207,1.0003643,0.0022590146,2353789,eclipsing_binary
1518.1718956098641,1.0042686,0.0022599692,2353789,eclipsing_binary
1518.1732845270403,1.0028671,0.002259648,2353789,eclipsing_binary
1518.1746734442174,1.0064898,0.002262458,2353789,eclipsing_binary
1518.1760623618604,1.0028917,0.0022591443,2353789,eclipsing_binary
1518.1774512790373,1.0027946,0.002257028,2353789,eclipsing_binary
1518.1788401962144,1.0015676,0.0022559788,2353789,eclipsing_binary
1518.1802291138572,1.0019786,0.0022564318,2353789,eclipsing_binary
1518.1816180310332,1.0079063,0.0022599043,2353789,eclipsing_binary
1518.1830069482103,1.0022242,0.0022540542,2353789,eclipsing_binary
1518.1843958658535,1.0039619,0.002256465,2353789,eclipsing_binary
1518.1857847830304,1.0039324,0.0022541033,2353789,eclipsing_binary
1518.1871737002068,1.0028597,0.0022533077,2353789,eclipsing_binary
1518.1885626178494,1.0071143,0.0022568312,2353789,eclipsing_binary
1518.1899515350271,1.0016848,0.0022524344,2353789,eclipsing_binary
1518.192729369846,1.0045674,0.0022539503,2353789,eclipsing_binary
1518.194118287023,1.0013397,0.0022516318,2353789,eclipsing_binary
1518.1955072042003,1.002343,0.002252356,2353789,eclipsing_binary
1518.196896121843,1.001939,0.0022518518,2353789,eclipsing_binary
1518.1982850390202,1.003264,0.002248805,2353789,eclipsing_binary
1518.199673956197,1.0009367,0.0022496476,2353789,eclipsing_binary
1518.201062873373,1.0037371,0.0022513752,2353789,eclipsing_binary
1518.2024517910158,1.0012629,0.002250697,2353789,eclipsing_binary
1518.2038407081934,1.0021325,0.0022496355,2353789,eclipsing_binary
1518.2052296253703,1.0026643,0.002251424,2353789,eclipsing_binary
1518.2066185430124,1.0049874,0.0022546218,2353789,eclipsing_binary
1518.2080074601893,1.0051516,0.0022521957,2353789,eclipsing_binary
1518.209396377367,1.0041041,0.002248775,2353789,eclipsing_binary
1518.210785294544,1.0055138,0.002252035,2353789,eclipsing_binary
1518.212174212186,1.0050966,0.0022506781,2353789,eclipsing_binary
1518.213563129363,1.0035481,0.0022492665,2353789,eclipsing_binary
1518.2149520465402,1.0058273,0.0022508434,2353789,eclipsing_binary
1518.216340964183,1.006223,0.002249033,2353789,eclipsing_binary
1518.2177298813601,1.0040808,0.0022489505,2353789,eclipsing_binary
1518.219118798537,1.0042448,0.0022483466,2353789,eclipsing_binary
1518.2205077157132,1.004586,0.0022488115,2353789,eclipsing_binary
1518.221896633356,1.0057229,0.0022491033,2353789,eclipsing_binary
1518.2232855505333,1.0053749,0.0022479726,2353789,eclipsing_binary
1518.2246744677104,1.0067544,0.0022490523,2353789,eclipsing_binary
1518.2260633848866,1.0048101,0.0022482495,2353789,eclipsing_binary
1518.2274523025292,1.0042684,0.0022471894,2353789,eclipsing_binary
1518.228841219707,1.0041852,0.0022465626,2353789,eclipsing_binary
1518.2302301368838,1.0044388,0.0022473868,2353789,eclipsing_binary
1518.2316190540607,1.0081844,0.002250428,2353789,eclipsing_binary
1518.2330079717033,1.0037657,0.002247039,2353789,eclipsing_binary
1518.2357858060575,1.0035466,0.0022441107,2353789,eclipsing_binary
1518.2371747232344,1.0020446,0.0022445908,2353789,eclipsing_binary
1518.238563640877,1.0027182,0.0022450194,2353789,eclipsing_binary
1518.2399525580531,1.0038384,0.0022450774,2353789,eclipsing_binary
1518.2413414752307,1.0019984,0.0022426613,2353789,eclipsing_binary
1518.2427303924085,0.99784863,0.0022411346,2353789,eclipsing_binary
1518.2441193100503,1.007508,0.002246562,2353789,eclipsing_binary
1518.2455082272265,1.0012208,0.0022428068,2353789,eclipsing_binary
1518.2468971444034,1.0050355,0.0022448252,2353789,eclipsing_binary
1518.2482860615812,1.0021871,0.0022424955,2353789,eclipsing_binary
1518.2496749792238,1.0018268,0.0022438357,2353789,eclipsing_binary
1518.2510638964006,1.0085953,0.002246898,2353789,eclipsing_binary
1518.2524528135775,1.0046061,0.002244514,2353789,eclipsing_binary
1518.2538417307546,1.0070251,0.002243836,2353789,eclipsing_binary
1518.2552306479317,1.0058656,0.0022456022,2353789,eclipsing_binary
1518.2566195655743,1.0043676,0.0022441281,2353789,eclipsing_binary
1518.2580084827512,0.9984848,0.0022397493,2353789,eclipsing_binary
1518.2593973999276,1.0032191,0.002244054,2353789,eclipsing_binary
1518.260786317105,1.0061141,0.002243462,2353789,eclipsing_binary
1518.2621752342827,1.0018309,0.0022419745,2353789,eclipsing_binary
1518.2635641519248,1.0043077,0.002242927,2353789,eclipsing_binary
1518.2649530691008,1.000042,0.0022412953,2353789,eclipsing_binary
1518.2663419862777,1.002841,0.0022412667,2353789,eclipsing_binary
1518.2677309034555,1.0059754,0.002243543,2353789,eclipsing_binary
1518.2705087378092,1.0018464,0.0022415114,2353789,eclipsing_binary
1518.273286572629,1.0072548,0.002240379,2353789,eclipsing_binary
1518.274675489806,1.0041252,0.0022401323,2353789,eclipsing_binary
1518.2760644069829,1.0046893,0.0022416043,2353789,eclipsing_binary
1518.2774533241598,1.0033216,0.0022404024,2353789,eclipsing_binary
1518.2788422413362,1.0048954,0.0022417025,2353789,eclipsing_binary
1518.2802311589792,1.0060503,0.002243058,2353789,eclipsing_binary
1518.281620076157,1.0029563,0.0022394485,2353789,eclipsing_binary
1518.2830089933334,1.0039275,0.0022401593,2353789,eclipsing_binary
1518.2843979105094,1.0051218,0.0022379267,2353789,eclipsing_binary
1518.2857868276865,1.0000689,0.0022327097,2353789,eclipsing_binary
1518.287175744864,1.0017331,0.002237369,2353789,eclipsing_binary
1518.2885646625066,1.0014377,0.0022355241,2353789,eclipsing_binary
1518.2899535796835,1.0032992,0.0022373593,2353789,eclipsing_binary
1518.2913424968606,1.002318,0.002237783,2353789,eclipsing_binary
1518.2927314140377,1.0080615,0.0022450841,2353789,eclipsing_binary
1518.294120331215,1.0069699,0.0022408902,2353789,eclipsing_binary
1518.2955092483921,1.0059805,0.002237744,2353789,eclipsing_binary
1518.2968981655683,1.0070049,0.0022383765,2353789,eclipsing_binary
1518.2982870827448,1.0039893,0.0022378003,2353789,eclipsing_binary
1518.299676000388,1.0038034,0.0022375013,2353789,eclipsing_binary
1518.302453834742,1.0042187,0.0022387523,2353789,eclipsing_binary
1518.3038427519189,1.0018847,0.0022349362,2353789,eclipsing_binary
1518.3080095034495,1.0067182,0.0022376378,2353789,eclipsing_binary
1518.3093984206266,1.00245,0.0022352405,2353789,eclipsing_binary
1518.3107873378037,1.0060238,0.0022383889,2353789,eclipsing_binary
1518.3121762549806,1.003259,0.002234766,2353789,eclipsing_binary
1518.314954089801,1.0018299,0.0022320652,2353789,eclipsing_binary
1518.316343006977,1.0050249,0.0022350727,2353789,eclipsing_binary
1518.3177319241533,1.0009218,0.0022320515,2353789,eclipsing_binary
1518.319120841331,1.0033835,0.0022329115,2353789,eclipsing_binary
1518.3205097585085,1.0029213,0.002233505,2353789,eclipsing_binary
1518.321898675685,1.0027678,0.00223356,2353789,eclipsing_binary
1518.3232875928618,1.0001851,0.0022280298,2353789,eclipsing_binary
1518.3260654272156,1.0033048,0.0022312787,2353789,eclipsing_binary
1518.3274543443924,1.0092642,0.0022362147,2353789,eclipsing_binary
1518.3288432615695,1.0006896,0.0022288584,2353789,eclipsing_binary
1518.3302321787467,1.0004926,0.0022285543,2353789,eclipsing_binary
1518.3316210959235,1.0001651,0.0022299138,2353789,eclipsing_binary
1518.333010013101,1.001406,0.0022306733,2353789,eclipsing_binary
1518.3343989302782,0.9991155,0.0022269296,2353789,eclipsing_binary
1518.3357878474542,1.0006531,0.002226992,2353789,eclipsing_binary
1518.3371767646306,1.0017371,0.002229452,2353789,eclipsing_binary
1518.3385656818082,1.0024921,0.0022293192,2353789,eclipsing_binary
1518.3399545989857,0.9993456,0.0022272842,2353789,eclipsing_binary
1518.3413435161622,1.0004985,0.0022264002,2353789,eclipsing_binary
1518.342732433339,0.99890745,0.0022271923,2353789,eclipsing_binary
1518.344121350516,1.0017098,0.0022266952,2353789,eclipsing_binary
1518.3455102681585,0.99885696,0.002225414,2353789,eclipsing_binary
1518.3468991853356,0.99949485,0.0022261292,2353789,eclipsing_binary
1518.3482881025127,1.001836,0.002226887,2353789,eclipsing_binary
1518.3496770196896,0.99907964,0.0022242668,2353789,eclipsing_binary
1518.3510659364008,0.99774724,0.002221611,2353789,eclipsing_binary
1518.3524548535786,1.0022905,0.0022273373,2353789,eclipsing_binary
1518.3538437707555,1.0051159,0.002227721,2353789,eclipsing_binary
1518.3552326879314,1.0004263,0.0022290724,2353789,eclipsing_binary
1518.3566216051086,1.0015799,0.0022273695,2353789,eclipsing_binary
1518.3580105222861,1.0010306,0.0022237431,2353789,eclipsing_binary
1518.359399439463,1.0019288,0.0022266218,2353789,eclipsing_binary
1518.3607883566394,0.99862486,0.002223022,2353789,eclipsing_binary
1518.3621772738163,1.0006031,0.0022252772,2353789,eclipsing_binary
1518.3635661909932,1.0035665,0.002225433,2353789,eclipsing_binary
1518.36495510817,1.0042728,0.0022275697,2353789,eclipsing_binary
1518.3677329425248,1.0057778,0.0022283695,2353789,eclipsing_binary
1518.3691218597012,1.0044647,0.0022252547,2353789,eclipsing_binary
1518.370510776878,0.9990646,0.0022231708,2353789,eclipsing_binary
1518.3718996940559,1.0011476,0.0022238314,2353789,eclipsing_binary
1518.3732886112327,1.0018646,0.0022230672,2353789,eclipsing_binary
1518.374677528409,1.0014255,0.0022240188,2353789,eclipsing_binary
1518.376066445586,0.9998017,0.002219919,2353789,eclipsing_binary
1518.3774553627634,1.0084416,0.0022256505,2353789,eclipsing_binary
1518.3788442799403,1.0042868,0.00222494,2353789,eclipsing_binary
1518.3802331971167,1.0003927,0.0022205894,2353789,eclipsing_binary
1518.381622113828,0.9992177,0.0022196705,2353789,eclipsing_binary
1518.3830110310048,1.000451,0.0022214404,2353789,eclipsing_binary
1518.384399948182,1.0030801,0.002223353,2353789,eclipsing_binary
1518.3857888653595,0.99970186,0.002220163,2353789,eclipsing_binary
1518.3871777825364,1.0013182,0.0022200886,2353789,eclipsing_binary
1518.3885666997128,0.9993859,0.002220357,2353789,eclipsing_binary
1518.3899556168897,1.0017081,0.002219445,2353789,eclipsing_binary
1518.3913445340675,1.0002997,0.0022191983,2353789,eclipsing_binary
1518.3927334512443,0.9976332,0.002217836,2353789,eclipsing_binary
1518.3941223684205,1.003143,0.0022202358,2353789,eclipsing_binary
1518.395511285132,1.002571,0.002219847,2353789,eclipsing_binary
1518.3969002023093,1.0018921,0.002218164,2353789,eclipsing_binary
1518.3982891194864,1.001446,0.0022199443,2353789,eclipsing_binary
1518.3996780366626,1.0003792,0.002218606,2353789,eclipsing_binary
1518.4010669538395,0.9980664,0.0022162169,2353789,eclipsing_binary
1518.4024558710164,0.9982374,0.0022171342,2353789,eclipsing_binary
1518.4038447881935,1.0016326,0.002220087,2353789,eclipsing_binary
1518.4052337049054,0.9956774,0.0022131596,2353789,eclipsing_binary
1518.4080115392587,1.0022098,0.0022184378,2353789,eclipsing_binary
1518.4094004564356,0.9972726,0.0022162856,2353789,eclipsing_binary
1518.4107893736134,1.0004514,0.0022167638,2353789,eclipsing_binary
1518.413567207501,0.99775195,0.0022159223,2353789,eclipsing_binary
1518.4163450418553,1.0004445,0.0022148364,2353789,eclipsing_binary
1518.4191228762095,0.9998696,0.0022148727,2353789,eclipsing_binary
1518.4205117933864,1.0009775,0.0022152574,2353789,eclipsing_binary
1518.421900710097,0.99995816,0.002215726,2353789,eclipsing_binary
1518.423289627274,0.9966323,0.002210523,2353789,eclipsing_binary
1518.4246785444514,0.9997811,0.002213082,2353789,eclipsing_binary
1518.4260674616285,1.0009567,0.0022148394,2353789,eclipsing_binary
1518.4274563788047,1.0005312,0.002214018,2353789,eclipsing_binary
1518.4316231298706,1.0012693,0.0022153673,2353789,eclipsing_binary
1518.433012047047,1.0021861,0.0022140676,2353789,eclipsing_binary
1518.4344009637582,1.003625,0.0022152278,2353789,eclipsing_binary
1518.4357898809358,0.9998519,0.0022150578,2353789,eclipsing_binary
1518.4371787981129,0.99619454,0.0022105915,2353789,eclipsing_binary
1518.4385677152898,0.99602586,0.0022096108,2353789,eclipsing_binary
1518.4413455491772,0.99886495,0.0022120045,2353789,eclipsing_binary
1518.4441233835316,0.99987775,0.002210665,2353789,eclipsing_binary
1518.445512300243,1.0020214,0.0022131996,2353789,eclipsing_binary
1518.4469012174193,1.0011479,0.0022122988,2353789,eclipsing_binary
1518.448290134597,0.9972278,0.0022102783,2353789,eclipsing_binary
1518.4496790517746,0.9995002,0.0022112112,2353789,eclipsing_binary
1518.4510679684852,1.0034195,0.002213982,2353789,eclipsing_binary
1518.4524568856616,1.0026715,0.0022125342,2353789,eclipsing_binary
1518.4538458028385,0.9975913,0.0022104508,2353789,eclipsing_binary
1518.4552347195504,0.99629146,0.002209735,2353789,eclipsing_binary
1518.4566236367275,0.9962916,0.0022105519,2353789,eclipsing_binary
1518.4580125539044,0.9972025,0.0022101623,2353789,eclipsing_binary
1518.4594014710813,0.9971604,0.0022090531,2353789,eclipsing_binary
1518.466346056034,0.9984188,0.0022084774,2353789,eclipsing_binary
1518.4677349732117,0.99723756,0.0022095796,2353789,eclipsing_binary
1518.4705128070998,1.0046802,0.002213554,2353789,eclipsing_binary
1518.4719017242762,0.9999388,0.0022103512,2353789,eclipsing_binary
1518.4732906409874,0.9985958,0.0022090985,2353789,eclipsing_binary
1518.4746795581652,1.00098,0.0022115821,2353789,eclipsing_binary
1518.4760684753421,0.99335355,0.0022079847,2353789,eclipsing_binary
1518.4774573920533,0.99712247,0.0022080836,2353789,eclipsing_binary
1518.4788463092302,0.9995833,0.002209734,2353789,eclipsing_binary
1518.480235225941,0.99911565,0.002209079,2353789,eclipsing_binary
1518.4816241431183,0.99742186,0.002209138,2353789,eclipsing_binary
1518.4830130602961,1.0016906,0.0022145247,2353789,eclipsing_binary
1518.4844019770069,0.9991744,0.002209494,2353789,eclipsing_binary
1518.4857908941829,1.0010924,0.002210027,2353789,eclipsing_binary
1518.4871798113606,0.99772936,0.002206933,2353789,eclipsing_binary
1518.4885687280728,1.0025936,0.00221104,2353789,eclipsing_binary
1518.4899576452488,0.99554753,0.0022047656,2353789,eclipsing_binary
1518.49134656196,1.0004,0.0022093335,2353789,eclipsing_binary
1518.492735479137,0.9996112,0.002208504,2353789,eclipsing_binary
1518.4941243963142,1.0039698,0.0022113859,2353789,eclipsing_binary
1518.4955133130254,0.9985224,0.0022077668,2353789,eclipsing_binary
1518.4969022302023,1.0031672,0.0022100639,2353789,eclipsing_binary
1518.4982911469135,0.9985504,0.0022083886,2353789,eclipsing_binary
1518.49968006409,0.9992729,0.0022091877,2353789,eclipsing_binary
1518.5010689808018,0.9995064,0.0022064063,2353789,eclipsing_binary
1518.5024578979794,1.000198,0.0022096937,2353789,eclipsing_binary
1518.5038468151558,1.0018307,0.0022112418,2353789,eclipsing_binary
1518.5052357318662,0.99936295,0.0022065688,2353789,eclipsing_binary
1518.506624649044,1.0015463,0.0022087086,2353789,eclipsing_binary
1518.508013565756,0.9989999,0.0022068978,2353789,eclipsing_binary
1518.509402482932,0.99725664,0.0022052212,2353789,eclipsing_binary
1518.5107913996435,0.9965766,0.0022054233,2353789,eclipsing_binary
1518.5121803168206,0.99856913,0.0022054312,2353789,eclipsing_binary
1518.5135692335318,0.9958206,0.0022060785,2353789,eclipsing_binary
1518.5149581507087,1.0013664,0.0022072026,2353789,eclipsing_binary
1518.51634706742,0.9951753,0.0022031036,2353789,eclipsing_binary
1518.5177359845968,1.0028551,0.0022094427,2353789,eclipsing_binary
1518.5191249013076,0.9984785,0.0022031632,2353789,eclipsing_binary
1518.5205138184851,1.0004988,0.0022082198,2353789,eclipsing_binary
1518.521902735197,1.0016739,0.002206672,2353789,eclipsing_binary
1518.5232916523735,1.0003134,0.002207722,2353789,eclipsing_binary
1518.524680569084,0.99718046,0.0022056045,2353789,eclipsing_binary
1518.5260694862616,0.9986573,0.0022059504,2353789,eclipsing_binary
1518.5274584029737,0.99715424,0.0022062885,2353789,eclipsing_binary
1518.5288473201497,0.9995362,0.0022055856,2353789,eclipsing_binary
1518.5302362368611,1.0023216,0.002207777,2353789,eclipsing_binary
1518.5316251540382,0.99928373,0.0022078434,2353789,eclipsing_binary
1518.5330140707495,0.9993498,0.0022056755,2353789,eclipsing_binary
1518.5344029879263,0.9984727,0.0022048575,2353789,eclipsing_binary
1518.5357919046376,1.0019261,0.0022068464,2353789,eclipsing_binary
1518.5371808218144,0.99853283,0.0022047688,2353789,eclipsing_binary
1518.5385697385252,0.9979054,0.0022047681,2353789,eclipsing_binary
1518.5399586552371,0.9979266,0.0022065393,2353789,eclipsing_binary
1518.5413475724147,0.99746543,0.0022063525,2353789,eclipsing_binary
1518.5427364891254,1.0010719,0.0022078764,2353789,eclipsing_binary
1518.5441254063016,1.0004315,0.002206365,2353789,eclipsing_binary
1518.5455143230135,1.0010958,0.0022079183,2353789,eclipsing_binary
1518.5469032401913,1.0041149,0.002207837,2353789,eclipsing_binary
1518.5482921569019,0.9982949,0.0022055195,2353789,eclipsing_binary
1518.5496810736133,0.9983983,0.0022047411,2353789,eclipsing_binary
1518.5510699907902,0.9985749,0.0022044643,2353789,eclipsing_binary
1518.5524589075014,1.0032324,0.0022087963,2353789,eclipsing_binary
1518.5538478246792,0.9990623,0.0022049856,2353789,eclipsing_binary
1518.5552367413904,0.9989571,0.0022080436,2353789,eclipsing_binary
1518.5566256581008,0.9983971,0.0022077174,2353789,eclipsing_binary
1518.5580145752772,1.0014704,0.0022080105,2353789,eclipsing_binary
1518.5594034919893,1.0007191,0.0022066687,2353789,eclipsing_binary
1518.5607924091667,1.0018628,0.0022078524,2353789,eclipsing_binary
1518.5621813258774,0.99686635,0.0022060792,2353789,eclipsing_binary
1518.5635702425886,1.0000412,0.0022060953,2353789,eclipsing_binary
1518.5649591597664,0.9986045,0.00220755,2353789,eclipsing_binary
1518.5663480764777,1.0007937,0.002205981,2353789,eclipsing_binary
1518.5677369931882,0.9999854,0.0022060587,2353789,eclipsing_binary
1518.5691259103653,0.9949757,0.002201943,2353789,eclipsing_binary
1518.5705148270765,1.0035143,0.0022074392,2353789,eclipsing_binary
1518.5719037437877,0.99959844,0.0022054133,2353789,eclipsing_binary
1518.5732926609655,0.99839556,0.002205276,2353789,eclipsing_binary
1518.5746815776768,0.9950948,0.0022028647,2353789,eclipsing_binary
1518.5760704943873,1.0006913,0.0022060145,2353789,eclipsing_binary
1518.5774594115635,0.99667615,0.0022047479,2353789,eclipsing_binary
1518.5788483282756,1.0006262,0.0022058638,2353789,eclipsing_binary
1518.5802372449873,1.000345,0.0022056005,2353789,eclipsing_binary
1518.581626161698,1.0023987,0.0022081877,2353789,eclipsing_binary
1518.583015078875,1.0053984,0.0022118264,2353789,eclipsing_binary
1518.5871818294747,1.0014364,0.002209436,2353789,eclipsing_binary
1518.588570746186,0.9991028,0.002202553,2353789,eclipsing_binary
1518.5899596628972,0.99432117,0.0022025018,2353789,eclipsing_binary
1518.5913485796084,0.9988156,0.0022021988,2353789,eclipsing_binary
1518.5927374967862,0.9993394,0.0022056813,2353789,eclipsing_binary
1518.5941264134974,0.99486667,0.0022006165,2353789,eclipsing_binary
1518.595515330208,1.000419,0.0022058925,2353789,eclipsing_binary
1518.5969042469185,0.9982159,0.0022037986,2353789,eclipsing_binary
1518.5982931640963,0.99988407,0.0022060103,2353789,eclipsing_binary
1518.5996820808082,1.0015169,0.0022062545,2353789,eclipsing_binary
1518.60245991423,0.99512345,0.002203839,2353789,eclipsing_binary
1518.6038488314077,0.9974791,0.0022040263,2353789,eclipsing_binary
1518.605237748119,1.0000166,0.0022063043,2353789,eclipsing_binary
1518.6066266648297,1.001992,0.0022057316,2353789,eclipsing_binary
1518.608015581541,0.99942046,0.0022054529,2353789,eclipsing_binary
1518.6094044982522,0.99867946,0.0022044037,2353789,eclipsing_binary
1518.610793415429,1.0002005,0.0022045309,2353789,eclipsing_binary
1518.6135712488524,0.99971324,0.002207137,2353789,eclipsing_binary
1518.6149601655632,0.99692285,0.0022035858,2353789,eclipsing_binary
1518.6163490822735,0.99567974,0.0022017213,2353789,eclipsing_binary
1518.6177379994513,0.9983293,0.0022048156,2353789,eclipsing_binary
1518.6191269161632,0.9986943,0.002205938,2353789,eclipsing_binary
1518.6205158328737,0.9972162,0.0022036731,2353789,eclipsing_binary
1518.621904749585,0.9983235,0.0022040629,2353789,eclipsing_binary
1518.623293666297,1.00037,0.0022053896,2353789,eclipsing_binary
1518.6246825830083,1.0015956,0.0022047164,2353789,eclipsing_binary
1518.6260715001847,0.9980296,0.00220197,2353789,eclipsing_binary
1518.627460416896,0.9968936,0.0022024289,2353789,eclipsing_binary
1518.6288493336071,1.0034113,0.0022080832,2353789,eclipsing_binary
1518.6302382503184,1.001804,0.0022072066,2353789,eclipsing_binary
1518.6316271670305,0.99998075,0.0022051611,2353789,eclipsing_binary
1518.6330160837417,0.9981703,0.0022043902,2353789,eclipsing_binary
1518.6344050004525,1.0008749,0.0022069025,2353789,eclipsing_binary
1518.6357939171637,1.0010592,0.0022074166,2353789,eclipsing_binary
1518.6371828343413,0.99743146,0.0022056478,2353789,eclipsing_binary
1518.6385717510527,1.0041281,0.0022078736,2353789,eclipsing_binary
1518.639960667763,0.9987178,0.0022048529,2353789,eclipsing_binary
1518.6413495844743,1.0019902,0.0022082028,2353789,eclipsing_binary
1518.6427385011864,1.0022249,0.0022077563,2353789,eclipsing_binary
1518.6441274178976,0.9997831,0.0022062736,2353789,eclipsing_binary
1518.6455163346088,1.001471,0.0022086084,2353789,eclipsing_binary
1518.6469052513203,1.0009284,0.0022038568,2353789,eclipsing_binary
1518.6482941680308,0.9972871,0.0022041206,2353789,eclipsing_binary
1518.649683084742,0.9995305,0.002206852,2353789,eclipsing_binary
1518.6510720014542,0.9990601,0.0022036235,2353789,eclipsing_binary
1518.6524609181654,0.99662733,0.002201376,2353789,eclipsing_binary
1518.6538498348762,1.0000576,0.002206293,2353789,eclipsing_binary
1518.6566276682993,0.998828,0.0022045183,2353789,eclipsing_binary
1518.659405501721,0.99902713,0.0022045763,2353789,eclipsing_binary
1518.6607944188981,0.9998405,0.002208614,2353789,eclipsing_binary
1518.66218333561,0.9981952,0.0022042433,2353789,eclipsing_binary
1518.6635722523213,0.99816585,0.002206085,2353789,eclipsing_binary
1518.6649611690327,0.99397886,0.002203409,2353789,eclipsing_binary
1518.6663500857442,0.99969196,0.002204134,2353789,eclipsing_binary
1518.6677390024545,0.9984774,0.002203882,2353789,eclipsing_binary
1518.6705168354122,0.9978549,0.0022034184,2353789,eclipsing_binary
1518.6719057521234,1.0010061,0.0022048368,2353789,eclipsing_binary
1518.6732946688342,0.99680007,0.0022019483,2353789,eclipsing_binary
1518.6746835855454,0.99740714,0.0022060717,2353789,eclipsing_binary
1518.6760725022575,0.99941534,0.002206749,2353789,eclipsing_binary
1518.6774614189687,0.9989658,0.0022042727,2353789,eclipsing_binary
1518.678850335679,1.0020025,0.0022066683,2353789,eclipsing_binary
1518.6802392523905,1.0019518,0.0022069465,2353789,eclipsing_binary
1518.6816281691024,0.9980388,0.0022049411,2353789,eclipsing_binary
1518.6830170858136,0.9981667,0.002206108,2353789,eclipsing_binary
1518.6885727526583,1.0041531,0.0022121067,2353789,eclipsing_binary
1518.6899616693702,1.0013915,0.0022064887,2353789,eclipsing_binary
1518.6913505860814,0.99908394,0.0022068904,2353789,eclipsing_binary
1518.6927395027922,0.99943876,0.0022054142,2353789,eclipsing_binary
1518.6941284190377,1.0014788,0.002206522,2353789,eclipsing_binary
1518.6955173357499,1.0009528,0.0022069276,2353789,eclipsing_binary
1518.696906252461,0.99955904,0.0022072853,2353789,eclipsing_binary
1518.6982951691716,0.99959743,0.0022058063,2353789,eclipsing_binary
1518.699684085883,0.9981931,0.0022050666,2353789,eclipsing_binary
1518.7010730025947,0.9987712,0.002203091,2353789,eclipsing_binary
1518.7024619193062,0.99685836,0.0022044363,2353789,eclipsing_binary
1518.7038508360176,0.99922776,0.0022063565,2353789,eclipsing_binary
1518.7052397522632,1.0017265,0.0022049341,2353789,eclipsing_binary
1518.7066286689735,1.0026819,0.0022082266,2353789,eclipsing_binary
1518.708017585685,0.9980304,0.0022029395,2353789,eclipsing_binary
1518.7094065023969,1.0024576,0.0022063858,2353789,eclipsing_binary
1518.710795419108,0.99912614,0.002205003,2353789,eclipsing_binary
1518.7149621687765,0.99506825,0.002201333,2353789,eclipsing_binary
1518.7163510854878,0.9989649,0.002205506,2353789,eclipsing_binary
1518.7177400021983,0.9966272,0.0022043635,2353789,eclipsing_binary
1518.7191289189097,0.9948427,0.0022012761,2353789,eclipsing_binary
1518.7205178351558,0.9901471,0.0021985017,2353789,eclipsing_binary
1518.7260735020004,0.9895662,0.0021986715,2353789,eclipsing_binary
1518.7274624182467,0.99101645,0.0021974463,2353789,eclipsing_binary
1518.7288513349588,0.9881608,0.0021960652,2353789,eclipsing_binary
1518.730240251669,0.9899136,0.002199806,2353789,eclipsing_binary
1518.7316291683799,0.9848216,0.00219418,2353789,eclipsing_binary
1518.7330180846254,0.98447645,0.002194115,2353789,eclipsing_binary
1518.7344070013376,0.9807533,0.002190592,2353789,eclipsing_binary
1518.7357959180488,0.9819493,0.0021927168,2353789,eclipsing_binary
1518.73718483476,0.9829956,0.002189589,2353789,eclipsing_binary
1518.7385737510056,0.9831476,0.0021936004,2353789,eclipsing_binary
1518.739962667717,0.9800599,0.0021899727,2353789,eclipsing_binary
1518.7413515844285,0.97811973,0.0021886162,2353789,eclipsing_binary
1518.742740500674,0.97854596,0.002189368,2353789,eclipsing_binary
1518.7441294173852,0.9789637,0.002188975,2353789,eclipsing_binary
1518.7455183340958,0.9720995,0.0021863359,2353789,eclipsing_binary
1518.7469072508077,0.9787529,0.0021909887,2353789,eclipsing_binary
1518.7482961670541,0.97625965,0.0021875347,2353789,eclipsing_binary
1518.7496850837647,0.9772867,0.0021883538,2353789,eclipsing_binary
1518.7510740004752,0.9747215,0.0021868073,2353789,eclipsing_binary
1518.7524629167208,0.9756871,0.0021865438,2353789,eclipsing_binary
1518.753851833433,0.9707353,0.0021826976,2353789,eclipsing_binary
1518.7552407501441,0.97405076,0.0021893112,2353789,eclipsing_binary
1518.7566296663897,0.97344327,0.0021876895,2353789,eclipsing_binary
1518.758018583101,0.9720673,0.0021845635,2353789,eclipsing_binary
1518.7594074998124,0.97327167,0.0021853645,2353789,eclipsing_binary
1518.7607964160582,0.9695953,0.0021832525,2353789,eclipsing_binary
1518.7621853327694,0.97112256,0.002183311,2353789,eclipsing_binary
1518.763574249015,0.97522336,0.0021858807,2353789,eclipsing_binary
1518.7649631657257,0.96703476,0.002179165,2353789,eclipsing_binary
1518.7663520824374,0.9745437,0.0021880695,2353789,eclipsing_binary
1518.7677409986838,0.97432923,0.0021859999,2353789,eclipsing_binary
1518.7691299153944,0.97374845,0.0021850052,2353789,eclipsing_binary
1518.7705188316393,0.9718694,0.0021854371,2353789,eclipsing_binary
1518.7719077483505,0.9715643,0.002183599,2353789,eclipsing_binary
1518.7732966650626,0.973332,0.0021856397,2353789,eclipsing_binary
1518.7746855813082,0.97083473,0.002182236,2353789,eclipsing_binary
1518.7760744980194,0.9786718,0.0021873116,2353789,eclipsing_binary
1518.7774634142652,0.974383,0.0021860513,2353789,eclipsing_binary
1518.7788523309766,0.97632974,0.002186704,2353789,eclipsing_binary
1518.7802412476879,0.9746528,0.002185431,2353789,eclipsing_binary
1518.7816301639334,0.9772288,0.002188901,2353789,eclipsing_binary
1518.7830190806446,0.9822021,0.0021917054,2353789,eclipsing_binary
1518.7844079968897,0.9797927,0.0021901426,2353789,eclipsing_binary
1518.7857969136014,0.977744,0.002188969,2353789,eclipsing_binary
1518.7871858298479,0.9772121,0.0021900893,2353789,eclipsing_binary
1518.7885747465587,0.97996897,0.002192097,2353789,eclipsing_binary
1518.7899636628033,0.979541,0.0021898753,2353789,eclipsing_binary
1518.7913525795145,0.98495865,0.0021937292,2353789,eclipsing_binary
1518.792741495761,0.983278,0.0021902353,2353789,eclipsing_binary
1518.7941304124722,0.98260343,0.0021919836,2353789,eclipsing_binary
1518.7955193287178,0.98468345,0.0021950323,2353789,eclipsing_binary
1518.7969082454292,0.9869992,0.0021945827,2353789,eclipsing_binary
1518.7996860783862,0.9867596,0.00219589,2353789,eclipsing_binary
1518.8010749946318,0.9850468,0.002193892,2353789,eclipsing_binary
1518.802463911343,0.9864408,0.0021956393,2353789,eclipsing_binary
1518.8038528275881,0.9900476,0.0021985155,2353789,eclipsing_binary
1518.8052417443,0.99610674,0.002201379,2353789,eclipsing_binary
1518.8066306605463,0.9911433,0.0021992493,2353789,eclipsing_binary
1518.808019577257,0.99189556,0.0022000603,2353789,eclipsing_binary
1518.8094084935017,0.9967797,0.0022031693,2353789,eclipsing_binary
1518.8107974102131,0.99543256,0.002202335,2353789,eclipsing_binary
1518.8121863264594,0.99566334,0.0022018624,2353789,eclipsing_binary
1518.813575242705,0.9997233,0.002205278,2353789,eclipsing_binary
1518.8149641594164,0.9982469,0.002203449,2353789,eclipsing_binary
1518.8163530756622,0.99710816,0.0022037558,2353789,eclipsing_binary
1518.8177419923734,1.0015208,0.002206387,2353789,eclipsing_binary
1518.819130908619,0.99952966,0.0022060415,2353789,eclipsing_binary
1518.8205198248645,0.9964787,0.0022015844,2353789,eclipsing_binary
1518.8219087415757,0.99954313,0.0022046762,2353789,eclipsing_binary
1518.8232976578208,0.9950131,0.0022033465,2353789,eclipsing_binary
1518.8246865745327,0.9954491,0.0022018102,2353789,eclipsing_binary
1518.826075490779,0.99801594,0.002204875,2353789,eclipsing_binary
1518.827464407024,1.0018449,0.0022069362,2353789,eclipsing_binary
1518.8288533237353,0.9979687,0.0022041767,2353789,eclipsing_binary
1518.8302422399809,0.99709946,0.002204919,2353789,eclipsing_binary
1518.8316311562264,0.9984755,0.0022045325,2353789,eclipsing_binary
1518.8330200729376,1.00063,0.0022071674,2353789,eclipsing_binary
1518.8344089891834,1.0020424,0.0022063332,2353789,eclipsing_binary
1518.8357979058949,0.99364716,0.0022008568,2353789,eclipsing_binary
1518.8371868221404,0.99034905,0.002199013,2353789,eclipsing_binary
1518.8385757383867,0.99881107,0.0022041006,2353789,eclipsing_binary
1518.8399646546325,0.99827766,0.0022037933,2353789,eclipsing_binary
1518.8413535713428,0.9966038,0.0022043127,2353789,eclipsing_binary
1518.8427424875879,0.99438334,0.0021980875,2353789,eclipsing_binary
1518.8441314038341,0.9980205,0.0022050145,2353789,eclipsing_binary
1518.845520320546,0.9948711,0.0022032287,2353789,eclipsing_binary
1518.8469092367911,0.99588794,0.0022028012,2353789,eclipsing_binary
1518.8482981530367,0.99834615,0.002204498,2353789,eclipsing_binary
1518.849687069748,0.9989473,0.002204762,2353789,eclipsing_binary
1518.8510759859935,0.9991399,0.0022050196,2353789,eclipsing_binary
1518.8524649022393,0.99718374,0.0022028089,2353789,eclipsing_binary
1518.853853818485,0.9946246,0.0022026573,2353789,eclipsing_binary
1518.8552427351963,0.9951442,0.0022028363,2353789,eclipsing_binary
1518.8566316514418,0.99358994,0.0022008924,2353789,eclipsing_binary
1518.858020567688,0.99389964,0.0022009609,2353789,eclipsing_binary
1518.8594094839339,0.9959698,0.0022033537,2353789,eclipsing_binary
1518.8607984006442,0.9981512,0.00220483,2353789,eclipsing_binary
1518.8621873168893,0.9973953,0.0022048983,2353789,eclipsing_binary
1518.8635762331357,0.9922461,0.0022014955,2353789,eclipsing_binary
1518.8649651493818,0.9959086,0.0022042883,2353789,eclipsing_binary
1518.8663540660925,0.9937657,0.002201672,2353789,eclipsing_binary
1518.867742982338,0.99741125,0.0022030952,2353789,eclipsing_binary
1518.8691318985836,0.99774987,0.0022044906,2353789,eclipsing_binary
1518.8705208148292,0.9956583,0.002203511,2353789,eclipsing_binary
1518.871909731075,0.99382114,0.0022001516,2353789,eclipsing_binary
1518.8732986477864,0.996045,0.0022030922,2353789,eclipsing_binary
1518.874687564032,0.99279773,0.0021999408,2353789,eclipsing_binary
1518.8760764802769,0.99727124,0.0022040915,2353789,eclipsing_binary
1518.8774653965231,0.99125934,0.0021997923,2353789,eclipsing_binary
1518.8788543127696,1.000955,0.0022073598,2353789,eclipsing_binary
1518.8802432290142,0.99828774,0.002204052,2353789,eclipsing_binary
1518.881632145725,0.9988696,0.002204326,2353789,eclipsing_binary
1518.8830210619715,0.99221396,0.002200657,2353789,eclipsing_binary
1518.8844099782175,0.99823,0.002205247,2353789,eclipsing_binary
1518.8857988944626,0.9983256,0.0022048044,2353789,eclipsing_binary
1518.8871878107082,0.99474317,0.0022000058,2353789,eclipsing_binary
1518.8885767269537,0.9961491,0.002203737,2353789,eclipsing_binary
1518.8899656431995,0.9953139,0.0022010936,2353789,eclipsing_binary
1518.8913545594453,0.99761784,0.0022028857,2353789,eclipsing_binary
1518.8927434761565,0.99665815,0.0022022522,2353789,eclipsing_binary
1518.894132392402,0.9957884,0.0022022468,2353789,eclipsing_binary
1518.895521308647,1.00391,0.002209204,2353789,eclipsing_binary
1518.8969102248932,0.9902291,0.0021985455,2353789,eclipsing_binary
1518.8982991411397,0.9982073,0.0022069397,2353789,eclipsing_binary
1518.8996880573845,0.9967515,0.0022007136,2353789,eclipsing_binary
1518.9010769736294,0.9988986,0.0022046475,2353789,eclipsing_binary
1518.9024658898759,0.99497914,0.0022033725,2353789,eclipsing_binary
1518.9038548061221,0.99634194,0.00220335,2353789,eclipsing_binary
1518.905243722367,0.9963634,0.0022022803,2353789,eclipsing_binary
1518.9066326386126,1.0000256,0.0022060703,2353789,eclipsing_binary
1518.9080215548581,0.9928968,0.0022018196,2353789,eclipsing_binary
1518.909410471104,0.99753183,0.002203802,2353789,eclipsing_binary
1518.9107993873497,0.99915487,0.0022062012,2353789,eclipsing_binary
1518.9135772198408,0.99752676,0.002203674,2353789,eclipsing_binary
1518.914966136086,0.9962663,0.002202597,2353789,eclipsing_binary
1518.916355052332,0.99734205,0.0022028077,2353789,eclipsing_binary
1518.9177439685784,0.9946262,0.002203681,2353789,eclipsing_binary
1518.9191328848233,0.9985122,0.0022053097,2353789,eclipsing_binary
1518.9205218010682,1.0005429,0.0022058932,2353789,eclipsing_binary
1518.9219107173146,0.99559623,0.0022025746,2353789,eclipsing_binary
1518.9232996335609,0.9986231,0.0022041067,2353789,eclipsing_binary
1518.9246885498058,0.9987416,0.0022050154,2353789,eclipsing_binary
1518.9260774660513,0.9959702,0.0022022016,2353789,eclipsing_binary
1518.927466382297,0.99450415,0.0022028082,2353789,eclipsing_binary
1518.9288552985429,0.99796414,0.0022039765,2353789,eclipsing_binary
1518.9302442147884,0.9988666,0.0022059144,2353789,eclipsing_binary
1518.931633131034,1.0004333,0.0022066399,2353789,eclipsing_binary
1518.9330220472796,0.9958405,0.0022026387,2353789,eclipsing_binary
1518.9344109635247,0.9991213,0.0022071318,2353789,eclipsing_binary
1518.9357998797707,0.99931884,0.0022040734,2353789,eclipsing_binary
1518.9371887960172,0.99789727,0.0022044545,2353789,eclipsing_binary
1518.9385777122623,0.99630153,0.0022027993,2353789,eclipsing_binary
1518.939966628507,1.0005254,0.0022054294,2353789,eclipsing_binary
1518.9413555447534,0.99820423,0.0022052063,2353789,eclipsing_binary
1518.9427444609998,1.0059028,0.002212862,2353789,eclipsing_binary
1518.9441333767788,0.99853003,0.002206108,2353789,eclipsing_binary
1518.9455222930244,0.99671245,0.0022011497,2353789,eclipsing_binary
1518.9469112092702,0.99702907,0.0022047807,2353789,eclipsing_binary
1518.948300125516,0.99856305,0.0022037732,2353789,eclipsing_binary
1518.9496890417615,0.9996109,0.0022043185,2353789,eclipsing_binary
1518.951077958007,0.9983864,0.0022048084,2353789,eclipsing_binary
1518.9524668742527,0.9985112,0.0022045143,2353789,eclipsing_binary
1518.953855790032,0.9952571,0.0022012952,2353789,eclipsing_binary
1518.9552447062783,0.99685216,0.002204313,2353789,eclipsing_binary
1518.9566336225246,0.99623066,0.0022027995,2353789,eclipsing_binary
1518.9580225387697,0.997414,0.002202396,2353789,eclipsing_binary
1518.9594114550152,0.994055,0.0022021036,2353789,eclipsing_binary
1518.9608003712615,1.0006723,0.002208313,2353789,eclipsing_binary
1518.9621892870416,0.99675745,0.0022020263,2353789,eclipsing_binary
1518.9635782032863,0.99439806,0.0021999883,2353789,eclipsing_binary
1518.964967119532,0.9997025,0.002204011,2353789,eclipsing_binary
1518.9663560357778,0.9959159,0.0022050852,2353789,eclipsing_binary
1518.9677449520234,1.0013301,0.0022056608,2353789,eclipsing_binary
1518.9691338678037,0.99468374,0.0022026326,2353789,eclipsing_binary
1518.9705227840495,1.0008304,0.0022067497,2353789,eclipsing_binary
1518.9719117002944,0.9970043,0.0022035162,2353789,eclipsing_binary
1518.9733006165395,0.9995383,0.0022057092,2353789,eclipsing_binary
1518.9746895327858,0.9984504,0.002204069,2353789,eclipsing_binary
1518.9760784485663,0.99765426,0.0022040736,2353789,eclipsing_binary
1518.9774673648114,1.0000951,0.0022047476,2353789,eclipsing_binary
1518.978856281057,0.99956965,0.0022065176,2353789,eclipsing_binary
1518.9802451973035,1.0000622,0.0022046943,2353789,eclipsing_binary
1518.9816341130834,0.9998271,0.0022059428,2353789,eclipsing_binary
1518.983023029328,1.000779,0.0022053039,2353789,eclipsing_binary
1518.9844119455738,1.0006146,0.0022054976,2353789,eclipsing_binary
1518.985800861354,1.000922,0.0022063693,2353789,eclipsing_binary
1518.9871897775995,1.0008541,0.002204648,2353789,eclipsing_binary
1518.9885786938457,0.9985061,0.0022062093,2353789,eclipsing_binary
1518.9899676100915,0.99909246,0.0022049793,2353789,eclipsing_binary
1518.9913565258705,1.0020251,0.002207345,2353789,eclipsing_binary
1518.9927454421156,1.003919,0.0022071896,2353789,eclipsing_binary
1518.9941343583619,0.9979875,0.0022054152,2353789,eclipsing_binary
1518.9955232741424,1.0002329,0.0022054382,2353789,eclipsing_binary
1518.9969121903875,0.9982562,0.0022033255,2353789,eclipsing_binary
1518.998301106633,1.0011302,0.002207254,2353789,eclipsing_binary
1518.999690022414,0.99999315,0.002205318,2353789,eclipsing_binary
1519.0010789386595,1.0015115,0.0022061707,2353789,eclipsing_binary
1519.0024678544387,1.0023991,0.0022075602,2353789,eclipsing_binary
1519.0038567706845,1.0024248,0.0022057714,2353789,eclipsing_binary
1519.00524568693,1.0002785,0.0022060138,2353789,eclipsing_binary
1519.00663460271,0.9971795,0.0022049365,2353789,eclipsing_binary
1519.0080235189562,0.9982165,0.0022050133,2353789,eclipsing_binary
1519.009412435202,1.0000577,0.0022081533,2353789,eclipsing_binary
1519.010801350981,1.0014743,0.0022074615,2353789,eclipsing_binary
1519.012190267226,1.0012147,0.002207163,2353789,eclipsing_binary
1519.0135791830069,0.998996,0.00220761,2353789,eclipsing_binary
1519.0149680992529,1.0029174,0.0022107023,2353789,eclipsing_binary
1519.016357015498,1.000039,0.0022067204,2353789,eclipsing_binary
1519.017745931278,0.99894416,0.0022050138,2353789,eclipsing_binary
1519.0191348475244,1.0002383,0.0022062813,2353789,eclipsing_binary
1519.0205237633043,0.9989391,0.0022072785,2353789,eclipsing_binary
1519.0219126795491,1.00157,0.0022068247,2353789,eclipsing_binary
1519.0233015953293,0.9988475,0.0022045712,2353789,eclipsing_binary
1519.0246905115748,1.0055295,0.0022115926,2353789,eclipsing_binary
1519.0260794273547,1.0008385,0.0022058564,2353789,eclipsing_binary
1519.0274683436012,1.002409,0.0022075484,2353789,eclipsing_binary
1519.0288572598467,1.0034503,0.002207376,2353789,eclipsing_binary
1519.0302461756257,0.9998871,0.0022046298,2353789,eclipsing_binary
1519.0316350918708,1.001772,0.0022065197,2353789,eclipsing_binary
1519.0330240076516,1.0030216,0.0022056603,2353789,eclipsing_binary
1519.0344129238977,1.0051442,0.0022106816,2353789,eclipsing_binary
1519.035801839677,1.0015478,0.0022072736,2353789,eclipsing_binary
1519.0371907559227,1.0009996,0.0022065483,2353789,eclipsing_binary
1519.0385796717035,1.0036561,0.002209106,2353789,eclipsing_binary
1519.039968587949,1.0001179,0.0022072664,2353789,eclipsing_binary
1519.0413575037285,1.0029382,0.002206611,2353789,eclipsing_binary
1519.0427464195084,1.004555,0.0022095842,2353789,eclipsing_binary
1519.044135335754,0.99999106,0.0022055416,2353789,eclipsing_binary
1519.0455242515338,1.0039973,0.0022077642,2353789,eclipsing_binary
1519.0483020835602,1.0038912,0.0022085414,2353789,eclipsing_binary
1519.049690999805,0.9974777,0.0022034305,2353789,eclipsing_binary
1519.0510799155843,1.0021377,0.0022071898,2353789,eclipsing_binary
1519.0524688318308,1.0000648,0.0022058927,2353789,eclipsing_binary
1519.0538577476113,1.0021027,0.0022080305,2353789,eclipsing_binary
1519.0552466633906,1.0019702,0.0022082976,2353789,eclipsing_binary
1519.0566355796361,1.0012614,0.0022054915,2353789,eclipsing_binary
1519.058024495417,1.0017458,0.002207916,2353789,eclipsing_binary
1519.0594134116625,1.0010217,0.0022067935,2353789,eclipsing_binary
1519.060802327442,1.0032736,0.0022076943,2353789,eclipsing_binary
1519.0621912432218,0.99914604,0.0022055274,2353789,eclipsing_binary
1519.0635801594674,1.0014546,0.0022063728,2353789,eclipsing_binary
1519.0649690752473,1.0035367,0.0022087803,2353789,eclipsing_binary
1519.066357991028,0.99848866,0.0022045479,2353789,eclipsing_binary
1519.0677469072737,1.0021262,0.002207698,2353789,eclipsing_binary
1519.0691358230529,1.0054952,0.00220982,2353789,eclipsing_binary
1519.070524738832,1.0020278,0.002206013,2353789,eclipsing_binary
1519.0719136550786,1.0007677,0.0022074922,2353789,eclipsing_binary
1519.0733025708591,1.0004961,0.0022068091,2353789,eclipsing_binary
1519.0746914866384,0.9999491,0.0022054014,2353789,eclipsing_binary
1519.076080402884,1.00424,0.002208351,2353789,eclipsing_binary
1519.0774693186647,1.0022737,0.0022068827,2353789,eclipsing_binary
1519.0788582344446,1.0013771,0.0022068222,2353789,eclipsing_binary
1519.0802471506897,1.0063921,0.0022098583,2353789,eclipsing_binary
1519.0816360664696,1.0000271,0.002205711,2353789,eclipsing_binary
1519.0830249822495,0.9994396,0.0022045383,2353789,eclipsing_binary
1519.084413898495,1.0040764,0.0022083365,2353789,eclipsing_binary
1519.085802814276,1.0045894,0.002210566,2353789,eclipsing_binary
1519.0871917300558,1.0058305,0.0022095682,2353789,eclipsing_binary
1519.0885806458352,1.0004255,0.00220665,2353789,eclipsing_binary
1519.08996956208,0.998647,0.0022049455,2353789,eclipsing_binary
1519.0913584778607,1.0029527,0.0022085719,2353789,eclipsing_binary
1519.0927473936415,1.0008006,0.002206484,2353789,eclipsing_binary
1519.0941363094205,1.001043,0.002208036,2353789,eclipsing_binary
1519.095525225666,1.0045472,0.0022095891,2353789,eclipsing_binary
1519.0969141414469,1.0037642,0.002208593,2353789,eclipsing_binary
1519.0983030572268,1.0000618,0.0022063744,2353789,eclipsing_binary
1519.0996919730062,1.0030715,0.002207943,2353789,eclipsing_binary
1519.1010808892518,1.0055797,0.002212237,2353789,eclipsing_binary
1519.1024698050317,1.004072,0.0022088534,2353789,eclipsing_binary
1519.1038587208116,1.004903,0.0022093672,2353789,eclipsing_binary
1519.1052476365924,1.0069963,0.0022126269,2353789,eclipsing_binary
1519.1066365523723,1.0028862,0.0022071933,2353789,eclipsing_binary
1519.1080254681517,1.0060593,0.0022098424,2353789,eclipsing_binary
1519.1094143843964,1.0017004,0.0022073148,2353789,eclipsing_binary
1519.1108033001772,1.0014234,0.0022070925,2353789,eclipsing_binary
1519.112192215958,1.003908,0.0022087733,2353789,eclipsing_binary
1519.113581131737,0.9975741,0.0022049455,2353789,eclipsing_binary
1519.114970047517,1.0029879,0.0022084543,2353789,eclipsing_binary
1519.1163589632977,1.0039359,0.0022081723,2353789,eclipsing_binary
1519.1177478795432,1.005726,0.0022098557,2353789,eclipsing_binary
1519.1191367953227,1.0076668,0.0022124432,2353789,eclipsing_binary
1519.1205257111026,1.0067803,0.0022121833,2353789,eclipsing_binary
1519.1219146268825,1.0015093,0.0022070578,2353789,eclipsing_binary
1519.1233035426624,1.0045952,0.0022093065,2353789,eclipsing_binary
1519.1246924584432,1.001027,0.0022081176,2353789,eclipsing_binary
1519.126081374223,1.0055082,0.0022114008,2353789,eclipsing_binary
1519.1274702900025,1.0042481,0.0022075085,2353789,eclipsing_binary
1519.1288592057815,1.0009866,0.0022064953,2353789,eclipsing_binary
1519.1302481215623,1.0007497,0.0022070666,2353789,eclipsing_binary
1519.1316370378088,1.0042567,0.0022097237,2353789,eclipsing_binary
1519.1330259535878,0.9999211,0.0022071775,2353789,eclipsing_binary
1519.134414869368,1.0072412,0.0022105523,2353789,eclipsing_binary
1519.1358037851485,1.0054522,0.00221192,2353789,eclipsing_binary
1519.1371927009284,1.0029364,0.0022075041,2353789,eclipsing_binary
1519.1385816167078,1.0003297,0.0022060748,2353789,eclipsing_binary
1519.1399705324877,1.0047376,0.002208726,2353789,eclipsing_binary
1519.1413594482676,1.0053525,0.0022125165,2353789,eclipsing_binary
1519.1427483640475,1.0035566,0.0022095384,2353789,eclipsing_binary
1519.1441372798283,1.0008693,0.0022071444,2353789,eclipsing_binary
1519.1455261956082,1.0046881,0.002209469,2353789,eclipsing_binary
1519.1469151113877,1.0045743,0.0022088657,2353789,eclipsing_binary
1519.1483040271676,1.0045447,0.0022097314,2353789,eclipsing_binary
1519.1496929429484,1.0022303,0.0022077411,2353789,eclipsing_binary
1519.1510818587283,1.0031704,0.0022088767,2353789,eclipsing_binary
1519.1524707745075,1.0010208,0.0022067595,2353789,eclipsing_binary
1519.1538596902876,1.0045713,0.0022093437,2353789,eclipsing_binary
1519.155248606068,1.0035783,0.002208046,2353789,eclipsing_binary
1519.1566375218479,1.0003073,0.0022058536,2353789,eclipsing_binary
1519.158026437628,1.0003328,0.0022058473,2353789,eclipsing_binary
1519.1594153534081,1.0035365,0.0022088639,2353789,eclipsing_binary
1519.160804269187,0.99838686,0.0022049025,2353789,eclipsing_binary
1519.1621931849672,0.99967676,0.0022054492,2353789,eclipsing_binary
1519.1635821002822,1.0049971,0.002208512,2353789,eclipsing_binary
1519.164971016062,1.002314,0.0022085602,2353789,eclipsing_binary
1519.1663599318415,0.99975395,0.0022064869,2353789,eclipsing_binary
1519.1677488476214,0.99931866,0.0022072194,2353789,eclipsing_binary
1519.1691377634022,1.0036668,0.0022079102,2353789,eclipsing_binary
1519.170526679182,1.0012952,0.0022076492,2353789,eclipsing_binary
1519.1719155949613,1.0028057,0.0022075397,2353789,eclipsing_binary
1519.1733045107414,1.0011843,0.0022083414,2353789,eclipsing_binary
1519.1746934265218,1.0064781,0.0022118008,2353789,eclipsing_binary
1519.176082342302,1.0012205,0.0022088294,2353789,eclipsing_binary
1519.1774712576164,1.0004797,0.0022056873,2353789,eclipsing_binary
1519.1788601733963,1.0004255,0.0022070215,2353789,eclipsing_binary
1519.1802490891753,1.0040727,0.002209075,2353789,eclipsing_binary
1519.1816380049554,1.0028992,0.0022083381,2353789,eclipsing_binary
1519.183026920736,1.0043991,0.0022080173,2353789,eclipsing_binary
1519.1844158365159,1.0030773,0.0022078026,2353789,eclipsing_binary
1519.1858047518297,0.99726,0.0022048056,2353789,eclipsing_binary
1519.1871936676096,0.99806064,0.0022081167,2353789,eclipsing_binary
1519.1885825833904,1.0025144,0.002208689,2353789,eclipsing_binary
1519.1899714991703,1.004159,0.0022093367,2353789,eclipsing_binary
1519.1913604149497,1.0033748,0.0022082198,2353789,eclipsing_binary
1519.1927493307296,1.0015333,0.0022096117,2353789,eclipsing_binary
1519.1941382460443,1.0011294,0.0022076136,2353789,eclipsing_binary
1519.1955271618244,1.004296,0.0022080399,2353789,eclipsing_binary
1519.1969160776046,1.0018778,0.0022080287,2353789,eclipsing_binary
1519.1983049933845,1.0056422,0.0022099374,2353789,eclipsing_binary
1519.199693908698,0.9989695,0.0022047774,2353789,eclipsing_binary
1519.2010828244781,0.99953306,0.00220566,2353789,eclipsing_binary
1519.2024717402585,1.001503,0.0022067968,2353789,eclipsing_binary
1519.2038606560386,1.0022321,0.0022066934,2353789,eclipsing_binary
1519.2052495713522,1.0010281,0.0022062627,2353789,eclipsing_binary
1519.206638487132,0.9998245,0.0022073535,2353789,eclipsing_binary
1519.2080274029129,1.002306,0.0022090713,2353789,eclipsing_binary
1519.2094163186928,1.0055726,0.0022101249,2353789,eclipsing_binary
1519.2108052340066,1.0031722,0.0022080604,2353789,eclipsing_binary
1519.2121941497865,1.0019267,0.0022064701,2353789,eclipsing_binary
1519.213583065567,0.99935997,0.002207038,2353789,eclipsing_binary
1519.2149719808815,0.99888366,0.0022056606,2353789,eclipsing_binary
1519.2163608966614,1.001493,0.0022066173,2353789,eclipsing_binary
1519.2177498124413,0.9971472,0.002205148,2353789,eclipsing_binary
1519.2191387277549,0.99971807,0.0022054866,2353789,eclipsing_binary
1519.220527643535,0.9980845,0.0022035036,2353789,eclipsing_binary
1519.2219165593153,1.0039243,0.0022096278,2353789,eclipsing_binary
1519.2233054746298,1.0037866,0.002209635,2353789,eclipsing_binary
1519.224694390409,1.0025861,0.0022086105,2353789,eclipsing_binary
1519.226083306189,0.9983196,0.0022052017,2353789,eclipsing_binary
1519.227472221504,1.0029801,0.0022079933,2353789,eclipsing_binary
1519.228861137284,0.9999879,0.0022077085,2353789,eclipsing_binary
1519.2302500530634,0.9995358,0.0022052173,2353789,eclipsing_binary
1519.2316389683776,1.0031339,0.0022098273,2353789,eclipsing_binary
1519.2330278841582,1.0034297,0.0022082764,2353789,eclipsing_binary
1519.2344167994727,1.0000893,0.0022055681,2353789,eclipsing_binary
1519.2358057152526,1.0024014,0.0022090776,2353789,eclipsing_binary
1519.2371946310325,1.0014312,0.0022083237,2353789,eclipsing_binary
1519.2385835463463,1.0023844,0.0022097821,2353789,eclipsing_binary
1519.2399724621262,1.0014274,0.002207766,2353789,eclipsing_binary
1519.241361377441,1.0012975,0.0022090047,2353789,eclipsing_binary
1519.2427502932212,1.001304,0.0022053614,2353789,eclipsing_binary
1519.2441392090002,0.9989914,0.0022052343,2353789,eclipsing_binary
1519.2455281243144,1.0013924,0.0022074794,2353789,eclipsing_binary
1519.2469170400952,0.9984851,0.0022064596,2353789,eclipsing_binary
1519.2483059554095,1.0013906,0.002206283,2353789,eclipsing_binary
1519.249694871189,0.99885684,0.002206135,2353789,eclipsing_binary
1519.2510837865032,1.0010339,0.0022066222,2353789,eclipsing_binary
1519.252472702284,1.0005567,0.0022075602,2353789,eclipsing_binary
1519.2538616175982,1.001189,0.0022093244,2353789,eclipsing_binary
1519.255250533378,1.0027975,0.002207661,2353789,eclipsing_binary
1519.2566394486923,1.0007081,0.0022062894,2353789,eclipsing_binary
1519.2580283644718,1.0005085,0.0022065032,2353789,eclipsing_binary
1519.259417279786,1.0004936,0.0022052801,2353789,eclipsing_binary
1519.2608061955666,1.0030116,0.0022080594,2353789,eclipsing_binary
1519.262195110881,1.002947,0.0022077702,2353789,eclipsing_binary
1519.26358402666,1.0048088,0.002209287,2353789,eclipsing_binary
1519.2649729419745,0.9987966,0.0022061192,2353789,eclipsing_binary
1519.266361857755,1.0018367,0.0022069004,2353789,eclipsing_binary
1519.2677507730693,0.9992443,0.0022062496,2353789,eclipsing_binary
1519.2691396888488,0.99871165,0.002204198,2353789,eclipsing_binary
1519.270528604163,1.004422,0.0022088047,2353789,eclipsing_binary
1519.2719175194782,1.0004783,0.002205146,2353789,eclipsing_binary
1519.273306435258,1.0013857,0.0022072326,2353789,eclipsing_binary
1519.2746953505723,1.0034976,0.0022082818,2353789,eclipsing_binary
1519.2760842663522,1.0012864,0.0022064452,2353789,eclipsing_binary
1519.277473181666,1.0058941,0.0022108464,2353789,eclipsing_binary
1519.2788620974459,0.9983162,0.0022042743,2353789,eclipsing_binary
1519.280251012761,1.0026783,0.002207887,2353789,eclipsing_binary
1519.2816399280753,0.9989828,0.0022050545,2353789,eclipsing_binary
1519.2830288438543,1.0050788,0.0022086804,2353789,eclipsing_binary
1519.2844177591687,1.0013058,0.0022073372,2353789,eclipsing_binary
1519.2858066744836,1.0003271,0.0022062077,2353789,eclipsing_binary
1519.2871955902635,0.998649,0.0022045516,2353789,eclipsing_binary
1519.2885845055773,1.0038579,0.0022095197,2353789,eclipsing_binary
1519.2899734208916,1.0000241,0.002205971,2353789,eclipsing_binary
1519.2913623366724,1.00026,0.0022060552,2353789,eclipsing_binary
1519.2927512519866,0.99976933,0.0022067416,2353789,eclipsing_binary
1519.2941401677665,1.002989,0.0022066457,2353789,eclipsing_binary
1519.2955290830807,1.0018581,0.0022062657,2353789,eclipsing_binary
1519.2969179983945,1.0065808,0.0022093023,2353789,eclipsing_binary
1519.2983069137088,0.9986343,0.0022049556,2353789,eclipsing_binary
1519.2996958294896,0.9973715,0.0022042335,2353789,eclipsing_binary
1519.3010847448038,0.9995642,0.0022068361,2353789,eclipsing_binary
1519.3024736601174,0.9990159,0.0022076685,2353789,eclipsing_binary
1519.3038625758975,0.999288,0.0022067195,2353789,eclipsing_binary
1519.3052514912122,1.0022957,0.002206471,2353789,eclipsing_binary
1519.3066404065264,1.001621,0.002207549,2353789,eclipsing_binary
1519.3080293218402,1.0035802,0.0022092548,2353789,eclipsing_binary
1519.30941823762,1.001725,0.0022074783,2353789,eclipsing_binary
1519.3108071529352,1.0003896,0.002204877,2353789,eclipsing_binary
1519.3121960682495,0.9991022,0.0022070394,2353789,eclipsing_binary
1519.3135849835637,1.0006993,0.002206418,2353789,eclipsing_binary
1519.3149738993436,1.0019275,0.002207367,2353789,eclipsing_binary
1519.3163628146574,1.0004168,0.0022053597,2353789,eclipsing_binary
1519.3177517299716,1.0002702,0.002204992,2353789,eclipsing_binary
1519.3191406452868,0.99869233,0.0022046133,2353789,eclipsing_binary
1519.3205295610667,0.99979436,0.0022057637,2353789,eclipsing_binary
1519.3219184763802,1.0019244,0.0022093824,2353789,eclipsing_binary
1519.3233073916947,1.0035237,0.0022066568,2353789,eclipsing_binary
1519.3246963070094,1.0010184,0.002205449,2353789,eclipsing_binary
1519.3260852223239,0.9973696,0.0022035455,2353789,eclipsing_binary
1519.327474138103,0.9992771,0.0022051868,2353789,eclipsing_binary
1519.3288630534173,1.0022715,0.0022067565,2353789,eclipsing_binary
1519.3302519687325,0.9967559,0.0022045807,2353789,eclipsing_binary
1519.3316408840467,1.0017736,0.0022069835,2353789,eclipsing_binary
1519.333029799361,1.0052748,0.002209871,2353789,eclipsing_binary
1519.3344187146752,1.0009464,0.0022065965,2353789,eclipsing_binary
1519.335807629989,0.99984854,0.0022050722,2353789,eclipsing_binary
1519.3371965457688,0.9984272,0.0022049975,2353789,eclipsing_binary
1519.338585461084,1.0027893,0.0022072806,2353789,eclipsing_binary
1519.3399743763982,1.0037794,0.0022078415,2353789,eclipsing_binary
1519.341363291712,0.9990039,0.0022055765,2353789,eclipsing_binary
1519.3427522070263,0.9990198,0.002205885,2353789,eclipsing_binary
1519.344141122341,0.9999084,0.0022056052,2353789,eclipsing_binary
1519.3455300376554,0.9981912,0.002205806,2353789,eclipsing_binary
1519.346918952969,0.9979036,0.0022031325,2353789,eclipsing_binary
1519.3483078682832,0.9951775,0.0022015865,2353789,eclipsing_binary
1519.3496967835983,0.99857837,0.0022043295,2353789,eclipsing_binary
1519.3510856993782,0.9941341,0.0022007325,2353789,eclipsing_binary
1519.3524746146925,0.9987831,0.0022039446,2353789,eclipsing_binary
1519.353863530007,0.9972953,0.0022023867,2353789,eclipsing_binary
1519.3552524453205,0.99834824,0.0022067432,2353789,eclipsing_binary
1519.3566413606347,1.0008823,0.002206727,2353789,eclipsing_binary
1519.35803027595,0.999546,0.002207669,2353789,eclipsing_binary
1519.3594191912641,1.0013146,0.0022088047,2353789,eclipsing_binary
1519.360808106578,1.0005401,0.0022056636,2353789,eclipsing_binary
1519.3621970218921,0.99866074,0.0022034429,2353789,eclipsing_binary
1519.363585937207,0.9992564,0.0022052072,2353789,eclipsing_binary
1519.3649748525215,1.0022634,0.0022095249,2353789,eclipsing_binary
1519.3663637678349,0.99958366,0.0022054485,2353789,eclipsing_binary
1519.367752683149,1.0024576,0.0022082154,2353789,eclipsing_binary
1519.3691415984642,0.9987873,0.002205259,2353789,eclipsing_binary
1519.3705305137785,0.99858797,0.0022059958,2353789,eclipsing_binary
1519.3719194290927,1.0046862,0.0022110378,2353789,eclipsing_binary
1519.3733083444072,1.0018322,0.0022082182,2353789,eclipsing_binary
1519.3746972597207,0.9986808,0.0022051774,2353789,eclipsing_binary
1519.376086175035,1.0048804,0.0022085689,2353789,eclipsing_binary
1519.3774750903501,1.00371,0.0022091952,2353789,eclipsing_binary
1519.3788640051987,1.0027779,0.002207434,2353789,eclipsing_binary
1519.3802529205125,1.0031327,0.002208655,2353789,eclipsing_binary
1519.3816418358267,1.0006194,0.0022073209,2353789,eclipsing_binary
1519.3830307511416,1.0009841,0.0022053875,2353789,eclipsing_binary
1519.384419666456,1.0053343,0.0022097589,2353789,eclipsing_binary
1519.3858085817694,0.99809873,0.0022060676,2353789,eclipsing_binary
1519.387197497084,0.99899876,0.0022065172,2353789,eclipsing_binary
1519.3885864123988,1.0061486,0.0022103067,2353789,eclipsing_binary
1519.389975327713,0.99796647,0.0022044354,2353789,eclipsing_binary
1519.3913642430275,1.0018235,0.002206527,2353789,eclipsing_binary
1519.392753158342,1.0062418,0.0022099253,2353789,eclipsing_binary
1519.3941420731896,1.0026163,0.0022082198,2353789,eclipsing_binary
1519.3955309885039,1.0018526,0.0022060187,2353789,eclipsing_binary
1519.396919903819,1.0008571,0.0022067633,2353789,eclipsing_binary
1519.3983088191333,1.0024866,0.0022090005,2353789,eclipsing_binary
1519.399697734447,1.0014194,0.0022067246,2353789,eclipsing_binary
1519.4010866497613,1.0033332,0.0022107847,2353789,eclipsing_binary
1519.4024755646108,1.0008825,0.0022061265,2353789,eclipsing_binary
1519.403864479925,1.0040779,0.0022079311,2353789,eclipsing_binary
1519.4052533952383,0.9980826,0.002207418,2353789,eclipsing_binary
1519.4066423105528,0.9980643,0.002207085,2353789,eclipsing_binary
1519.4080312258677,0.9982204,0.0022032561,2353789,eclipsing_binary
1519.4094201407163,0.99985904,0.0022053027,2353789,eclipsing_binary
1519.4108090560308,0.9991571,0.0022051309,2353789,eclipsing_binary
1519.4121979713452,1.0032618,0.002208402,2353789,eclipsing_binary
1519.4135868866585,1.0022576,0.0022072345,2353789,eclipsing_binary
1519.414975801973,1.0047929,0.0022088399,2353789,eclipsing_binary
1519.4163647168223,1.0002097,0.0022065656,2353789,eclipsing_binary
1519.4177536321365,0.9999471,0.0022051635,2353789,eclipsing_binary
1519.4191425474503,0.9987855,0.0022055183,2353789,eclipsing_binary
1519.4205314627645,1.0025789,0.002208494,2353789,eclipsing_binary
1519.421920377614,0.9993378,0.002204418,2353789,eclipsing_binary
1519.4233092929283,1.000746,0.002205324,2353789,eclipsing_binary
1519.4246982082418,1.0001794,0.002207014,2353789,eclipsing_binary
1519.4260871230906,0.99818337,0.0022053032,2353789,eclipsing_binary
1519.4274760384053,1.0008707,0.0022057684,2353789,eclipsing_binary
1519.4288649537198,0.9991692,0.0022051712,2353789,eclipsing_binary
1519.4302538690342,1.0012012,0.0022078457,2353789,eclipsing_binary
1519.4316427838828,1.0009327,0.002206113,2353789,eclipsing_binary
1519.4330316991961,1.004766,0.002209061,2353789,eclipsing_binary
1519.4344206145106,1.0045768,0.0022085633,2353789,eclipsing_binary
1519.4358095293599,1.0035348,0.0022088129,2353789,eclipsing_binary
1519.437198444674,1.0039941,0.0022091153,2353789,eclipsing_binary
1519.4385873599879,1.0010226,0.0022048368,2353789,eclipsing_binary
1519.4399762748365,1.0023297,0.002209179,2353789,eclipsing_binary
1519.4413651901516,1.0055454,0.002209846,2353789,eclipsing_binary
1519.4427541050002,1.0014575,0.002207376,2353789,eclipsing_binary
1519.4441430203137,1.001655,0.0022079395,2353789,eclipsing_binary
1519.4455319356282,1.0036879,0.0022077446,2353789,eclipsing_binary
1519.4469208504772,1.0017104,0.002207372,2353789,eclipsing_binary
1519.4483097657917,1.0036522,0.0022086545,2353789,eclipsing_binary
1519.4496986811062,1.002475,0.0022090718,2353789,eclipsing_binary
1519.4510875959547,1.0049978,0.0022076631,2353789,eclipsing_binary
1519.4524765112683,1.0048513,0.002209411,2353789,eclipsing_binary
1519.453865426117,1.0001391,0.0022062468,2353789,eclipsing_binary
1519.4552543414318,1.0039728,0.0022113498,2353789,eclipsing_binary
1519.4566432562804,1.0064754,0.0022110194,2353789,eclipsing_binary
1519.4580321715941,1.0040274,0.002209482,2353789,eclipsing_binary
1519.4594210869084,1.0007864,0.0022069553,2353789,eclipsing_binary
1519.4608100017579,1.003836,0.002211131,2353789,eclipsing_binary
1519.462198917072,1.0016054,0.0022073826,2353789,eclipsing_binary
1519.4635878319202,1.0016223,0.0022064112,2353789,eclipsing_binary
1519.4649767472345,1.0027776,0.0022088897,2353789,eclipsing_binary
1519.4663656620837,0.9995734,0.002204267,2353789,eclipsing_binary
1519.4677545773982,0.99920315,0.0022058277,2353789,eclipsing_binary
1519.4691434922468,0.99992985,0.0022054699,2353789,eclipsing_binary
1519.470532407561,1.0011213,0.0022070564,2353789,eclipsing_binary
1519.471921322409,1.0012722,0.0022074361,2353789,eclipsing_binary
1519.4733102377234,0.9974814,0.0022044696,2353789,eclipsing_binary
1519.4746991525724,0.99822176,0.002206526,2353789,eclipsing_binary
1519.4760880678868,0.99774873,0.0022034578,2353789,eclipsing_binary
1519.4774769827347,0.99715215,0.0022041376,2353789,eclipsing_binary
1519.478865898049,0.9994253,0.0022043919,2353789,eclipsing_binary
1519.4802548128985,1.0004109,0.0022054098,2353789,eclipsing_binary
1519.4816437282127,0.9951911,0.002205813,2353789,eclipsing_binary
1519.4830326430608,1.0020125,0.0022067511,2353789,eclipsing_binary
1519.4844215579094,0.999462,0.0022051146,2353789,eclipsing_binary
1519.4858104732243,1.001789,0.0022063875,2353789,eclipsing_binary
1519.4871993880731,0.9998377,0.0022071558,2353789,eclipsing_binary
1519.4885883033874,0.9989597,0.0022056988,2353789,eclipsing_binary
1519.489977218236,1.0054018,0.0022100203,2353789,eclipsing_binary
1519.4913661335497,1.0010386,0.002206602,2353789,eclipsing_binary
1519.4927550483983,1.0035325,0.0022079707,2353789,eclipsing_binary
1519.4941439632473,0.9997178,0.0022049483,2353789,eclipsing_binary
1519.4955328785618,1.0014755,0.0022060368,2353789,eclipsing_binary
1519.4969217934097,1.0014639,0.002208506,2353789,eclipsing_binary
1519.4983107082583,0.99403393,0.002204021,2353789,eclipsing_binary
1519.4996996235734,1.0033841,0.0022091665,2353789,eclipsing_binary
1519.501088538422,1.0006822,0.002206871,2353789,eclipsing_binary
1519.5024774537358,1.0024201,0.0022107793,2353789,eclipsing_binary
1519.5038663685843,1.0020559,0.00220753,2353789,eclipsing_binary
1519.5052552834338,1.0003847,0.002207207,2353789,eclipsing_binary
1519.506644198748,1.0041693,0.0022108092,2353789,eclipsing_binary
1519.5080331135966,1.0044115,0.0022097395,2353789,eclipsing_binary
1519.5094220284452,1.0008739,0.0022062291,2353789,eclipsing_binary
1519.5108109432933,0.99965245,0.0022054806,2353789,eclipsing_binary
1519.5121998586076,1.0030459,0.0022076063,2353789,eclipsing_binary
1519.5135887734568,1.0029699,0.0022091484,2353789,eclipsing_binary
1519.5149776883056,1.0010946,0.0022056072,2353789,eclipsing_binary
1519.516366603619,1.0010376,0.0022080394,2353789,eclipsing_binary
1519.5177555184675,1.0005641,0.0022070983,2353789,eclipsing_binary
1519.519144433317,1.0007826,0.0022074769,2353789,eclipsing_binary
1519.5205333481656,1.0025556,0.0022068974,2353789,eclipsing_binary
1519.5219222634794,1.0046356,0.0022087973,2353789,eclipsing_binary
1519.523311178328,1.0038974,0.0022091146,2353789,eclipsing_binary
1519.5247000931774,1.0024066,0.0022083996,2353789,eclipsing_binary
1519.526089008026,0.9972341,0.0022054815,2353789,eclipsing_binary
1519.5274779233403,1.0006088,0.0022063134,2353789,eclipsing_binary
1519.5288668381888,0.999852,0.0022068138,2353789,eclipsing_binary
1519.530255753037,0.9983779,0.002203642,2353789,eclipsing_binary
1519.5316446678855,0.9992305,0.0022050815,2353789,eclipsing_binary
1519.5330335832004,1.0013847,0.0022073486,2353789,eclipsing_binary
1519.5344224980493,0.9992532,0.002206346,2353789,eclipsing_binary
1519.535811412897,0.99738073,0.0022031488,2353789,eclipsing_binary
1519.5372003277457,0.99969596,0.0022069993,2353789,eclipsing_binary
1519.538589242595,1.0013438,0.0022079055,2353789,eclipsing_binary
1519.5399781574436,0.9974571,0.0022041341,2353789,eclipsing_binary
1519.5413670727573,1.0007755,0.0022055206,2353789,eclipsing_binary
1519.542755987606,0.9982547,0.0022052405,2353789,eclipsing_binary
1519.5441449024554,0.9990884,0.002205408,2353789,eclipsing_binary
1519.545533817304,1.0005008,0.002207509,2353789,eclipsing_binary
1519.5469227321526,0.99902534,0.0022050305,2353789,eclipsing_binary
1519.5483116470011,0.9974888,0.002202167,2353789,eclipsing_binary
1519.5497005618492,1.002558,0.0022067234,2353789,eclipsing_binary
1519.5510894771635,0.9978904,0.0022041847,2353789,eclipsing_binary
1519.552478392013,0.9981315,0.0022059148,2353789,eclipsing_binary
1519.5538673068615,1.0000507,0.0022060848,2353789,eclipsing_binary
1519.5552562217092,1.0024706,0.0022085146,2353789,eclipsing_binary
1519.556645136558,1.0019974,0.0022059137,2353789,eclipsing_binary
1519.5580340514073,1.0017356,0.002209582,2353789,eclipsing_binary
1519.5594229662559,0.9969,0.0022040477,2353789,eclipsing_binary
1519.560811881104,1.0060295,0.0022092436,2353789,eclipsing_binary
1519.5622007959525,1.0013995,0.0022074913,2353789,eclipsing_binary
1519.563589710802,1.0007504,0.0022060466,2353789,eclipsing_binary
1519.5649786256506,1.002877,0.0022076152,2353789,eclipsing_binary
1519.5663675404992,0.99735045,0.0022044363,2353789,eclipsing_binary
1519.5677564558134,1.0061828,0.002211529,2353789,eclipsing_binary
1519.5691453706615,0.99930024,0.002206827,2353789,eclipsing_binary
1519.5705342855101,1.0002295,0.0022063528,2353789,eclipsing_binary
1519.5719232003596,1.0010402,0.0022072433,2353789,eclipsing_binary
1519.5733121152082,0.9988398,0.0022052794,2353789,eclipsing_binary
1519.574701030056,1.0020483,0.0022076042,2353789,eclipsing_binary
1519.5760899449049,1.0029534,0.0022068452,2353789,eclipsing_binary
1519.577478859754,1.0026467,0.0022073055,2353789,eclipsing_binary
1519.5788677746027,0.9998566,0.0022066059,2353789,eclipsing_binary
1519.5802566894506,1.007562,0.002211238,2353789,eclipsing_binary
1519.5816456042992,0.99851704,0.0022059772,2353789,eclipsing_binary
1519.583034518683,1.0010686,0.0022060794,2353789,eclipsing_binary
1519.5844234335316,1.0016528,0.0022100375,2353789,eclipsing_binary
1519.5858123483802,0.9982719,0.0022030526,2353789,eclipsing_binary
1519.5872012632287,0.99991655,0.0022054506,2353789,eclipsing_binary
1519.5885901780769,1.0024929,0.0022074257,2353789,eclipsing_binary
1519.5899790929254,0.99675536,0.0022041427,2353789,eclipsing_binary
1519.591368007775,0.99652845,0.0022017749,2353789,eclipsing_binary
1519.5927569226235,1.003195,0.002207705,2353789,eclipsing_binary
1519.5941458374714,0.9978258,0.0022032307,2353789,eclipsing_binary
1519.5955347523202,0.99777323,0.0022055628,2353789,eclipsing_binary
1519.5969236671692,1.0000951,0.002204623,2353789,eclipsing_binary
1519.598312582018,1.0043316,0.0022081456,2353789,eclipsing_binary
1519.599701496866,1.0003068,0.0022076701,2353789,eclipsing_binary
1519.6010904112488,0.9987584,0.0022043919,2353789,eclipsing_binary
1519.6024793260983,1.003989,0.0022087453,2353789,eclipsing_binary
1519.603868240947,0.998791,0.002206163,2353789,eclipsing_binary
1519.6052571557955,0.9960552,0.002202522,2353789,eclipsing_binary
1519.606646070644,0.9996036,0.0022052338,2353789,eclipsing_binary
1519.6080349854922,0.9976508,0.002203407,2353789,eclipsing_binary
1519.6094239003407,1.0008813,0.0022067341,2353789,eclipsing_binary
1519.6108128147246,0.9956746,0.0022012792,2353789,eclipsing_binary
1519.6122017295731,0.99845046,0.0022047744,2353789,eclipsing_binary
1519.6135906444213,1.0000426,0.0022038494,2353789,eclipsing_binary
1519.6149795592698,0.99782056,0.0022039707,2353789,eclipsing_binary
1519.616368474119,0.997739,0.0022079851,2353789,eclipsing_binary
1519.6177573885022,0.9992169,0.0022042033,2353789,eclipsing_binary
1519.61914630335,1.0031892,0.0022088888,2353789,eclipsing_binary
1519.6205352181985,0.997959,0.0022053972,2353789,eclipsing_binary
1519.6219241330473,0.9987721,0.0022064503,2353789,eclipsing_binary
1519.623313047896,1.0005043,0.0022062007,2353789,eclipsing_binary
1519.6247019622795,1.0000458,0.0022046976,2353789,eclipsing_binary
1519.6260908771283,0.9954238,0.0022001043,2353789,eclipsing_binary
1519.6274797919762,0.9992731,0.002206194,2353789,eclipsing_binary
1519.6288687068247,1.0010197,0.002206215,2353789,eclipsing_binary
1519.6302576212086,0.99714124,0.0022044233,2353789,eclipsing_binary
1519.6316465360571,1.001229,0.0022059393,2353789,eclipsing_binary
1519.6330354509053,1.0005982,0.0022054324,2353789,eclipsing_binary
1519.6344243652873,1.0033168,0.0022080794,2353789,eclipsing_binary
1519.6358132801367,0.99920106,0.0022050655,2353789,eclipsing_binary
1519.6372021949862,0.9981677,0.0022037812,2353789,eclipsing_binary
1519.638591109834,1.000299,0.002205403,2353789,eclipsing_binary
1519.639980024217,0.99743104,0.0022027364,2353789,eclipsing_binary
1519.6413689390658,1.0021745,0.0022070569,2353789,eclipsing_binary
1519.6427578539144,0.996828,0.002204211,2353789,eclipsing_binary
1519.6441467682973,1.0031494,0.0022073695,2353789,eclipsing_binary
1519.645535683146,0.9980743,0.0022051563,2353789,eclipsing_binary
1519.6469245979945,1.0019072,0.002207104,2353789,eclipsing_binary
1519.6483135123774,0.9992047,0.0022046654,2353789,eclipsing_binary
1519.6497024272269,0.99955136,0.002204537,2353789,eclipsing_binary
1519.6510913416098,0.99832875,0.0022051968,2353789,eclipsing_binary
1519.652480256458,1.0026073,0.0022076808,2353789,eclipsing_binary
1519.6538691713056,1.0001966,0.0022042564,2353789,eclipsing_binary
1519.6552580856894,1.0003763,0.002205439,2353789,eclipsing_binary
1519.656647000539,0.99782264,0.0022062762,2353789,eclipsing_binary
1519.6580359153866,1.000559,0.0022065954,2353789,eclipsing_binary
1519.6594248297697,1.0006661,0.0022069511,2353789,eclipsing_binary
1519.6608137446185,0.9966585,0.0022028398,2353789,eclipsing_binary
1519.6622026590014,0.9963722,0.0022022855,2353789,eclipsing_binary
1519.66359157385,0.9974245,0.0022032373,2353789,eclipsing_binary
1519.664980488233,0.99473006,0.0022006545,2353789,eclipsing_binary
1519.6663694030815,0.9965434,0.0022022517,2353789,eclipsing_binary
1519.66775831793,0.9978101,0.0022045258,2353789,eclipsing_binary
1519.669147232314,1.0011772,0.002206318,2353789,eclipsing_binary
1519.6705361471625,0.99406195,0.0022009015,2353789,eclipsing_binary
1519.671925061545,0.9946218,0.002201506,2353789,eclipsing_binary
1519.6733139763928,0.9985488,0.002203997,2353789,eclipsing_binary
1519.6747028907764,0.99338007,0.0022024955,2353789,eclipsing_binary
1519.676091805626,0.99527013,0.0022014512,2353789,eclipsing_binary
1519.6774807200081,0.99387175,0.002201884,2353789,eclipsing_binary
1519.678869634857,0.9952608,0.0022016095,2353789,eclipsing_binary
1519.6802585492399,0.9946612,0.0022014864,2353789,eclipsing_binary
1519.6816474640884,0.99639267,0.002202677,2353789,eclipsing_binary
1519.6830363784713,0.9940599,0.002202387,2353789,eclipsing_binary
1519.68442529332,0.99606663,0.0022044668,2353789,eclipsing_binary
1519.6858142077028,0.99942523,0.0022041076,2353789,eclipsing_binary
1519.6872031225516,0.9960164,0.0022019946,2353789,eclipsing_binary
1519.6885920369352,0.99410874,0.0022014123,2353789,eclipsing_binary
1519.6899809517838,0.9982481,0.0022047113,2353789,eclipsing_binary
1519.6913698661663,0.99382,0.0022012617,2353789,eclipsing_binary
1519.6927587805485,0.99817383,0.0022040203,2353789,eclipsing_binary
1519.6941476953978,0.9959193,0.0022022102,2353789,eclipsing_binary
1519.6955366097816,0.998431,0.002203999,2353789,eclipsing_binary
1519.6969255246295,0.99651045,0.0022026494,2353789,eclipsing_binary
1519.6983144390126,0.99511224,0.002203411,2353789,eclipsing_binary
1519.6997033533955,0.99837434,0.0022049404,2353789,eclipsing_binary
1519.701092268244,0.999516,0.0022055127,2353789,eclipsing_binary
1519.702481182627,1.0000976,0.0022052755,2353789,eclipsing_binary
1519.7038700974756,0.99602675,0.002203135,2353789,eclipsing_binary
1519.7052590118585,0.9971095,0.0022047274,2353789,eclipsing_binary
1519.7066479262417,0.9979368,0.0022051488,2353789,eclipsing_binary
1519.708036841091,0.99782425,0.0022043984,2353789,eclipsing_binary
1519.7094257554738,0.99912286,0.002204903,2353789,eclipsing_binary
1519.7108146698563,1.0016553,0.0022091717,2353789,eclipsing_binary
1519.7122035847044,1.0014876,0.0022079512,2353789,eclipsing_binary
1519.7135924990878,0.9915197,0.0021994342,2353789,eclipsing_binary
1519.7149814134716,0.9970395,0.0022037923,2353789,eclipsing_binary
1519.7163703283197,0.99447465,0.002201213,2353789,eclipsing_binary
1519.7177592427026,0.99378896,0.0022020289,2353789,eclipsing_binary
1519.7191481570856,0.99574864,0.0022058927,2353789,eclipsing_binary
1519.7205370719341,0.9952476,0.002201911,2353789,eclipsing_binary
1519.721925986317,0.9976332,0.0022029576,2353789,eclipsing_binary
1519.7233149007,0.9947642,0.0022015478,2353789,eclipsing_binary
1519.724703815083,0.9978439,0.002203965,2353789,eclipsing_binary
1519.726092729932,0.99901456,0.0022073945,2353789,eclipsing_binary
1519.7274816443153,0.99898267,0.0022059523,2353789,eclipsing_binary
1519.7288705586984,0.9958617,0.0022035008,2353789,eclipsing_binary
1519.7302594730807,0.99600184,0.0022025616,2353789,eclipsing_binary
1519.7316483879288,0.9910215,0.0021984903,2353789,eclipsing_binary
1519.7330373023121,0.99908614,0.0022037844,2353789,eclipsing_binary
1519.734426216696,0.99339163,0.002202552,2353789,eclipsing_binary
1519.7358151310784,0.9982665,0.0022041374,2353789,eclipsing_binary
1519.737204045927,0.9955776,0.0022016666,2353789,eclipsing_binary
1519.73859296031,0.9973238,0.0022032475,2353789,eclipsing_binary
1519.7399818746928,0.9965059,0.0022062003,2353789,eclipsing_binary
1519.7413707890757,0.993814,0.0022009849,2353789,eclipsing_binary
1519.7427597034587,1.0046728,0.0022102953,2353789,eclipsing_binary
1519.7441486183075,0.9959794,0.0022034142,2353789,eclipsing_binary
1519.7455375326906,0.99810314,0.0022037865,2353789,eclipsing_binary
1519.746926447074,0.9972861,0.0022030554,2353789,eclipsing_binary
1519.7483153614571,0.9997978,0.0022066515,2353789,eclipsing_binary
1519.7497042758393,0.9947771,0.00220199,2353789,eclipsing_binary
1519.7510931902218,0.9953127,0.0022015276,2353789,eclipsing_binary
1519.752482105071,0.99754465,0.0022049544,2353789,eclipsing_binary
1519.7538710194547,0.99458116,0.0022018084,2353789,eclipsing_binary
1519.7552599338371,0.99737746,0.0022042445,2353789,eclipsing_binary
1519.75664884822,0.99844366,0.0022038848,2353789,eclipsing_binary
1519.758037762603,0.9943508,0.0022023362,2353789,eclipsing_binary
1519.7594266769859,1.0009859,0.0022065372,2353789,eclipsing_binary
1519.7608155913688,1.0008819,0.0022068776,2353789,eclipsing_binary
1519.762204505752,0.9996512,0.0022049,2353789,eclipsing_binary
1519.763593420135,0.99918956,0.0022045483,2353789,eclipsing_binary
1519.7649823349836,0.99788904,0.002203426,2353789,eclipsing_binary
1519.7663712493672,0.9965898,0.0022038887,2353789,eclipsing_binary
1519.7677601637504,0.99881285,0.0022037786,2353789,eclipsing_binary
1519.7691490781324,1.0021276,0.0022065362,2353789,eclipsing_binary
1519.7705379925148,0.9989853,0.002206828,2353789,eclipsing_binary
1519.7719269068984,0.9996961,0.0022059323,2353789,eclipsing_binary
1519.773315821282,0.9995483,0.0022081456,2353789,eclipsing_binary
1519.7747047356645,0.9969926,0.0022034512,2353789,eclipsing_binary
1519.7760936500474,0.9956201,0.0022038019,2353789,eclipsing_binary
1519.7774825644303,0.9974258,0.0022051625,2353789,eclipsing_binary
1519.7788714788132,0.99851304,0.0022055537,2353789,eclipsing_binary
1519.7802603931962,0.99996835,0.0022061558,2353789,eclipsing_binary
1519.7816493075793,0.99704707,0.0022029357,2353789,eclipsing_binary
1519.7830382219624,0.9948188,0.0022018158,2353789,eclipsing_binary
1519.7844271363454,0.99989027,0.0022056454,2353789,eclipsing_binary
1519.785816050729,1.0005356,0.002205872,2353789,eclipsing_binary
1519.787204965112,0.994208,0.0022010687,2353789,eclipsing_binary
1519.788593879494,0.99733174,0.0022069216,2353789,eclipsing_binary
1519.7899827938766,0.9975668,0.0022029553,2353789,eclipsing_binary
1519.7913717082602,1.0004537,0.0022061954,2353789,eclipsing_binary
1519.7927606226438,0.9974263,0.0022041432,2353789,eclipsing_binary
1519.7941495370262,0.99939513,0.0022051397,2353789,eclipsing_binary
1519.7955384514091,1.0002943,0.0022064885,2353789,eclipsing_binary
1519.7969273653264,1.0020765,0.0022080594,2353789,eclipsing_binary
1519.7983162797093,0.99770105,0.002204682,2353789,eclipsing_binary
1519.7997051940924,0.9962706,0.0022046322,2353789,eclipsing_binary
1519.8010941084756,0.9960053,0.0022034121,2353789,eclipsing_binary
1519.8024830228585,1.0021693,0.0022067206,2353789,eclipsing_binary
1519.8038719372414,0.9933865,0.0022008289,2353789,eclipsing_binary
1519.8052608516252,0.9960098,0.0022030526,2353789,eclipsing_binary
1519.8066497660081,0.9986937,0.0022079432,2353789,eclipsing_binary
1519.8080386803902,0.99681324,0.0022050855,2353789,eclipsing_binary
1519.809427594307,0.99869525,0.0022071984,2353789,eclipsing_binary
1519.8108165086908,0.9965419,0.002205156,2353789,eclipsing_binary
1519.8122054230741,1.0013151,0.0022090473,2353789,eclipsing_binary
1519.8135943374566,0.9999252,0.0022060298,2353789,eclipsing_binary
1519.814983251839,0.99711704,0.0022038594,2353789,eclipsing_binary
1519.816372166222,0.99947256,0.0022052713,2353789,eclipsing_binary
1519.8177610801397,0.9975558,0.0022036757,2353789,eclipsing_binary
1519.8191499945228,0.9990644,0.002205118,2353789,eclipsing_binary
1519.820538908906,0.999318,0.0022056226,2353789,eclipsing_binary
1519.821927823289,0.9959157,0.0022036417,2353789,eclipsing_binary
1519.8233167376718,0.9985525,0.0022050994,2353789,eclipsing_binary
1519.824705651589,0.9981121,0.0022037483,2353789,eclipsing_binary
1519.826094565972,0.999417,0.0022062755,2353789,eclipsing_binary
1519.827483480355,0.998417,0.0022040529,2353789,eclipsing_binary
1519.8288723947373,0.9987013,0.002204539,2353789,eclipsing_binary
1519.8302613091212,1.0005739,0.002206483,2353789,eclipsing_binary
1519.8316502230389,1.0002185,0.002205275,2353789,eclipsing_binary
1519.8330391374213,0.99517226,0.0022036706,2353789,eclipsing_binary
1519.8344280518038,0.9999292,0.002205409,2353789,eclipsing_binary
1519.8358169661867,1.0016327,0.002208484,2353789,eclipsing_binary
1519.8372058801046,1.000978,0.0022071896,2353789,eclipsing_binary
1519.8385947944878,0.99895394,0.0022048224,2353789,eclipsing_binary
1519.8399837088707,0.99802613,0.0022041032,2353789,eclipsing_binary
1519.841372622788,0.99744457,0.0022048284,2353789,eclipsing_binary
1519.8427615371709,1.0034719,0.0022085987,2353789,eclipsing_binary
1519.8441504515538,1.0000881,0.002206052,2353789,eclipsing_binary
1519.845539365471,0.99779,0.0022042932,2353789,eclipsing_binary
1519.8469282798542,0.9958965,0.0022056068,2353789,eclipsing_binary
1519.8483171942364,0.9989837,0.0022033125,2353789,eclipsing_binary
1519.8497061081546,0.9972942,0.002203993,2353789,eclipsing_binary
1519.8510950225382,1.0004674,0.0022049672,2353789,eclipsing_binary
1519.8524839369204,0.9968373,0.0022043146,2353789,eclipsing_binary
1519.8538728508372,0.99496937,0.0022019749,2353789,eclipsing_binary
1519.8552617652201,1.0012263,0.0022066217,2353789,eclipsing_binary
1519.8566506796037,0.9983198,0.0022054242,2353789,eclipsing_binary
1519.8580395935212,1.0003814,0.002205898,2353789,eclipsing_binary
1519.859428507904,0.9950998,0.0022015306,2353789,eclipsing_binary
1519.8608174218214,0.9997119,0.0022085698,2353789,eclipsing_binary
1519.8622063362043,0.9978277,0.0022057763,2353789,eclipsing_binary
1519.8635952505872,1.0027261,0.0022079686,2353789,eclipsing_binary
1519.8649841645047,0.99693143,0.0022023502,2353789,eclipsing_binary
1519.8663730788878,0.9970066,0.0022035246,2353789,eclipsing_binary
1519.8677619928042,1.0005537,0.0022062564,2353789,eclipsing_binary
1519.869150907188,0.994666,0.0022023881,2353789,eclipsing_binary
1519.8705398215716,0.9985708,0.0022049653,2353789,eclipsing_binary
1519.8719287354882,1.0003036,0.0022076094,2353789,eclipsing_binary
1519.8733176498706,1.0006769,0.00220638,2353789,eclipsing_binary
1519.8747065637879,1.0027497,0.0022086028,2353789,eclipsing_binary
1519.8760954781717,1.0017186,0.0022082685,2353789,eclipsing_binary
1519.877484392089,1.000324,0.0022059628,2353789,eclipsing_binary
1519.8788733064719,1.0014957,0.0022076853,2353789,eclipsing_binary
1519.880262220389,0.99955374,0.002206488,2353789,eclipsing_binary
1519.881651134772,1.0006595,0.0022058915,2353789,eclipsing_binary
1519.8830400486893,0.99906987,0.0022055628,2353789,eclipsing_binary
1519.8844289630724,1.0028124,0.002207871,2353789,eclipsing_binary
1519.88581787699,1.0030732,0.0022093006,2353789,eclipsing_binary
1519.887206791372,1.0030566,0.0022084226,2353789,eclipsing_binary
1519.88859570529,0.99894655,0.002204102,2353789,eclipsing_binary
1519.889984619674,1.002127,0.0022072569,2353789,eclipsing_binary
1519.8913735335902,1.003616,0.0022089079,2353789,eclipsing_binary
1519.8927624479727,1.0024116,0.0022095232,2353789,eclipsing_binary
1519.89415136189,0.99753517,0.0022052727,2353789,eclipsing_binary
1519.8955402758081,0.9958227,0.0022022268,2353789,eclipsing_binary
1519.896929190191,0.9996234,0.0022046918,2353789,eclipsing_binary
1519.8983181041083,0.99774915,0.00220548,2353789,eclipsing_binary
1519.8997070184912,1.0035503,0.0022077367,2353789,eclipsing_binary
1519.9010959324085,1.0002502,0.0022059372,2353789,eclipsing_binary
1519.9024848467916,1.0020773,0.0022078175,2353789,eclipsing_binary
1519.903873760709,0.99736094,0.0022037507,2353789,eclipsing_binary
1519.9052626746263,0.9963125,0.002202996,2353789,eclipsing_binary
1519.9066515890083,0.99634457,0.0022017646,2353789,eclipsing_binary
1519.9080405029265,0.9998285,0.0022065584,2353789,eclipsing_binary
1519.9094294168447,0.9995456,0.0022048005,2353789,eclipsing_binary
1519.9108183312267,1.0023202,0.0022072496,2353789,eclipsing_binary
1519.9122072451435,0.99833244,0.0022047928,2353789,eclipsing_binary
1519.9135961590607,0.99910605,0.00220525,2353789,eclipsing_binary
1519.9149850734445,0.99529326,0.0022018906,2353789,eclipsing_binary
1519.9163739873618,1.0000186,0.002204976,2353789,eclipsing_binary
1519.917762901279,0.9990428,0.002206768,2353789,eclipsing_binary
1519.919151815662,1.0017427,0.0022075241,2353789,eclipsing_binary
1519.9205407295792,1.0001719,0.0022067884,2353789,eclipsing_binary
1519.9219296434967,0.99972165,0.0022045695,2353789,eclipsing_binary
1519.9233185578798,1.0027261,0.0022096303,2353789,eclipsing_binary
1519.924707471797,0.9980322,0.0022055954,2353789,eclipsing_binary
1519.9260963857137,1.0019898,0.0022071225,2353789,eclipsing_binary
1519.9274853000973,0.9987157,0.0022065057,2353789,eclipsing_binary
1519.9288742140154,1.0034928,0.0022088883,2353789,eclipsing_binary
1519.9302631279318,1.0045398,0.0022087716,2353789,eclipsing_binary
1519.9316520418486,1.0038319,0.002208255,2353789,eclipsing_binary
1519.9330409562315,1.0028915,0.0022080147,2353789,eclipsing_binary
1519.9344298701496,1.0038438,0.0022091558,2353789,eclipsing_binary
1519.935818784067,1.0008216,0.0022076096,2353789,eclipsing_binary
1519.9372076979841,1.0043697,0.002210035,2353789,eclipsing_binary
1519.938596612367,1.0029848,0.0022073856,2353789,eclipsing_binary
1519.9399855262845,1.0016425,0.002208338,2353789,eclipsing_binary
1519.941374440202,1.0032902,0.0022077004,2353789,eclipsing_binary
1519.9427633541193,0.9996842,0.002206802,2353789,eclipsing_binary
1519.9441522680365,1.0062894,0.0022102722,2353789,eclipsing_binary
1519.9455411824188,1.0003014,0.0022068392,2353789,eclipsing_binary
1519.9469300963362,1.0004939,0.0022084916,2353789,eclipsing_binary
1519.948319010254,1.0015422,0.0022071302,2353789,eclipsing_binary
1519.9497079241714,1.0029366,0.0022095554,2353789,eclipsing_binary
1519.951096838088,1.0034751,0.002209376,2353789,eclipsing_binary
1519.9524857520053,1.0019898,0.0022074021,2353789,eclipsing_binary
1519.953874666389,1.0029768,0.0022078766,2353789,eclipsing_binary
1519.9552635803063,0.9990916,0.0022053819,2353789,eclipsing_binary
1519.9566524942231,1.0024084,0.0022085642,2353789,eclipsing_binary
1519.9580414081404,1.0001484,0.0022057306,2353789,eclipsing_binary
1519.9594303220583,1.0004865,0.0022045511,2353789,eclipsing_binary
1519.9608192359758,0.99895775,0.0022058943,2353789,eclipsing_binary
1519.962208149893,1.0021819,0.0022113847,2353789,eclipsing_binary
1519.9635970638103,1.0039457,0.0022085663,2353789,eclipsing_binary
1519.964985977727,1.0000747,0.0022072734,2353789,eclipsing_binary
1519.96637489211,1.0045147,0.0022084895,2353789,eclipsing_binary
1519.9677638060277,1.0029593,0.0022096627,2353789,eclipsing_binary
1519.9691527199452,0.9990974,0.0022055393,2353789,eclipsing_binary
1519.9705416338618,1.0027256,0.0022089898,2353789,eclipsing_binary
1519.971930547779,0.99735874,0.0022044992,2353789,eclipsing_binary
1519.9733194616972,1.0007442,0.0022068582,2353789,eclipsing_binary
1519.9747083756145,1.0022122,0.0022085328,2353789,eclipsing_binary
1519.9760972895313,1.0011252,0.0022078974,2353789,eclipsing_binary
1519.9774862034485,1.0004675,0.002206336,2353789,eclipsing_binary
1519.9788751173667,1.0044409,0.0022088382,2353789,eclipsing_binary
1519.980264031284,0.99921125,0.002206868,2353789,eclipsing_binary
1519.9816529452012,1.0016172,0.0022066738,2353789,eclipsing_binary
1519.9830418591184,1.001249,0.0022056478,2353789,eclipsing_binary
1519.9844307730352,1.0052141,0.0022098233,2353789,eclipsing_binary
1519.9858196869525,1.0024997,0.0022101463,2353789,eclipsing_binary
1519.9872086008704,1.001213,0.0022071719,2353789,eclipsing_binary
1519.988597514788,1.0024434,0.0022076196,2353789,eclipsing_binary
1519.9899864287042,1.0031384,0.0022083314,2353789,eclipsing_binary
1519.9913753426215,1.0072595,0.002209899,2353789,eclipsing_binary
1519.9927642565397,1.0036026,0.0022081241,2353789,eclipsing_binary
1519.994153170457,1.0030249,0.0022102336,2353789,eclipsing_binary
1519.9955420843737,1.0023589,0.0022084638,2353789,eclipsing_binary
1519.996930998291,1.0005491,0.0022070082,2353789,eclipsing_binary
1519.9983199122091,1.0021356,0.0022097619,2353789,eclipsing_binary
1519.9997088261264,1.00599,0.002211226,2353789,eclipsing_binary
1520.001097739578,1.0025948,0.0022080431,2353789,eclipsing_binary
1520.0024866534952,1.0038977,0.0022091798,2353789,eclipsing_binary
1520.003875567412,1.0006856,0.0022063476,2353789,eclipsing_binary
1520.0052644813293,1.0033361,0.0022088091,2353789,eclipsing_binary
1520.0066533952472,1.0037016,0.0022100867,2353789,eclipsing_binary
1520.0080423091647,1.0016953,0.002207071,2353789,eclipsing_binary
1520.009431223081,1.0049014,0.0022093717,2353789,eclipsing_binary
1520.0108201369985,1.0051818,0.002208779,2353789,eclipsing_binary
1520.0122090504508,1.0002881,0.002205692,2353789,eclipsing_binary
1520.013597964368,0.9982645,0.002208005,2353789,eclipsing_binary
1520.0149868782848,1.002346,0.0022084923,2353789,eclipsing_binary
1520.016375792202,1.0016909,0.002206529,2353789,eclipsing_binary
1520.0177647061203,1.004492,0.0022092308,2353789,eclipsing_binary
1520.0191536200375,1.006671,0.002211542,2353789,eclipsing_binary
1520.020542533489,1.0042435,0.0022078443,2353789,eclipsing_binary
1520.0219314474064,1.0062588,0.0022102876,2353789,eclipsing_binary
1520.0233203613232,1.0037122,0.0022092215,2353789,eclipsing_binary
1520.0247092752404,1.0018505,0.002207019,2353789,eclipsing_binary
1520.0260981891586,1.0029979,0.0022078461,2353789,eclipsing_binary
1520.0274871026102,1.0006993,0.0022057707,2353789,eclipsing_binary
1520.0288760165265,1.0052141,0.0022090958,2353789,eclipsing_binary
1520.030264930444,0.99616945,0.0022038713,2353789,eclipsing_binary
1520.031653844362,1.0037687,0.0022072138,2353789,eclipsing_binary
1520.0330427578135,1.0019178,0.0022074948,2353789,eclipsing_binary
1520.0344316717303,1.0025368,0.002207252,2353789,eclipsing_binary
1520.0358205856476,1.0065182,0.0022095547,2353789,eclipsing_binary
1520.0372094995657,1.0018518,0.0022076368,2353789,eclipsing_binary
1520.0385984130173,0.9994947,0.0022075162,2353789,eclipsing_binary
1520.0399873269346,0.9984844,0.0022058585,2353789,eclipsing_binary
1520.0413762408518,1.0037875,0.0022094755,2353789,eclipsing_binary
1520.0427651547686,0.9988483,0.0022061625,2353789,eclipsing_binary
1520.0441540682202,1.0022126,0.0022092497,2353789,eclipsing_binary
1520.0455429821384,1.0027695,0.0022096697,2353789,eclipsing_binary
1520.0469318960556,1.0018989,0.0022071651,2353789,eclipsing_binary
1520.0483208095065,1.0042348,0.0022076461,2353789,eclipsing_binary
1520.0497097234231,1.003572,0.002206432,2353789,eclipsing_binary
1520.0510986373413,1.0018091,0.002207209,2353789,eclipsing_binary
1520.0524875507936,1.003831,0.0022093318,2353789,eclipsing_binary
1520.0538764647101,1.0037217,0.0022099265,2353789,eclipsing_binary
1520.0552653786274,1.0024765,0.0022082035,2353789,eclipsing_binary
1520.0566542920799,1.0039574,0.002208257,2353789,eclipsing_binary
1520.0580432059971,0.9992613,0.0022048529,2353789,eclipsing_binary
1520.0594321194483,1.0018322,0.002208022,2353789,eclipsing_binary
1520.0608210333655,1.0009552,0.0022061777,2353789,eclipsing_binary
1520.0622099472828,1.0006557,0.0022090813,2353789,eclipsing_binary
1520.0635988607344,1.0057379,0.0022096604,2353789,eclipsing_binary
1520.0649877746525,1.0017229,0.0022072166,2353789,eclipsing_binary
1520.0663766881041,1.0033132,0.002209081,2353789,eclipsing_binary
1520.0677656020207,1.0005518,0.0022064964,2353789,eclipsing_binary
1520.0691545159373,0.9972118,0.002203363,2353789,eclipsing_binary
1520.0705434293898,1.0030348,0.002209503,2353789,eclipsing_binary
1520.0719323433077,1.0000786,0.0022066548,2353789,eclipsing_binary
1520.0733212567586,1.0011834,0.0022060727,2353789,eclipsing_binary
1520.0747101706759,1.004189,0.0022100154,2353789,eclipsing_binary
1520.0760990841284,1.0039192,0.0022081588,2353789,eclipsing_binary
1520.0774879980456,1.0016052,0.0022074776,2353789,eclipsing_binary
1520.0788769114968,1.0047516,0.0022111218,2353789,eclipsing_binary
1520.080265825414,1.00064,0.0022055323,2353789,eclipsing_binary
1520.0816547388656,1.0010971,0.002205821,2353789,eclipsing_binary
1520.0830436527829,1.0046582,0.0022094925,2353789,eclipsing_binary
1520.0844325662354,1.00219,0.0022078163,2353789,eclipsing_binary
1520.0858214801526,1.0016693,0.0022072815,2353789,eclipsing_binary
1520.0872103936038,1.002037,0.0022076296,2353789,eclipsing_binary
1520.08859930752,1.004564,0.0022088194,2353789,eclipsing_binary
1520.0899882209726,0.9991256,0.0022045195,2353789,eclipsing_binary
1520.0913771348908,1.0036174,0.002208557,2353789,eclipsing_binary
1520.0927660483414,1.000188,0.0022064992,2353789,eclipsing_binary
1520.0941549622587,1.0018994,0.0022073714,2353789,eclipsing_binary
1520.0955438757112,1.0006355,0.002205807,2353789,eclipsing_binary
1520.0969327896285,1.0033703,0.0022090564,2353789,eclipsing_binary
1520.0983217030796,1.0016979,0.0022083204,2353789,eclipsing_binary
1520.0997106165312,0.99970925,0.0022056974,2353789,eclipsing_binary
1520.1010995304484,0.9997666,0.002205549,2353789,eclipsing_binary
1520.1024884439,1.0026358,0.002207524,2353789,eclipsing_binary
1520.1038773578182,1.0036356,0.0022077148,2353789,eclipsing_binary
1520.1052662712698,0.99936265,0.0022046047,2353789,eclipsing_binary
1520.106655184721,0.99829257,0.0022034126,2353789,eclipsing_binary
1520.1080440986373,0.9979282,0.0022055537,2353789,eclipsing_binary
1520.1094330120898,0.99677116,0.002203296,2353789,eclipsing_binary
1520.110821926008,0.99924344,0.0022057944,2353789,eclipsing_binary
1520.1122108394586,1.0037951,0.0022075057,2353789,eclipsing_binary
1520.1135997529104,1.0024117,0.00220627,2353789,eclipsing_binary
1520.1149886668284,1.001782,0.0022076569,2353789,eclipsing_binary
1520.11637758028,1.0032481,0.002208189,2353789,eclipsing_binary
1520.117766493731,1.0023172,0.0022084417,2353789,eclipsing_binary
1520.1191554076483,1.0018412,0.0022080555,2353789,eclipsing_binary
1520.1205443211,1.0014852,0.0022059933,2353789,eclipsing_binary
1520.1219332345515,1.0039517,0.0022113605,2353789,eclipsing_binary
1520.1233221484697,1.004983,0.0022088336,2353789,eclipsing_binary
1520.1247110619213,1.0047023,0.002209521,2353789,eclipsing_binary
1520.1260999753724,0.99993575,0.002206167,2353789,eclipsing_binary
1520.127488888823,1.0000371,0.0022049644,2353789,eclipsing_binary
1520.1288778027413,1.0058216,0.0022095444,2353789,eclipsing_binary
1520.1302667161938,1.0003655,0.0022073973,2353789,eclipsing_binary
1520.1316556296445,1.0008668,0.0022065495,2353789,eclipsing_binary
1520.1330445430956,1.0030688,0.0022066783,2353789,eclipsing_binary
1520.1344334570138,1.0039433,0.0022081393,2353789,eclipsing_binary
1520.1358223704658,1.0010384,0.0022074326,2353789,eclipsing_binary
1520.137211283917,1.003706,0.002209709,2353789,eclipsing_binary
1520.1386001973685,1.0001698,0.0022058107,2353789,eclipsing_binary
1520.1399891112858,1.0029773,0.0022077137,2353789,eclipsing_binary
1520.1413780247374,1.0047882,0.0022109775,2353789,eclipsing_binary
1520.1427669381892,1.0003942,0.0022063302,2353789,eclipsing_binary
1520.144155851641,0.9965555,0.0022037046,2353789,eclipsing_binary
1520.1455447650926,1.0029687,0.0022104268,2353789,eclipsing_binary
1520.1469336790092,0.9998648,0.0022058457,2353789,eclipsing_binary
1520.1483225924615,0.99752265,0.0022042724,2353789,eclipsing_binary
1520.149711505914,0.9986695,0.0022051693,2353789,eclipsing_binary
1520.1511004193649,1.0018785,0.0022084028,2353789,eclipsing_binary
1520.1524893328158,1.0047755,0.0022081914,2353789,eclipsing_binary
1520.1538782462683,1.0002618,0.0022060212,2353789,eclipsing_binary
1520.155267160186,1.0052295,0.0022086715,2353789,eclipsing_binary
1520.1566560736371,1.0001382,0.0022072927,2353789,eclipsing_binary
1520.1580449870887,1.001744,0.0022066464,2353789,eclipsing_binary
1520.1594339005403,1.0024142,0.0022077595,2353789,eclipsing_binary
1520.1608228139921,0.9999492,0.002205628,2353789,eclipsing_binary
1520.162211727444,0.9990279,0.0022042175,2353789,eclipsing_binary
1520.1636006408955,0.9992686,0.0022057376,2353789,eclipsing_binary
1520.1649895543471,1.0050108,0.002207382,2353789,eclipsing_binary
1520.166378467798,1.0009142,0.0022052361,2353789,eclipsing_binary
1520.1677673812503,1.0057427,0.0022103367,2353789,eclipsing_binary
1520.1691562951685,1.0025178,0.0022070848,2353789,eclipsing_binary
1520.1705452086194,0.9981798,0.0022047553,2353789,eclipsing_binary
1520.1719341220703,0.99716896,0.0022032137,2353789,eclipsing_binary
1520.1733230355228,0.99790496,0.0022032014,2353789,eclipsing_binary
1520.174711948975,1.0012032,0.0022067225,2353789,eclipsing_binary
1520.176100862426,1.0003666,0.0022051465,2353789,eclipsing_binary
1520.1774897758776,1.0010356,0.0022071728,2353789,eclipsing_binary
1520.1788786893292,1.0017539,0.0022048552,2353789,eclipsing_binary
1520.180267602781,0.9993818,0.0022050112,2353789,eclipsing_binary
1520.1816565162328,0.9993701,0.0022056587,2353789,eclipsing_binary
1520.1830454296844,1.0010691,0.0022066466,2353789,eclipsing_binary
1520.184434343136,1.0013467,0.002205452,2353789,eclipsing_binary
1520.1858232565871,1.0017396,0.002208549,2353789,eclipsing_binary
1520.1872121700392,1.001201,0.002205636,2353789,eclipsing_binary
1520.1886010834917,1.001346,0.0022061372,2353789,eclipsing_binary
1520.1899899969428,1.0058641,0.0022123843,2353789,eclipsing_binary
1520.1913789103935,1.0003732,0.00220505,2353789,eclipsing_binary
1520.192767823846,1.0025382,0.0022069039,2353789,eclipsing_binary
1520.1941567372983,0.9958798,0.0022032731,2353789,eclipsing_binary
1520.1955456507492,1.000696,0.0022050478,2353789,eclipsing_binary
1520.196934563735,0.99990445,0.0022061015,2353789,eclipsing_binary
1520.198323477187,1.0029333,0.0022080352,2353789,eclipsing_binary
1520.1997123906388,0.9983249,0.00220368,2353789,eclipsing_binary
1520.2011013040903,1.000967,0.0022070734,2353789,eclipsing_binary
1520.202490217542,1.0005593,0.0022060173,2353789,eclipsing_binary
1520.2038791309935,1.0039775,0.0022102995,2353789,eclipsing_binary
1520.2052680444447,1.0022848,0.0022068804,2353789,eclipsing_binary
1520.2066569578967,0.9989632,0.0022037975,2353789,eclipsing_binary
1520.2080458713492,1.000012,0.0022049265,2353789,eclipsing_binary
1520.2094347848004,0.9994727,0.0022048983,2353789,eclipsing_binary
1520.2108236977854,1.0036407,0.0022098303,2353789,eclipsing_binary
1520.2122126112379,0.9978883,0.0022070354,2353789,eclipsing_binary
1520.2136015246904,1.0004035,0.0022085486,2353789,eclipsing_binary
1520.214990438141,1.0013524,0.0022062403,2353789,eclipsing_binary
1520.2163793515922,1.0001106,0.0022058322,2353789,eclipsing_binary
1520.2177682650438,1.0057583,0.0022086878,2353789,eclipsing_binary
1520.2191571780306,0.99760133,0.0022062964,2353789,eclipsing_binary
1520.2205460914822,0.999255,0.0022051954,2353789,eclipsing_binary
1520.2219350049338,1.0029731,0.0022066792,2353789,eclipsing_binary
1520.2233239183854,0.9994574,0.0022067272,2353789,eclipsing_binary
1520.2247128318365,1.0007014,0.0022060145,2353789,eclipsing_binary
1520.2261017448225,1.0053838,0.0022076755,2353789,eclipsing_binary
1520.227490658275,0.99776626,0.0022036866,2353789,eclipsing_binary
1520.2288795717266,0.99782425,0.002204041,2353789,eclipsing_binary
1520.2302684851772,1.0002683,0.0022064652,2353789,eclipsing_binary
1520.231657398164,0.99754477,0.0022047125,2353789,eclipsing_binary
1520.2330463116166,1.0036088,0.0022081786,2353789,eclipsing_binary
1520.2344352250673,1.0044645,0.0022081286,2353789,eclipsing_binary
1520.2358241385184,0.99817497,0.0022040454,2353789,eclipsing_binary
1520.2372130515043,1.0026343,0.002208501,2353789,eclipsing_binary
1520.2386019649568,1.0003957,0.0022071816,2353789,eclipsing_binary
1520.2399908784084,1.0028512,0.0022081905,2353789,eclipsing_binary
1520.24137979186,0.99903125,0.0022050957,2353789,eclipsing_binary
1520.242768704846,0.9997003,0.0022069113,2353789,eclipsing_binary
1520.244157618297,0.9979127,0.002204886,2353789,eclipsing_binary
1520.2455465317487,0.9944373,0.0022031206,2353789,eclipsing_binary
1520.2469354447355,0.99796784,0.0022049756,2353789,eclipsing_binary
1520.2483243581871,0.9988043,0.002205663,2353789,eclipsing_binary
1520.249713271638,0.9974705,0.0022037085,2353789,eclipsing_binary
1520.2511021846246,1.0012127,0.0022066738,2353789,eclipsing_binary
1520.2524910980771,0.9962519,0.0022030566,2353789,eclipsing_binary
1520.2538800115278,0.99940735,0.0022049744,2353789,eclipsing_binary
1520.2552689245133,0.9986782,0.0022058976,2353789,eclipsing_binary
1520.256657837965,1.0030109,0.0022076094,2353789,eclipsing_binary
1520.2580467514174,0.99713165,0.002202646,2353789,eclipsing_binary
1520.2594356644033,0.9991751,0.002206084,2353789,eclipsing_binary
1520.260824577855,0.9994028,0.0022047604,2353789,eclipsing_binary
1520.2622134908408,1.0016156,0.0022063712,2353789,eclipsing_binary
1520.263602404292,1.0022172,0.0022070238,2353789,eclipsing_binary
1520.2649913177436,1.0028688,0.0022073225,2353789,eclipsing_binary
1520.2663802307304,0.997934,0.0022045942,2353789,eclipsing_binary
1520.267769144182,0.9979931,0.002203686,2353789,eclipsing_binary
1520.2691580571673,1.0018113,0.002208768,2353789,eclipsing_binary
1520.2705469706195,1.0005584,0.0022076753,2353789,eclipsing_binary
1520.2719358836064,0.9995962,0.002206212,2353789,eclipsing_binary
1520.2733247970573,1.004706,0.0022083125,2353789,eclipsing_binary
1520.2747137100425,1.0019338,0.002209838,2353789,eclipsing_binary
1520.2761026234941,1.0030457,0.0022077872,2353789,eclipsing_binary
1520.2774915369466,1.0004088,0.0022065798,2353789,eclipsing_binary
1520.2788804499326,0.9990866,0.0022056126,2353789,eclipsing_binary
1520.2802693633841,1.0005924,0.0022065951,2353789,eclipsing_binary
1520.28165827637,1.0047015,0.002209231,2353789,eclipsing_binary
1520.2830471898212,0.9998355,0.0022079658,2353789,eclipsing_binary
1520.2844361028071,1.005813,0.002211394,2353789,eclipsing_binary
1520.2858250162597,0.99993265,0.002205942,2353789,eclipsing_binary
1520.2872139292456,0.99986243,0.0022053649,2353789,eclipsing_binary
1520.288602842231,0.9956793,0.002202904,2353789,eclipsing_binary
1520.2899917556826,1.0016927,0.0022078385,2353789,eclipsing_binary
1520.291380668669,1.001644,0.002209335,2353789,eclipsing_binary
1520.2927695821209,1.001768,0.002207777,2353789,eclipsing_binary
1520.294158495106,0.9975321,0.0022044533,2353789,eclipsing_binary
1520.2955474085577,1.0016396,0.0022063588,2353789,eclipsing_binary
1520.2969363215445,0.9999233,0.002205065,2353789,eclipsing_binary
1520.2983252349961,0.9987185,0.0022056988,2353789,eclipsing_binary
1520.2997141479816,0.99370384,0.0022019814,2353789,eclipsing_binary
1520.3011030609675,0.9998812,0.0022060464,2353789,eclipsing_binary
1520.3024919744191,1.0031991,0.002209045,2353789,eclipsing_binary
1520.303880887405,1.001067,0.0022081388,2353789,eclipsing_binary
1520.3052698008576,1.0012511,0.0022069805,2353789,eclipsing_binary
1520.3066587138435,1.0004748,0.0022063975,2353789,eclipsing_binary
1520.308047626829,0.99775726,0.0022035637,2353789,eclipsing_binary
1520.3094365402806,0.9980996,0.0022045143,2353789,eclipsing_binary
1520.3108254532672,1.0006994,0.002208558,2353789,eclipsing_binary
1520.3122143662533,0.99860734,0.0022048107,2353789,eclipsing_binary
1520.313603279704,1.0014013,0.0022077297,2353789,eclipsing_binary
1520.31499219269,0.99834794,0.002204418,2353789,eclipsing_binary
1520.3163811056768,0.99709576,0.002204019,2353789,eclipsing_binary
1520.3177700191284,0.99765223,0.0022047807,2353789,eclipsing_binary
1520.3191589321139,0.9993928,0.0022055006,2353789,eclipsing_binary
1520.3205478450998,1.0001296,0.00220583,2353789,eclipsing_binary
1520.3219367585514,1.0003252,0.0022063504,2353789,eclipsing_binary
1520.3233256715373,1.0019416,0.0022077642,2353789,eclipsing_binary
1520.3247145845241,1.0044643,0.002209224,2353789,eclipsing_binary
1520.32610349751,1.0039344,0.0022089889,2353789,eclipsing_binary
1520.3274924109612,1.0056821,0.0022105323,2353789,eclipsing_binary
1520.3288813239471,0.99955094,0.0022051951,2353789,eclipsing_binary
1520.3302702369338,1.0004207,0.0022067335,2353789,eclipsing_binary
1520.3316591503856,1.0024639,0.0022077456,2353789,eclipsing_binary
1520.3330480633706,1.0012825,0.0022079998,2353789,eclipsing_binary
1520.3344369763568,1.0023756,0.0022077158,2353789,eclipsing_binary
1520.3358258893434,1.0008512,0.0022077472,2353789,eclipsing_binary
1520.3372148023293,1.0031008,0.0022086212,2353789,eclipsing_binary
1520.3386037157804,1.0004038,0.002206033,2353789,eclipsing_binary
1520.3399926287664,1.002918,0.002208378,2353789,eclipsing_binary
1520.3413815417523,1.0031868,0.0022097977,2353789,eclipsing_binary
1520.3427704547382,1.0034975,0.0022091542,2353789,eclipsing_binary
1520.344159367725,1.0041633,0.0022091446,2353789,eclipsing_binary
1520.3455482811767,0.9999135,0.0022055155,2353789,eclipsing_binary
1520.3469371941621,1.0028117,0.0022080303,2353789,eclipsing_binary
1520.348326107148,1.0045246,0.0022093055,2353789,eclipsing_binary
1520.349715020135,0.9986438,0.0022059535,2353789,eclipsing_binary
1520.3511039331208,0.9971454,0.0022039344,2353789,eclipsing_binary
1520.3524928461059,0.99984914,0.0022060932,2353789,eclipsing_binary
1520.353881759557,1.0003399,0.0022061837,2353789,eclipsing_binary
1520.3552706725438,1.0007817,0.0022072962,2353789,eclipsing_binary
1520.3566595855302,0.9999923,0.0022050836,2353789,eclipsing_binary
1520.3580484985157,0.9977061,0.00220386,2353789,eclipsing_binary
1520.3594374115016,0.99913675,0.002205039,2353789,eclipsing_binary
1520.3608263244876,0.99896896,0.0022046033,2353789,eclipsing_binary
1520.3622152374737,1.0001147,0.002205483,2353789,eclipsing_binary
1520.3636041504599,1.0013412,0.0022064336,2353789,eclipsing_binary
1520.3649930634458,1.0008113,0.0022094972,2353789,eclipsing_binary
1520.3663819768974,0.99755526,0.0022032857,2353789,eclipsing_binary
1520.3677708898833,0.9960348,0.0022040901,2353789,eclipsing_binary
1520.3691598028702,0.9969766,0.0022043078,2353789,eclipsing_binary
1520.370548715856,0.99783677,0.002203234,2353789,eclipsing_binary
1520.3719376288414,0.9975339,0.0022030815,2353789,eclipsing_binary
1520.3733265418266,1.0007855,0.0022069856,2353789,eclipsing_binary
1520.3747154548134,1.0011163,0.0022082506,2353789,eclipsing_binary
1520.3761043678,0.99695575,0.0022044554,2353789,eclipsing_binary
1520.3774932807853,1.0017668,0.0022074585,2353789,eclipsing_binary
1520.3788821937712,1.0013818,0.0022061362,2353789,eclipsing_binary
1520.3802711067572,1.0020345,0.002206213,2353789,eclipsing_binary
1520.3816600197433,0.99913013,0.0022065062,2353789,eclipsing_binary
1520.3830489327295,0.9994268,0.0022063195,2353789,eclipsing_binary
1520.3844378457154,1.0005739,0.0022051744,2353789,eclipsing_binary
1520.3858267587013,1.0015274,0.002205687,2353789,eclipsing_binary
1520.3872156716873,1.0026575,0.0022081058,2353789,eclipsing_binary
1520.388604584674,1.0024145,0.0022081034,2353789,eclipsing_binary
1520.38999349766,0.9995456,0.0022063784,2353789,eclipsing_binary
1520.3913824106453,0.9991451,0.0022087875,2353789,eclipsing_binary
1520.3927713236305,1.0031127,0.0022082445,2353789,eclipsing_binary
1520.3941602366174,1.0010233,0.002205472,2353789,eclipsing_binary
1520.3955491491383,1.001717,0.0022064846,2353789,eclipsing_binary
1520.3969380621236,1.000135,0.0022059064,2353789,eclipsing_binary
1520.3983269751095,1.001707,0.0022066168,2353789,eclipsing_binary
1520.3997158880957,0.99936116,0.0022077651,2353789,eclipsing_binary
1520.4011048010818,1.0028075,0.002207356,2353789,eclipsing_binary
1520.4024937140678,1.0027301,0.002208728,2353789,eclipsing_binary
1520.4038826270537,1.0022062,0.0022077097,2353789,eclipsing_binary
1520.4052715400396,1.0030786,0.002207188,2353789,eclipsing_binary
1520.406660453025,1.0039275,0.0022081693,2353789,eclipsing_binary
1520.4080493655458,1.0030746,0.0022086469,2353789,eclipsing_binary
1520.4094382785327,0.99987525,0.00220664,2353789,eclipsing_binary
1520.4108271915181,1.0011464,0.002207302,2353789,eclipsing_binary
1520.4122161045032,0.9999854,0.00220529,2353789,eclipsing_binary
1520.41360501749,0.9994224,0.0022057325,2353789,eclipsing_binary
1520.4149939304768,1.0016713,0.0022074797,2353789,eclipsing_binary
1520.4163828434619,1.0048095,0.0022079675,2353789,eclipsing_binary
1520.4177717559817,1.0022154,0.0022089996,2353789,eclipsing_binary
1520.4191606689676,1.0007848,0.002207273,2353789,eclipsing_binary
1520.4205495819544,1.0038826,0.0022094056,2353789,eclipsing_binary
1520.4219384949404,1.0006433,0.0022058748,2353789,eclipsing_binary
1520.4233274079263,1.0033665,0.0022090334,2353789,eclipsing_binary
1520.4247163204466,1.0024619,0.0022069612,2353789,eclipsing_binary
1520.426105233432,1.0046378,0.0022103465,2353789,eclipsing_binary
1520.427494146418,0.99888915,0.0022050396,2353789,eclipsing_binary
1520.4288830594046,0.9990541,0.002205171,2353789,eclipsing_binary
1520.430271971925,1.0013249,0.0022067938,2353789,eclipsing_binary
1520.4316608849101,1.0018811,0.0022066163,2353789,eclipsing_binary
1520.433049797897,0.9977936,0.0022043025,2353789,eclipsing_binary
1520.4344387108838,1.0032283,0.002208484,2353789,eclipsing_binary
1520.4358276234032,1.0026183,0.0022077886,2353789,eclipsing_binary
1520.4372165363886,0.9985108,0.0022045947,2353789,eclipsing_binary
1520.4386054493746,1.0004586,0.0022060666,2353789,eclipsing_binary
1520.4399943618957,0.9975008,0.0022048457,2353789,eclipsing_binary
1520.4413832748817,1.0006942,0.0022079372,2353789,eclipsing_binary
1520.4427721878676,1.00025,0.0022052075,2353789,eclipsing_binary
1520.4441611003879,1.0031494,0.0022067192,2353789,eclipsing_binary
1520.4455500133733,1.004103,0.0022116369,2353789,eclipsing_binary
1520.4469389263593,1.0061058,0.0022099777,2353789,eclipsing_binary
1520.4483278388805,0.99803936,0.0022044105,2353789,eclipsing_binary
1520.4497167518664,1.0000156,0.002206272,2353789,eclipsing_binary
1520.4511056648514,0.99796236,0.0022041814,2353789,eclipsing_binary
1520.4524945773726,1.0017892,0.00220738,2353789,eclipsing_binary
1520.4538834903594,1.0002955,0.002205746,2353789,eclipsing_binary
1520.4552724033445,0.99870545,0.002204017,2353789,eclipsing_binary
1520.4566613158643,1.0016036,0.0022072406,2353789,eclipsing_binary
1520.4580502288502,0.9986049,0.0022042347,2353789,eclipsing_binary
1520.459439141837,1.0013323,0.0022065097,2353789,eclipsing_binary
1520.4608280543573,1.0024284,0.002207384,2353789,eclipsing_binary
1520.4622169673432,0.99903923,0.0022054429,2353789,eclipsing_binary
1520.4636058798635,0.99962795,0.002208282,2353789,eclipsing_binary
1520.464994792849,0.99927,0.0022042445,2353789,eclipsing_binary
1520.4663837053693,1.001581,0.002208322,2353789,eclipsing_binary
1520.467772618356,0.99984694,0.0022047865,2353789,eclipsing_binary
1520.469161531342,0.997112,0.002202926,2353789,eclipsing_binary
1520.4705504438616,0.99774176,0.0022030321,2353789,eclipsing_binary
1520.4719393568478,0.9986024,0.0022042007,2353789,eclipsing_binary
1520.4733282693685,0.9974872,0.002203739,2353789,eclipsing_binary
1520.4747171823547,0.99618995,0.0022023015,2353789,eclipsing_binary
1520.4761060948742,1.0008738,0.0022067362,2353789,eclipsing_binary
1520.4774950078602,0.9966746,0.0022028987,2353789,eclipsing_binary
1520.4788839203813,0.99980825,0.0022055963,2353789,eclipsing_binary
1520.4802728333673,1.003359,0.002207566,2353789,eclipsing_binary
1520.481661745887,0.9982642,0.0022047218,2353789,eclipsing_binary
1520.483050658873,1.0061572,0.0022122853,2353789,eclipsing_binary
1520.4844395713933,1.0058862,0.0022086345,2353789,eclipsing_binary
1520.4858284843792,0.99799895,0.0022063744,2353789,eclipsing_binary
1520.4872173969004,0.99768025,0.0022053297,2353789,eclipsing_binary
1520.4886063098863,1.0014658,0.0022065607,2353789,eclipsing_binary
1520.489995222406,1.0018635,0.0022066052,2353789,eclipsing_binary
1520.4913841349264,0.999163,0.0022050329,2353789,eclipsing_binary
1520.4927730479128,0.99788654,0.0022033309,2353789,eclipsing_binary
1520.4941619604333,1.000123,0.0022048405,2353789,eclipsing_binary
1520.4955508734186,1.0011951,0.0022063712,2353789,eclipsing_binary
1520.4969397859388,0.9978314,0.0022060191,2353789,eclipsing_binary
1520.4983286989257,0.999966,0.002206248,2353789,eclipsing_binary
1520.499717611446,1.0018779,0.002206224,2353789,eclipsing_binary
1520.5011065239657,0.99879783,0.0022048918,2353789,eclipsing_binary
1520.5024954369517,0.9958313,0.0022019318,2353789,eclipsing_binary
1520.503884349472,0.99635667,0.002205647,2353789,eclipsing_binary
1520.5052732619922,0.9975081,0.0022024915,2353789,eclipsing_binary
1520.5163845635518,0.9990036,0.0022040114,2353789,eclipsing_binary
1520.517773476073,0.9987141,0.0022032396,2353789,eclipsing_binary
1520.519162389059,0.99671674,0.0022031744,2353789,eclipsing_binary
1520.5205513015787,1.0000064,0.0022053288,2353789,eclipsing_binary
1520.521940214099,0.99601793,0.0022030664,2353789,eclipsing_binary
1520.523329127085,0.99867076,0.0022043684,2353789,eclipsing_binary
1520.5247180396052,0.9964481,0.0022023004,2353789,eclipsing_binary
1520.5261069521264,0.9986574,0.0022029853,2353789,eclipsing_binary
1520.5274958646467,0.9971737,0.002203032,2353789,eclipsing_binary
1520.5288847776321,1.0009717,0.0022071677,2353789,eclipsing_binary
1520.5302736901524,0.9998138,0.0022048173,2353789,eclipsing_binary
1520.5316626026734,1.000661,0.0022054943,2353789,eclipsing_binary
1520.5330515151938,0.99795735,0.0022040608,2353789,eclipsing_binary
1520.5344404281789,0.9981149,0.002203943,2353789,eclipsing_binary
1520.5358293406987,1.001179,0.0022064187,2353789,eclipsing_binary
1520.5372182532196,1.0006022,0.002206356,2353789,eclipsing_binary
1520.5386071657406,0.9997556,0.00220714,2353789,eclipsing_binary
1520.5399960782604,1.0006176,0.0022042668,2353789,eclipsing_binary
1520.5413849912463,1.0018722,0.0022063712,2353789,eclipsing_binary
1520.5427739037666,0.9984771,0.0022060976,2353789,eclipsing_binary
1520.5441628162869,1.0004935,0.0022045062,2353789,eclipsing_binary
1520.5455517288074,0.9961995,0.0022028782,2353789,eclipsing_binary
1520.5469406413279,0.9945228,0.0022005853,2353789,eclipsing_binary
1520.5483295538481,0.99862385,0.0022032904,2353789,eclipsing_binary
1520.549718466834,0.997013,0.0022033404,2353789,eclipsing_binary
1520.5511073793552,1.0001596,0.0022023707,2353789,eclipsing_binary
1520.5524962918755,1.0000792,0.0022062592,2353789,eclipsing_binary
1520.5538852043949,1.0011666,0.0022064885,2353789,eclipsing_binary
1520.5552741169147,0.99987817,0.0022056068,2353789,eclipsing_binary
1520.5566630294359,0.9961444,0.002201458,2353789,eclipsing_binary
1520.5580519419566,0.99705476,0.00220277,2353789,eclipsing_binary
1520.5594408544764,0.9969705,0.002203444,2353789,eclipsing_binary
1520.5608297669967,0.99600816,0.0022026326,2353789,eclipsing_binary
1520.5622186799826,0.9974263,0.002204696,2353789,eclipsing_binary
1520.5636075925029,0.9986812,0.0022035008,2353789,eclipsing_binary
1520.5649965050234,0.9972768,0.0022030743,2353789,eclipsing_binary
1520.5663854175439,0.9962539,0.0022027066,2353789,eclipsing_binary
1520.5677743300641,0.9938232,0.0021995876,2353789,eclipsing_binary
1520.5691632425844,0.9963084,0.002202286,2353789,eclipsing_binary
1520.5705521551056,0.99841374,0.00220365,2353789,eclipsing_binary
1520.5719410676259,0.9968837,0.0022044193,2353789,eclipsing_binary
1520.5733299801454,0.9966191,0.0022001152,2353789,eclipsing_binary
1520.574718892665,0.9982773,0.002205375,2353789,eclipsing_binary
1520.5761078051862,0.9956728,0.0022023467,2353789,eclipsing_binary
1520.577496717707,0.99984735,0.0022048813,2353789,eclipsing_binary
1520.5788856302268,0.99694395,0.002203409,2353789,eclipsing_binary
1520.5802745427466,0.99720055,0.0022018028,2353789,eclipsing_binary
1520.5816634552668,0.9999516,0.00220519,2353789,eclipsing_binary
1520.5830523677878,0.9991371,0.0022043877,2353789,eclipsing_binary
1520.5844412803083,0.991939,0.0022001406,2353789,eclipsing_binary
1520.5858301928286,0.9943901,0.0022018768,2353789,eclipsing_binary
1520.5872191053488,0.99450976,0.0022001152,2353789,eclipsing_binary
1520.588608017869,0.99213696,0.002200297,2353789,eclipsing_binary
1520.5899969303894,0.9916336,0.0021992126,2353789,eclipsing_binary
1520.5913858429096,0.9951524,0.002203604,2353789,eclipsing_binary
1520.5927747549645,0.9884862,0.0021974547,2353789,eclipsing_binary
1520.594163667484,0.993242,0.0021999618,2353789,eclipsing_binary
1520.5955525800052,0.99091744,0.0022010272,2353789,eclipsing_binary
1520.5969414925262,0.9907378,0.0022001453,2353789,eclipsing_binary
1520.5983304050458,0.99275035,0.002199493,2353789,eclipsing_binary
1520.5997193175656,0.987126,0.0021955466,2353789,eclipsing_binary
1520.6011082300859,0.98623765,0.0021943403,2353789,eclipsing_binary
1520.6024971426068,0.9839873,0.0021923394,2353789,eclipsing_binary
1520.6038860551273,0.98590183,0.0021947036,2353789,eclipsing_binary
1520.605274967182,0.98378754,0.0021912619,2353789,eclipsing_binary
1520.6066638797022,0.9846699,0.002195024,2353789,eclipsing_binary
1520.6080527922225,0.98066205,0.0021895403,2353789,eclipsing_binary
1520.6094417047427,0.98112524,0.0021910623,2353789,eclipsing_binary
1520.6108306172632,0.9814487,0.0021921543,2353789,eclipsing_binary
1520.6122195297837,0.97960204,0.0021907424,2353789,eclipsing_binary
1520.6136084418374,0.98011655,0.0021912828,2353789,eclipsing_binary
1520.6149973543586,0.9793146,0.0021888365,2353789,eclipsing_binary
1520.6163862668795,0.9774984,0.002187747,2353789,eclipsing_binary
1520.6177751793991,0.9766292,0.002188107,2353789,eclipsing_binary
1520.619164091919,0.9715037,0.0021822369,2353789,eclipsing_binary
1520.6205530039736,0.97603494,0.0021849,2353789,eclipsing_binary
1520.6219419164947,0.9748754,0.0021844404,2353789,eclipsing_binary
1520.623330829015,0.9740509,0.002185783,2353789,eclipsing_binary
1520.6247197415353,0.9727577,0.0021831149,2353789,eclipsing_binary
1520.6261086540555,0.97392356,0.0021860178,2353789,eclipsing_binary
1520.6274975661102,0.9748594,0.0021844965,2353789,eclipsing_binary
1520.6288864786304,0.96934927,0.0021823815,2353789,eclipsing_binary
1520.630275391151,0.9676452,0.0021824562,2353789,eclipsing_binary
1520.6316643032058,0.9689332,0.0021811277,2353789,eclipsing_binary
1520.633053215725,0.9696628,0.0021823586,2353789,eclipsing_binary
1520.6344421282456,0.9740375,0.0021854884,2353789,eclipsing_binary
1520.6358310407666,0.9706113,0.0021828965,2353789,eclipsing_binary
1520.6372199528212,0.9671651,0.0021830413,2353789,eclipsing_binary
1520.638608865341,0.96740913,0.0021801312,2353789,eclipsing_binary
1520.6399977778613,0.9710528,0.0021832197,2353789,eclipsing_binary
1520.6413866899168,0.9699402,0.0021809633,2353789,eclipsing_binary
1520.642775602437,0.9679219,0.0021813498,2353789,eclipsing_binary
1520.6441645149566,0.96891564,0.0021827307,2353789,eclipsing_binary
1520.6455534270115,0.9725602,0.0021847263,2353789,eclipsing_binary
1520.6469423395322,0.97010523,0.002181873,2353789,eclipsing_binary
1520.6483312520527,0.9713033,0.0021828492,2353789,eclipsing_binary
1520.6497201641075,0.9706035,0.0021838197,2353789,eclipsing_binary
1520.6511090766278,0.977425,0.002189254,2353789,eclipsing_binary
1520.6524979886815,0.975029,0.0021864576,2353789,eclipsing_binary
1520.653886901202,0.97631407,0.0021895894,2353789,eclipsing_binary
1520.655275813723,0.9764448,0.0021892134,2353789,eclipsing_binary
1520.6566647257775,0.97437906,0.002185097,2353789,eclipsing_binary
1520.6580536382974,0.9817053,0.00219252,2353789,eclipsing_binary
1520.659442550352,0.98181725,0.002191981,2353789,eclipsing_binary
1520.6608314628731,0.97911465,0.0021924484,2353789,eclipsing_binary
1520.6622203753934,0.97774774,0.0021872853,2353789,eclipsing_binary
1520.6636092874473,0.98032,0.0021877543,2353789,eclipsing_binary
1520.6649981999678,0.976945,0.0021876115,2353789,eclipsing_binary
1520.666387112023,0.9865987,0.0021925576,2353789,eclipsing_binary
1520.6677760245434,0.9873808,0.0021950523,2353789,eclipsing_binary
1520.6691649365982,0.9861462,0.0021958186,2353789,eclipsing_binary
1520.6705538491185,0.98997813,0.0021949322,2353789,eclipsing_binary
1520.6719427611724,0.9880514,0.0021933832,2353789,eclipsing_binary
1520.673331673693,0.9882837,0.0021953194,2353789,eclipsing_binary
1520.674720585748,0.9926532,0.0021991578,2353789,eclipsing_binary
1520.6761094982683,0.9908723,0.0021953445,2353789,eclipsing_binary
1520.6774984103224,0.99408716,0.0022025786,2353789,eclipsing_binary
1520.6788873228422,0.99691886,0.0022006452,2353789,eclipsing_binary
1520.6802762348973,0.9954561,0.0022042838,2353789,eclipsing_binary
1520.6816651474185,0.99732816,0.0022020014,2353789,eclipsing_binary
1520.6830540594726,0.99657094,0.0022019357,2353789,eclipsing_binary
1520.684442971993,0.992834,0.002199944,2353789,eclipsing_binary
1520.6858318840482,0.99780625,0.0022042075,2353789,eclipsing_binary
1520.6872207965687,1.0032266,0.0022065863,2353789,eclipsing_binary
1520.6886097086224,1.0046283,0.0022087689,2353789,eclipsing_binary
1520.689998620677,1.0000279,0.0022055649,2353789,eclipsing_binary
1520.6913875331975,0.9974835,0.0022026193,2353789,eclipsing_binary
1520.6927764452523,0.9990656,0.0022030766,2353789,eclipsing_binary
1520.694165357773,0.9945775,0.0022013262,2353789,eclipsing_binary
1520.6955542698279,0.99857515,0.0022021257,2353789,eclipsing_binary
1520.6969431823475,0.9993867,0.0022057197,2353789,eclipsing_binary
1520.6983320944016,0.9969717,0.0022019725,2353789,eclipsing_binary
1520.699721006457,0.99318206,0.0021998587,2353789,eclipsing_binary
1520.7011099189779,0.99647933,0.0022066177,2353789,eclipsing_binary
1520.702498831032,0.9949098,0.0022017409,2353789,eclipsing_binary
1520.7038877430866,0.9980056,0.0022031786,2353789,eclipsing_binary
1520.7052766556076,0.9990366,0.00220402,2353789,eclipsing_binary
1520.7066655676624,0.99709564,0.002201797,2353789,eclipsing_binary
1520.708054479716,0.99441516,0.0021984188,2353789,eclipsing_binary
1520.7094433922366,0.99940383,0.002206903,2353789,eclipsing_binary
1520.7108323042914,0.997886,0.0022013222,2353789,eclipsing_binary
1520.712221216346,0.99646205,0.0022013306,2353789,eclipsing_binary
1520.7136101288668,0.9959155,0.002203248,2353789,eclipsing_binary
1520.7149990409216,0.99567366,0.0022011502,2353789,eclipsing_binary
1520.7163879529755,0.99460095,0.0021994698,2353789,eclipsing_binary
1520.7177768654954,0.9993591,0.0022036603,2353789,eclipsing_binary
1520.7191657775506,0.99958014,0.0022064478,2353789,eclipsing_binary
1520.720554689606,0.99974436,0.002203368,2353789,eclipsing_binary
1520.72194360166,0.99250245,0.0022015208,2353789,eclipsing_binary
1520.7233325141804,0.99828595,0.002203223,2353789,eclipsing_binary
1520.7247214262359,0.9986107,0.0022050347,2353789,eclipsing_binary
1520.7261103382905,1.0004433,0.002206279,2353789,eclipsing_binary
1520.7274992503442,1.0004427,0.002205505,2353789,eclipsing_binary
1520.7288881628647,0.99994516,0.0022040908,2353789,eclipsing_binary
1520.7302770749195,1.0002034,0.0022045295,2353789,eclipsing_binary
1520.7316659869741,0.9980139,0.0022039309,2353789,eclipsing_binary
1520.7330548990287,1.0012667,0.0022088191,2353789,eclipsing_binary
1520.7344438110833,1.000872,0.0022047383,2353789,eclipsing_binary
1520.7358327236036,1.0006478,0.002204536,2353789,eclipsing_binary
1520.7372216356578,1.0037208,0.002208165,2353789,eclipsing_binary
1520.738610547713,1.0004399,0.0022057493,2353789,eclipsing_binary
1520.7399994597683,1.0000952,0.0022045104,2353789,eclipsing_binary
1520.7413883718225,1.0011379,0.0022049637,2353789,eclipsing_binary
1520.7427772838764,1.0012463,0.002206026,2353789,eclipsing_binary
1520.7441661963974,0.99660176,0.002203482,2353789,eclipsing_binary
1520.745555108453,1.0008732,0.0022053216,2353789,eclipsing_binary
1520.7469440205068,0.99970984,0.0022058245,2353789,eclipsing_binary
1520.7483329325617,1.0004393,0.0022071078,2353789,eclipsing_binary
1520.7497218446163,1.0027844,0.0022063907,2353789,eclipsing_binary
1520.7511107566709,0.99694574,0.0022011555,2353789,eclipsing_binary
1520.7524996687255,1.0004021,0.0022051109,2353789,eclipsing_binary
1520.75388858078,0.9953945,0.0022020286,2353789,eclipsing_binary
1520.7552774933004,0.99976224,0.0022046259,2353789,eclipsing_binary
1520.7566664053545,0.9967243,0.0022003017,2353789,eclipsing_binary
1520.75805531741,1.0023242,0.0022058715,2353789,eclipsing_binary
1520.759444229465,0.9998605,0.002205389,2353789,eclipsing_binary
1520.7608331415192,0.9992038,0.002204574,2353789,eclipsing_binary
1520.7622220535732,1.0024964,0.0022055432,2353789,eclipsing_binary
1520.7636109656285,0.9958109,0.00220179,2353789,eclipsing_binary
1520.764999877684,0.998686,0.0022075376,2353789,eclipsing_binary
1520.766388789738,0.99665266,0.0022035358,2353789,eclipsing_binary
1520.7677777017927,1.0004908,0.0022047847,2353789,eclipsing_binary
1520.7691666138473,0.99525326,0.0022018878,2353789,eclipsing_binary
1520.770555525902,0.99729145,0.0022052934,2353789,eclipsing_binary
1520.7719444379566,0.99956346,0.0022055856,2353789,eclipsing_binary
1520.7733333500112,0.99958366,0.002205439,2353789,eclipsing_binary
1520.7747222620658,1.0008762,0.0022062324,2353789,eclipsing_binary
1520.77611117412,0.99542767,0.0022024058,2353789,eclipsing_binary
1520.7775000861745,0.99940217,0.0022079814,2353789,eclipsing_binary
1520.77888899823,0.9944564,0.002201402,2353789,eclipsing_binary
1520.7802779102847,0.999347,0.0022063649,2353789,eclipsing_binary
1520.7816668223388,0.99624866,0.002201979,2353789,eclipsing_binary
1520.7830557343939,0.99847823,0.002203346,2353789,eclipsing_binary
1520.7844446464494,0.99868435,0.002203217,2353789,eclipsing_binary
1520.7858335585036,0.99866647,0.0022044661,2353789,eclipsing_binary
1520.7872224705573,0.9976269,0.0022021546,2353789,eclipsing_binary
1520.7886113826119,1.0010766,0.0022058988,2353789,eclipsing_binary
1520.7900002942017,1.0005015,0.0022059113,2353789,eclipsing_binary
1520.7913892062563,1.0026375,0.002207627,2353789,eclipsing_binary
1520.792778118311,1.0008892,0.0022067484,2353789,eclipsing_binary
1520.7941670303658,1.006149,0.0022095372,2353789,eclipsing_binary
1520.7955559424197,1.0034975,0.0022074662,2353789,eclipsing_binary
1520.7969448544743,1.0013361,0.0022059653,2353789,eclipsing_binary
1520.7983337665298,1.0018281,0.0022078906,2353789,eclipsing_binary
1520.7997226785844,1.0016973,0.002204895,2353789,eclipsing_binary
1520.8011115906386,1.0032793,0.0022088732,2353789,eclipsing_binary
1520.802500502228,0.998159,0.0022031094,2353789,eclipsing_binary
1520.8038894142835,1.0001315,0.0022055204,2353789,eclipsing_binary
1520.8052783263377,0.9979868,0.0022035772,2353789,eclipsing_binary
1520.8066672383914,1.0042665,0.002206999,2353789,eclipsing_binary
1520.8080561504462,1.0014801,0.002206596,2353789,eclipsing_binary
1520.8094450625015,0.99905396,0.002204078,2353789,eclipsing_binary
1520.8108339740904,0.9997692,0.0022040505,2353789,eclipsing_binary
1520.812222886145,0.9995372,0.0022060797,2353789,eclipsing_binary
1520.8136117981999,1.0026422,0.0022078995,2353789,eclipsing_binary
1520.8150007102538,1.0011033,0.002206648,2353789,eclipsing_binary
1520.8163896218427,1.0012441,0.0022063125,2353789,eclipsing_binary
1520.8177785338983,0.9975319,0.0022019166,2353789,eclipsing_binary
1520.8191674459529,0.9994068,0.002205073,2353789,eclipsing_binary
1520.820556358007,0.9989309,0.0022043663,2353789,eclipsing_binary
1520.8219452700616,1.0068812,0.0022100403,2353789,eclipsing_binary
1520.8233341816515,0.99888885,0.0022049577,2353789,eclipsing_binary
1520.824723093706,1.0011072,0.0022083356,2353789,eclipsing_binary
1520.8261120057598,0.996681,0.0022027695,2353789,eclipsing_binary
1520.827500917349,1.0000266,0.002207495,2353789,eclipsing_binary
1520.8288898294043,0.99706644,0.0022035947,2353789,eclipsing_binary
1520.8302787414589,1.0005344,0.0022047688,2353789,eclipsing_binary
1520.831667653513,1.0001005,0.0022045937,2353789,eclipsing_binary
1520.833056565102,1.0007592,0.0022071588,2353789,eclipsing_binary
1520.8344454771566,0.99928415,0.0022043446,2353789,eclipsing_binary
1520.8358343892112,1.0036935,0.002208572,2353789,eclipsing_binary
1520.837223300801,1.000152,0.0022065586,2353789,eclipsing_binary
1520.8386122128557,1.0004386,0.0022060606,2353789,eclipsing_binary
1520.8400011249098,1.0019972,0.002206419,2353789,eclipsing_binary
1520.8413900364988,0.99988806,0.002205385,2353789,eclipsing_binary
1520.8427789485543,0.99613535,0.0022032612,2353789,eclipsing_binary
1520.8441678606089,0.9996173,0.0022045856,2353789,eclipsing_binary
1520.8455567721971,1.0040971,0.0022052315,2353789,eclipsing_binary
1520.846945684252,0.9980094,0.0022049607,2353789,eclipsing_binary
1520.8483345958414,1.0000246,0.002206408,2353789,eclipsing_binary
1520.849723507896,1.0060575,0.0022111374,2353789,eclipsing_binary
1520.8511124199501,1.0026926,0.0022071896,2353789,eclipsing_binary
1520.852501331539,0.999267,0.0022042482,2353789,eclipsing_binary
1520.8538902435937,1.0015736,0.0022074676,2353789,eclipsing_binary
1520.8552791551829,1.0010737,0.0022069605,2353789,eclipsing_binary
1520.8566680672382,1.00068,0.002207076,2353789,eclipsing_binary
1520.8580569792928,0.9998036,0.0022050252,2353789,eclipsing_binary
1520.8594458908813,1.0024129,0.002206449,2353789,eclipsing_binary
1520.8608348029359,1.0017399,0.0022068855,2353789,eclipsing_binary
1520.8622237145257,1.001338,0.002207707,2353789,eclipsing_binary
1520.8636126265803,1.000081,0.0022047532,2353789,eclipsing_binary
1520.8650015381686,1.0018377,0.0022060797,2353789,eclipsing_binary
1520.8663904502225,1.0009725,0.002207401,2353789,eclipsing_binary
1520.8677793618124,0.99959123,0.0022064813,2353789,eclipsing_binary
1520.8691682738677,0.9982001,0.0022035788,2353789,eclipsing_binary
1520.870557185456,1.0024836,0.0022066233,2353789,eclipsing_binary
1520.8719460975105,1.0009075,0.0022083751,2353789,eclipsing_binary
1520.8733350090995,0.99953985,0.002206854,2353789,eclipsing_binary
1520.8747239211543,1.0021434,0.002205176,2353789,eclipsing_binary
1520.8761128327435,1.005322,0.002208364,2353789,eclipsing_binary
1520.877501744798,0.999101,0.0022035844,2353789,eclipsing_binary
1520.878890656387,1.0024974,0.00220745,2353789,eclipsing_binary
1520.8802795684417,1.0030297,0.0022068091,2353789,eclipsing_binary
1520.8816684800315,1.0038297,0.0022080399,2353789,eclipsing_binary
1520.8830573916205,0.9996875,0.0022050028,2353789,eclipsing_binary
1520.8844463036746,1.0029762,0.0022065325,2353789,eclipsing_binary
1520.8858352152627,0.9974674,0.0022037395,2353789,eclipsing_binary
1520.8872241273182,1.0005242,0.0022063733,2353789,eclipsing_binary
1520.8886130389078,1.0023749,0.0022080983,2353789,eclipsing_binary
1520.8900019509617,1.0019943,0.0022056547,2353789,eclipsing_binary
1520.8913908625507,1.0025102,0.0022087614,2353789,eclipsing_binary
1520.8927797741399,0.99792725,0.0022053593,2353789,eclipsing_binary
1520.8941686861947,0.9979775,0.0022031209,2353789,eclipsing_binary
1520.8955575977836,1.0004642,0.0022071495,2353789,eclipsing_binary
1520.8969465093726,1.0034019,0.0022063192,2353789,eclipsing_binary
1520.8983354214272,1.0050712,0.0022091724,2353789,eclipsing_binary
1520.8997243330161,1.0022092,0.0022075532,2353789,eclipsing_binary
1520.901113244605,1.0000564,0.0022060464,2353789,eclipsing_binary
1520.90250215666,1.0014993,0.0022056475,2353789,eclipsing_binary
1520.903891068249,1.0036534,0.0022080285,2353789,eclipsing_binary
1520.9052799798371,1.000405,0.0022055346,2353789,eclipsing_binary
1520.9066688918927,1.0017296,0.002207022,2353789,eclipsing_binary
1520.9080578034825,1.0056182,0.0022084268,2353789,eclipsing_binary
1520.9094467150705,1.0006092,0.0022054787,2353789,eclipsing_binary
1520.9108356271247,1.0029103,0.002208529,2353789,eclipsing_binary
1520.9122245387136,1.0038917,0.0022078173,2353789,eclipsing_binary
1520.9136134503035,1.0009769,0.0022061083,2353789,eclipsing_binary
1520.9150023618924,1.0007637,0.0022069959,2353789,eclipsing_binary
1520.916391273947,1.0083723,0.002212382,2353789,eclipsing_binary
1520.917780185536,1.0007436,0.0022066517,2353789,eclipsing_binary
1520.919169097125,1.0034564,0.0022078014,2353789,eclipsing_binary
1520.9205580091798,1.004587,0.0022082448,2353789,eclipsing_binary
1520.921946920769,1.003013,0.0022079488,2353789,eclipsing_binary
1520.923335832358,1.0039673,0.002209638,2353789,eclipsing_binary
1520.924724743946,0.9997225,0.0022051856,2353789,eclipsing_binary
1520.9261136555358,1.0060468,0.0022103193,2353789,eclipsing_binary
1520.9275025675913,0.99986136,0.0022052415,2353789,eclipsing_binary
1520.9288914791794,1.0003676,0.00220492,2353789,eclipsing_binary
1520.9302803907678,1.0004095,0.0022066676,2353789,eclipsing_binary
1520.9316693023568,0.9998524,0.002205774,2353789,eclipsing_binary
1520.9330582139467,0.9987569,0.0022042815,2353789,eclipsing_binary
1520.9344471260013,1.004009,0.002207018,2353789,eclipsing_binary
1520.9358360375902,1.0010064,0.0022055935,2353789,eclipsing_binary
1520.9372249491792,0.9995222,0.0022061905,2353789,eclipsing_binary
1520.938613860768,1.0001088,0.002205131,2353789,eclipsing_binary
1520.9400027723573,1.003149,0.0022082669,2353789,eclipsing_binary
1520.9413916839464,0.99771863,0.0022025416,2353789,eclipsing_binary
1520.9427805955354,0.99837434,0.0022038652,2353789,eclipsing_binary
1520.9441695075893,1.0020576,0.0022053875,2353789,eclipsing_binary
1520.9455584191785,0.9988464,0.0022054357,2353789,eclipsing_binary
1520.946947330768,1.0029792,0.002207655,2353789,eclipsing_binary
1520.9483362423568,1.0045761,0.0022088184,2353789,eclipsing_binary
1520.9497251539453,1.0044185,0.0022077705,2353789,eclipsing_binary
1520.9511140655343,1.0031966,0.0022087938,2353789,eclipsing_binary
1520.9525029771241,1.0047019,0.002208742,2353789,eclipsing_binary
1520.953891888713,1.0042086,0.0022121086,2353789,eclipsing_binary
1520.9552808003016,0.99813163,0.0022045085,2353789,eclipsing_binary
1520.9566697118905,1.002531,0.0022094375,2353789,eclipsing_binary
1520.9580586234802,1.0024979,0.0022073607,2353789,eclipsing_binary
1520.9594475350693,0.99870807,0.0022040864,2353789,eclipsing_binary
1520.9608364466583,1.0028785,0.0022070534,2353789,eclipsing_binary
1520.9622253582472,0.99932814,0.002205966,2353789,eclipsing_binary
1520.9636142698355,0.99978256,0.0022047781,2353789,eclipsing_binary
1520.9650031814247,1.0023352,0.0022073241,2353789,eclipsing_binary
1520.966392093014,1.000984,0.0022069537,2353789,eclipsing_binary
1520.9677810046032,0.9982281,0.0022049209,2353789,eclipsing_binary
1520.9691699161915,1.0005722,0.0022057649,2353789,eclipsing_binary
1520.9705588277805,1.0046846,0.002208222,2353789,eclipsing_binary
1520.9719477393703,1.003324,0.0022083898,2353789,eclipsing_binary
1520.9733366509593,1.0031607,0.002208072,2353789,eclipsing_binary
1520.9747255625477,1.003864,0.0022090585,2353789,eclipsing_binary
1520.9761144741367,0.9990116,0.002204538,2353789,eclipsing_binary
1520.9775033857263,1.000287,0.0022053556,2353789,eclipsing_binary
1520.9788922973155,1.0030416,0.0022064613,2353789,eclipsing_binary
1520.9802812089035,0.9997494,0.0022049411,2353789,eclipsing_binary
1520.9816701204927,0.9988919,0.0022041327,2353789,eclipsing_binary
1520.9830590320819,1.0013099,0.0022064843,2353789,eclipsing_binary
1520.9844479436708,1.0016797,0.002206304,2353789,eclipsing_binary
1520.9858368552602,1.0001713,0.002204412,2353789,eclipsing_binary
1520.9872257668494,1.0019585,0.002206584,2353789,eclipsing_binary
1520.9886146784377,1.000991,0.0022070606,2353789,eclipsing_binary
1520.9900035895605,0.9979127,0.0022037316,2353789,eclipsing_binary
1520.9913925011501,1.0030391,0.0022093726,2353789,eclipsing_binary
1520.9927814127398,0.99725354,0.0022021898,2353789,eclipsing_binary
1520.9941703243283,1.0029627,0.0022070499,2353789,eclipsing_binary
1520.9955592359172,1.0041648,0.0022080608,2353789,eclipsing_binary
1520.996948147507,1.0034909,0.0022081712,2353789,eclipsing_binary
1520.998337059096,1.0044857,0.002208227,2353789,eclipsing_binary
1520.9997259702184,1.00259,0.0022064184,2353789,eclipsing_binary
1521.0011148818076,0.9997299,0.0022044003,2353789,eclipsing_binary
1521.0025037933967,1.0025371,0.0022070687,2353789,eclipsing_binary
1521.0038927049857,0.99894446,0.0022061195,2353789,eclipsing_binary
1521.0052816165753,1.0021944,0.0022072115,2353789,eclipsing_binary
1521.0066705281645,0.99804777,0.0022034554,2353789,eclipsing_binary
1521.0080594392869,0.99980634,0.0022042498,2353789,eclipsing_binary
1521.0094483508753,0.9974719,0.0022031488,2353789,eclipsing_binary
1521.010837262465,1.0023714,0.0022073337,2353789,eclipsing_binary
1521.0122261740546,0.99889797,0.0022059071,2353789,eclipsing_binary
1521.0136150851774,1.0014278,0.0022106392,2353789,eclipsing_binary
1521.0150039967664,1.0021033,0.002208984,2353789,eclipsing_binary
1521.0163929083562,1.0025258,0.0022098832,2353789,eclipsing_binary
1521.0177818199452,1.0012894,0.0022064503,2353789,eclipsing_binary
1521.0191707310678,1.0007951,0.002206686,2353789,eclipsing_binary
1521.020559642657,1.0043621,0.0022073179,2353789,eclipsing_binary
1521.021948554246,1.0014892,0.0022046755,2353789,eclipsing_binary
1521.0233374658349,1.0051099,0.0022107505,2353789,eclipsing_binary
1521.0247263769581,1.0017843,0.0022082417,2353789,eclipsing_binary
1521.026115288547,1.0019243,0.002206557,2353789,eclipsing_binary
1521.027504200136,0.9985788,0.0022041707,2353789,eclipsing_binary
1521.0288931112589,1.0022411,0.0022067474,2353789,eclipsing_binary
1521.0302820228487,1.0024787,0.0022070142,2353789,eclipsing_binary
1521.0316709344381,1.0027534,0.002206744,2353789,eclipsing_binary
1521.033059845561,1.0003222,0.0022059823,2353789,eclipsing_binary
1521.0344487571492,1.0017232,0.0022050298,2353789,eclipsing_binary
1521.0358376687388,1.0014926,0.0022060815,2353789,eclipsing_binary
1521.037226579863,1.0039189,0.0022074094,2353789,eclipsing_binary
1521.0386154914513,0.9997435,0.0022046391,2353789,eclipsing_binary
1521.0400044030405,0.9985235,0.002203281,2353789,eclipsing_binary
1521.0413933141638,0.9978151,0.002202737,2353789,eclipsing_binary
1521.0427822257527,0.9997501,0.0022046736,2353789,eclipsing_binary
1521.044171136876,1.0028564,0.0022090273,2353789,eclipsing_binary
1521.045560048465,1.0017529,0.002207269,2353789,eclipsing_binary
1521.046948960054,0.9996383,0.0022039763,2353789,eclipsing_binary
1521.0483378711767,0.9985398,0.0022040477,2353789,eclipsing_binary
1521.0497267827666,1.0030158,0.00220709,2353789,eclipsing_binary
1521.0511156938903,0.99948317,0.002203894,2353789,eclipsing_binary
1521.0525046054788,0.99882233,0.0022037444,2353789,eclipsing_binary
1521.0538935166016,0.9993774,0.0022063863,2353789,eclipsing_binary
1521.055282428191,0.9989922,0.0022037383,2353789,eclipsing_binary
1521.0566713393152,1.001095,0.002208829,2353789,eclipsing_binary
1521.0580602509037,1.0024558,0.0022073637,2353789,eclipsing_binary
1521.0594491624918,1.002157,0.0022071912,2353789,eclipsing_binary
1521.060838073615,0.99805033,0.0022023774,2353789,eclipsing_binary
1521.062226985205,1.0004882,0.002206765,2353789,eclipsing_binary
1521.0636158963282,1.0033613,0.0022079935,2353789,eclipsing_binary
1521.0650048079171,1.0014151,0.0022068594,2353789,eclipsing_binary
1521.0663937190407,1.0021895,0.0022075477,2353789,eclipsing_binary
1521.067782630629,1.0053416,0.0022111577,2353789,eclipsing_binary
1521.0691715417522,1.0021473,0.0022069293,2353789,eclipsing_binary
1521.070560453342,1.0014583,0.0022052058,2353789,eclipsing_binary
1521.0719493644654,1.0049516,0.0022087744,2353789,eclipsing_binary
1521.0733382755882,1.0006505,0.0022058738,2353789,eclipsing_binary
1521.0747271871776,1.0037272,0.0022073737,2353789,eclipsing_binary
1521.0761160983018,1.0017943,0.002206132,2353789,eclipsing_binary
1521.0775050098903,1.0011046,0.0022045237,2353789,eclipsing_binary
1521.0788939210127,0.9989734,0.0022038966,2353789,eclipsing_binary
1521.0802828326018,1.0041015,0.00220834,2353789,eclipsing_binary
1521.0816717437258,1.0011208,0.002205807,2353789,eclipsing_binary
1521.083060654849,0.9998556,0.0022045537,2353789,eclipsing_binary
1521.084449566438,1.0044731,0.0022104306,2353789,eclipsing_binary
1521.0858384775615,1.0010469,0.0022053039,2353789,eclipsing_binary
1521.0872273891498,1.000409,0.002205454,2353789,eclipsing_binary
1521.088616300273,1.0023484,0.0022068236,2353789,eclipsing_binary
1521.0900052113973,1.0009965,0.0022063092,2353789,eclipsing_binary
1521.0913941229862,1.0006918,0.0022057854,2353789,eclipsing_binary
1521.092783034109,1.0034217,0.002208025,2353789,eclipsing_binary
1521.0941719452323,1.0018576,0.0022066163,2353789,eclipsing_binary
1521.0955608568222,1.0026902,0.0022070454,2353789,eclipsing_binary
1521.0969497679455,1.0007924,0.0022051625,2353789,eclipsing_binary
1521.0983386790679,1.0020704,0.0022064338,2353789,eclipsing_binary
1521.099727590657,0.99880373,0.0022055905,2353789,eclipsing_binary
1521.101116501781,1.0034046,0.0022086415,2353789,eclipsing_binary
1521.1025054129043,1.0023166,0.0022075472,2353789,eclipsing_binary
1521.1038943244928,1.0005418,0.0022059788,2353789,eclipsing_binary
1521.105283235616,0.9997007,0.0022054892,2353789,eclipsing_binary
1521.1066721467394,1.0030881,0.0022071102,2353789,eclipsing_binary
1521.1080610578626,0.999985,0.0022051632,2353789,eclipsing_binary
1521.1094499694525,1.0051256,0.002210733,2353789,eclipsing_binary
1521.1108388805758,1.0021617,0.0022069376,2353789,eclipsing_binary
1521.1122277916986,0.99875957,0.0022045474,2353789,eclipsing_binary
1521.113616702822,0.9999179,0.0022058003,2353789,eclipsing_binary
1521.1150056144118,1.0051513,0.00220868,2353789,eclipsing_binary
1521.116394525535,1.0017256,0.0022063802,2353789,eclipsing_binary
1521.1177834366576,1.0049236,0.0022068068,2353789,eclipsing_binary
1521.1191723477812,0.99944097,0.0022042945,2353789,eclipsing_binary
1521.1205612593706,1.0030411,0.00220705,2353789,eclipsing_binary
1521.1219501704938,1.0052156,0.0022131007,2353789,eclipsing_binary
1521.1233390816167,1.0003369,0.0022050636,2353789,eclipsing_binary
1521.12472799274,0.9991941,0.0022054345,2353789,eclipsing_binary
1521.1261169038632,1.0008284,0.0022060827,2353789,eclipsing_binary
1521.1275058154524,1.0007485,0.0022057476,2353789,eclipsing_binary
1521.128894726576,1.0006435,0.0022049772,2353789,eclipsing_binary
1521.1302836376992,1.0011772,0.002204356,2353789,eclipsing_binary
1521.1316725488225,1.0015737,0.0022067204,2353789,eclipsing_binary
1521.1330614599458,1.001851,0.0022087377,2353789,eclipsing_binary
1521.13445037107,1.0010413,0.0022054056,2353789,eclipsing_binary
1521.1358392821933,1.0034232,0.0022105118,2353789,eclipsing_binary
1521.1372281937815,1.0019968,0.0022070382,2353789,eclipsing_binary
1521.1386171049041,1.0011946,0.0022076177,2353789,eclipsing_binary
1521.1400060160283,1.0008518,0.0022056832,2353789,eclipsing_binary
1521.1413949271523,0.9999596,0.0022056624,2353789,eclipsing_binary
1521.142783838275,1.0013417,0.0022058187,2353789,eclipsing_binary
1521.1441727493982,0.9992711,0.0022040864,2353789,eclipsing_binary
1521.1455616605215,1.0030786,0.0022049984,2353789,eclipsing_binary
1521.146950571645,0.9992707,0.002205483,2353789,eclipsing_binary
1521.1483394827685,1.002239,0.002206363,2353789,eclipsing_binary
1521.1497283938918,1.003927,0.0022058003,2353789,eclipsing_binary
1521.151117305015,1.0050824,0.0022082035,2353789,eclipsing_binary
1521.1525062161384,1.0033965,0.0022081945,2353789,eclipsing_binary
1521.1538951272626,1.0016826,0.002208524,2353789,eclipsing_binary
1521.1552840383858,1.0033777,0.0022066557,2353789,eclipsing_binary
1521.1566729495087,0.9978915,0.0022038398,2353789,eclipsing_binary
1521.1580618610967,1.0023825,0.0022070138,2353789,eclipsing_binary
1521.159450772221,1.0018574,0.0022048128,2353789,eclipsing_binary
1521.1608396833449,1.0047264,0.0022077926,2353789,eclipsing_binary
1521.1622285944675,1.0005406,0.0022046622,2353789,eclipsing_binary
1521.1636175051246,1.0063069,0.0022093975,2353789,eclipsing_binary
1521.165006416248,1.0054204,0.0022090108,2353789,eclipsing_binary
1521.1663953273721,1.001144,0.0022053563,2353789,eclipsing_binary
1521.1677842384954,1.0068356,0.0022102194,2353789,eclipsing_binary
1521.1691731496187,1.0051098,0.0022082762,2353789,eclipsing_binary
1521.170562060742,1.0011284,0.0022069684,2353789,eclipsing_binary
1521.1719509718653,0.9966522,0.0022028675,2353789,eclipsing_binary
1521.1733398829886,1.0024558,0.0022080676,2353789,eclipsing_binary
1521.174728794112,1.00383,0.0022084776,2353789,eclipsing_binary
1521.1761177052356,1.0039395,0.0022081414,2353789,eclipsing_binary
1521.177506616358,1.006309,0.0022093325,2353789,eclipsing_binary
1521.1788955274822,1.0026476,0.002206768,2353789,eclipsing_binary
1521.1802844386063,1.0023491,0.0022083202,2353789,eclipsing_binary
1521.1816733497287,1.0045621,0.002210252,2353789,eclipsing_binary
1521.1830622608516,1.0056685,0.0022089619,2353789,eclipsing_binary
1521.1844511715092,1.0002517,0.0022057926,2353789,eclipsing_binary
1521.1858400826334,1.0027927,0.0022072117,2353789,eclipsing_binary
1521.1872289937567,0.99829155,0.0022037092,2353789,eclipsing_binary
1521.18861790488,1.002346,0.0022071365,2353789,eclipsing_binary
1521.1900068160032,1.0012931,0.002206336,2353789,eclipsing_binary
1521.191395727126,1.0054426,0.0022094313,2353789,eclipsing_binary
1521.1927846382493,1.0031937,0.0022082182,2353789,eclipsing_binary
1521.1941735489079,1.0020956,0.0022059055,2353789,eclipsing_binary
1521.1955624600312,1.0040501,0.0022101256,2353789,eclipsing_binary
1521.1969513711535,1.0015506,0.002206145,2353789,eclipsing_binary
1521.198340282277,1.0008901,0.0022074855,2353789,eclipsing_binary
1521.199729193401,0.9980964,0.0022039823,2353789,eclipsing_binary
1521.2011181040587,1.0029092,0.002207789,2353789,eclipsing_binary
1521.2025070151815,1.0043036,0.002208848,2353789,eclipsing_binary
1521.2038959263048,1.0014217,0.0022063048,2353789,eclipsing_binary
1521.205284837429,1.0008934,0.0022068876,2353789,eclipsing_binary
1521.2066737485522,1.0043806,0.002207903,2353789,eclipsing_binary
1521.2080626592092,1.003242,0.002207722,2353789,eclipsing_binary
1521.2094515703327,1.0039319,0.0022077973,2353789,eclipsing_binary
1521.210840481456,1.0029721,0.0022071684,2353789,eclipsing_binary
1521.2122293921136,1.0044487,0.0022079593,2353789,eclipsing_binary
1521.2136183032378,1.001328,0.00220795,2353789,eclipsing_binary
1521.215007214361,1.0035192,0.0022093102,2353789,eclipsing_binary
1521.2163961254837,0.99916273,0.002204029,2353789,eclipsing_binary
1521.2177850361415,1.0084532,0.0022104136,2353789,eclipsing_binary
1521.2191739472653,1.0033498,0.0022073872,2353789,eclipsing_binary
1521.2205628583886,1.0029174,0.0022075025,2353789,eclipsing_binary
1521.2219517690457,1.0046601,0.0022081987,2353789,eclipsing_binary
1521.223340680169,1.0025903,0.0022071362,2353789,eclipsing_binary
1521.2247295912932,1.0024534,0.0022071775,2353789,eclipsing_binary
1521.2261185019509,1.004742,0.0022077349,2353789,eclipsing_binary
1521.2275074130737,1.0012261,0.0022055984,2353789,eclipsing_binary
1521.228896324197,1.0001416,0.0022061423,2353789,eclipsing_binary
1521.2302852348546,1.0007311,0.0022053048,2353789,eclipsing_binary
1521.2316741459779,1.0021713,0.0022058003,2353789,eclipsing_binary
1521.2330630571012,1.0004416,0.0022047223,2353789,eclipsing_binary
1521.2344519677588,1.0023738,0.002207312,2353789,eclipsing_binary
1521.2358408788823,1.0043592,0.0022078361,2353789,eclipsing_binary
1521.2372297895402,1.0009581,0.0022053523,2353789,eclipsing_binary
1521.238618700664,1.0031998,0.002207888,2353789,eclipsing_binary
1521.2400076117874,0.998823,0.0022042273,2353789,eclipsing_binary
1521.2413965224443,1.0066419,0.0022096348,2353789,eclipsing_binary
1521.2427854335672,0.9985862,0.002203979,2353789,eclipsing_binary
1521.2441743442255,1.0019524,0.0022066284,2353789,eclipsing_binary
1521.2455632553495,0.998595,0.0022063544,2353789,eclipsing_binary
1521.2469521664723,1.0022174,0.0022092687,2353789,eclipsing_binary
1521.24834107713,1.0035024,0.0022073018,2353789,eclipsing_binary
1521.2497299882532,1.0011891,0.0022067188,2353789,eclipsing_binary
1521.2511188989108,1.0011731,0.002209713,2353789,eclipsing_binary
1521.252507810034,1.0017385,0.0022063067,2353789,eclipsing_binary
1521.253896720692,0.9974894,0.0022031793,2353789,eclipsing_binary
1521.2552856318155,1.001952,0.0022070017,2353789,eclipsing_binary
1521.256674542473,0.99715656,0.0022014366,2353789,eclipsing_binary
1521.2580634535968,1.0047151,0.0022081563,2353789,eclipsing_binary
1521.2594523642547,1.0029573,0.0022067614,2353789,eclipsing_binary
1521.2608412753773,1.0007545,0.0022070154,2353789,eclipsing_binary
1521.2622301860345,1.0046684,0.0022094182,2353789,eclipsing_binary
1521.2636190971584,1.0029737,0.0022075486,2353789,eclipsing_binary
1521.2650080078167,0.9980978,0.0022031434,2353789,eclipsing_binary
1521.2663969189396,1.0029362,0.0022072322,2353789,eclipsing_binary
1521.2677858295963,1.0000908,0.0022047856,2353789,eclipsing_binary
1521.2691747402541,1.0002377,0.0022050582,2353789,eclipsing_binary
1521.270563651378,1.0022975,0.002206908,2353789,eclipsing_binary
1521.2719525620357,1.0024568,0.0022066787,2353789,eclipsing_binary
1521.2733414731592,1.001192,0.0022084324,2353789,eclipsing_binary
1521.274730383817,0.99768454,0.0022030107,2353789,eclipsing_binary
1521.2761192944747,1.0056854,0.0022088604,2353789,eclipsing_binary
1521.277508205598,0.9988119,0.0022053374,2353789,eclipsing_binary
1521.2788971162556,0.9999471,0.0022050093,2353789,eclipsing_binary
1521.280286027379,0.9992902,0.002204252,2353789,eclipsing_binary
1521.281674938036,1.0034362,0.0022082678,2353789,eclipsing_binary
1521.2830638486944,1.0025569,0.002207936,2353789,eclipsing_binary
1521.2844527598184,0.9971857,0.0022033493,2353789,eclipsing_binary
1521.2858416704755,1.0034981,0.0022066862,2353789,eclipsing_binary
1521.2872305811325,1.0009221,0.0022060424,2353789,eclipsing_binary
1521.288619492256,1.001626,0.0022063097,2353789,eclipsing_binary
1521.290008402914,1.0013901,0.002205769,2353789,eclipsing_binary
1521.291397313572,1.0068557,0.002209041,2353789,eclipsing_binary
1521.2927862246954,1.0048044,0.002209414,2353789,eclipsing_binary
1521.294175135353,1.0016339,0.0022059558,2353789,eclipsing_binary
1521.2955640460107,1.0017668,0.0022070175,2353789,eclipsing_binary
1521.296952957134,1.0007087,0.0022049118,2353789,eclipsing_binary
1521.2983418677916,1.0014632,0.0022064135,2353789,eclipsing_binary
1521.2997307784492,0.9992243,0.0022048992,2353789,eclipsing_binary
1521.3011196891064,1.0008858,0.0022063998,2353789,eclipsing_binary
1521.3025086002297,1.0034981,0.0022066967,2353789,eclipsing_binary
1521.3038975108882,1.004969,0.0022072261,2353789,eclipsing_binary
1521.3052864215458,1.0034671,0.0022068007,2353789,eclipsing_binary
1521.3066753326684,0.99723786,0.002204788,2353789,eclipsing_binary
1521.3080642433263,1.0022175,0.002209084,2353789,eclipsing_binary
1521.3094531539844,1.0021652,0.0022063605,2353789,eclipsing_binary
1521.3108420646422,1.0023621,0.0022070662,2353789,eclipsing_binary
1521.3122309752991,1.002011,0.0022072124,2353789,eclipsing_binary
1521.3136198864224,1.0017732,0.0022066552,2353789,eclipsing_binary
1521.315008797081,1.0027254,0.002206604,2353789,eclipsing_binary
1521.3163977077386,1.0010948,0.0022075858,2353789,eclipsing_binary
1521.3177866183962,0.9974911,0.0022033441,2353789,eclipsing_binary
1521.3191755290538,1.0018424,0.0022054564,2353789,eclipsing_binary
1521.3205644401767,1.0007046,0.0022047837,2353789,eclipsing_binary
1521.3219533508343,0.99993026,0.0022041774,2353789,eclipsing_binary
1521.3233422614928,0.9974041,0.0022026792,2353789,eclipsing_binary
1521.3247311721505,1.0011566,0.0022062864,2353789,eclipsing_binary
1521.3261200828076,1.0014193,0.0022061728,2353789,eclipsing_binary
1521.3275089934643,1.0005306,0.0022038848,2353789,eclipsing_binary
1521.3288979041229,1.0017921,0.0022065982,2353789,eclipsing_binary
1521.330286815247,1.0048671,0.0022090296,2353789,eclipsing_binary
1521.3316757259038,1.0018448,0.0022054932,2353789,eclipsing_binary
1521.3330646365614,1.0007118,0.002204729,2353789,eclipsing_binary
1521.33445354722,0.99957514,0.0022038585,2353789,eclipsing_binary
1521.3358424578776,0.9987589,0.002203591,2353789,eclipsing_binary
1521.3372313685347,1.0008855,0.0022032433,2353789,eclipsing_binary
1521.3386202791924,1.001332,0.002205314,2353789,eclipsing_binary
1521.34000918985,0.9989693,0.0022050499,2353789,eclipsing_binary
1521.3413981005076,0.9980638,0.0022039695,2353789,eclipsing_binary
1521.3427870111661,1.00077,0.0022059877,2353789,eclipsing_binary
1521.3441759218238,0.9990733,0.0022054825,2353789,eclipsing_binary
1521.345564832481,0.9971332,0.002203326,2353789,eclipsing_binary
1521.3469537431376,0.9991642,0.0022046082,2353789,eclipsing_binary
1521.3483426537962,1.0007252,0.0022067616,2353789,eclipsing_binary
1521.3497315644547,0.9974656,0.0022029502,2353789,eclipsing_binary
1521.351120475577,0.99757075,0.0022045774,2353789,eclipsing_binary
1521.352509386235,1.0003529,0.0022064238,2353789,eclipsing_binary
1521.3538982968932,1.0011047,0.002205992,2353789,eclipsing_binary
1521.3552872075509,0.9995096,0.002205421,2353789,eclipsing_binary
1521.3566761177424,1.0036647,0.0022072745,2353789,eclipsing_binary
1521.3580650284,1.0000417,0.0022067775,2353789,eclipsing_binary
1521.3594539390576,1.0018401,0.0022054126,2353789,eclipsing_binary
1521.3608428497153,1.0033048,0.0022075968,2353789,eclipsing_binary
1521.362231760373,0.9982481,0.0022028796,2353789,eclipsing_binary
1521.363620671031,1.0037842,0.002207084,2353789,eclipsing_binary
1521.3650095816886,1.0009985,0.0022048075,2353789,eclipsing_binary
1521.3663984923453,0.99736106,0.0022031274,2353789,eclipsing_binary
1521.3677874030038,1.0010018,0.0022052669,2353789,eclipsing_binary
1521.3691763136624,1.001727,0.00220749,2353789,eclipsing_binary
1521.370565224319,0.99954945,0.00220578,2353789,eclipsing_binary
1521.3719541349762,0.99883056,0.0022053076,2353789,eclipsing_binary
1521.3733430456348,1.0002675,0.0022052135,2353789,eclipsing_binary
1521.3747319562929,1.0034469,0.002207337,2353789,eclipsing_binary
1521.37612086695,1.0003781,0.0022053807,2353789,eclipsing_binary
1521.377509777142,1.0016869,0.0022051893,2353789,eclipsing_binary
1521.3788986877996,0.999966,0.0022079921,2353789,eclipsing_binary
1521.3802875984572,1.0008318,0.0022066173,2353789,eclipsing_binary
1521.381676509115,0.99915874,0.002204816,2353789,eclipsing_binary
1521.383065419773,1.0033756,0.0022076415,2353789,eclipsing_binary
1521.3844543304306,1.0026276,0.0022074797,2353789,eclipsing_binary
1521.3858432406219,1.003041,0.0022065903,2353789,eclipsing_binary
1521.3872321512802,0.997621,0.0022041993,2353789,eclipsing_binary
1521.3886210619387,1.003491,0.0022072438,2353789,eclipsing_binary
1521.3900099725956,0.9993394,0.0022037611,2353789,eclipsing_binary
1521.3913988832526,1.0001811,0.0022047672,2353789,eclipsing_binary
1521.392787793911,0.99956787,0.0022039588,2353789,eclipsing_binary
1521.3941767041035,0.9956151,0.0022003974,2353789,eclipsing_binary
1521.3955656147607,0.99582005,0.0022027087,2353789,eclipsing_binary
1521.3969545254179,0.9941926,0.002201171,2353789,eclipsing_binary
1521.3983434360755,0.9974425,0.002203314,2353789,eclipsing_binary
1521.3997323462681,0.9959281,0.0022023607,2353789,eclipsing_binary
1521.401121256926,0.99507916,0.0022020538,2353789,eclipsing_binary
1521.4025101675836,0.99806124,0.0022042568,2353789,eclipsing_binary
1521.4038990782412,0.9954261,0.0022024652,2353789,eclipsing_binary
1521.4052879884327,0.99742764,0.0022029507,2353789,eclipsing_binary
1521.4066768990904,0.9989933,0.00220464,2353789,eclipsing_binary
1521.4080658097485,0.9973073,0.002205486,2353789,eclipsing_binary
1521.4094547204063,0.9975855,0.0022059267,2353789,eclipsing_binary
1521.4108436305976,1.0000219,0.002205468,2353789,eclipsing_binary
1521.4122325412561,0.99742514,0.0022034524,2353789,eclipsing_binary
1521.4136214519144,0.9970156,0.0022035956,2353789,eclipsing_binary
1521.4150103621057,0.99904084,0.0022042182,2353789,eclipsing_binary
1521.4163992727629,0.9981616,0.0022046803,2353789,eclipsing_binary
1521.4177881834205,1.0017862,0.0022062405,2353789,eclipsing_binary
1521.4191770936131,1.0016683,0.0022081693,2353789,eclipsing_binary
1521.420566004271,0.9970192,0.002202795,2353789,eclipsing_binary
1521.4219549149277,0.99672663,0.0022023579,2353789,eclipsing_binary
1521.42334382512,1.0009905,0.002206251,2353789,eclipsing_binary
1521.4247327357778,0.999846,0.0022070522,2353789,eclipsing_binary
1521.4261216459697,0.9979703,0.0022062685,2353789,eclipsing_binary
1521.427510556628,0.9950153,0.0022022668,2353789,eclipsing_binary
1521.4288994672859,0.99828225,0.0022050904,2353789,eclipsing_binary
1521.430288377477,0.99635625,0.0022019322,2353789,eclipsing_binary
1521.4316772881346,0.9964352,0.002202179,2353789,eclipsing_binary
1521.4330661983274,1.0050758,0.0022084254,2353789,eclipsing_binary
1521.434455108985,0.99956965,0.0022056065,2353789,eclipsing_binary
1521.4358440196422,0.99697006,0.002202948,2353789,eclipsing_binary
1521.4372329298342,1.0026861,0.0022061483,2353789,eclipsing_binary
1521.4386218404927,0.9984872,0.002205104,2353789,eclipsing_binary
1521.4400107506847,1.0009011,0.002207127,2353789,eclipsing_binary
1521.4413996613414,1.0000391,0.002204577,2353789,eclipsing_binary
1521.4427885715336,1.0043654,0.0022098543,2353789,eclipsing_binary
1521.4441774821914,1.0045489,0.002207031,2353789,eclipsing_binary
1521.4455663923834,0.9994413,0.0022044878,2353789,eclipsing_binary
1521.4469553030417,1.0011202,0.002208224,2353789,eclipsing_binary
1521.448344213234,0.9971202,0.0022049402,2353789,eclipsing_binary
1521.4497331238906,0.9957601,0.002204088,2353789,eclipsing_binary
1521.4511220340828,0.9953633,0.0022024047,2353789,eclipsing_binary
1521.452510944741,0.9986593,0.0022029618,2353789,eclipsing_binary
1521.453899854933,0.9984129,0.002205729,2353789,eclipsing_binary
1521.4552887655902,0.99454343,0.0022023676,2353789,eclipsing_binary
1521.4566776757815,0.9937961,0.002200316,2353789,eclipsing_binary
1521.4580665864398,0.9976441,0.0022037309,2353789,eclipsing_binary
1521.4594554966327,0.994195,0.002200579,2353789,eclipsing_binary
1521.4608444072896,0.99323046,0.0022007637,2353789,eclipsing_binary
1521.4622333174818,0.9969937,0.002202321,2353789,eclipsing_binary
1521.4636222281395,0.9979326,0.0022044291,2353789,eclipsing_binary
1521.4650111383314,0.9989183,0.0022029632,2353789,eclipsing_binary
1521.4664000485234,0.9993557,0.0022042778,2353789,eclipsing_binary
1521.467788959181,0.9991139,0.0022043583,2353789,eclipsing_binary
1521.469177869373,0.9949804,0.0022016168,2353789,eclipsing_binary
1521.4705667800308,0.9919915,0.0022022768,2353789,eclipsing_binary
1521.4719556902235,0.9952553,0.0022013662,2353789,eclipsing_binary
1521.4733446004154,0.9949167,0.0022031453,2353789,eclipsing_binary
1521.4747335110726,0.99280494,0.0022007392,2353789,eclipsing_binary
1521.476122421264,0.9985483,0.0022042075,2353789,eclipsing_binary
1521.4775113314565,0.9982022,0.0022026666,2353789,eclipsing_binary
1521.478900242115,0.99799687,0.00220465,2353789,eclipsing_binary
1521.4802891523066,1.0003495,0.0022041614,2353789,eclipsing_binary
1521.4816780624976,0.99849486,0.0022047914,2353789,eclipsing_binary
1521.4830669731552,0.9948931,0.0022012852,2353789,eclipsing_binary
1521.4844558833481,0.9996313,0.0022042263,2353789,eclipsing_binary
1521.48584479354,1.0025029,0.0022070396,2353789,eclipsing_binary
1521.4872337041977,0.9974629,0.0022032745,2353789,eclipsing_binary
1521.48862261439,0.9970824,0.0022034787,2353789,eclipsing_binary
1521.490011524582,0.99905753,0.0022050913,2353789,eclipsing_binary
1521.4914004352397,1.0004308,0.0022063316,2353789,eclipsing_binary
1521.4927893454317,0.99775577,0.0022043246,2353789,eclipsing_binary
1521.4941782556236,0.99949956,0.002204201,2353789,eclipsing_binary
1521.4955671658151,0.9991374,0.0022053546,2353789,eclipsing_binary
1521.4969560764732,0.9995918,0.0022052715,2353789,eclipsing_binary
1521.498344986666,1.0005318,0.0022074676,2353789,eclipsing_binary
1521.4997338968576,0.99869466,0.002204658,2353789,eclipsing_binary
1521.5011228070487,0.9943744,0.0022004878,2353789,eclipsing_binary
1521.5025117177065,1.000243,0.0022053323,2353789,eclipsing_binary
1521.5039006278992,0.9983333,0.0022063823,2353789,eclipsing_binary
1521.5052895380911,0.9962523,0.002202397,2353789,eclipsing_binary
1521.5066784482826,0.9972853,0.0022062436,2353789,eclipsing_binary
1521.5080673584746,0.99778366,0.0022046666,2353789,eclipsing_binary
1521.5094562691331,1.0015965,0.0022061754,2353789,eclipsing_binary
1521.510845179325,0.99737126,0.002203066,2353789,eclipsing_binary
1521.512234089517,0.99942166,0.0022046848,2353789,eclipsing_binary
1521.513622999709,0.9963961,0.0022029248,2353789,eclipsing_binary
1521.5150119099005,0.9944623,0.002200029,2353789,eclipsing_binary
1521.5164008200925,1.0009896,0.002206241,2353789,eclipsing_binary
1521.5177897307508,1.0012956,0.0022063472,2353789,eclipsing_binary
1521.519178640943,1.0015731,0.0022083034,2353789,eclipsing_binary
1521.520567551134,0.9989204,0.0022047928,2353789,eclipsing_binary
1521.5219564613262,0.9979282,0.002203539,2353789,eclipsing_binary
1521.5233453715189,0.9974854,0.0022028156,2353789,eclipsing_binary
1521.5247342817108,0.99648523,0.0022045576,2353789,eclipsing_binary
1521.5261231919023,0.9952443,0.0022034016,2353789,eclipsing_binary
1521.5275121020943,0.9963129,0.0022014582,2353789,eclipsing_binary
1521.5289010122872,0.999198,0.002204806,2353789,eclipsing_binary
1521.5302899229448,0.9945297,0.0022006477,2353789,eclipsing_binary
1521.5316788331368,0.993105,0.0022,2353789,eclipsing_binary
1521.5330677433287,0.9954783,0.0022015858,2353789,eclipsing_binary
1521.5344566535202,0.9967598,0.0022022484,2353789,eclipsing_binary
1521.5358455637122,0.9975137,0.0022038019,2353789,eclipsing_binary
1521.537234473905,0.99579585,0.0022040221,2353789,eclipsing_binary
1521.538623384097,0.9960977,0.0022027136,2353789,eclipsing_binary
1521.540012294288,0.9939235,0.0022001353,2353789,eclipsing_binary
1521.5414012044796,0.9960111,0.0022017157,2353789,eclipsing_binary
1521.5427901146725,0.9987082,0.0022051872,2353789,eclipsing_binary
1521.544179024865,0.99631333,0.0022014894,2353789,eclipsing_binary
1521.5455679350564,0.9945271,0.0022005492,2353789,eclipsing_binary
1521.5469568452484,0.99997497,0.0022042587,2353789,eclipsing_binary
1521.5483457554412,0.99584806,0.002203716,2353789,eclipsing_binary
1521.5497346656332,0.9955059,0.0022014712,2353789,eclipsing_binary
1521.5511235758247,0.9956995,0.0022026605,2353789,eclipsing_binary
1521.5525124860167,0.99838597,0.002203615,2353789,eclipsing_binary
1521.5539013962086,0.99950844,0.0022039283,2353789,eclipsing_binary
1521.5552903064006,0.9963087,0.0022034196,2353789,eclipsing_binary
1521.5566792165935,0.99697995,0.0022021509,2353789,eclipsing_binary
1521.5580681267854,0.99491423,0.0022013548,2353789,eclipsing_binary
1521.5594570369767,0.99717826,0.0022028687,2353789,eclipsing_binary
1521.5608459467023,0.9988651,0.002202892,2353789,eclipsing_binary
1521.5622348568952,0.99454004,0.0022016638,2353789,eclipsing_binary
1521.5636237670878,0.9999513,0.0022037746,2353789,eclipsing_binary
1521.5650126772791,0.9942582,0.002202635,2353789,eclipsing_binary
1521.5664015874706,0.9978947,0.0022048838,2353789,eclipsing_binary
1521.567790497663,0.9942874,0.0022007406,2353789,eclipsing_binary
1521.569179407856,0.9978316,0.0022034699,2353789,eclipsing_binary
1521.5705683180474,0.99730134,0.0022028945,2353789,eclipsing_binary
1521.5719572282394,0.99256426,0.0021985734,2353789,eclipsing_binary
1521.5733461379657,0.99364567,0.0022010216,2353789,eclipsing_binary
1521.5747350481577,0.99598104,0.0022023974,2353789,eclipsing_binary
1521.5761239583496,0.9970152,0.002204121,2353789,eclipsing_binary
1521.5775128685418,0.998696,0.002203762,2353789,eclipsing_binary
1521.578901778734,0.9935908,0.0022013749,2353789,eclipsing_binary
1521.580290688925,0.9932128,0.0022001662,2353789,eclipsing_binary
1521.5816795986523,0.9990444,0.0022052985,2353789,eclipsing_binary
1521.583068508845,0.99661195,0.0022048207,2353789,eclipsing_binary
1521.5844574190362,0.9966473,0.0022032561,2353789,eclipsing_binary
1521.5858463292277,0.9981411,0.0022031243,2353789,eclipsing_binary
1521.5872352394204,0.9966009,0.0022021788,2353789,eclipsing_binary
1521.5886241491473,0.99782383,0.0022023907,2353789,eclipsing_binary
1521.5900130593388,0.99835664,0.0022050345,2353789,eclipsing_binary
1521.59140196953,0.99727637,0.002203302,2353789,eclipsing_binary
1521.592790879722,0.99534804,0.00220229,2353789,eclipsing_binary
1521.594179789449,0.99615914,0.0022010307,2353789,eclipsing_binary
1521.595568699641,0.9953373,0.0022017974,2353789,eclipsing_binary
1521.5969576098332,0.99760354,0.002203862,2353789,eclipsing_binary
1521.5983465200254,0.99694985,0.0022031923,2353789,eclipsing_binary
1521.5997354297508,0.99533236,0.0022020862,2353789,eclipsing_binary
1521.601124339943,0.99340403,0.002201382,2353789,eclipsing_binary
1521.6025132501356,0.99269146,0.0021994628,2353789,eclipsing_binary
1521.603902159862,0.99755555,0.0022026158,2353789,eclipsing_binary
1521.6052910700535,0.998994,0.0022049518,2353789,eclipsing_binary
1521.606679980246,0.9970074,0.0022022193,2353789,eclipsing_binary
1521.608068889973,0.9983334,0.002203378,2353789,eclipsing_binary
1521.6094578001646,0.9952989,0.0021993555,2353789,eclipsing_binary
1521.6108467103559,0.9951793,0.0022018263,2353789,eclipsing_binary
1521.6122356200824,1.0018182,0.002207054,2353789,eclipsing_binary
1521.6136245302748,0.99528885,0.0022002896,2353789,eclipsing_binary
1521.6150134404668,0.9970703,0.002202235,2353789,eclipsing_binary
1521.6164023501933,0.99789125,0.0022029846,2353789,eclipsing_binary
1521.6177912603855,1.0007142,0.0022052207,2353789,eclipsing_binary
1521.619180170111,1.0012805,0.0022064752,2353789,eclipsing_binary
1521.620569080303,0.9978493,0.002204,2353789,eclipsing_binary
1521.6219579904957,0.99794763,0.0022034622,2353789,eclipsing_binary
1521.623346900222,0.99861145,0.0022035425,2353789,eclipsing_binary
1521.6247358104135,0.9994413,0.0022057218,2353789,eclipsing_binary
1521.6261247201398,0.99855864,0.0022056985,2353789,eclipsing_binary
1521.6275136303327,0.99954575,0.0022051877,2353789,eclipsing_binary
1521.6289025405247,0.99706286,0.0022036226,2353789,eclipsing_binary
1521.6302914502503,0.9980598,0.0022042096,2353789,eclipsing_binary
1521.6316803604425,0.9973854,0.0022021828,2353789,eclipsing_binary
1521.6330692701692,1.0002455,0.0022043448,2353789,eclipsing_binary
1521.6344581803614,1.0002985,0.0022052338,2353789,eclipsing_binary
1521.635847090087,1.0005317,0.0022052405,2353789,eclipsing_binary
1521.637236000279,0.996568,0.0022058266,2353789,eclipsing_binary
1521.6386249100053,0.99783826,0.0022031139,2353789,eclipsing_binary
1521.6400138201975,0.99955016,0.0022054065,2353789,eclipsing_binary
1521.6414027299245,0.99920607,0.0022039914,2353789,eclipsing_binary
1521.6427916401165,0.99646574,0.0022019374,2353789,eclipsing_binary
1521.6441805498423,0.9989755,0.0022041206,2353789,eclipsing_binary
1521.6455694600343,1.0001144,0.002205,2353789,eclipsing_binary
1521.6469583697615,0.9978328,0.0022021548,2353789,eclipsing_binary
1521.6483472799534,0.9948143,0.0021999378,2353789,eclipsing_binary
1521.6497361896793,0.9992696,0.0022033998,2353789,eclipsing_binary
1521.6511250998703,0.9966206,0.0022034661,2353789,eclipsing_binary
1521.6525140095976,1.0002939,0.0022039013,2353789,eclipsing_binary
1521.6539029193248,0.99336195,0.0022005779,2353789,eclipsing_binary
1521.6552918295158,0.9947785,0.0022017173,2353789,eclipsing_binary
1521.6566807392421,0.99489886,0.0022017118,2353789,eclipsing_binary
1521.6580696494343,1.0016798,0.002205812,2353789,eclipsing_binary
1521.6594585591608,0.993968,0.0022017949,2353789,eclipsing_binary
1521.6608474693528,1.0007899,0.0022075654,2353789,eclipsing_binary
1521.662236379079,0.99936134,0.002207371,2353789,eclipsing_binary
1521.6636252888054,1.0002832,0.0022058522,2353789,eclipsing_binary
1521.6650141989974,0.99318284,0.0022003665,2353789,eclipsing_binary
1521.6664031087246,0.99736047,0.0022032713,2353789,eclipsing_binary
1521.6677920184509,0.9970952,0.0022039707,2353789,eclipsing_binary
1521.6691809286424,0.9981556,0.0022031018,2353789,eclipsing_binary
1521.6705698383678,0.9955682,0.0022014275,2353789,eclipsing_binary
1521.671958748095,0.9971073,0.0022037453,2353789,eclipsing_binary
1521.6733476582879,0.9944685,0.0022011662,2353789,eclipsing_binary
1521.6747365680133,0.9998483,0.0022053472,2353789,eclipsing_binary
1521.676125477739,0.9979171,0.0022037877,2353789,eclipsing_binary
1521.677514387931,0.99459046,0.002202514,2353789,eclipsing_binary
1521.6789032976583,0.998399,0.0022024873,2353789,eclipsing_binary
1521.6802922073846,0.99746376,0.0022028545,2353789,eclipsing_binary
1521.6816811175765,1.0002226,0.0022045122,2353789,eclipsing_binary
1521.6830700273028,0.9947317,0.002203923,2353789,eclipsing_binary
1521.6844589370291,1.001838,0.0022071353,2353789,eclipsing_binary
1521.6858478467557,1.0011506,0.0022080054,2353789,eclipsing_binary
1521.6872367569479,1.0021911,0.0022075912,2353789,eclipsing_binary
1521.6886256666742,1.0008053,0.002205094,2353789,eclipsing_binary
1521.6900145763996,0.99760514,0.0022018878,2353789,eclipsing_binary
1521.6914034861268,0.99542314,0.0022025348,2353789,eclipsing_binary
1521.6927923963196,1.0012861,0.0022059984,2353789,eclipsing_binary
1521.694181306045,0.9987009,0.0022083381,2353789,eclipsing_binary
1521.6955702157709,0.99760616,0.002203225,2353789,eclipsing_binary
1521.6969591254972,0.9977302,0.0022027,2353789,eclipsing_binary
1521.6983480352244,0.99836034,0.002206494,2353789,eclipsing_binary
1521.6997369454164,0.9998475,0.0022042724,2353789,eclipsing_binary
1521.7011258551422,0.9975563,0.0022049237,2353789,eclipsing_binary
1521.7025147648685,0.9977372,0.0022037516,2353789,eclipsing_binary
1521.7039036745953,1.0000832,0.002205461,2353789,eclipsing_binary
1521.7052925843218,1.0007699,0.0022063875,2353789,eclipsing_binary
1521.706681494514,1.0016313,0.0022053132,2353789,eclipsing_binary
1521.7080704042403,0.99862057,0.0022039018,2353789,eclipsing_binary
1521.709459313966,0.9974503,0.0022026785,2353789,eclipsing_binary
1521.7108482236924,0.99921566,0.0022049611,2353789,eclipsing_binary
1521.7122371334192,0.9994854,0.0022050866,2353789,eclipsing_binary
1521.7136260431455,0.9966447,0.0022036938,2353789,eclipsing_binary
1521.7150149528713,1.0024436,0.0022069113,2353789,eclipsing_binary
1521.7164038625976,1.0007224,0.0022050303,2353789,eclipsing_binary
1521.7177927727905,1.0034434,0.0022073279,2353789,eclipsing_binary
1521.7191816825168,0.9992855,0.002204465,2353789,eclipsing_binary
1521.7205705922427,1.0023044,0.0022054978,2353789,eclipsing_binary
1521.721959501969,0.9961428,0.002202117,2353789,eclipsing_binary
1521.723348411696,1.0037259,0.002209188,2353789,eclipsing_binary
1521.7247373214225,0.999451,0.0022047008,2353789,eclipsing_binary
1521.7261262311479,1.0015929,0.0022074834,2353789,eclipsing_binary
1521.7275151408742,1.0004001,0.0022039127,2353789,eclipsing_binary
1521.7289040506007,1.0020926,0.0022064757,2353789,eclipsing_binary
1521.7302929603272,0.9934817,0.0021997672,2353789,eclipsing_binary
1521.731681870054,0.9991432,0.0022043274,2353789,eclipsing_binary
1521.7330707797805,1.0010657,0.0022058228,2353789,eclipsing_binary
1521.7344596895061,0.9989004,0.0022031732,2353789,eclipsing_binary
1521.735848599232,0.9986328,0.0022035786,2353789,eclipsing_binary
1521.737237508959,1.000435,0.0022052184,2353789,eclipsing_binary
1521.738626418686,0.99975324,0.0022055353,2353789,eclipsing_binary
1521.7400153284118,0.99948305,0.0022061067,2353789,eclipsing_binary
1521.741404238138,0.9968714,0.002202645,2353789,eclipsing_binary
1521.742793147865,1.0014957,0.002207707,2353789,eclipsing_binary
1521.7441820575916,0.9983697,0.002203185,2353789,eclipsing_binary
1521.745570967317,0.9986057,0.0022051663,2353789,eclipsing_binary
1521.7469598770435,0.997394,0.0022037944,2353789,eclipsing_binary
1521.74834878677,1.0001276,0.0022051998,2353789,eclipsing_binary
1521.7497376964964,1.0013597,0.0022072739,2353789,eclipsing_binary
1521.7511266062227,1.0012491,0.0022054443,2353789,eclipsing_binary
1521.752515515949,0.99632293,0.0022016263,2353789,eclipsing_binary
1521.7539044256753,0.99623287,0.0022025267,2353789,eclipsing_binary
1521.7552933349355,0.9982871,0.0022043388,2353789,eclipsing_binary
1521.7566822446624,1.0038948,0.002208833,2353789,eclipsing_binary
1521.7580711543894,1.003995,0.0022078478,2353789,eclipsing_binary
1521.7594600641153,1.0036106,0.002208495,2353789,eclipsing_binary
1521.7608489738407,1.0006548,0.0022064631,2353789,eclipsing_binary
1521.7622378835679,1.0033569,0.0022074985,2353789,eclipsing_binary
1521.763626793295,0.99602413,0.0022032107,2353789,eclipsing_binary
1521.7650157030205,1.000281,0.0022052478,2353789,eclipsing_binary
1521.7664046122813,1.0032674,0.0022069484,2353789,eclipsing_binary
1521.7677935220079,1.0008502,0.0022056294,2353789,eclipsing_binary
1521.7691824317342,1.0010008,0.0022038855,2353789,eclipsing_binary
1521.7705713414605,1.0010674,0.0022049712,2353789,eclipsing_binary
1521.7719602511868,1.0017544,0.0022053178,2353789,eclipsing_binary
1521.7733491604474,0.9999094,0.0022051393,2353789,eclipsing_binary
1521.7747380701733,0.99993175,0.0022028652,2353789,eclipsing_binary
1521.7761269799003,1.0018976,0.0022069956,2353789,eclipsing_binary
1521.7775158896272,0.9991499,0.0022043302,2353789,eclipsing_binary
1521.778904799353,1.002824,0.0022084566,2353789,eclipsing_binary
1521.780293708613,1.002279,0.002208448,2353789,eclipsing_binary
1521.78168261834,1.0026495,0.0022065432,2353789,eclipsing_binary
1521.7830715280672,1.0028764,0.0022087607,2353789,eclipsing_binary
1521.7844604377929,1.0038173,0.0022079167,2353789,eclipsing_binary
1521.7858493470528,1.0002578,0.0022054485,2353789,eclipsing_binary
1521.7872382567791,0.99583155,0.0022011201,2353789,eclipsing_binary
1521.7886271665063,1.0014151,0.00220436,2353789,eclipsing_binary
1521.7900160762326,1.0040311,0.0022069875,2353789,eclipsing_binary
1521.7914049854933,0.9999592,0.0022060506,2353789,eclipsing_binary
1521.7927938952196,0.99531925,0.0022014487,2353789,eclipsing_binary
1521.7941828049454,1.0042257,0.0022093935,2353789,eclipsing_binary
1521.795571714206,1.0010433,0.00220555,2353789,eclipsing_binary
1521.7969606239333,1.0033146,0.0022080103,2353789,eclipsing_binary
1521.7983495336596,0.9964382,0.0022013788,2353789,eclipsing_binary
1521.7997384429198,1.001228,0.002206099,2353789,eclipsing_binary
1521.8011273526465,0.99918485,0.0022051092,2353789,eclipsing_binary
1521.8025162623737,0.9996458,0.0022037574,2353789,eclipsing_binary
1521.8039051716337,1.0013341,0.002205751,2353789,eclipsing_binary
1521.8052940813593,0.9970582,0.002202895,2353789,eclipsing_binary
1521.8066829910856,0.998204,0.0022052114,2353789,eclipsing_binary
1521.8080719003472,0.9946693,0.0022003246,2353789,eclipsing_binary
1521.8094608100735,1.0017631,0.0022055572,2353789,eclipsing_binary
1521.8108497193336,1.0046842,0.002207761,2353789,eclipsing_binary
1521.81223862906,1.0027235,0.0022068208,2353789,eclipsing_binary
1521.8136275387862,1.0013454,0.002206268,2353789,eclipsing_binary
1521.815016448047,0.99839556,0.0022033323,2353789,eclipsing_binary
1521.816405357774,0.9982828,0.0022030768,2353789,eclipsing_binary
1521.8177942670347,1.0016828,0.002207454,2353789,eclipsing_binary
1521.8191831767606,0.9981047,0.0022032794,2353789,eclipsing_binary
1521.820572086487,1.0004853,0.0022056957,2353789,eclipsing_binary
1521.8219609957482,1.0008276,0.0022051074,2353789,eclipsing_binary
1521.8233499054747,0.9994328,0.0022045,2353789,eclipsing_binary
1521.8247388147345,1.0017653,0.0022036468,2353789,eclipsing_binary
1521.8261277244608,0.9981612,0.002202937,2353789,eclipsing_binary
1521.8275166337223,0.9982298,0.002203409,2353789,eclipsing_binary
1521.8289055434486,1.0025754,0.0022069027,2353789,eclipsing_binary
1521.8302944527088,0.99931896,0.0022063404,2353789,eclipsing_binary
1521.8316833624351,0.9995753,0.0022051528,2353789,eclipsing_binary
1521.8330722716958,1.0021094,0.002207756,2353789,eclipsing_binary
1521.834461181422,1.0030603,0.0022058098,2353789,eclipsing_binary
1521.8358500906827,0.99981993,0.0022051816,2353789,eclipsing_binary
1521.8372390004092,0.9975682,0.0022032298,2353789,eclipsing_binary
1521.83862790967,1.0026706,0.0022079574,2353789,eclipsing_binary
1521.8400168193964,1.0010978,0.0022056878,2353789,eclipsing_binary
1521.8414057286577,1.0006403,0.0022046997,2353789,eclipsing_binary
1521.8427946379186,1.0045803,0.0022090657,2353789,eclipsing_binary
1521.844183547644,1.0033985,0.0022115053,2353789,eclipsing_binary
1521.8455724569042,1.0014478,0.0022057714,2353789,eclipsing_binary
1521.8469613666314,1.0030249,0.0022083444,2353789,eclipsing_binary
1521.8483502758925,1.0010786,0.0022068121,2353789,eclipsing_binary
1521.8497391856183,1.0033383,0.0022073907,2353789,eclipsing_binary
1521.851128094879,0.9991586,0.0022046315,2353789,eclipsing_binary
1521.8525170041396,0.999994,0.0022083279,2353789,eclipsing_binary
1521.853905913866,0.99872535,0.0022041297,2353789,eclipsing_binary
1521.8552948231268,1.0010324,0.0022058226,2353789,eclipsing_binary
1521.8566837323876,1.0041809,0.0022075847,2353789,eclipsing_binary
1521.858072642114,1.0013561,0.0022072552,2353789,eclipsing_binary
1521.8594615513746,1.005469,0.0022082427,2353789,eclipsing_binary
1521.8608504611009,1.0031488,0.0022081307,2353789,eclipsing_binary
1521.8622393703615,1.000415,0.002206179,2353789,eclipsing_binary
1521.8636282796222,1.0031236,0.0022075262,2353789,eclipsing_binary
1521.865017189348,1.0052361,0.0022080718,2353789,eclipsing_binary
1521.8664060986096,1.0054035,0.0022086252,2353789,eclipsing_binary
1521.8677950078707,0.9996991,0.0022074631,2353789,eclipsing_binary
1521.8691839171308,1.0000049,0.0022049544,2353789,eclipsing_binary
1521.8705728268567,0.9985741,0.0022053423,2353789,eclipsing_binary
1521.8719617361173,1.0014898,0.0022041006,2353789,eclipsing_binary
1521.8733506453787,1.0020452,0.0022067481,2353789,eclipsing_binary
1521.8747395551052,1.000972,0.0022055598,2353789,eclipsing_binary
1521.876128464365,1.0046939,0.0022087102,2353789,eclipsing_binary
1521.8775173736256,1.0006559,0.0022042987,2353789,eclipsing_binary
1521.878906282887,1.000491,0.002204706,2353789,eclipsing_binary
1521.8802951926134,1.0015236,0.002207555,2353789,eclipsing_binary
1521.881684101874,1.0027016,0.0022074676,2353789,eclipsing_binary
1521.883073011135,1.0006125,0.0022044773,2353789,eclipsing_binary
1521.8844619203949,1.0051126,0.0022089568,2353789,eclipsing_binary
1521.8858508301212,0.99687916,0.0022049102,2353789,eclipsing_binary
1521.8872397393827,1.0032442,0.0022057227,2353789,eclipsing_binary
1521.8886286486434,1.0007577,0.0022052682,2353789,eclipsing_binary
1521.8900175579035,1.0040933,0.0022078308,2353789,eclipsing_binary
1521.8914064671642,0.9998846,0.0022054901,2353789,eclipsing_binary
1521.8927953768912,0.99956524,0.0022041246,2353789,eclipsing_binary
1521.894184286152,0.9984808,0.0022035455,2353789,eclipsing_binary
1521.8955731954118,1.0005168,0.002205937,2353789,eclipsing_binary
1521.8969621046726,0.997341,0.0022022927,2353789,eclipsing_binary
1521.898351013934,1.004627,0.002208813,2353789,eclipsing_binary
1521.8997399231946,1.0017872,0.0022075686,2353789,eclipsing_binary
1521.9011288324548,1.000105,0.0022094275,2353789,eclipsing_binary
1521.902517742181,1.0005324,0.0022041902,2353789,eclipsing_binary
1521.9039066514417,1.0028455,0.0022054745,2353789,eclipsing_binary
1521.9052955607024,1.0000418,0.0022046498,2353789,eclipsing_binary
1521.906684469964,1.0037224,0.0022093651,2353789,eclipsing_binary
1521.9080733792246,1.0031306,0.002204923,2353789,eclipsing_binary
1521.9094622884847,1.002701,0.002206679,2353789,eclipsing_binary
1521.9108511977445,0.9998544,0.0022047665,2353789,eclipsing_binary
1521.912240107006,0.9981582,0.0022032624,2353789,eclipsing_binary
1521.9136290162676,1.0016873,0.002205184,2353789,eclipsing_binary
1521.9150179255273,0.9978072,0.0022031632,2353789,eclipsing_binary
1521.9164068347882,1.0026522,0.002205754,2353789,eclipsing_binary
1521.9177957440495,1.002819,0.0022052983,2353789,eclipsing_binary
1521.9191846537758,1.0049424,0.002209032,2353789,eclipsing_binary
1521.920573563036,1.0032332,0.002207126,2353789,eclipsing_binary
1521.9219624722966,1.0020015,0.0022047798,2353789,eclipsing_binary
1521.9233513815573,1.0030086,0.00220781,2353789,eclipsing_binary
1521.924740290818,1.0016502,0.0022064117,2353789,eclipsing_binary
1521.9261292000788,1.0030146,0.0022074552,2353789,eclipsing_binary
1521.9275181093396,1.0006036,0.002205309,2353789,eclipsing_binary
1521.9289070186003,1.0019084,0.002207321,2353789,eclipsing_binary
1521.9302959278602,0.9985221,0.002203388,2353789,eclipsing_binary
1521.9316848371216,0.99961275,0.0022055074,2353789,eclipsing_binary
1521.9330737459175,1.0045227,0.002208208,2353789,eclipsing_binary
1521.9344626551772,0.9985038,0.0022031767,2353789,eclipsing_binary
1521.9358515644374,0.9965964,0.0022022203,2353789,eclipsing_binary
1521.937240473698,1.0037073,0.0022078434,2353789,eclipsing_binary
1521.9386293829596,0.9996923,0.0022044575,2353789,eclipsing_binary
1521.9400182922202,1.0058334,0.0022086792,2353789,eclipsing_binary
1521.9414072014808,1.0009977,0.0022057202,2353789,eclipsing_binary
1521.9427961107415,1.0054108,0.002209273,2353789,eclipsing_binary
1521.9441850200024,1.0015477,0.0022049297,2353789,eclipsing_binary
1521.9455739292632,1.0043135,0.002207216,2353789,eclipsing_binary
1521.9469628385239,1.0044398,0.0022086469,2353789,eclipsing_binary
1521.9483517477845,0.9987453,0.0022034652,2353789,eclipsing_binary
1521.9497406570445,1.0029997,0.00220785,2353789,eclipsing_binary
1521.9511295658397,0.99887997,0.002205701,2353789,eclipsing_binary
1521.9525184751008,1.0012536,0.0022058233,2353789,eclipsing_binary
1521.9539073843616,1.0008696,0.0022066454,2353789,eclipsing_binary
1521.9552962936216,1.0012811,0.002206744,2353789,eclipsing_binary
1521.9566852028822,0.9959904,0.0022027788,2353789,eclipsing_binary
1521.9580741121438,1.0002003,0.002205375,2353789,eclipsing_binary
1521.9594630209388,0.9961849,0.002202106,2353789,eclipsing_binary
1521.960851930199,1.0042708,0.0022087337,2353789,eclipsing_binary
1521.9622408394596,1.004012,0.0022078287,2353789,eclipsing_binary
1521.963629748721,1.0002838,0.0022053996,2353789,eclipsing_binary
1521.9650186579818,1.003207,0.0022082117,2353789,eclipsing_binary
1521.9664075667768,1.0003562,0.0022064236,2353789,eclipsing_binary
1521.9677964760374,1.0019618,0.002206988,2353789,eclipsing_binary
1521.9691853852976,0.99981266,0.002205486,2353789,eclipsing_binary
1521.9705742945582,1.0038601,0.0022060673,2353789,eclipsing_binary
1521.9719632038195,0.9992242,0.0022037865,2353789,eclipsing_binary
1521.9733521126147,1.0049055,0.0022084855,2353789,eclipsing_binary
1521.9747410218745,1.0015383,0.0022049171,2353789,eclipsing_binary
1521.9761299311347,1.0043885,0.002207199,2353789,eclipsing_binary
1521.977518840396,1.0052102,0.0022098,2353789,eclipsing_binary
1521.9789077491916,1.0021995,0.002206865,2353789,eclipsing_binary
1521.9802966584518,1.0047871,0.002209199,2353789,eclipsing_binary
1521.9816855677125,1.0007665,0.0022047702,2353789,eclipsing_binary
1521.9830744765084,0.9996148,0.0022042901,2353789,eclipsing_binary
1521.984463385769,1.0059259,0.002209075,2353789,eclipsing_binary
1521.9858522950287,1.0003918,0.0022071619,2353789,eclipsing_binary
1521.987241203824,1.00228,0.0022067798,2353789,eclipsing_binary
1521.9886301130848,1.0026577,0.0022063993,2353789,eclipsing_binary
1521.9900190223455,0.9980835,0.0022042866,2353789,eclipsing_binary
1521.991407931141,1.0027165,0.0022075805,2353789,eclipsing_binary
1521.992796840402,1.0046664,0.0022091994,2353789,eclipsing_binary
1521.9941857496617,1.0029347,0.0022069644,2353789,eclipsing_binary
1521.9955746584562,1.0033147,0.0022070552,2353789,eclipsing_binary
1521.9969635677176,1.0010959,0.0022056054,2353789,eclipsing_binary
1521.9983524769789,1.0000762,0.0022062818,2353789,eclipsing_binary
1521.9997413857734,1.0036868,0.0022069053,2353789,eclipsing_binary
1522.0011302950334,1.0006627,0.00220729,2353789,eclipsing_binary
1522.002519203829,0.99961424,0.0022047672,2353789,eclipsing_binary
1522.0039081130906,1.0021553,0.0022052634,2353789,eclipsing_binary
1522.0052970223505,1.0010567,0.0022056499,2353789,eclipsing_binary
1522.0066859311457,1.0026925,0.0022076191,2353789,eclipsing_binary
1522.0080748404064,1.0029418,0.002205555,2353789,eclipsing_binary
1522.0094637492014,1.004428,0.0022074564,2353789,eclipsing_binary
1522.010852658462,1.0012953,0.0022074222,2353789,eclipsing_binary
1522.012241567257,1.002557,0.002207458,2353789,eclipsing_binary
1522.0136304765176,1.0038044,0.0022089388,2353789,eclipsing_binary
1522.0150193857778,0.9988889,0.0022040647,2353789,eclipsing_binary
1522.0164082945737,1.0026954,0.0022058634,2353789,eclipsing_binary
1522.0177972038348,1.0008624,0.0022055954,2353789,eclipsing_binary
1522.0191861126293,1.0006053,0.0022060527,2353789,eclipsing_binary
1522.0205750218895,1.0020156,0.0022049968,2353789,eclipsing_binary
1522.021963930685,1.0016437,0.0022056266,2353789,eclipsing_binary
1522.0233528399465,1.0018914,0.0022071484,2353789,eclipsing_binary
1522.0247417487408,0.9987022,0.0022046892,2353789,eclipsing_binary
1522.0261306580007,0.9998665,0.0022047155,2353789,eclipsing_binary
1522.0275195667957,0.9994167,0.0022088087,2353789,eclipsing_binary
1522.0289084755916,1.0006758,0.002205037,2353789,eclipsing_binary
1522.0302973848522,1.0021679,0.0022064964,2353789,eclipsing_binary
1522.0316862936472,1.003841,0.0022077158,2353789,eclipsing_binary
1522.0330752029079,0.9993884,0.0022047397,2353789,eclipsing_binary
1522.0344641117024,1.0008737,0.0022055185,2353789,eclipsing_binary
1522.035853020963,1.0044414,0.0022090145,2353789,eclipsing_binary
1522.037241929759,0.99951106,0.002205556,2353789,eclipsing_binary
1522.0386308390196,1.0027035,0.0022069572,2353789,eclipsing_binary
1522.040019747814,1.0017687,0.0022068978,2353789,eclipsing_binary
1522.041408656609,0.9999479,0.0022055106,2353789,eclipsing_binary
1522.0427975658704,1.0014759,0.0022074115,2353789,eclipsing_binary
1522.0441864746656,1.0057464,0.002209412,2353789,eclipsing_binary
1522.0455753834597,0.99772525,0.0022023849,2353789,eclipsing_binary
1522.0469642927203,1.000287,0.002206196,2353789,eclipsing_binary
1522.0483532015162,1.0015932,0.0022064028,2353789,eclipsing_binary
1522.0497421107768,1.0034817,0.0022070662,2353789,eclipsing_binary
1522.0511310195714,1.0012608,0.0022081672,2353789,eclipsing_binary
1522.0525199283663,0.9999494,0.0022047756,2353789,eclipsing_binary
1522.053908837627,1.0009674,0.0022052934,2353789,eclipsing_binary
1522.055297746422,1.0000361,0.002206541,2353789,eclipsing_binary
1522.0566866552178,1.0012542,0.0022056568,2353789,eclipsing_binary
1522.0580755640128,1.001849,0.0022066976,2353789,eclipsing_binary
1522.059464473273,1.0030499,0.002206283,2353789,eclipsing_binary
1522.060853382068,1.0011575,0.0022069355,2353789,eclipsing_binary
1522.0622422908637,1.0022937,0.0022064005,2353789,eclipsing_binary
1522.0636312001245,1.0003675,0.0022053404,2353789,eclipsing_binary
1522.0650201089186,1.0007734,0.0022065989,2353789,eclipsing_binary
1522.066409017713,0.99931467,0.0022060657,2353789,eclipsing_binary
1522.067797926509,0.99785835,0.0022044994,2353789,eclipsing_binary
1522.06918683577,1.002695,0.0022077905,2353789,eclipsing_binary
1522.0705757445646,1.0022613,0.0022069311,2353789,eclipsing_binary
1522.0719646533596,1.0029143,0.0022061546,2353789,eclipsing_binary
1522.0733535621546,0.9998986,0.0022042233,2353789,eclipsing_binary
1522.0747424714152,1.0065846,0.002210626,2353789,eclipsing_binary
1522.0761313802104,1.003655,0.002206919,2353789,eclipsing_binary
1522.0775202890056,1.0000194,0.0022054808,2353789,eclipsing_binary
1522.0789091978006,1.0054045,0.0022095619,2353789,eclipsing_binary
1522.0802981065956,0.99956894,0.0022050582,2353789,eclipsing_binary
1522.0816870158571,1.0004252,0.002206108,2353789,eclipsing_binary
1522.0830759246521,1.0029039,0.0022060839,2353789,eclipsing_binary
1522.0844648334462,1.001603,0.0022067255,2353789,eclipsing_binary
1522.0858537422407,0.99687034,0.0022040256,2353789,eclipsing_binary
1522.0872426510366,1.0026588,0.0022070305,2353789,eclipsing_binary
1522.088631559832,1.0029198,0.00221049,2353789,eclipsing_binary
1522.0900204690922,1.0024447,0.002205752,2353789,eclipsing_binary
1522.0914093778867,1.000403,0.0022057348,2353789,eclipsing_binary
1522.0927982866817,1.0014075,0.0022067688,2353789,eclipsing_binary
1522.0941871954774,0.99967736,0.0022053765,2353789,eclipsing_binary
1522.0955761042726,1.001655,0.0022063733,2353789,eclipsing_binary
1522.0969650130676,0.9986736,0.002205242,2353789,eclipsing_binary
1522.0983539218626,1.0001141,0.0022071851,2353789,eclipsing_binary
1522.0997428306575,1.0038992,0.0022108478,2353789,eclipsing_binary
1522.1011317394525,1.0040962,0.002207206,2353789,eclipsing_binary
1522.1025206482475,1.0025098,0.0022063002,2353789,eclipsing_binary
1522.1039095570427,1.0015688,0.0022071486,2353789,eclipsing_binary
1522.1052984663027,1.001035,0.0022056361,2353789,eclipsing_binary
1522.1066873750985,1.0001458,0.0022054557,2353789,eclipsing_binary
1522.108076283894,1.0042892,0.002209233,2353789,eclipsing_binary
1522.1094651926885,1.0054104,0.0022084366,2353789,eclipsing_binary
1522.110854101483,0.99881005,0.0022051116,2353789,eclipsing_binary
1522.112243010278,1.001389,0.0022056992,2353789,eclipsing_binary
1522.1136319190737,1.0070109,0.0022091342,2353789,eclipsing_binary
1522.1150208278689,1.0045923,0.0022093006,2353789,eclipsing_binary
1522.116409736663,0.9994573,0.0022049039,2353789,eclipsing_binary
1522.1177986454582,1.0051336,0.0022106923,2353789,eclipsing_binary
1522.1191875542538,1.0042424,0.0022082329,2353789,eclipsing_binary
1522.1205764630488,1.0042434,0.002208987,2353789,eclipsing_binary
1522.1219653718438,0.9990074,0.0022028799,2353789,eclipsing_binary
1522.123354280639,1.0005985,0.0022067812,2353789,eclipsing_binary
1522.1247431894333,0.99671304,0.002205068,2353789,eclipsing_binary
1522.1261320982283,0.99949694,0.0022041555,2353789,eclipsing_binary
1522.1275210065585,1.0003405,0.0022055665,2353789,eclipsing_binary
1522.1289099153535,0.99570876,0.0022005683,2353789,eclipsing_binary
1522.130298824148,1.0017062,0.0022069386,2353789,eclipsing_binary
1522.131687732942,0.99755335,0.0022038182,2353789,eclipsing_binary
1522.133076641738,1.0048876,0.0022089693,2353789,eclipsing_binary
1522.1344655505338,1.0007434,0.0022056357,2353789,eclipsing_binary
1522.135854459328,1.00217,0.0022057963,2353789,eclipsing_binary
1522.137243368123,1.0010908,0.002205517,2353789,eclipsing_binary
1522.1386322769188,1.0061392,0.0022091977,2353789,eclipsing_binary
1522.1400211857137,0.9974763,0.0022035704,2353789,eclipsing_binary
1522.1414100940426,0.99855494,0.0022046373,2353789,eclipsing_binary
1522.1427990028376,1.0012773,0.002208221,2353789,eclipsing_binary
1522.1441879116326,0.9976793,0.0022032524,2353789,eclipsing_binary
1522.1455768204276,0.9989352,0.0022040405,2353789,eclipsing_binary
1522.1469657292234,0.9979958,0.0022034238,2353789,eclipsing_binary
1522.1483546380184,1.0002044,0.0022082545,2353789,eclipsing_binary
1522.1497435463473,0.99905074,0.0022046731,2353789,eclipsing_binary
1522.1511324551416,0.9994668,0.0022042,2353789,eclipsing_binary
1522.1525213639372,1.0017267,0.002206023,2353789,eclipsing_binary
1522.1539102727331,1.0003465,0.0022048936,2353789,eclipsing_binary
1522.1552991815272,0.99722624,0.0022020915,2353789,eclipsing_binary
1522.1566880903217,0.9985604,0.0022044464,2353789,eclipsing_binary
1522.158076998652,1.0013548,0.0022053593,2353789,eclipsing_binary
1522.1594659074474,1.0013632,0.0022061043,2353789,eclipsing_binary
1522.160854816242,1.0018721,0.002206384,2353789,eclipsing_binary
1522.162243725037,1.0032188,0.0022088005,2353789,eclipsing_binary
1522.1636326333662,1.0046114,0.0022076406,2353789,eclipsing_binary
1522.1650215421614,1.0036174,0.0022063926,2353789,eclipsing_binary
1522.1664104509566,1.0024711,0.0022063346,2353789,eclipsing_binary
1522.1677993597516,1.0035291,0.0022065062,2353789,eclipsing_binary
1522.169188268081,1.003034,0.0022080252,2353789,eclipsing_binary
1522.1705771768752,1.0045207,0.0022098096,2353789,eclipsing_binary
1522.1719660856709,1.0043775,0.0022071057,2353789,eclipsing_binary
1522.173354994001,0.9991865,0.0022060191,2353789,eclipsing_binary
1522.1747439027954,1.001128,0.0022056336,2353789,eclipsing_binary
1522.1761328115897,0.9979036,0.002203701,2353789,eclipsing_binary
1522.17752171992,1.0029645,0.002208146,2353789,eclipsing_binary
1522.1789106287156,1.0005985,0.002205808,2353789,eclipsing_binary
1522.1802995375099,1.0027709,0.0022066797,2353789,eclipsing_binary
1522.1816884458387,1.0012784,0.002205126,2353789,eclipsing_binary
1522.1830773546337,1.0013883,0.0022062382,2353789,eclipsing_binary
1522.1844662634294,0.99789566,0.0022046824,2353789,eclipsing_binary
1522.185855171759,0.99996454,0.0022036969,2353789,eclipsing_binary
1522.187244080554,1.0017792,0.0022063078,2353789,eclipsing_binary
1522.188632989349,1.0001795,0.002205083,2353789,eclipsing_binary
1522.1900218976778,1.0069351,0.0022098022,2353789,eclipsing_binary
1522.1914108064727,1.0019494,0.0022058194,2353789,eclipsing_binary
1522.1927997148027,1.0015813,0.0022059446,2353789,eclipsing_binary
1522.194188623598,0.9978721,0.002204251,2353789,eclipsing_binary
1522.195577532392,1.0058101,0.0022097586,2353789,eclipsing_binary
1522.1969664407213,1.0031087,0.0022095414,2353789,eclipsing_binary
1522.1983553495172,1.0028764,0.0022064433,2353789,eclipsing_binary
1522.1997442578465,1.0051773,0.002208465,2353789,eclipsing_binary
1522.201133166641,0.99997705,0.0022044184,2353789,eclipsing_binary
1522.2025220749704,1.0019643,0.0022068822,2353789,eclipsing_binary
1522.2039109837663,1.002826,0.00220623,2353789,eclipsing_binary
1522.2052998920956,0.99805284,0.002203669,2353789,eclipsing_binary
1522.2066888008897,1.0034939,0.0022072967,2353789,eclipsing_binary
1522.2080777092192,0.9978618,0.0022054897,2353789,eclipsing_binary
1522.2094666180144,0.9999776,0.0022077786,2353789,eclipsing_binary
1522.2108555263437,1.0005739,0.0022052354,2353789,eclipsing_binary
1522.2122444351394,1.0025594,0.0022061681,2353789,eclipsing_binary
1522.213633343469,1.0010009,0.0022045427,2353789,eclipsing_binary
1522.215022252263,1.0015972,0.0022073518,2353789,eclipsing_binary
1522.2164111605925,1.0021516,0.0022058797,2353789,eclipsing_binary
1522.2178000693882,1.0049714,0.0022098608,2353789,eclipsing_binary
1522.2191889777175,0.9962882,0.0022038168,2353789,eclipsing_binary
1522.220577886512,1.0003593,0.0022049244,2353789,eclipsing_binary
1522.2219667948407,0.99848205,0.0022065912,2353789,eclipsing_binary
1522.2233557036363,1.0036767,0.002206876,2353789,eclipsing_binary
1522.2247446119666,0.9996739,0.0022040934,2353789,eclipsing_binary
1522.2261335202952,1.0007191,0.0022053057,2353789,eclipsing_binary
1522.2275224290904,1.0025653,0.0022062752,2353789,eclipsing_binary
1522.2289113374197,0.9978629,0.0022048522,2353789,eclipsing_binary
1522.2303002462147,1.0012947,0.002207728,2353789,eclipsing_binary
1522.231689154544,0.9994207,0.0022038997,2353789,eclipsing_binary
1522.2330780628733,1.0006838,0.0022053479,2353789,eclipsing_binary
1522.2344669716683,1.0046614,0.0022073272,2353789,eclipsing_binary
1522.2358558799979,1.0001783,0.002204408,2353789,eclipsing_binary
1522.2372447883279,1.0018792,0.0022058014,2353789,eclipsing_binary
1522.2386336971229,1.0011029,0.002207634,2353789,eclipsing_binary
1522.2400226054517,1.0054681,0.002209741,2353789,eclipsing_binary
1522.2414115137806,0.9984089,0.0022041432,2353789,eclipsing_binary
1522.242800422576,1.005158,0.0022080617,2353789,eclipsing_binary
1522.2441893309062,0.9996977,0.002206543,2353789,eclipsing_binary
1522.2455782392349,1.0003718,0.0022053544,2353789,eclipsing_binary
1522.2469671480292,1.0041659,0.00220842,2353789,eclipsing_binary
1522.2483560563585,0.99913806,0.0022072827,2353789,eclipsing_binary
1522.2497449646887,1.0012528,0.0022045837,2353789,eclipsing_binary
1522.2511338734837,0.99946064,0.0022064664,2353789,eclipsing_binary
1522.252522781813,0.9973292,0.0022023453,2353789,eclipsing_binary
1522.2539116901423,1.0012789,0.002205051,2353789,eclipsing_binary
1522.2553005984719,0.99367386,0.0022004275,2353789,eclipsing_binary
1522.256689507267,0.9990355,0.002203781,2353789,eclipsing_binary
1522.2580784155964,0.9989534,0.002203124,2353789,eclipsing_binary
1522.2594673239257,0.9953427,0.0022017665,2353789,eclipsing_binary
1522.2608562322546,1.0003881,0.0022079651,2353789,eclipsing_binary
1522.2622451410496,0.99658537,0.0022025877,2353789,eclipsing_binary
1522.2636340493796,1.0007101,0.0022056694,2353789,eclipsing_binary
1522.265022957709,1.0016068,0.00220476,2353789,eclipsing_binary
1522.2664118660375,0.99649656,0.002203242,2353789,eclipsing_binary
1522.2678007743668,0.999513,0.0022027965,2353789,eclipsing_binary
1522.2691896831627,0.99978244,0.0022041101,2353789,eclipsing_binary
1522.270578591492,1.0049826,0.0022077544,2353789,eclipsing_binary
1522.271967499821,1.0005035,0.002204881,2353789,eclipsing_binary
1522.2733564081502,1.000426,0.0022046547,2353789,eclipsing_binary
1522.2747453164804,0.99871737,0.0022046943,2353789,eclipsing_binary
1522.2761342252754,1.0012426,0.002208081,2353789,eclipsing_binary
1522.2775231336047,0.99791694,0.0022033919,2353789,eclipsing_binary
1522.278912041934,1.0007586,0.0022057334,2353789,eclipsing_binary
1522.280300950263,1.0030482,0.002208385,2353789,eclipsing_binary
1522.2816898585922,0.99810016,0.0022030293,2353789,eclipsing_binary
1522.2830787669222,0.99706507,0.0022028596,2353789,eclipsing_binary
1522.2844676752518,1.0005224,0.0022044592,2353789,eclipsing_binary
1522.2858565835802,0.99916804,0.0022028848,2353789,eclipsing_binary
1522.287245491909,1.0004622,0.0022041567,2353789,eclipsing_binary
1522.288634400705,1.000517,0.002207451,2353789,eclipsing_binary
1522.2900233090347,1.0000391,0.0022047868,2353789,eclipsing_binary
1522.2914122173636,0.9987566,0.0022046422,2353789,eclipsing_binary
1522.292801125693,0.9972432,0.0022016673,2353789,eclipsing_binary
1522.2941900340231,0.9995258,0.002205076,2353789,eclipsing_binary
1522.2955789423524,0.99584806,0.0022026035,2353789,eclipsing_binary
1522.296967850681,0.9960233,0.0022019197,2353789,eclipsing_binary
1522.2983567590106,0.99951065,0.0022051937,2353789,eclipsing_binary
1522.29974566734,1.0025301,0.0022069607,2353789,eclipsing_binary
1522.3011345756693,0.99549395,0.0022002906,2353789,eclipsing_binary
1522.3025234839986,0.99710774,0.002203562,2353789,eclipsing_binary
1522.303912392328,0.99602824,0.0022016612,2353789,eclipsing_binary
1522.3053013006572,0.9978193,0.0022040533,2353789,eclipsing_binary
1522.306690208986,1.0013697,0.002204868,2353789,eclipsing_binary
1522.3080791173163,1.0007685,0.0022045628,2353789,eclipsing_binary
1522.309468025646,1.0004966,0.0022044994,2353789,eclipsing_binary
1522.310856933975,0.9988275,0.002204937,2353789,eclipsing_binary
1522.3122458423038,1.0005864,0.0022041,2353789,eclipsing_binary
1522.3136347506336,0.997182,0.0022026682,2353789,eclipsing_binary
1522.3150236589638,1.0005094,0.00220612,2353789,eclipsing_binary
1522.3164125672927,0.9965961,0.0022022936,2353789,eclipsing_binary
1522.317801475622,0.9970406,0.0022039213,2353789,eclipsing_binary
1522.3191903839513,0.99562484,0.0022018335,2353789,eclipsing_binary
1522.320579291815,0.99900204,0.0022050224,2353789,eclipsing_binary
1522.3219682001443,1.0002679,0.002203807,2353789,eclipsing_binary
1522.3233571084736,0.9993782,0.0022062224,2353789,eclipsing_binary
1522.3247460168031,1.0045009,0.0022086045,2353789,eclipsing_binary
1522.3261349251318,1.0010403,0.0022046259,2353789,eclipsing_binary
1522.327523833461,0.9989838,0.0022046454,2353789,eclipsing_binary
1522.3289127417913,1.0000508,0.0022047604,2353789,eclipsing_binary
1522.3303016501206,1.0009568,0.002203495,2353789,eclipsing_binary
1522.3316905584495,0.998931,0.0022057844,2353789,eclipsing_binary
1522.3330794663136,0.9967844,0.002203495,2353789,eclipsing_binary
1522.3344683746438,0.9974133,0.0022028657,2353789,eclipsing_binary
1522.3358572829727,0.9958038,0.0022023518,2353789,eclipsing_binary
1522.3372461913011,0.9989516,0.0022061267,2353789,eclipsing_binary
1522.3386350996307,0.9967539,0.0022036145,2353789,eclipsing_binary
1522.3400240079607,0.99853367,0.0022041136,2353789,eclipsing_binary
1522.3414129158243,1.0037401,0.0022074059,2353789,eclipsing_binary
1522.3428018241536,1.0006857,0.0022039718,2353789,eclipsing_binary
1522.3441907324832,0.9983734,0.002202961,2353789,eclipsing_binary
1522.3455796408118,0.99737024,0.002201033,2353789,eclipsing_binary
1522.3469685486755,0.99927413,0.0022045432,2353789,eclipsing_binary
1522.3483574570057,0.9983721,0.0022035933,2353789,eclipsing_binary
1522.349746365335,1.0019727,0.002207057,2353789,eclipsing_binary
1522.3511352736639,0.999678,0.0022045237,2353789,eclipsing_binary
1522.3525241815275,0.999166,0.002202968,2353789,eclipsing_binary
1522.3539130898575,0.9986401,0.0022024156,2353789,eclipsing_binary
1522.355301998187,0.9914952,0.002199803,2353789,eclipsing_binary
1522.3566909065155,0.99809504,0.0022038817,2353789,eclipsing_binary
1522.3580798143794,0.99879086,0.0022033812,2353789,eclipsing_binary
1522.3594687227094,1.0015087,0.002206487,2353789,eclipsing_binary
1522.3608576310387,0.99592906,0.002202209,2353789,eclipsing_binary
1522.3622465393676,0.99805576,0.0022038624,2353789,eclipsing_binary
1522.3636354472312,1.0018572,0.0022061113,2353789,eclipsing_binary
1522.3650243555605,1.0009346,0.0022061954,2353789,eclipsing_binary
1522.3664132638899,0.9997062,0.002203605,2353789,eclipsing_binary
1522.3678021717537,1.0005593,0.0022056147,2353789,eclipsing_binary
1522.3691910800833,0.9984799,0.0022022154,2353789,eclipsing_binary
1522.3705799884126,0.9971949,0.0022019132,2353789,eclipsing_binary
1522.3719688962763,1.0009538,0.002205281,2353789,eclipsing_binary
1522.3733578046065,0.99716175,0.0022019309,2353789,eclipsing_binary
1522.3747467124701,0.9976854,0.0022018892,2353789,eclipsing_binary
1522.3761356207986,0.99861425,0.0022046105,2353789,eclipsing_binary
1522.3775245291274,0.9953817,0.0021998864,2353789,eclipsing_binary
1522.378913436992,0.9951171,0.0022011928,2353789,eclipsing_binary
1522.3803023453218,1.0005227,0.002204195,2353789,eclipsing_binary
1522.381691253185,1.0002694,0.0022039209,2353789,eclipsing_binary
1522.3830801615143,0.99604297,0.0022026824,2353789,eclipsing_binary
1522.3844690698436,1.0014707,0.0022054603,2353789,eclipsing_binary
1522.3858579777075,0.99733907,0.0022023274,2353789,eclipsing_binary
1522.387246886037,0.99730587,0.0022023711,2353789,eclipsing_binary
1522.3886357939007,1.000999,0.0022066934,2353789,eclipsing_binary
1522.39002470223,0.9967741,0.0022041113,2353789,eclipsing_binary
1522.3914136100937,0.9971486,0.0022031493,2353789,eclipsing_binary
1522.392802518423,0.9981886,0.0022053048,2353789,eclipsing_binary
1522.3941914262866,0.9977423,0.0022015828,2353789,eclipsing_binary
1522.3955803346162,0.9944435,0.0022025276,2353789,eclipsing_binary
1522.3969692424791,0.99956936,0.002204478,2353789,eclipsing_binary
1522.3983581508094,0.9974638,0.002201761,2353789,eclipsing_binary
1522.3997470586737,0.99478865,0.0022012054,2353789,eclipsing_binary
1522.4011359670023,0.9978918,0.0022036347,2353789,eclipsing_binary
1522.4025248748655,0.996045,0.002203119,2353789,eclipsing_binary
1522.4039137831949,0.9929519,0.0022002414,2353789,eclipsing_binary
1522.4053026910592,1.0008783,0.0022061043,2353789,eclipsing_binary
1522.4066915993888,0.9971264,0.0022045523,2353789,eclipsing_binary
1522.4080805072515,0.99605393,0.002201463,2353789,eclipsing_binary
1522.409469415581,1.0000694,0.002204458,2353789,eclipsing_binary
1522.4108583234454,0.9973381,0.0022024228,2353789,eclipsing_binary
1522.4122472317747,1.000942,0.002204271,2353789,eclipsing_binary
1522.4136361396386,0.9984495,0.0022063754,2353789,eclipsing_binary
1522.4150250475025,0.99855673,0.002203165,2353789,eclipsing_binary
1522.4164139558309,0.99595314,0.0022015695,2353789,eclipsing_binary
1522.4178028636945,1.003878,0.0022065495,2353789,eclipsing_binary
1522.4191917720248,0.9980798,0.0022024906,2353789,eclipsing_binary
1522.4205806798884,0.9967911,0.0022025246,2353789,eclipsing_binary
1522.4219695877516,0.99929065,0.002203137,2353789,eclipsing_binary
1522.423358496081,0.9995379,0.002205212,2353789,eclipsing_binary
1522.4247474039455,0.998706,0.002203752,2353789,eclipsing_binary
1522.4261363118092,0.9970054,0.0022022587,2353789,eclipsing_binary
1522.4275252201376,0.996867,0.002201867,2353789,eclipsing_binary
1522.4289141280015,0.99896044,0.0022040035,2353789,eclipsing_binary
1522.4303030358658,0.9967499,0.0022011425,2353789,eclipsing_binary
1522.431691944195,0.99142325,0.0021998568,2353789,eclipsing_binary
1522.4330808520583,0.9960517,0.002201496,2353789,eclipsing_binary
1522.434469759922,0.99514365,0.0022004417,2353789,eclipsing_binary
1522.4358586682513,0.9992858,0.0022043977,2353789,eclipsing_binary
1522.4372475761152,0.9974041,0.0022040613,2353789,eclipsing_binary
1522.4386364839795,0.9988803,0.0022023902,2353789,eclipsing_binary
1522.4400253923088,1.000271,0.0022042426,2353789,eclipsing_binary
1522.441414300172,0.99535614,0.0022000459,2353789,eclipsing_binary
1522.442803208035,0.9984371,0.0022046987,2353789,eclipsing_binary
1522.4441921158993,0.99621224,0.0022013185,2353789,eclipsing_binary
1522.4455810242296,0.99494684,0.0022012293,2353789,eclipsing_binary
1522.4469699320925,0.9977273,0.0022054221,2353789,eclipsing_binary
1522.4483588399555,0.9991271,0.0022044366,2353789,eclipsing_binary
1522.44974774782,0.99472046,0.002200491,2353789,eclipsing_binary
1522.4511366561499,0.9969699,0.0022036026,2353789,eclipsing_binary
1522.452525564013,0.9973822,0.0022022272,2353789,eclipsing_binary
1522.4539144718767,0.9976683,0.002202505,2353789,eclipsing_binary
1522.4553033797404,0.99975187,0.0022026617,2353789,eclipsing_binary
1522.4566922876043,0.998194,0.0022036347,2353789,eclipsing_binary
1522.4580811959338,1.0007082,0.0022052552,2353789,eclipsing_binary
1522.4594701037975,0.9960061,0.0022016268,2353789,eclipsing_binary
1522.4608590116611,0.9905577,0.0021996885,2353789,eclipsing_binary
1522.4622479195243,0.99355257,0.002199003,2353789,eclipsing_binary
1522.463636827388,0.9962316,0.0022006852,2353789,eclipsing_binary
1522.465025735252,0.99558514,0.002203526,2353789,eclipsing_binary
1522.466414643116,0.9970255,0.002201784,2353789,eclipsing_binary
1522.4678035514446,0.99371237,0.0021990472,2353789,eclipsing_binary
1522.4691924593092,0.99245834,0.002199691,2353789,eclipsing_binary
1522.4705813671735,0.99012667,0.0021970617,2353789,eclipsing_binary
1522.4719702750365,0.9862918,0.0021942682,2353789,eclipsing_binary
1522.4733591828997,0.98507017,0.0021928095,2353789,eclipsing_binary
1522.4747480907633,0.98736584,0.0021946444,2353789,eclipsing_binary
1522.476136998628,0.9856562,0.0021947022,2353789,eclipsing_binary
1522.4775259064916,0.9845272,0.0021926237,2353789,eclipsing_binary
1522.4789148143552,0.9866927,0.0021971157,2353789,eclipsing_binary
1522.4803037222189,0.98386073,0.0021922502,2353789,eclipsing_binary
1522.4816926305477,0.9811497,0.0021904232,2353789,eclipsing_binary
1522.4830815384114,0.97708553,0.0021881217,2353789,eclipsing_binary
1522.4844704462757,0.9787872,0.0021904071,2353789,eclipsing_binary
1522.4858593541396,0.97549444,0.002187428,2353789,eclipsing_binary
1522.4872482620024,0.9820961,0.0021909713,2353789,eclipsing_binary
1522.488637169866,0.97450006,0.0021850555,2353789,eclipsing_binary
1522.4900260777306,0.97909665,0.0021906563,2353789,eclipsing_binary
1522.4914149855942,0.9747336,0.002185585,2353789,eclipsing_binary
1522.4928038934574,0.97326106,0.0021862818,2353789,eclipsing_binary
1522.494192801321,0.970495,0.0021836292,2353789,eclipsing_binary
1522.4955817091857,0.97070557,0.0021839484,2353789,eclipsing_binary
1522.4969706170493,0.97021115,0.0021848509,2353789,eclipsing_binary
1522.4983595249123,0.9708676,0.0021817589,2353789,eclipsing_binary
1522.4997484327762,0.9734679,0.002184604,2353789,eclipsing_binary
1522.5011373406398,0.96567315,0.0021807123,2353789,eclipsing_binary
1522.5025262485035,0.973201,0.0021848509,2353789,eclipsing_binary
1522.5039151559015,0.9711644,0.002185518,2353789,eclipsing_binary
1522.5053040637652,0.97013277,0.002183431,2353789,eclipsing_binary
1522.5066929716288,0.9736827,0.0021876516,2353789,eclipsing_binary
1522.5080818794927,0.9674256,0.002181335,2353789,eclipsing_binary
1522.509470787357,0.97151124,0.0021839712,2353789,eclipsing_binary
1522.5108596952207,0.97173953,0.0021838443,2353789,eclipsing_binary
1522.512248603084,0.96883446,0.0021835063,2353789,eclipsing_binary
1522.5136375109469,0.9740316,0.0021856,2353789,eclipsing_binary
1522.5150264188112,0.9722408,0.0021849289,2353789,eclipsing_binary
1522.5164153266758,0.97598165,0.002188615,2353789,eclipsing_binary
1522.517804234073,0.97371024,0.002186816,2353789,eclipsing_binary
1522.519193141937,0.97551477,0.0021881,2353789,eclipsing_binary
1522.5205820498006,0.970996,0.0021834362,2353789,eclipsing_binary
1522.5219709576643,0.975548,0.0021876167,2353789,eclipsing_binary
1522.523359865528,0.9794762,0.0021911887,2353789,eclipsing_binary
1522.5247487733916,0.97787946,0.0021888653,2353789,eclipsing_binary
1522.5261376807896,0.97757334,0.0021884847,2353789,eclipsing_binary
1522.5275265886535,0.9815869,0.0021924558,2353789,eclipsing_binary
1522.5289154965174,0.98036236,0.0021906903,2353789,eclipsing_binary
1522.530304404381,0.9792313,0.0021918516,2353789,eclipsing_binary
1522.5316933122447,0.9814646,0.002190093,2353789,eclipsing_binary
1522.5330822196422,0.9834074,0.002194565,2353789,eclipsing_binary
1522.5344711275063,0.9817072,0.0021903631,2353789,eclipsing_binary
1522.535860035371,0.9818933,0.002193174,2353789,eclipsing_binary
1522.537248943234,0.9848889,0.0021922088,2353789,eclipsing_binary
1522.5386378510968,0.9868266,0.0021961129,2353789,eclipsing_binary
1522.5400267584948,0.984433,0.002193192,2353789,eclipsing_binary
1522.5414156663594,0.98658824,0.0021954027,2353789,eclipsing_binary
1522.542804574223,0.98878396,0.002197709,2353789,eclipsing_binary
1522.5441934816206,0.9930013,0.0021989096,2353789,eclipsing_binary
1522.5455823894843,0.991914,0.0021975283,2353789,eclipsing_binary
1522.5469712973488,0.99159646,0.0021978274,2353789,eclipsing_binary
1522.5483602052125,0.9906205,0.0021972621,2353789,eclipsing_binary
1522.5497491126105,0.9897469,0.0021998226,2353789,eclipsing_binary
1522.5511380204741,0.993678,0.0021999413,2353789,eclipsing_binary
1522.5525269283373,0.99621695,0.0022063318,2353789,eclipsing_binary
1522.5539158357353,0.99581164,0.0022015255,2353789,eclipsing_binary
1522.5553047435997,0.99451,0.0022007613,2353789,eclipsing_binary
1522.5566936514635,0.99547565,0.002202712,2353789,eclipsing_binary
1522.5580825588606,0.9974656,0.0022020566,2353789,eclipsing_binary
1522.5594714667245,0.9970578,0.0022021283,2353789,eclipsing_binary
1522.5608603745889,0.9962051,0.002201039,2353789,eclipsing_binary
1522.5622492819869,0.9950475,0.0021995367,2353789,eclipsing_binary
1522.56363818985,0.9969949,0.0022031325,2353789,eclipsing_binary
1522.565027097248,0.9991354,0.002202386,2353789,eclipsing_binary
1522.5664160051126,0.998078,0.0022044745,2353789,eclipsing_binary
1522.5678049129763,0.99487185,0.0022002107,2353789,eclipsing_binary
1522.5691938203736,0.9954821,0.0022021276,2353789,eclipsing_binary
1522.5705827282375,0.9990758,0.0022037204,2353789,eclipsing_binary
1522.5719716356355,0.99603623,0.0022043975,2353789,eclipsing_binary
1522.5733605434991,0.99827427,0.0022020189,2353789,eclipsing_binary
1522.574749450898,0.995798,0.0022018885,2353789,eclipsing_binary
1522.5761383587617,0.997935,0.0022034156,2353789,eclipsing_binary
1522.5775272666244,0.99556834,0.0022009914,2353789,eclipsing_binary
1522.578916174022,0.99689347,0.0022028836,2353789,eclipsing_binary
1522.5803050818865,0.9986736,0.0022038606,2353789,eclipsing_binary
1522.581693989285,1.0027975,0.002206393,2353789,eclipsing_binary
1522.5830828971482,0.9986536,0.0022031912,2353789,eclipsing_binary
1522.5844718045457,0.9983676,0.0022035534,2353789,eclipsing_binary
1522.5858607124098,0.9975775,0.0022030883,2353789,eclipsing_binary
1522.5872496198087,0.999772,0.0022041597,2353789,eclipsing_binary
1522.5886385276717,0.9994774,0.0022058892,2353789,eclipsing_binary
1522.59002743507,1.002441,0.0022052573,2353789,eclipsing_binary
1522.5914163429336,0.9977966,0.0022028673,2353789,eclipsing_binary
1522.5928052503316,0.999427,0.0022049267,2353789,eclipsing_binary
1522.5941941581953,0.9963169,0.002203058,2353789,eclipsing_binary
1522.5955830655932,1.0007398,0.002205884,2353789,eclipsing_binary
1522.5969719729915,1.0005739,0.0022040005,2353789,eclipsing_binary
1522.5983608808544,0.9974957,0.0022040908,2353789,eclipsing_binary
1522.5997497882524,1.0009192,0.0022065109,2353789,eclipsing_binary
1522.601138696117,0.9962003,0.0022034713,2353789,eclipsing_binary
1522.602527603515,1.0028528,0.00220691,2353789,eclipsing_binary
1522.6039165113782,0.9995827,0.0022035812,2353789,eclipsing_binary
1522.6053054187767,0.997783,0.002204335,2353789,eclipsing_binary
1522.6066943261756,0.9967412,0.0022019234,2353789,eclipsing_binary
1522.6080832340388,0.99724555,0.0022033083,2353789,eclipsing_binary
1522.6094721414358,0.9974628,0.002203199,2353789,eclipsing_binary
1522.6108610488338,0.9950531,0.0022011132,2353789,eclipsing_binary
1522.6122499566984,1.0020775,0.002205412,2353789,eclipsing_binary
1522.6136388640964,0.9967256,0.0022034324,2353789,eclipsing_binary
1522.61502777196,0.9981667,0.0022054543,2353789,eclipsing_binary
1522.6164166793583,0.9980871,0.0022042065,2353789,eclipsing_binary
1522.6178055867556,0.99998087,0.002205026,2353789,eclipsing_binary
1522.6191944946193,0.99989164,0.0022044196,2353789,eclipsing_binary
1522.6205834020182,0.9962524,0.0022019655,2353789,eclipsing_binary
1522.6219723094162,0.99669653,0.002200994,2353789,eclipsing_binary
1522.6233612168137,0.9985789,0.0022023625,2353789,eclipsing_binary
1522.6247501246773,0.9986291,0.002203038,2353789,eclipsing_binary
1522.626139032076,1.0013254,0.0022045588,2353789,eclipsing_binary
1522.6275279394742,0.99574846,0.0022031649,2353789,eclipsing_binary
1522.628916847337,0.99699455,0.0022026657,2353789,eclipsing_binary
1522.6303057547352,0.99660975,0.0022009232,2353789,eclipsing_binary
1522.631694662134,0.9973388,0.0022024245,2353789,eclipsing_binary
1522.633083569532,0.998771,0.0022047346,2353789,eclipsing_binary
1522.634472477395,0.99537665,0.0022005506,2353789,eclipsing_binary
1522.635861384793,0.99410284,0.0021995024,2353789,eclipsing_binary
1522.637250292191,0.9995119,0.0022045593,2353789,eclipsing_binary
1522.638639199589,0.99639726,0.0022029832,2353789,eclipsing_binary
1522.6400281069873,0.9966308,0.002202035,2353789,eclipsing_binary
1522.6414170148512,0.99958456,0.002202901,2353789,eclipsing_binary
1522.6428059222492,0.99938524,0.0022059737,2353789,eclipsing_binary
1522.6441948296472,0.9962523,0.0022015057,2353789,eclipsing_binary
1522.645583737046,1.0018405,0.0022059432,2353789,eclipsing_binary
1522.646972644444,0.9985118,0.0022054755,2353789,eclipsing_binary
1522.6483615523068,1.0017016,0.0022054524,2353789,eclipsing_binary
1522.6497504597044,0.99657077,0.002205903,2353789,eclipsing_binary
1522.6511393671033,0.9994559,0.0022033995,2353789,eclipsing_binary
1522.6525282745017,1.0012455,0.002205293,2353789,eclipsing_binary
1522.6539171818993,0.9983053,0.0022040901,2353789,eclipsing_binary
1522.6553060892968,0.99848205,0.0022059695,2353789,eclipsing_binary
1522.6566949966948,0.9992026,0.002204014,2353789,eclipsing_binary
1522.6580839045591,0.9950657,0.00220195,2353789,eclipsing_binary
1522.6594728119574,0.9999897,0.0022049453,2353789,eclipsing_binary
1522.6608617193554,0.99898064,0.002205516,2353789,eclipsing_binary
1522.6622506267533,0.9986357,0.002202663,2353789,eclipsing_binary
1522.6636395341513,0.9990744,0.0022050166,2353789,eclipsing_binary
1522.6650284415493,0.9974123,0.0022020722,2353789,eclipsing_binary
1522.6664173489473,1.000626,0.0022053954,2353789,eclipsing_binary
1522.6678062563456,1.0032127,0.0022060561,2353789,eclipsing_binary
1522.6691951637429,0.99656886,0.0022018112,2353789,eclipsing_binary
1522.6705840711418,0.9972139,0.0022037984,2353789,eclipsing_binary
1522.6719729785405,0.99629396,0.0022021804,2353789,eclipsing_binary
1522.6733618859378,0.9954362,0.0022023995,2353789,eclipsing_binary
1522.6747507933353,0.9956308,0.0022033511,2353789,eclipsing_binary
1522.6761397007333,1.0013481,0.0022050135,2353789,eclipsing_binary
1522.677528608132,0.9972137,0.0022059882,2353789,eclipsing_binary
1522.6789175155302,1.0007689,0.0022063314,2353789,eclipsing_binary
1522.6803064229273,0.9993015,0.0022041306,2353789,eclipsing_binary
1522.6816953303255,1.0004172,0.0022055465,2353789,eclipsing_binary
1522.6830842377242,0.9960593,0.0022020906,2353789,eclipsing_binary
1522.6844731451222,0.99826777,0.0022047109,2353789,eclipsing_binary
1522.6858620525202,0.99912614,0.002203606,2353789,eclipsing_binary
1522.6872509599184,1.0023978,0.0022074217,2353789,eclipsing_binary
1522.6886398673157,0.99897057,0.00220427,2353789,eclipsing_binary
1522.6900287747137,0.9977041,0.0022040228,2353789,eclipsing_binary
1522.6914176821126,0.9978581,0.0022042727,2353789,eclipsing_binary
1522.6928065895106,0.9962483,0.0022049404,2353789,eclipsing_binary
1522.6941954969082,1.0007533,0.0022070394,2353789,eclipsing_binary
1522.6955844043052,1.0000552,0.0022067728,2353789,eclipsing_binary
1522.6969733117041,1.0004787,0.0022057765,2353789,eclipsing_binary
1522.698362219103,1.001952,0.0022057388,2353789,eclipsing_binary
1522.6997511260345,0.9935711,0.0022008722,2353789,eclipsing_binary
1522.7011400334327,1.001778,0.0022065511,2353789,eclipsing_binary
1522.7025289408314,1.0000771,0.0022063623,2353789,eclipsing_binary
1522.7039178482294,0.9988738,0.0022066568,2353789,eclipsing_binary
1522.705306755627,0.9956034,0.0022014966,2353789,eclipsing_binary
1522.706695663025,0.9935916,0.002200807,2353789,eclipsing_binary
1522.708084570423,0.99980813,0.002204825,2353789,eclipsing_binary
1522.7094734773552,1.0000521,0.0022063318,2353789,eclipsing_binary
1522.7108623847535,0.9998817,0.002207692,2353789,eclipsing_binary
1522.7122512921517,1.0004328,0.0022058024,2353789,eclipsing_binary
1522.7136401995497,0.9989549,0.0022035027,2353789,eclipsing_binary
1522.715029106947,0.9976331,0.0022042955,2353789,eclipsing_binary
1522.7164180143457,0.99788904,0.0022036987,2353789,eclipsing_binary
1522.717806921279,1.0035317,0.0022072787,2353789,eclipsing_binary
1522.7191958286762,1.0009723,0.002206437,2353789,eclipsing_binary
1522.7205847360735,1.0016433,0.0022067577,2353789,eclipsing_binary
1522.7219736434715,0.99885094,0.0022050892,2353789,eclipsing_binary
1522.7233625504048,0.998815,0.0022031593,2353789,eclipsing_binary
1522.7247514578028,1.0035794,0.0022073444,2353789,eclipsing_binary
1522.7261403652008,0.997207,0.0022027867,2353789,eclipsing_binary
1522.7275292725988,0.9979673,0.0022034536,2353789,eclipsing_binary
1522.7289181795313,0.99869156,0.002204746,2353789,eclipsing_binary
1522.7303070869295,1.0004381,0.002204705,2353789,eclipsing_binary
1522.7316959943275,1.0019143,0.002207031,2353789,eclipsing_binary
1522.7330849017255,0.9986941,0.0022074052,2353789,eclipsing_binary
1522.7344738086572,0.9992572,0.0022046706,2353789,eclipsing_binary
1522.7358627160554,0.998058,0.002203205,2353789,eclipsing_binary
1522.7372516234539,0.99975866,0.0022056198,2353789,eclipsing_binary
1522.7386405303864,0.99303085,0.0022004014,2353789,eclipsing_binary
1522.7400294377837,0.99924356,0.0022050496,2353789,eclipsing_binary
1522.7414183451817,0.9975331,0.0022035171,2353789,eclipsing_binary
1522.742807252115,0.9993287,0.0022056988,2353789,eclipsing_binary
1522.744196159513,1.003117,0.0022090203,2353789,eclipsing_binary
1522.7455850669105,1.0009023,0.0022047434,2353789,eclipsing_binary
1522.7469739738428,0.9996724,0.0022058343,2353789,eclipsing_binary
1522.7483628812415,0.9992302,0.002204424,2353789,eclipsing_binary
1522.7497517886397,1.0004749,0.0022063549,2353789,eclipsing_binary
1522.7511406955712,0.99625367,0.0022014126,2353789,eclipsing_binary
1522.7525296029694,0.99691284,0.0022029867,2353789,eclipsing_binary
1522.753918509902,1.0032974,0.002209302,2353789,eclipsing_binary
1522.7553074173,0.99842006,0.002204064,2353789,eclipsing_binary
1522.7566963246986,1.0002416,0.002203542,2353789,eclipsing_binary
1522.7580852316312,1.003154,0.002207852,2353789,eclipsing_binary
1522.7594741390283,1.0010514,0.0022055875,2353789,eclipsing_binary
1522.7608630459601,1.0014886,0.0022067982,2353789,eclipsing_binary
1522.7622519533588,0.99856526,0.0022044054,2353789,eclipsing_binary
1522.7636408602918,1.0038614,0.0022056873,2353789,eclipsing_binary
1522.7650297676894,1.0029184,0.0022064412,2353789,eclipsing_binary
1522.766418674621,0.9985174,0.0022062482,2353789,eclipsing_binary
1522.7678075820197,1.0027801,0.0022098788,2353789,eclipsing_binary
1522.769196488953,0.9993976,0.002204187,2353789,eclipsing_binary
1522.77058539635,1.0017409,0.0022076746,2353789,eclipsing_binary
1522.7719743032826,0.99719226,0.002202962,2353789,eclipsing_binary
1522.7733632106808,0.9968042,0.0022014908,2353789,eclipsing_binary
1522.7747521176132,0.9971766,0.0022036005,2353789,eclipsing_binary
1522.7761410250112,0.99475294,0.0022018533,2353789,eclipsing_binary
1522.7775299319435,0.99911255,0.0022053914,2353789,eclipsing_binary
1522.7789188393415,0.99662954,0.0022039555,2353789,eclipsing_binary
1522.7803077462734,1.0027604,0.00220734,2353789,eclipsing_binary
1522.7816966536714,0.9986226,0.0022043274,2353789,eclipsing_binary
1522.7830855606046,1.0012084,0.002206839,2353789,eclipsing_binary
1522.7844744680026,0.9996679,0.0022058927,2353789,eclipsing_binary
1522.7858633749343,1.001391,0.0022048391,2353789,eclipsing_binary
1522.787252282333,1.0014186,0.0022042475,2353789,eclipsing_binary
1522.7886411892662,1.0035553,0.0022057178,2353789,eclipsing_binary
1522.7900300961978,0.9989567,0.002205723,2353789,eclipsing_binary
1522.7914190035951,0.9988647,0.0022034307,2353789,eclipsing_binary
1522.7928079105275,0.99728405,0.002204933,2353789,eclipsing_binary
1522.7941968174607,1.0010768,0.0022075693,2353789,eclipsing_binary
1522.7955857248587,1.0103562,0.002210491,2353789,eclipsing_binary
1522.796974631791,1.0029497,0.0022070638,2353789,eclipsing_binary
1522.798363539189,0.9993705,0.0022060606,2353789,eclipsing_binary
1522.799752446121,1.002974,0.002206674,2353789,eclipsing_binary
1522.8011413530533,0.9999814,0.0022045884,2353789,eclipsing_binary
1522.8025302604522,0.99832696,0.002202741,2353789,eclipsing_binary
1522.8039191673845,1.0021935,0.0022072217,2353789,eclipsing_binary
1522.8053080743164,1.0024955,0.002207886,2353789,eclipsing_binary
1522.8066969817144,1.0064446,0.002209651,2353789,eclipsing_binary
1522.8080858886472,1.0009792,0.0022070005,2353789,eclipsing_binary
1522.8094747955797,0.998635,0.002204295,2353789,eclipsing_binary
1522.8108637025114,1.0019842,0.002205241,2353789,eclipsing_binary
1522.8122526099094,1.0032269,0.0022096874,2353789,eclipsing_binary
1522.8136415168426,1.0010319,0.0022068345,2353789,eclipsing_binary
1522.815030423775,1.0026244,0.002208084,2353789,eclipsing_binary
1522.8164193311725,1.0004215,0.0022056832,2353789,eclipsing_binary
1522.8178082381048,1.0019782,0.0022057309,2353789,eclipsing_binary
1522.8191971450372,1.0020002,0.0022074555,2353789,eclipsing_binary
1522.8205860519695,1.0020765,0.0022073293,2353789,eclipsing_binary
1522.8219749593675,1.0007892,0.0022054263,2353789,eclipsing_binary
1522.8233638663,1.0016655,0.0022051737,2353789,eclipsing_binary
1522.8247527732326,0.99876404,0.0022031649,2353789,eclipsing_binary
1522.826141680165,0.9994353,0.002204327,2353789,eclipsing_binary
1522.827530587098,1.0025413,0.0022070417,2353789,eclipsing_binary
1522.8289194944962,0.99764943,0.0022029383,2353789,eclipsing_binary
1522.8303084014276,0.99735194,0.0022030198,2353789,eclipsing_binary
1522.8316973083595,0.9968581,0.0022022931,2353789,eclipsing_binary
1522.8330862152925,0.9981385,0.0022025763,2353789,eclipsing_binary
1522.8344751222255,1.001234,0.0022050666,2353789,eclipsing_binary
1522.8358640291574,0.9996463,0.0022061674,2353789,eclipsing_binary
1522.8372529365547,1.0026633,0.002206153,2353789,eclipsing_binary
1522.8386418434873,0.99530125,0.0022014286,2353789,eclipsing_binary
1522.84003075042,1.0062513,0.0022105023,2353789,eclipsing_binary
1522.8414196573526,0.99840504,0.0022043465,2353789,eclipsing_binary
1522.8428085642852,1.0014952,0.0022067835,2353789,eclipsing_binary
1522.8441974712175,0.993962,0.0022045486,2353789,eclipsing_binary
1522.8455863781498,0.99787104,0.0022036654,2353789,eclipsing_binary
1522.8469752850822,1.0041678,0.0022076701,2353789,eclipsing_binary
1522.8483641924802,1.0040245,0.0022080368,2353789,eclipsing_binary
1522.8497530994125,1.0047476,0.0022087442,2353789,eclipsing_binary
1522.8511420063444,1.0003419,0.0022061544,2353789,eclipsing_binary
1522.8525309132767,0.9983664,0.0022044375,2353789,eclipsing_binary
1522.85391982021,1.0017021,0.0022079584,2353789,eclipsing_binary
1522.8553087271423,1.0020643,0.002207151,2353789,eclipsing_binary
1522.856697634074,0.9996691,0.002205433,2353789,eclipsing_binary
1522.8580865410065,1.0013832,0.002205211,2353789,eclipsing_binary
1522.8594754479393,1.0028827,0.0022084895,2353789,eclipsing_binary
1522.8608643548719,1.0012081,0.002204956,2353789,eclipsing_binary
1522.8622532618035,1.0040103,0.0022071435,2353789,eclipsing_binary
1522.8636421687359,1.0037982,0.0022072545,2353789,eclipsing_binary
1522.865031075669,1.004445,0.0022086094,2353789,eclipsing_binary
1522.8664199826014,1.0039973,0.0022066173,2353789,eclipsing_binary
1522.8678088895333,1.0057607,0.0022089377,2353789,eclipsing_binary
1522.8691977964656,1.0043943,0.0022073505,2353789,eclipsing_binary
1522.870586703398,1.0070322,0.0022104299,2353789,eclipsing_binary
1522.8719756103303,1.0035387,0.0022067002,2353789,eclipsing_binary
1522.8733645172636,1.0047547,0.0022086115,2353789,eclipsing_binary
1522.874753424196,1.0023106,0.0022061274,2353789,eclipsing_binary
1522.8761423311278,1.003535,0.0022066506,2353789,eclipsing_binary
1522.8775312380592,1.0001456,0.0022065267,2353789,eclipsing_binary
1522.8789201449924,1.0044665,0.0022085637,2353789,eclipsing_binary
1522.8803090519257,1.0012257,0.0022045842,2353789,eclipsing_binary
1522.881697958857,0.9996998,0.0022040957,2353789,eclipsing_binary
1522.8830868653238,0.99723935,0.002202167,2353789,eclipsing_binary
1522.884475772257,1.001171,0.0022065213,2353789,eclipsing_binary
1522.8858646791894,0.9999114,0.0022065989,2353789,eclipsing_binary
1522.8872535861212,1.0023065,0.002206808,2353789,eclipsing_binary
1522.8886424930536,0.9959077,0.0022024715,2353789,eclipsing_binary
1522.890031399986,1.002445,0.0022069833,2353789,eclipsing_binary
1522.8914203069182,1.0025811,0.002208315,2353789,eclipsing_binary
1522.8928092138506,0.9995867,0.0022077365,2353789,eclipsing_binary
1522.8941981203175,1.0001526,0.0022058238,2353789,eclipsing_binary
1522.89558702725,0.999998,0.0022051383,2353789,eclipsing_binary
1522.8969759341815,1.0003029,0.0022039993,2353789,eclipsing_binary
1522.8983648411147,0.99964243,0.0022047479,2353789,eclipsing_binary
1522.899753748048,0.999654,0.0022045278,2353789,eclipsing_binary
1522.9011426545137,0.9997125,0.002205759,2353789,eclipsing_binary
1522.9025315614456,1.003434,0.0022058848,2353789,eclipsing_binary
1522.9039204683786,0.99946374,0.0022038147,2353789,eclipsing_binary
1522.9053093753116,1.0000608,0.0022054387,2353789,eclipsing_binary
1522.9066982822435,1.0024183,0.002208331,2353789,eclipsing_binary
1522.9080871887095,0.999734,0.002206301,2353789,eclipsing_binary
1522.909476095642,1.0048146,0.0022089006,2353789,eclipsing_binary
1522.9108650025748,1.0002958,0.0022046086,2353789,eclipsing_binary
1522.9122539095074,0.99986607,0.0022040422,2353789,eclipsing_binary
1522.9136428159743,1.0029881,0.002206683,2353789,eclipsing_binary
1522.9150317229066,1.0042335,0.0022092268,2353789,eclipsing_binary
1522.916420629838,1.0046803,0.0022071984,2353789,eclipsing_binary
1522.9178095367706,1.0056937,0.0022088902,2353789,eclipsing_binary
1522.919198443238,1.0019927,0.0022073311,2353789,eclipsing_binary
1522.9205873501703,1.0053037,0.0022072976,2353789,eclipsing_binary
1522.9219762571022,1.0023643,0.0022064748,2353789,eclipsing_binary
1522.9233651635689,1.0043929,0.0022055034,2353789,eclipsing_binary
1522.924754070502,1.0033801,0.002207749,2353789,eclipsing_binary
1522.9261429774344,0.99892014,0.0022048824,2353789,eclipsing_binary
1522.9275318839007,1.0046728,0.002208845,2353789,eclipsing_binary
1522.928920790833,1.0035968,0.0022068585,2353789,eclipsing_binary
1522.9303096977658,1.0024416,0.0022054792,2353789,eclipsing_binary
1522.9316986042327,1.0074084,0.002209201,2353789,eclipsing_binary
1522.9330875111643,1.0006742,0.0022053933,2353789,eclipsing_binary
1522.9344764180967,1.0024984,0.0022055272,2353789,eclipsing_binary
1522.9358653245636,1.0035396,0.0022074971,2353789,eclipsing_binary
1522.9372542314961,1.0043417,0.0022079952,2353789,eclipsing_binary
1522.9386431379628,1.0012684,0.0022058503,2353789,eclipsing_binary
1522.9400320448951,0.99983746,0.002204393,2353789,eclipsing_binary
1522.9414209518275,1.0008541,0.0022042813,2353789,eclipsing_binary
1522.9428098582941,1.0031033,0.0022063933,2353789,eclipsing_binary
1522.9441987652274,0.99839544,0.0022038645,2353789,eclipsing_binary
1522.945587671694,1.0051106,0.0022080026,2353789,eclipsing_binary
1522.946976578626,0.9982334,0.0022037255,2353789,eclipsing_binary
1522.9483654850917,1.0052373,0.0022079218,2353789,eclipsing_binary
1522.949754392025,1.0003041,0.002207249,2353789,eclipsing_binary
1522.9511432984925,1.0013566,0.0022050105,2353789,eclipsing_binary
1522.952532205424,1.0021716,0.0022082103,2353789,eclipsing_binary
1522.9539211123558,1.0023127,0.0022065092,2353789,eclipsing_binary
1522.9553100188225,1.0012723,0.002206292,2353789,eclipsing_binary
1522.9566989257557,1.0018315,0.0022067402,2353789,eclipsing_binary
1522.9580878322224,1.001127,0.002204428,2353789,eclipsing_binary
1522.9594767391548,1.001088,0.0022061046,2353789,eclipsing_binary
1522.9608656456214,0.997669,0.0022031923,2353789,eclipsing_binary
1522.962254552088,1.0029436,0.002205718,2353789,eclipsing_binary
1522.9636434590207,1.0004551,0.0022046934,2353789,eclipsing_binary
1522.9650323654876,1.0020152,0.0022055097,2353789,eclipsing_binary
1522.96642127242,1.0027959,0.0022077376,2353789,eclipsing_binary
1522.9678101788857,1.0018052,0.002206374,2353789,eclipsing_binary
1522.969199085819,1.0016294,0.0022047125,2353789,eclipsing_binary
1522.9705879922865,1.0012145,0.0022070394,2353789,eclipsing_binary
1522.971976899218,1.0015649,0.002207885,2353789,eclipsing_binary
1522.9733658056841,1.0015924,0.0022054953,2353789,eclipsing_binary
1522.9747547121508,1.006176,0.0022095817,2353789,eclipsing_binary
1522.976143619084,1.000462,0.0022040897,2353789,eclipsing_binary
1522.9775325255507,1.0015154,0.0022042512,2353789,eclipsing_binary
1522.9789214324824,1.004697,0.0022088268,2353789,eclipsing_binary
1522.9803103389493,1.0011852,0.0022050159,2353789,eclipsing_binary
1522.9816992454164,0.9991858,0.0022069437,2353789,eclipsing_binary
1522.983088152349,0.99794704,0.0022040482,2353789,eclipsing_binary
1522.9844770588159,0.99985737,0.0022074012,2353789,eclipsing_binary
1522.9858659652825,1.0003778,0.0022039462,2353789,eclipsing_binary
1522.9872548722142,1.0019845,0.0022059293,2353789,eclipsing_binary
1522.988643778681,1.0013516,0.002209049,2353789,eclipsing_binary
1522.9900326851482,1.0043349,0.002208919,2353789,eclipsing_binary
1522.9914215920805,1.0043713,0.0022092431,2353789,eclipsing_binary
1522.9928104985468,1.0033679,0.0022079144,2353789,eclipsing_binary
1522.994199405013,1.0040075,0.0022068815,2353789,eclipsing_binary
1522.9955883119458,1.0060602,0.002209117,2353789,eclipsing_binary
1522.9969772184133,1.0037469,0.0022078187,2353789,eclipsing_binary
1522.9983661248796,1.0045335,0.0022080531,2353789,eclipsing_binary
1522.9997550313462,1.0004257,0.0022049153,2353789,eclipsing_binary
1523.0011439382793,0.99984443,0.0022056638,2353789,eclipsing_binary
1523.0025328447462,1.0048285,0.0022070794,2353789,eclipsing_binary
1523.003921751212,1.006486,0.0022093789,2353789,eclipsing_binary
1523.0053106581443,1.0020971,0.0022066003,2353789,eclipsing_binary
1523.0066995646112,1.0016379,0.0022074685,2353789,eclipsing_binary
1523.008088471078,1.0022222,0.0022073486,2353789,eclipsing_binary
1523.0094773775447,0.9972847,0.002203197,2353789,eclipsing_binary
1523.0108662840114,1.0043374,0.0022070492,2353789,eclipsing_binary
1523.0122551909437,0.99888355,0.002203789,2353789,eclipsing_binary
1523.01364409741,1.0016478,0.0022061155,2353789,eclipsing_binary
1523.0150330038773,1.0034354,0.0022069453,2353789,eclipsing_binary
1523.0164219103447,1.0038862,0.0022080806,2353789,eclipsing_binary
1523.0178108168109,1.0003226,0.0022046478,2353789,eclipsing_binary
1523.0191997237423,1.0001053,0.0022061616,2353789,eclipsing_binary
1523.0205886302099,0.99851716,0.0022051728,2353789,eclipsing_binary
1523.0219775366775,1.0036026,0.002207256,2353789,eclipsing_binary
1523.0233664431432,1.0015937,0.0022070566,2353789,eclipsing_binary
1523.0247553496094,1.0039883,0.0022073695,2353789,eclipsing_binary
1523.0261442560761,1.0033358,0.002207306,2353789,eclipsing_binary
1523.0275331625437,1.002261,0.0022080808,2353789,eclipsing_binary
1523.0289220690104,1.0016228,0.0022059632,2353789,eclipsing_binary
1523.0303109759427,1.0006208,0.0022091088,2353789,eclipsing_binary
1523.0316998824094,0.99787045,0.0022058394,2353789,eclipsing_binary
1523.0330887888756,0.9992378,0.0022053474,2353789,eclipsing_binary
1523.0344776953423,0.9984469,0.0022033309,2353789,eclipsing_binary
1523.0358666018099,0.9964081,0.0022047062,2353789,eclipsing_binary
1523.0372555082765,1.0073014,0.0022092583,2353789,eclipsing_binary
1523.0386444147423,1.0065224,0.0022092173,2353789,eclipsing_binary
1523.0400333212092,1.0011997,0.0022045574,2353789,eclipsing_binary
1523.0414222276765,1.0061333,0.0022082045,2353789,eclipsing_binary
1523.0428111341432,0.9993746,0.0022074576,2353789,eclipsing_binary
1523.0442000406094,1.0017967,0.0022064748,2353789,eclipsing_binary
1523.045588947076,1.0015149,0.002206387,2353789,eclipsing_binary
1523.0469778535437,1.0019323,0.002205536,2353789,eclipsing_binary
1523.0483667600104,1.002199,0.002208192,2353789,eclipsing_binary
1523.0497556664766,0.9986839,0.0022028734,2353789,eclipsing_binary
1523.0511445729433,1.0024426,0.0022070692,2353789,eclipsing_binary
1523.05253347941,1.0024425,0.0022076499,2353789,eclipsing_binary
1523.0539223858766,1.005016,0.0022090287,2353789,eclipsing_binary
1523.0553112923433,1.0052447,0.0022098322,2353789,eclipsing_binary
1523.05670019881,1.001656,0.0022070713,2353789,eclipsing_binary
1523.0580891052768,1.0008858,0.0022052815,2353789,eclipsing_binary
1523.0594780117437,1.0015615,0.0022056086,2353789,eclipsing_binary
1523.0608669182109,1.0003026,0.0022043732,2353789,eclipsing_binary
1523.0622558246778,1.0014849,0.0022066012,2353789,eclipsing_binary
1523.0636447311438,1.0015154,0.0022084992,2353789,eclipsing_binary
1523.06503363761,1.0037038,0.0022075325,2353789,eclipsing_binary
1523.066422544077,1.0018015,0.0022067095,2353789,eclipsing_binary
1523.0678114505447,1.0023446,0.0022072468,2353789,eclipsing_binary
1523.069200357011,1.0048989,0.0022090604,2353789,eclipsing_binary
1523.070589263011,0.9976329,0.0022028661,2353789,eclipsing_binary
1523.071978169478,1.0019882,0.0022057022,2353789,eclipsing_binary
1523.0733670759453,0.9981695,0.002204472,2353789,eclipsing_binary
1523.074755982412,1.0018098,0.0022054943,2353789,eclipsing_binary
1523.0761448888786,1.0016174,0.0022060361,2353789,eclipsing_binary
1523.0775337953455,1.003063,0.0022051083,2353789,eclipsing_binary
1523.0789227018124,1.0000702,0.0022073968,2353789,eclipsing_binary
1523.0803116078134,1.0004053,0.0022055511,2353789,eclipsing_binary
1523.08170051428,1.0007718,0.0022048962,2353789,eclipsing_binary
1523.0830894207468,1.0003729,0.0022046238,2353789,eclipsing_binary
1523.084478327213,0.9974305,0.00220288,2353789,eclipsing_binary
1523.0858672336797,1.0000207,0.002206236,2353789,eclipsing_binary
1523.0872561396816,1.0024815,0.0022065328,2353789,eclipsing_binary
1523.0886450461483,1.0006169,0.0022054142,2353789,eclipsing_binary
1523.090033952614,0.99954903,0.0022057493,2353789,eclipsing_binary
1523.091422859081,1.0028245,0.0022064787,2353789,eclipsing_binary
1523.0928117655483,0.99963427,0.0022057963,2353789,eclipsing_binary
1523.0942006715493,1.0014402,0.0022106352,2353789,eclipsing_binary
1523.0955895780155,1.0045741,0.0022090387,2353789,eclipsing_binary
1523.0969784844822,1.0070739,0.0022094322,2353789,eclipsing_binary
1523.0983673909498,1.0019745,0.0022053828,2353789,eclipsing_binary
1523.0997562969508,1.001906,0.0022074527,2353789,eclipsing_binary
1523.1011452034168,1.0016906,0.002205529,2353789,eclipsing_binary
1523.1025341098837,1.0006096,0.002204872,2353789,eclipsing_binary
1523.1039230158847,1.0006182,0.0022042291,2353789,eclipsing_binary
1523.1053119223513,0.99745774,0.0022035162,2353789,eclipsing_binary
1523.106700828819,0.9998691,0.0022049153,2353789,eclipsing_binary
1523.1080897352856,0.9999116,0.0022047982,2353789,eclipsing_binary
1523.109478641286,0.9993337,0.0022057015,2353789,eclipsing_binary
1523.110867547752,1.0031413,0.00220692,2353789,eclipsing_binary
1523.1122564542195,1.0016525,0.002205009,2353789,eclipsing_binary
1523.113645360221,1.0001458,0.0022054329,2353789,eclipsing_binary
1523.1150342666872,1.0041007,0.0022073488,2353789,eclipsing_binary
1523.1164231726882,1.0024995,0.0022086326,2353789,eclipsing_binary
1523.1178120791558,1.0020357,0.0022070662,2353789,eclipsing_binary
1523.1192009856225,1.0015913,0.002205491,2353789,eclipsing_binary
1523.120589891623,1.0014466,0.002208619,2353789,eclipsing_binary
1523.1219787980897,1.0044878,0.00220878,2353789,eclipsing_binary
1523.1233677045564,0.99896836,0.0022040717,2353789,eclipsing_binary
1523.1247566105574,1.002336,0.0022073048,2353789,eclipsing_binary
1523.126145517024,1.000165,0.0022077733,2353789,eclipsing_binary
1523.127534423025,1.0010363,0.0022061982,2353789,eclipsing_binary
1523.128923329492,1.003556,0.002208869,2353789,eclipsing_binary
1523.1303122354923,1.0026803,0.0022072075,2353789,eclipsing_binary
1523.1317011419599,0.99973994,0.0022049984,2353789,eclipsing_binary
1523.1330900484272,1.0017033,0.0022053889,2353789,eclipsing_binary
1523.1344789544275,1.0011884,0.0022046852,2353789,eclipsing_binary
1523.1358678608938,0.9996518,0.0022043409,2353789,eclipsing_binary
1523.1372567668955,1.0014595,0.0022058734,2353789,eclipsing_binary
1523.1386456733628,1.0023415,0.0022094946,2353789,eclipsing_binary
1523.1400345793634,0.99943155,0.0022046182,2353789,eclipsing_binary
1523.1414234858291,1.0016485,0.0022053404,2353789,eclipsing_binary
1523.1428123918304,1.0033833,0.00220705,2353789,eclipsing_binary
1523.1442012982977,1.0015748,0.0022052645,2353789,eclipsing_binary
1523.1455902042987,0.9960801,0.0022016196,2353789,eclipsing_binary
1523.1469791107656,1.0038689,0.0022074135,2353789,eclipsing_binary
1523.1483680167669,1.000378,0.002206135,2353789,eclipsing_binary
1523.1497569232326,1.0039767,0.0022086112,2353789,eclipsing_binary
1523.1511458292337,1.0031874,0.0022074638,2353789,eclipsing_binary
1523.1525347352356,0.9988783,0.002206256,2353789,eclipsing_binary
1523.1539236417022,0.9974027,0.0022061754,2353789,eclipsing_binary
1523.1553125477028,0.99868274,0.0022069747,2353789,eclipsing_binary
1523.1567014541695,1.0065124,0.0022078082,2353789,eclipsing_binary
1523.1580903601714,0.9994759,0.0022050522,2353789,eclipsing_binary
1523.159479266638,1.0034975,0.0022088552,2353789,eclipsing_binary
1523.1608681726382,0.999745,0.0022046217,2353789,eclipsing_binary
1523.1622570786394,1.0010657,0.0022047816,2353789,eclipsing_binary
1523.1636459851068,1.0035017,0.0022073328,2353789,eclipsing_binary
1523.1650348911078,0.99829775,0.0022052582,2353789,eclipsing_binary
1523.1664237971083,1.000932,0.002203976,2353789,eclipsing_binary
1523.167812703575,1.0017209,0.0022067183,2353789,eclipsing_binary
1523.169201609576,1.0003234,0.0022046154,2353789,eclipsing_binary
1523.170590516043,0.9999674,0.0022051788,2353789,eclipsing_binary
1523.1719794220442,1.0012962,0.0022058487,2353789,eclipsing_binary
1523.1733683280452,1.0013491,0.0022048897,2353789,eclipsing_binary
1523.1747572345118,0.99925774,0.0022055102,2353789,eclipsing_binary
1523.1761461405129,0.9982018,0.002205656,2353789,eclipsing_binary
1523.1775350465148,0.998215,0.002206256,2353789,eclipsing_binary
1523.1789239525158,1.0031966,0.0022066932,2353789,eclipsing_binary
1523.1803128589818,1.001922,0.0022076238,2353789,eclipsing_binary
1523.181701764982,1.0027114,0.0022083714,2353789,eclipsing_binary
1523.183090670984,1.0020393,0.0022072487,2353789,eclipsing_binary
1523.1844795774514,0.9987591,0.0022040226,2353789,eclipsing_binary
1523.1858684834517,1.0021534,0.0022083079,2353789,eclipsing_binary
1523.1872573894523,1.0005224,0.002204297,2353789,eclipsing_binary
1523.1886462954533,1.0018384,0.002207159,2353789,eclipsing_binary
1523.1900352019206,0.99989164,0.0022048398,2353789,eclipsing_binary
1523.1914241079219,1.0019413,0.0022054596,2353789,eclipsing_binary
1523.192813013923,0.99859554,0.0022057556,2353789,eclipsing_binary
1523.194201919924,1.0012882,0.0022063188,2353789,eclipsing_binary
1523.195590825925,1.001298,0.0022052014,2353789,eclipsing_binary
1523.1969797323916,1.0047938,0.0022066927,2353789,eclipsing_binary
1523.1983686383926,1.0044298,0.0022092345,2353789,eclipsing_binary
1523.1997575443938,1.0028007,0.0022072617,2353789,eclipsing_binary
1523.2011464503942,1.002279,0.0022072718,2353789,eclipsing_binary
1523.2025353563952,1.0003439,0.0022060536,2353789,eclipsing_binary
1523.2039242628628,0.999824,0.0022050545,2353789,eclipsing_binary
1523.2053131688638,1.0021199,0.0022059008,2353789,eclipsing_binary
1523.2067020748643,1.0029738,0.0022071954,2353789,eclipsing_binary
1523.2080909808653,1.0014273,0.0022078617,2353789,eclipsing_binary
1523.2094798868673,1.0020378,0.0022062168,2353789,eclipsing_binary
1523.2108687928683,0.9988157,0.002205615,2353789,eclipsing_binary
1523.2122576988684,0.99950665,0.0022039649,2353789,eclipsing_binary
1523.2136466048696,1.0043001,0.002209463,2353789,eclipsing_binary
1523.215035511337,1.0004327,0.0022053241,2353789,eclipsing_binary
1523.216424417338,1.0038022,0.0022059921,2353789,eclipsing_binary
1523.2178133233385,1.0030214,0.0022061183,2353789,eclipsing_binary
1523.2192022293395,1.0024111,0.0022058405,2353789,eclipsing_binary
1523.2205911353406,1.0003736,0.0022048359,2353789,eclipsing_binary
1523.2219800413418,1.0026443,0.0022066294,2353789,eclipsing_binary
1523.2233689473435,1.0054067,0.002208406,2353789,eclipsing_binary
1523.2247578533445,1.0031078,0.002208081,2353789,eclipsing_binary
1523.226146759345,0.9996861,0.0022055784,2353789,eclipsing_binary
1523.2275356653454,0.99899286,0.0022044466,2353789,eclipsing_binary
1523.228924571347,0.9991217,0.0022036154,2353789,eclipsing_binary
1523.230313477349,1.0003505,0.0022045164,2353789,eclipsing_binary
1523.2317023833493,1.0016629,0.0022047863,2353789,eclipsing_binary
1523.2330912893497,1.0007191,0.0022047104,2353789,eclipsing_binary
1523.2344801953516,1.0020494,0.002205276,2353789,eclipsing_binary
1523.235869101353,0.99606025,0.0022021292,2353789,eclipsing_binary
1523.2372580073536,1.0011562,0.002205442,2353789,eclipsing_binary
1523.2386469133546,1.000001,0.002204135,2353789,eclipsing_binary
1523.2400358193556,1.0003638,0.0022049097,2353789,eclipsing_binary
1523.2414247253569,0.99961907,0.00220587,2353789,eclipsing_binary
1523.242813631358,0.99709064,0.0022035474,2353789,eclipsing_binary
1523.2442025373591,1.0028774,0.0022069188,2353789,eclipsing_binary
1523.2455914433601,0.9958142,0.002202373,2353789,eclipsing_binary
1523.2469803493607,0.9984294,0.0022033062,2353789,eclipsing_binary
1523.2483692553617,0.99665856,0.00220294,2353789,eclipsing_binary
1523.2497581613632,0.9992832,0.00220388,2353789,eclipsing_binary
1523.2511470673644,1.003514,0.0022081325,2353789,eclipsing_binary
1523.252535972899,1.0001796,0.0022063472,2353789,eclipsing_binary
1523.253924878901,0.99710363,0.0022029374,2353789,eclipsing_binary
1523.2553137849027,1.0024415,0.0022065775,2353789,eclipsing_binary
1523.256702690903,1.0027924,0.0022066443,2353789,eclipsing_binary
1523.2580915969036,1.00162,0.0022065132,2353789,eclipsing_binary
1523.2594805029046,1.0004147,0.002205428,2353789,eclipsing_binary
1523.2608694089063,1.0017039,0.0022062075,2353789,eclipsing_binary
1523.2622583149075,0.9976155,0.0022047842,2353789,eclipsing_binary
1523.263647220442,1.0007354,0.0022076818,2353789,eclipsing_binary
1523.2650361264432,1.0014592,0.0022060624,2353789,eclipsing_binary
1523.2664250324444,1.0034007,0.0022072853,2353789,eclipsing_binary
1523.2678139384454,1.0003867,0.00220548,2353789,eclipsing_binary
1523.2692028444471,0.9999758,0.0022041542,2353789,eclipsing_binary
1523.2705917499827,0.9978992,0.0022073544,2353789,eclipsing_binary
1523.2719806559828,1.0016813,0.0022053102,2353789,eclipsing_binary
1523.2733695619838,1.0011002,0.0022078736,2353789,eclipsing_binary
1523.2747584679857,0.99798644,0.0022035087,2353789,eclipsing_binary
1523.2761473739868,0.9984437,0.0022028831,2353789,eclipsing_binary
1523.2775362795217,0.999178,0.0022040154,2353789,eclipsing_binary
1523.278925185522,0.9985097,0.0022052042,2353789,eclipsing_binary
1523.2803140915237,0.9990746,0.0022041597,2353789,eclipsing_binary
1523.2817029975256,0.9995152,0.0022049106,2353789,eclipsing_binary
1523.28309190306,0.999103,0.0022046897,2353789,eclipsing_binary
1523.2844808090613,1.0014133,0.0022076431,2353789,eclipsing_binary
1523.2858697150625,1.000391,0.0022046994,2353789,eclipsing_binary
1523.2872586205979,0.9995159,0.002205269,2353789,eclipsing_binary
1523.2886475265989,0.99987483,0.0022061374,2353789,eclipsing_binary
1523.2900364326,0.99973965,0.0022040792,2353789,eclipsing_binary
1523.2914253381352,0.9967578,0.0022050699,2353789,eclipsing_binary
1523.2928142441365,1.0008265,0.0022051143,2353789,eclipsing_binary
1523.2942031501377,0.99949235,0.0022034908,2353789,eclipsing_binary
1523.2955920561387,0.9961871,0.0022013835,2353789,eclipsing_binary
1523.296980961674,0.998018,0.0022039842,2353789,eclipsing_binary
1523.2983698676744,1.0020626,0.0022067442,2353789,eclipsing_binary
1523.2997587732104,0.9990553,0.0022037502,2353789,eclipsing_binary
1523.3011476792124,0.9990785,0.0022037688,2353789,eclipsing_binary
1523.3025365852127,0.99702805,0.002204285,2353789,eclipsing_binary
1523.3039254907474,1.0000992,0.0022048922,2353789,eclipsing_binary
1523.3053143967484,1.0010157,0.0022056683,2353789,eclipsing_binary
1523.3067033027503,0.9977412,0.0022023006,2353789,eclipsing_binary
1523.3080922082856,1.0015593,0.0022053432,2353789,eclipsing_binary
1523.3094811142862,0.99871534,0.0022033723,2353789,eclipsing_binary
1523.3108700198216,0.9980007,0.0022026056,2353789,eclipsing_binary
1523.3122589258232,1.00342,0.0022071092,2353789,eclipsing_binary
1523.3136478313588,0.9956629,0.0022024103,2353789,eclipsing_binary
1523.3150367373598,1.0037898,0.002207057,2353789,eclipsing_binary
1523.3164256433608,1.0024848,0.0022073847,2353789,eclipsing_binary
1523.3178145488957,1.0006411,0.0022055928,2353789,eclipsing_binary
1523.3192034548968,0.9978762,0.0022032016,2353789,eclipsing_binary
1523.3205923604328,1.0004519,0.0022047835,2353789,eclipsing_binary
1523.321981266434,1.00226,0.0022055963,2353789,eclipsing_binary
1523.3233701719685,1.0057455,0.002208594,2353789,eclipsing_binary
1523.324759077969,1.0044521,0.002207026,2353789,eclipsing_binary
1523.326147983505,0.9986068,0.002204681,2353789,eclipsing_binary
1523.3275368895067,0.9971198,0.0022035595,2353789,eclipsing_binary
1523.3289257950416,0.99699867,0.0022041542,2353789,eclipsing_binary
1523.3303147010427,0.99684036,0.0022006873,2353789,eclipsing_binary
1523.331703606579,0.996104,0.0022021986,2353789,eclipsing_binary
1523.33309251258,1.0004574,0.0022051486,2353789,eclipsing_binary
1523.3344814181144,1.0013267,0.002206046,2353789,eclipsing_binary
1523.33587032365,0.9947209,0.0022037262,2353789,eclipsing_binary
1523.3372592296512,0.9986632,0.002205064,2353789,eclipsing_binary
1523.3386481351865,0.9997893,0.0022052464,2353789,eclipsing_binary
1523.3400370411875,0.9977965,0.0022032277,2353789,eclipsing_binary
1523.341425946723,1.0035888,0.0022060177,2353789,eclipsing_binary
1523.3428148522582,1.0011673,0.002205275,2353789,eclipsing_binary
1523.3442037582588,0.9997443,0.0022048552,2353789,eclipsing_binary
1523.3455926637948,0.99674493,0.0022018107,2353789,eclipsing_binary
1523.3469815697965,0.9997248,0.0022045535,2353789,eclipsing_binary
1523.3483704753314,0.99735415,0.0022018664,2353789,eclipsing_binary
1523.349759380866,0.998509,0.0022028536,2353789,eclipsing_binary
1523.3511482868678,1.001061,0.002205046,2353789,eclipsing_binary
1523.352537192404,0.9969039,0.0022029288,2353789,eclipsing_binary
1523.3539260979387,0.99468815,0.0022019693,2353789,eclipsing_binary
1523.355315003939,0.9954377,0.0022019139,2353789,eclipsing_binary
1523.3567039094744,0.99718463,0.0022031092,2353789,eclipsing_binary
1523.3580928150107,0.9969991,0.002201317,2353789,eclipsing_binary
1523.3594817210117,0.99740255,0.0022047234,2353789,eclipsing_binary
1523.360870626547,0.99630743,0.002200769,2353789,eclipsing_binary
1523.3622595320824,0.997046,0.0022025509,2353789,eclipsing_binary
1523.363648438083,1.0001308,0.0022042552,2353789,eclipsing_binary
1523.3650373436183,0.99984854,0.00220414,2353789,eclipsing_binary
1523.3664262491545,0.999737,0.0022041488,2353789,eclipsing_binary
1523.3678151546899,0.9988758,0.0022033155,2353789,eclipsing_binary
1523.3692040606904,1.0018456,0.0022059958,2353789,eclipsing_binary
1523.3705929662258,0.99878186,0.0022042298,2353789,eclipsing_binary
1523.3719818717616,0.9976367,0.0022022696,2353789,eclipsing_binary
1523.3733707772972,0.9987559,0.002204671,2353789,eclipsing_binary
1523.3747596832975,0.99808115,0.0022019723,2353789,eclipsing_binary
1523.3761485888328,0.9943216,0.002201174,2353789,eclipsing_binary
1523.377537494369,0.9992668,0.002205149,2353789,eclipsing_binary
1523.3789263999045,0.9983722,0.0022047604,2353789,eclipsing_binary
1523.380315305905,1.0015943,0.0022058997,2353789,eclipsing_binary
1523.3817042114404,0.9980948,0.0022034193,2353789,eclipsing_binary
1523.3830931169757,1.0019635,0.0022044606,2353789,eclipsing_binary
1523.384482022511,0.9982602,0.0022038869,2353789,eclipsing_binary
1523.3858709280464,0.9957296,0.002200548,2353789,eclipsing_binary
1523.387259833582,0.9984199,0.002203415,2353789,eclipsing_binary
1523.3886487395832,0.99568176,0.0022032964,2353789,eclipsing_binary
1523.3900376451186,0.9999824,0.002203328,2353789,eclipsing_binary
1523.3914265506546,0.997739,0.0022034827,2353789,eclipsing_binary
1523.3928154561902,0.9970769,0.0022031367,2353789,eclipsing_binary
1523.3942043617246,0.9985643,0.0022030773,2353789,eclipsing_binary
1523.3955932672595,0.9980292,0.0022028785,2353789,eclipsing_binary
1523.3969821727956,0.99815804,0.0022032887,2353789,eclipsing_binary
1523.3983710783316,0.9994378,0.0022040284,2353789,eclipsing_binary
1523.3997599838665,0.9950107,0.0022015178,2353789,eclipsing_binary
1523.4011488898668,0.9997402,0.0022042836,2353789,eclipsing_binary
1523.4025377954024,1.0003047,0.0022045942,2353789,eclipsing_binary
1523.4039267009382,0.9952396,0.0022008931,2353789,eclipsing_binary
1523.4053156064736,0.99953115,0.0022041493,2353789,eclipsing_binary
1523.4067045120091,0.99604887,0.0022020058,2353789,eclipsing_binary
1523.4080934175447,0.9957049,0.0022014922,2353789,eclipsing_binary
1523.40948232308,0.99733037,0.0022024869,2353789,eclipsing_binary
1523.4108712286154,0.9983953,0.0022051046,2353789,eclipsing_binary
1523.4122601341508,0.9952579,0.00220225,2353789,eclipsing_binary
1523.413649039686,0.99806756,0.002203572,2353789,eclipsing_binary
1523.415037945221,0.9984352,0.0022047167,2353789,eclipsing_binary
1523.4164268507564,0.9966589,0.0022022747,2353789,eclipsing_binary
1523.4178157562926,0.9980764,0.002203861,2353789,eclipsing_binary
1523.419204661828,0.9960743,0.002201471,2353789,eclipsing_binary
1523.4205935673626,0.99715406,0.0022031222,2353789,eclipsing_binary
1523.4219824728982,0.99706894,0.0022031656,2353789,eclipsing_binary
1523.423371378434,0.99549407,0.0022015925,2353789,eclipsing_binary
1523.4247602839696,0.99513084,0.0022007485,2353789,eclipsing_binary
1523.4261491895043,0.99536026,0.0022009173,2353789,eclipsing_binary
1523.4275380950396,0.9983737,0.0022051474,2353789,eclipsing_binary
1523.4289270005759,0.9973417,0.002201635,2353789,eclipsing_binary
1523.4303159061112,0.9947847,0.002199671,2353789,eclipsing_binary
1523.4317048111805,0.9977363,0.0022030978,2353789,eclipsing_binary
1523.4330937167158,0.9961953,0.0022024408,2353789,eclipsing_binary
1523.4344826222512,0.99832106,0.0022019625,2353789,eclipsing_binary
1523.4358715277865,0.99696934,0.0022033157,2353789,eclipsing_binary
1523.4372604333228,0.99458605,0.0022008051,2353789,eclipsing_binary
1523.438649338858,0.9953371,0.002201592,2353789,eclipsing_binary
1523.440038244393,0.9973675,0.0022027784,2353789,eclipsing_binary
1523.4414271499274,0.9949481,0.0022042724,2353789,eclipsing_binary
1523.4428160554637,0.99540657,0.0022011877,2353789,eclipsing_binary
1523.4442049605343,0.99732625,0.0022023811,2353789,eclipsing_binary
1523.4455938660687,0.996437,0.0022015218,2353789,eclipsing_binary
1523.4469827716036,0.9956935,0.0022026638,2353789,eclipsing_binary
1523.4483716771397,0.9952128,0.002200951,2353789,eclipsing_binary
1523.4497605826757,0.99564284,0.0022007877,2353789,eclipsing_binary
1523.451149487745,0.9960621,0.0022005325,2353789,eclipsing_binary
1523.4525383932803,0.99988216,0.0022039674,2353789,eclipsing_binary
1523.4539272988156,0.9947723,0.0022013753,2353789,eclipsing_binary
1523.455316204351,0.9992719,0.0022033502,2353789,eclipsing_binary
1523.4567051098863,0.9959182,0.0022043588,2353789,eclipsing_binary
1523.4580940149563,0.99548155,0.0022018917,2353789,eclipsing_binary
1523.4594829204918,0.99887276,0.0022041323,2353789,eclipsing_binary
1523.4608718260263,0.99523795,0.002202459,2353789,eclipsing_binary
1523.4622607315619,0.9937536,0.0022005672,2353789,eclipsing_binary
1523.4636496366322,0.9981215,0.0022035681,2353789,eclipsing_binary
1523.4650385421676,0.9955634,0.0022018976,2353789,eclipsing_binary
1523.4664274477025,0.997483,0.0022015166,2353789,eclipsing_binary
1523.4678163532378,0.995728,0.0022029076,2353789,eclipsing_binary
1523.4692052583084,1.0004978,0.0022057511,2353789,eclipsing_binary
1523.4705941638438,0.99768394,0.0022029462,2353789,eclipsing_binary
1523.4719830693784,0.9964294,0.0022021716,2353789,eclipsing_binary
1523.4733719744484,0.9968683,0.0022023278,2353789,eclipsing_binary
1523.4747608799842,0.9967372,0.0022027283,2353789,eclipsing_binary
1523.4761497855197,0.9949986,0.0022007248,2353789,eclipsing_binary
1523.4775386905887,1.0003622,0.0022054436,2353789,eclipsing_binary
1523.478927596124,0.99596125,0.0022035802,2353789,eclipsing_binary
1523.4803165016594,0.9955466,0.0022021448,2353789,eclipsing_binary
1523.4817054067294,0.99651617,0.0022046166,2353789,eclipsing_binary
1523.483094312265,0.9960691,0.0022022733,2353789,eclipsing_binary
1523.4844832178003,0.9978698,0.0022044072,2353789,eclipsing_binary
1523.48587212287,0.9958775,0.0022018522,2353789,eclipsing_binary
1523.4872610284053,0.99920535,0.0022050713,2353789,eclipsing_binary
1523.488649933476,0.997123,0.0022050478,2353789,eclipsing_binary
1523.4900388390113,1.0000587,0.0022040317,2353789,eclipsing_binary
1523.4914277445462,0.9997175,0.002205526,2353789,eclipsing_binary
1523.492816649615,0.99857557,0.002203889,2353789,eclipsing_binary
1523.4942055551512,0.9991649,0.002203733,2353789,eclipsing_binary
1523.4955944602216,0.99769557,0.0022013274,2353789,eclipsing_binary
1523.4969833657563,1.0026709,0.002204743,2353789,eclipsing_binary
1523.4983722708255,0.99805623,0.0022043816,2353789,eclipsing_binary
1523.4997611763608,0.99865973,0.0022035982,2353789,eclipsing_binary
1523.501150081897,0.9972938,0.0022026177,2353789,eclipsing_binary
1523.5025389869668,0.99702805,0.0022023253,2353789,eclipsing_binary
1523.5039278925021,1.0020478,0.0022055171,2353789,eclipsing_binary
1523.5053167975718,1.0008361,0.0022056797,2353789,eclipsing_binary
1523.5067057031067,0.9995182,0.0022047546,2353789,eclipsing_binary
1523.5080946081764,0.99762934,0.0022033853,2353789,eclipsing_binary
1523.5094835137124,0.9972656,0.0022024962,2353789,eclipsing_binary
1523.5108724187824,1.0025665,0.0022051202,2353789,eclipsing_binary
1523.5122613243168,0.9972173,0.0022031749,2353789,eclipsing_binary
1523.5136502293867,1.0002311,0.002205765,2353789,eclipsing_binary
1523.515039134457,0.9982322,0.0022039604,2353789,eclipsing_binary
1523.5164280399924,0.99767035,0.0022034012,2353789,eclipsing_binary
1523.5178169450617,0.9986244,0.0022044207,2353789,eclipsing_binary
1523.519205850597,0.9956642,0.0022016265,2353789,eclipsing_binary
1523.5205947556676,1.0034634,0.0022063297,2353789,eclipsing_binary
1523.521983661203,1.0000494,0.0022044596,2353789,eclipsing_binary
1523.523372566272,0.99783874,0.0022035944,2353789,eclipsing_binary
1523.524761471342,0.9977262,0.0022026012,2353789,eclipsing_binary
1523.5261503768772,0.99861604,0.0022066268,2353789,eclipsing_binary
1523.527539281947,0.99371755,0.0022008806,2353789,eclipsing_binary
1523.5289281874823,0.9992753,0.002204525,2353789,eclipsing_binary
1523.530317092552,1.0014087,0.0022079272,2353789,eclipsing_binary
1523.5317059976217,0.9974099,0.0022045148,2353789,eclipsing_binary
1523.5330949031572,1.0009743,0.002206681,2353789,eclipsing_binary
1523.5344838082276,0.99842995,0.0022030317,2353789,eclipsing_binary
1523.5358727132973,0.99502856,0.002200746,2353789,eclipsing_binary
1523.5372616188322,1.00064,0.0022049309,2353789,eclipsing_binary
1523.5386505239014,0.9993327,0.0022039143,2353789,eclipsing_binary
1523.5400394289716,1.0003794,0.002204948,2353789,eclipsing_binary
1523.5414283345078,1.0005044,0.0022023572,2353789,eclipsing_binary
1523.5428172395768,1.0025091,0.002206685,2353789,eclipsing_binary
1523.5442061446458,0.99851024,0.0022035595,2353789,eclipsing_binary
1523.5455950501812,1.001014,0.0022058622,2353789,eclipsing_binary
1523.5469839552518,0.9988218,0.0022049197,2353789,eclipsing_binary
1523.5483728603215,0.99755716,0.002204552,2353789,eclipsing_binary
1523.5497617653912,0.9979832,0.0022050226,2353789,eclipsing_binary
1523.5511506709265,1.0007817,0.0022042512,2353789,eclipsing_binary
1523.5525395759964,0.99881655,0.0022043346,2353789,eclipsing_binary
1523.5539284810664,1.0005915,0.0022048259,2353789,eclipsing_binary
1523.555317386136,1.0017704,0.0022079495,2353789,eclipsing_binary
1523.5567062916714,0.9990345,0.0022034089,2353789,eclipsing_binary
1523.5580951967406,0.9985016,0.0022048734,2353789,eclipsing_binary
1523.5594841018103,0.99944407,0.0022050901,2353789,eclipsing_binary
1523.5608730068807,1.0030389,0.0022072182,2353789,eclipsing_binary
1523.5622619119506,1.001719,0.002206112,2353789,eclipsing_binary
1523.563650817485,1.0028423,0.0022068073,2353789,eclipsing_binary
1523.5650397225547,0.99815834,0.0022031523,2353789,eclipsing_binary
1523.5664286276253,1.0007112,0.002204956,2353789,eclipsing_binary
1523.567817532695,1.0006965,0.0022060818,2353789,eclipsing_binary
1523.5692064377643,0.99940175,0.0022047837,2353789,eclipsing_binary
1523.570595342834,0.9993425,0.002206192,2353789,eclipsing_binary
1523.5719842483702,0.9969157,0.00220267,2353789,eclipsing_binary
1523.57337315344,1.000474,0.0022052496,2353789,eclipsing_binary
1523.5747620585087,0.99879164,0.0022040221,2353789,eclipsing_binary
1523.5761509635786,1.0023172,0.0022073647,2353789,eclipsing_binary
1523.5775398686485,1.0020752,0.0022067514,2353789,eclipsing_binary
1523.5789287737182,1.0003903,0.0022050224,2353789,eclipsing_binary
1523.5803176787886,0.99832255,0.0022030638,2353789,eclipsing_binary
1523.5817065838585,0.9990081,0.0022031234,2353789,eclipsing_binary
1523.5830954889273,0.9983005,0.002202474,2353789,eclipsing_binary
1523.5844843939965,0.996337,0.0022022799,2353789,eclipsing_binary
1523.5858732995328,0.9979578,0.0022042284,2353789,eclipsing_binary
1523.587262204603,1.00076,0.002208484,2353789,eclipsing_binary
1523.5886511096721,1.0027627,0.0022084701,2353789,eclipsing_binary
1523.5900400147411,0.99782413,0.002203087,2353789,eclipsing_binary
1523.5914289198115,0.99673265,0.002201848,2353789,eclipsing_binary
1523.592817824882,1.0008379,0.0022050138,2353789,eclipsing_binary
1523.594206729951,1.0024817,0.0022067777,2353789,eclipsing_binary
1523.595595635021,0.9999546,0.0022067255,2353789,eclipsing_binary
1523.5969845400907,0.99890757,0.0022042575,2353789,eclipsing_binary
1523.5983734451604,0.99965024,0.0022041877,2353789,eclipsing_binary
1523.59976235023,1.002994,0.0022065532,2353789,eclipsing_binary
1523.6011512552998,0.99721557,0.0022033264,2353789,eclipsing_binary
1523.6025401603695,0.9978933,0.002204069,2353789,eclipsing_binary
1523.6039290654387,0.99732476,0.0022020615,2353789,eclipsing_binary
1523.6053179705084,1.00094,0.0022050943,2353789,eclipsing_binary
1523.606706875579,0.9997103,0.0022045712,2353789,eclipsing_binary
1523.6080957806487,1.0010555,0.002206952,2353789,eclipsing_binary
1523.609484685718,0.99699795,0.0022027919,2353789,eclipsing_binary
1523.6108735903224,1.0000638,0.0022037146,2353789,eclipsing_binary
1523.612262495393,0.99913794,0.0022035316,2353789,eclipsing_binary
1523.6136514004622,1.0002993,0.0022052897,2353789,eclipsing_binary
1523.615040305531,1.0008821,0.002208315,2353789,eclipsing_binary
1523.6164292106007,1.0005858,0.0022041393,2353789,eclipsing_binary
1523.6178181156713,1.0006242,0.0022041737,2353789,eclipsing_binary
1523.619207020741,0.99672496,0.002201851,2353789,eclipsing_binary
1523.6205959258102,1.0001419,0.0022045097,2353789,eclipsing_binary
1523.62198483088,1.0031797,0.002207506,2353789,eclipsing_binary
1523.623373735484,1.0001528,0.0022046797,2353789,eclipsing_binary
1523.6247626405536,0.998607,0.0022050845,2353789,eclipsing_binary
1523.6261515456233,1.0013192,0.0022048529,2353789,eclipsing_binary
1523.6275404506932,1.0001057,0.0022046634,2353789,eclipsing_binary
1523.6289293557631,0.9998581,0.0022035944,2353789,eclipsing_binary
1523.6303182608328,1.0027632,0.0022072576,2353789,eclipsing_binary
1523.6414295004588,1.0003287,0.002204561,2353789,eclipsing_binary
1523.6428184055287,0.99983084,0.0022025453,2353789,eclipsing_binary
1523.6442073101332,1.001608,0.002206522,2353789,eclipsing_binary
1523.645596215203,1.0044236,0.0022084035,2353789,eclipsing_binary
1523.646985120273,1.0014421,0.0022046596,2353789,eclipsing_binary
1523.6483740253427,1.0001281,0.0022037716,2353789,eclipsing_binary
1523.6497629299467,1.0004212,0.002205877,2353789,eclipsing_binary
1523.6511518350164,1.0010045,0.0022040121,2353789,eclipsing_binary
1523.6525407400861,1.00103,0.0022040731,2353789,eclipsing_binary
1523.6539296446902,1.0004032,0.0022034924,2353789,eclipsing_binary
1523.6553185497594,1.0021641,0.002207244,2353789,eclipsing_binary
1523.656707454829,0.9991091,0.0022015295,2353789,eclipsing_binary
1523.658096359434,1.0013459,0.0022046315,2353789,eclipsing_binary
1523.6594852645037,0.99633455,0.002203681,2353789,eclipsing_binary
1523.660874169573,0.99876744,0.002200951,2353789,eclipsing_binary
1523.662263074177,1.0008622,0.0022056221,2353789,eclipsing_binary
1523.663651979247,0.9992642,0.0022066308,2353789,eclipsing_binary
1523.665040884317,1.0033009,0.0022066277,2353789,eclipsing_binary
1523.6664297889204,1.0029653,0.0022047383,2353789,eclipsing_binary
1523.66781869399,0.9988434,0.0022041562,2353789,eclipsing_binary
1523.669207598595,1.0057216,0.0022091786,2353789,eclipsing_binary
1523.6705965036647,1.000558,0.0022032692,2353789,eclipsing_binary
1523.671985408734,1.0012432,0.0022051183,2353789,eclipsing_binary
1523.673374313338,1.0020977,0.002205127,2353789,eclipsing_binary
1523.6747632184076,1.0004243,0.0022050175,2353789,eclipsing_binary
1523.6761521230117,0.99842376,0.002202691,2353789,eclipsing_binary
1523.6775410280823,1.004319,0.002205755,2353789,eclipsing_binary
1523.6789299326863,1.0005825,0.0022055644,2353789,eclipsing_binary
1523.6803188377555,1.0003216,0.002203765,2353789,eclipsing_binary
1523.6817077428243,0.9994145,0.0022041707,2353789,eclipsing_binary
1523.6830966474292,0.9990557,0.0022036515,2353789,eclipsing_binary
1523.6844855524998,1.0015515,0.0022071523,2353789,eclipsing_binary
1523.685874457103,0.9997753,0.0022016757,2353789,eclipsing_binary
1523.6872633621722,0.9999879,0.0022026256,2353789,eclipsing_binary
1523.688652266777,0.9992195,0.0022042715,2353789,eclipsing_binary
1523.6900411718473,1.0033978,0.002204603,2353789,eclipsing_binary
1523.6914300764508,1.0054089,0.0022066375,2353789,eclipsing_binary
1523.6928189815205,1.0013655,0.002206819,2353789,eclipsing_binary
1523.6942078861246,1.0017978,0.0022045928,2353789,eclipsing_binary
1523.6955967907286,1.0045474,0.0022080347,2353789,eclipsing_binary
1523.6969856957983,1.0017093,0.0022085502,2353789,eclipsing_binary
1523.6983746004025,1.0035737,0.0022072287,2353789,eclipsing_binary
1523.6997635054724,0.99842227,0.0022036086,2353789,eclipsing_binary
1523.7011524100756,1.0033627,0.0022060098,2353789,eclipsing_binary
1523.7025413151455,1.0006577,0.0022070713,2353789,eclipsing_binary
1523.7039302197502,0.9999864,0.0022033025,2353789,eclipsing_binary
1523.7053191243542,1.0022606,0.0022055118,2353789,eclipsing_binary
1523.7067080294235,1.0006295,0.0022037285,2353789,eclipsing_binary
1523.7080969340284,1.0005041,0.002203673,2353789,eclipsing_binary
1523.7094858390985,1.0012362,0.0022054014,2353789,eclipsing_binary
1523.710874743702,1.0003353,0.0022026002,2353789,eclipsing_binary
1523.7122636483055,1.0028636,0.0022061393,2353789,eclipsing_binary
1523.7136525533754,1.0023818,0.002205234,2353789,eclipsing_binary
1523.7150414579799,1.0005994,0.0022069705,2353789,eclipsing_binary
1523.716430362584,1.001547,0.0022041034,2353789,eclipsing_binary
1523.717819267653,1.0028968,0.0022042713,2353789,eclipsing_binary
1523.7192081722571,1.0033745,0.0022088622,2353789,eclipsing_binary
1523.7205970768612,1.0022447,0.0022053737,2353789,eclipsing_binary
1523.721985981931,1.0026323,0.0022074606,2353789,eclipsing_binary
1523.7233748865353,0.9988977,0.002202598,2353789,eclipsing_binary
1523.7247637911394,1.0040039,0.002207339,2353789,eclipsing_binary
1523.726152696209,1.0037724,0.0022064184,2353789,eclipsing_binary
1523.727541600813,1.0005051,0.0022053441,2353789,eclipsing_binary
1523.728930505418,0.99962246,0.0022054915,2353789,eclipsing_binary
1523.730319410022,1.0027065,0.0022060764,2353789,eclipsing_binary
1523.7317083150913,1.0004237,0.0022045046,2353789,eclipsing_binary
1523.7330972196944,1.0020151,0.002205599,2353789,eclipsing_binary
1523.7344861242993,1.0022969,0.0022078366,2353789,eclipsing_binary
1523.7358750289043,1.0001656,0.0022021784,2353789,eclipsing_binary
1523.737263933973,1.0046409,0.002208461,2353789,eclipsing_binary
1523.7386528385766,0.99829847,0.00220167,2353789,eclipsing_binary
1523.7400417431807,1.0032957,0.0022045856,2353789,eclipsing_binary
1523.7414306477856,0.99796385,0.0022032387,2353789,eclipsing_binary
1523.7428195523896,1.0017903,0.0022080105,2353789,eclipsing_binary
1523.7442084574593,1.002387,0.0022053856,2353789,eclipsing_binary
1523.7455973620633,0.9997165,0.0022031607,2353789,eclipsing_binary
1523.7469862666674,1.0014697,0.0022053327,2353789,eclipsing_binary
1523.7483751712714,1.0035971,0.0022055185,2353789,eclipsing_binary
1523.7497640758756,1.0056107,0.002208577,2353789,eclipsing_binary
1523.75115298048,1.0034858,0.0022052631,2353789,eclipsing_binary
1523.7525418855487,1.0063109,0.0022081686,2353789,eclipsing_binary
1523.753930790153,1.0037997,0.0022069348,2353789,eclipsing_binary
1523.7553196947576,1.0046799,0.0022047935,2353789,eclipsing_binary
1523.7567085993617,1.0042987,0.0022061397,2353789,eclipsing_binary
1523.7580975039652,1.0025201,0.0022041562,2353789,eclipsing_binary
1523.7594864085693,1.0002434,0.0022050445,2353789,eclipsing_binary
1523.7608753131742,1.0031178,0.002204336,2353789,eclipsing_binary
1523.7622642177782,1.0002931,0.0022065965,2353789,eclipsing_binary
1523.7636531223816,1.0006415,0.0022028843,2353789,eclipsing_binary
1523.7650420269858,0.9997307,0.0022010638,2353789,eclipsing_binary
1523.766430932056,1.0025175,0.0022062422,2353789,eclipsing_binary
1523.7678198366602,1.00723,0.0022085966,2353789,eclipsing_binary
1523.7692087412636,1.0008731,0.0022038904,2353789,eclipsing_binary
1523.7705976458676,1.0009152,0.0022047898,2353789,eclipsing_binary
1523.7719865504716,0.99928784,0.002206824,2353789,eclipsing_binary
1523.773375455076,0.99961823,0.002203407,2353789,eclipsing_binary
1523.7747643596806,1.0033891,0.0022049022,2353789,eclipsing_binary
1523.7761532642846,1.004452,0.0022077388,2353789,eclipsing_binary
1523.7775421688882,1.0013227,0.0022039362,2353789,eclipsing_binary
1523.7789310734918,1.0021265,0.002205255,2353789,eclipsing_binary
1523.7803199780963,0.9957823,0.0022011418,2353789,eclipsing_binary
1523.7817088827012,1.0007182,0.002202896,2353789,eclipsing_binary
1523.7830977873048,1.0037452,0.00221004,2353789,eclipsing_binary
1523.784486691908,1.0005432,0.002204804,2353789,eclipsing_binary
1523.7858755965128,1.0015472,0.0022044485,2353789,eclipsing_binary
1523.7872645011175,1.000464,0.0022042717,2353789,eclipsing_binary
1523.7886534057209,0.99989945,0.002204443,2353789,eclipsing_binary
1523.7900423098592,0.99855864,0.0022030787,2353789,eclipsing_binary
1523.7914312144635,0.99890566,0.0022028948,2353789,eclipsing_binary
1523.7928201190678,1.0013301,0.0022070454,2353789,eclipsing_binary
1523.7942090236718,1.0024801,0.0022057327,2353789,eclipsing_binary
1523.7955979282758,1.001116,0.0022048177,2353789,eclipsing_binary
1523.7969868328798,1.0010724,0.0022052142,2353789,eclipsing_binary
1523.7983757374834,0.9992327,0.0022028594,2353789,eclipsing_binary
1523.7997646420874,1.0032837,0.0022051658,2353789,eclipsing_binary
1523.8011535466921,0.9997494,0.0022045623,2353789,eclipsing_binary
1523.8025424508307,1.0002782,0.0022057854,2353789,eclipsing_binary
1523.8039313554339,1.0018607,0.0022035693,2353789,eclipsing_binary
1523.8053202600381,1.0053309,0.0022098208,2353789,eclipsing_binary
1523.8067091646428,1.0013494,0.002205188,2353789,eclipsing_binary
1523.8080980692469,1.0009266,0.0022040377,2353789,eclipsing_binary
1523.8094869738504,1.0000817,0.0022058021,2353789,eclipsing_binary
1523.8108758779888,1.0015221,0.0022056368,2353789,eclipsing_binary
1523.8122647825937,1.003323,0.0022061665,2353789,eclipsing_binary
1523.8136536871978,1.0038849,0.0022044159,2353789,eclipsing_binary
1523.815042591801,1.0032722,0.002206585,2353789,eclipsing_binary
1523.8164314964054,1.000004,0.0022060364,2353789,eclipsing_binary
1523.8178204005437,1.0023785,0.002205124,2353789,eclipsing_binary
1523.8192093051478,1.0019181,0.0022060995,2353789,eclipsing_binary
1523.8205982097518,1.0032372,0.0022036044,2353789,eclipsing_binary
1523.8219871143558,1.0031152,0.002207601,2353789,eclipsing_binary
1523.8233760184942,0.99969935,0.002203124,2353789,eclipsing_binary
1523.8247649230984,1.0024289,0.002205164,2353789,eclipsing_binary
1523.8261538277031,1.0053371,0.0022070485,2353789,eclipsing_binary
1523.8275427323072,0.99838346,0.0022030312,2353789,eclipsing_binary
1523.828931636445,1.0052403,0.0022073267,2353789,eclipsing_binary
1523.8303205410486,0.9998645,0.002203601,2353789,eclipsing_binary
1523.8317094456531,1.0019933,0.0022050398,2353789,eclipsing_binary
1523.8330983497924,0.9970948,0.0021999332,2353789,eclipsing_binary
1523.8344872543958,1.0041177,0.002208303,2353789,eclipsing_binary
1523.835876158999,1.0023953,0.0022068773,2353789,eclipsing_binary
1523.8372650636031,0.9988884,0.0022032598,2353789,eclipsing_binary
1523.8386539677424,1.0023859,0.00220577,2353789,eclipsing_binary
1523.8400428723464,1.001758,0.0022038517,2353789,eclipsing_binary
1523.8414317764848,0.9992347,0.0022046838,2353789,eclipsing_binary
1523.842820681089,1.0016956,0.0022042207,2353789,eclipsing_binary
1523.8442095856933,1.0019513,0.0022052173,2353789,eclipsing_binary
1523.8455984898317,0.9982725,0.0022043874,2353789,eclipsing_binary
1523.8469873944357,1.0018309,0.0022063346,2353789,eclipsing_binary
1523.8483762990397,1.0020908,0.002204947,2353789,eclipsing_binary
1523.8497652031776,1.0002843,0.0022030373,2353789,eclipsing_binary
1523.8511541077817,1.002148,0.0022063542,2353789,eclipsing_binary
1523.8525430119207,1.0019674,0.002205496,2353789,eclipsing_binary
1523.853931916525,0.9966111,0.0022018363,2353789,eclipsing_binary
1523.8553208206624,1.0017775,0.0022059195,2353789,eclipsing_binary
1523.8567097252665,1.0009534,0.0022057302,2353789,eclipsing_binary
1523.8580986298714,0.9991561,0.0022026426,2353789,eclipsing_binary
1523.8594875340098,0.9966199,0.0022010028,2353789,eclipsing_binary
1523.8608764386133,0.99501836,0.0022017434,2353789,eclipsing_binary
1523.8622653427517,0.9974551,0.0022016962,2353789,eclipsing_binary
1523.8636542473566,1.0009369,0.0022066429,2353789,eclipsing_binary
1523.865043151495,1.0032257,0.002205891,2353789,eclipsing_binary
1523.8664320560983,1.0022305,0.0022051798,2353789,eclipsing_binary
1523.867820960237,1.0022411,0.002203565,2353789,eclipsing_binary
1523.869209864841,1.0016872,0.002204125,2353789,eclipsing_binary
1523.8705987689793,1.0021353,0.0022072159,2353789,eclipsing_binary
1523.8719876735834,0.99748087,0.002203511,2353789,eclipsing_binary
1523.8733765777217,1.002395,0.0022051549,2353789,eclipsing_binary
1523.8747654823258,0.9999856,0.0022042093,2353789,eclipsing_binary
1523.8761543864637,1.0028445,0.0022054696,2353789,eclipsing_binary
1523.8775432910686,1.0012659,0.0022057188,2353789,eclipsing_binary
1523.8789321952074,1.0029148,0.0022041148,2353789,eclipsing_binary
1523.8803210993453,1.0008352,0.0022036184,2353789,eclipsing_binary
1523.8817100039487,1.0035762,0.0022057476,2353789,eclipsing_binary
1523.8830989080877,1.0037185,0.0022056177,2353789,eclipsing_binary
1523.8844878126927,0.9996743,0.002201416,2353789,eclipsing_binary
1523.8858767168304,1.0055194,0.0022061563,2353789,eclipsing_binary
1523.887265620968,0.9995936,0.0022035823,2353789,eclipsing_binary
1523.888654525572,1.0032084,0.0022055,2353789,eclipsing_binary
1523.8900434297113,1.0001004,0.0022039404,2353789,eclipsing_binary
1523.8914323343154,1.0016279,0.002205368,2353789,eclipsing_binary
1523.8928212384537,0.99958324,0.0022034266,2353789,eclipsing_binary
1523.894210142592,1.0018234,0.0022050573,2353789,eclipsing_binary
1523.8955990471957,1.0007136,0.002205133,2353789,eclipsing_binary
1523.896987951334,0.9979586,0.0022006033,2353789,eclipsing_binary
1523.8983768554733,1.0010898,0.0022062017,2353789,eclipsing_binary
1523.8997657600773,1.000878,0.0022025984,2353789,eclipsing_binary
1523.9011546642153,1.0024285,0.0022063823,2353789,eclipsing_binary
1523.9025435683536,1.0001885,0.0022052366,2353789,eclipsing_binary
1523.9039324724927,1.0038276,0.0022076084,2353789,eclipsing_binary
1523.905321377097,0.9974943,0.0022012733,2353789,eclipsing_binary
1523.9067102812344,0.9999227,0.002202444,2353789,eclipsing_binary
1523.9080991853727,1.0002377,0.0022043912,2353789,eclipsing_binary
1523.9094880899777,1.0009402,0.002204631,2353789,eclipsing_binary
1523.910876994116,0.999181,0.0022039479,2353789,eclipsing_binary
1523.912265898254,0.9989044,0.002201426,2353789,eclipsing_binary
1523.9136548023923,1.001376,0.002204744,2353789,eclipsing_binary
1523.9150437069964,1.0024941,0.0022036654,2353789,eclipsing_binary
1523.9164326111347,1.0021731,0.0022042026,2353789,eclipsing_binary
1523.917821515273,0.9944982,0.0022008852,2353789,eclipsing_binary
1523.9192104194117,1.0004649,0.002201417,2353789,eclipsing_binary
1523.9205993235503,1.0019895,0.0022053802,2353789,eclipsing_binary
1523.9219882281543,1.0009147,0.0022043062,2353789,eclipsing_binary
1523.9233771322927,1.0003636,0.002204386,2353789,eclipsing_binary
1523.924766036431,0.9989671,0.0022033465,2353789,eclipsing_binary
1523.9261549405694,0.99708074,0.0022001755,2353789,eclipsing_binary
1523.9275438447073,1.0027965,0.0022066708,2353789,eclipsing_binary
1523.9289327488464,0.99834603,0.0022025297,2353789,eclipsing_binary
1523.930321653451,1.000542,0.002202492,2353789,eclipsing_binary
1523.931710557589,1.000035,0.0022044592,2353789,eclipsing_binary
1523.9330994617267,0.998244,0.0022009602,2353789,eclipsing_binary
1523.9344883658653,1.0018076,0.0022033178,2353789,eclipsing_binary
1523.9372661741427,0.9972575,0.0022021425,2353789,eclipsing_binary
1523.9386550782804,0.9978841,0.002202264,2353789,eclipsing_binary
1523.9400439824187,0.9992484,0.0022023397,2353789,eclipsing_binary
1523.941432886558,1.0022563,0.0022034731,2353789,eclipsing_binary
1523.942821791162,1.0054029,0.0022079498,2353789,eclipsing_binary
1523.9442106953004,1.005534,0.0022082827,2353789,eclipsing_binary
1523.9455995994388,1.0028218,0.002205037,2353789,eclipsing_binary
1523.9469885035767,1.0008055,0.0022033455,2353789,eclipsing_binary
1523.948377407715,0.99876124,0.0022030983,2353789,eclipsing_binary
1523.9497663118543,1.0036558,0.0022088767,2353789,eclipsing_binary
1523.9511552159927,1.0047663,0.0022082033,2353789,eclipsing_binary
1523.9525441201306,1.0004749,0.0022025364,2353789,eclipsing_binary
1523.953933024268,1.0032183,0.0022074273,2353789,eclipsing_binary
1523.9553219284073,0.9996861,0.0022033744,2353789,eclipsing_binary
1523.9567108325464,1.0011048,0.002202864,2353789,eclipsing_binary
1523.958099736684,1.0016211,0.0022053213,2353789,eclipsing_binary
1523.9594886408224,1.0045979,0.0022077055,2353789,eclipsing_binary
1523.9608775449617,0.99945045,0.0022033253,2353789,eclipsing_binary
1523.9622664491,1.0040845,0.002205739,2353789,eclipsing_binary
1523.963655353238,1.0003369,0.002205536,2353789,eclipsing_binary
1523.9650442573763,1.0014541,0.0022032238,2353789,eclipsing_binary
1523.9664331615147,1.0025845,0.0022072145,2353789,eclipsing_binary
1523.967822065653,1.0059607,0.0022067854,2353789,eclipsing_binary
1523.9692109697914,1.0042864,0.0022089367,2353789,eclipsing_binary
1523.9705998734644,1.0007341,0.0022042105,2353789,eclipsing_binary
1523.971988777603,1.0003409,0.0022020156,2353789,eclipsing_binary
1523.9733776817404,0.99979126,0.002205988,2353789,eclipsing_binary
1523.9747665858797,0.9992286,0.0022022824,2353789,eclipsing_binary
1523.976155490019,1.0030085,0.0022058971,2353789,eclipsing_binary
1523.9775443941564,1.0018771,0.0022065428,2353789,eclipsing_binary
1523.9789332982944,0.9986166,0.0022019434,2353789,eclipsing_binary
1523.9803222024334,0.99557084,0.0022031066,2353789,eclipsing_binary
1523.9817111065724,0.9961615,0.0022052103,2353789,eclipsing_binary
1523.9831000102447,0.99691474,0.0022016205,2353789,eclipsing_binary
1523.9844889143824,0.9996504,0.002203444,2353789,eclipsing_binary
1523.985877818521,1.0029219,0.0022060373,2353789,eclipsing_binary
1523.9872667226598,1.0024991,0.00220713,2353789,eclipsing_binary
1523.9886556267984,0.99906725,0.0022025139,2353789,eclipsing_binary
1523.990044530936,0.9974535,0.0022018866,2353789,eclipsing_binary
1523.9914334346088,0.99963737,0.0022029295,2353789,eclipsing_binary
1523.9928223387471,1.0012336,0.0022063483,2353789,eclipsing_binary
1523.9942112428857,0.9980134,0.0022038429,2353789,eclipsing_binary
1523.9956001470248,1.0021626,0.002205693,2353789,eclipsing_binary
1523.9969890506975,1.0037175,0.0022065404,2353789,eclipsing_binary
1523.9983779548354,1.0008266,0.0022049313,2353789,eclipsing_binary
1523.9997668589738,1.0036713,0.0022101528,2353789,eclipsing_binary
1524.001155763113,1.0025651,0.0022059914,2353789,eclipsing_binary
1524.0025446667858,1.0000455,0.0022035374,2353789,eclipsing_binary
1524.0039335709234,1.0025088,0.0022065467,2353789,eclipsing_binary
1524.0053224750611,1.0032607,0.0022062738,2353789,eclipsing_binary
1524.0067113792004,1.0007145,0.0022059695,2353789,eclipsing_binary
1524.0081002828738,1.0051022,0.0022082513,2353789,eclipsing_binary
1524.0094891870115,1.0043164,0.0022064918,2353789,eclipsing_binary
1524.0108780911498,1.006919,0.0022105519,2353789,eclipsing_binary
1524.0122669948228,1.0036885,0.0022068704,2353789,eclipsing_binary
1524.0136558989614,0.99868,0.0022016321,2353789,eclipsing_binary
1524.0150448030997,1.0032761,0.0022079092,2353789,eclipsing_binary
1524.0164337067724,1.001998,0.0022046764,2353789,eclipsing_binary
1524.0178226109108,1.0036051,0.0022057488,2353789,eclipsing_binary
1524.0192115150492,1.0010321,0.0022067188,2353789,eclipsing_binary
1524.0206004187219,1.0024571,0.0022059241,2353789,eclipsing_binary
1524.0219893228605,1.0031109,0.0022044745,2353789,eclipsing_binary
1524.023378226999,1.0019433,0.002206601,2353789,eclipsing_binary
1524.0247671306709,1.004092,0.0022060273,2353789,eclipsing_binary
1524.0261560348101,1.0010874,0.0022040075,2353789,eclipsing_binary
1524.0275449384837,1.0030072,0.0022076694,2353789,eclipsing_binary
1524.0289338426212,0.9979648,0.0022033248,2353789,eclipsing_binary
1524.030322746759,1.0003929,0.0022044992,2353789,eclipsing_binary
1524.0317116504318,0.9946972,0.0022007392,2353789,eclipsing_binary
1524.033100554571,0.998297,0.0022031916,2353789,eclipsing_binary
1524.0344894582438,1.0019295,0.002206106,2353789,eclipsing_binary
1524.0358783623815,1.0029862,0.0022077984,2353789,eclipsing_binary
1524.0372672660544,0.9997307,0.0022065057,2353789,eclipsing_binary
1524.0386561701932,1.001008,0.0022058217,2353789,eclipsing_binary
1524.0400450743316,0.99903876,0.0022019309,2353789,eclipsing_binary
1524.0414339780039,1.0008746,0.0022052561,2353789,eclipsing_binary
1524.0428228821422,1.0003699,0.002204985,2353789,eclipsing_binary
1524.044211785815,0.9991089,0.0022037292,2353789,eclipsing_binary
1524.0456006899535,1.0001676,0.0022043164,2353789,eclipsing_binary
1524.046989593627,1.0018233,0.0022049577,2353789,eclipsing_binary
1524.0483784977653,1.004211,0.0022061926,2353789,eclipsing_binary
1524.0497674014375,1.0002584,0.0022041178,2353789,eclipsing_binary
1524.0511563055752,1.0033371,0.002206023,2353789,eclipsing_binary
1524.0525452092486,1.0038441,0.0022060676,2353789,eclipsing_binary
1524.0539341129222,1.0010473,0.002204294,2353789,eclipsing_binary
1524.05532301706,1.0025438,0.0022073688,2353789,eclipsing_binary
1524.056711920732,1.0046257,0.002207203,2353789,eclipsing_binary
1524.0581008248712,1.0004933,0.0022025267,2353789,eclipsing_binary
1524.0594897285446,1.0001603,0.0022031767,2353789,eclipsing_binary
1524.0608786326823,0.99915445,0.0022046634,2353789,eclipsing_binary
1524.062267536355,1.000283,0.002205925,2353789,eclipsing_binary
1524.0636564400277,1.0057442,0.0022090003,2353789,eclipsing_binary
1524.0650453441663,1.0007699,0.0022037383,2353789,eclipsing_binary
1524.0664342478392,1.0027151,0.002207056,2353789,eclipsing_binary
1524.0678231519776,1.0053668,0.0022075619,2353789,eclipsing_binary
1524.0692120556503,1.0016112,0.0022065856,2353789,eclipsing_binary
1524.0706009593225,1.0011623,0.0022040412,2353789,eclipsing_binary
1524.0719898634609,1.0046232,0.0022064778,2353789,eclipsing_binary
1524.0733787671343,1.0034801,0.0022077775,2353789,eclipsing_binary
1524.0747676708072,1.0051877,0.0022079754,2353789,eclipsing_binary
1524.0761565749447,1.003019,0.0022058052,2353789,eclipsing_binary
1524.0775454786174,1.0063599,0.0022075856,2353789,eclipsing_binary
1524.078934382291,1.0040143,0.0022063365,2353789,eclipsing_binary
1524.0803232864293,1.002419,0.002205398,2353789,eclipsing_binary
1524.0817121901016,1.0043715,0.0022062724,2353789,eclipsing_binary
1524.0831010937743,1.0011084,0.0022046377,2353789,eclipsing_binary
1524.084489997448,1.0011141,0.002203138,2353789,eclipsing_binary
1524.0858789015863,0.9984409,0.002200137,2353789,eclipsing_binary
1524.087267805258,1.0042162,0.0022076094,2353789,eclipsing_binary
1524.088656708931,1.0013078,0.0022063414,2353789,eclipsing_binary
1524.090045612604,1.0011722,0.0022062892,2353789,eclipsing_binary
1524.0914345167423,0.9972616,0.0022054978,2353789,eclipsing_binary
1524.092823420415,1.005937,0.002208294,2353789,eclipsing_binary
1524.0942123240877,1.0024773,0.0022055248,2353789,eclipsing_binary
1524.0956012277604,1.0013716,0.002205652,2353789,eclipsing_binary
1524.096990131899,1.0013332,0.0022040918,2353789,eclipsing_binary
1524.0983790355724,1.0007528,0.002205985,2353789,eclipsing_binary
1524.099767939245,1.0006719,0.0022055663,2353789,eclipsing_binary
1524.1011568429174,1.0005808,0.002202603,2353789,eclipsing_binary
1524.1025457465894,1.0023485,0.0022061814,2353789,eclipsing_binary
1524.1039346502628,1.0000201,0.002204569,2353789,eclipsing_binary
1524.105323554402,1.0040016,0.002207625,2353789,eclipsing_binary
1524.106712458074,1.0028317,0.00220654,2353789,eclipsing_binary
1524.108101361746,1.000505,0.0022042324,2353789,eclipsing_binary
1524.1094902654188,0.9995787,0.002207538,2353789,eclipsing_binary
1524.1108791690924,1.0049791,0.0022072012,2353789,eclipsing_binary
1524.1122680727651,1.0063367,0.0022072704,2353789,eclipsing_binary
1524.1136569764378,0.9986247,0.0022028675,2353789,eclipsing_binary
1524.1150458805762,1.0020539,0.0022056967,2353789,eclipsing_binary
1524.1164347842491,1.0035957,0.002208699,2353789,eclipsing_binary
1524.117823687922,0.99990857,0.0022047723,2353789,eclipsing_binary
1524.1192125915948,1.0054294,0.0022081465,2353789,eclipsing_binary
1524.1206014952675,0.9998641,0.0022036345,2353789,eclipsing_binary
1524.1219903989397,1.0013157,0.0022041558,2353789,eclipsing_binary
1524.1233793026124,1.001084,0.0022047656,2353789,eclipsing_binary
1524.1247682062856,1.0021098,0.0022060466,2353789,eclipsing_binary
1524.1261571099585,1.0000784,0.0022045204,2353789,eclipsing_binary
1524.1275460136305,0.9979933,0.0022019895,2353789,eclipsing_binary
1524.1289349173028,0.99860626,0.002203086,2353789,eclipsing_binary
1524.1303238209762,1.0008183,0.0022041397,2353789,eclipsing_binary
1524.1317127246496,1.0042919,0.0022094566,2353789,eclipsing_binary
1524.1331016283218,1.0023323,0.0022045646,2353789,eclipsing_binary
1524.1344905319945,1.0038724,0.0022059546,2353789,eclipsing_binary
1524.1358794356681,1.0009177,0.0022054506,2353789,eclipsing_binary
1524.1372683393408,0.99797076,0.002202034,2353789,eclipsing_binary
1524.1386572430126,0.9999443,0.0022038068,2353789,eclipsing_binary
1524.1400461466856,0.99916726,0.0022022657,2353789,eclipsing_binary
1524.1414350503585,1.0016936,0.0022045325,2353789,eclipsing_binary
1524.1428239540312,0.9995156,0.0022031493,2353789,eclipsing_binary
1524.144212857704,0.99903697,0.0022038762,2353789,eclipsing_binary
1524.1456017613766,1.0022304,0.0022058126,2353789,eclipsing_binary
1524.1469906650493,0.99865496,0.0022023746,2353789,eclipsing_binary
1524.1483795687216,1.0029854,0.0022038084,2353789,eclipsing_binary
1524.149768472395,1.0012487,0.00220265,2353789,eclipsing_binary
1524.1511573760683,1.0005318,0.0022064901,2353789,eclipsing_binary
1524.152546279275,1.0018656,0.0022047346,2353789,eclipsing_binary
1524.153935182947,0.9995346,0.0022029914,2353789,eclipsing_binary
1524.1553240866203,0.99924177,0.0022056883,2353789,eclipsing_binary
1524.156712990294,1.0000937,0.0022048333,2353789,eclipsing_binary
1524.158101893966,1.0045936,0.0022077763,2353789,eclipsing_binary
1524.159490797638,0.9996824,0.002203561,2353789,eclipsing_binary
1524.1608797013107,1.003429,0.0022085481,2353789,eclipsing_binary
1524.1622686045187,0.99758327,0.0022023304,2353789,eclipsing_binary
1524.1636575081914,1.0014788,0.0022034796,2353789,eclipsing_binary
1524.1650464118636,0.99937695,0.0022035788,2353789,eclipsing_binary
1524.1664353155363,1.0015951,0.0022093072,2353789,eclipsing_binary
1524.167824219209,0.99931073,0.0022026969,2353789,eclipsing_binary
1524.1692131228817,0.999955,0.0022033842,2353789,eclipsing_binary
1524.1706020260897,0.999565,0.0022023758,2353789,eclipsing_binary
1524.1719909297624,0.9997864,0.0022038987,2353789,eclipsing_binary
1524.1733798334344,1.0023012,0.002208173,2353789,eclipsing_binary
1524.1747687371073,0.99893403,0.0022054955,2353789,eclipsing_binary
1524.1761576403148,1.0023931,0.002205825,2353789,eclipsing_binary
1524.1775465439878,1.0029259,0.002207658,2353789,eclipsing_binary
1524.1789354476598,1.0020393,0.0022057896,2353789,eclipsing_binary
1524.180324351332,0.9986526,0.0022054533,2353789,eclipsing_binary
1524.1817132545398,1.0028129,0.002207994,2353789,eclipsing_binary
1524.1831021582132,1.0010955,0.0022054515,2353789,eclipsing_binary
1524.1844910618854,0.994049,0.0021997297,2353789,eclipsing_binary
1524.1858799650925,0.9950836,0.0022001145,2353789,eclipsing_binary
1524.1872688687652,0.9969872,0.0022025895,2353789,eclipsing_binary
1524.1886577724379,0.99714166,0.0022024864,2353789,eclipsing_binary
1524.1900466761106,0.9958138,0.0022023174,2353789,eclipsing_binary
1524.1914355793178,0.996643,0.0022010487,2353789,eclipsing_binary
1524.1928244829908,0.9965918,0.0022022366,2353789,eclipsing_binary
1524.1942133866635,0.9983836,0.002203659,2353789,eclipsing_binary
1524.1956022898705,0.999347,0.00220526,2353789,eclipsing_binary
1524.1969911935432,1.000525,0.0022046326,2353789,eclipsing_binary
1524.1983800967503,0.9936053,0.0021997357,2353789,eclipsing_binary
1524.1997690004225,0.9991491,0.0022049646,2353789,eclipsing_binary
1524.201157904096,0.9973572,0.0022025092,2353789,eclipsing_binary
1524.2025468073036,0.999601,0.0022051746,2353789,eclipsing_binary
1524.2039357109759,1.0023721,0.0022053665,2353789,eclipsing_binary
1524.205324614648,0.99829245,0.0022024808,2353789,eclipsing_binary
1524.2067135178552,0.99798447,0.0022031292,2353789,eclipsing_binary
1524.2081024215283,0.9978739,0.0022026047,2353789,eclipsing_binary
1524.2094913247354,0.99925804,0.002202504,2353789,eclipsing_binary
1524.2108802284076,1.000489,0.002205006,2353789,eclipsing_binary
1524.2122691316147,1.0007268,0.0022063022,2353789,eclipsing_binary
1524.2136580352883,1.0015612,0.0022051532,2353789,eclipsing_binary
1524.2150469384953,1.0014683,0.0022059998,2353789,eclipsing_binary
1524.2164358421676,1.0023118,0.0022057628,2353789,eclipsing_binary
1524.2178247458403,1.001051,0.0022065057,2353789,eclipsing_binary
1524.2192136490473,0.99711084,0.0022017169,2353789,eclipsing_binary
1524.22060255272,0.99785715,0.0022028359,2353789,eclipsing_binary
1524.221991455928,1.0028692,0.0022073174,2353789,eclipsing_binary
1524.2233803596007,0.99872756,0.0022051646,2353789,eclipsing_binary
1524.224769262807,0.99823385,0.0022018785,2353789,eclipsing_binary
1524.2261581660134,1.0012928,0.0022062291,2353789,eclipsing_binary
1524.227547069687,0.9983565,0.002204115,2353789,eclipsing_binary
1524.2289359728948,0.9975337,0.0022034156,2353789,eclipsing_binary
1524.2303248765668,0.99846363,0.0022033951,2353789,eclipsing_binary
1524.2317137797734,1.0004787,0.002204492,2353789,eclipsing_binary
1524.2331026834468,1.0001949,0.0022052182,2353789,eclipsing_binary
1524.2344915866545,0.9983905,0.0022028373,2353789,eclipsing_binary
1524.2358804903267,0.9972597,0.002201635,2353789,eclipsing_binary
1524.2372693935338,1.0002456,0.002204856,2353789,eclipsing_binary
1524.2386582967408,0.9980435,0.002202195,2353789,eclipsing_binary
1524.2400472004135,0.9988295,0.0022032491,2353789,eclipsing_binary
1524.2414361036206,0.99732995,0.002201876,2353789,eclipsing_binary
1524.2428250072935,1.0007145,0.0022047388,2353789,eclipsing_binary
1524.2442139105008,1.0003477,0.0022051756,2353789,eclipsing_binary
1524.245602813707,1.0005033,0.002205662,2353789,eclipsing_binary
1524.2469917173796,0.9977398,0.002201917,2353789,eclipsing_binary
1524.2483806205876,0.99866885,0.0022041758,2353789,eclipsing_binary
1524.2497695237946,0.9962701,0.0022002284,2353789,eclipsing_binary
1524.2511584274669,0.99911803,0.002203842,2353789,eclipsing_binary
1524.2525473306732,0.9952416,0.0022005206,2353789,eclipsing_binary
1524.253936233881,0.9950045,0.0022010137,2353789,eclipsing_binary
1524.2553251375546,0.9970127,0.002201609,2353789,eclipsing_binary
1524.2567140407607,0.99441993,0.0022027267,2353789,eclipsing_binary
1524.258102943968,0.9965715,0.002202177,2353789,eclipsing_binary
1524.2594918476414,0.99529105,0.0022000254,2353789,eclipsing_binary
1524.2608807508484,0.9950769,0.0022016198,2353789,eclipsing_binary
1524.262269654055,1.0010922,0.0022050804,2353789,eclipsing_binary
1524.263658557262,0.99740905,0.0022016913,2353789,eclipsing_binary
1524.2650474609347,0.99932885,0.0022027912,2353789,eclipsing_binary
1524.266436364142,0.9953384,0.0022021725,2353789,eclipsing_binary
1524.2678252673493,0.99802697,0.0022046592,2353789,eclipsing_binary
1524.2692141705563,0.99933356,0.0022036803,2353789,eclipsing_binary
1524.270603074229,0.9977298,0.0022025951,2353789,eclipsing_binary
1524.2719919774354,0.9959364,0.0022013024,2353789,eclipsing_binary
1524.2733808806431,0.99679536,0.0022007388,2353789,eclipsing_binary
1524.274769783851,0.9986514,0.0022041919,2353789,eclipsing_binary
1524.2761586870574,0.99951094,0.0022032345,2353789,eclipsing_binary
1524.2775475907295,0.9985621,0.002203452,2353789,eclipsing_binary
1524.2789364939374,0.9959347,0.0022005518,2353789,eclipsing_binary
1524.2803253971451,0.9990106,0.0022049828,2353789,eclipsing_binary
1524.2817143003515,0.9951749,0.0022008752,2353789,eclipsing_binary
1524.283103203558,0.99789107,0.0022033376,2353789,eclipsing_binary
1524.2844921067651,0.998499,0.0022026103,2353789,eclipsing_binary
1524.2858810099729,0.9970115,0.0022016293,2353789,eclipsing_binary
1524.2872699136458,0.9986996,0.0022038445,2353789,eclipsing_binary
1524.288658816852,0.9963223,0.0022026198,2353789,eclipsing_binary
1524.2900477200592,0.9981469,0.002202734,2353789,eclipsing_binary
1524.2914366232665,0.99511844,0.0022022247,2353789,eclipsing_binary
1524.2928255264735,0.9937133,0.0021998112,2353789,eclipsing_binary
1524.294214429681,0.9954946,0.0022001963,2353789,eclipsing_binary
1524.2956033328883,0.9951746,0.0022016515,2353789,eclipsing_binary
1524.2969922360946,0.99531764,0.0022014834,2353789,eclipsing_binary
1524.2983811393017,0.9966335,0.0022014673,2353789,eclipsing_binary
1524.2997700425096,0.9988414,0.0022032715,2353789,eclipsing_binary
1524.3011589457167,0.9967339,0.002202846,2353789,eclipsing_binary
1524.3025478489233,0.9996878,0.002204526,2353789,eclipsing_binary
1524.3039367521294,0.99924767,0.0022043413,2353789,eclipsing_binary
1524.305325655803,0.9938595,0.0022037164,2353789,eclipsing_binary
1524.306714559011,0.9967035,0.0022025912,2353789,eclipsing_binary
1524.308103462217,1.0004325,0.0022050438,2353789,eclipsing_binary
1524.3094923654244,0.9949203,0.0022014633,2353789,eclipsing_binary
1524.3108812686316,0.99520195,0.0022016703,2353789,eclipsing_binary
1524.3122701718387,0.99356866,0.0022023886,2353789,eclipsing_binary
1524.31365907458,1.0001378,0.002203991,2353789,eclipsing_binary
1524.3150479777871,0.9938326,0.0022011022,2353789,eclipsing_binary
1524.3164368809942,0.9977075,0.0022031383,2353789,eclipsing_binary
1524.3178257842012,0.9926059,0.0021998133,2353789,eclipsing_binary
1524.3192146874085,0.99265325,0.0021994803,2353789,eclipsing_binary
1524.3206035906157,0.99591875,0.0022030028,2353789,eclipsing_binary
1524.3219924938228,0.9933003,0.0021971816,2353789,eclipsing_binary
1524.3233813970292,0.993405,0.002200585,2353789,eclipsing_binary
1524.3247703002364,0.9961765,0.0022012661,2353789,eclipsing_binary
1524.326159203444,0.9975228,0.0022029837,2353789,eclipsing_binary
1524.3275481066512,0.99589235,0.0022035977,2353789,eclipsing_binary
1524.3289370098576,0.99385303,0.0022000186,2353789,eclipsing_binary
1524.3303259130646,0.99425364,0.0021998018,2353789,eclipsing_binary
1524.331714815807,0.99313927,0.0021983758,2353789,eclipsing_binary
1524.333103719014,0.9861528,0.002194717,2353789,eclipsing_binary
1524.3344926222205,0.99127984,0.0021985734,2353789,eclipsing_binary
1524.3358815254276,0.9891654,0.0021974654,2353789,eclipsing_binary
1524.3372704286353,0.9899001,0.0021967776,2353789,eclipsing_binary
1524.3386593318426,0.9908586,0.0021957252,2353789,eclipsing_binary
1524.3400482350487,0.9879974,0.002196357,2353789,eclipsing_binary
1524.34143713779,0.9887946,0.0021961892,2353789,eclipsing_binary
1524.3428260409974,0.98318046,0.0021919922,2353789,eclipsing_binary
1524.3442149442046,0.9856272,0.002193543,2353789,eclipsing_binary
1524.3456038474121,0.9830762,0.0021920677,2353789,eclipsing_binary
1524.3469927506194,0.98465264,0.0021936838,2353789,eclipsing_binary
1524.34838165336,0.983831,0.0021922092,2353789,eclipsing_binary
1524.3497705565667,0.9838459,0.0021919736,2353789,eclipsing_binary
1524.3511594597744,0.97963107,0.0021895627,2353789,eclipsing_binary
1524.3525483629821,0.9774292,0.0021905603,2353789,eclipsing_binary
1524.353937265723,0.98010695,0.0021899606,2353789,eclipsing_binary
1524.3553261689292,0.9781577,0.0021894746,2353789,eclipsing_binary
1524.3567150721371,0.9774438,0.0021885943,2353789,eclipsing_binary
1524.358103975345,0.9795569,0.0021907147,2353789,eclipsing_binary
1524.3594928780856,0.97516185,0.0021846127,2353789,eclipsing_binary
1524.3608817812922,0.97647005,0.0021876672,2353789,eclipsing_binary
1524.3622706844992,0.97714716,0.0021863207,2353789,eclipsing_binary
1524.3636595872415,0.97199386,0.0021848609,2353789,eclipsing_binary
1524.3650484904485,0.97403437,0.0021862057,2353789,eclipsing_binary
1524.3664373936556,0.97656894,0.0021900844,2353789,eclipsing_binary
1524.367826296397,0.96880007,0.0021831833,2353789,eclipsing_binary
1524.3692151996036,0.9711296,0.0021833186,2353789,eclipsing_binary
1524.3706041028106,0.97014105,0.002181771,2353789,eclipsing_binary
1524.371993005553,0.9713844,0.0021842832,2353789,eclipsing_binary
1524.37338190876,0.9709317,0.0021846679,2353789,eclipsing_binary
1524.3747708119663,0.9753075,0.0021863424,2353789,eclipsing_binary
1524.376159714708,0.9670453,0.0021810592,2353789,eclipsing_binary
1524.3775486179154,0.9717267,0.0021824334,2353789,eclipsing_binary
1524.3789375206568,0.9675948,0.0021802967,2353789,eclipsing_binary
1524.3803264238634,0.96886253,0.0021832476,2353789,eclipsing_binary
1524.3817153270704,0.97499025,0.0021851012,2353789,eclipsing_binary
1524.3831042298127,0.9717598,0.0021855684,2353789,eclipsing_binary
1524.3844931330198,0.9682746,0.0021793959,2353789,eclipsing_binary
1524.3858820357607,0.9680346,0.0021810126,2353789,eclipsing_binary
1524.3872709389677,0.96882045,0.0021826224,2353789,eclipsing_binary
1524.388659841709,0.9710337,0.0021816618,2353789,eclipsing_binary
1524.3900487449162,0.97308004,0.0021860683,2353789,eclipsing_binary
1524.3914376476575,0.975997,0.0021861126,2353789,eclipsing_binary
1524.3928265508646,0.97474074,0.0021860842,2353789,eclipsing_binary
1524.3942154540719,0.9729155,0.0021851922,2353789,eclipsing_binary
1524.3956043568135,0.96849793,0.0021804585,2353789,eclipsing_binary
1524.3969932600205,0.9717061,0.0021838741,2353789,eclipsing_binary
1524.398382162762,0.97540075,0.0021853058,2353789,eclipsing_binary
1524.3997710655033,0.9784336,0.0021892702,2353789,eclipsing_binary
1524.4011599687099,0.9740224,0.0021854078,2353789,eclipsing_binary
1524.402548871452,0.9775648,0.0021878495,2353789,eclipsing_binary
1524.4039377746597,0.9796767,0.002190074,2353789,eclipsing_binary
1524.4053266774006,0.97935736,0.0021896018,2353789,eclipsing_binary
1524.4067155806067,0.98189497,0.0021931038,2353789,eclipsing_binary
1524.4081044833483,0.9829203,0.0021916716,2353789,eclipsing_binary
1524.409493386556,0.98386335,0.0021923226,2353789,eclipsing_binary
1524.4108822892974,0.9833537,0.002192323,2353789,eclipsing_binary
1524.4122711920384,0.98465526,0.0021929154,2353789,eclipsing_binary
1524.4136600952454,0.987835,0.0021961834,2353789,eclipsing_binary
1524.4150489979877,0.98722965,0.0021960102,2353789,eclipsing_binary
1524.4164379011947,0.99122727,0.0022024151,2353789,eclipsing_binary
1524.4178268039354,0.9917043,0.0021981543,2353789,eclipsing_binary
1524.419215706677,0.9939445,0.002199313,2353789,eclipsing_binary
1524.420604609884,0.9915025,0.0021996866,2353789,eclipsing_binary
1524.4219935126255,0.9958075,0.0022005383,2353789,eclipsing_binary
1524.4233824153678,0.9954259,0.0022018538,2353789,eclipsing_binary
1524.4247713185748,0.9975921,0.002202405,2353789,eclipsing_binary
1524.4261602213153,0.99838537,0.0022032687,2353789,eclipsing_binary
1524.4275491240562,0.99686426,0.0022026666,2353789,eclipsing_binary
1524.4289380272642,0.9966232,0.002202199,2353789,eclipsing_binary
1524.430326930006,0.9976343,0.0022017541,2353789,eclipsing_binary
1524.431715832747,1.000004,0.0022037306,2353789,eclipsing_binary
1524.4331047359535,0.99769634,0.0022028321,2353789,eclipsing_binary
1524.4344936386954,0.998428,0.002204259,2353789,eclipsing_binary
1524.4358825414376,0.99841577,0.0022023453,2353789,eclipsing_binary
1524.4372714446442,0.9992678,0.0022033358,2353789,eclipsing_binary
1524.4386603473856,1.0014877,0.0022054354,2353789,eclipsing_binary
1524.440049250127,0.997148,0.0022034422,2353789,eclipsing_binary
1524.4414381528684,0.99745125,0.0022019944,2353789,eclipsing_binary
1524.4428270556098,0.9969059,0.0022016629,2353789,eclipsing_binary
1524.4442159588168,0.9988866,0.0022040808,2353789,eclipsing_binary
1524.4456048615584,1.0010933,0.0022058473,2353789,eclipsing_binary
1524.4469937642991,0.995509,0.0022016938,2353789,eclipsing_binary
1524.4483826670405,0.99651796,0.0022006158,2353789,eclipsing_binary
1524.4497715702485,0.99647236,0.0022015222,2353789,eclipsing_binary
1524.4511604729898,0.9974602,0.002202631,2353789,eclipsing_binary
1524.4525493757308,1.0004961,0.0022056403,2353789,eclipsing_binary
1524.4539382784722,0.99822575,0.0022039267,2353789,eclipsing_binary
1524.4553271812142,0.9997556,0.0022063472,2353789,eclipsing_binary
1524.4567160839558,1.0015608,0.0022051455,2353789,eclipsing_binary
1524.458104987162,0.9988911,0.0022030054,2353789,eclipsing_binary
1524.4594938899036,0.99735254,0.0022021926,2353789,eclipsing_binary
1524.4608827926456,1.0016444,0.0022047358,2353789,eclipsing_binary
1524.462271695387,0.9999772,0.0022046887,2353789,eclipsing_binary
1524.463660598128,0.99764794,0.0022024165,2353789,eclipsing_binary
1524.4650495008693,1.0004721,0.0022044198,2353789,eclipsing_binary
1524.4664384036107,1.0024403,0.0022055723,2353789,eclipsing_binary
1524.467827306352,0.99809164,0.002201347,2353789,eclipsing_binary
1524.4692162090937,1.0014093,0.0022077635,2353789,eclipsing_binary
1524.470605112301,0.99917823,0.0022046887,2353789,eclipsing_binary
1524.4719940150424,0.9982414,0.0022027495,2353789,eclipsing_binary
1524.4733829177837,1.0007564,0.0022048757,2353789,eclipsing_binary
1524.474771820526,0.9963065,0.002202893,2353789,eclipsing_binary
1524.4761607232674,0.99584913,0.0022026051,2353789,eclipsing_binary
1524.4775496260079,0.9987324,0.0022061428,2353789,eclipsing_binary
1524.4789385287488,1.0003489,0.0022059644,2353789,eclipsing_binary
1524.480327431491,1.0005672,0.002202868,2353789,eclipsing_binary
1524.481716334233,1.0026785,0.0022068666,2353789,eclipsing_binary
1524.4831052369739,0.99808323,0.0022026214,2353789,eclipsing_binary
1524.4844941397148,1.00223,0.0022058587,2353789,eclipsing_binary
1524.4858830424562,1.0017054,0.0022050939,2353789,eclipsing_binary
1524.4872719451982,1.0022359,0.0022049001,2353789,eclipsing_binary
1524.4886608479399,1.0020729,0.0022075975,2353789,eclipsing_binary
1524.4900497506803,0.99888587,0.0022046317,2353789,eclipsing_binary
1524.4914386534217,1.0006007,0.0022056429,2353789,eclipsing_binary
1524.492827556164,1.0027292,0.0022056464,2353789,eclipsing_binary
1524.4942164589054,1.0040369,0.0022061113,2353789,eclipsing_binary
1524.495605361181,1.0025032,0.002205255,2353789,eclipsing_binary
1524.4969942639227,0.9980003,0.0022034815,2353789,eclipsing_binary
1524.4983831666634,0.9942992,0.0022026151,2353789,eclipsing_binary
1524.4997720694048,1.0009106,0.0022060066,2353789,eclipsing_binary
1524.501160972147,1.0004001,0.002203001,2353789,eclipsing_binary
1524.5025498748885,1.0023448,0.002205193,2353789,eclipsing_binary
1524.5039387776294,1.0019717,0.0022049574,2353789,eclipsing_binary
1524.5053276803699,1.0014244,0.0022046783,2353789,eclipsing_binary
1524.5067165831122,1.0000404,0.0022040983,2353789,eclipsing_binary
1524.5081054858545,1.0011936,0.002206516,2353789,eclipsing_binary
1524.5094943881293,0.9993195,0.0022043332,2353789,eclipsing_binary
1524.5108832908702,1.0047177,0.0022091137,2353789,eclipsing_binary
1524.5122721936123,1.0010191,0.0022077656,2353789,eclipsing_binary
1524.5136610963543,1.0031033,0.0022055572,2353789,eclipsing_binary
1524.5150499990953,0.99830675,0.002202552,2353789,eclipsing_binary
1524.516438901371,1.0027566,0.0022055039,2353789,eclipsing_binary
1524.5178278041124,1.0023556,0.002204253,2353789,eclipsing_binary
1524.5192167068537,0.9960266,0.0022010878,2353789,eclipsing_binary
1524.5206056095953,1.0020016,0.002206362,2353789,eclipsing_binary
1524.521994512337,0.9989443,0.0022025835,2353789,eclipsing_binary
1524.5233834146127,0.9995863,0.0022040803,2353789,eclipsing_binary
1524.5247723173532,0.9969482,0.0022013104,2353789,eclipsing_binary
1524.5261612200948,0.99893004,0.0022061178,2353789,eclipsing_binary
1524.5275501228368,1.0007594,0.0022048305,2353789,eclipsing_binary
1524.5289390251125,0.9981139,0.0022032612,2353789,eclipsing_binary
1524.5303279278535,0.9976522,0.002203606,2353789,eclipsing_binary
1524.5317168305958,1.0019689,0.0022076236,2353789,eclipsing_binary
1524.5331057333376,0.99725074,0.002203194,2353789,eclipsing_binary
1524.5344946356129,1.002729,0.0022051395,2353789,eclipsing_binary
1524.5358835383538,1.0026256,0.002206544,2353789,eclipsing_binary
1524.5372724410952,1.003838,0.0022071234,2353789,eclipsing_binary
1524.5386613433714,0.9964038,0.002200894,2353789,eclipsing_binary
1524.540050246113,1.0023899,0.0022058159,2353789,eclipsing_binary
1524.5414391488537,1.0020125,0.0022062443,2353789,eclipsing_binary
1524.5428280511294,0.9996888,0.0022055556,2353789,eclipsing_binary
1524.544216953871,0.9992067,0.002207172,2353789,eclipsing_binary
1524.5456058566126,1.0048425,0.0022071744,2353789,eclipsing_binary
1524.5469947588883,1.0006278,0.002204843,2353789,eclipsing_binary
1524.5483836616297,0.9988013,0.0022034235,2353789,eclipsing_binary
1524.549772564371,1.0023313,0.0022058438,2353789,eclipsing_binary
1524.5511614666468,1.0022602,0.0022055632,2353789,eclipsing_binary
1524.552550369389,1.0013086,0.0022064752,2353789,eclipsing_binary
1524.5539392716648,1.0020952,0.0022079481,2353789,eclipsing_binary
1524.5553281744058,1.0019852,0.002208266,2353789,eclipsing_binary
1524.5567170766806,1.0001005,0.0022037306,2353789,eclipsing_binary
1524.5581059794229,1.0050164,0.0022092056,2353789,eclipsing_binary
1524.5594948821652,1.0025315,0.0022067989,2353789,eclipsing_binary
1524.56088378444,0.9986091,0.0022017702,2353789,eclipsing_binary
1524.562272687181,1.001349,0.002204962,2353789,eclipsing_binary
1524.5636615894566,1.0025094,0.0022060608,2353789,eclipsing_binary
1524.565050492199,1.0044943,0.0022063719,2353789,eclipsing_binary
1524.5664393944746,1.0062306,0.0022073821,2353789,eclipsing_binary
1524.5678282972153,1.003383,0.0022076434,2353789,eclipsing_binary
1524.5692171994913,1.0020791,0.002204739,2353789,eclipsing_binary
1524.5706061022331,0.99974656,0.0022029046,2353789,eclipsing_binary
1524.5719950045088,0.9994822,0.0022033353,2353789,eclipsing_binary
1524.5733839072504,1.0024989,0.0022054373,2353789,eclipsing_binary
1524.5747728095264,0.9975192,0.0022020584,2353789,eclipsing_binary
1524.5761617122669,1.001352,0.0022055176,2353789,eclipsing_binary
1524.5775506145428,0.9983518,0.0022032782,2353789,eclipsing_binary
1524.5789395172849,0.998255,0.0022025967,2353789,eclipsing_binary
1524.5803284195606,1.0020916,0.0022052415,2353789,eclipsing_binary
1524.5817173218359,0.9990058,0.0022041618,2353789,eclipsing_binary
1524.5831062245768,1.0011486,0.0022055742,2353789,eclipsing_binary
1524.584495126853,1.0027617,0.0022068974,2353789,eclipsing_binary
1524.5858840295953,1.0032891,0.002206008,2353789,eclipsing_binary
1524.5872729318703,0.9979713,0.0022028668,2353789,eclipsing_binary
1524.588661834612,1.0023603,0.0022064273,2353789,eclipsing_binary
1524.590050736888,0.99405986,0.0021998454,2353789,eclipsing_binary
1524.591439639164,0.9983298,0.0022022713,2353789,eclipsing_binary
1524.5928285419047,0.9979758,0.0022038203,2353789,eclipsing_binary
1524.5942174441805,0.99906355,0.0022040512,2353789,eclipsing_binary
1524.5956063464562,1.0001557,0.0022036515,2353789,eclipsing_binary
1524.5969952491978,1.0008196,0.0022051446,2353789,eclipsing_binary
1524.5983841514737,0.9986518,0.0022038564,2353789,eclipsing_binary
1524.5997730537495,0.9991934,0.0022071325,2353789,eclipsing_binary
1524.6011619564908,0.99769247,0.002203304,2353789,eclipsing_binary
1524.602550858766,0.99732876,0.0022036582,2353789,eclipsing_binary
1524.6039397610418,1.0059402,0.0022081388,2353789,eclipsing_binary
1524.605328663784,1.003112,0.00220879,2353789,eclipsing_binary
1524.6067175660598,0.9978922,0.0022022838,2353789,eclipsing_binary
1524.6081064683347,1.0027192,0.0022055353,2353789,eclipsing_binary
1524.6094953706113,1.0028514,0.0022060503,2353789,eclipsing_binary
1524.6108842733536,0.9984528,0.0022031793,2353789,eclipsing_binary
1524.6122731756284,0.9974023,0.0022020342,2353789,eclipsing_binary
1524.6136620779037,1.0016732,0.0022058622,2353789,eclipsing_binary
1524.6150509801794,0.99691033,0.002202522,2353789,eclipsing_binary
1524.6164398829217,1.0032278,0.0022089153,2353789,eclipsing_binary
1524.6178287851974,1.0040088,0.0022074182,2353789,eclipsing_binary
1524.6192176874722,1.0002556,0.0022047067,2353789,eclipsing_binary
1524.6206065897481,1.0023309,0.002205273,2353789,eclipsing_binary
1524.6219954924898,1.0014007,0.002206188,2353789,eclipsing_binary
1524.6233843947655,1.0022486,0.002206775,2353789,eclipsing_binary
1524.6247732970412,1.001794,0.002205934,2353789,eclipsing_binary
1524.626162199317,1.0036436,0.002205158,2353789,eclipsing_binary
1524.6275511015926,1.0027107,0.002206307,2353789,eclipsing_binary
1524.6289400038686,1.0013301,0.0022054708,2353789,eclipsing_binary
1524.6303289066107,1.0035084,0.002206491,2353789,eclipsing_binary
1524.6317178088864,1.0017837,0.0022048892,2353789,eclipsing_binary
1524.6331067111616,1.001683,0.0022057986,2353789,eclipsing_binary
1524.6344956134367,1.0010653,0.00220509,2353789,eclipsing_binary
1524.635884515713,1.0028751,0.002208894,2353789,eclipsing_binary
1524.6372734179897,1.000471,0.002204487,2353789,eclipsing_binary
1524.6386623202648,1.0033792,0.0022075332,2353789,eclipsing_binary
1524.6400512225398,1.0015129,0.0022064215,2353789,eclipsing_binary
1524.6414401248155,1.0021024,0.002205826,2353789,eclipsing_binary
1524.6428290275578,0.99821115,0.0022021304,2353789,eclipsing_binary
1524.6442179298335,1.0012133,0.0022068978,2353789,eclipsing_binary
1524.6456068321093,0.9991012,0.0022056745,2353789,eclipsing_binary
1524.646995734385,0.99730015,0.002202971,2353789,eclipsing_binary
1524.648384636661,1.0022326,0.0022058315,2353789,eclipsing_binary
1524.6497735389369,0.99743134,0.002203614,2353789,eclipsing_binary
1524.6511624412126,1.0013151,0.0022067586,2353789,eclipsing_binary
1524.6525513434883,0.99995434,0.0022036247,2353789,eclipsing_binary
1524.6539402457636,1.0007685,0.0022044047,2353789,eclipsing_binary
1524.6553291480393,1.0006367,0.0022051043,2353789,eclipsing_binary
1524.6567180503157,0.99544233,0.002201386,2353789,eclipsing_binary
1524.6581069525917,0.99930024,0.002203802,2353789,eclipsing_binary
1524.6594958548665,0.9993577,0.0022028233,2353789,eclipsing_binary
1524.6608847571417,0.9990646,0.0022031958,2353789,eclipsing_binary
1524.6622736594181,1.005362,0.002206705,2353789,eclipsing_binary
1524.6636625616945,1.0012074,0.002203547,2353789,eclipsing_binary
1524.6650514639698,1.0050652,0.0022076482,2353789,eclipsing_binary
1524.6664403662455,1.004529,0.002208177,2353789,eclipsing_binary
1524.6678292685222,0.99867105,0.0022037309,2353789,eclipsing_binary
1524.6692181703322,0.9971891,0.0022029758,2353789,eclipsing_binary
1524.670607072607,1.0005395,0.0022064303,2353789,eclipsing_binary
1524.671995974883,1.0019038,0.002205169,2353789,eclipsing_binary
1524.673384877159,0.99983263,0.0022030205,2353789,eclipsing_binary
1524.6747737794346,1.0047265,0.002209135,2353789,eclipsing_binary
1524.6761626817104,1.0020895,0.0022051288,2353789,eclipsing_binary
1524.677551583986,0.9981722,0.0022065728,2353789,eclipsing_binary
1524.6789404862618,1.0026697,0.0022058205,2353789,eclipsing_binary
1524.680329388537,1.004574,0.0022075474,2353789,eclipsing_binary
1524.6817182903471,1.0022326,0.0022051488,2353789,eclipsing_binary
1524.6831071926238,1.002276,0.0022061104,2353789,eclipsing_binary
1524.6844960948995,1.001012,0.0022053614,2353789,eclipsing_binary
1524.6858849971745,1.0016949,0.0022045793,2353789,eclipsing_binary
1524.687273899451,1.0017564,0.0022041246,2353789,eclipsing_binary
1524.688662801262,1.0000465,0.0022037914,2353789,eclipsing_binary
1524.690051703537,1.0021783,0.0022038403,2353789,eclipsing_binary
1524.691440605812,1.0017698,0.0022059383,2353789,eclipsing_binary
1524.6928295080877,1.0001384,0.0022048657,2353789,eclipsing_binary
1524.6942184103643,1.0021995,0.0022052268,2353789,eclipsing_binary
1524.6956073121744,1.0016568,0.0022053875,2353789,eclipsing_binary
1524.6969962144497,0.99859935,0.0022043772,2353789,eclipsing_binary
1524.6983851167254,1.0058168,0.0022076622,2353789,eclipsing_binary
1524.699774019001,0.9970388,0.0022027316,2353789,eclipsing_binary
1524.7011629208112,1.0015324,0.002204132,2353789,eclipsing_binary
1524.7025518230869,0.9963794,0.0022003404,2353789,eclipsing_binary
1524.7039407253628,1.0003357,0.0022037786,2353789,eclipsing_binary
1524.7053296276388,1.0013108,0.0022069216,2353789,eclipsing_binary
1524.7067185294488,0.9975034,0.0022025905,2353789,eclipsing_binary
1524.708107431725,0.99565935,0.0022042603,2353789,eclipsing_binary
1524.709496334001,0.9989934,0.0022037183,2353789,eclipsing_binary
1524.7108852358103,0.99823546,0.0022009814,2353789,eclipsing_binary
1524.7122741380856,0.9993969,0.00220222,2353789,eclipsing_binary
1524.713663040362,0.999984,0.0022058147,2353789,eclipsing_binary
1524.7150519421727,1.0018921,0.0022041055,2353789,eclipsing_binary
1524.716440844448,1.0001373,0.0022028936,2353789,eclipsing_binary
1524.7178297467228,1.0015948,0.0022051772,2353789,eclipsing_binary
1524.7192186485331,0.9998702,0.0022040573,2353789,eclipsing_binary
1524.7206075508095,0.9962102,0.002200342,2353789,eclipsing_binary
1524.7219964526196,1.0000105,0.0022039223,2353789,eclipsing_binary
1524.7233853548948,0.9985061,0.0022041008,2353789,eclipsing_binary
1524.7247742571706,0.9999982,0.0022033255,2353789,eclipsing_binary
1524.7261631589815,0.9962352,0.0022031625,2353789,eclipsing_binary
1524.7275520612573,0.9987035,0.0022020172,2353789,eclipsing_binary
1524.7289409630673,1.0044388,0.0022064974,2353789,eclipsing_binary
1524.730329865343,1.0034093,0.0022080615,2353789,eclipsing_binary
1524.7317187676183,1.0019865,0.0022057977,2353789,eclipsing_binary
1524.7331076694284,1.0039296,0.002205802,2353789,eclipsing_binary
1524.734496571705,1.0006456,0.0022030757,2353789,eclipsing_binary
1524.735885473515,0.99994993,0.0022031118,2353789,eclipsing_binary
1524.73727437579,0.99765813,0.0022026745,2353789,eclipsing_binary
1524.7386632775995,0.9976213,0.0022037246,2353789,eclipsing_binary
1524.740052179876,1.0007861,0.002206022,2353789,eclipsing_binary
1524.7414410816866,1.001795,0.0022053786,2353789,eclipsing_binary
1524.7428299839619,1.0019901,0.002205424,2353789,eclipsing_binary
1524.744218885772,0.9962007,0.0022019306,2353789,eclipsing_binary
1524.7456077880486,1.001535,0.0022058445,2353789,eclipsing_binary
1524.7469966898586,0.99933296,0.0022036494,2353789,eclipsing_binary
1524.748385592134,1.0024577,0.0022067053,2353789,eclipsing_binary
1524.749774493944,1.0004085,0.0022043095,2353789,eclipsing_binary
1524.751163395754,1.002811,0.002206068,2353789,eclipsing_binary
1524.7525522980297,0.99954796,0.0022031053,2353789,eclipsing_binary
1524.7539411998398,0.99894077,0.00220301,2353789,eclipsing_binary
1524.7553301021155,1.0007799,0.0022038934,2353789,eclipsing_binary
1524.7567190039258,1.0013077,0.002205677,2353789,eclipsing_binary
1524.7581079062008,1.0004481,0.0022047444,2353789,eclipsing_binary
1524.759496808011,1.001811,0.002206505,2353789,eclipsing_binary
1524.7608857098219,0.9992168,0.0022054715,2353789,eclipsing_binary
1524.7622746120976,0.99918115,0.0022038915,2353789,eclipsing_binary
1524.7636635139072,1.00037,0.0022068147,2353789,eclipsing_binary
1524.765052415718,0.9986056,0.0022022882,2353789,eclipsing_binary
1524.7664413179943,1.0034873,0.002205756,2353789,eclipsing_binary
1524.767830219804,1.0033494,0.002205866,2353789,eclipsing_binary
1524.7692191220788,1.0025154,0.002205302,2353789,eclipsing_binary
1524.770608023889,0.99927807,0.002201817,2353789,eclipsing_binary
1524.7719969256998,0.99595964,0.0022009457,2353789,eclipsing_binary
1524.7733858275099,0.99833864,0.002203498,2353789,eclipsing_binary
1524.7747747297851,1.0014094,0.0022065474,2353789,eclipsing_binary
1524.7761636315952,1.0061083,0.0022095246,2353789,eclipsing_binary
1524.7775525334052,1.0006821,0.0022037122,2353789,eclipsing_binary
1524.778941435681,0.99842626,0.0022022931,2353789,eclipsing_binary
1524.7803303374913,0.9985294,0.002204138,2353789,eclipsing_binary
1524.7817192393015,1.0000074,0.0022035493,2353789,eclipsing_binary
1524.7831081411116,0.9990758,0.0022040568,2353789,eclipsing_binary
1524.7844970433873,1.0025722,0.0022059071,2353789,eclipsing_binary
1524.7858859451983,1.0032622,0.0022056315,2353789,eclipsing_binary
1524.7872748470083,0.99974114,0.0022041085,2353789,eclipsing_binary
1524.7886637488175,1.0003036,0.0022040305,2353789,eclipsing_binary
1524.7900526510928,1.0049006,0.002206836,2353789,eclipsing_binary
1524.7914415529037,1.0041262,0.002206984,2353789,eclipsing_binary
1524.7928304547142,1.0012769,0.002204693,2353789,eclipsing_binary
1524.7942193565239,1.0006092,0.0022036575,2353789,eclipsing_binary
1524.7956082583335,1.0001669,0.0022035716,2353789,eclipsing_binary
1524.7969971606092,1.0047742,0.0022061146,2353789,eclipsing_binary
1524.79838606242,1.0054772,0.002207924,2353789,eclipsing_binary
1524.7997749642302,1.0010234,0.002205175,2353789,eclipsing_binary
1524.8011638660394,1.0030482,0.0022079789,2353789,eclipsing_binary
1524.8025527678494,1.004872,0.0022074205,2353789,eclipsing_binary
1524.8039416696604,1.0012674,0.0022041914,2353789,eclipsing_binary
1524.8053305714704,1.0013328,0.002205164,2353789,eclipsing_binary
1524.8067194737462,1.002401,0.0022071756,2353789,eclipsing_binary
1524.8081083755565,0.99948484,0.0022048778,2353789,eclipsing_binary
1524.8094972773658,0.99962527,0.0022072026,2353789,eclipsing_binary
1524.810886179176,1.0046128,0.0022062839,2353789,eclipsing_binary
1524.8122750809869,1.0026364,0.0022061197,2353789,eclipsing_binary
1524.813663982797,1.0002875,0.0022046815,2353789,eclipsing_binary
1524.8150528846065,1.0003904,0.0022051902,2353789,eclipsing_binary
1524.8164417864157,1.0004843,0.0022041635,2353789,eclipsing_binary
1524.8178306882266,1.003436,0.0022058745,2353789,eclipsing_binary
1524.8192195900376,1.0017544,0.0022064617,2353789,eclipsing_binary
1524.8206084918468,1.0023137,0.0022078927,2353789,eclipsing_binary
1524.8219973936564,0.9994096,0.0022046904,2353789,eclipsing_binary
1524.8233862954673,1.0029643,0.0022094268,2353789,eclipsing_binary
1524.8247751972779,1.0029644,0.0022072787,2353789,eclipsing_binary
1524.8261640990875,1.0011711,0.0022052287,2353789,eclipsing_binary
1524.8275530008975,1.0052241,0.0022074797,2353789,eclipsing_binary
1524.8289419027076,1.0012432,0.002209036,2353789,eclipsing_binary
1524.8303308045176,1.001662,0.0022053292,2353789,eclipsing_binary
1524.831719706328,1.0035502,0.0022074657,2353789,eclipsing_binary
1524.8331086081382,1.0042738,0.002207161,2353789,eclipsing_binary
1524.8344975099483,1.0001038,0.0022053095,2353789,eclipsing_binary
1524.8358864117577,0.99972546,0.0022039632,2353789,eclipsing_binary
1524.837275313568,1.0043494,0.0022073647,2353789,eclipsing_binary
1524.8386642153785,1.0031025,0.002206828,2353789,eclipsing_binary
1524.8400531171885,1.0017025,0.0022052368,2353789,eclipsing_binary
1524.8414420189981,1.0061321,0.0022082003,2353789,eclipsing_binary
1524.8428309208082,1.003948,0.002206997,2353789,eclipsing_binary
1524.8442198226192,1.0023881,0.0022054447,2353789,eclipsing_binary
1524.8456087239636,1.0019865,0.002205751,2353789,eclipsing_binary
1524.8469976257732,0.9995885,0.002203287,2353789,eclipsing_binary
1524.8483865275832,1.0050482,0.002209038,2353789,eclipsing_binary
1524.849775429394,1.00282,0.0022070645,2353789,eclipsing_binary
1524.8511643312042,1.0036474,0.0022071744,2353789,eclipsing_binary
1524.8525532330134,1.0019459,0.0022065004,2353789,eclipsing_binary
1524.8539421348235,1.0052074,0.0022078266,2353789,eclipsing_binary
1524.855331036168,1.0025141,0.0022048333,2353789,eclipsing_binary
1524.8567199379784,1.0038053,0.0022071844,2353789,eclipsing_binary
1524.8581088397884,1.0069408,0.002207656,2353789,eclipsing_binary
1524.8594977415985,1.0024745,0.0022060033,2353789,eclipsing_binary
1524.8608866434085,1.0021976,0.0022070734,2353789,eclipsing_binary
1524.862275544753,1.0029391,0.0022060836,2353789,eclipsing_binary
1524.863664446564,1.0013293,0.0022056159,2353789,eclipsing_binary
1524.865053348374,1.003749,0.0022071933,2353789,eclipsing_binary
1524.8664422501836,0.9993989,0.0022044461,2353789,eclipsing_binary
1524.8678311519927,1.0007375,0.002204777,2353789,eclipsing_binary
1524.869220053338,1.0004652,0.0022039106,2353789,eclipsing_binary
1524.870608955149,1.0029231,0.0022057935,2353789,eclipsing_binary
1524.8719978569582,1.0039797,0.002207056,2353789,eclipsing_binary
1524.8733867587678,1.0025511,0.0022096632,2353789,eclipsing_binary
1524.8747756601122,0.9982666,0.0022036633,2353789,eclipsing_binary
1524.8761645619231,1.0023183,0.002206709,2353789,eclipsing_binary
1524.8775534637332,0.99734604,0.0022024715,2353789,eclipsing_binary
1524.878942365077,1.0007504,0.0022036603,2353789,eclipsing_binary
1524.8803312668872,1.0013893,0.002204484,2353789,eclipsing_binary
1524.8817201686977,1.0049086,0.0022081255,2353789,eclipsing_binary
1524.8831090700423,1.00187,0.002204846,2353789,eclipsing_binary
1524.8844979718526,1.0019037,0.0022047772,2353789,eclipsing_binary
1524.8858868736627,1.0033364,0.0022067002,2353789,eclipsing_binary
1524.8872757750062,1.0003765,0.0022045325,2353789,eclipsing_binary
1524.8886646768165,0.9995159,0.0022072408,2353789,eclipsing_binary
1524.8900535786272,1.0004232,0.0022039942,2353789,eclipsing_binary
1524.8914424799716,1.0022948,0.0022058864,2353789,eclipsing_binary
1524.8928313817812,1.005343,0.0022055754,2353789,eclipsing_binary
1524.8942202831252,1.0025083,0.002206741,2353789,eclipsing_binary
1524.8956091849357,1.0014162,0.0022054277,2353789,eclipsing_binary
1524.8969980867466,1.010936,0.0022127759,2353789,eclipsing_binary
1524.8983869880906,1.0091164,0.0022118012,2353789,eclipsing_binary
1524.8997758898997,1.0067555,0.0022109651,2353789,eclipsing_binary
1524.901164791245,1.0045811,0.0022064163,2353789,eclipsing_binary
1524.9025536930558,1.0040656,0.0022072298,2353789,eclipsing_binary
1524.9039425943995,1.0025774,0.00220628,2353789,eclipsing_binary
1524.9053314962096,1.007358,0.0022096504,2353789,eclipsing_binary
1524.9067203975542,1.0020039,0.0022070934,2353789,eclipsing_binary
1524.9081092993645,1.0073488,0.0022092084,2353789,eclipsing_binary
1524.9094982007089,1.0054193,0.002207502,2353789,eclipsing_binary
1524.910887102519,1.0023791,0.002204872,2353789,eclipsing_binary
1524.9122760038633,1.0048106,0.0022081377,2353789,eclipsing_binary
1524.913664905673,1.0066158,0.0022076766,2353789,eclipsing_binary
1524.9150538070173,1.0073367,0.0022083176,2353789,eclipsing_binary
1524.916442708828,1.0046593,0.0022087968,2353789,eclipsing_binary
1524.9178316101727,1.0057906,0.0022089302,2353789,eclipsing_binary
1524.9192205119818,0.99763024,0.002202976,2353789,eclipsing_binary
1524.9206094133265,1.0010954,0.0022058648,2353789,eclipsing_binary
1524.9219983151372,1.0037167,0.0022063195,2353789,eclipsing_binary
1524.9233872164816,1.0039941,0.0022073537,2353789,eclipsing_binary
1524.9247761178256,1.0019,0.0022057297,2353789,eclipsing_binary
1524.9261650196356,1.004765,0.0022085267,2353789,eclipsing_binary
1524.927553920981,0.99992406,0.0022051516,2353789,eclipsing_binary
1524.928942822791,1.0027351,0.0022057479,2353789,eclipsing_binary
1524.9303317241347,1.0043896,0.002207805,2353789,eclipsing_binary
1524.9317206254793,1.0009258,0.002204394,2353789,eclipsing_binary
1524.9331095272894,1.0013376,0.002204933,2353789,eclipsing_binary
1524.9344984286338,1.0076029,0.0022097062,2353789,eclipsing_binary
1524.9358873304438,1.0037636,0.002208914,2353789,eclipsing_binary
1524.9372762317882,1.0053544,0.0022078257,2353789,eclipsing_binary
1524.9386651331326,1.0011692,0.0022060066,2353789,eclipsing_binary
1524.940054034943,1.0015616,0.0022052492,2353789,eclipsing_binary
1524.9414429362876,1.004191,0.0022087207,2353789,eclipsing_binary
1524.942831837632,1.001362,0.0022071102,2353789,eclipsing_binary
1524.9442207389764,1.0050616,0.0022077512,2353789,eclipsing_binary
1524.945609640786,1.0029525,0.00220655,2353789,eclipsing_binary
1524.9469985421308,1.0013477,0.0022060731,2353789,eclipsing_binary
1524.9483874434761,1.0016257,0.0022065046,2353789,eclipsing_binary
1524.9497763452855,1.005192,0.0022086788,2353789,eclipsing_binary
1524.9511652466292,1.0011158,0.002205878,2353789,eclipsing_binary
1524.9525541479736,1.0075994,0.0022113035,2353789,eclipsing_binary
1524.953943049319,1.0013918,0.0022048291,2353789,eclipsing_binary
1524.955331951129,1.0018435,0.0022059954,2353789,eclipsing_binary
1524.956720852473,1.0050188,0.002208627,2353789,eclipsing_binary
1524.9581097538173,1.0041984,0.0022098082,2353789,eclipsing_binary
1524.9594986551626,1.0014083,0.0022060005,2353789,eclipsing_binary
1524.960887556507,1.004198,0.0022072797,2353789,eclipsing_binary
1524.9622764583162,1.0024782,0.002205109,2353789,eclipsing_binary
1524.9636653596608,1.0029274,0.0022069293,2353789,eclipsing_binary
1524.9650542610054,1.001024,0.0022056552,2353789,eclipsing_binary
1524.9664431623498,1.0048387,0.0022066776,2353789,eclipsing_binary
1524.967832063695,1.0061476,0.0022079335,2353789,eclipsing_binary
1524.9692209655052,1.002558,0.0022086704,2353789,eclipsing_binary
1524.9706098668487,1.0059941,0.0022064082,2353789,eclipsing_binary
1524.9719987681926,1.0031878,0.0022069642,2353789,eclipsing_binary
1524.9733876695377,1.0008588,0.0022056988,2353789,eclipsing_binary
1524.9747765708828,1.0050175,0.0022091467,2353789,eclipsing_binary
1524.9761654722267,1.0067734,0.0022099295,2353789,eclipsing_binary
1524.9775543735705,1.0031095,0.0022068205,2353789,eclipsing_binary
1524.9789432749155,1.0013615,0.002205949,2353789,eclipsing_binary
1524.9803321762608,1.0019512,0.002205763,2353789,eclipsing_binary
1524.9817210780702,1.0018127,0.002205652,2353789,eclipsing_binary
1524.983109979414,1.0045285,0.0022087768,2353789,eclipsing_binary
1524.9844988807583,0.9998586,0.002204522,2353789,eclipsing_binary
1524.9858877821036,1.0022786,0.0022066934,2353789,eclipsing_binary
1524.987276683448,1.0042865,0.002207269,2353789,eclipsing_binary
1524.9886655847924,1.0009595,0.0022039262,2353789,eclipsing_binary
1524.9900544861368,1.0037119,0.002206534,2353789,eclipsing_binary
1524.9914433874808,1.0014122,0.0022047942,2353789,eclipsing_binary
1524.9928322888252,1.0023277,0.0022058797,2353789,eclipsing_binary
1524.9942211901705,1.0012627,0.002206741,2353789,eclipsing_binary
1524.995610091515,1.0027411,0.0022063146,2353789,eclipsing_binary
1524.9969989928586,1.0041376,0.0022064303,2353789,eclipsing_binary
1524.9983878942032,1.0067832,0.0022110415,2353789,eclipsing_binary
1524.999776795548,1.0048388,0.0022092746,2353789,eclipsing_binary
1525.0011656968927,1.0075231,0.002209386,2353789,eclipsing_binary
1525.0025545982364,1.0029204,0.002206505,2353789,eclipsing_binary
1525.0039434995804,1.0012014,0.0022034275,2353789,eclipsing_binary
1525.0053324009255,1.004571,0.0022075353,2353789,eclipsing_binary
1525.0067213022705,1.0068434,0.0022100147,2353789,eclipsing_binary
1525.0081102031488,1.0004205,0.0022033954,2353789,eclipsing_binary
1525.0094991044932,0.9997326,0.002203923,2353789,eclipsing_binary
1525.0108880058376,1.0002481,0.0022041753,2353789,eclipsing_binary
1525.012276907182,1.0025914,0.0022057141,2353789,eclipsing_binary
1525.0136658085264,1.000325,0.0022040745,2353789,eclipsing_binary
1525.015054709871,0.99659264,0.002202261,2353789,eclipsing_binary
1525.0164436112157,1.0049883,0.0022074129,2353789,eclipsing_binary
1525.01783251256,1.005952,0.0022091388,2353789,eclipsing_binary
1525.0192214139045,1.0046005,0.0022070918,2353789,eclipsing_binary
1525.0206103147832,1.0058047,0.0022087963,2353789,eclipsing_binary
1525.0219992161276,1.0020603,0.0022052345,2353789,eclipsing_binary
1525.0233881174715,1.0028594,0.0022086788,2353789,eclipsing_binary
1525.024777018816,1.0020916,0.0022054655,2353789,eclipsing_binary
1525.0261659201612,1.0011895,0.002205432,2353789,eclipsing_binary
1525.0275548215056,1.0009801,0.002205469,2353789,eclipsing_binary
1525.0289437223837,1.00204,0.0022080124,2353789,eclipsing_binary
1525.0303326237283,1.0026187,0.0022042335,2353789,eclipsing_binary
1525.0317215250732,1.0001631,0.002204578,2353789,eclipsing_binary
1525.0331104264176,1.0067222,0.0022107132,2353789,eclipsing_binary
1525.0344993272959,1.0037332,0.0022079397,2353789,eclipsing_binary
1525.0358882286403,1.0011519,0.0022042177,2353789,eclipsing_binary
1525.0372771299847,1.0029498,0.0022054575,2353789,eclipsing_binary
1525.0386660313293,1.0053928,0.002207866,2353789,eclipsing_binary
1525.0400549322082,1.0013857,0.002207158,2353789,eclipsing_binary
1525.0414438335526,1.0038329,0.0022071567,2353789,eclipsing_binary
1525.042832734897,0.9995735,0.0022034512,2353789,eclipsing_binary
1525.0442216362414,1.0062088,0.0022104105,2353789,eclipsing_binary
1525.0456105371202,1.004198,0.0022066317,2353789,eclipsing_binary
1525.0469994384646,1.0051337,0.0022073614,2353789,eclipsing_binary
1525.0483883398092,1.0046582,0.002207644,2353789,eclipsing_binary
1525.0497772406873,1.0043427,0.0022079016,2353789,eclipsing_binary
1525.0511661420326,0.99937654,0.0022047414,2353789,eclipsing_binary
1525.0525550433777,1.0026724,0.0022056296,2353789,eclipsing_binary
1525.0539439442557,1.0023903,0.002207675,2353789,eclipsing_binary
1525.0553328455997,1.0004032,0.0022060543,2353789,eclipsing_binary
1525.056721746944,0.99865174,0.002202216,2353789,eclipsing_binary
1525.0581106478235,1.0045726,0.0022086245,2353789,eclipsing_binary
1525.059499549168,0.9999931,0.002202641,2353789,eclipsing_binary
1525.060888450046,1.0000806,0.0022037243,2353789,eclipsing_binary
1525.0622773513905,0.99973744,0.0022046107,2353789,eclipsing_binary
1525.0636662527356,0.9979707,0.0022013932,2353789,eclipsing_binary
1525.0650551536144,0.99673957,0.0022029136,2353789,eclipsing_binary
1525.0664440549583,1.0063947,0.0022094941,2353789,eclipsing_binary
1525.067832955837,1.0013936,0.0022050422,2353789,eclipsing_binary
1525.0692218571814,1.0014918,0.0022056683,2353789,eclipsing_binary
1525.0706107580602,0.9998281,0.0022033304,2353789,eclipsing_binary
1525.0719996594055,1.0010394,0.0022048168,2353789,eclipsing_binary
1525.0733885602842,0.99881214,0.0022026426,2353789,eclipsing_binary
1525.0747774616282,0.99754304,0.0022025453,2353789,eclipsing_binary
1525.076166362972,1.002301,0.0022069039,2353789,eclipsing_binary
1525.0775552638513,0.9994954,0.0022041728,2353789,eclipsing_binary
1525.0789441651966,0.9984896,0.0022018377,2353789,eclipsing_binary
1525.0803330660744,1.0023348,0.0022055279,2353789,eclipsing_binary
1525.0817219674184,0.9999245,0.0022041854,2353789,eclipsing_binary
1525.083110868298,0.99906397,0.0022022636,2353789,eclipsing_binary
1525.0844997691772,0.99863845,0.0022028233,2353789,eclipsing_binary
1525.0858886705212,0.99756944,0.002203327,2353789,eclipsing_binary
1525.0872775713995,0.99958175,0.0022064545,2353789,eclipsing_binary
1525.0886664727439,1.0024924,0.002205775,2353789,eclipsing_binary
1525.0900553736233,0.9978281,0.0022032242,2353789,eclipsing_binary
1525.091444274968,0.99920547,0.0022038098,2353789,eclipsing_binary
1525.0928331758466,0.99992007,0.0022042955,2353789,eclipsing_binary
1525.0942220767254,0.9980062,0.0022030368,2353789,eclipsing_binary
1525.095610978069,1.0020663,0.0022045695,2353789,eclipsing_binary
1525.096999878948,0.99884254,0.002202684,2353789,eclipsing_binary
1525.098388780293,1.0010535,0.0022040673,2353789,eclipsing_binary
1525.0997776811719,0.9987384,0.002203268,2353789,eclipsing_binary
1525.10116658205,0.998522,0.0022044347,2353789,eclipsing_binary
1525.1025554833943,1.0065122,0.0022092974,2353789,eclipsing_binary
1525.103944384274,1.0033492,0.0022050536,2353789,eclipsing_binary
1525.1053332851527,1.0007833,0.0022044212,2353789,eclipsing_binary
1525.1067221864967,0.9986272,0.0022039877,2353789,eclipsing_binary
1525.1081110873745,0.99676675,0.0022030922,2353789,eclipsing_binary
1525.1094999882541,1.0028764,0.0022046813,2353789,eclipsing_binary
1525.1108888895994,1.0033344,0.002206007,2353789,eclipsing_binary
1525.1122777904773,1.0018547,0.0022055015,2353789,eclipsing_binary
1525.1136666913562,0.9989248,0.0022041714,2353789,eclipsing_binary
1525.1150555927009,0.9979769,0.0022019867,2353789,eclipsing_binary
1525.1164444935796,0.9994475,0.0022036573,2353789,eclipsing_binary
1525.1178333944583,0.99628747,0.0022010456,2353789,eclipsing_binary
1525.119222295337,0.998368,0.0022029693,2353789,eclipsing_binary
1525.1206111966815,0.99962753,0.0022035055,2353789,eclipsing_binary
1525.1220000975602,0.99756896,0.002204649,2353789,eclipsing_binary
1525.1233889984392,0.9996218,0.0022032405,2353789,eclipsing_binary
1525.1247778993181,1.0031813,0.0022058375,2353789,eclipsing_binary
1525.1261668006625,0.99883646,0.0022030463,2353789,eclipsing_binary
1525.1275557015404,1.001351,0.0022037602,2353789,eclipsing_binary
1525.1289446024193,1.0000209,0.0022055157,2353789,eclipsing_binary
1525.1303335032987,1.0012857,0.0022053013,2353789,eclipsing_binary
1525.1317224041775,0.9996635,0.0022059747,2353789,eclipsing_binary
1525.1331113050558,1.0001901,0.0022041698,2353789,eclipsing_binary
1525.1345002064002,0.9945861,0.002200489,2353789,eclipsing_binary
1525.1358891072798,0.99583334,0.002201214,2353789,eclipsing_binary
1525.1372780081585,0.9980055,0.0022030596,2353789,eclipsing_binary
1525.1386669090368,0.9985057,0.002202483,2353789,eclipsing_binary
1525.1400558099156,0.99919313,0.0022023066,2353789,eclipsing_binary
1525.1414447107948,0.99695164,0.0022017278,2353789,eclipsing_binary
1525.1428336116737,1.0007584,0.0022040952,2353789,eclipsing_binary
1525.1442225130174,0.99837124,0.00220154,2353789,eclipsing_binary
1525.1456114138962,0.99885863,0.0022026757,2353789,eclipsing_binary
1525.1470003147751,0.9948118,0.0021992384,2353789,eclipsing_binary
1525.148389215654,0.9974973,0.0022017534,2353789,eclipsing_binary
1525.1497781165328,1.0025674,0.002205435,2353789,eclipsing_binary
1525.1511670174116,0.9967233,0.0022012955,2353789,eclipsing_binary
1525.1525559182903,0.99824977,0.0022026321,2353789,eclipsing_binary
1525.1539448191686,0.9963395,0.0022003416,2353789,eclipsing_binary
1525.1553337200473,0.9949278,0.0021990936,2353789,eclipsing_binary
1525.1567226209268,0.99173343,0.0022000861,2353789,eclipsing_binary
1525.1581115218057,0.99956155,0.0022027853,2353789,eclipsing_binary
1525.1595004226835,1.0018089,0.0022054142,2353789,eclipsing_binary
1525.1608893235632,1.0001063,0.0022014657,2353789,eclipsing_binary
1525.1622782244428,1.0010502,0.002204599,2353789,eclipsing_binary
1525.1636671253207,0.99860656,0.002203001,2353789,eclipsing_binary
1525.165056026199,0.9984186,0.0022041148,2353789,eclipsing_binary
1525.1664449270777,0.99987674,0.0022030743,2353789,eclipsing_binary
1525.1678338279573,1.0002921,0.0022045735,2353789,eclipsing_binary
1525.169222728836,1.00056,0.002206508,2353789,eclipsing_binary
1525.1706116297141,0.9998295,0.0022022314,2353789,eclipsing_binary
1525.172000530593,1.0017004,0.0022039812,2353789,eclipsing_binary
1525.1733894314718,0.99874955,0.002202607,2353789,eclipsing_binary
1525.1747783323506,1.00083,0.0022042166,2353789,eclipsing_binary
1525.1761672332293,0.9964326,0.0022021953,2353789,eclipsing_binary
1525.177556134108,1.0038586,0.00220716,2353789,eclipsing_binary
1525.1789450349868,0.9968105,0.0022024005,2353789,eclipsing_binary
1525.1803339354,1.0024433,0.0022063884,2353789,eclipsing_binary
1525.1817228362795,1.0025533,0.0022057276,2353789,eclipsing_binary
1525.1831117371582,0.9996775,0.002203027,2353789,eclipsing_binary
1525.1845006380365,0.99776345,0.002202403,2353789,eclipsing_binary
1525.1858895389148,0.99321955,0.0022007623,2353789,eclipsing_binary
1525.187278439794,1.0010571,0.0022047726,2353789,eclipsing_binary
1525.1886673406736,0.99532175,0.002200981,2353789,eclipsing_binary
1525.190056241086,1.0018134,0.0022054568,2353789,eclipsing_binary
1525.191445141964,1.0023148,0.002205734,2353789,eclipsing_binary
1525.1928340428428,0.9964638,0.0022010414,2353789,eclipsing_binary
1525.1942229437225,0.9946078,0.0021998056,2353789,eclipsing_binary
1525.1956118446012,0.9991595,0.0022023187,2353789,eclipsing_binary
1525.1970007450138,0.996743,0.0022032144,2353789,eclipsing_binary
1525.1983896458926,0.9980926,0.0022032831,2353789,eclipsing_binary
1525.1997785467722,0.99392205,0.0021990964,2353789,eclipsing_binary
1525.201167447651,0.99645627,0.0022005576,2353789,eclipsing_binary
1525.202556348064,0.99686307,0.0022014065,2353789,eclipsing_binary
1525.2039452489428,0.9980843,0.002202217,2353789,eclipsing_binary
1525.205334149821,0.99521446,0.0021997136,2353789,eclipsing_binary
1525.2067230506998,0.9996939,0.0022044394,2353789,eclipsing_binary
1525.2081119511136,0.99511445,0.0022005497,2353789,eclipsing_binary
1525.2095008519925,0.9997507,0.0022019027,2353789,eclipsing_binary
1525.2108897528703,0.99682933,0.0022024286,2353789,eclipsing_binary
1525.212278653283,0.99791735,0.0022028482,2353789,eclipsing_binary
1525.2136675541624,0.9951603,0.0022010482,2353789,eclipsing_binary
1525.2150564550418,0.99396515,0.002200656,2353789,eclipsing_binary
1525.21644535592,0.99604875,0.0022011863,2353789,eclipsing_binary
1525.2178342563325,0.99548334,0.002200835,2353789,eclipsing_binary
1525.219223157212,0.99767876,0.0022022023,2353789,eclipsing_binary
1525.2206120576259,0.99796134,0.002201617,2353789,eclipsing_binary
1525.222000958504,0.99162287,0.0021988521,2353789,eclipsing_binary
1525.223389859383,0.9941079,0.0022029513,2353789,eclipsing_binary
1525.224778759796,0.99911386,0.0022031034,2353789,eclipsing_binary
1525.2261676606747,0.99867404,0.002202572,2353789,eclipsing_binary
1525.2275565615535,0.99584436,0.0022008908,2353789,eclipsing_binary
1525.2289454619665,0.9967855,0.0022022582,2353789,eclipsing_binary
1525.2303343628453,1.0005105,0.00220534,2353789,eclipsing_binary
1525.231723263258,1.0046858,0.0022084385,2353789,eclipsing_binary
1525.2331121641366,0.9971739,0.0022028924,2353789,eclipsing_binary
1525.2345010645506,1.0010053,0.0022052387,2353789,eclipsing_binary
1525.2358899654294,0.99790144,0.0022032685,2353789,eclipsing_binary
1525.2372788663074,0.9971183,0.002202573,2353789,eclipsing_binary
1525.2386677667207,0.99853903,0.0022022561,2353789,eclipsing_binary
1525.2400566676,0.99669653,0.0022025187,2353789,eclipsing_binary
1525.2414455680132,0.99967676,0.0022044494,2353789,eclipsing_binary
1525.2428344688913,0.99868864,0.00220259,2353789,eclipsing_binary
1525.2442233693043,0.996238,0.0022005183,2353789,eclipsing_binary
1525.245612270184,1.0007968,0.0022038957,2353789,eclipsing_binary
1525.247001170597,0.99833447,0.0022032505,2353789,eclipsing_binary
1525.2483900714753,1.0021302,0.0022060478,2353789,eclipsing_binary
1525.2497789718884,1.0027419,0.0022053465,2353789,eclipsing_binary
1525.2511678727672,1.0004699,0.0022050794,2353789,eclipsing_binary
1525.2525567731802,0.9982765,0.0022024924,2353789,eclipsing_binary
1525.2539456735933,0.9984866,0.0022023187,2353789,eclipsing_binary
1525.2553345744723,0.99881643,0.0022032342,2353789,eclipsing_binary
1525.2567234748856,0.99859047,0.002203831,2353789,eclipsing_binary
1525.2581123757643,0.99615365,0.0022041597,2353789,eclipsing_binary
1525.2595012761774,0.9999828,0.0022050748,2353789,eclipsing_binary
1525.2608901765905,0.9990626,0.0022010703,2353789,eclipsing_binary
1525.2622790774692,0.9995742,0.0022057453,2353789,eclipsing_binary
1525.2636679778818,0.99996257,0.002204421,2353789,eclipsing_binary
1525.2650568787612,0.9952618,0.0022005658,2353789,eclipsing_binary
1525.266445779175,0.99578464,0.0022001013,2353789,eclipsing_binary
1525.2678346795876,0.99593055,0.0022010163,2353789,eclipsing_binary
1525.2692235804657,0.9955107,0.0022025928,2353789,eclipsing_binary
1525.270612480879,0.9973475,0.002201576,2353789,eclipsing_binary
1525.2720013812925,0.9982792,0.0022055334,2353789,eclipsing_binary
1525.2733902821712,0.9941988,0.0022008633,2353789,eclipsing_binary
1525.2747791825839,0.9963983,0.0022020584,2353789,eclipsing_binary
1525.276168082997,0.9966683,0.0022018603,2353789,eclipsing_binary
1525.2775569838766,0.99277043,0.0022016224,2353789,eclipsing_binary
1525.2789458842897,0.99528503,0.0021999888,2353789,eclipsing_binary
1525.2803347847023,0.99666786,0.0022010822,2353789,eclipsing_binary
1525.2817236851154,0.99523664,0.0021994892,2353789,eclipsing_binary
1525.283112585994,0.9985829,0.0022030643,2353789,eclipsing_binary
1525.2845014864072,0.9995424,0.00220411,2353789,eclipsing_binary
1525.2858903868203,0.9951425,0.0022004896,2353789,eclipsing_binary
1525.2872792872333,0.99942046,0.0022038678,2353789,eclipsing_binary
1525.2886681881123,0.9968562,0.0022018475,2353789,eclipsing_binary
1525.2900570885247,0.99926436,0.0022041518,2353789,eclipsing_binary
1525.2914459889387,1.0003376,0.0022042172,2353789,eclipsing_binary
1525.2928348893524,0.99971837,0.0022044003,2353789,eclipsing_binary
1525.2942237902305,1.0001594,0.002204587,2353789,eclipsing_binary
1525.295612690643,0.9999457,0.0022040317,2353789,eclipsing_binary
1525.2970015910569,0.9952714,0.0022026522,2353789,eclipsing_binary
1525.2983904914706,0.9955109,0.002200848,2353789,eclipsing_binary
1525.2997793918832,1.0005,0.002205387,2353789,eclipsing_binary
1525.3011682922954,0.99915624,0.0022037497,2353789,eclipsing_binary
1525.3025571931744,0.9943892,0.0021991653,2353789,eclipsing_binary
1525.3039460935881,0.9969039,0.0022002512,2353789,eclipsing_binary
1525.3053349940012,1.0000346,0.0022047672,2353789,eclipsing_binary
1525.3067238944138,0.99743545,0.0022009748,2353789,eclipsing_binary
1525.308112794827,0.9988254,0.0022037765,2353789,eclipsing_binary
1525.30950169524,1.0001271,0.00220443,2353789,eclipsing_binary
1525.310890595653,0.99749595,0.0022028522,2353789,eclipsing_binary
1525.312279496067,0.99890417,0.0022032305,2353789,eclipsing_binary
1525.3136683964801,0.9990195,0.0022032799,2353789,eclipsing_binary
1525.3150572968927,0.9964301,0.0022009986,2353789,eclipsing_binary
1525.3164461977715,0.9946335,0.0021993127,2353789,eclipsing_binary
1525.3178350981855,0.99979055,0.002203089,2353789,eclipsing_binary
1525.3192239985985,0.9988113,0.0022014377,2353789,eclipsing_binary
1525.3206128990107,0.99294096,0.0021991602,2353789,eclipsing_binary
1525.3220017994233,0.9991663,0.0022048373,2353789,eclipsing_binary
1525.3233906998373,0.99946195,0.0022053535,2353789,eclipsing_binary
1525.3247796002508,0.9959563,0.0022003877,2353789,eclipsing_binary
1525.3261685006635,0.99581826,0.0022005604,2353789,eclipsing_binary
1525.327557401076,0.999022,0.0022054939,2353789,eclipsing_binary
1525.3289463014892,0.99485165,0.0022008698,2353789,eclipsing_binary
1525.330335201903,0.99769014,0.0022054315,2353789,eclipsing_binary
1525.3317241023162,0.99198717,0.0021989532,2353789,eclipsing_binary
1525.3331130027293,0.998203,0.0022032643,2353789,eclipsing_binary
1525.3345019031424,0.9980198,0.0022037844,2353789,eclipsing_binary
1525.3358908030898,0.99854696,0.0022009332,2353789,eclipsing_binary
1525.3372797035029,0.99706,0.0022037686,2353789,eclipsing_binary
1525.338668603916,0.99721295,0.002202247,2353789,eclipsing_binary
1525.3400575043293,0.9985339,0.002202954,2353789,eclipsing_binary
1525.3414464047416,0.99461514,0.002199495,2353789,eclipsing_binary
1525.3428353051547,0.997908,0.0022025164,2353789,eclipsing_binary
1525.3442242055687,0.99469566,0.0021994156,2353789,eclipsing_binary
1525.3456131059818,0.9958749,0.0022013257,2353789,eclipsing_binary
1525.3470020063944,1.0017508,0.0022059295,2353789,eclipsing_binary
1525.3483909068066,0.99752736,0.0022020042,2353789,eclipsing_binary
1525.349779806755,0.9994572,0.0022026226,2353789,eclipsing_binary
1525.3511687071689,0.99598366,0.00220055,2353789,eclipsing_binary
1525.352557607581,1.0032271,0.0022062054,2353789,eclipsing_binary
1525.3539465079944,0.99567384,0.0022009641,2353789,eclipsing_binary
1525.355335408408,0.9947293,0.0022004393,2353789,eclipsing_binary
1525.3567243088212,1.0017672,0.0022054631,2353789,eclipsing_binary
1525.3581132087681,1.0007346,0.0022041004,2353789,eclipsing_binary
1525.3595021091812,0.99827015,0.002202579,2353789,eclipsing_binary
1525.3608910095943,1.0012633,0.002206333,2353789,eclipsing_binary
1525.3622799100074,0.9992608,0.0022050128,2353789,eclipsing_binary
1525.3636688104207,1.0031283,0.0022069537,2353789,eclipsing_binary
1525.3650577103683,1.0023072,0.0022043395,2353789,eclipsing_binary
1525.3664466107814,1.0026028,0.0022056894,2353789,eclipsing_binary
1525.3678355111936,0.99949735,0.0022040466,2353789,eclipsing_binary
1525.3692244116069,0.99997455,0.0022046282,2353789,eclipsing_binary
1525.370613311555,0.9984422,0.0022034966,2353789,eclipsing_binary
1525.372002211968,0.9999917,0.0022026242,2353789,eclipsing_binary
1525.3733911123807,1.0033681,0.0022054445,2353789,eclipsing_binary
1525.374780012328,1.0013297,0.00220534,2353789,eclipsing_binary
1525.376168912742,0.99809164,0.002202885,2353789,eclipsing_binary
1525.3775578131551,1.0041943,0.0022066361,2353789,eclipsing_binary
1525.378946713102,1.0021727,0.0022051784,2353789,eclipsing_binary
1525.3803356135152,1.0012434,0.0022062843,2353789,eclipsing_binary
1525.381724513929,0.99834126,0.0022043816,2353789,eclipsing_binary
1525.3831134138766,1.0044597,0.0022071018,2353789,eclipsing_binary
1525.3845023142887,0.9995255,0.002203505,2353789,eclipsing_binary
1525.3858912147018,1.0038928,0.0022067565,2353789,eclipsing_binary
1525.3872801146495,0.9988133,0.0022036529,2353789,eclipsing_binary
1525.3886690150628,0.99500436,0.0022011565,2353789,eclipsing_binary
1525.3900579154758,1.001429,0.0022051975,2353789,eclipsing_binary
1525.3914468154233,1.0013031,0.0022051083,2353789,eclipsing_binary
1525.3928357158363,1.0041409,0.0022066683,2353789,eclipsing_binary
1525.3942246157837,0.9976129,0.0022017786,2353789,eclipsing_binary
1525.3956135161968,1.0010291,0.0022041327,2353789,eclipsing_binary
1525.3970024161445,1.002488,0.0022079377,2353789,eclipsing_binary
1525.3983913165578,0.9986553,0.0022055572,2353789,eclipsing_binary
1525.39978021697,0.99898654,0.0022035216,2353789,eclipsing_binary
1525.4011691169183,0.9963395,0.0022020019,2353789,eclipsing_binary
1525.4025580173322,1.0029937,0.0022057085,2353789,eclipsing_binary
1525.4039469172787,0.9970699,0.0022022764,2353789,eclipsing_binary
1525.4053358176914,1.0028484,0.0022062245,2353789,eclipsing_binary
1525.4067247176388,0.9966477,0.0022013069,2353789,eclipsing_binary
1525.4081136180528,0.999425,0.0022042936,2353789,eclipsing_binary
1525.4095025180002,0.9997311,0.0022050382,2353789,eclipsing_binary
1525.4108914184126,0.99742115,0.0022018496,2353789,eclipsing_binary
1525.4122803183602,0.9954806,0.0022012086,2353789,eclipsing_binary
1525.4136692187737,0.9992331,0.0022032533,2353789,eclipsing_binary
1525.4150581187214,1.0001593,0.002205158,2353789,eclipsing_binary
1525.4164470191338,1.0018563,0.0022045164,2353789,eclipsing_binary
1525.4178359190812,0.9951806,0.0022023765,2353789,eclipsing_binary
1525.4192248190286,1.0010328,0.0022056974,2353789,eclipsing_binary
1525.420613719442,0.99765974,0.0022019683,2353789,eclipsing_binary
1525.4220026193896,1.0013624,0.0022048177,2353789,eclipsing_binary
1525.4233915198026,0.99942017,0.0022038326,2353789,eclipsing_binary
1525.42478041975,0.9960196,0.002200733,2353789,eclipsing_binary
1525.426169319697,1.0007092,0.0022061905,2353789,eclipsing_binary
1525.4275582201105,1.004147,0.002205814,2353789,eclipsing_binary
1525.4289471200589,1.0001749,0.002204685,2353789,eclipsing_binary
1525.4303360204715,0.99852455,0.0022047216,2353789,eclipsing_binary
1525.431724920418,1.0035582,0.0022067702,2353789,eclipsing_binary
1525.4331138203663,0.9970555,0.0022033646,2353789,eclipsing_binary
1525.43450272078,0.99983156,0.0022032459,2353789,eclipsing_binary
1525.4358916207268,1.0042206,0.0022071518,2353789,eclipsing_binary
1525.4372805206738,0.99838233,0.0022055372,2353789,eclipsing_binary
1525.4386694206212,1.0004162,0.0022037155,2353789,eclipsing_binary
1525.4400583210352,0.99979204,0.0022044054,2353789,eclipsing_binary
1525.4414472209826,0.99833,0.0022049155,2353789,eclipsing_binary
1525.442836120929,0.9983113,0.0022046992,2353789,eclipsing_binary
1525.4442250213424,1.0011963,0.0022046277,2353789,eclipsing_binary
1525.44561392129,0.99815685,0.0022027867,2353789,eclipsing_binary
1525.4470028212374,0.9951302,0.0022006328,2353789,eclipsing_binary
1525.4483917211855,1.0042557,0.00220722,2353789,eclipsing_binary
1525.4497806215988,0.99982876,0.0022040603,2353789,eclipsing_binary
1525.4511695215454,0.9979121,0.0022035993,2353789,eclipsing_binary
1525.452558421493,1.0040722,0.0022074124,2353789,eclipsing_binary
1525.453947321441,1.003016,0.0022083784,2353789,eclipsing_binary
1525.4553362218542,1.0012984,0.0022051195,2353789,eclipsing_binary
1525.4567251218011,0.9990422,0.0022038987,2353789,eclipsing_binary
1525.4581140217479,1.0007046,0.002205066,2353789,eclipsing_binary
1525.459502921696,0.99696386,0.0022015555,2353789,eclipsing_binary
1525.4608918216443,1.00213,0.0022079207,2353789,eclipsing_binary
1525.462280721591,1.0011907,0.0022054103,2353789,eclipsing_binary
1525.4636696220034,1.0027285,0.0022083085,2353789,eclipsing_binary
1525.4650585219508,1.002405,0.002205406,2353789,eclipsing_binary
1525.4664474218991,0.9993983,0.002203597,2353789,eclipsing_binary
1525.4678363218466,0.9957928,0.0022025076,2353789,eclipsing_binary
1525.469225221794,0.9977833,0.0022040221,2353789,eclipsing_binary
1525.4706141217414,0.9986271,0.0022028317,2353789,eclipsing_binary
1525.472003021689,0.9992772,0.0022044762,2353789,eclipsing_binary
1525.4733919216367,1.0007169,0.0022047998,2353789,eclipsing_binary
1525.4747808220498,0.9956385,0.002203057,2353789,eclipsing_binary
1525.4761697219972,1.0007324,0.0022064701,2353789,eclipsing_binary
1525.4775586219441,1.0006778,0.0022047986,2353789,eclipsing_binary
1525.4789475218915,1.0045799,0.0022080706,2353789,eclipsing_binary
1525.4803364218394,0.99970716,0.002203128,2353789,eclipsing_binary
1525.481725321787,1.0018951,0.002204325,2353789,eclipsing_binary
1525.4831142217338,0.9992656,0.0022040016,2353789,eclipsing_binary
1525.4845031216807,1.0004752,0.0022047923,2353789,eclipsing_binary
1525.4858920216288,0.9997325,0.0022054166,2353789,eclipsing_binary
1525.487280921577,0.99921817,0.0022066399,2353789,eclipsing_binary
1525.488669821524,1.0003194,0.0022043453,2353789,eclipsing_binary
1525.4900587214704,0.9994001,0.002203793,2353789,eclipsing_binary
1525.4914476214187,0.9975678,0.00220331,2353789,eclipsing_binary
1525.492836521367,1.0042943,0.0022060734,2353789,eclipsing_binary
1525.4942254213136,1.0011835,0.0022039327,2353789,eclipsing_binary
1525.4956143212612,1.0002854,0.002205526,2353789,eclipsing_binary
1525.4970032212088,1.0024693,0.0022063926,2353789,eclipsing_binary
1525.4983921211563,0.9999106,0.0022049446,2353789,eclipsing_binary
1525.4997810211037,1.0004002,0.0022048738,2353789,eclipsing_binary
1525.501169921051,0.99724954,0.0022018552,2353789,eclipsing_binary
1525.5025588205328,0.9973395,0.0022024373,2353789,eclipsing_binary
1525.5039477204798,1.0005314,0.0022046815,2353789,eclipsing_binary
1525.5053366204272,1.001909,0.0022069009,2353789,eclipsing_binary
1525.5067255203755,1.001535,0.0022042347,2353789,eclipsing_binary
1525.508114420323,1.0001568,0.0022058063,2353789,eclipsing_binary
1525.5095033202697,1.0018214,0.0022060734,2353789,eclipsing_binary
1525.5108922202173,0.9999778,0.0022034408,2353789,eclipsing_binary
1525.5122811201652,0.99909955,0.002203743,2353789,eclipsing_binary
1525.513670019647,0.99905324,0.0022040708,2353789,eclipsing_binary
1525.515058919594,0.99723476,0.002200938,2353789,eclipsing_binary
1525.5164478195413,1.0025012,0.0022071248,2353789,eclipsing_binary
1525.5178367194897,0.9986514,0.0022023653,2353789,eclipsing_binary
1525.519225619437,0.99720937,0.00220224,2353789,eclipsing_binary
1525.520614519384,1.0004104,0.0022041453,2353789,eclipsing_binary
1525.5220034188658,1.0026218,0.0022059889,2353789,eclipsing_binary
1525.5233923188132,1.00243,0.0022053479,2353789,eclipsing_binary
1525.5247812187606,0.99846023,0.0022043975,2353789,eclipsing_binary
1525.526170118708,0.9930874,0.0021996899,2353789,eclipsing_binary
1525.5275590181898,0.99905926,0.0022041237,2353789,eclipsing_binary
1525.5289479181374,0.99792427,0.0022033083,2353789,eclipsing_binary
1525.530336818085,0.9982428,0.0022030973,2353789,eclipsing_binary
1525.5317257180325,0.9979099,0.0022027884,2353789,eclipsing_binary
1525.5331146175142,1.0005007,0.0022037812,2353789,eclipsing_binary
1525.5345035174616,0.99607414,0.002201908,2353789,eclipsing_binary
1525.5358924174086,1.0010049,0.0022062776,2353789,eclipsing_binary
1525.5372813168904,0.9991538,0.0022038464,2353789,eclipsing_binary
1525.5386702168385,1.0048243,0.0022079893,2353789,eclipsing_binary
1525.540059116786,0.99970365,0.0022037413,2353789,eclipsing_binary
1525.5414480167326,1.0001101,0.0022046047,2353789,eclipsing_binary
1525.5428369162146,0.9998465,0.0022046212,2353789,eclipsing_binary
1525.5442258161627,0.9974594,0.002201621,2353789,eclipsing_binary
1525.5456147156444,0.9973902,0.002201384,2353789,eclipsing_binary
1525.5470036155914,0.99569803,0.0022019732,2353789,eclipsing_binary
1525.5483925155388,0.9964459,0.002202366,2353789,eclipsing_binary
1525.5497814150215,0.99981475,0.0022044415,2353789,eclipsing_binary
1525.5511703149689,0.9968032,0.0022007057,2353789,eclipsing_binary
1525.5525592149156,0.99578947,0.0022001814,2353789,eclipsing_binary
1525.5539481143976,1.0029378,0.0022069267,2353789,eclipsing_binary
1525.555337014345,0.9998036,0.002203799,2353789,eclipsing_binary
1525.5567259138268,0.99673694,0.002203957,2353789,eclipsing_binary
1525.5581148137742,0.99983287,0.0022032259,2353789,eclipsing_binary
1525.559503713256,0.99748206,0.002201413,2353789,eclipsing_binary
1525.5608926132034,1.00025,0.0022034214,2353789,eclipsing_binary
1525.5622815131503,0.9995914,0.0022029688,2353789,eclipsing_binary
1525.563670412633,0.9987328,0.002204711,2353789,eclipsing_binary
1525.5650593125808,0.99851507,0.0022043218,2353789,eclipsing_binary
1525.5664482120621,0.9959987,0.0022025679,2353789,eclipsing_binary
1525.567837112009,0.9981111,0.0022026463,2353789,eclipsing_binary
1525.5692260114913,1.0006961,0.0022046503,2353789,eclipsing_binary
1525.5706149114396,1.000591,0.0022053234,2353789,eclipsing_binary
1525.572003810921,0.99565315,0.0022006892,2353789,eclipsing_binary
1525.5733927108674,0.99979174,0.0022036596,2353789,eclipsing_binary
1525.5747816103492,1.0010926,0.002204169,2353789,eclipsing_binary
1525.5761705098319,0.9999831,0.0022035176,2353789,eclipsing_binary
1525.5775594097793,0.9977202,0.0022032415,2353789,eclipsing_binary
1525.5789483092606,0.9986526,0.0022029502,2353789,eclipsing_binary
1525.580337209208,1.0009879,0.0022036186,2353789,eclipsing_binary
1525.5817261086897,1.0001211,0.0022039171,2353789,eclipsing_binary
1525.5831150086372,0.997831,0.0022024447,2353789,eclipsing_binary
1525.584503908119,1.0009813,0.0022040706,2353789,eclipsing_binary
1525.5858928076009,1.0012912,0.0022047947,2353789,eclipsing_binary
1525.5872817075485,1.001399,0.0022050277,2353789,eclipsing_binary
1525.5886706070303,0.99933076,0.0022033849,2353789,eclipsing_binary
1525.5900595069784,0.99923795,0.0022038457,2353789,eclipsing_binary
1525.5914484064604,1.0011015,0.002203794,2353789,eclipsing_binary
1525.5928373059412,1.0017892,0.0022054715,2353789,eclipsing_binary
1525.5942262058882,0.99903053,0.0022037872,2353789,eclipsing_binary
1525.5956151053708,1.0031745,0.0022061223,2353789,eclipsing_binary
1525.597004004853,1.0014176,0.0022064475,2353789,eclipsing_binary
1525.5983929048,1.0028782,0.002206471,2353789,eclipsing_binary
1525.599781804281,1.0009067,0.0022049886,2353789,eclipsing_binary
1525.601170703763,1.000335,0.0022051556,2353789,eclipsing_binary
1525.6025596032453,0.9966024,0.0022016808,2353789,eclipsing_binary
1525.603948503193,0.9987152,0.0022030147,2353789,eclipsing_binary
1525.605337402674,0.99996907,0.0022034897,2353789,eclipsing_binary
1525.6067263021557,1.0008156,0.0022047274,2353789,eclipsing_binary
1525.608115202104,0.99617004,0.0021998954,2353789,eclipsing_binary
1525.6095041015858,0.9996394,0.0022033516,2353789,eclipsing_binary
1525.6108930010676,1.0002837,0.002203091,2353789,eclipsing_binary
1525.6122819005493,0.9973597,0.0022027825,2353789,eclipsing_binary
1525.6136708000306,0.9963899,0.002201895,2353789,eclipsing_binary
1525.615059699978,0.99588865,0.0022009648,2353789,eclipsing_binary
1525.6164485994607,0.9996937,0.0022040831,2353789,eclipsing_binary
1525.6178374989424,0.99374676,0.002199519,2353789,eclipsing_binary
1525.6192263984237,1.0003219,0.0022046182,2353789,eclipsing_binary
1525.6206152979046,0.99651396,0.002202009,2353789,eclipsing_binary
1525.622004197853,0.9995103,0.0022039758,2353789,eclipsing_binary
1525.6233930973356,0.99741304,0.0022026135,2353789,eclipsing_binary
1525.6247819968164,0.99819875,0.0022020896,2353789,eclipsing_binary
1525.6261708962977,0.9937543,0.0021994596,2353789,eclipsing_binary
1525.6275597957801,0.9989731,0.002202683,2353789,eclipsing_binary
1525.6289486952626,0.997256,0.0022023155,2353789,eclipsing_binary
1525.6303375947439,0.9971898,0.002202536,2353789,eclipsing_binary
1525.6317264946904,0.99718297,0.0022025015,2353789,eclipsing_binary
1525.6331153941724,1.0013776,0.0022060664,2353789,eclipsing_binary
1525.6345042936548,1.0001885,0.0022049246,2353789,eclipsing_binary
1525.6358931931366,1.0004249,0.0022042568,2353789,eclipsing_binary
1525.6372820926185,0.99633723,0.0022007057,2353789,eclipsing_binary
1525.6386709921005,0.9966325,0.0022009804,2353789,eclipsing_binary
1525.6400598915814,0.9995116,0.0022029793,2353789,eclipsing_binary
1525.6414487910633,0.9989109,0.0022051204,2353789,eclipsing_binary
1525.6428376905458,1.0016681,0.00220456,2353789,eclipsing_binary
1525.6442265900275,0.99634594,0.0022029274,2353789,eclipsing_binary
1525.6456154895088,1.0011088,0.002204788,2353789,eclipsing_binary
1525.6470043889906,0.9997892,0.0022057847,2353789,eclipsing_binary
1525.6483932884732,0.9957962,0.002202203,2353789,eclipsing_binary
1525.649782187955,1.0018435,0.0022046086,2353789,eclipsing_binary
1525.651171087436,0.9999677,0.0022050317,2353789,eclipsing_binary
1525.6525599869171,1.0031091,0.0022055607,2353789,eclipsing_binary
1525.6539488863998,1.0001565,0.002206688,2353789,eclipsing_binary
1525.6553377858822,0.99916685,0.0022027194,2353789,eclipsing_binary
1525.6567266853633,0.99696314,0.002201509,2353789,eclipsing_binary
1525.6581155848446,0.9983712,0.0022073286,2353789,eclipsing_binary
1525.6595044843264,1.0008003,0.002203423,2353789,eclipsing_binary
1525.6608933838088,0.99957985,0.002204693,2353789,eclipsing_binary
1525.6622822832908,1.0030366,0.0022063851,2353789,eclipsing_binary
1525.6636711827725,1.003033,0.0022062731,2353789,eclipsing_binary
1525.6650600817886,0.9978579,0.0022019476,2353789,eclipsing_binary
1525.6664489812704,0.99717414,0.002201995,2353789,eclipsing_binary
1525.6678378807521,0.9990055,0.0022038047,2353789,eclipsing_binary
1525.669226780234,1.0001221,0.002204333,2353789,eclipsing_binary
1525.670615679716,0.9979977,0.0022027413,2353789,eclipsing_binary
1525.672004579197,1.0032773,0.0022053982,2353789,eclipsing_binary
1525.6733934786787,1.0028595,0.0022080715,2353789,eclipsing_binary
1525.6747823781614,1.0028839,0.0022053912,2353789,eclipsing_binary
1525.6761712771774,0.9977387,0.0022008736,2353789,eclipsing_binary
1525.6775601766587,0.9966382,0.0022019146,2353789,eclipsing_binary
1525.6789490761398,0.9961552,0.0022006116,2353789,eclipsing_binary
1525.6803379756223,0.99936557,0.0022017944,2353789,eclipsing_binary
1525.681726875105,0.9984942,0.0022031786,2353789,eclipsing_binary
1525.68311577412,0.999336,0.0022033902,2353789,eclipsing_binary
1525.684504673602,0.9961816,0.0022021981,2353789,eclipsing_binary
1525.6858935730845,1.0026699,0.0022052485,2353789,eclipsing_binary
1525.6872824725663,1.0008805,0.0022038661,2353789,eclipsing_binary
1525.688671371582,0.99772894,0.0022014275,2353789,eclipsing_binary
1525.6900602710637,0.9980347,0.0022026612,2353789,eclipsing_binary
1525.6914491705454,1.000149,0.0022031541,2353789,eclipsing_binary
1525.6928380700274,1.0007304,0.002203762,2353789,eclipsing_binary
1525.6942269690437,0.99940115,0.0022046247,2353789,eclipsing_binary
1525.6956158685255,1.000064,0.002204687,2353789,eclipsing_binary
1525.6970047680072,1.0004373,0.002204155,2353789,eclipsing_binary
1525.6983936670226,0.9966916,0.0022027814,2353789,eclipsing_binary
1525.6997825665046,0.9989005,0.0022052992,2353789,eclipsing_binary
1525.7011714659868,1.0001856,0.0022033155,2353789,eclipsing_binary
1525.7025603650031,1.0029061,0.0022060645,2353789,eclipsing_binary
1525.7039492644842,0.9984973,0.002204056,2353789,eclipsing_binary
1525.705338163966,1.001154,0.0022048338,2353789,eclipsing_binary
1525.706727062983,1.0008523,0.0022045341,2353789,eclipsing_binary
1525.7081159624647,0.9999722,0.0022044478,2353789,eclipsing_binary
1525.709504861946,0.99730057,0.002201472,2353789,eclipsing_binary
1525.710893760962,1.0036914,0.0022080324,2353789,eclipsing_binary
1525.7122826604445,0.99841124,0.002203558,2353789,eclipsing_binary
1525.7136715594609,0.9983573,0.0022026757,2353789,eclipsing_binary
1525.7150604589417,1.0046259,0.0022092513,2353789,eclipsing_binary
1525.716449357958,1.0022379,0.00220812,2353789,eclipsing_binary
1525.71783825744,0.9998519,0.0022035236,2353789,eclipsing_binary
1525.7192271569218,1.001902,0.0022066496,2353789,eclipsing_binary
1525.7206160559379,1.0023227,0.002204673,2353789,eclipsing_binary
1525.7220049554196,1.008249,0.0022095074,2353789,eclipsing_binary
1525.7233938544357,1.0008845,0.0022042221,2353789,eclipsing_binary
1525.7247827539175,1.0012361,0.0022052873,2353789,eclipsing_binary
1525.7261716529338,0.99789107,0.0022030782,2353789,eclipsing_binary
1525.7275605524158,1.003266,0.0022060517,2353789,eclipsing_binary
1525.7289494514318,1.0048451,0.0022074506,2353789,eclipsing_binary
1525.7303383509127,1.0016582,0.0022057022,2353789,eclipsing_binary
1525.731727249929,1.0006608,0.002205982,2353789,eclipsing_binary
1525.7331161494114,1.0071061,0.002209106,2353789,eclipsing_binary
1525.7345050484275,1.0014051,0.002204214,2353789,eclipsing_binary
1525.7358939479088,1.0023134,0.0022072461,2353789,eclipsing_binary
1525.737282846925,1.0007961,0.002204009,2353789,eclipsing_binary
1525.738671745942,1.0032554,0.0022066461,2353789,eclipsing_binary
1525.7400606454237,1.0004656,0.0022027253,2353789,eclipsing_binary
1525.7414495444393,1.0033873,0.0022057856,2353789,eclipsing_binary
1525.742838443921,0.999034,0.0022032685,2353789,eclipsing_binary
1525.7442273429376,1.0048196,0.0022071772,2353789,eclipsing_binary
1525.745616241954,1.0010346,0.002205753,2353789,eclipsing_binary
1525.747005141435,1.0020224,0.0022047902,2353789,eclipsing_binary
1525.748394040451,1.0040088,0.0022063141,2353789,eclipsing_binary
1525.749782939933,1.0016822,0.0022065965,2353789,eclipsing_binary
1525.7511718389494,0.99999034,0.0022042554,2353789,eclipsing_binary
1525.7525607379655,1.000084,0.0022042461,2353789,eclipsing_binary
1525.7539496374472,0.9984931,0.0022020896,2353789,eclipsing_binary
1525.7553385364633,0.9995908,0.0022032112,2353789,eclipsing_binary
1525.756727435479,1.004527,0.0022059714,2353789,eclipsing_binary
1525.7581163349612,1.0037984,0.0022072054,2353789,eclipsing_binary
1525.7595052339782,1.0020968,0.002205179,2353789,eclipsing_binary
1525.7608941329938,1.0006211,0.002205002,2353789,eclipsing_binary
1525.762283032009,1.0007857,0.002206313,2353789,eclipsing_binary
1525.7636719314917,0.99769866,0.0022015427,2353789,eclipsing_binary
1525.7650608305087,0.9984628,0.0022062678,2353789,eclipsing_binary
1525.7664497295239,1.0044746,0.0022067688,2353789,eclipsing_binary
1525.7678386285395,1.0035298,0.0022076638,2353789,eclipsing_binary
1525.7692275280212,1.0031277,0.002207543,2353789,eclipsing_binary
1525.7706164270382,1.0047983,0.0022059327,2353789,eclipsing_binary
1525.7720053260543,1.0012192,0.0022045453,2353789,eclipsing_binary
1525.7733942250698,1.0038184,0.0022072287,2353789,eclipsing_binary
1525.7747831245517,1.0032251,0.0022060487,2353789,eclipsing_binary
1525.7761720235678,1.0016868,0.00220508,2353789,eclipsing_binary
1525.777560922584,1.0016011,0.0022046769,2353789,eclipsing_binary
1525.7789498216,1.0026859,0.0022042072,2353789,eclipsing_binary
1525.780338720616,1.0043075,0.002206112,2353789,eclipsing_binary
1525.7817276196322,1.002056,0.0022067227,2353789,eclipsing_binary
1525.7831165191135,1.0021533,0.0022064203,2353789,eclipsing_binary
1525.7845054181305,1.0008357,0.0022041888,2353789,eclipsing_binary
1525.785894317147,1.0014147,0.0022055262,2353789,eclipsing_binary
1525.7872832161627,1.0010241,0.0022045097,2353789,eclipsing_binary
1525.7886721151783,1.0041387,0.0022058466,2353789,eclipsing_binary
1525.7900610141949,1.0031592,0.0022065237,2353789,eclipsing_binary
1525.7914499132119,1.0057569,0.002208194,2353789,eclipsing_binary
1525.7928388122273,1.0029305,0.0022055,2353789,eclipsing_binary
1525.7942277112427,1.0067973,0.00220886,2353789,eclipsing_binary
1525.7956166102588,1.0012358,0.0022051753,2353789,eclipsing_binary
1525.7970055097414,1.0028111,0.0022051323,2353789,eclipsing_binary
1525.7983944087575,1.0003277,0.002204937,2353789,eclipsing_binary
1525.7997833077732,0.99993783,0.0022031404,2353789,eclipsing_binary
1525.8011722067893,1.0012819,0.0022051414,2353789,eclipsing_binary
1525.8025611058054,1.0050092,0.0022080697,2353789,eclipsing_binary
1525.8039500048214,1.0001582,0.0022036696,2353789,eclipsing_binary
1525.8053389038375,1.0021212,0.0022064333,2353789,eclipsing_binary
1525.8067278028539,1.0007511,0.0022038796,2353789,eclipsing_binary
1525.8081167018702,1.0021069,0.0022056429,2353789,eclipsing_binary
1525.8095056008863,1.0000473,0.0022035434,2353789,eclipsing_binary
1525.810894499903,1.0028799,0.002207191,2353789,eclipsing_binary
1525.8122833989194,1.0074459,0.002209644,2353789,eclipsing_binary
1525.8136722979345,1.0066682,0.002208787,2353789,eclipsing_binary
1525.8150611969502,1.0064723,0.0022094466,2353789,eclipsing_binary
1525.8164500955013,0.9993785,0.0022027488,2353789,eclipsing_binary
1525.817838994518,1.0024966,0.0022054857,2353789,eclipsing_binary
1525.8192278935337,1.004412,0.0022061311,2353789,eclipsing_binary
1525.8206167925491,1.0007057,0.0022057418,2353789,eclipsing_binary
1525.8220056915654,1.0022725,0.0022057085,2353789,eclipsing_binary
1525.823394590582,1.0035368,0.0022053802,2353789,eclipsing_binary
1525.8247834895983,1.0037936,0.002206613,2353789,eclipsing_binary
1525.8261723886137,1.0024654,0.0022057593,2353789,eclipsing_binary
1525.8275612876298,1.0026304,0.0022061968,2353789,eclipsing_binary
1525.8289501861811,1.0036292,0.0022086108,2353789,eclipsing_binary
1525.8303390851972,1.0021534,0.0022067735,2353789,eclipsing_binary
1525.8317279842129,1.0029941,0.0022067644,2353789,eclipsing_binary
1525.833116883229,1.0046463,0.0022086904,2353789,eclipsing_binary
1525.834505782245,1.0062456,0.0022095996,2353789,eclipsing_binary
1525.8358946812612,1.0040563,0.0022085982,2353789,eclipsing_binary
1525.8372835798125,1.0059965,0.002209255,2353789,eclipsing_binary
1525.8386724788286,1.0024872,0.0022063046,2353789,eclipsing_binary
1525.840061377844,1.0041511,0.002206586,2353789,eclipsing_binary
1525.8414502768594,1.0044634,0.002206223,2353789,eclipsing_binary
1525.8428391758764,1.003567,0.0022066396,2353789,eclipsing_binary
1525.8442280744275,0.9995379,0.0022046424,2353789,eclipsing_binary
1525.845616973443,1.0012926,0.002205415,2353789,eclipsing_binary
1525.8470058724586,1.0043144,0.0022090264,2353789,eclipsing_binary
1525.8483947710097,0.9968856,0.002201562,2353789,eclipsing_binary
1525.8497836700265,1.0052258,0.002206762,2353789,eclipsing_binary
1525.851172569042,1.0049467,0.002208866,2353789,eclipsing_binary
1525.8525614680573,1.0005662,0.0022047965,2353789,eclipsing_binary
1525.853950366608,1.0045632,0.0022067952,2353789,eclipsing_binary
1525.8553392656247,1.0030802,0.0022067418,2353789,eclipsing_binary
1525.8567281646408,1.0045435,0.0022054987,2353789,eclipsing_binary
1525.8581170631908,1.0066977,0.0022118029,2353789,eclipsing_binary
1525.8595059622069,1.0076609,0.002209173,2353789,eclipsing_binary
1525.860894861223,1.0054638,0.0022078496,2353789,eclipsing_binary
1525.8622837597734,1.0040358,0.0022084254,2353789,eclipsing_binary
1525.8636726587904,1.0002211,0.0022038377,2353789,eclipsing_binary
1525.8650615578065,1.0000848,0.0022045407,2353789,eclipsing_binary
1525.8664504563565,1.0027506,0.0022065444,2353789,eclipsing_binary
1525.8678393553726,1.0106546,0.002211232,2353789,eclipsing_binary
1525.869228253924,0.9996959,0.0022035383,2353789,eclipsing_binary
1525.87061715294,1.0005234,0.0022064582,2353789,eclipsing_binary
1525.8720060519554,0.99857545,0.0022042366,2353789,eclipsing_binary
1525.8733949505051,1.0042895,0.0022072482,2353789,eclipsing_binary
1525.8747838495221,1.0027424,0.0022088718,2353789,eclipsing_binary
1525.876172748073,1.0043905,0.0022077966,2353789,eclipsing_binary
1525.8775616470887,1.0005792,0.0022073344,2353789,eclipsing_binary
1525.8789505456386,1.0048769,0.0022074014,2353789,eclipsing_binary
1525.8803394446547,1.0061705,0.0022091037,2353789,eclipsing_binary
1525.8817283432059,1.0031451,0.0022076827,2353789,eclipsing_binary
1525.8831172422222,1.0019428,0.002205748,2353789,eclipsing_binary
1525.8845061407726,1.002695,0.0022063386,2353789,eclipsing_binary
1525.8858950397887,1.0020009,0.0022048173,2353789,eclipsing_binary
1525.8872839383391,1.0004582,0.0022037162,2353789,eclipsing_binary
1525.8886728373552,1.0074577,0.0022099963,2353789,eclipsing_binary
1525.8900617359056,1.0071634,0.0022085404,2353789,eclipsing_binary
1525.891450634922,1.002492,0.0022046745,2353789,eclipsing_binary
1525.8928395334717,1.0038531,0.002207843,2353789,eclipsing_binary
1525.8942284324878,1.000125,0.0022037134,2353789,eclipsing_binary
1525.8956173310391,1.0061411,0.0022089845,2353789,eclipsing_binary
1525.8970062295896,1.0014333,0.0022047707,2353789,eclipsing_binary
1525.8983951286052,1.0042708,0.0022075814,2353789,eclipsing_binary
1525.8997840271547,0.99927634,0.002203506,2353789,eclipsing_binary
1525.9011729261717,1.0026006,0.002205267,2353789,eclipsing_binary
1525.902561824723,1.0030321,0.0022063286,2353789,eclipsing_binary
1525.9039507232726,1.0068132,0.0022087828,2353789,eclipsing_binary
1525.9053396222882,1.0045176,0.002206086,2353789,eclipsing_binary
1525.9067285208396,1.0022993,0.0022053735,2353789,eclipsing_binary
1525.9081174193905,1.0047547,0.002207292,2353789,eclipsing_binary
1525.909506318406,1.0033063,0.0022063507,2353789,eclipsing_binary
1525.9108952169565,1.0014495,0.00220508,2353789,eclipsing_binary
1525.912284115507,1.0022588,0.0022050354,2353789,eclipsing_binary
1525.913673014523,1.0013866,0.0022042308,2353789,eclipsing_binary
1525.9150619130737,1.002566,0.0022046664,2353789,eclipsing_binary
1525.9164508116244,0.9999898,0.0022035262,2353789,eclipsing_binary
1525.9178397106405,1.0048836,0.002207467,2353789,eclipsing_binary
1525.9192286091902,1.001135,0.0022060385,2353789,eclipsing_binary
1525.9206175077409,1.0045497,0.002209032,2353789,eclipsing_binary
1525.9220064062918,1.0009655,0.0022043176,2353789,eclipsing_binary
1525.9233953053078,1.0025967,0.0022080522,2353789,eclipsing_binary
1525.9247842038578,1.0054718,0.002207428,2353789,eclipsing_binary
1525.9261731024083,0.99880445,0.0022034226,2353789,eclipsing_binary
1525.9275620009596,1.003359,0.002206102,2353789,eclipsing_binary
1525.9289508999757,1.0021147,0.0022055542,2353789,eclipsing_binary
1525.9303397985257,1.0024489,0.002206667,2353789,eclipsing_binary
1525.9317286970752,1.0026287,0.002206449,2353789,eclipsing_binary
1525.9331175956265,1.0010334,0.0022044478,2353789,eclipsing_binary
1525.9345064941779,1.0015734,0.002206418,2353789,eclipsing_binary
1525.9358953927274,0.9997245,0.002204334,2353789,eclipsing_binary
1525.9372842917435,1.0012664,0.0022043437,2353789,eclipsing_binary
1525.9386731902941,0.99886084,0.0022034724,2353789,eclipsing_binary
1525.9400620888448,1.0040823,0.002207476,2353789,eclipsing_binary
1525.9414509873952,1.0031574,0.0022070862,2353789,eclipsing_binary
1525.9428398859457,1.0036514,0.0022077742,2353789,eclipsing_binary
1525.944228784496,1.0038257,0.0022062259,2353789,eclipsing_binary
1525.9456176830465,1.0055062,0.00220828,2353789,eclipsing_binary
1525.947006581597,1.0026429,0.0022052785,2353789,eclipsing_binary
1525.9483954806133,0.9992912,0.002202639,2353789,eclipsing_binary
1525.949784379164,1.0018137,0.0022060599,2353789,eclipsing_binary
1525.9511732777135,1.0051041,0.0022068662,2353789,eclipsing_binary
1525.952562176264,1.0062398,0.0022074906,2353789,eclipsing_binary
1525.9539510748152,0.99738264,0.0022017802,2353789,eclipsing_binary
1525.9553399733657,1.0004553,0.0022052806,2353789,eclipsing_binary
1525.9567288719156,1.0018129,0.0022057781,2353789,eclipsing_binary
1525.9581177704654,0.9951369,0.0022013155,2353789,eclipsing_binary
1525.9595066690165,1.0008881,0.002205101,2353789,eclipsing_binary
1525.9608955675678,1.0032754,0.0022065132,2353789,eclipsing_binary
1525.9622844661176,1.0012597,0.002205385,2353789,eclipsing_binary
1525.9636733646682,0.9981066,0.0022030163,2353789,eclipsing_binary
1525.9650622632191,0.9994763,0.0022029532,2353789,eclipsing_binary
1525.9664511617698,1.0007906,0.0022032561,2353789,eclipsing_binary
1525.9678400603195,1.0005319,0.0022048105,2353789,eclipsing_binary
1525.96922895887,1.0023812,0.0022070422,2353789,eclipsing_binary
1525.9706178574204,1.004061,0.0022073924,2353789,eclipsing_binary
1525.972006755971,0.9988505,0.0022028605,2353789,eclipsing_binary
1525.973395654056,1.0042777,0.0022063325,2353789,eclipsing_binary
1525.9747845526065,0.99817604,0.0022021304,2353789,eclipsing_binary
1525.976173451157,1.0052208,0.0022085197,2353789,eclipsing_binary
1525.977562349707,0.99674475,0.0022007457,2353789,eclipsing_binary
1525.9789512482573,1.0024201,0.0022055788,2353789,eclipsing_binary
1525.9803401468084,0.9970317,0.0022010882,2353789,eclipsing_binary
1525.981729045359,1.0001651,0.0022048934,2353789,eclipsing_binary
1525.9831179439086,1.0007757,0.0022075998,2353789,eclipsing_binary
1525.984506842459,1.00156,0.0022073896,2353789,eclipsing_binary
1525.9858957405447,0.9965658,0.0022031132,2353789,eclipsing_binary
1525.9872846390952,1.0000684,0.0022071705,2353789,eclipsing_binary
1525.9886735376451,1.0006264,0.0022035844,2353789,eclipsing_binary
1525.9900624361956,0.9996455,0.002204263,2353789,eclipsing_binary
1525.991451334747,0.9995099,0.002202663,2353789,eclipsing_binary
1525.9928402328317,1.0004616,0.0022040308,2353789,eclipsing_binary
1525.9942291313812,1.0032676,0.0022070983,2353789,eclipsing_binary
1525.9956180299318,1.0008638,0.0022051004,2353789,eclipsing_binary
1525.9970069284825,1.0028559,0.002206436,2353789,eclipsing_binary
1525.998395827033,1.0012616,0.0022048436,2353789,eclipsing_binary
1525.9997847251177,1.001802,0.0022058317,2353789,eclipsing_binary
1526.0011736236681,1.0009195,0.00220496,2353789,eclipsing_binary
1526.0025625222186,0.99830234,0.0022056154,2353789,eclipsing_binary
1526.0039514203036,1.0005244,0.0022044133,2353789,eclipsing_binary
1526.0053403188542,1.0016845,0.00220412,2353789,eclipsing_binary
1526.0067292174047,0.99614406,0.0022026408,2353789,eclipsing_binary
1526.008118115955,0.99694616,0.0022020445,2353789,eclipsing_binary
1526.0095070140392,0.9959006,0.002202212,2353789,eclipsing_binary
1526.0108959125898,1.001854,0.0022053795,2353789,eclipsing_binary
1526.0122848111407,1.0021248,0.0022048291,2353789,eclipsing_binary
1526.0136737092257,0.99687725,0.0022034291,2353789,eclipsing_binary
1526.0150626077755,0.99996454,0.0022067442,2353789,eclipsing_binary
1526.016451506326,0.99855506,0.0022034775,2353789,eclipsing_binary
1526.0178404044116,0.9962876,0.0022009816,2353789,eclipsing_binary
1526.019229302962,1.0014929,0.0022068436,2353789,eclipsing_binary
1526.0206182010463,0.9948738,0.0022007534,2353789,eclipsing_binary
1526.0220070995967,0.9993609,0.0022036086,2353789,eclipsing_binary
1526.0233959981479,0.9995365,0.0022032587,2353789,eclipsing_binary
1526.0247848962329,0.9998911,0.002203601,2353789,eclipsing_binary
1526.0261737947824,1.0020514,0.0022067665,2353789,eclipsing_binary
1526.0275626928674,0.99892753,0.0022027846,2353789,eclipsing_binary
1526.028951591418,0.9968129,0.0022009956,2353789,eclipsing_binary
1526.0303404895028,0.99707884,0.0022024135,2353789,eclipsing_binary
1526.0317293880532,1.0030004,0.0022069907,2353789,eclipsing_binary
1526.0331182866037,0.9989229,0.0022013295,2353789,eclipsing_binary
1526.0345071846884,0.9957628,0.0022012824,2353789,eclipsing_binary
1526.0358960832384,1.0000753,0.0022047074,2353789,eclipsing_binary
1526.0372849813232,0.9980845,0.0022026536,2353789,eclipsing_binary
1526.0386738798745,0.9992691,0.0022038976,2353789,eclipsing_binary
1526.0400627779593,0.9977158,0.0022044282,2353789,eclipsing_binary
1526.0414516765088,1.0003885,0.002204425,2353789,eclipsing_binary
1526.0428405745945,0.99880373,0.0022020617,2353789,eclipsing_binary
1526.0442294726802,0.99798214,0.0022015043,2353789,eclipsing_binary
1526.0456183712297,0.99551713,0.0022018547,2353789,eclipsing_binary
1526.047007269314,0.9990629,0.0022025239,2353789,eclipsing_binary
1526.0483961678644,0.9945613,0.002198971,2353789,eclipsing_binary
1526.0497850659501,0.9990584,0.0022016475,2353789,eclipsing_binary
1526.0511739645005,0.9970585,0.0022026494,2353789,eclipsing_binary
1526.0525628625849,0.994591,0.0021989495,2353789,eclipsing_binary
1526.0539517606696,0.99682057,0.0022015024,2353789,eclipsing_binary
1526.05534065922,0.9979383,0.0022024333,2353789,eclipsing_binary
1526.0567295573048,0.99712145,0.0022040799,2353789,eclipsing_binary
1526.0581184558553,0.9975752,0.0022034687,2353789,eclipsing_binary
1526.05950735394,0.9990733,0.002204519,2353789,eclipsing_binary
1526.060896252025,1.0022055,0.0022065623,2353789,eclipsing_binary
1526.0622851505757,1.0008976,0.0022042624,2353789,eclipsing_binary
1526.0636740486605,0.9964665,0.0022025767,2353789,eclipsing_binary
1526.0650629467452,0.99773675,0.0022034084,2353789,eclipsing_binary
1526.0664518452957,0.99897856,0.002205055,2353789,eclipsing_binary
1526.06784074338,0.9979501,0.002204666,2353789,eclipsing_binary
1526.0692296414647,0.9997493,0.0022057376,2353789,eclipsing_binary
1526.0706185395502,1.000674,0.002206283,2353789,eclipsing_binary
1526.0720074381009,0.99583155,0.0022012894,2353789,eclipsing_binary
1526.0733963361847,0.9981164,0.0022022594,2353789,eclipsing_binary
1526.0747852342697,0.9965785,0.0022016244,2353789,eclipsing_binary
1526.0761741323552,0.9966953,0.0022015723,2353789,eclipsing_binary
1526.0775630309056,0.99774617,0.0022034722,2353789,eclipsing_binary
1526.07895192899,0.99731565,0.0022019828,2353789,eclipsing_binary
1526.0803408270747,0.9952509,0.0022015178,2353789,eclipsing_binary
1526.0817297251604,0.9952493,0.0022005637,2353789,eclipsing_binary
1526.0831186237108,0.99985915,0.0022037458,2353789,eclipsing_binary
1526.0845075217949,0.9932388,0.0021971378,2353789,eclipsing_binary
1526.0858964198799,0.9951123,0.002202137,2353789,eclipsing_binary
1526.0872853179646,0.99548703,0.0022003287,2353789,eclipsing_binary
1526.0886742160494,0.9967981,0.002200786,2353789,eclipsing_binary
1526.0900631141342,1.0010319,0.002203589,2353789,eclipsing_binary
1526.0914520126846,1.0008178,0.0022057286,2353789,eclipsing_binary
1526.0928409107694,0.9990586,0.0022040454,2353789,eclipsing_binary
1526.0942298088537,0.9980227,0.0022020114,2353789,eclipsing_binary
1526.0956187069385,0.9955533,0.0022000407,2353789,eclipsing_binary
1526.0970076050241,0.9961187,0.0022034612,2353789,eclipsing_binary
1526.098396503109,0.99308354,0.002199462,2353789,eclipsing_binary
1526.0997854011932,0.99553394,0.0022016803,2353789,eclipsing_binary
1526.1011742992785,0.9950226,0.0022009222,2353789,eclipsing_binary
1526.1025631973641,0.99606884,0.0022002065,2353789,eclipsing_binary
1526.1039520954482,0.9971121,0.0022025488,2353789,eclipsing_binary
1526.105340993998,0.99553245,0.0021999925,2353789,eclipsing_binary
1526.1067298920827,0.9985219,0.0022004738,2353789,eclipsing_binary
1526.1081187901684,0.9971491,0.0022023283,2353789,eclipsing_binary
1526.1095076882532,0.99935776,0.0022042028,2353789,eclipsing_binary
1526.1108965863375,0.99722,0.0022028636,2353789,eclipsing_binary
1526.1122854844223,0.99685574,0.0022014233,2353789,eclipsing_binary
1526.113674382507,0.9959046,0.0022009108,2353789,eclipsing_binary
1526.1150632805918,0.99676156,0.0022024275,2353789,eclipsing_binary
1526.1164521786766,1.0005758,0.002204477,2353789,eclipsing_binary
1526.1178410767616,0.99570686,0.0022008226,2353789,eclipsing_binary
1526.1192299748466,0.99885935,0.002204441,2353789,eclipsing_binary
1526.1206188729313,1.0012238,0.0022052426,2353789,eclipsing_binary
1526.1220077705505,0.998289,0.0022034252,2353789,eclipsing_binary
1526.1233966686352,0.99670583,0.0022015898,2353789,eclipsing_binary
1526.12478556672,0.9954125,0.0022022137,2353789,eclipsing_binary
1526.1261744648043,0.9966082,0.0022011676,2353789,eclipsing_binary
1526.1275633628898,1.0003577,0.0022051553,2353789,eclipsing_binary
1526.1289522609752,0.99850506,0.0022036578,2353789,eclipsing_binary
1526.1303411590595,0.99481285,0.0022013418,2353789,eclipsing_binary
1526.1317300571436,0.9971002,0.0022040925,2353789,eclipsing_binary
1526.1331189552286,0.9966955,0.0022020573,2353789,eclipsing_binary
1526.1345078533138,0.9969527,0.0022012407,2353789,eclipsing_binary
1526.1358967509332,0.99371225,0.0022007567,2353789,eclipsing_binary
1526.1372856490173,1.001043,0.0022059088,2353789,eclipsing_binary
1526.138674547102,0.9975928,0.002204136,2353789,eclipsing_binary
1526.1400634451877,0.99633175,0.002199956,2353789,eclipsing_binary
1526.1414523432725,0.9944341,0.0022015637,2353789,eclipsing_binary
1526.1428412413568,1.0010529,0.0022061386,2353789,eclipsing_binary
1526.144230138976,0.9971495,0.0022037167,2353789,eclipsing_binary
1526.1456190370607,0.99699605,0.002202605,2353789,eclipsing_binary
1526.1470079351454,1.0002366,0.002203647,2353789,eclipsing_binary
1526.1483968332302,1.0012152,0.0022052305,2353789,eclipsing_binary
1526.1497857308495,0.99541336,0.0022002098,2353789,eclipsing_binary
1526.1511746289345,0.9926924,0.0021987776,2353789,eclipsing_binary
1526.1525635270184,0.99660134,0.002201626,2353789,eclipsing_binary
1526.153952425104,0.9954081,0.0022023274,2353789,eclipsing_binary
1526.1553413227239,0.9997467,0.002204276,2353789,eclipsing_binary
1526.156730220808,0.99756885,0.0022016878,2353789,eclipsing_binary
1526.1581191188923,0.9998725,0.0022058785,2353789,eclipsing_binary
1526.1595080169777,0.9964781,0.0022037707,2353789,eclipsing_binary
1526.1608969145975,0.99931496,0.0022042792,2353789,eclipsing_binary
1526.1622858126818,0.9978534,0.0022015756,2353789,eclipsing_binary
1526.1636747107657,0.99525404,0.002200759,2353789,eclipsing_binary
1526.165063608385,0.9974773,0.0022033658,2353789,eclipsing_binary
1526.1664525064705,0.99785393,0.0022030354,2353789,eclipsing_binary
1526.1678414045552,0.99486226,0.0022013034,2353789,eclipsing_binary
1526.169230302174,0.9973494,0.0022026296,2353789,eclipsing_binary
1526.1706192002587,0.99886316,0.002203082,2353789,eclipsing_binary
1526.1720080978778,0.99866927,0.0022025597,2353789,eclipsing_binary
1526.1733969959628,0.9975295,0.00220185,2353789,eclipsing_binary
1526.1747858940478,0.9991513,0.002204194,2353789,eclipsing_binary
1526.1761747916669,0.9954487,0.00220031,2353789,eclipsing_binary
1526.1775636897517,0.9979497,0.0022032366,2353789,eclipsing_binary
1526.1789525873708,1.0010356,0.002204457,2353789,eclipsing_binary
1526.1803414854555,0.9955007,0.002200477,2353789,eclipsing_binary
1526.1817303830746,0.99739623,0.002202142,2353789,eclipsing_binary
1526.1831192811596,0.99576455,0.0022001811,2353789,eclipsing_binary
1526.184508178778,0.9960831,0.002201281,2353789,eclipsing_binary
1526.1858970768637,0.9969512,0.0022044943,2353789,eclipsing_binary
1526.1872859744833,0.9969702,0.0022027139,2353789,eclipsing_binary
1526.1886748725676,0.99574065,0.0022020289,2353789,eclipsing_binary
1526.1900637701863,0.998428,0.0022041248,2353789,eclipsing_binary
1526.191452668271,0.9929543,0.002200641,2353789,eclipsing_binary
1526.1928415658908,0.9960491,0.0022026435,2353789,eclipsing_binary
1526.1942304639758,0.9940731,0.002201409,2353789,eclipsing_binary
1526.195619361594,0.9977591,0.0022030668,2353789,eclipsing_binary
1526.197008259679,1.0003003,0.00220674,2353789,eclipsing_binary
1526.1983971572988,0.9994034,0.002203733,2353789,eclipsing_binary
1526.1997860553836,0.9970354,0.0022030366,2353789,eclipsing_binary
1526.2011749530022,0.9943406,0.0022002528,2353789,eclipsing_binary
1526.202563851087,0.9977075,0.0022036056,2353789,eclipsing_binary
1526.2039527487061,0.9943505,0.0021997709,2353789,eclipsing_binary
1526.2053416463252,0.99735266,0.0022031022,2353789,eclipsing_binary
1526.2067305444102,0.9999772,0.0022044051,2353789,eclipsing_binary
1526.2081194420296,0.99210185,0.0021980514,2353789,eclipsing_binary
1526.2095083396487,0.9954986,0.002202157,2353789,eclipsing_binary
1526.2108972377325,0.9948423,0.002200299,2353789,eclipsing_binary
1526.2122861353525,0.99087286,0.00219782,2353789,eclipsing_binary
1526.2136750329726,0.99018824,0.0021970037,2353789,eclipsing_binary
1526.2150639310564,0.99226016,0.0021972444,2353789,eclipsing_binary
1526.216452828675,0.9878526,0.0021967373,2353789,eclipsing_binary
1526.217841726295,0.9867555,0.002194471,2353789,eclipsing_binary
1526.2192306243803,0.98394847,0.002192875,2353789,eclipsing_binary
1526.220619521999,0.98538226,0.0021940544,2353789,eclipsing_binary
1526.2220084196176,0.9834487,0.0021922332,2353789,eclipsing_binary
1526.2233973177024,0.9844664,0.0021940982,2353789,eclipsing_binary
1526.224786215322,0.98192567,0.002188874,2353789,eclipsing_binary
1526.2261751129413,0.9825011,0.002191977,2353789,eclipsing_binary
1526.2275640105597,0.9796684,0.002187409,2353789,eclipsing_binary
1526.2289529086445,0.9813652,0.002191728,2353789,eclipsing_binary
1526.2303418062638,0.97606504,0.00218598,2353789,eclipsing_binary
1526.2317307038832,0.9799723,0.0021900847,2353789,eclipsing_binary
1526.2331196015023,0.9797945,0.0021890567,2353789,eclipsing_binary
1526.2345084991214,0.9750308,0.0021845445,2353789,eclipsing_binary
1526.2358973972061,0.9787895,0.002189708,2353789,eclipsing_binary
1526.2372862948253,0.9748831,0.0021855251,2353789,eclipsing_binary
1526.2386751924453,0.97459954,0.0021858357,2353789,eclipsing_binary
1526.2400640900644,0.9733289,0.0021873072,2353789,eclipsing_binary
1526.241452987683,0.97559285,0.0021877806,2353789,eclipsing_binary
1526.2428418853012,0.97481376,0.0021858995,2353789,eclipsing_binary
1526.2442307829212,0.9751499,0.0021848788,2353789,eclipsing_binary
1526.245619681007,0.97676164,0.0021868157,2353789,eclipsing_binary
1526.2470085786251,0.9735944,0.002187878,2353789,eclipsing_binary
1526.2483974762438,0.96909755,0.0021812445,2353789,eclipsing_binary
1526.249786373863,0.9734484,0.0021834485,2353789,eclipsing_binary
1526.251175271483,0.97111183,0.0021839805,2353789,eclipsing_binary
1526.252564169102,0.97062653,0.002182661,2353789,eclipsing_binary
1526.2539530667204,0.9717849,0.0021829538,2353789,eclipsing_binary
1526.2553419643398,0.97684425,0.0021875375,2353789,eclipsing_binary
1526.2567308619593,0.9721421,0.002184026,2353789,eclipsing_binary
1526.2581197595784,0.9709512,0.0021847892,2353789,eclipsing_binary
1526.259508657197,0.97252184,0.0021834814,2353789,eclipsing_binary
1526.2608975548162,0.9755929,0.0021855116,2353789,eclipsing_binary
1526.2622864524353,0.9763843,0.0021870765,2353789,eclipsing_binary
1526.2636753500547,0.9771932,0.0021869682,2353789,eclipsing_binary
1526.265064247674,0.97606725,0.002187461,2353789,eclipsing_binary
1526.266453145293,0.9812795,0.0021886851,2353789,eclipsing_binary
1526.2678420429122,0.97613764,0.00218822,2353789,eclipsing_binary
1526.2692309405309,0.9763415,0.0021880227,2353789,eclipsing_binary
1526.2706198381504,0.97966754,0.0021893575,2353789,eclipsing_binary
1526.2720087357704,0.97669286,0.0021866225,2353789,eclipsing_binary
1526.2733976333889,0.98294723,0.0021907415,2353789,eclipsing_binary
1526.2747865310073,0.98162735,0.0021922134,2353789,eclipsing_binary
1526.2761754286273,0.98405313,0.002192196,2353789,eclipsing_binary
1526.277564326247,0.98360205,0.0021909936,2353789,eclipsing_binary
1526.2789532238655,0.98906004,0.0021958384,2353789,eclipsing_binary
1526.2803421214842,0.9874167,0.0021956507,2353789,eclipsing_binary
1526.2817310186376,0.9840911,0.0021920558,2353789,eclipsing_binary
1526.2831199162574,0.98845756,0.0021947853,2353789,eclipsing_binary
1526.2845088138768,0.98889476,0.002196241,2353789,eclipsing_binary
1526.285897711495,0.9944473,0.002200688,2353789,eclipsing_binary
1526.2872866091143,0.9867921,0.002195487,2353789,eclipsing_binary
1526.2886755067336,0.99087715,0.0021966584,2353789,eclipsing_binary
1526.290064403887,0.9943886,0.0022031707,2353789,eclipsing_binary
1526.2914533015062,0.9964141,0.0022009406,2353789,eclipsing_binary
1526.2928421991253,0.9962099,0.0022003758,2353789,eclipsing_binary
1526.2942310967444,0.9937232,0.0022022112,2353789,eclipsing_binary
1526.2956199943635,0.9956576,0.0022029986,2353789,eclipsing_binary
1526.2970088915179,0.9992835,0.0022041965,2353789,eclipsing_binary
1526.298397789137,0.9966934,0.0022000023,2353789,eclipsing_binary
1526.2997866867556,0.9977603,0.0022030256,2353789,eclipsing_binary
1526.301175584374,0.9984195,0.0022048906,2353789,eclipsing_binary
1526.3025644815282,0.9988655,0.0022033036,2353789,eclipsing_binary
1526.3039533791482,1.0010242,0.0022042468,2353789,eclipsing_binary
1526.3053422767664,0.99591273,0.002201347,2353789,eclipsing_binary
1526.306731174385,0.9975681,0.002202933,2353789,eclipsing_binary
1526.3081200715385,1.0003283,0.002207266,2353789,eclipsing_binary
1526.3095089691585,0.9976184,0.002202036,2353789,eclipsing_binary
1526.3108978667776,0.99753004,0.0022025239,2353789,eclipsing_binary
1526.3122867639306,0.9972428,0.0022017,2353789,eclipsing_binary
1526.3136756615497,1.0008042,0.002203904,2353789,eclipsing_binary
1526.3150645591695,1.000765,0.0022045602,2353789,eclipsing_binary
1526.3164534563232,1.0049012,0.0022066357,2353789,eclipsing_binary
1526.3178423539414,0.9954839,0.002200963,2353789,eclipsing_binary
1526.3192312510948,1.0051292,0.0022077123,2353789,eclipsing_binary
1526.3206201487142,1.0006348,0.0022051707,2353789,eclipsing_binary
1526.3220090463335,0.9976701,0.0022024533,2353789,eclipsing_binary
1526.323397943487,0.99726284,0.0022040529,2353789,eclipsing_binary
1526.324786841106,0.9955447,0.002201858,2353789,eclipsing_binary
1526.3261757382595,0.9979326,0.0022029956,2353789,eclipsing_binary
1526.3275646358782,1.0005039,0.0022061842,2353789,eclipsing_binary
1526.328953533498,1.0007764,0.0022045823,2353789,eclipsing_binary
1526.330342430652,1.0025133,0.0022070257,2353789,eclipsing_binary
1526.3317313282707,0.9992011,0.0022034226,2353789,eclipsing_binary
1526.3331202254233,0.99721736,0.0022027746,2353789,eclipsing_binary
1526.3345091230433,1.0039511,0.0022063025,2353789,eclipsing_binary
1526.3358980201976,1.0036023,0.0022065658,2353789,eclipsing_binary
1526.3372869178158,0.99946654,0.0022040163,2353789,eclipsing_binary
1526.3386758149688,0.9981297,0.0022027036,2353789,eclipsing_binary
1526.340064712588,1.0039409,0.0022054145,2353789,eclipsing_binary
1526.3414536097423,0.9974361,0.002202154,2353789,eclipsing_binary
1526.3428425073614,0.9985247,0.0022052357,2353789,eclipsing_binary
1526.3442314045142,0.99870545,0.002204295,2353789,eclipsing_binary
1526.3456203021335,1.0014012,0.002205789,2353789,eclipsing_binary
1526.347009199287,0.99801546,0.002201796,2353789,eclipsing_binary
1526.3483980964404,0.9978615,0.0022027863,2353789,eclipsing_binary
1526.3497869940595,0.99777174,0.002201781,2353789,eclipsing_binary
1526.351175891213,1.0000352,0.0022053416,2353789,eclipsing_binary
1526.352564788832,1.0035625,0.002206254,2353789,eclipsing_binary
1526.3539536859857,0.9980702,0.0022050845,2353789,eclipsing_binary
1526.3553425831399,0.9973612,0.0022027728,2353789,eclipsing_binary
1526.356731480759,1.0036974,0.0022056785,2353789,eclipsing_binary
1526.358120377912,0.99399924,0.0022013583,2353789,eclipsing_binary
1526.359509275065,0.99815214,0.002203128,2353789,eclipsing_binary
1526.3608981726845,1.005083,0.002207644,2353789,eclipsing_binary
1526.3622870698389,0.9970634,0.0022019502,2353789,eclipsing_binary
1526.3636759669919,0.9986309,0.0022040193,2353789,eclipsing_binary
1526.36506486461,0.9928147,0.0021994647,2353789,eclipsing_binary
1526.3664537617635,0.99901366,0.002203723,2353789,eclipsing_binary
1526.3678426589179,0.99795586,0.0022045758,2353789,eclipsing_binary
1526.369231556537,0.99774945,0.0022028557,2353789,eclipsing_binary
1526.37062045369,0.9990418,0.002204036,2353789,eclipsing_binary
1526.3720093508434,1.0027584,0.0022044838,2353789,eclipsing_binary
1526.3733982479978,0.9982446,0.002205344,2353789,eclipsing_binary
1526.374787145617,0.9972249,0.0022034578,2353789,eclipsing_binary
1526.3761760427694,0.99576694,0.0022019306,2353789,eclipsing_binary
1526.377564939923,0.99821514,0.0022043628,2353789,eclipsing_binary
1526.3789538370768,0.99684465,0.0022026633,2353789,eclipsing_binary
1526.3803427342302,1.0009526,0.002204318,2353789,eclipsing_binary
1526.3817316318493,0.99881864,0.002204492,2353789,eclipsing_binary
1526.3831205290028,0.99694926,0.0022030058,2353789,eclipsing_binary
1526.3845094261562,1.0014553,0.002205534,2353789,eclipsing_binary
1526.3858983233092,1.0031548,0.0022093114,2353789,eclipsing_binary
1526.3872872204636,0.9981146,0.0022027232,2353789,eclipsing_binary
1526.3886761180831,1.0022621,0.0022043374,2353789,eclipsing_binary
1526.3900650152361,0.99838674,0.0022031558,2353789,eclipsing_binary
1526.391453912389,1.0016791,0.002204917,2353789,eclipsing_binary
1526.392842809543,0.9989513,0.002203826,2353789,eclipsing_binary
1526.3942317066974,0.9947569,0.002200248,2353789,eclipsing_binary
1526.3956206038501,1.0005496,0.0022071046,2353789,eclipsing_binary
1526.397009501003,0.99983484,0.0022039243,2353789,eclipsing_binary
1526.3983983981564,0.99981296,0.0022047432,2353789,eclipsing_binary
1526.3997872953107,0.9982886,0.0022020652,2353789,eclipsing_binary
1526.4011761924642,0.9969423,0.0022019667,2353789,eclipsing_binary
1526.4025650896172,1.0014331,0.002205439,2353789,eclipsing_binary
1526.4039539872363,0.99927396,0.002203676,2353789,eclipsing_binary
1526.4053428843897,0.9992839,0.0022038543,2353789,eclipsing_binary
1526.4067317815432,1.0006168,0.0022068748,2353789,eclipsing_binary
1526.4081206786966,0.99896395,0.0022041292,2353789,eclipsing_binary
1526.4095095758503,1.0007606,0.0022050114,2353789,eclipsing_binary
1526.410898473004,1.0008088,0.0022049157,2353789,eclipsing_binary
1526.4122873701574,0.99805176,0.0022017069,2353789,eclipsing_binary
1526.4136762673108,0.9974956,0.0022023919,2353789,eclipsing_binary
1526.4150651644643,0.99863255,0.002202309,2353789,eclipsing_binary
1526.416454061152,0.9969894,0.002204168,2353789,eclipsing_binary
1526.417842958305,0.99186116,0.0022004738,2353789,eclipsing_binary
1526.4192318554592,0.9965233,0.0022027888,2353789,eclipsing_binary
1526.4206207526133,0.9998534,0.0022039416,2353789,eclipsing_binary
1526.4220096497663,0.9992691,0.0022024673,2353789,eclipsing_binary
1526.4233985469189,0.996035,0.0022002114,2353789,eclipsing_binary
1526.4247874440725,0.99515873,0.002202747,2353789,eclipsing_binary
1526.4261763412267,0.9956728,0.002200433,2353789,eclipsing_binary
1526.42756523838,0.99578273,0.002201777,2353789,eclipsing_binary
1526.428954135533,0.99862844,0.0022045108,2353789,eclipsing_binary
1526.4303430326866,1.0003401,0.0022053535,2353789,eclipsing_binary
1526.4317319293752,0.9987973,0.0022020836,2353789,eclipsing_binary
1526.4331208265287,0.9976429,0.002203717,2353789,eclipsing_binary
1526.4345097236817,0.99876493,0.0022032077,2353789,eclipsing_binary
1526.4358986208351,0.997628,0.0022020305,2353789,eclipsing_binary
1526.4372875179886,0.9991836,0.0022032463,2353789,eclipsing_binary
1526.4386764146764,0.9981168,0.0022033937,2353789,eclipsing_binary
1526.4400653118298,0.99724483,0.0022060738,2353789,eclipsing_binary
1526.4414542089833,0.99732625,0.0022024056,2353789,eclipsing_binary
1526.442843106137,0.9977793,0.0022016785,2353789,eclipsing_binary
1526.4442320032897,1.0007912,0.0022062473,2353789,eclipsing_binary
1526.4456208999784,0.9985057,0.0022029981,2353789,eclipsing_binary
1526.4470097971325,0.99853325,0.0022023902,2353789,eclipsing_binary
1526.4483986942853,1.0005841,0.0022028394,2353789,eclipsing_binary
1526.4497875914383,0.9979592,0.0022033944,2353789,eclipsing_binary
1526.4511764881265,0.997016,0.002201503,2353789,eclipsing_binary
1526.4525653852809,0.99817246,0.0022023362,2353789,eclipsing_binary
1526.4539542824339,0.998067,0.002202841,2353789,eclipsing_binary
1526.4553431791207,0.9970106,0.002202504,2353789,eclipsing_binary
1526.4567320762744,0.9984107,0.0022029465,2353789,eclipsing_binary
1526.4581209734285,0.9963432,0.0022016778,2353789,eclipsing_binary
1526.4595098701163,0.9969669,0.002202581,2353789,eclipsing_binary
1526.4608987672693,0.99491805,0.00219969,2353789,eclipsing_binary
1526.4622876644228,0.9991756,0.00220386,2353789,eclipsing_binary
1526.4636765611106,0.9995243,0.002203696,2353789,eclipsing_binary
1526.465065458264,0.9990664,0.0022032277,2353789,eclipsing_binary
1526.4664543554177,0.99892974,0.0022023863,2353789,eclipsing_binary
1526.4678432521057,0.99431324,0.00220127,2353789,eclipsing_binary
1526.4692321492591,1.0015872,0.0022047493,2353789,eclipsing_binary
1526.470621045947,1.0002624,0.00220476,2353789,eclipsing_binary
1526.4720099431004,0.99717426,0.0022033947,2353789,eclipsing_binary
1526.4733988397882,0.9991176,0.0022039127,2353789,eclipsing_binary
1526.4747877369416,0.99506634,0.0022010023,2353789,eclipsing_binary
1526.4761766340946,0.99507594,0.0022018417,2353789,eclipsing_binary
1526.4775655307833,0.9967954,0.0022013064,2353789,eclipsing_binary
1526.4789544279372,0.99974763,0.002206163,2353789,eclipsing_binary
1526.4803433246245,0.99669003,0.0022022459,2353789,eclipsing_binary
1526.4817322217775,0.99698395,0.0022015446,2353789,eclipsing_binary
1526.4831211184653,0.9989791,0.0022029392,2353789,eclipsing_binary
1526.4845100156194,0.9988849,0.0022047532,2353789,eclipsing_binary
1526.4858989123074,0.9964236,0.002201264,2353789,eclipsing_binary
1526.48728780946,0.99759084,0.0022022226,2353789,eclipsing_binary
1526.4886767061478,0.99941754,0.0022050738,2353789,eclipsing_binary
1526.4900656028365,0.99870074,0.0022026114,2353789,eclipsing_binary
1526.49145449999,0.9982265,0.002203956,2353789,eclipsing_binary
1526.4928433966772,0.99397063,0.0021998442,2353789,eclipsing_binary
1526.4942322938307,0.9970926,0.0022021835,2353789,eclipsing_binary
1526.4956211905185,1.0005066,0.0022043413,2353789,eclipsing_binary
1526.497010087672,1.000929,0.0022041316,2353789,eclipsing_binary
1526.4983989843597,0.9961036,0.0022001276,2353789,eclipsing_binary
1526.4997878810477,0.99552995,0.002201804,2353789,eclipsing_binary
1526.5011767782014,0.9983722,0.0022027236,2353789,eclipsing_binary
1526.5025656748883,1.0020834,0.0022051046,2353789,eclipsing_binary
1526.5039545715763,0.99688727,0.002202185,2353789,eclipsing_binary
1526.5053434687304,0.99570256,0.0022007772,2353789,eclipsing_binary
1526.5067323654182,0.9993551,0.00220415,2353789,eclipsing_binary
1526.5081212621055,0.996131,0.002201609,2353789,eclipsing_binary
1526.5095101592597,0.99422854,0.0022004468,2353789,eclipsing_binary
1526.5108990559481,0.9938261,0.0021997797,2353789,eclipsing_binary
1526.5122879526355,0.99656624,0.0022023588,2353789,eclipsing_binary
1526.5136768497882,0.99434155,0.002200094,2353789,eclipsing_binary
1526.5150657464762,1.0014285,0.0022056603,2353789,eclipsing_binary
1526.5164546431645,0.9939266,0.0021997767,2353789,eclipsing_binary
1526.5178435398525,0.9948844,0.0022011732,2353789,eclipsing_binary
1526.5192324370053,0.9978137,0.0022011274,2353789,eclipsing_binary
1526.520621333693,0.99584985,0.002201384,2353789,eclipsing_binary
1526.5220102303808,0.9963209,0.002204203,2353789,eclipsing_binary
1526.5233991270688,0.9973655,0.002202402,2353789,eclipsing_binary
1526.5247880242225,0.9953158,0.0022003492,2353789,eclipsing_binary
1526.5261769209103,0.9970377,0.0022026252,2353789,eclipsing_binary
1526.527565817598,0.998275,0.0022014491,2353789,eclipsing_binary
1526.5289547142859,0.9972741,0.0022029532,2353789,eclipsing_binary
1526.5303436109737,1.0003262,0.0022058329,2353789,eclipsing_binary
1526.5317325076617,0.99799454,0.0022027923,2353789,eclipsing_binary
1526.5331214048153,0.9975261,0.0022055656,2353789,eclipsing_binary
1526.5345103015022,0.99984044,0.0022063286,2353789,eclipsing_binary
1526.53589919819,0.9974406,0.0022035085,2353789,eclipsing_binary
1526.5372880948787,0.9984734,0.0022036154,2353789,eclipsing_binary
1526.5386769915665,0.99787307,0.0022028643,2353789,eclipsing_binary
1526.5400658882538,0.9983781,0.0022028831,2353789,eclipsing_binary
1526.5414547849416,1.000917,0.0022074815,2353789,eclipsing_binary
1526.5428436816303,0.9964245,0.0022024433,2353789,eclipsing_binary
1526.544232578318,0.9985884,0.0022036077,2353789,eclipsing_binary
1526.545621475005,1.0047323,0.0022080925,2353789,eclipsing_binary
1526.5470103721586,0.99985516,0.0022061528,2353789,eclipsing_binary
1526.548399268847,1.0009904,0.0022050429,2353789,eclipsing_binary
1526.549788165535,0.9993763,0.002204469,2353789,eclipsing_binary
1526.5511770622222,0.9965415,0.0022013702,2353789,eclipsing_binary
1526.55256595891,0.9987425,0.002203796,2353789,eclipsing_binary
1526.5539548555978,1.0015585,0.0022068373,2353789,eclipsing_binary
1526.5553437522858,1.0035645,0.002206676,2353789,eclipsing_binary
1526.5567326489738,0.99760735,0.0022019788,2353789,eclipsing_binary
1526.5581215456616,0.9989949,0.0022054662,2353789,eclipsing_binary
1526.5595104423494,0.9969105,0.0022016312,2353789,eclipsing_binary
1526.5608993385708,0.9978578,0.0022027732,2353789,eclipsing_binary
1526.5622882352588,1.0003308,0.002205489,2353789,eclipsing_binary
1526.563677131947,1.0004814,0.0022048757,2353789,eclipsing_binary
1526.565066028635,0.9982279,0.002203377,2353789,eclipsing_binary
1526.5664549253222,0.99847317,0.0022021593,2353789,eclipsing_binary
1526.5678438220095,0.9971349,0.0022034668,2353789,eclipsing_binary
1526.569232718698,1.000861,0.0022032997,2353789,eclipsing_binary
1526.5706216153865,0.9970295,0.00220316,2353789,eclipsing_binary
1526.5720105120738,0.99763185,0.0022047188,2353789,eclipsing_binary
1526.5733994087616,0.99843377,0.0022071295,2353789,eclipsing_binary
1526.5747883049844,1.0013418,0.0022045127,2353789,eclipsing_binary
1526.5761772016724,0.99867094,0.0022028652,2353789,eclipsing_binary
1526.5775660983593,0.9982916,0.0022032505,2353789,eclipsing_binary
1526.5789549950473,0.9975382,0.002202373,2353789,eclipsing_binary
1526.5803438917353,0.99848837,0.002202373,2353789,eclipsing_binary
1526.581732788423,1.0010492,0.002206115,2353789,eclipsing_binary
1526.5831216846452,1.0006999,0.0022051195,2353789,eclipsing_binary
1526.584510581333,1.0032464,0.0022061775,2353789,eclipsing_binary
1526.5858994780208,1.0000964,0.0022060752,2353789,eclipsing_binary
1526.5872883747081,0.99922884,0.0022051444,2353789,eclipsing_binary
1526.5886772709302,0.99670804,0.002201607,2353789,eclipsing_binary
1526.590066167619,0.99956197,0.002203908,2353789,eclipsing_binary
1526.5914550643067,0.9974891,0.0022028256,2353789,eclipsing_binary
1526.5928439609936,1.000731,0.0022053276,2353789,eclipsing_binary
1526.594232857216,1.000128,0.0022048983,2353789,eclipsing_binary
1526.5956217539044,1.0019689,0.0022056864,2353789,eclipsing_binary
1526.5970106505922,1.0012248,0.002204503,2353789,eclipsing_binary
1526.5983995468139,1.002981,0.002205629,2353789,eclipsing_binary
1526.5997884435012,1.0035355,0.0022104832,2353789,eclipsing_binary
1526.6011773401895,1.0025457,0.002206384,2353789,eclipsing_binary
1526.6025662364125,1.0059586,0.0022086496,2353789,eclipsing_binary
1526.6039551330998,1.0023057,0.0022055686,2353789,eclipsing_binary
1526.6053440297876,0.9987388,0.0022046908,2353789,eclipsing_binary
1526.6067329260097,1.0018468,0.0022061786,2353789,eclipsing_binary
1526.6081218226975,0.9976778,0.002202574,2353789,eclipsing_binary
1526.6095107193853,1.0042931,0.0022094604,2353789,eclipsing_binary
1526.6108996156074,1.0009946,0.0022050627,2353789,eclipsing_binary
1526.6122885122954,1.000843,0.0022062692,2353789,eclipsing_binary
1526.6136774085178,1.0043662,0.002208286,2353789,eclipsing_binary
1526.6150663052056,1.0035739,0.002208571,2353789,eclipsing_binary
1526.6164552018934,0.99822444,0.002202206,2353789,eclipsing_binary
1526.6178440981155,1.0013123,0.0022054156,2353789,eclipsing_binary
1526.6192329948028,1.0028083,0.002205262,2353789,eclipsing_binary
1526.620621891025,1.0016122,0.0022057795,2353789,eclipsing_binary
1526.6220107877134,1.0053056,0.002208504,2353789,eclipsing_binary
1526.6233996839358,0.9980095,0.0022043805,2353789,eclipsing_binary
1526.6247885806226,1.0035077,0.002207761,2353789,eclipsing_binary
1526.6261774768443,1.0039383,0.0022073556,2353789,eclipsing_binary
1526.6275663735328,1.0054156,0.0022094399,2353789,eclipsing_binary
1526.6289552697556,1.0001628,0.0022051176,2353789,eclipsing_binary
1526.630344166443,0.9996518,0.0022036156,2353789,eclipsing_binary
1526.6317330626644,0.99893224,0.0022046394,2353789,eclipsing_binary
1526.6331219588872,1.0004966,0.0022040629,2353789,eclipsing_binary
1526.6345108555759,0.9996089,0.002203685,2353789,eclipsing_binary
1526.6358997517973,0.9984258,0.0022029155,2353789,eclipsing_binary
1526.6372886484853,1.0013222,0.0022074014,2353789,eclipsing_binary
1526.6386775447074,0.99918556,0.0022039725,2353789,eclipsing_binary
1526.6400664413952,1.0024685,0.0022061383,2353789,eclipsing_binary
1526.6414553376173,0.9984832,0.0022041071,2353789,eclipsing_binary
1526.6428442338395,1.0011828,0.0022047197,2353789,eclipsing_binary
1526.6442331305273,1.0042211,0.0022057379,2353789,eclipsing_binary
1526.645622026749,0.99770725,0.0022042072,2353789,eclipsing_binary
1526.647010922971,1.001477,0.0022054708,2353789,eclipsing_binary
1526.6483998196597,1.0039573,0.0022067402,2353789,eclipsing_binary
1526.6497887158819,0.9982609,0.0022027774,2353789,eclipsing_binary
1526.6511776121035,0.9965954,0.0022036778,2353789,eclipsing_binary
1526.6525665087913,1.0003638,0.0022047993,2353789,eclipsing_binary
1526.653955405014,1.0022241,0.0022076773,2353789,eclipsing_binary
1526.6553443012363,1.0039767,0.0022063535,2353789,eclipsing_binary
1526.6567331974577,1.0036945,0.002207097,2353789,eclipsing_binary
1526.658122094145,1.0045141,0.0022085689,2353789,eclipsing_binary
1526.6595109903678,1.0022045,0.0022064222,2353789,eclipsing_binary
1526.6608998865906,0.9980758,0.0022027108,2353789,eclipsing_binary
1526.6622887828123,1.0026516,0.0022093877,2353789,eclipsing_binary
1526.6636776794992,1.0014127,0.0022066997,2353789,eclipsing_binary
1526.6650665757215,1.0011841,0.0022040927,2353789,eclipsing_binary
1526.6664554719443,1.0021155,0.0022053886,2353789,eclipsing_binary
1526.6678443681665,1.0067315,0.0022091737,2353789,eclipsing_binary
1526.6692332648545,1.0050466,0.0022090361,2353789,eclipsing_binary
1526.6706221610768,1.0061524,0.0022091137,2353789,eclipsing_binary
1526.672011057299,1.0023066,0.0022065325,2353789,eclipsing_binary
1526.673399953521,1.0042106,0.0022068312,2353789,eclipsing_binary
1526.6747888497432,1.0034978,0.0022066052,2353789,eclipsing_binary
1526.6761777459653,1.0056723,0.0022093577,2353789,eclipsing_binary
1526.677566642187,1.0042411,0.0022064196,2353789,eclipsing_binary
1526.6789555388748,1.0048531,0.0022090997,2353789,eclipsing_binary
1526.6803444350978,1.0014889,0.002205235,2353789,eclipsing_binary
1526.68173333132,1.0035918,0.0022069223,2353789,eclipsing_binary
1526.6831222275414,1.0021335,0.0022052866,2353789,eclipsing_binary
1526.6845111237628,1.0017332,0.0022065747,2353789,eclipsing_binary
1526.6859000199859,1.0036887,0.0022089465,2353789,eclipsing_binary
1526.6872889162087,1.0070307,0.0022106676,2353789,eclipsing_binary
1526.6886778124301,1.0022004,0.0022059567,2353789,eclipsing_binary
1526.6900667086518,1.0035363,0.0022054086,2353789,eclipsing_binary
1526.6914556048744,1.0072637,0.0022094822,2353789,eclipsing_binary
1526.6928445010974,1.0016917,0.0022056687,2353789,eclipsing_binary
1526.694233397319,1.0028007,0.0022076522,2353789,eclipsing_binary
1526.6956222935403,1.0051905,0.002206971,2353789,eclipsing_binary
1526.6970111897626,1.0047619,0.002208316,2353789,eclipsing_binary
1526.6984000859854,1.0023248,0.0022064561,2353789,eclipsing_binary
1526.6997889822076,1.002643,0.002206239,2353789,eclipsing_binary
1526.7011778784297,0.9993885,0.0022045092,2353789,eclipsing_binary
1526.702566774652,0.9988967,0.0022024347,2353789,eclipsing_binary
1526.7039556708735,1.0043799,0.002208678,2353789,eclipsing_binary
1526.7053445670956,1.0045879,0.0022084168,2353789,eclipsing_binary
1526.7067334633186,1.0005686,0.002204858,2353789,eclipsing_binary
1526.7081223595408,0.99855894,0.0022039386,2353789,eclipsing_binary
1526.7095112557624,1.0016308,0.0022053777,2353789,eclipsing_binary
1526.710900151519,1.002745,0.0022074943,2353789,eclipsing_binary
1526.712289047742,1.0034943,0.0022072508,2353789,eclipsing_binary
1526.713677943964,1.0034751,0.0022072608,2353789,eclipsing_binary
1526.7150668401853,1.003273,0.0022067218,2353789,eclipsing_binary
1526.716455736407,1.0005877,0.0022039504,2353789,eclipsing_binary
1526.71784463263,1.0012537,0.0022048592,2353789,eclipsing_binary
1526.7192335288526,0.9995328,0.0022051784,2353789,eclipsing_binary
1526.7206224246086,1.0042175,0.002207967,2353789,eclipsing_binary
1526.7220113208302,1.0052296,0.002207428,2353789,eclipsing_binary
1526.7234002170524,1.0052354,0.0022087118,2353789,eclipsing_binary
1526.724789113275,1.002902,0.0022061702,2353789,eclipsing_binary
1526.7261780090316,1.0041618,0.0022061842,2353789,eclipsing_binary
1526.727566905253,1.0017585,0.0022056145,2353789,eclipsing_binary
1526.7289558014752,1.0016865,0.0022080995,2353789,eclipsing_binary
1526.7303446976982,1.001864,0.002205438,2353789,eclipsing_binary
1526.7317335934547,1.0055197,0.0022083852,2353789,eclipsing_binary
1526.7331224896764,0.9992891,0.0022036366,2353789,eclipsing_binary
1526.7345113858985,1.004951,0.0022077663,2353789,eclipsing_binary
1526.7359002821206,1.0032816,0.0022072264,2353789,eclipsing_binary
1526.737289177877,0.99971324,0.0022036387,2353789,eclipsing_binary
1526.7386780741,1.0023521,0.0022058114,2353789,eclipsing_binary
1526.7400669703222,1.0093088,0.0022119498,2353789,eclipsing_binary
1526.7414558660782,1.0051389,0.0022082003,2353789,eclipsing_binary
1526.7428447622995,1.0017785,0.0022060208,2353789,eclipsing_binary
1526.7442336585225,1.0047005,0.002207753,2353789,eclipsing_binary
1526.7456225542799,1.0039486,0.0022064343,2353789,eclipsing_binary
1526.747011450501,1.0039153,0.0022094098,2353789,eclipsing_binary
1526.7484003467227,1.0066346,0.002212784,2353789,eclipsing_binary
1526.74978924248,1.0054898,0.0022104504,2353789,eclipsing_binary
1526.7511781387027,1.0024202,0.002203553,2353789,eclipsing_binary
1526.7525670344587,1.0041971,0.00220751,2353789,eclipsing_binary
1526.7539559306801,0.9991377,0.0022036582,2353789,eclipsing_binary
1526.7553448264368,1.0052265,0.0022087751,2353789,eclipsing_binary
1526.7664559948173,1.0032189,0.0022063532,2353789,eclipsing_binary
1526.7678448905738,1.0058259,0.0022081716,2353789,eclipsing_binary
1526.769233786796,1.0057299,0.0022088268,2353789,eclipsing_binary
1526.7706226825533,0.9999575,0.002206013,2353789,eclipsing_binary
1526.7720115783097,1.0009195,0.0022039947,2353789,eclipsing_binary
1526.7734004745312,1.0051601,0.002208769,2353789,eclipsing_binary
1526.774789370287,1.0058451,0.0022083845,2353789,eclipsing_binary
1526.77617826651,1.0013204,0.0022043039,2353789,eclipsing_binary
1526.7775671622671,1.000568,0.0022033097,2353789,eclipsing_binary
1526.7789560584886,1.0050431,0.0022077637,2353789,eclipsing_binary
1526.7803449542446,1.0028669,0.0022052238,2353789,eclipsing_binary
1526.781733850001,1.0026324,0.0022047928,2353789,eclipsing_binary
1526.783122746224,1.0022303,0.0022063828,2353789,eclipsing_binary
1526.7845116419805,1.0001563,0.0022033278,2353789,eclipsing_binary
1526.785900537736,1.0033884,0.0022067362,2353789,eclipsing_binary
1526.7872894339584,1.0007055,0.0022049833,2353789,eclipsing_binary
1526.7886783297156,1.0027541,0.0022046366,2353789,eclipsing_binary
1526.790067225472,1.0020803,0.0022046948,2353789,eclipsing_binary
1526.7914561216937,1.0036743,0.0022060284,2353789,eclipsing_binary
1526.7928450174502,1.000539,0.0022051153,2353789,eclipsing_binary
1526.7942339132067,1.0015361,0.0022041723,2353789,eclipsing_binary
1526.7956228089631,1.0017546,0.0022062685,2353789,eclipsing_binary
1526.7970117051855,1.0037359,0.0022052478,2353789,eclipsing_binary
1526.7984006009422,1.001474,0.002202166,2353789,eclipsing_binary
1526.7997894966986,1.0013336,0.0022041546,2353789,eclipsing_binary
1526.8011783924544,1.0018796,0.002204144,2353789,eclipsing_binary
1526.8025672886772,1.0040469,0.0022053602,2353789,eclipsing_binary
1526.8039561844346,1.0029094,0.0022055784,2353789,eclipsing_binary
1526.8053450801904,0.9978735,0.0022028212,2353789,eclipsing_binary
1526.8067339759461,1.0041997,0.0022051944,2353789,eclipsing_binary
1526.8081228717035,1.0015845,0.0022052305,2353789,eclipsing_binary
1526.809511767926,1.0026841,0.0022053288,2353789,eclipsing_binary
1526.810900663682,1.0045185,0.002206648,2353789,eclipsing_binary
1526.812289559438,1.0062133,0.0022079146,2353789,eclipsing_binary
1526.8136784551946,1.0032245,0.002205299,2353789,eclipsing_binary
1526.8150673509517,1.0029873,0.0022046294,2353789,eclipsing_binary
1526.8164562467084,1.0014068,0.0022037986,2353789,eclipsing_binary
1526.817845142464,0.9988419,0.0022029378,2353789,eclipsing_binary
1526.8192340382207,1.0009323,0.0022048643,2353789,eclipsing_binary
1526.820622934443,1.0041542,0.0022063695,2353789,eclipsing_binary
1526.8220118301995,1.0068171,0.0022077255,2353789,eclipsing_binary
1526.823400725956,1.0015433,0.0022039951,2353789,eclipsing_binary
1526.8247896217124,1.0016538,0.0022055712,2353789,eclipsing_binary
1526.8261785174689,1.0065888,0.0022067523,2353789,eclipsing_binary
1526.8275674132253,1.0042934,0.0022092653,2353789,eclipsing_binary
1526.828956308982,1.0028496,0.0022051157,2353789,eclipsing_binary
1526.8303452047387,1.0002872,0.0022043681,2353789,eclipsing_binary
1526.8317341004952,1.0021263,0.0022043157,2353789,eclipsing_binary
1526.8331229962507,1.0026708,0.002202371,2353789,eclipsing_binary
1526.8345118920074,1.0016046,0.0022037877,2353789,eclipsing_binary
1526.8359007877646,1.0006447,0.0022046706,2353789,eclipsing_binary
1526.837289683521,0.9995504,0.0022022713,2353789,eclipsing_binary
1526.838678579277,0.9996116,0.0022034908,2353789,eclipsing_binary
1526.8400674750335,1.0013932,0.0022042005,2353789,eclipsing_binary
1526.8414563707909,1.0003154,0.0022053597,2353789,eclipsing_binary
1526.8428452665473,0.9985298,0.0022040058,2353789,eclipsing_binary
1526.8442341623033,1.0002968,0.0022043325,2353789,eclipsing_binary
1526.8456230575941,0.99836737,0.0022022454,2353789,eclipsing_binary
1526.847011953351,1.0074695,0.0022089873,2353789,eclipsing_binary
1526.8484008491077,0.9988276,0.002204895,2353789,eclipsing_binary
1526.8497897448635,0.9977302,0.0021989092,2353789,eclipsing_binary
1526.85117864062,1.0009114,0.002203861,2353789,eclipsing_binary
1526.8525675363767,0.9997999,0.00220364,2353789,eclipsing_binary
1526.8539564321334,1.0015386,0.0022027,2353789,eclipsing_binary
1526.8553453274242,0.99797153,0.0022029465,2353789,eclipsing_binary
1526.8567342231806,1.001604,0.0022053875,2353789,eclipsing_binary
1526.858123118937,1.0010556,0.0022028345,2353789,eclipsing_binary
1526.859512014693,1.0056325,0.0022073365,2353789,eclipsing_binary
1526.8609009104496,0.9999904,0.002204985,2353789,eclipsing_binary
1526.862289805741,1.0016577,0.0022061982,2353789,eclipsing_binary
1526.8636787014977,0.99605024,0.0021992957,2353789,eclipsing_binary
1526.8650675972533,0.9987063,0.0022027858,2353789,eclipsing_binary
1526.8678453887671,1.0042691,0.0022054242,2353789,eclipsing_binary
1526.869234284058,0.9988831,0.0022039562,2353789,eclipsing_binary
1526.870623179814,0.9973551,0.0022004875,2353789,eclipsing_binary
1526.8720120755697,0.9967721,0.0022017742,2353789,eclipsing_binary
1526.8734009708612,1.0018039,0.0022046787,2353789,eclipsing_binary
1526.8747898666186,0.997791,0.002202618,2353789,eclipsing_binary
1526.8761787623744,1.0021563,0.0022046445,2353789,eclipsing_binary
1526.8775676576654,0.99880606,0.002198876,2353789,eclipsing_binary
1526.8789565534219,0.9990121,0.0022034817,2353789,eclipsing_binary
1526.8803454491783,0.9966307,0.0022014016,2353789,eclipsing_binary
1526.8817343444691,1.001632,0.0022052343,2353789,eclipsing_binary
1526.8831232402256,1.0032879,0.0022061402,2353789,eclipsing_binary
1526.884512135982,1.0015093,0.0022055034,2353789,eclipsing_binary
1526.885901031273,0.9973924,0.0022020328,2353789,eclipsing_binary
1526.8872899270298,0.99893963,0.002203175,2353789,eclipsing_binary
1526.8886788223206,1.0045686,0.0022080843,2353789,eclipsing_binary
1526.890067718077,0.9974101,0.0022010114,2353789,eclipsing_binary
1526.891456613833,1.0003436,0.002203009,2353789,eclipsing_binary
1526.8928455091238,0.99818814,0.0022013364,2353789,eclipsing_binary
1526.8942344048808,1.0015172,0.0022032696,2353789,eclipsing_binary
1526.8956233001718,0.9977427,0.0022029635,2353789,eclipsing_binary
1526.8970121959276,1.0016987,0.002203491,2353789,eclipsing_binary
1526.898401091218,1.0021554,0.0022070515,2353789,eclipsing_binary
1526.899789986975,1.0004151,0.0022041593,2353789,eclipsing_binary
1526.9011788822665,1.001359,0.0022082592,2353789,eclipsing_binary
1526.9025677780226,0.99794596,0.002202428,2353789,eclipsing_binary
1526.9039566733125,0.99732995,0.0022016633,2353789,eclipsing_binary
1526.9053455690698,0.99953157,0.002202504,2353789,eclipsing_binary
1526.9067344643615,1.0036076,0.0022065947,2353789,eclipsing_binary
1526.908123360117,0.99862576,0.0022033795,2353789,eclipsing_binary
1526.9095122554081,0.99807787,0.0022032992,2353789,eclipsing_binary
1526.9109011506991,1.0015702,0.0022074843,2353789,eclipsing_binary
1526.9122900464556,1.0003403,0.0022052266,2353789,eclipsing_binary
1526.9136789417464,0.99817663,0.0022025409,2353789,eclipsing_binary
1526.9150678375029,1.0011066,0.002204437,2353789,eclipsing_binary
1526.9164567327937,0.9979797,0.0022029243,2353789,eclipsing_binary
1526.917845628084,0.9938101,0.0021996605,2353789,eclipsing_binary
1526.9192345238405,0.9998682,0.0022053528,2353789,eclipsing_binary
1526.9206234191322,0.9953453,0.002200655,2353789,eclipsing_binary
1526.922012314423,0.99951315,0.0022031148,2353789,eclipsing_binary
1526.9234012101788,0.9987569,0.0022042238,2353789,eclipsing_binary
1526.9247901054698,0.9981716,0.0022035837,2353789,eclipsing_binary
1526.926179000761,0.9991692,0.002203689,2353789,eclipsing_binary
1526.9275678965175,0.99965656,0.0022052426,2353789,eclipsing_binary
1526.9289567918079,0.9950713,0.002201478,2353789,eclipsing_binary
1526.9303456870982,1.0003487,0.0022051085,2353789,eclipsing_binary
1526.9317345823895,0.99959993,0.002204585,2353789,eclipsing_binary
1526.9331234781469,0.9951885,0.0022009409,2353789,eclipsing_binary
1526.9345123734372,0.99643177,0.0022007008,2353789,eclipsing_binary
1526.935901268727,0.9997329,0.0022039055,2353789,eclipsing_binary
1526.9372901640181,0.99528104,0.0022007315,2353789,eclipsing_binary
1526.9386790597753,0.9970319,0.0022034529,2353789,eclipsing_binary
1526.940067955066,1.0020205,0.002204696,2353789,eclipsing_binary
1526.9414568503564,1.0013367,0.0022027746,2353789,eclipsing_binary
1526.9428457456472,1.0031046,0.0022057926,2353789,eclipsing_binary
1526.944234640939,0.9998745,0.0022037823,2353789,eclipsing_binary
1526.9456235366954,1.0026718,0.0022047854,2353789,eclipsing_binary
1526.9470124319862,0.99901044,0.0022035546,2353789,eclipsing_binary
1526.948401327277,0.99690115,0.0022029786,2353789,eclipsing_binary
1526.9497902225673,0.99813676,0.002203638,2353789,eclipsing_binary
1526.9511791178581,1.002344,0.002205223,2353789,eclipsing_binary
1526.9525680131496,1.0011691,0.0022044212,2353789,eclipsing_binary
1526.9539569084407,0.99844784,0.0022024554,2353789,eclipsing_binary
1526.9553458037306,0.9997442,0.0022031683,2353789,eclipsing_binary
1526.956734699021,1.0025519,0.0022064638,2353789,eclipsing_binary
1526.9581235947783,0.99992836,0.0022039716,2353789,eclipsing_binary
1526.9595124900695,0.9992228,0.0022041774,2353789,eclipsing_binary
1526.9609013853599,1.000624,0.0022060452,2353789,eclipsing_binary
1526.9622902806502,1.0011826,0.0022057146,2353789,eclipsing_binary
1526.9636791759415,0.99863154,0.0022030973,2353789,eclipsing_binary
1526.9650680712332,0.9969506,0.0022030545,2353789,eclipsing_binary
1526.9664569665233,0.9963756,0.002200737,2353789,eclipsing_binary
1526.9678458618134,0.9975238,0.0022025318,2353789,eclipsing_binary
1526.9692347571042,0.994938,0.0022021881,2353789,eclipsing_binary
1526.970623652396,0.9960497,0.002200613,2353789,eclipsing_binary
1526.9720125476867,0.9992407,0.002203597,2353789,eclipsing_binary
1526.973401442977,1.0017412,0.0022061232,2353789,eclipsing_binary
1526.974790338268,0.9964034,0.002201742,2353789,eclipsing_binary
1526.976179233093,0.9967865,0.0022005271,2353789,eclipsing_binary
1526.9775681283838,0.99783677,0.0022025178,2353789,eclipsing_binary
1526.9789570236746,1.0029641,0.0022061279,2353789,eclipsing_binary
1526.9803459189657,1.0015477,0.002206697,2353789,eclipsing_binary
1526.9817348142567,0.99996644,0.0022041996,2353789,eclipsing_binary
1526.9831237095475,0.99692166,0.002201531,2353789,eclipsing_binary
1526.984512604839,0.99621063,0.002202144,2353789,eclipsing_binary
1526.98590150013,0.99677765,0.0022011355,2353789,eclipsing_binary
1526.98729039542,0.99655116,0.002201,2353789,eclipsing_binary
1526.9886792902446,1.0004828,0.002204968,2353789,eclipsing_binary
1526.990068185536,0.9960904,0.002200928,2353789,eclipsing_binary
1526.9914570808276,0.9998929,0.0022031302,2353789,eclipsing_binary
1526.992845976118,0.998849,0.002204231,2353789,eclipsing_binary
1526.994234871408,1.0008634,0.0022039511,2353789,eclipsing_binary
1526.9956237662334,0.99640936,0.0022013274,2353789,eclipsing_binary
1526.9970126615246,0.99813604,0.002203231,2353789,eclipsing_binary
1526.9984015568155,0.99694186,0.002200599,2353789,eclipsing_binary
1526.9997904521058,0.99900025,0.0022029653,2353789,eclipsing_binary
1527.001179346931,1.0012809,0.002206115,2353789,eclipsing_binary
1527.0025682422227,0.99922764,0.0022021488,2353789,eclipsing_binary
1527.0039571375135,0.99871755,0.0022035674,2353789,eclipsing_binary
1527.0053460328038,0.9965071,0.002201877,2353789,eclipsing_binary
1527.006734927629,0.99532574,0.0022007169,2353789,eclipsing_binary
1527.0081238229197,0.9953176,0.002202558,2353789,eclipsing_binary
1527.0095127182105,1.0001776,0.0022046913,2353789,eclipsing_binary
1527.0109016130357,0.99617803,0.00220207,2353789,eclipsing_binary
1527.0122905083265,1.0020479,0.0022043744,2353789,eclipsing_binary
1527.0136794036175,0.99907523,0.002203194,2353789,eclipsing_binary
1527.015068298442,0.9950361,0.0022003157,2353789,eclipsing_binary
1527.0164571937328,1.0013802,0.0022047802,2353789,eclipsing_binary
1527.0178460890245,0.9941314,0.0021993753,2353789,eclipsing_binary
1527.0192349838496,1.0016861,0.0022044359,2353789,eclipsing_binary
1527.02062387914,0.99843174,0.0022023222,2353789,eclipsing_binary
1527.0220127739658,0.9996226,0.0022048745,2353789,eclipsing_binary
1527.0234016692573,1.0028685,0.0022041705,2353789,eclipsing_binary
1527.024790564082,1.0000324,0.0022044824,2353789,eclipsing_binary
1527.0261794593719,0.9972547,0.0022018251,2353789,eclipsing_binary
1527.027568354663,0.9954051,0.0021994861,2353789,eclipsing_binary
1527.0289572494887,0.99894166,0.0022027853,2353789,eclipsing_binary
1527.0303461447795,0.99896616,0.002201825,2353789,eclipsing_binary
1527.0317350396042,0.99711365,0.0022010237,2353789,eclipsing_binary
1527.033123934895,1.0006008,0.0022036505,2353789,eclipsing_binary
1527.0345128297201,0.998038,0.0022017711,2353789,eclipsing_binary
1527.035901725011,1.0022131,0.0022055262,2353789,eclipsing_binary
1527.0372906198363,0.99664235,0.0022008242,2353789,eclipsing_binary
1527.0386795146617,1.0045733,0.0022057171,2353789,eclipsing_binary
1527.0400684099525,0.99727535,0.0022010237,2353789,eclipsing_binary
1527.0414573047776,0.9969161,0.0022021271,2353789,eclipsing_binary
1527.0428462000684,1.000452,0.0022045674,2353789,eclipsing_binary
1527.0442350948936,0.99807084,0.0022033367,2353789,eclipsing_binary
1527.0456239901844,0.99358624,0.0021987527,2353789,eclipsing_binary
1527.047012885009,1.000931,0.0022035746,2353789,eclipsing_binary
1527.0484017798342,0.99530816,0.0022004766,2353789,eclipsing_binary
1527.049790675126,0.99877435,0.0022023339,2353789,eclipsing_binary
1527.051179569951,0.9967486,0.0022008293,2353789,eclipsing_binary
1527.0525684647757,0.9956019,0.0022013392,2353789,eclipsing_binary
1527.0539573600656,1.0043687,0.0022060222,2353789,eclipsing_binary
1527.0553462548917,0.99611443,0.0022010186,2353789,eclipsing_binary
1527.0567351497177,1.0002431,0.0022044282,2353789,eclipsing_binary
1527.0581240450076,0.9999468,0.0022048373,2353789,eclipsing_binary
1527.0595129398328,0.9977783,0.0022017595,2353789,eclipsing_binary
1527.0609018346588,0.9998183,0.0022037753,2353789,eclipsing_binary
1527.0622907299496,0.9991839,0.002204133,2353789,eclipsing_binary
1527.0636796247743,1.0022715,0.0022061719,2353789,eclipsing_binary
1527.0650685195994,1.0011809,0.0022069146,2353789,eclipsing_binary
1527.0664574144246,0.9986662,0.0022019208,2353789,eclipsing_binary
1527.0678463097154,0.9999713,0.0022054287,2353789,eclipsing_binary
1527.0692352045405,0.9967742,0.0022022808,2353789,eclipsing_binary
1527.070624099366,1.0061456,0.0022084557,2353789,eclipsing_binary
1527.0720129941913,1.0030133,0.0022052226,2353789,eclipsing_binary
1527.0734018890155,1.0005496,0.0022021313,2353789,eclipsing_binary
1527.0747907843065,1.0007241,0.0022043474,2353789,eclipsing_binary
1527.0761796791323,1.0031006,0.0022054918,2353789,eclipsing_binary
1527.0775685739575,0.9998487,0.0022019253,2353789,eclipsing_binary
1527.0789574687822,0.9994997,0.0022032293,2353789,eclipsing_binary
1527.0803463636073,0.9996818,0.0022040159,2353789,eclipsing_binary
1527.0817352584334,0.9992086,0.0022024259,2353789,eclipsing_binary
1527.0831241537242,1.0036294,0.0022067372,2353789,eclipsing_binary
1527.0845130485486,1.0018635,0.0022044503,2353789,eclipsing_binary
1527.085901943373,0.9985962,0.0022039178,2353789,eclipsing_binary
1527.0872908381991,0.99929404,0.0022071695,2353789,eclipsing_binary
1527.088679733025,0.997112,0.0022020824,2353789,eclipsing_binary
1527.0900686278494,0.99949497,0.0022040382,2353789,eclipsing_binary
1527.091457522674,0.9967401,0.0022012566,2353789,eclipsing_binary
1527.0928464174992,0.99685055,0.0022029756,2353789,eclipsing_binary
1527.094235312325,1.0022463,0.0022060983,2353789,eclipsing_binary
1527.0956242071504,0.999897,0.0022029271,2353789,eclipsing_binary
1527.0970131019756,1.0006202,0.0022032557,2353789,eclipsing_binary
1527.0984019968007,1.0028344,0.0022064836,2353789,eclipsing_binary
1527.0997908916258,0.9992902,0.002203539,2353789,eclipsing_binary
1527.101179786451,1.0003116,0.0022051393,2353789,eclipsing_binary
1527.1025686812764,1.0011503,0.002202734,2353789,eclipsing_binary
1527.1039575761017,1.005244,0.0022087663,2353789,eclipsing_binary
1527.105346470926,1.0040715,0.002207055,2353789,eclipsing_binary
1527.106735365751,0.9984898,0.0022018955,2353789,eclipsing_binary
1527.1081242605771,0.9982281,0.0022019744,2353789,eclipsing_binary
1527.1095131554023,0.99750656,0.0022022624,2353789,eclipsing_binary
1527.110902050227,0.99681383,0.0022015048,2353789,eclipsing_binary
1527.1122909450514,0.99952495,0.00220408,2353789,eclipsing_binary
1527.1136798394116,0.99564356,0.0022027204,2353789,eclipsing_binary
1527.1150687342376,0.99652255,0.002201635,2353789,eclipsing_binary
1527.1164576290619,0.9987747,0.0022049288,2353789,eclipsing_binary
1527.1178465238866,1.0004256,0.002203172,2353789,eclipsing_binary
1527.1192354187126,0.99777514,0.002202858,2353789,eclipsing_binary
1527.1206243135382,0.99926555,0.0022037036,2353789,eclipsing_binary
1527.1220132078972,0.9982139,0.0022014983,2353789,eclipsing_binary
1527.123402102722,0.9989226,0.0022028212,2353789,eclipsing_binary
1527.124790997547,0.9987545,0.0022037711,2353789,eclipsing_binary
1527.1261798923729,0.9997264,0.0022032552,2353789,eclipsing_binary
1527.1275687871982,0.9960582,0.0022002123,2353789,eclipsing_binary
1527.1289576815568,0.99881226,0.0022005436,2353789,eclipsing_binary
1527.130346576382,0.9986962,0.00220434,2353789,eclipsing_binary
1527.1317354712073,0.99966913,0.0022029178,2353789,eclipsing_binary
1527.1331243660327,1.0036553,0.0022062422,2353789,eclipsing_binary
1527.1345132603922,1.0034503,0.0022075423,2353789,eclipsing_binary
1527.1359021552173,1.0015267,0.002205128,2353789,eclipsing_binary
1527.1372910500424,1.0007055,0.0022049935,2353789,eclipsing_binary
1527.138679944402,0.99800086,0.0022023255,2353789,eclipsing_binary
1527.140068839228,1.0024372,0.0022052557,2353789,eclipsing_binary
1527.1414577340531,1.0032004,0.002206109,2353789,eclipsing_binary
1527.1428466284121,0.99979234,0.0022046433,2353789,eclipsing_binary
1527.1442355232364,1.0017822,0.0022055642,2353789,eclipsing_binary
1527.1456244180624,1.0001401,0.002204561,2353789,eclipsing_binary
1527.1470133124228,1.0012544,0.002205718,2353789,eclipsing_binary
1527.148402207247,1.0021732,0.0022050422,2353789,eclipsing_binary
1527.1497911020717,0.99893373,0.002202085,2353789,eclipsing_binary
1527.1511799964312,1.0017989,0.0022038755,2353789,eclipsing_binary
1527.1525688912573,0.9947324,0.0022008815,2353789,eclipsing_binary
1527.1539577856167,0.99926597,0.0022050485,2353789,eclipsing_binary
1527.1553466804412,0.999988,0.0022014,2353789,eclipsing_binary
1527.156735574801,0.9995626,0.002204732,2353789,eclipsing_binary
1527.1581244696265,1.0005324,0.0022035409,2353789,eclipsing_binary
1527.1595133639862,0.9997266,0.0022047716,2353789,eclipsing_binary
1527.1609022588107,1.0040712,0.0022057756,2353789,eclipsing_binary
1527.1622911531701,0.9990544,0.0022035802,2353789,eclipsing_binary
1527.1636800479955,0.99494886,0.0021999807,2353789,eclipsing_binary
1527.1650689423552,0.99683046,0.0022019718,2353789,eclipsing_binary
1527.1664578371804,0.99784446,0.0022019893,2353789,eclipsing_binary
1527.1678467315398,0.99916947,0.0022031243,2353789,eclipsing_binary
1527.169235626365,0.9993564,0.0022035008,2353789,eclipsing_binary
1527.170624520724,0.9978157,0.002202556,2353789,eclipsing_binary
1527.1720134155491,0.9961224,0.0022020615,2353789,eclipsing_binary
1527.1734023099093,0.9979935,0.002201044,2353789,eclipsing_binary
1527.174791204269,0.99177194,0.0021976398,2353789,eclipsing_binary
1527.1761800990932,0.99760145,0.0022014515,2353789,eclipsing_binary
1527.1775689934536,1.0000497,0.0022053334,2353789,eclipsing_binary
1527.1789578882797,0.9975456,0.002200461,2353789,eclipsing_binary
1527.1803467826383,0.9995142,0.0022034182,2353789,eclipsing_binary
1527.1817356769973,0.9983821,0.0022019797,2353789,eclipsing_binary
1527.1831245718224,0.9949076,0.0022002144,2353789,eclipsing_binary
1527.1845134661828,1.0033597,0.0022057004,2353789,eclipsing_binary
1527.1859023605423,1.0004642,0.0022041071,2353789,eclipsing_binary
1527.1872912553667,0.991217,0.002197296,2353789,eclipsing_binary
1527.1886801497265,0.99552256,0.0022009537,2353789,eclipsing_binary
1527.190069044086,0.99603784,0.0022016265,2353789,eclipsing_binary
1527.1914579384454,0.9925506,0.0021988845,2353789,eclipsing_binary
1527.1928468332706,0.99885124,0.0022043951,2353789,eclipsing_binary
1527.19423572763,0.99822694,0.0022068846,2353789,eclipsing_binary
1527.1956246219895,1.0001715,0.0022050794,2353789,eclipsing_binary
1527.1970135163492,1.0006657,0.0022071947,2353789,eclipsing_binary
1527.1984024111746,0.9985284,0.0022023234,2353789,eclipsing_binary
1527.199791305534,0.99758464,0.0022038086,2353789,eclipsing_binary
1527.2011801998935,1.0016116,0.0022050815,2353789,eclipsing_binary
1527.2025690942523,0.99611104,0.0022038661,2353789,eclipsing_binary
1527.203957988612,1.0001577,0.0022047744,2353789,eclipsing_binary
1527.2053468834376,0.9989752,0.0022019744,2353789,eclipsing_binary
1527.2067357777973,0.99796045,0.0022034445,2353789,eclipsing_binary
1527.2081246721561,0.99894154,0.002202841,2353789,eclipsing_binary
1527.2095135665152,1.0029399,0.0022071672,2353789,eclipsing_binary
1527.2109024608753,1.000042,0.0022046324,2353789,eclipsing_binary
1527.2122913552355,0.99967295,0.0022015164,2353789,eclipsing_binary
1527.2136802495945,0.9977419,0.0022040184,2353789,eclipsing_binary
1527.215069143953,0.9985684,0.0022023157,2353789,eclipsing_binary
1527.2164580387791,0.99938273,0.0022063297,2353789,eclipsing_binary
1527.2178469331395,0.9986614,0.0022029558,2353789,eclipsing_binary
1527.219235827498,0.9935346,0.0022012163,2353789,eclipsing_binary
1527.2206247218578,0.9984543,0.0022017385,2353789,eclipsing_binary
1527.2220136162175,0.9932098,0.0021998861,2353789,eclipsing_binary
1527.223402510577,0.9977621,0.0022024503,2353789,eclipsing_binary
1527.2247914049365,0.9979919,0.0022029106,2353789,eclipsing_binary
1527.226180299296,0.9979265,0.0022045618,2353789,eclipsing_binary
1527.2275691936554,0.9977922,0.0022011173,2353789,eclipsing_binary
1527.2289580880145,0.9985042,0.0022030333,2353789,eclipsing_binary
1527.230346982374,0.99820524,0.0022029558,2353789,eclipsing_binary
1527.2317358767343,0.99981505,0.002204259,2353789,eclipsing_binary
1527.2331247710938,0.9973514,0.0022022862,2353789,eclipsing_binary
1527.2345136654526,0.997207,0.0022030126,2353789,eclipsing_binary
1527.2359025593466,1.0009711,0.0022036454,2353789,eclipsing_binary
1527.2372914537066,1.0010214,0.002204568,2353789,eclipsing_binary
1527.238680348066,1.000268,0.0022054524,2353789,eclipsing_binary
1527.240069242425,0.9990118,0.0022050904,2353789,eclipsing_binary
1527.241458136784,1.0024332,0.002207734,2353789,eclipsing_binary
1527.242847031144,0.999476,0.002205389,2353789,eclipsing_binary
1527.2442359255044,0.9982483,0.0022036815,2353789,eclipsing_binary
1527.2456248198635,0.9967362,0.002202672,2353789,eclipsing_binary
1527.2470137137564,1.000812,0.0022044915,2353789,eclipsing_binary
1527.2484026081158,1.004487,0.0022082767,2353789,eclipsing_binary
1527.2497915024762,1.0028836,0.002205826,2353789,eclipsing_binary
1527.2511803968357,1.0048708,0.0022081684,2353789,eclipsing_binary
1527.2525692911947,0.99734193,0.002202049,2353789,eclipsing_binary
1527.2539581850885,0.999951,0.0022039106,2353789,eclipsing_binary
1527.255347079449,0.99814373,0.0022033383,2353789,eclipsing_binary
1527.2567359738084,1.0030397,0.0022071288,2353789,eclipsing_binary
1527.258124868168,0.99958014,0.0022042177,2353789,eclipsing_binary
1527.2595137620617,0.9979814,0.0022020144,2353789,eclipsing_binary
1527.2609026564207,0.99915683,0.0022040932,2353789,eclipsing_binary
1527.2622915507802,1.0019083,0.002205997,2353789,eclipsing_binary
1527.2636804451404,0.99984497,0.0022055309,2353789,eclipsing_binary
1527.2650693390344,1.000954,0.0022048193,2353789,eclipsing_binary
1527.266458233393,0.99722224,0.0022038743,2353789,eclipsing_binary
1527.267847127752,0.99711186,0.00220647,2353789,eclipsing_binary
1527.2692360216467,0.999066,0.0022021893,2353789,eclipsing_binary
1527.2706249160067,0.9974487,0.0022014556,2353789,eclipsing_binary
1527.2720138103657,0.9995207,0.0022027588,2353789,eclipsing_binary
1527.2734027042588,0.9988603,0.002204829,2353789,eclipsing_binary
1527.274791598619,0.99665207,0.002201619,2353789,eclipsing_binary
1527.2761804925137,1.000618,0.0022049006,2353789,eclipsing_binary
1527.2775693868725,0.9975778,0.0022040112,2353789,eclipsing_binary
1527.2789582812313,0.9988637,0.0022022524,2353789,eclipsing_binary
1527.2803471751251,0.9984209,0.0022056263,2353789,eclipsing_binary
1527.2817360694855,0.995865,0.0022021767,2353789,eclipsing_binary
1527.2831249633794,0.99993455,0.0022046294,2353789,eclipsing_binary
1527.2845138577384,0.9943183,0.0022007108,2353789,eclipsing_binary
1527.2859027516322,0.9974526,0.00220304,2353789,eclipsing_binary
1527.2872916459917,0.9961949,0.0022012608,2353789,eclipsing_binary
1527.2886805398855,1.0006652,0.0022038699,2353789,eclipsing_binary
1527.290069434245,0.998476,0.0022031593,2353789,eclipsing_binary
1527.291458328139,0.99583113,0.0022019309,2353789,eclipsing_binary
1527.2928472224987,1.0026754,0.0022075053,2353789,eclipsing_binary
1527.2942361163925,0.99938196,0.0022030738,2353789,eclipsing_binary
1527.295625010752,0.99843657,0.0022013087,2353789,eclipsing_binary
1527.2970139046458,0.9935601,0.002199971,2353789,eclipsing_binary
1527.2984027985397,0.99752235,0.0022042783,2353789,eclipsing_binary
1527.2997916928987,1.0031415,0.0022082147,2353789,eclipsing_binary
1527.3011805867932,0.9984591,0.002203955,2353789,eclipsing_binary
1527.3025694811533,0.9985958,0.0022033395,2353789,eclipsing_binary
1527.3039583750467,1.0017453,0.002205758,2353789,eclipsing_binary
1527.3053472689398,1.0015647,0.002205023,2353789,eclipsing_binary
1527.3067361632995,0.99661535,0.0022018955,2353789,eclipsing_binary
1527.3081250571938,0.99865466,0.0022024785,2353789,eclipsing_binary
1527.3095139510876,0.9973678,0.0022016848,2353789,eclipsing_binary
1527.3109028454467,0.9993425,0.002203655,2353789,eclipsing_binary
1527.3122917393405,1.0027122,0.002206534,2353789,eclipsing_binary
1527.3136806332352,1.0051229,0.002207305,2353789,eclipsing_binary
1527.3150695275947,1.001845,0.0022060222,2353789,eclipsing_binary
1527.316458421488,0.99464524,0.0022025977,2353789,eclipsing_binary
1527.3178473153819,0.9989063,0.0022029164,2353789,eclipsing_binary
1527.3192362092757,1.0013415,0.0022051535,2353789,eclipsing_binary
1527.3206251036352,0.9972,0.0022004056,2353789,eclipsing_binary
1527.322013997529,0.9959141,0.002199109,2353789,eclipsing_binary
1527.3234028914228,0.99832004,0.0022027814,2353789,eclipsing_binary
1527.3247917853168,0.99644125,0.002201672,2353789,eclipsing_binary
1527.3261806796756,1.0024098,0.0022053153,2353789,eclipsing_binary
1527.3275695735695,0.9954969,0.0022002247,2353789,eclipsing_binary
1527.3289584674642,0.9976329,0.0022031895,2353789,eclipsing_binary
1527.330347361358,0.9968897,0.0022026007,2353789,eclipsing_binary
1527.3317362552514,0.9975922,0.0022020843,2353789,eclipsing_binary
1527.3331251491452,0.9956812,0.0022011548,2353789,eclipsing_binary
1527.3345140430397,0.9954668,0.0022015823,2353789,eclipsing_binary
1527.3359029373994,1.001216,0.0022044266,2353789,eclipsing_binary
1527.3372918312923,0.9982674,0.0022029416,2353789,eclipsing_binary
1527.3386807251857,0.99699986,0.0022022903,2353789,eclipsing_binary
1527.3400696190804,1.000115,0.0022061889,2353789,eclipsing_binary
1527.3414585129747,0.9967859,0.0022015234,2353789,eclipsing_binary
1527.342847406868,1.0017588,0.0022045216,2353789,eclipsing_binary
1527.3442363007618,0.99814665,0.0022030745,2353789,eclipsing_binary
1527.3456251946557,0.99956787,0.0022039013,2353789,eclipsing_binary
1527.3470140885495,0.99620056,0.0022019907,2353789,eclipsing_binary
1527.3484029824435,1.000599,0.0022047223,2353789,eclipsing_binary
1527.3497918763376,0.99770063,0.0022043402,2353789,eclipsing_binary
1527.3511807702314,0.99918014,0.0022034012,2353789,eclipsing_binary
1527.3525696641245,0.99645084,0.0022020554,2353789,eclipsing_binary
1527.3539585580186,0.9985922,0.0022041525,2353789,eclipsing_binary
1527.3553474519128,0.9992605,0.0022037812,2353789,eclipsing_binary
1527.3567363458067,1.0017473,0.0022049455,2353789,eclipsing_binary
1527.3581252397,1.0000134,0.002203812,2353789,eclipsing_binary
1527.3595141335938,0.9994836,0.0022045097,2353789,eclipsing_binary
1527.3609030274886,1.0028481,0.0022056515,2353789,eclipsing_binary
1527.3622919213824,1.0011727,0.0022059998,2353789,eclipsing_binary
1527.3636808152758,0.9997509,0.0022062017,2353789,eclipsing_binary
1527.365069708703,0.9974445,0.0022016324,2353789,eclipsing_binary
1527.3664586025977,1.0036405,0.00220669,2353789,eclipsing_binary
1527.3678474964925,0.99716854,0.0022011746,2353789,eclipsing_binary
1527.3692363903854,1.003055,0.0022065304,2353789,eclipsing_binary
1527.3706252842787,0.9989491,0.0022034056,2353789,eclipsing_binary
1527.3720141781725,1.0021662,0.0022052887,2353789,eclipsing_binary
1527.3734030716016,0.9979551,0.0022043341,2353789,eclipsing_binary
1527.3747919654954,1.002046,0.0022065737,2353789,eclipsing_binary
1527.3761808593886,1.0013419,0.0022046526,2353789,eclipsing_binary
1527.3775697532826,1.0001316,0.0022051088,2353789,eclipsing_binary
1527.378958647177,0.9955981,0.0022003076,2353789,eclipsing_binary
1527.380347540605,0.9980519,0.0022024831,2353789,eclipsing_binary
1527.3817364344984,0.9990531,0.0022037628,2353789,eclipsing_binary
1527.3831253283922,0.99801457,0.0022055018,2353789,eclipsing_binary
1527.384514222286,0.9942194,0.0021989823,2353789,eclipsing_binary
1527.3859031157144,0.9979673,0.0022024983,2353789,eclipsing_binary
1527.3872920096085,1.0032514,0.0022064599,2353789,eclipsing_binary
1527.3886809035023,0.9975654,0.0022032328,2353789,eclipsing_binary
1527.3900697969304,0.9997144,0.0022032158,2353789,eclipsing_binary
1527.3914586908236,1.0006962,0.0022051937,2353789,eclipsing_binary
1527.392847584718,0.997428,0.0022006705,2353789,eclipsing_binary
1527.3942364781471,0.9960699,0.0022021823,2353789,eclipsing_binary
1527.3956253720403,0.9988068,0.0022047884,2353789,eclipsing_binary
1527.3970142659334,1.000301,0.0022045695,2353789,eclipsing_binary
1527.3984031593625,0.9999447,0.0022031288,2353789,eclipsing_binary
1527.399792053257,0.999706,0.0022036838,2353789,eclipsing_binary
1527.4011809466845,0.99913466,0.0022046282,2353789,eclipsing_binary
1527.4025698405778,0.99948347,0.00220571,2353789,eclipsing_binary
1527.403958734006,0.99775904,0.0022034151,2353789,eclipsing_binary
1527.4053476279005,0.9947236,0.0022007807,2353789,eclipsing_binary
1527.4067365217945,0.9996294,0.0022032494,2353789,eclipsing_binary
1527.4081254152218,0.9992129,0.0022038056,2353789,eclipsing_binary
1527.4095143091158,1.001468,0.0022053255,2353789,eclipsing_binary
1527.4109032025442,0.99744785,0.0022019038,2353789,eclipsing_binary
1527.412292096438,1.0001731,0.0022046766,2353789,eclipsing_binary
1527.4136809898662,0.99852896,0.0022028903,2353789,eclipsing_binary
1527.41506988376,1.001008,0.002205182,2353789,eclipsing_binary
1527.4164587771882,1.0021774,0.002204818,2353789,eclipsing_binary
1527.4178476706163,0.99869305,0.0022011905,2353789,eclipsing_binary
1527.4192365645104,0.9969369,0.002201604,2353789,eclipsing_binary
1527.4206254579387,0.9998383,0.0022031392,2353789,eclipsing_binary
1527.4220143518326,1.0010041,0.0022050573,2353789,eclipsing_binary
1527.42340324526,0.99840546,0.002202729,2353789,eclipsing_binary
1527.4247921386884,1.0010736,0.002204594,2353789,eclipsing_binary
1527.4261810325827,1.0038831,0.0022058014,2353789,eclipsing_binary
1527.4275699260108,1.0005699,0.0022039004,2353789,eclipsing_binary
1527.4289588199042,1.0000086,0.0022031174,2353789,eclipsing_binary
1527.430347713332,0.9969259,0.0022021001,2353789,eclipsing_binary
1527.4317366067605,1.0008436,0.0022070166,2353789,eclipsing_binary
1527.4331255006553,0.9990952,0.0022029032,2353789,eclipsing_binary
1527.434514394083,0.9982564,0.0022049781,2353789,eclipsing_binary
1527.435903287511,0.9982465,0.002201903,2353789,eclipsing_binary
1527.43729218094,1.0020117,0.0022055649,2353789,eclipsing_binary
1527.438681074834,1.00276,0.0022038962,2353789,eclipsing_binary
1527.4400699682612,1.0003554,0.0022049688,2353789,eclipsing_binary
1527.4414588616894,1.0000871,0.0022033274,2353789,eclipsing_binary
1527.4428477551178,0.9947418,0.0021998049,2353789,eclipsing_binary
1527.4442366490118,1.0014929,0.002203527,2353789,eclipsing_binary
1527.44562554244,1.0006886,0.002204096,2353789,eclipsing_binary
1527.4470144358681,0.99949664,0.0022041546,2353789,eclipsing_binary
1527.4484033292963,0.99972135,0.0022031956,2353789,eclipsing_binary
1527.449792222724,0.9981151,0.0022031663,2353789,eclipsing_binary
1527.4511811166178,1.0014974,0.002207318,2353789,eclipsing_binary
1527.4525700100467,0.9956586,0.0022007457,2353789,eclipsing_binary
1527.453958903475,1.0025138,0.0022044023,2353789,eclipsing_binary
1527.4553477969023,0.99729806,0.0022017553,2353789,eclipsing_binary
1527.4567366903307,0.99820656,0.0022046806,2353789,eclipsing_binary
1527.4581255837595,1.0010972,0.00220473,2353789,eclipsing_binary
1527.4595144771877,1.0000237,0.0022038734,2353789,eclipsing_binary
1527.460903371081,1.0031325,0.0022054634,2353789,eclipsing_binary
1527.4622922645087,1.0017887,0.0022050277,2353789,eclipsing_binary
1527.4636811579373,1.0016303,0.0022050207,2353789,eclipsing_binary
1527.4650700513664,1.0007064,0.0022052354,2353789,eclipsing_binary
1527.4664589447939,1.0003318,0.0022034456,2353789,eclipsing_binary
1527.4678478382214,1.002973,0.0022051323,2353789,eclipsing_binary
1527.4692367316495,1.0040987,0.0022063851,2353789,eclipsing_binary
1527.4706256250786,1.0003718,0.0022037784,2353789,eclipsing_binary
1527.4720145185067,1.0019535,0.002208032,2353789,eclipsing_binary
1527.4734034119344,0.99930024,0.0022039167,2353789,eclipsing_binary
1527.4747923053626,1.0039152,0.002209394,2353789,eclipsing_binary
1527.4761811987914,1.0014557,0.0022044652,2353789,eclipsing_binary
1527.4775700922198,1.0006244,0.0022036112,2353789,eclipsing_binary
1527.478958985648,1.0005673,0.002203362,2353789,eclipsing_binary
1527.4803478786105,0.99843377,0.0022026282,2353789,eclipsing_binary
1527.4817367720382,1.0013982,0.002203364,2353789,eclipsing_binary
1527.4831256654663,1.000941,0.0022083349,2353789,eclipsing_binary
1527.4845145588952,1.0051638,0.0022087002,2353789,eclipsing_binary
1527.4859034523236,0.99901104,0.0022042012,2353789,eclipsing_binary
1527.4872923457508,1.0050882,0.0022081605,2353789,eclipsing_binary
1527.4886812391785,1.0013059,0.0022057425,2353789,eclipsing_binary
1527.4900701326073,0.9990249,0.002202846,2353789,eclipsing_binary
1527.4914590255705,1.0028529,0.0022046384,2353789,eclipsing_binary
1527.4928479189982,1.0007663,0.002204304,2353789,eclipsing_binary
1527.4942368124257,1.0004157,0.002205407,2353789,eclipsing_binary
1527.4956257058545,1.0005007,0.002205645,2353789,eclipsing_binary
1527.4970145992836,0.9983595,0.0022024475,2353789,eclipsing_binary
1527.4984034922452,0.9991692,0.0022050256,2353789,eclipsing_binary
1527.499792385673,0.99978614,0.0022032768,2353789,eclipsing_binary
1527.501181279101,1.0021843,0.0022056852,2353789,eclipsing_binary
1527.50257017253,1.0029637,0.0022059262,2353789,eclipsing_binary
1527.5039590654926,0.99981225,0.0022042098,2353789,eclipsing_binary
1527.5053479589203,1.0044911,0.002208208,2353789,eclipsing_binary
1527.5067368523485,1.0002241,0.002204213,2353789,eclipsing_binary
1527.508125745311,1.0018868,0.002204685,2353789,eclipsing_binary
1527.5095146387391,1.006344,0.0022087581,2353789,eclipsing_binary
1527.5109035321673,1.0025662,0.002205407,2353789,eclipsing_binary
1527.5122924251298,1.0025334,0.0022069819,2353789,eclipsing_binary
1527.5136813185582,1.0002235,0.002204003,2353789,eclipsing_binary
1527.5150702119865,1.0021657,0.0022056513,2353789,eclipsing_binary
1527.516459104949,1.0049949,0.0022074284,2353789,eclipsing_binary
1527.5178479983772,1.0055239,0.0022074375,2353789,eclipsing_binary
1527.5192368918053,1.0037011,0.0022057004,2353789,eclipsing_binary
1527.5206257847674,1.0015954,0.002204261,2353789,eclipsing_binary
1527.5220146781955,1.0019888,0.002204534,2353789,eclipsing_binary
1527.5234035711587,1.0015796,0.0022062669,2353789,eclipsing_binary
1527.524792464587,1.0019201,0.0022053062,2353789,eclipsing_binary
1527.5261813575487,1.002615,0.0022060834,2353789,eclipsing_binary
1527.527570250977,0.99912024,0.002203217,2353789,eclipsing_binary
1527.5289591439403,1.0015751,0.0022063113,2353789,eclipsing_binary
1527.5303480373684,1.0030984,0.0022083155,2353789,eclipsing_binary
1527.5317369303305,1.0031606,0.002205704,2353789,eclipsing_binary
1527.5331258237586,1.0048078,0.0022068492,2353789,eclipsing_binary
1527.534514716722,1.0030401,0.002206672,2353789,eclipsing_binary
1527.5359036101502,1.0007704,0.0022055057,2353789,eclipsing_binary
1527.537292503112,1.0021455,0.0022082576,2353789,eclipsing_binary
1527.5386813965404,1.0047251,0.0022092357,2353789,eclipsing_binary
1527.5400702895029,1.0031923,0.0022043288,2353789,eclipsing_binary
1527.5414591824654,1.0022613,0.0022058373,2353789,eclipsing_binary
1527.5428480758935,1.0023807,0.0022069328,2353789,eclipsing_binary
1527.544236968856,1.0062071,0.0022089963,2353789,eclipsing_binary
1527.5456258622842,1.0038425,0.002206441,2353789,eclipsing_binary
1527.5470147552462,1.0025958,0.0022050252,2353789,eclipsing_binary
1527.5484036482087,1.002896,0.002207797,2353789,eclipsing_binary
1527.5497925416378,1.0009867,0.0022040624,2353789,eclipsing_binary
1527.5511814346003,1.0030116,0.0022072946,2353789,eclipsing_binary
1527.5525703275623,0.9998765,0.0022027448,2353789,eclipsing_binary
1527.5539592209905,1.009029,0.0022095107,2353789,eclipsing_binary
1527.5553481139536,1.0027565,0.0022061146,2353789,eclipsing_binary
1527.5567370069164,1.0029373,0.0022053781,2353789,eclipsing_binary
1527.558125899878,1.0027795,0.0022048787,2353789,eclipsing_binary
1527.5595147933057,1.0046793,0.0022065202,2353789,eclipsing_binary
1527.5609036862688,1.0012841,0.0022047574,2353789,eclipsing_binary
1527.562292579232,1.002938,0.002206587,2353789,eclipsing_binary
1527.563681472194,0.9986324,0.0022031348,2353789,eclipsing_binary
1527.5650703656215,1.0053881,0.0022079747,2353789,eclipsing_binary
1527.5664592585842,1.0057652,0.0022073442,2353789,eclipsing_binary
1527.5678481515472,1.0046506,0.002209333,2353789,eclipsing_binary
1527.5692370445097,1.0021193,0.0022056832,2353789,eclipsing_binary
1527.5706259374717,1.0069023,0.0022092012,2353789,eclipsing_binary
1527.5720148304342,1.0012487,0.0022050678,2353789,eclipsing_binary
1527.5734037238633,1.0029359,0.002206014,2353789,eclipsing_binary
1527.5747926168258,1.0028144,0.0022063784,2353789,eclipsing_binary
1527.5761815097883,1.0023383,0.0022057455,2353789,eclipsing_binary
1527.5775704027508,1.0053792,0.002210382,2353789,eclipsing_binary
1527.5789592957128,0.99948066,0.002203705,2353789,eclipsing_binary
1527.5803481886753,1.0051718,0.0022087686,2353789,eclipsing_binary
1527.5817370816387,1.0075213,0.002208806,2353789,eclipsing_binary
1527.5831259746012,1.0048674,0.0022071563,2353789,eclipsing_binary
1527.584514867563,1.0064164,0.0022088045,2353789,eclipsing_binary
1527.5859037605248,1.0051789,0.0022079481,2353789,eclipsing_binary
1527.5872926534882,1.0043716,0.0022064345,2353789,eclipsing_binary
1527.5886815464514,1.004264,0.0022065886,2353789,eclipsing_binary
1527.5900704394132,1.0041298,0.0022078156,2353789,eclipsing_binary
1527.5914593323753,1.0040833,0.0022055334,2353789,eclipsing_binary
1527.5928482253385,1.0037979,0.0022075125,2353789,eclipsing_binary
1527.5942371183016,1.0016986,0.00220506,2353789,eclipsing_binary
1527.5956260112637,1.0056862,0.0022085141,2353789,eclipsing_binary
1527.5970149042253,1.0057578,0.0022085437,2353789,eclipsing_binary
1527.598403797188,1.0056533,0.0022085859,2353789,eclipsing_binary
1527.5997926901512,1.0063452,0.002208351,2353789,eclipsing_binary
1527.6011815831137,1.003205,0.002206607,2353789,eclipsing_binary
1527.60257047561,1.0052056,0.0022089283,2353789,eclipsing_binary
1527.6039593685725,1.0071964,0.002208018,2353789,eclipsing_binary
1527.605348261535,1.004089,0.0022072387,2353789,eclipsing_binary
1527.6067371544975,1.0022347,0.0022050666,2353789,eclipsing_binary
1527.6081260474602,1.0037984,0.002207614,2353789,eclipsing_binary
1527.609514940423,1.003985,0.0022074073,2353789,eclipsing_binary
1527.6109038329198,1.0044655,0.0022077253,2353789,eclipsing_binary
1527.6122927258823,1.006398,0.0022085202,2353789,eclipsing_binary
1527.6136816188448,1.0053203,0.002207674,2353789,eclipsing_binary
1527.6150705118073,1.0012325,0.0022043393,2353789,eclipsing_binary
1527.6164594047698,1.0018575,0.0022076962,2353789,eclipsing_binary
1527.6178482972662,1.0019876,0.002205077,2353789,eclipsing_binary
1527.6192371902287,1.0041295,0.0022076136,2353789,eclipsing_binary
1527.620626083192,1.0031309,0.0022048298,2353789,eclipsing_binary
1527.622014975689,1.0043595,0.0022071265,2353789,eclipsing_binary
1527.623403868651,1.0031903,0.002206742,2353789,eclipsing_binary
1527.6247927616134,1.0009751,0.0022048596,2353789,eclipsing_binary
1527.6261816545766,1.00076,0.0022058971,2353789,eclipsing_binary
1527.6275705470737,1.000198,0.002205561,2353789,eclipsing_binary
1527.6289594400353,1.0022056,0.0022053195,2353789,eclipsing_binary
1527.630348332532,1.0027145,0.002206992,2353789,eclipsing_binary
1527.6317372254955,1.0039269,0.0022092017,2353789,eclipsing_binary
1527.633126118458,1.0028325,0.0022066238,2353789,eclipsing_binary
1527.6345150109544,1.0026842,0.00220755,2353789,eclipsing_binary
1527.6359039039169,1.0037577,0.0022074415,2353789,eclipsing_binary
1527.6372927964137,1.0079671,0.0022088657,2353789,eclipsing_binary
1527.6386816893762,1.0058069,0.002208287,2353789,eclipsing_binary
1527.6400705823387,1.0058216,0.0022081526,2353789,eclipsing_binary
1527.6414594748358,1.0040486,0.0022067204,2353789,eclipsing_binary
1527.6428483677985,1.0074908,0.0022085265,2353789,eclipsing_binary
1527.6442372602944,1.0053946,0.0022086299,2353789,eclipsing_binary
1527.6456261532571,1.0038964,0.0022063262,2353789,eclipsing_binary
1527.6470150457546,1.0046299,0.0022059942,2353789,eclipsing_binary
1527.6484039387171,1.0030456,0.0022068683,2353789,eclipsing_binary
1527.6497928312135,1.0034312,0.002210978,2353789,eclipsing_binary
1527.651181724176,1.0032873,0.0022060424,2353789,eclipsing_binary
1527.6525706166738,1.0045525,0.0022089568,2353789,eclipsing_binary
1527.6539595091706,1.0035247,0.0022067688,2353789,eclipsing_binary
1527.6553484021324,1.000647,0.0022042496,2353789,eclipsing_binary
1527.6567372946286,1.0015366,0.0022041262,2353789,eclipsing_binary
1527.658126187592,1.0003303,0.0022041316,2353789,eclipsing_binary
1527.6595150800895,1.0002153,0.002203794,2353789,eclipsing_binary
1527.6609039725856,1.0060657,0.0022085055,2353789,eclipsing_binary
1527.6622928655477,0.99832225,0.002203169,2353789,eclipsing_binary
1527.6636817580445,1.0027899,0.0022052238,2353789,eclipsing_binary
1527.665070650542,1.0009252,0.0022042831,2353789,eclipsing_binary
1527.6664595435047,1.0033404,0.0022060422,2353789,eclipsing_binary
1527.6678484360007,1.0026308,0.002208699,2353789,eclipsing_binary
1527.6692373284977,0.99911433,0.002203889,2353789,eclipsing_binary
1527.670626221461,1.0021337,0.0022071796,2353789,eclipsing_binary
1527.6720151139577,1.0027262,0.002205538,2353789,eclipsing_binary
1527.6734040064541,1.0012362,0.0022058752,2353789,eclipsing_binary
1527.674792898951,0.99828047,0.002203086,2353789,eclipsing_binary
1527.6761817919135,1.0020825,0.0022068406,2353789,eclipsing_binary
1527.6775706844103,1.0002412,0.0022042552,2353789,eclipsing_binary
1527.678959576908,1.0054834,0.0022079023,2353789,eclipsing_binary
1527.6803484694049,1.003026,0.0022062196,2353789,eclipsing_binary
1527.6817373619012,0.99906355,0.0022038883,2353789,eclipsing_binary
1527.683126254863,1.0005765,0.002204967,2353789,eclipsing_binary
1527.6845151473606,1.0001906,0.0022052564,2353789,eclipsing_binary
1527.6859040398583,1.0026388,0.0022067307,2353789,eclipsing_binary
1527.6872929323542,1.0044234,0.0022068014,2353789,eclipsing_binary
1527.6886818248506,1.0050143,0.0022075619,2353789,eclipsing_binary
1527.6900707173484,1.0044916,0.0022067858,2353789,eclipsing_binary
1527.6914596098457,1.0006158,0.002208135,2353789,eclipsing_binary
1527.692848502342,1.0009137,0.00220455,2353789,eclipsing_binary
1527.6942373948384,1.0029032,0.0022064918,2353789,eclipsing_binary
1527.695626287801,1.0044012,0.002206619,2353789,eclipsing_binary
1527.6970151802984,1.003165,0.0022083048,2353789,eclipsing_binary
1527.6984040727955,1.0026392,0.0022046117,2353789,eclipsing_binary
1527.6997929652914,1.0031617,0.0022070198,2353789,eclipsing_binary
1527.7011818577882,1.0005927,0.0022048575,2353789,eclipsing_binary
1527.7025707502853,0.9994757,0.002202475,2353789,eclipsing_binary
1527.7039596427824,0.9986214,0.0022032135,2353789,eclipsing_binary
1527.7053485352792,1.0035306,0.0022068103,2353789,eclipsing_binary
1527.706737427776,0.9998838,0.002203892,2353789,eclipsing_binary
1527.7081263202729,1.0029624,0.0022070587,2353789,eclipsing_binary
1527.709515212304,1.000294,0.002203138,2353789,eclipsing_binary
1527.7109041048009,1.0055745,0.0022097814,2353789,eclipsing_binary
1527.712292997298,1.00147,0.0022070475,2353789,eclipsing_binary
1527.713681889795,1.0028307,0.0022044824,2353789,eclipsing_binary
1527.715070782291,1.0004405,0.0022053805,2353789,eclipsing_binary
1527.716459674788,1.0014774,0.002205092,2353789,eclipsing_binary
1527.7178485672855,1.0008886,0.0022059917,2353789,eclipsing_binary
1527.7192374597823,1.003206,0.00220699,2353789,eclipsing_binary
1527.720626351813,0.9966428,0.002200869,2353789,eclipsing_binary
1527.7220152443094,1.0002463,0.002204195,2353789,eclipsing_binary
1527.7234041368067,1.0002621,0.002204487,2353789,eclipsing_binary
1527.7247930293045,0.9986764,0.0022018438,2353789,eclipsing_binary
1527.7261819218006,1.0002743,0.002204588,2353789,eclipsing_binary
1527.727570813831,1.0052582,0.00220775,2353789,eclipsing_binary
1527.7289597063289,0.9979381,0.0022041842,2353789,eclipsing_binary
1527.7303485988264,0.9999479,0.002203365,2353789,eclipsing_binary
1527.7317374913225,1.003661,0.0022074091,2353789,eclipsing_binary
1527.7331263833537,1.0024995,0.0022057174,2353789,eclipsing_binary
1527.7345152758505,0.9999843,0.0022047707,2353789,eclipsing_binary
1527.7359041683476,1.0026432,0.002205753,2353789,eclipsing_binary
1527.7372930608446,1.0017222,0.002204479,2353789,eclipsing_binary
1527.7386819528758,0.99987143,0.0022055043,2353789,eclipsing_binary
1527.7400708453727,1.0015533,0.0022038126,2353789,eclipsing_binary
1527.741459737869,1.0024593,0.0022062208,2353789,eclipsing_binary
1527.7428486299002,1.0003251,0.002203956,2353789,eclipsing_binary
1527.7442375223977,0.9993264,0.0022035616,2353789,eclipsing_binary
1527.7456264144291,1.0030649,0.0022054273,2353789,eclipsing_binary
1527.747015306925,0.99917936,0.0022027707,2353789,eclipsing_binary
1527.7484041994219,1.0022001,0.002206261,2353789,eclipsing_binary
1527.749793091454,1.0001647,0.0022033178,2353789,eclipsing_binary
1527.7511819839508,1.0007473,0.0022045106,2353789,eclipsing_binary
1527.7525708759815,1.0025511,0.0022065723,2353789,eclipsing_binary
1527.7539597684777,1.0008714,0.0022058086,2353789,eclipsing_binary
1527.7553486605095,0.9988772,0.0022022577,2353789,eclipsing_binary
1527.7567375530073,1.0034372,0.0022055402,2353789,eclipsing_binary
1527.7581264450378,1.0011059,0.0022069009,2353789,eclipsing_binary
1527.759515337534,0.99955124,0.0022049355,2353789,eclipsing_binary
1527.760904229565,0.99608684,0.0022011546,2353789,eclipsing_binary
1527.7622931220628,1.0009418,0.0022069227,2353789,eclipsing_binary
1527.763682014094,0.9966039,0.0022020182,2353789,eclipsing_binary
1527.7650709065904,1.0016876,0.0022058021,2353789,eclipsing_binary
1527.7664597986216,1.0001563,0.0022036552,2353789,eclipsing_binary
1527.7678486906534,0.99437416,0.002201762,2353789,eclipsing_binary
1527.7692375831505,0.9974785,0.0022028054,2353789,eclipsing_binary
1527.7706264751807,1.0012568,0.0022043432,2353789,eclipsing_binary
1527.7720153676776,1.0033761,0.0022067234,2353789,eclipsing_binary
1527.773404259709,0.99854344,0.0022016931,2353789,eclipsing_binary
1527.7747931517404,1.0000557,0.0022038496,2353789,eclipsing_binary
1527.7761820442372,1.000895,0.0022049798,2353789,eclipsing_binary
1527.7775709362684,0.9980075,0.002202556,2353789,eclipsing_binary
1527.7789598282995,1.003177,0.0022052515,2353789,eclipsing_binary
1527.780348720796,0.995655,0.0022005604,2353789,eclipsing_binary
1527.781737612827,1.0023885,0.0022061479,2353789,eclipsing_binary
1527.7831265048592,1.001593,0.002204868,2353789,eclipsing_binary
1527.7845153968904,0.9992624,0.0022027236,2353789,eclipsing_binary
1527.7859042893863,1.0021238,0.00220533,2353789,eclipsing_binary
1527.7872931814184,1.0010319,0.0022047726,2353789,eclipsing_binary
1527.7886820734504,0.9987409,0.0022031332,2353789,eclipsing_binary
1527.7900709654807,0.99759895,0.0022014007,2353789,eclipsing_binary
1527.7914598575114,1.000878,0.0022042,2353789,eclipsing_binary
1527.7928487500083,0.99680376,0.0022020752,2353789,eclipsing_binary
1527.7942376420403,0.99572235,0.0022012168,2353789,eclipsing_binary
1527.7956265340715,0.9942894,0.0022010044,2353789,eclipsing_binary
1527.797015426102,0.9991946,0.0022056208,2353789,eclipsing_binary
1527.7984043181334,1.0000602,0.0022048983,2353789,eclipsing_binary
1527.7997932101646,0.9976572,0.0022027532,2353789,eclipsing_binary
1527.8011821021958,0.9990674,0.0022040014,2353789,eclipsing_binary
1527.802570994227,0.99819726,0.00220188,2353789,eclipsing_binary
1527.8039598867238,0.9988601,0.0022052992,2353789,eclipsing_binary
1527.8053487787552,0.998107,0.0022029774,2353789,eclipsing_binary
1527.8067376707866,1.001264,0.0022036924,2353789,eclipsing_binary
1527.8081265628177,0.99556947,0.0022018538,2353789,eclipsing_binary
1527.809515454849,1.0045292,0.0022075656,2353789,eclipsing_binary
1527.81090434688,0.9993917,0.0022035132,2353789,eclipsing_binary
1527.8122932389108,0.9986981,0.0022025986,2353789,eclipsing_binary
1527.813682130942,0.9987054,0.0022029562,2353789,eclipsing_binary
1527.8150710229738,0.9946693,0.0022000498,2353789,eclipsing_binary
1527.8164599150052,0.99743766,0.0022037716,2353789,eclipsing_binary
1527.8178488070355,1.0003924,0.0022039823,2353789,eclipsing_binary
1527.8192376990662,0.9992989,0.0022026813,2353789,eclipsing_binary
1527.8206265906324,0.99796784,0.0022030775,2353789,eclipsing_binary
1527.8220154826643,0.99850917,0.0022028012,2353789,eclipsing_binary
1527.823404374695,0.997292,0.0022018475,2353789,eclipsing_binary
1527.8247932667255,0.9977017,0.0022042955,2353789,eclipsing_binary
1527.8261821587573,0.99522233,0.002201693,2353789,eclipsing_binary
1527.8275710507894,1.0007589,0.0022048806,2353789,eclipsing_binary
1527.82895994282,0.99685234,0.0022011925,2353789,eclipsing_binary
1527.8303488348504,0.9998575,0.0022035493,2353789,eclipsing_binary
1527.831737726416,1.0005305,0.0022056887,2353789,eclipsing_binary
1527.833126618448,1.0030731,0.0022048703,2353789,eclipsing_binary
1527.8345155104792,0.99418783,0.002199286,2353789,eclipsing_binary
1527.8359044025099,1.0007566,0.0022049374,2353789,eclipsing_binary
1527.837293294541,1.0015808,0.0022049234,2353789,eclipsing_binary
1527.8386821861066,1.000981,0.0022060429,2353789,eclipsing_binary
1527.8400710781377,0.99744135,0.0022027842,2353789,eclipsing_binary
1527.8414599701698,1.0002593,0.0022051728,2353789,eclipsing_binary
1527.8428488617353,1.000631,0.0022035523,2353789,eclipsing_binary
1527.8442377537658,0.99456066,0.0022005006,2353789,eclipsing_binary
1527.8456266457972,0.9954375,0.002200124,2353789,eclipsing_binary
1527.8470155378288,1.0027289,0.0022057295,2353789,eclipsing_binary
1527.8484044293946,1.0000144,0.00220485,2353789,eclipsing_binary
1527.849793321425,1.001711,0.0022054205,2353789,eclipsing_binary
1527.8511822134558,0.99907345,0.0022035309,2353789,eclipsing_binary
1527.852571105022,0.9992672,0.0022032135,2353789,eclipsing_binary
1527.8539599970538,0.9966609,0.0022006996,2353789,eclipsing_binary
1527.855348888619,0.99727935,0.0022022454,2353789,eclipsing_binary
1527.8567377806492,1.0003736,0.002204703,2353789,eclipsing_binary
1527.8581266726806,1.0000166,0.0022046214,2353789,eclipsing_binary
1527.8595155642467,1.0029516,0.0022056925,2353789,eclipsing_binary
1527.860904456278,0.99754304,0.0022050277,2353789,eclipsing_binary
1527.862293347843,0.9980218,0.0022016475,2353789,eclipsing_binary
1527.8636822398742,0.9993837,0.0022028007,2353789,eclipsing_binary
1527.8650711314406,0.9973796,0.002203586,2353789,eclipsing_binary
1527.8664600234717,0.9999596,0.0022039074,2353789,eclipsing_binary
1527.8678489150366,1.0036488,0.002205674,2353789,eclipsing_binary
1527.869237807068,0.9949192,0.0022003597,2353789,eclipsing_binary
1527.8706266986335,0.99624085,0.0022021965,2353789,eclipsing_binary
1527.8720155906647,0.9991254,0.0022028952,2353789,eclipsing_binary
1527.8734044822302,0.99804366,0.0022033667,2353789,eclipsing_binary
1527.8747933737957,0.9952545,0.0022008447,2353789,eclipsing_binary
1527.876182265827,0.9992141,0.0022034552,2353789,eclipsing_binary
1527.877571157392,0.99594516,0.0022009045,2353789,eclipsing_binary
1527.878960049423,1.0019696,0.0022071311,2353789,eclipsing_binary
1527.8803489409895,0.9961205,0.002200556,2353789,eclipsing_binary
1527.881737832555,0.99600595,0.002201364,2353789,eclipsing_binary
1527.8831267245857,0.99651235,0.002201028,2353789,eclipsing_binary
1527.8845156161512,0.995318,0.0021997187,2353789,eclipsing_binary
1527.8859045077174,0.9963557,0.00220077,2353789,eclipsing_binary
1527.8872933997488,0.9978437,0.0022024282,2353789,eclipsing_binary
1527.8886822913134,0.9951337,0.002201617,2353789,eclipsing_binary
1527.8900711828785,0.99962604,0.002203517,2353789,eclipsing_binary
1527.8914600744447,0.9962776,0.0022011504,2353789,eclipsing_binary
1527.8928489664765,1.0010545,0.0022056412,2353789,eclipsing_binary
1527.8942378580416,1.0029327,0.0022052915,2353789,eclipsing_binary
1527.8956267496064,0.9996254,0.0022024433,2353789,eclipsing_binary
1527.8970156411722,1.001175,0.002205015,2353789,eclipsing_binary
1527.8984045327381,0.9999886,0.0022032263,2353789,eclipsing_binary
1527.8997934247695,0.99897045,0.002203502,2353789,eclipsing_binary
1527.9011823163353,1.0000738,0.0022042573,2353789,eclipsing_binary
1527.9025712079008,0.9987666,0.0022041996,2353789,eclipsing_binary
1527.9039600994663,0.9985118,0.002203953,2353789,eclipsing_binary
1527.9053489910318,0.9995566,0.0022026761,2353789,eclipsing_binary
1527.9067378825973,0.9959701,0.0022008051,2353789,eclipsing_binary
1527.9081267741628,0.99851054,0.0022023295,2353789,eclipsing_binary
1527.9095156661936,0.9974799,0.0022021844,2353789,eclipsing_binary
1527.910904557759,0.99832237,0.002203432,2353789,eclipsing_binary
1527.9122934493255,0.99535996,0.0022019087,2353789,eclipsing_binary
1527.913682340891,0.9982411,0.0022043437,2353789,eclipsing_binary
1527.9150712324558,0.995855,0.0022005152,2353789,eclipsing_binary
1527.9164601240207,0.9996926,0.0022029416,2353789,eclipsing_binary
1527.917849015587,1.0007924,0.002204522,2353789,eclipsing_binary
1527.920626798718,0.99576145,0.0022008228,2353789,eclipsing_binary
1527.9220156902832,0.99569213,0.0021997218,2353789,eclipsing_binary
1527.9234045818494,1.0016948,0.002206799,2353789,eclipsing_binary
1527.9247934734155,0.99785715,0.002204705,2353789,eclipsing_binary
1527.9261823649806,1.0028434,0.0022056743,2353789,eclipsing_binary
1527.9275712565452,0.99936706,0.0022058995,2353789,eclipsing_binary
1527.9289601476453,1.0072291,0.002209098,2353789,eclipsing_binary
1527.9303490392115,0.99667656,0.002203481,2353789,eclipsing_binary
1527.931737930777,1.0017282,0.0022042498,2353789,eclipsing_binary
1527.933126822342,0.9999608,0.0022040266,2353789,eclipsing_binary
1527.9345157139076,0.998424,0.0022025695,2353789,eclipsing_binary
1527.935904605473,0.99786097,0.0022025753,2353789,eclipsing_binary
1527.9372934970386,1.0004964,0.0022050396,2353789,eclipsing_binary
1527.9386823881387,0.99819446,0.00220297,2353789,eclipsing_binary
1527.9400712797044,0.99955386,0.002205436,2353789,eclipsing_binary
1527.94146017127,0.99907273,0.0022046592,2353789,eclipsing_binary
1527.9428490628354,0.99683374,0.0022018398,2353789,eclipsing_binary
1527.9442379539353,1.0011606,0.0022050561,2353789,eclipsing_binary
1527.9456268455008,0.9959347,0.0022025441,2353789,eclipsing_binary
1527.9470157370665,0.9945941,0.0022007346,2353789,eclipsing_binary
1527.9484046286314,0.9997731,0.0022058822,2353789,eclipsing_binary
1527.9497935197312,0.9991531,0.0022038089,2353789,eclipsing_binary
1527.9511824112976,1.0009981,0.0022047083,2353789,eclipsing_binary
1527.9525713028631,0.99907124,0.002204357,2353789,eclipsing_binary
1527.9539601939625,0.99839807,0.002203422,2353789,eclipsing_binary
1527.9553490855271,0.9951043,0.0021988996,2353789,eclipsing_binary
1527.9567379770936,0.9924812,0.002198564,2353789,eclipsing_binary
1527.9581268681943,1.0023587,0.0022063395,2353789,eclipsing_binary
1527.959515759759,0.99902976,0.002202783,2353789,eclipsing_binary
1527.9609046513244,0.99871546,0.0022040142,2353789,eclipsing_binary
1527.9622935424252,0.9982183,0.0022024047,2353789,eclipsing_binary
1527.9636824339907,1.0001016,0.0022049875,2353789,eclipsing_binary
1527.96507132509,1.0025126,0.0022073663,2353789,eclipsing_binary
1527.9664602166556,0.9996923,0.0022035742,2353789,eclipsing_binary
1527.9678491077555,0.9988723,0.0022026422,2353789,eclipsing_binary
1527.969237999321,0.9973598,0.0022015616,2353789,eclipsing_binary
1527.970626890421,0.99742985,0.002202094,2353789,eclipsing_binary
1527.9720157819868,1.0020561,0.0022059,2353789,eclipsing_binary
1527.9734046730866,0.9976009,0.0022031548,2353789,eclipsing_binary
1527.9747935646512,0.9999652,0.0022044214,2353789,eclipsing_binary
1527.9761824557513,1.0005882,0.0022039127,2353789,eclipsing_binary
1527.9775713473175,0.99787045,0.0022028058,2353789,eclipsing_binary
1527.9789602384174,0.9963971,0.0022019234,2353789,eclipsing_binary
1527.9803491295168,0.9979563,0.0022041881,2353789,eclipsing_binary
1527.9817380210823,0.99811786,0.0022028284,2353789,eclipsing_binary
1527.983126912183,1.0019026,0.0022071616,2353789,eclipsing_binary
1527.9845158037485,0.9977515,0.002204957,2353789,eclipsing_binary
1527.9859046948477,0.9974285,0.0022017786,2353789,eclipsing_binary
1527.9872935859469,0.9995631,0.0022023513,2353789,eclipsing_binary
1527.9886824775133,0.9982118,0.0022023448,2353789,eclipsing_binary
1527.9900713686138,0.998561,0.0022034934,2353789,eclipsing_binary
1527.991460259713,0.9981512,0.0022030142,2353789,eclipsing_binary
1527.9928491508124,0.99992657,0.0022022277,2353789,eclipsing_binary
1527.994238042378,0.99921346,0.0022034089,2353789,eclipsing_binary
1527.9956269334787,1.0000051,0.0022048897,2353789,eclipsing_binary
1527.9970158245785,0.9941116,0.0022026505,2353789,eclipsing_binary
1527.9984047156775,0.99684507,0.0022009644,2353789,eclipsing_binary
1527.9997936072432,0.9981556,0.0022024142,2353789,eclipsing_binary
1528.0011824983437,0.9972718,0.0022022722,2353789,eclipsing_binary
1528.0025713894436,0.99656856,0.0022007897,2353789,eclipsing_binary
1528.003960280543,0.9960742,0.0022011301,2353789,eclipsing_binary
1528.0053491716428,0.99904007,0.0022038997,2353789,eclipsing_binary
1528.0067380632083,0.9933739,0.002200092,2353789,eclipsing_binary
1528.0081269543082,1.0005034,0.0022032,2353789,eclipsing_binary
1528.0095158454083,0.9993697,0.002204088,2353789,eclipsing_binary
1528.0109047365083,1.0001881,0.0022040175,2353789,eclipsing_binary
1528.0122936276082,0.9954124,0.0022018321,2353789,eclipsing_binary
1528.0136825187074,1.0033865,0.0022088075,2353789,eclipsing_binary
1528.0150714098074,0.99809533,0.0022034282,2353789,eclipsing_binary
1528.0164603009077,0.99899215,0.002202646,2353789,eclipsing_binary
1528.0178491920078,0.9985061,0.002203501,2353789,eclipsing_binary
1528.019238083107,0.99697196,0.0022017297,2353789,eclipsing_binary
1528.0206269742068,0.9974627,0.0022016508,2353789,eclipsing_binary
1528.0220158653076,1.0001853,0.0022034154,2353789,eclipsing_binary
1528.0234047564074,0.99685645,0.0022028703,2353789,eclipsing_binary
1528.0247936475068,1.0005667,0.0022050478,2353789,eclipsing_binary
1528.0261825386067,0.994602,0.0022008927,2353789,eclipsing_binary
1528.0275714297072,0.99567544,0.0021999541,2353789,eclipsing_binary
1528.0289603208073,1.0027227,0.0022069542,2353789,eclipsing_binary
1528.0303492119062,1.0011404,0.0022047833,2353789,eclipsing_binary
1528.031738103006,0.9973458,0.0022027649,2353789,eclipsing_binary
1528.0331269941062,0.9980652,0.0022029558,2353789,eclipsing_binary
1528.0345158852062,0.9969724,0.0022009276,2353789,eclipsing_binary
1528.035904776306,0.9960017,0.0022014221,2353789,eclipsing_binary
1528.0372936669403,1.0002065,0.0022045118,2353789,eclipsing_binary
1528.0386825580401,0.99892175,0.0022034347,2353789,eclipsing_binary
1528.04007144914,0.99801105,0.0022035402,2353789,eclipsing_binary
1528.04146034024,0.99585354,0.0022006966,2353789,eclipsing_binary
1528.0428492313401,1.0000577,0.0022044731,2353789,eclipsing_binary
1528.0442381219743,1.0007696,0.0022049441,2353789,eclipsing_binary
1528.0456270130733,1.0026541,0.002206432,2353789,eclipsing_binary
1528.0470159041733,0.998233,0.0022027679,2353789,eclipsing_binary
1528.0484047952739,0.9992284,0.0022023676,2353789,eclipsing_binary
1528.049793685908,1.0001454,0.0022044342,2353789,eclipsing_binary
1528.0511825770075,0.99879164,0.0022031872,2353789,eclipsing_binary
1528.0525714681069,0.99924856,0.0022035236,2353789,eclipsing_binary
1528.0539603587415,0.99648416,0.0022021865,2353789,eclipsing_binary
1528.0553492498423,1.0005051,0.0022061847,2353789,eclipsing_binary
1528.0567381409417,0.9997582,0.0022025984,2353789,eclipsing_binary
1528.058127031575,0.9979491,0.0022018326,2353789,eclipsing_binary
1528.0595159226757,1.0000741,0.002204521,2353789,eclipsing_binary
1528.0609048137762,1.0012423,0.00220483,2353789,eclipsing_binary
1528.0622937044097,0.9981452,0.0022092965,2353789,eclipsing_binary
1528.0636825955091,0.9987688,0.0022035541,2353789,eclipsing_binary
1528.0650714861433,0.99700004,0.002200841,2353789,eclipsing_binary
1528.066460377244,1.0022873,0.0022054198,2353789,eclipsing_binary
1528.0678492678783,0.9990208,0.0022022235,2353789,eclipsing_binary
1528.0692381589772,0.9989815,0.002203139,2353789,eclipsing_binary
1528.0706270500773,0.99527127,0.0022003234,2353789,eclipsing_binary
1528.0720159407117,0.99667984,0.0022021437,2353789,eclipsing_binary
1528.0734048318116,0.9939929,0.002200324,2353789,eclipsing_binary
1528.0747937224457,0.9966434,0.0022007683,2353789,eclipsing_binary
1528.07618261308,0.99356014,0.0022000012,2353789,eclipsing_binary
1528.0775715041798,0.99612975,0.0022004244,2353789,eclipsing_binary
1528.0789603948142,0.9935546,0.0021994866,2353789,eclipsing_binary
1528.0803492859143,0.9958415,0.0022006466,2353789,eclipsing_binary
1528.0817381765485,0.9943997,0.002197619,2353789,eclipsing_binary
1528.0831270676483,0.99279475,0.0021972696,2353789,eclipsing_binary
1528.0845159582818,0.98841023,0.0021959424,2353789,eclipsing_binary
1528.0859048489162,0.98965687,0.0021952686,2353789,eclipsing_binary
1528.0872937400165,0.9893592,0.0021955268,2353789,eclipsing_binary
1528.088682630651,0.99078786,0.0021954936,2353789,eclipsing_binary
1528.0900715212845,0.9823656,0.002193836,2353789,eclipsing_binary
1528.0914604123843,0.9867355,0.0021931224,2353789,eclipsing_binary
1528.0928493030194,0.9870726,0.0021916435,2353789,eclipsing_binary
1528.0942381936536,0.9881804,0.0021949771,2353789,eclipsing_binary
1528.0956270842873,0.9791892,0.0021882763,2353789,eclipsing_binary
1528.0970159753872,0.98244816,0.002190657,2353789,eclipsing_binary
1528.0984048660214,0.98229134,0.002190489,2353789,eclipsing_binary
1528.0997937566556,0.9810151,0.0021878302,2353789,eclipsing_binary
1528.1011826472898,0.9814059,0.0021903545,2353789,eclipsing_binary
1528.1025715379242,0.97911614,0.0021880297,2353789,eclipsing_binary
1528.1039604290243,0.98162997,0.00219063,2353789,eclipsing_binary
1528.1053493196584,0.9790628,0.002188913,2353789,eclipsing_binary
1528.1067382102926,0.9753819,0.0021868837,2353789,eclipsing_binary
1528.1081271009268,0.9791016,0.0021876064,2353789,eclipsing_binary
1528.109515991561,0.97465014,0.0021844674,2353789,eclipsing_binary
1528.1109048821947,0.97441304,0.0021840527,2353789,eclipsing_binary
1528.112293772829,0.9731586,0.0021829284,2353789,eclipsing_binary
1528.113682663464,0.97422636,0.0021843815,2353789,eclipsing_binary
1528.1150715545639,0.9759468,0.0021838536,2353789,eclipsing_binary
1528.1164604451972,0.9734335,0.0021847866,2353789,eclipsing_binary
1528.117849335831,0.9692355,0.0021804227,2353789,eclipsing_binary
1528.119238226466,0.97208697,0.0021820478,2353789,eclipsing_binary
1528.1206271171006,0.9716332,0.0021829258,2353789,eclipsing_binary
1528.1220160077344,0.9694829,0.0021797786,2353789,eclipsing_binary
1528.123404898368,0.9734902,0.002186298,2353789,eclipsing_binary
1528.1247937890028,0.9730652,0.0021812338,2353789,eclipsing_binary
1528.1261826796379,0.9737636,0.0021850078,2353789,eclipsing_binary
1528.127571569806,0.9706763,0.0021830248,2353789,eclipsing_binary
1528.1289604604392,0.9700266,0.0021813873,2353789,eclipsing_binary
1528.1303493510734,0.9747222,0.0021828474,2353789,eclipsing_binary
1528.1317382417085,0.9714272,0.0021825605,2353789,eclipsing_binary
1528.1331271323427,0.96987474,0.0021823633,2353789,eclipsing_binary
1528.1345160229764,0.97604746,0.0021852814,2353789,eclipsing_binary
1528.1359049136106,0.97666687,0.0021848064,2353789,eclipsing_binary
1528.1372938042448,0.97335994,0.002184113,2353789,eclipsing_binary
1528.1386826944133,0.977591,0.0021860863,2353789,eclipsing_binary
1528.1400715850475,0.9776516,0.0021862432,2353789,eclipsing_binary
1528.141460475682,0.97460705,0.0021857598,2353789,eclipsing_binary
1528.1428493663163,0.9789899,0.0021856346,2353789,eclipsing_binary
1528.1442382569505,0.97807246,0.0021867212,2353789,eclipsing_binary
1528.145627147119,0.9773607,0.002187386,2353789,eclipsing_binary
1528.1470160377532,0.9806466,0.0021890944,2353789,eclipsing_binary
1528.1484049283874,0.9831394,0.0021929527,2353789,eclipsing_binary
1528.1497938185555,0.9873628,0.0021931385,2353789,eclipsing_binary
1528.1511827091897,0.9858387,0.0021944593,2353789,eclipsing_binary
1528.1525715998248,0.9858424,0.002191625,2353789,eclipsing_binary
1528.1539604899933,0.9853987,0.0021936584,2353789,eclipsing_binary
1528.1553493806268,0.985348,0.0021937895,2353789,eclipsing_binary
1528.1567382712603,0.9864011,0.002193005,2353789,eclipsing_binary
1528.1581271614298,0.98779863,0.0021936642,2353789,eclipsing_binary
1528.1595160520646,0.9872923,0.0021964023,2353789,eclipsing_binary
1528.1609049426982,0.9907267,0.0021962496,2353789,eclipsing_binary
1528.1622938328667,0.99070567,0.0021970635,2353789,eclipsing_binary
1528.1636827235018,0.9933315,0.0022006622,2353789,eclipsing_binary
1528.1650716136703,0.993943,0.0021987534,2353789,eclipsing_binary
1528.166460504304,0.99469006,0.0021989727,2353789,eclipsing_binary
1528.1678493944726,0.9909489,0.0021973953,2353789,eclipsing_binary
1528.1692382851068,0.99942124,0.0022031344,2353789,eclipsing_binary
1528.1706271752753,0.9958594,0.0022013201,2353789,eclipsing_binary
1528.1720160659095,0.99934095,0.0022019676,2353789,eclipsing_binary
1528.1734049560782,0.9981762,0.0022032096,2353789,eclipsing_binary
1528.1747938467126,0.9963465,0.0022028396,2353789,eclipsing_binary
1528.1761827368803,0.99739736,0.0022007665,2353789,eclipsing_binary
1528.1775716275145,0.9997331,0.002205233,2353789,eclipsing_binary
1528.178960517684,0.99933076,0.0022038112,2353789,eclipsing_binary
1528.1803494078524,0.9969797,0.0022008999,2353789,eclipsing_binary
1528.1817382984862,0.99793524,0.0022023215,2353789,eclipsing_binary
1528.1831271886547,0.9953282,0.0021991327,2353789,eclipsing_binary
1528.1845160788241,1.0013176,0.0022040345,2353789,eclipsing_binary
1528.1859049694583,0.99337524,0.0021989984,2353789,eclipsing_binary
1528.187293859626,0.998399,0.0022033048,2353789,eclipsing_binary
1528.188682749794,0.99651456,0.0022023749,2353789,eclipsing_binary
1528.190071640429,0.9986669,0.0022033455,2353789,eclipsing_binary
1528.191460530598,0.99821097,0.0022021064,2353789,eclipsing_binary
1528.1928494207662,0.9984822,0.0022024047,2353789,eclipsing_binary
1528.1942383109342,0.996702,0.0021999786,2353789,eclipsing_binary
1528.1956272015684,0.99300104,0.0021978451,2353789,eclipsing_binary
1528.1970160917376,0.99651307,0.0022021055,2353789,eclipsing_binary
1528.1984049819064,0.9960907,0.0022021248,2353789,eclipsing_binary
1528.199793872074,0.99807817,0.0022031644,2353789,eclipsing_binary
1528.2011827622425,0.9978405,0.0022032948,2353789,eclipsing_binary
1528.2025716528776,0.9942451,0.0021998002,2353789,eclipsing_binary
1528.2039605430462,0.995608,0.0021996435,2353789,eclipsing_binary
1528.2053494332142,0.9955012,0.0022017793,2353789,eclipsing_binary
1528.2067383233828,0.9962925,0.0022016524,2353789,eclipsing_binary
1528.2081272135513,0.9978376,0.0022022796,2353789,eclipsing_binary
1528.2095161037198,0.9945976,0.0021990098,2353789,eclipsing_binary
1528.2109049938883,1.0027717,0.0022059774,2353789,eclipsing_binary
1528.212293884057,0.9974851,0.0022016338,2353789,eclipsing_binary
1528.2136827742258,0.99469346,0.0021992787,2353789,eclipsing_binary
1528.2150716643935,0.99775136,0.0022042335,2353789,eclipsing_binary
1528.2164605545622,0.994073,0.002199655,2353789,eclipsing_binary
1528.2178494447314,0.99445117,0.0022005383,2353789,eclipsing_binary
1528.2192383349,0.9949193,0.0022008943,2353789,eclipsing_binary
1528.220627225068,0.99784285,0.0022029944,2353789,eclipsing_binary
1528.2220161152366,0.99656254,0.0022031143,2353789,eclipsing_binary
1528.223405005406,0.9967192,0.0022017707,2353789,eclipsing_binary
1528.2247938955745,0.9929705,0.0021980056,2353789,eclipsing_binary
1528.2261827857424,0.993638,0.0021996344,2353789,eclipsing_binary
1528.2275716759102,0.98964167,0.0021958535,2353789,eclipsing_binary
1528.2289605660796,0.9978453,0.0022029206,2353789,eclipsing_binary
1528.2303494562489,0.9965784,0.002201542,2353789,eclipsing_binary
1528.231738345951,0.9943609,0.002200466,2353789,eclipsing_binary
1528.2331272361196,0.9990267,0.0022046901,2353789,eclipsing_binary
1528.234516126288,0.99381053,0.002199138,2353789,eclipsing_binary
1528.2359050164569,0.99819446,0.0022050242,2353789,eclipsing_binary
1528.2372939066256,0.9932959,0.002197727,2353789,eclipsing_binary
1528.2386827963285,0.9944317,0.002200402,2353789,eclipsing_binary
1528.240071686497,0.9977386,0.0022020566,2353789,eclipsing_binary
1528.2414605766655,0.99784285,0.002201698,2353789,eclipsing_binary
1528.242849466834,0.99711585,0.0022027185,2353789,eclipsing_binary
1528.2442383565372,1.0071734,0.0022107612,2353789,eclipsing_binary
1528.245627246706,1.0006013,0.002203681,2353789,eclipsing_binary
1528.2470161368735,0.9955696,0.0022015087,2353789,eclipsing_binary
1528.2484050265764,0.9962116,0.002201909,2353789,eclipsing_binary
1528.2497939167458,0.9969409,0.0022017653,2353789,eclipsing_binary
1528.2511828069144,0.9986589,0.002202296,2353789,eclipsing_binary
1528.2525716966168,1.0003167,0.0022032552,2353789,eclipsing_binary
1528.2539605867844,1.0012735,0.0022048873,2353789,eclipsing_binary
1528.2553494764882,1.0008783,0.002204715,2353789,eclipsing_binary
1528.2567383666576,0.99582046,0.0022014962,2353789,eclipsing_binary
1528.2581272568252,0.99638116,0.0022008105,2353789,eclipsing_binary
1528.2595161465276,0.9988003,0.0022034643,2353789,eclipsing_binary
1528.260905036697,0.9983316,0.0022028731,2353789,eclipsing_binary
1528.2622939264004,0.9968881,0.0022010838,2353789,eclipsing_binary
1528.2636828165685,0.99751264,0.0022021353,2353789,eclipsing_binary
1528.2650717062709,1.0009198,0.0022064429,2353789,eclipsing_binary
1528.2664605964394,0.9968124,0.0022022617,2353789,eclipsing_binary
1528.267849486143,0.99468225,0.0022014456,2353789,eclipsing_binary
1528.2692383763117,0.9942617,0.0022010615,2353789,eclipsing_binary
1528.2706272660137,0.9957027,0.0022002906,2353789,eclipsing_binary
1528.2720161557165,0.99426055,0.002201568,2353789,eclipsing_binary
1528.2734050458853,0.99441916,0.002199913,2353789,eclipsing_binary
1528.2747939355884,0.99349344,0.0021999562,2353789,eclipsing_binary
1528.276182825757,0.9969709,0.0022008377,2353789,eclipsing_binary
1528.2775717154598,1.0005543,0.0022047097,2353789,eclipsing_binary
1528.2789606051626,0.99529976,0.0022001606,2353789,eclipsing_binary
1528.2803494953312,0.9971036,0.0022001797,2353789,eclipsing_binary
1528.281738385034,0.99449503,0.0022018414,2353789,eclipsing_binary
1528.2831272747371,0.9951116,0.0022016882,2353789,eclipsing_binary
1528.2845161644402,0.9961163,0.0022003169,2353789,eclipsing_binary
1528.2859050546078,0.9972396,0.0022013846,2353789,eclipsing_binary
1528.287293944311,0.99464524,0.0022024927,2353789,eclipsing_binary
1528.2886828340145,0.99769455,0.002202904,2353789,eclipsing_binary
1528.2900717237173,0.9987362,0.0022046263,2353789,eclipsing_binary
1528.2914606138854,0.99305797,0.0021985164,2353789,eclipsing_binary
1528.2928495035876,0.9961765,0.0022018887,2353789,eclipsing_binary
1528.2942383932912,0.9969985,0.0022011565,2353789,eclipsing_binary
1528.295627282995,0.994525,0.0021980521,2353789,eclipsing_binary
1528.297016172697,0.9918396,0.002197363,2353789,eclipsing_binary
1528.2984050623993,0.9953967,0.002200833,2353789,eclipsing_binary
1528.299793952103,1.0001497,0.002205263,2353789,eclipsing_binary
1528.3011828422723,1.0016841,0.0022059628,2353789,eclipsing_binary
1528.3025717319745,0.999285,0.0022030987,2353789,eclipsing_binary
1528.3039606216769,0.9990237,0.0022032824,2353789,eclipsing_binary
1528.3053495113797,0.99965835,0.0022029541,2353789,eclipsing_binary
1528.3067384010833,0.99817604,0.0022030107,2353789,eclipsing_binary
1528.3081272907864,1.0001014,0.0022078513,2353789,eclipsing_binary
1528.3095161804883,0.99858826,0.0022017045,2353789,eclipsing_binary
1528.3109050701914,0.99962056,0.0022030822,2353789,eclipsing_binary
1528.3122939598945,0.99778163,0.0022013888,2353789,eclipsing_binary
1528.3136828495974,0.9976364,0.002202968,2353789,eclipsing_binary
1528.315071739301,0.9998696,0.0022034908,2353789,eclipsing_binary
1528.316460629004,1.000202,0.002203559,2353789,eclipsing_binary
1528.3178495182403,0.998086,0.002202485,2353789,eclipsing_binary
1528.3192384079432,0.9976687,0.0022037309,2353789,eclipsing_binary
1528.320627297647,0.99951285,0.0022028186,2353789,eclipsing_binary
1528.3220161873498,0.9997289,0.0022027309,2353789,eclipsing_binary
1528.3234050770523,0.9992159,0.0022035185,2353789,eclipsing_binary
1528.3247939667544,1.0016153,0.0022042773,2353789,eclipsing_binary
1528.326182856458,0.9957056,0.0022011911,2353789,eclipsing_binary
1528.327571745696,0.99958384,0.0022033467,2353789,eclipsing_binary
1528.328960635398,0.9999201,0.0022050114,2353789,eclipsing_binary
1528.3303495251005,1.0023491,0.0022056622,2353789,eclipsing_binary
1528.3317384148033,0.9984056,0.002201652,2353789,eclipsing_binary
1528.3331273040415,0.99882066,0.002203165,2353789,eclipsing_binary
1528.3345161937443,0.99851066,0.0022017802,2353789,eclipsing_binary
1528.3359050834467,0.99902487,0.0022016515,2353789,eclipsing_binary
1528.3372939731496,1.0015483,0.0022066736,2353789,eclipsing_binary
1528.3386828623875,0.9980864,0.002201235,2353789,eclipsing_binary
1528.3400717520906,1.00733,0.0022087698,2353789,eclipsing_binary
1528.3414606417925,1.0002725,0.0022035227,2353789,eclipsing_binary
1528.3428495310297,0.9984081,0.0022015383,2353789,eclipsing_binary
1528.3442384207328,0.9993075,0.0022052126,2353789,eclipsing_binary
1528.3456273099703,0.99935734,0.0022038778,2353789,eclipsing_binary
1528.3470161996731,0.9979868,0.0022019856,2353789,eclipsing_binary
1528.348405089376,0.9972714,0.0022023863,2353789,eclipsing_binary
1528.3497939786132,1.0011094,0.0022052461,2353789,eclipsing_binary
1528.3511828683156,1.0040962,0.0022058254,2353789,eclipsing_binary
1528.3525717575528,0.9991353,0.002203521,2353789,eclipsing_binary
1528.3539606472564,0.9989447,0.002201988,2353789,eclipsing_binary
1528.3553495364938,1.0002187,0.002203109,2353789,eclipsing_binary
1528.3567384261958,1.0061451,0.0022076038,2353789,eclipsing_binary
1528.3581273154332,0.99744636,0.002201936,2353789,eclipsing_binary
1528.3595162051367,0.99746764,0.0022030028,2353789,eclipsing_binary
1528.360905094374,0.99996316,0.0022030496,2353789,eclipsing_binary
1528.3622939836107,1.0004222,0.0022034068,2353789,eclipsing_binary
1528.3636828733129,1.0049801,0.002209453,2353789,eclipsing_binary
1528.3650717625508,1.0025129,0.0022057213,2353789,eclipsing_binary
1528.3664606522545,0.9986452,0.0022033532,2353789,eclipsing_binary
1528.367849541491,0.99895847,0.0022050971,2353789,eclipsing_binary
1528.3692384307276,0.99967116,0.0022034976,2353789,eclipsing_binary
1528.3706273204305,0.99976397,0.0022047,2353789,eclipsing_binary
1528.3720162096686,0.9977504,0.0022026089,2353789,eclipsing_binary
1528.3734050989058,0.9995121,0.0022037027,2353789,eclipsing_binary
1528.3747939881425,0.9989613,0.002202996,2353789,eclipsing_binary
1528.3761828778454,1.0011224,0.002204374,2353789,eclipsing_binary
1528.3775717670833,1.0026906,0.0022060554,2353789,eclipsing_binary
1528.3789606563207,1.0044328,0.002206191,2353789,eclipsing_binary
1528.380349545557,1.0009165,0.00220476,2353789,eclipsing_binary
1528.38173843526,0.9995427,0.0022036429,2353789,eclipsing_binary
1528.3831273244975,1.0026135,0.0022057935,2353789,eclipsing_binary
1528.3845162137347,1.0026125,0.0022056096,2353789,eclipsing_binary
1528.385905102972,1.0048491,0.0022063202,2353789,eclipsing_binary
1528.3872939922092,1.0019959,0.0022048869,2353789,eclipsing_binary
1528.3886828814464,1.0042049,0.002206485,2353789,eclipsing_binary
1528.390071770683,0.9998934,0.0022038147,2353789,eclipsing_binary
1528.391460660386,1.0006324,0.0022053886,2353789,eclipsing_binary
1528.392849549624,1.0044177,0.0022074522,2353789,eclipsing_binary
1528.3942384388613,1.0015962,0.0022058513,2353789,eclipsing_binary
1528.3956273280978,1.0004517,0.002203962,2353789,eclipsing_binary
1528.3970162173357,1.002267,0.0022065907,2353789,eclipsing_binary
1528.3984051065738,1.000647,0.0022052662,2353789,eclipsing_binary
1528.3997939958101,1.0076731,0.00220803,2353789,eclipsing_binary
1528.4011828850469,0.99849266,0.0022040037,2353789,eclipsing_binary
1528.402571774284,0.9987959,0.0022042238,2353789,eclipsing_binary
1528.4039606635222,1.0000347,0.0022044356,2353789,eclipsing_binary
1528.4053495522937,1.0016483,0.00220497,2353789,eclipsing_binary
1528.4067384415305,1.0002292,0.0022032894,2353789,eclipsing_binary
1528.4081273307677,0.9990303,0.0022036654,2353789,eclipsing_binary
1528.409516220005,1.0006547,0.0022038734,2353789,eclipsing_binary
1528.410905109242,1.0023601,0.0022048356,2353789,eclipsing_binary
1528.4122939984793,1.0041529,0.002206336,2353789,eclipsing_binary
1528.4136828877165,0.99992573,0.0022035672,2353789,eclipsing_binary
1528.415071776954,1.0019495,0.0022057658,2353789,eclipsing_binary
1528.4164606657257,1.0015539,0.0022045004,2353789,eclipsing_binary
1528.417849554963,0.9956877,0.0022014352,2353789,eclipsing_binary
1528.4192384442001,1.0024384,0.0022074431,2353789,eclipsing_binary
1528.4206273334373,1.0022616,0.002205372,2353789,eclipsing_binary
1528.4220162222084,1.004117,0.0022062822,2353789,eclipsing_binary
1528.4234051114456,1.002992,0.0022058645,2353789,eclipsing_binary
1528.4247940006835,1.0013105,0.0022051572,2353789,eclipsing_binary
1528.4261828894553,0.996923,0.002202363,2353789,eclipsing_binary
1528.4275717786916,1.0030681,0.0022080718,2353789,eclipsing_binary
1528.4289606679283,0.99698997,0.002201836,2353789,eclipsing_binary
1528.4303495567008,0.99591726,0.0022007292,2353789,eclipsing_binary
1528.4317384459384,1.0008327,0.0022061078,2353789,eclipsing_binary
1528.4331273351752,0.99713767,0.0022011339,2353789,eclipsing_binary
1528.434516223946,1.0007857,0.0022039074,2353789,eclipsing_binary
1528.435905113184,0.9965766,0.002201261,2353789,eclipsing_binary
1528.4372940019564,1.0022417,0.0022056221,2353789,eclipsing_binary
1528.438682891193,0.999421,0.002203195,2353789,eclipsing_binary
1528.4400717799638,1.0010659,0.0022050668,2353789,eclipsing_binary
1528.441460669201,1.0038701,0.0022053847,2353789,eclipsing_binary
1528.4428495579734,0.9989886,0.0022030142,2353789,eclipsing_binary
1528.4442384472106,1.0011555,0.0022054596,2353789,eclipsing_binary
1528.4456273359817,1.0005666,0.002202355,2353789,eclipsing_binary
1528.447016225219,1.0025221,0.002206199,2353789,eclipsing_binary
1528.4484051139905,1.0031679,0.0022063297,2353789,eclipsing_binary
1528.4497940032277,1.0007604,0.002204692,2353789,eclipsing_binary
1528.4511828919992,1.0024548,0.002205761,2353789,eclipsing_binary
1528.452571780771,1.0043896,0.002207333,2353789,eclipsing_binary
1528.4539606700084,1.0019574,0.0022041562,2353789,eclipsing_binary
1528.45534955878,0.9983198,0.0022034915,2353789,eclipsing_binary
1528.4567384475515,1.0033765,0.002207966,2353789,eclipsing_binary
1528.4581273367887,1.0047293,0.0022065858,2353789,eclipsing_binary
1528.4595162255603,1.0016685,0.0022040333,2353789,eclipsing_binary
1528.4609051143314,1.000971,0.0022056652,2353789,eclipsing_binary
1528.4622940035686,1.0014551,0.002204589,2353789,eclipsing_binary
1528.463682892341,1.0000767,0.0022047048,2353789,eclipsing_binary
1528.4650717811126,1.0022157,0.0022053157,2353789,eclipsing_binary
1528.4664606698834,1.0048827,0.0022082068,2353789,eclipsing_binary
1528.46784955912,1.0063636,0.0022091488,2353789,eclipsing_binary
1528.4692384478924,1.0021933,0.0022056515,2353789,eclipsing_binary
1528.4706273366644,1.0028632,0.0022074322,2353789,eclipsing_binary
1528.4720162254355,1.0034107,0.002205255,2353789,eclipsing_binary
1528.4734051142066,1.003886,0.0022056843,2353789,eclipsing_binary
1528.4747940029786,1.0026283,0.0022061549,2353789,eclipsing_binary
1528.476182891751,1.0025073,0.0022072543,2353789,eclipsing_binary
1528.477571780522,1.0006242,0.002202259,2353789,eclipsing_binary
1528.4789606697584,0.9998618,0.0022038654,2353789,eclipsing_binary
1528.48034955853,1.0027615,0.0022073586,2353789,eclipsing_binary
1528.4817384473024,1.0039791,0.0022057558,2353789,eclipsing_binary
1528.483127336074,1.0056304,0.0022090003,2353789,eclipsing_binary
1528.484516224845,0.9991451,0.0022023562,2353789,eclipsing_binary
1528.4859051136166,1.0033875,0.0022066263,2353789,eclipsing_binary
1528.4872940023881,1.0002837,0.0022074971,2353789,eclipsing_binary
1528.4886828911597,1.0042787,0.0022081414,2353789,eclipsing_binary
1528.4900717799321,1.001264,0.0022061048,2353789,eclipsing_binary
1528.491460668238,1.0045704,0.002205456,2353789,eclipsing_binary
1528.492849557009,0.9972644,0.0022008629,2353789,eclipsing_binary
1528.4942384457806,1.0043544,0.00220651,2353789,eclipsing_binary
1528.4956273345529,1.0029163,0.0022048508,2353789,eclipsing_binary
1528.4970162233246,1.0029511,0.002206245,2353789,eclipsing_binary
1528.4984051120953,1.0012668,0.0022045637,2353789,eclipsing_binary
1528.4997940008664,1.0053624,0.0022084434,2353789,eclipsing_binary
1528.5011828891732,1.0025806,0.002207544,2353789,eclipsing_binary
1528.5025717779451,1.0012678,0.002206737,2353789,eclipsing_binary
1528.5039606667162,1.0008662,0.0022039327,2353789,eclipsing_binary
1528.505349555487,1.0033538,0.00220543,2353789,eclipsing_binary
1528.5067384437932,1.0024177,0.0022049132,2353789,eclipsing_binary
1528.5081273325652,1.0018502,0.0022084475,2353789,eclipsing_binary
1528.509516221337,1.0087484,0.0022091935,2353789,eclipsing_binary
1528.5109051101078,1.0006926,0.0022080918,2353789,eclipsing_binary
1528.5122939984137,1.0000826,0.0022032813,2353789,eclipsing_binary
1528.5136828871862,1.001808,0.0022047078,2353789,eclipsing_binary
1528.5150717759577,1.0027322,0.002206702,2353789,eclipsing_binary
1528.5164606642631,1.0047588,0.002208881,2353789,eclipsing_binary
1528.5178495530347,1.0031083,0.0022059602,2353789,eclipsing_binary
1528.5192384413406,1.0011508,0.0022034985,2353789,eclipsing_binary
1528.5206273301121,1.0030638,0.0022066173,2353789,eclipsing_binary
1528.5220162188837,1.0014637,0.0022051325,2353789,eclipsing_binary
1528.5234051071898,0.99983263,0.0022040515,2353789,eclipsing_binary
1528.5247939959615,1.0031608,0.0022067933,2353789,eclipsing_binary
1528.5261828842665,1.0014002,0.0022055428,2353789,eclipsing_binary
1528.527571773038,1.005099,0.0022090548,2353789,eclipsing_binary
1528.5289606613449,1.006495,0.002208161,2353789,eclipsing_binary
1528.5303495501164,1.0007879,0.002204075,2353789,eclipsing_binary
1528.5317384384218,1.005438,0.0022097593,2353789,eclipsing_binary
1528.5331273267277,1.000867,0.0022045155,2353789,eclipsing_binary
1528.5345162155002,1.0070077,0.002209453,2353789,eclipsing_binary
1528.535905103806,1.0032469,0.0022074722,2353789,eclipsing_binary
1528.537293992577,1.0044813,0.002206672,2353789,eclipsing_binary
1528.538682880882,1.0015972,0.002205876,2353789,eclipsing_binary
1528.540071769189,1.0015873,0.0022048827,2353789,eclipsing_binary
1528.541460657961,1.0068074,0.0022078396,2353789,eclipsing_binary
1528.5428495462663,1.0059049,0.0022086878,2353789,eclipsing_binary
1528.5442384345718,1.0042104,0.0022065719,2353789,eclipsing_binary
1528.5456273228776,1.0052327,0.0022083588,2353789,eclipsing_binary
1528.5470162116499,1.0004661,0.00220544,2353789,eclipsing_binary
1528.548405099956,1.0035675,0.002205418,2353789,eclipsing_binary
1528.549793988261,1.0007113,0.0022047309,2353789,eclipsing_binary
1528.5511828765668,1.001746,0.002204894,2353789,eclipsing_binary
1528.5525717653393,1.0011215,0.0022046093,2353789,eclipsing_binary
1528.5539606536452,1.0031734,0.0022061935,2353789,eclipsing_binary
1528.5553495419506,0.9971572,0.0022011143,2353789,eclipsing_binary
1528.5567384302565,1.0037211,0.0022068126,2353789,eclipsing_binary
1528.5581273185624,1.0043063,0.0022060375,2353789,eclipsing_binary
1528.5595162068682,1.0028174,0.0022055013,2353789,eclipsing_binary
1528.5609050951743,1.001093,0.0022050454,2353789,eclipsing_binary
1528.5622939834805,1.0012608,0.002204151,2353789,eclipsing_binary
1528.5636828717863,0.9989145,0.0022036906,2353789,eclipsing_binary
1528.5650717600913,1.001155,0.0022043837,2353789,eclipsing_binary
1528.5664606483974,1.0054475,0.0022089544,2353789,eclipsing_binary
1528.567849536704,1.0027008,0.002204994,2353789,eclipsing_binary
1528.5692384250099,0.99880433,0.002204183,2353789,eclipsing_binary
1528.5706273133153,1.0045962,0.002207128,2353789,eclipsing_binary
1528.5720162016212,1.0022868,0.0022063367,2353789,eclipsing_binary
1528.573405089928,1.00055,0.002203151,2353789,eclipsing_binary
1528.5747939782339,1.0058017,0.0022075842,2353789,eclipsing_binary
1528.576182866539,1.0014495,0.002204977,2353789,eclipsing_binary
1528.5775717548443,1.003936,0.0022062566,2353789,eclipsing_binary
1528.578960643151,0.99991614,0.0022034268,2353789,eclipsing_binary
1528.5803495314576,1.0046248,0.0022073344,2353789,eclipsing_binary
1528.5817384192972,1.0061712,0.0022096047,2353789,eclipsing_binary
1528.5831273076026,1.0012636,0.0022044464,2353789,eclipsing_binary
1528.5845161959085,1.0007055,0.0022048948,2353789,eclipsing_binary
1528.5859050842153,1.001818,0.0022040661,2353789,eclipsing_binary
1528.5872939725211,0.9990668,0.0022039914,2353789,eclipsing_binary
1528.5886828603604,1.0012962,0.0022056212,2353789,eclipsing_binary
1528.5900717486666,1.0054216,0.0022076725,2353789,eclipsing_binary
1528.5914606369731,1.003934,0.0022069102,2353789,eclipsing_binary
1528.5928495248133,0.9981473,0.0022040699,2353789,eclipsing_binary
1528.5942384131195,1.0051872,0.0022064508,2353789,eclipsing_binary
1528.5956273014256,1.004604,0.0022081179,2353789,eclipsing_binary
1528.5970161892649,1.0050809,0.002207997,2353789,eclipsing_binary
1528.598405077571,1.0045227,0.0022069088,2353789,eclipsing_binary
1528.5997939658776,1.0018473,0.0022046333,2353789,eclipsing_binary
1528.6011828537178,1.0027208,0.0022059148,2353789,eclipsing_binary
1528.6025717420232,0.9997043,0.002204331,2353789,eclipsing_binary
1528.6039606298627,1.0003029,0.0022032636,2353789,eclipsing_binary
1528.6053495181693,1.0039454,0.0022071484,2353789,eclipsing_binary
1528.6067384060104,1.0020206,0.0022049742,2353789,eclipsing_binary
1528.6081272943156,1.0000745,0.0022033162,2353789,eclipsing_binary
1528.6095161821552,1.0009348,0.0022040573,2353789,eclipsing_binary
1528.610905070462,1.0018783,0.0022068091,2353789,eclipsing_binary
1528.6122939583026,1.0053477,0.0022093288,2353789,eclipsing_binary
1528.613682846608,0.9999223,0.0022045325,2353789,eclipsing_binary
1528.6150717344478,1.0021012,0.002205916,2353789,eclipsing_binary
1528.6164606227537,1.0014474,0.0022048925,2353789,eclipsing_binary
1528.6178495105946,0.9993554,0.0022044329,2353789,eclipsing_binary
1528.619238398435,0.9978599,0.0022015881,2353789,eclipsing_binary
1528.62062728674,1.0023216,0.0022038952,2353789,eclipsing_binary
1528.6220161745805,1.0015678,0.0022047202,2353789,eclipsing_binary
1528.623405062421,1.0032384,0.0022054284,2353789,eclipsing_binary
1528.6247939507268,1.0015699,0.0022055884,2353789,eclipsing_binary
1528.626182838567,0.9978776,0.0022043637,2353789,eclipsing_binary
1528.6275717264073,0.9980747,0.0022043693,2353789,eclipsing_binary
1528.6289606142475,1.000983,0.0022039174,2353789,eclipsing_binary
1528.6303495025534,1.0027096,0.002206003,2353789,eclipsing_binary
1528.6317383903938,1.0009986,0.0022051118,2353789,eclipsing_binary
1528.6331272782343,1.0003433,0.0022044342,2353789,eclipsing_binary
1528.6345161660745,1.0019127,0.0022053348,2353789,eclipsing_binary
1528.6359050539138,1.0023658,0.002206902,2353789,eclipsing_binary
1528.6372939417543,0.99942344,0.0022039472,2353789,eclipsing_binary
1528.6386828300608,1.0025758,0.0022059989,2353789,eclipsing_binary
1528.640071717901,0.9990904,0.002202303,2353789,eclipsing_binary
1528.6414606057408,0.99943584,0.0022017478,2353789,eclipsing_binary
1528.6428494935806,0.9987009,0.0022033087,2353789,eclipsing_binary
1528.6442383814212,1.0031209,0.002205341,2353789,eclipsing_binary
1528.6456272692624,1.0035332,0.0022064152,2353789,eclipsing_binary
1528.6470161571021,1.0047082,0.0022072839,2353789,eclipsing_binary
1528.6484050449415,1.0019116,0.0022047432,2353789,eclipsing_binary
1528.6497939327826,0.9979362,0.0022038086,2353789,eclipsing_binary
1528.6511828206235,1.0028516,0.0022067649,2353789,eclipsing_binary
1528.652571708463,1.0060796,0.0022079307,2353789,eclipsing_binary
1528.6539605963028,1.001756,0.0022056475,2353789,eclipsing_binary
1528.655349484143,0.99865836,0.002203232,2353789,eclipsing_binary
1528.6567383715185,1.0025411,0.002205738,2353789,eclipsing_binary
1528.6581272593587,0.99978006,0.00220473,2353789,eclipsing_binary
1528.659516147198,1.0052605,0.0022129745,2353789,eclipsing_binary
1528.6609050350385,1.0032429,0.0022057048,2353789,eclipsing_binary
1528.662293922879,0.99972564,0.002205051,2353789,eclipsing_binary
1528.6636828107191,1.0015824,0.00220484,2353789,eclipsing_binary
1528.6650716980937,1.0046518,0.0022079167,2353789,eclipsing_binary
1528.666460585934,1.003934,0.0022059786,2353789,eclipsing_binary
1528.6678494737741,1.0026429,0.002205454,2353789,eclipsing_binary
1528.6692383616146,1.0037655,0.0022074536,2353789,eclipsing_binary
1528.6706272489894,1.0030732,0.0022071819,2353789,eclipsing_binary
1528.6720161368296,1.0031792,0.0022066515,2353789,eclipsing_binary
1528.6734050246698,1.0029844,0.0022050643,2353789,eclipsing_binary
1528.6747939120437,0.999845,0.0022038042,2353789,eclipsing_binary
1528.6761827998841,1.0025783,0.002207287,2353789,eclipsing_binary
1528.6775716877248,0.9966896,0.0022028342,2353789,eclipsing_binary
1528.6789605750996,0.9969793,0.0022035493,2353789,eclipsing_binary
1528.6803494629391,1.0004773,0.002204263,2353789,eclipsing_binary
1528.6817383503133,0.99882,0.0022041395,2353789,eclipsing_binary
1528.683127238154,1.0013664,0.002206136,2353789,eclipsing_binary
1528.6845161255294,0.9992731,0.0022031332,2353789,eclipsing_binary
1528.6859050133692,1.0014001,0.0022053362,2353789,eclipsing_binary
1528.6872939007428,0.9968175,0.0022009092,2353789,eclipsing_binary
1528.688682788584,0.99879855,0.00220458,2353789,eclipsing_binary
1528.6900716759594,1.0037065,0.0022055306,2353789,eclipsing_binary
1528.6914605637987,1.0033761,0.0022047944,2353789,eclipsing_binary
1528.6928494511728,0.9985237,0.0022022903,2353789,eclipsing_binary
1528.694238339013,0.99756545,0.0022021234,2353789,eclipsing_binary
1528.6956272263885,1.0008615,0.0022045635,2353789,eclipsing_binary
1528.697016113763,1.002364,0.0022048706,2353789,eclipsing_binary
1528.6984050016026,0.99782753,0.0022061062,2353789,eclipsing_binary
1528.6997938889774,1.0015285,0.002204793,2353789,eclipsing_binary
1528.701182776352,1.0008694,0.00220364,2353789,eclipsing_binary
1528.7025716641922,1.0044171,0.0022082902,2353789,eclipsing_binary
1528.7039605515668,1.0019952,0.0022053372,2353789,eclipsing_binary
1528.7053494389413,1.0029256,0.0022063954,2353789,eclipsing_binary
1528.7067383263159,0.99947685,0.0022037432,2353789,eclipsing_binary
1528.7081272141563,1.0027689,0.0022063553,2353789,eclipsing_binary
1528.709516101531,0.99959975,0.0022054843,2353789,eclipsing_binary
1528.7109049889057,1.000345,0.0022044517,2353789,eclipsing_binary
1528.7122938762802,1.0043529,0.0022076017,2353789,eclipsing_binary
1528.7136827636543,1.0022936,0.0022055267,2353789,eclipsing_binary
1528.7150716510293,0.9994658,0.0022052089,2353789,eclipsing_binary
1528.7164605388705,1.0068722,0.0022090895,2353789,eclipsing_binary
1528.7178494262446,1.005892,0.0022086536,2353789,eclipsing_binary
1528.7192383136182,0.9988007,0.0022033069,2353789,eclipsing_binary
1528.7206272009928,1.0026115,0.002206183,2353789,eclipsing_binary
1528.7220160883683,1.0023932,0.0022053823,2353789,eclipsing_binary
1528.7234049757428,1.0042562,0.0022072855,2353789,eclipsing_binary
1528.724793863117,1.0000815,0.0022040934,2353789,eclipsing_binary
1528.7261827504915,1.0021598,0.0022066536,2353789,eclipsing_binary
1528.727571637867,0.99890816,0.0022038722,2353789,eclipsing_binary
1528.7289605252415,0.99983335,0.0022045195,2353789,eclipsing_binary
1528.7303494126152,1.0040635,0.0022047078,2353789,eclipsing_binary
1528.73173829999,0.9978435,0.0022032976,2353789,eclipsing_binary
1528.7331271873647,1.0015405,0.0022046622,2353789,eclipsing_binary
1528.7345160742736,1.0025299,0.0022063185,2353789,eclipsing_binary
1528.7359049616482,1.0039409,0.0022072564,2353789,eclipsing_binary
1528.7372938490228,1.0008743,0.002205323,2353789,eclipsing_binary
1528.7386827363973,1.0027999,0.0022055302,2353789,eclipsing_binary
1528.7400716237714,1.0034688,0.002205309,2353789,eclipsing_binary
1528.7414605106803,0.9962517,0.002201131,2353789,eclipsing_binary
1528.7428493980558,0.9989,0.0022030128,2353789,eclipsing_binary
1528.7442382854304,0.9992371,0.0022039458,2353789,eclipsing_binary
1528.7456271728042,1.0008978,0.002204538,2353789,eclipsing_binary
1528.7470160597134,0.9996316,0.0022029025,2353789,eclipsing_binary
1528.7484049470884,0.9994391,0.0022026931,2353789,eclipsing_binary
1528.7497938344632,0.9984569,0.0022045875,2353789,eclipsing_binary
1528.7511827213714,1.002068,0.002206178,2353789,eclipsing_binary
1528.7525716087455,0.9988784,0.002205005,2353789,eclipsing_binary
1528.7539604961205,1.0017934,0.0022044906,2353789,eclipsing_binary
1528.7553493830303,1.0003619,0.0022034582,2353789,eclipsing_binary
1528.7567382704044,0.9997116,0.0022030498,2353789,eclipsing_binary
1528.7581271573124,0.99977416,0.0022034035,2353789,eclipsing_binary
1528.7595160446872,1.0004305,0.0022049067,2353789,eclipsing_binary
1528.7609049320624,1.0011506,0.0022051816,2353789,eclipsing_binary
1528.7622938189713,1.0027351,0.0022061728,2353789,eclipsing_binary
1528.7636827063454,0.9989671,0.0022028403,2353789,eclipsing_binary
1528.7650715932543,0.996293,0.0022040054,2353789,eclipsing_binary
1528.7664604801641,1.0029957,0.0022075213,2353789,eclipsing_binary
1528.7678493675387,1.0010793,0.002205387,2353789,eclipsing_binary
1528.769238254447,0.99924576,0.0022032445,2353789,eclipsing_binary
1528.7706271418217,1.0021567,0.0022049996,2353789,eclipsing_binary
1528.7720160287306,1.0013094,0.002205278,2353789,eclipsing_binary
1528.7734049156395,0.998232,0.0022038147,2353789,eclipsing_binary
1528.774793803014,1.0012779,0.0022037816,2353789,eclipsing_binary
1528.776182689923,1.0014462,0.0022054978,2353789,eclipsing_binary
1528.7775715768319,0.9990543,0.0022042296,2353789,eclipsing_binary
1528.778960464206,1.0006953,0.0022031437,2353789,eclipsing_binary
1528.7803493511149,0.9992423,0.002203044,2353789,eclipsing_binary
1528.7817382380247,0.99836767,0.0022024915,2353789,eclipsing_binary
1528.7831271249336,0.9982007,0.0022035632,2353789,eclipsing_binary
1528.7845160123077,1.0006006,0.0022033683,2353789,eclipsing_binary
1528.7859048992166,1.002214,0.0022058152,2353789,eclipsing_binary
1528.7872937861262,1.000039,0.0022044142,2353789,eclipsing_binary
1528.7886826730353,1.0024531,0.0022088937,2353789,eclipsing_binary
1528.7900715599433,1.0054947,0.0022078415,2353789,eclipsing_binary
1528.7914604468517,0.9999233,0.002205077,2353789,eclipsing_binary
1528.7928493337613,1.002181,0.0022047623,2353789,eclipsing_binary
1528.7942382206709,0.9993301,0.002205892,2353789,eclipsing_binary
1528.795627108045,0.99714977,0.0022029378,2353789,eclipsing_binary
1528.797015994953,0.99874175,0.0022038352,2353789,eclipsing_binary
1528.798404881862,1.0023769,0.0022075777,2353789,eclipsing_binary
1528.7997937687717,1.0009344,0.0022053518,2353789,eclipsing_binary
1528.8011826556806,1.0007864,0.0022057532,2353789,eclipsing_binary
1528.802571542589,1.0008551,0.0022055558,2353789,eclipsing_binary
1528.8039604290323,0.99711215,0.0022041632,2353789,eclipsing_binary
1528.805349315942,0.9981858,0.0022043963,2353789,eclipsing_binary
1528.806738202851,1.0025916,0.0022059635,2353789,eclipsing_binary
1528.8081270897594,0.9996517,0.0022041467,2353789,eclipsing_binary
1528.8095159766683,0.9990424,0.0022034128,2353789,eclipsing_binary
1528.8109048635772,0.99988914,0.0022048554,2353789,eclipsing_binary
1528.812293750486,0.9975847,0.0022022275,2353789,eclipsing_binary
1528.813682637395,0.9971494,0.0022028126,2353789,eclipsing_binary
1528.8150715238382,0.99770623,0.0022026326,2353789,eclipsing_binary
1528.8164604107474,1.0024872,0.0022064364,2353789,eclipsing_binary
1528.8178492976556,1.0004668,0.002203701,2353789,eclipsing_binary
1528.8192381845645,0.99920714,0.002203965,2353789,eclipsing_binary
1528.8206270710086,0.99922127,0.0022040936,2353789,eclipsing_binary
1528.8220159579175,1.0009228,0.00220446,2353789,eclipsing_binary
1528.823404844826,0.9996706,0.0022031807,2353789,eclipsing_binary
1528.8247937312692,1.002044,0.0022084145,2353789,eclipsing_binary
1528.8261826181788,1.0018903,0.0022054294,2353789,eclipsing_binary
1528.827571505088,1.0004838,0.0022042256,2353789,eclipsing_binary
1528.8289603915302,1.0048761,0.0022086771,2353789,eclipsing_binary
1528.8303492784387,1.0000181,0.0022039565,2353789,eclipsing_binary
1528.8317381648828,1.0030347,0.0022071349,2353789,eclipsing_binary
1528.8331270517922,1.0015912,0.0022048473,2353789,eclipsing_binary
1528.834515938235,1.0033092,0.0022056138,2353789,eclipsing_binary
1528.8359048251432,0.99864835,0.0022046994,2353789,eclipsing_binary
1528.8372937115867,1.0025098,0.002207227,2353789,eclipsing_binary
1528.838682598496,1.0022441,0.0022054613,2353789,eclipsing_binary
1528.8400714849395,1.0025793,0.0022058445,2353789,eclipsing_binary
1528.8414603718477,1.0011256,0.0022044822,2353789,eclipsing_binary
1528.842849258291,1.0034609,0.0022045579,2353789,eclipsing_binary
1528.8442381452007,1.0001998,0.002204538,2353789,eclipsing_binary
1528.845627031644,1.0009413,0.0022089377,2353789,eclipsing_binary
1528.8470159180868,1.0057956,0.0022084774,2353789,eclipsing_binary
1528.8484048049957,1.0025884,0.002208329,2353789,eclipsing_binary
1528.849793691439,0.9968903,0.00220152,2353789,eclipsing_binary
1528.8511825778821,1.0029484,0.0022055388,2353789,eclipsing_binary
1528.8525714643254,0.99925816,0.0022037071,2353789,eclipsing_binary
1528.8539603512345,0.9999112,0.002203832,2353789,eclipsing_binary
1528.855349237678,1.002207,0.0022077623,2353789,eclipsing_binary
1528.8567381241203,0.99956954,0.0022034128,2353789,eclipsing_binary
1528.8581270105635,0.99985397,0.0022045088,2353789,eclipsing_binary
1528.8595158974733,0.99907947,0.002203889,2353789,eclipsing_binary
1528.8609047839166,0.997019,0.0022025118,2353789,eclipsing_binary
1528.8622936703593,1.0022905,0.0022056065,2353789,eclipsing_binary
1528.8636825568033,1.0008887,0.0022061043,2353789,eclipsing_binary
1528.8650714432472,0.9987725,0.00220487,2353789,eclipsing_binary
1528.86646032969,1.0055941,0.0022071782,2353789,eclipsing_binary
1528.8678492161325,0.999968,0.0022041511,2353789,eclipsing_binary
1528.869238102576,1.0025026,0.0022080424,2353789,eclipsing_binary
1528.8706269890197,1.002019,0.0022052594,2353789,eclipsing_binary
1528.872015875463,1.0020553,0.0022043788,2353789,eclipsing_binary
1528.8734047619057,1.0019306,0.0022055474,2353789,eclipsing_binary
1528.874793648349,1.0026132,0.0022061598,2353789,eclipsing_binary
1528.8761825347922,0.9989131,0.0022022366,2353789,eclipsing_binary
1528.8775714212356,1.0003294,0.0022076182,2353789,eclipsing_binary
1528.878960307679,0.99881804,0.0022046987,2353789,eclipsing_binary
1528.8803491941223,1.0036905,0.002205441,2353789,eclipsing_binary
1528.8817380805656,0.99655825,0.0022033565,2353789,eclipsing_binary
1528.8831269670081,0.99532354,0.0022006426,2353789,eclipsing_binary
1528.884515852986,0.9991942,0.0022048787,2353789,eclipsing_binary
1528.8859047394296,0.9967687,0.0022017078,2353789,eclipsing_binary
1528.887293625873,0.9995481,0.0022031278,2353789,eclipsing_binary
1528.8886825123157,1.0027282,0.0022064277,2353789,eclipsing_binary
1528.890071398759,1.0018204,0.0022048631,2353789,eclipsing_binary
1528.8914602847374,1.0004075,0.0022043537,2353789,eclipsing_binary
1528.8928491711806,0.99963456,0.0022046012,2353789,eclipsing_binary
1528.8942380576234,0.99761057,0.0022027623,2353789,eclipsing_binary
1528.8956269436,1.0002534,0.0022048843,2353789,eclipsing_binary
1528.8970158300442,0.9986904,0.0022032752,2353789,eclipsing_binary
1528.8984047164884,0.9993474,0.002205118,2353789,eclipsing_binary
1528.899793602465,0.9968963,0.0022050336,2353789,eclipsing_binary
1528.9011824889078,1.0029293,0.0022067854,2353789,eclipsing_binary
1528.9025713748854,1.0020382,0.002204246,2353789,eclipsing_binary
1528.9039602613295,0.99624234,0.002201893,2353789,eclipsing_binary
1528.905349147307,0.99590725,0.0022018633,2353789,eclipsing_binary
1528.9067380337497,0.9972787,0.002203997,2353789,eclipsing_binary
1528.9081269197275,1.0012541,0.0022054645,2353789,eclipsing_binary
1528.9095158061712,0.99958646,0.0022046107,2353789,eclipsing_binary
1528.910904692149,0.9996632,0.0022034564,2353789,eclipsing_binary
1528.9122935785915,0.9995891,0.0022044422,2353789,eclipsing_binary
1528.913682464569,0.9958635,0.0022023174,2353789,eclipsing_binary
1528.9150713510126,1.0000874,0.0022041108,2353789,eclipsing_binary
1528.9164602369904,1.0008668,0.0022060939,2353789,eclipsing_binary
1528.917849122968,1.0002642,0.0022051572,2353789,eclipsing_binary
1528.9192380094112,0.994788,0.0022009353,2353789,eclipsing_binary
1528.9206268953888,0.9984947,0.0022048932,2353789,eclipsing_binary
1528.9220157813659,1.0027955,0.002206291,2353789,eclipsing_binary
1528.923404667809,0.99936324,0.0022039365,2353789,eclipsing_binary
1528.9247935537874,0.99813765,0.0022033735,2353789,eclipsing_binary
1528.9261824397652,1.0010176,0.0022071414,2353789,eclipsing_binary
1528.9275713257418,1.001182,0.002205487,2353789,eclipsing_binary
1528.9289602117194,1.0010984,0.00220414,2353789,eclipsing_binary
1528.9303490981636,0.9980642,0.002202491,2353789,eclipsing_binary
1528.9317379841411,1.0003508,0.0022043828,2353789,eclipsing_binary
1528.9331268701183,1.0057454,0.0022089742,2353789,eclipsing_binary
1528.9345157560952,1.0021869,0.0022049744,2353789,eclipsing_binary
1528.9359046420734,1.0024803,0.002205849,2353789,eclipsing_binary
1528.937293528052,0.9995207,0.0022049637,2353789,eclipsing_binary
1528.9386824140288,1.0026331,0.0022067807,2353789,eclipsing_binary
1528.9400713000057,1.0008788,0.0022051902,2353789,eclipsing_binary
1528.9414601859833,0.99734706,0.002202542,2353789,eclipsing_binary
1528.9428490719617,1.0001669,0.0022044436,2353789,eclipsing_binary
1528.9442379579393,0.9993961,0.0022041423,2353789,eclipsing_binary
1528.9456268439164,0.996709,0.002201472,2353789,eclipsing_binary
1528.947015729894,0.9992714,0.002203926,2353789,eclipsing_binary
1528.9484046158723,1.0042326,0.0022061558,2353789,eclipsing_binary
1528.94979350185,0.9977626,0.0022029553,2353789,eclipsing_binary
1528.9511823878267,0.9991663,0.0022033686,2353789,eclipsing_binary
1528.9525712738043,0.99474233,0.002200287,2353789,eclipsing_binary
1528.9539601597821,1.0034378,0.0022066769,2353789,eclipsing_binary
1528.9553490452943,0.99392426,0.002200181,2353789,eclipsing_binary
1528.9567379312718,0.9981451,0.0022036866,2353789,eclipsing_binary
1528.9581268172494,0.99568343,0.0022001285,2353789,eclipsing_binary
1528.959515703227,0.9977142,0.0022034962,2353789,eclipsing_binary
1528.9609045887385,0.9997142,0.0022048373,2353789,eclipsing_binary
1528.962293474716,0.99943244,0.0022035565,2353789,eclipsing_binary
1528.9636823606945,0.994772,0.0022009315,2353789,eclipsing_binary
1528.965071246672,0.9980882,0.0022046573,2353789,eclipsing_binary
1528.966460132183,0.99773526,0.002203205,2353789,eclipsing_binary
1528.967849018161,1.00267,0.002207057,2353789,eclipsing_binary
1528.9692379036735,0.9986614,0.0022028058,2353789,eclipsing_binary
1528.970626789651,1.0001544,0.0022050438,2353789,eclipsing_binary
1528.9720156756282,0.9990128,0.0022042203,2353789,eclipsing_binary
1528.9734045611397,0.9970655,0.0022028622,2353789,eclipsing_binary
1528.9747934471177,0.99486625,0.0022011637,2353789,eclipsing_binary
1528.9761823326305,0.99707496,0.0022017695,2353789,eclipsing_binary
1528.9775712186074,1.0022848,0.0022056433,2353789,eclipsing_binary
1528.9789601041186,1.0015458,0.0022057137,2353789,eclipsing_binary
1528.9803489900962,0.99726397,0.0022023309,2353789,eclipsing_binary
1528.981737875609,0.99718374,0.002202621,2353789,eclipsing_binary
1528.9831267615866,0.9978676,0.002202589,2353789,eclipsing_binary
1528.984515647098,0.9987555,0.0022067328,2353789,eclipsing_binary
1528.98590453261,1.001254,0.0022049402,2353789,eclipsing_binary
1528.9872934185885,0.99889,0.0022040736,2353789,eclipsing_binary
1528.9886823041004,0.9958548,0.0022024412,2353789,eclipsing_binary
1528.9900711896114,1.0011245,0.0022052608,2353789,eclipsing_binary
1528.9914600755892,1.0024891,0.0022056336,2353789,eclipsing_binary
1528.9928489611013,1.0059341,0.002210576,2353789,eclipsing_binary
1528.9942378466133,0.9993442,0.0022040294,2353789,eclipsing_binary
1528.9956267321252,0.9968494,0.0022029374,2353789,eclipsing_binary
1528.9970156181028,1.0014129,0.0022047942,2353789,eclipsing_binary
1528.9984045036147,1.0048684,0.0022084464,2353789,eclipsing_binary
1528.9997933891261,0.9990611,0.0022045195,2353789,eclipsing_binary
1529.001182274638,0.99696934,0.0022022987,2353789,eclipsing_binary
1529.0025711601509,1.0011414,0.0022038866,2353789,eclipsing_binary
1529.0039600456628,1.0008311,0.0022093295,2353789,eclipsing_binary
1529.005348931174,1.0004569,0.0022046326,2353789,eclipsing_binary
1529.0067378166862,1.0003412,0.0022040734,2353789,eclipsing_binary
1529.0081267021985,0.9992862,0.0022053637,2353789,eclipsing_binary
1529.0095155877107,0.9970092,0.0022031406,2353789,eclipsing_binary
1529.010904473222,1.0004095,0.0022065686,2353789,eclipsing_binary
1529.0122933587334,0.9988633,0.0022054184,2353789,eclipsing_binary
1529.0136822442457,0.998619,0.0022030624,2353789,eclipsing_binary
1529.0150711297586,0.999409,0.0022053989,2353789,eclipsing_binary
1529.01646001527,0.99987674,0.002204307,2353789,eclipsing_binary
1529.017848900781,0.99928266,0.0022037996,2353789,eclipsing_binary
1529.0192377862932,0.9984347,0.0022055046,2353789,eclipsing_binary
1529.0206266718058,0.99982494,0.0022033819,2353789,eclipsing_binary
1529.0220155573177,0.9966899,0.0022027227,2353789,eclipsing_binary
1529.0234044428291,0.99594504,0.002202201,2353789,eclipsing_binary
1529.0247933278754,0.9994755,0.0022032985,2353789,eclipsing_binary
1529.0261822133882,0.9957737,0.0022014414,2353789,eclipsing_binary
1529.0275710989001,0.9982647,0.0022022051,2353789,eclipsing_binary
1529.0289599844114,0.99698025,0.0022020575,2353789,eclipsing_binary
1529.0303488694578,0.9974623,0.0022029616,2353789,eclipsing_binary
1529.0317377549698,0.9950618,0.002201851,2353789,eclipsing_binary
1529.0331266404817,0.99355376,0.0021999218,2353789,eclipsing_binary
1529.034515525528,0.99956536,0.0022038934,2353789,eclipsing_binary
1529.0359044110398,0.99603415,0.0022036978,2353789,eclipsing_binary
1529.0372932965518,0.99163,0.0022008645,2353789,eclipsing_binary
1529.0386821815976,0.99038035,0.0021975464,2353789,eclipsing_binary
1529.0400710671095,0.992686,0.0022000056,2353789,eclipsing_binary
1529.0414599521566,0.9928299,0.002200355,2353789,eclipsing_binary
1529.0428488376685,0.9939947,0.0022018182,2353789,eclipsing_binary
1529.04423772318,0.99419177,0.0022019532,2353789,eclipsing_binary
1529.0456266082263,0.99396193,0.0022030345,2353789,eclipsing_binary
1529.047015493273,0.9942651,0.0022031956,2353789,eclipsing_binary
1529.048404378785,0.9911745,0.0021986754,2353789,eclipsing_binary
1529.0497932638307,0.99690884,0.0022041898,2353789,eclipsing_binary
1529.0511821493421,1.0008527,0.002207796,2353789,eclipsing_binary
1529.052571034389,0.9926103,0.002198969,2353789,eclipsing_binary
1529.0539599199017,0.9923233,0.0021999422,2353789,eclipsing_binary
1529.0553488049475,0.9953201,0.0022007932,2353789,eclipsing_binary
1529.0567376899928,0.9958225,0.002201165,2353789,eclipsing_binary
1529.058126575505,0.99793744,0.0022032396,2353789,eclipsing_binary
1529.059515460552,0.9979775,0.0022048804,2353789,eclipsing_binary
1529.0609043455981,0.99650246,0.0022022845,2353789,eclipsing_binary
1529.062293230644,0.99779314,0.002204455,2353789,eclipsing_binary
1529.0636821161559,0.9986959,0.0022028578,2353789,eclipsing_binary
1529.065071001203,0.9975436,0.0022041188,2353789,eclipsing_binary
1529.0664598862493,0.9953736,0.0022022715,2353789,eclipsing_binary
1529.0678487712955,0.9925026,0.002200069,2353789,eclipsing_binary
1529.0692376563418,1.0000194,0.0022059437,2353789,eclipsing_binary
1535.002575656298,0.99462146,0.0021956402,2353789,eclipsing_binary
1535.0039645427414,0.998605,0.0021987988,2353789,eclipsing_binary
1535.0053534291853,1.0007987,0.0022000575,2353789,eclipsing_binary
1535.0067423156286,0.9972966,0.0021942651,2353789,eclipsing_binary
1535.0081312020714,1.0011921,0.0021966072,2353789,eclipsing_binary
1535.0095200885146,1.001027,0.0021975287,2353789,eclipsing_binary
1535.0109089749578,1.0013595,0.002195949,2353789,eclipsing_binary
1535.0122978609354,0.99772424,0.0021935883,2353789,eclipsing_binary
1535.0136867473789,0.999237,0.0021988966,2353789,eclipsing_binary
1535.0150756338214,0.9993843,0.0021924586,2353789,eclipsing_binary
1535.0164645202647,0.99865,0.0021955026,2353789,eclipsing_binary
1535.0178534067081,1.0008466,0.0021961078,2353789,eclipsing_binary
1535.0192422931516,1.0032547,0.0021964917,2353789,eclipsing_binary
1535.0206311795948,1.0012869,0.0021975716,2353789,eclipsing_binary
1535.0220200655724,0.998317,0.0021968787,2353789,eclipsing_binary
1535.0234089520156,1.0023822,0.0021978547,2353789,eclipsing_binary
1535.0247978384589,1.0026385,0.0021933103,2353789,eclipsing_binary
1535.0261867249021,1.00034,0.0021963243,2353789,eclipsing_binary
1535.0275756108792,0.9997123,0.002196834,2353789,eclipsing_binary
1535.0289644973225,1.0003422,0.0021985818,2353789,eclipsing_binary
1535.0303533837657,1.0014765,0.002194249,2353789,eclipsing_binary
1535.031742270209,1.0012025,0.0021989092,2353789,eclipsing_binary
1535.0331311566524,1.002268,0.002197066,2353789,eclipsing_binary
1535.0345200426302,1.0020801,0.0021955767,2353789,eclipsing_binary
1535.0359089290735,1.0001221,0.0021975413,2353789,eclipsing_binary
1535.037297815516,1.0043362,0.0021989907,2353789,eclipsing_binary
1535.0386867019595,1.0019593,0.0022009304,2353789,eclipsing_binary
1535.0400755879375,1.0052191,0.0022002829,2353789,eclipsing_binary
1535.041464474381,1.0013775,0.0021984242,2353789,eclipsing_binary
1535.0428533608235,0.9999186,0.00219798,2353789,eclipsing_binary
1535.0442422468006,1.0033492,0.0022017856,2353789,eclipsing_binary
1535.045631133244,1.0002447,0.0021978596,2353789,eclipsing_binary
1535.0470200196878,1.0001699,0.0021968186,2353789,eclipsing_binary
1535.0484089056656,1.0010964,0.0021996696,2353789,eclipsing_binary
1535.049797792108,0.99998105,0.0021971397,2353789,eclipsing_binary
1535.0511866785514,0.9939145,0.0021972635,2353789,eclipsing_binary
1535.0525755645297,0.99493706,0.0021963564,2353789,eclipsing_binary
1535.053964450973,0.9987101,0.0021967348,2353789,eclipsing_binary
1535.0553533374157,0.9997002,0.0021988007,2353789,eclipsing_binary
1535.0567422233926,0.99723357,0.0021975671,2353789,eclipsing_binary
1535.058131109836,0.99708486,0.0021970982,2353789,eclipsing_binary
1535.059519995814,0.9971267,0.002197126,2353789,eclipsing_binary
1535.0609088822575,0.9963656,0.0021975096,2353789,eclipsing_binary
1535.0622977687,0.99893796,0.0022005064,2353789,eclipsing_binary
1535.0636866546772,0.9992034,0.00220019,2353789,eclipsing_binary
1535.0650755411211,0.9981305,0.0021973916,2353789,eclipsing_binary
1535.0664644270994,1.0014098,0.0022020582,2353789,eclipsing_binary
1535.0678533135422,0.99935126,0.0022004715,2353789,eclipsing_binary
1535.0692421999845,1.00054,0.0022001849,2353789,eclipsing_binary
1535.070631085963,0.9978615,0.0021995709,2353789,eclipsing_binary
1535.0720199724071,0.9989194,0.0021993003,2353789,eclipsing_binary
1535.0734088583838,0.99957913,0.0022038626,2353789,eclipsing_binary
1535.0747977448266,0.99546534,0.0022010847,2353789,eclipsing_binary
1535.0761866308037,0.9976351,0.00219927,2353789,eclipsing_binary
1535.0775755172474,0.9991289,0.00219989,2353789,eclipsing_binary
1535.0789644032259,1.0008434,0.0022002435,2353789,eclipsing_binary
1535.0803532896684,1.0000429,0.002201129,2353789,eclipsing_binary
1535.0817421756453,0.9954546,0.0021977834,2353789,eclipsing_binary
1535.0831310620886,0.9987006,0.0022017735,2353789,eclipsing_binary
1535.084519948067,1.0010453,0.0022015853,2353789,eclipsing_binary
1535.0859088345103,0.99543643,0.0021978228,2353789,eclipsing_binary
1535.0872977204874,1.002531,0.002204311,2353789,eclipsing_binary
1535.0886866069297,0.9976262,0.0022015353,2353789,eclipsing_binary
1535.0900754929082,0.9991761,0.0022032666,2353789,eclipsing_binary
1535.0914643793524,0.99858946,0.0022022296,2353789,eclipsing_binary
1535.092853265329,0.99863786,0.0022009606,2353789,eclipsing_binary
1535.0942421513062,1.0006787,0.0022022214,2353789,eclipsing_binary
1535.0956310377494,1.0020266,0.0022030463,2353789,eclipsing_binary
1535.0970199237279,0.9980863,0.002200321,2353789,eclipsing_binary
1535.0984088101711,0.99525654,0.0022018086,2353789,eclipsing_binary
1535.0997976961482,0.99864453,0.002199294,2353789,eclipsing_binary
1535.101186582125,0.9965309,0.0022006545,2353789,eclipsing_binary
1535.1025754685681,0.99574065,0.0022011197,2353789,eclipsing_binary
1535.1039643545466,0.9992235,0.0022047372,2353789,eclipsing_binary
1535.1053532409899,1.0008199,0.002206535,2353789,eclipsing_binary
1535.106742126967,0.99905217,0.0022062585,2353789,eclipsing_binary
1535.1081310129446,0.99233824,0.002200075,2353789,eclipsing_binary
1535.1095198993887,0.9975258,0.0022035886,2353789,eclipsing_binary
1535.1109087853663,0.99151856,0.0021981942,2353789,eclipsing_binary
1535.112297671343,0.99716425,0.0022053812,2353789,eclipsing_binary
1535.1136865577864,0.99777037,0.0022021257,2353789,eclipsing_binary
1535.1150754437642,0.9935422,0.0022050464,2353789,eclipsing_binary
1535.1164643297418,0.99298024,0.0022000908,2353789,eclipsing_binary
1535.117853216185,0.9934568,0.0022025958,2353789,eclipsing_binary
1535.1192421021622,0.9930792,0.0022009439,2353789,eclipsing_binary
1535.1206309881397,0.99918914,0.0022076364,2353789,eclipsing_binary
1535.122019874583,0.9970684,0.00220359,2353789,eclipsing_binary
1535.1234087605606,0.99522686,0.0022028424,2353789,eclipsing_binary
1535.1247976465381,0.9985537,0.002205535,2353789,eclipsing_binary
1535.1261865325157,0.99987733,0.0022065744,2353789,eclipsing_binary
1535.1275754189592,0.9973956,0.0022041702,2353789,eclipsing_binary
1535.128964304937,0.99865663,0.0022021492,2353789,eclipsing_binary
1535.1303531909145,0.99645704,0.0022041183,2353789,eclipsing_binary
1535.1317420768912,0.9967133,0.002199952,2353789,eclipsing_binary
1535.133130962869,1.0035757,0.0022083356,2353789,eclipsing_binary
1535.1345198493125,0.9973009,0.0022053218,2353789,eclipsing_binary
1535.13590873529,0.9992586,0.0022055043,2353789,eclipsing_binary
1535.1372976212676,1.0000929,0.0022099442,2353789,eclipsing_binary
1535.1386865072452,1.001858,0.002205146,2353789,eclipsing_binary
1535.1400753936884,0.9948251,0.0022035316,2353789,eclipsing_binary
1535.1414642796656,0.9974828,0.0022084,2353789,eclipsing_binary
1535.1428531656431,1.0013429,0.0022060855,2353789,eclipsing_binary
1535.1442420516216,1.0035167,0.0022130953,2353789,eclipsing_binary
1535.1456309375992,1.000412,0.0022067623,2353789,eclipsing_binary
1535.147019823576,0.99762017,0.002209951,2353789,eclipsing_binary
1535.148408709554,0.9974624,0.002205502,2353789,eclipsing_binary
1535.1497975959971,0.9957778,0.00220812,2353789,eclipsing_binary
1535.1511864819747,0.9954191,0.0022059127,2353789,eclipsing_binary
1535.1525753679523,0.995851,0.0022056196,2353789,eclipsing_binary
1535.1539642539294,1.0008179,0.0022090035,2353789,eclipsing_binary
1535.155353139907,1.0026178,0.0022081668,2353789,eclipsing_binary
1535.1567420258853,1.0050151,0.0022092892,2353789,eclipsing_binary
1535.158130911863,0.9994269,0.0022088613,2353789,eclipsing_binary
1535.1595197978397,1.0013329,0.0022078613,2353789,eclipsing_binary
1535.1609086838168,0.99804676,0.0022083635,2353789,eclipsing_binary
1535.1622975697944,0.99649626,0.0022019239,2353789,eclipsing_binary
1535.1636864562386,0.9975493,0.0022091111,2353789,eclipsing_binary
1535.1650753422161,0.9969086,0.0022035441,2353789,eclipsing_binary
1535.1664642281933,1.0009238,0.002207454,2353789,eclipsing_binary
1535.1678531141708,0.9991391,0.0022071942,2353789,eclipsing_binary
1535.1692420001489,1.0002289,0.002207975,2353789,eclipsing_binary
1535.1706308861267,1.0000834,0.0022083344,2353789,eclipsing_binary
1535.1720197721036,1.0006791,0.0022079323,2353789,eclipsing_binary
1535.1734086580807,0.99918234,0.002208945,2353789,eclipsing_binary
1535.1747975440583,0.9986978,0.0022061758,2353789,eclipsing_binary
1535.1761864300368,1.0015745,0.0022081996,2353789,eclipsing_binary
1535.1775753160143,0.9957783,0.002208448,2353789,eclipsing_binary
1535.178964201991,0.9964605,0.0022089256,2353789,eclipsing_binary
1535.1803530879681,1.0011503,0.002208814,2353789,eclipsing_binary
1535.1817419739466,0.9978315,0.0022084077,2353789,eclipsing_binary
1535.1831308599246,1.0029732,0.0022101458,2353789,eclipsing_binary
1535.1845197459018,0.9991904,0.0022075812,2353789,eclipsing_binary
1535.1859086318789,0.99411076,0.0022036124,2353789,eclipsing_binary
1535.1872975173912,0.9994815,0.0022088327,2353789,eclipsing_binary
1535.1886864033697,1.0019429,0.0022100932,2353789,eclipsing_binary
1535.1900752893469,1.0008425,0.0022073386,2353789,eclipsing_binary
1535.1914641753235,1.0014633,0.002214542,2353789,eclipsing_binary
1535.1928530613006,1.0019563,0.0022100308,2353789,eclipsing_binary
1535.194241947279,1.0052425,0.0022123626,2353789,eclipsing_binary
1535.1956308332572,1.0015334,0.0022103495,2353789,eclipsing_binary
1535.1970197192343,1.0002853,0.0022083798,2353789,eclipsing_binary
1535.1984086052112,1.0033398,0.0022122052,2353789,eclipsing_binary
1535.199797491189,1.0008681,0.0022107433,2353789,eclipsing_binary
1535.2011863767013,1.001314,0.0022088154,2353789,eclipsing_binary
1535.202575262679,1.0013163,0.0022097793,2353789,eclipsing_binary
1535.203964148656,1.0012501,0.0022107828,2353789,eclipsing_binary
1535.2053530346332,1.0024389,0.0022108739,2353789,eclipsing_binary
1535.2067419206112,0.9992329,0.0022087875,2353789,eclipsing_binary
1535.2081308065897,0.9967173,0.0022093577,2353789,eclipsing_binary
1535.2095196921011,1.0044571,0.0022114941,2353789,eclipsing_binary
1535.2109085780778,1.0037774,0.0022116918,2353789,eclipsing_binary
1535.2122974640554,1.0035312,0.0022118315,2353789,eclipsing_binary
1535.2136863500339,0.9983397,0.0022084655,2353789,eclipsing_binary
1535.2150752360114,1.0045543,0.0022096776,2353789,eclipsing_binary
1535.216464121523,1.0040624,0.002214906,2353789,eclipsing_binary
1535.2178530074998,1.0038766,0.0022125365,2353789,eclipsing_binary
1535.2192418934776,1.0041476,0.002210557,2353789,eclipsing_binary
1535.2206307794556,1.0001931,0.0022070867,2353789,eclipsing_binary
1535.2220196649678,1.0060853,0.0022149726,2353789,eclipsing_binary
1535.2234085509447,0.9973711,0.0022091412,2353789,eclipsing_binary
1535.2247974369222,0.999385,0.0022085118,2353789,eclipsing_binary
1535.2261863229007,1.0005004,0.0022092927,2353789,eclipsing_binary
1535.2275752084126,0.99877214,0.002209129,2353789,eclipsing_binary
1535.2289640943898,0.9995834,0.002209931,2353789,eclipsing_binary
1535.2303529803673,1.0018035,0.002211971,2353789,eclipsing_binary
1535.231741866345,1.0013195,0.0022088815,2353789,eclipsing_binary
1535.2331307518568,1.0052719,0.0022121002,2353789,eclipsing_binary
1535.2345196378344,1.0007454,0.0022120394,2353789,eclipsing_binary
1535.2359085238115,1.0016491,0.0022107146,2353789,eclipsing_binary
1535.2372974093234,1.0039905,0.0022119198,2353789,eclipsing_binary
1535.238686295301,1.0022737,0.0022111826,2353789,eclipsing_binary
1535.2400751812786,1.0023521,0.0022103128,2353789,eclipsing_binary
1535.2414640667907,1.0015641,0.0022122406,2353789,eclipsing_binary
1535.2428529527685,1.0051972,0.002214534,2353789,eclipsing_binary
1535.2442418382805,1.0053996,0.0022147608,2353789,eclipsing_binary
1535.245630724258,1.0046661,0.0022142583,2353789,eclipsing_binary
1535.2470196102356,1.0016624,0.0022105323,2353789,eclipsing_binary
1535.248408495747,1.0043479,0.002212069,2353789,eclipsing_binary
1535.2497973817246,1.0002842,0.0022098694,2353789,eclipsing_binary
1535.2511862677022,1.0024382,0.0022119682,2353789,eclipsing_binary
1535.2525751532141,1.0023698,0.0022113263,2353789,eclipsing_binary
1535.2539640391917,1.0010052,0.0022101374,2353789,eclipsing_binary
1535.2553529247039,1.0062468,0.0022141677,2353789,eclipsing_binary
1535.2567418106817,1.0032938,0.0022120387,2353789,eclipsing_binary
1535.2581306961927,1.0027581,0.0022103242,2353789,eclipsing_binary
1535.2595195821702,1.0018859,0.0022130373,2353789,eclipsing_binary
1535.2609084676824,1.005779,0.0022144953,2353789,eclipsing_binary
1535.2622973536602,0.9997944,0.0022097714,2353789,eclipsing_binary
1535.2636862396378,1.0012244,0.0022116196,2353789,eclipsing_binary
1535.2650751251497,1.0023887,0.0022086927,2353789,eclipsing_binary
1535.2664640111273,1.004232,0.0022147875,2353789,eclipsing_binary
1535.2678528966392,1.0039216,0.00221352,2353789,eclipsing_binary
1535.2692417826167,1.0043317,0.0022121738,2353789,eclipsing_binary
1535.2706306681282,0.9987324,0.002210035,2353789,eclipsing_binary
1535.2720195541058,1.0093479,0.002217192,2353789,eclipsing_binary
1535.2734084396177,1.0037193,0.0022141163,2353789,eclipsing_binary
1535.2747973255955,1.0059988,0.0022167158,2353789,eclipsing_binary
1535.2761862111076,0.9994709,0.0022130224,2353789,eclipsing_binary
1535.2775750966186,1.0007356,0.0022104576,2353789,eclipsing_binary
1535.2789639825962,1.0035611,0.0022131042,2353789,eclipsing_binary
1535.280352868109,0.9986658,0.0022107228,2353789,eclipsing_binary
1535.2817417540866,1.0015289,0.0022134604,2353789,eclipsing_binary
1535.283130639598,1.0040945,0.0022137181,2353789,eclipsing_binary
1535.2845195255757,1.0019282,0.002212062,2353789,eclipsing_binary
1535.2859084110885,1.000831,0.0022120622,2353789,eclipsing_binary
1535.2872972966004,1.0019943,0.0022130902,2353789,eclipsing_binary
1535.2886861825773,0.9998292,0.0022117326,2353789,eclipsing_binary
1535.2900750680885,1.0017242,0.0022140287,2353789,eclipsing_binary
1535.291463954066,1.0033623,0.0022157691,2353789,eclipsing_binary
1535.292852839579,1.0019382,0.0022135535,2353789,eclipsing_binary
1535.2942417250908,1.0022076,0.0022118562,2353789,eclipsing_binary
1535.295630611068,1.0044358,0.0022138197,2353789,eclipsing_binary
1535.297019496579,1.0027491,0.002210614,2353789,eclipsing_binary
1535.2984083820918,0.996735,0.0022081418,2353789,eclipsing_binary
1535.2997972680703,1.0021687,0.0022124897,2353789,eclipsing_binary
1535.3011861535813,1.0051068,0.00221488,2353789,eclipsing_binary
1535.3025750390927,0.99942374,0.002211943,2353789,eclipsing_binary
1535.3039639250703,0.9999329,0.0022097768,2353789,eclipsing_binary
1535.3053528105831,1.0029727,0.0022135365,2353789,eclipsing_binary
1535.306741696095,1.0042251,0.0022107002,2353789,eclipsing_binary
1535.308130582072,1.0007813,0.0022108615,2353789,eclipsing_binary
1535.3095194675832,1.0021313,0.0022118236,2353789,eclipsing_binary
1535.310908353096,0.996491,0.002210288,2353789,eclipsing_binary
1535.3122972386086,1.0035081,0.0022136068,2353789,eclipsing_binary
1535.3136861245855,0.99918705,0.0022123344,2353789,eclipsing_binary
1535.315075010097,1.00461,0.0022143177,2353789,eclipsing_binary
1535.316463895608,1.0022238,0.0022121845,2353789,eclipsing_binary
1535.3178527811208,1.0006243,0.0022107183,2353789,eclipsing_binary
1535.3192416670993,1.0019858,0.0022134273,2353789,eclipsing_binary
1535.3206305526103,0.9977123,0.0022089006,2353789,eclipsing_binary
1535.3220194381217,0.99865496,0.0022125265,2353789,eclipsing_binary
1535.3234083236346,1.0033492,0.0022155312,2353789,eclipsing_binary
1535.3247972096126,1.0038307,0.0022131382,2353789,eclipsing_binary
1535.326186095124,1.0024902,0.0022129882,2353789,eclipsing_binary
1535.3275749806353,1.00404,0.0022128322,2353789,eclipsing_binary
1535.3289638661474,1.0036618,0.0022134492,2353789,eclipsing_binary
1535.3303527516598,1.0026313,0.00221414,2353789,eclipsing_binary
1535.331741637172,1.0058742,0.0022160294,2353789,eclipsing_binary
1535.3331305231488,0.9996087,0.0022112874,2353789,eclipsing_binary
1535.3345194086603,1.0022448,0.0022119258,2353789,eclipsing_binary
1535.3359082941722,1.004627,0.0022136134,2353789,eclipsing_binary
1535.3372971796848,1.0021944,0.0022131156,2353789,eclipsing_binary
1535.338686065197,1.0034845,0.0022139798,2353789,eclipsing_binary
1535.340074950708,0.99910676,0.0022108143,2353789,eclipsing_binary
1535.34146383622,1.0012698,0.0022124501,2353789,eclipsing_binary
1535.3428527217327,0.99880785,0.0022104753,2353789,eclipsing_binary
1535.3442416077103,1.0081885,0.0022177596,2353789,eclipsing_binary
1535.3456304932217,1.0007198,0.002210667,2353789,eclipsing_binary
1535.3470193787332,1.0047523,0.0022148148,2353789,eclipsing_binary
1535.348408264245,1.002095,0.0022112967,2353789,eclipsing_binary
1535.3497971497575,0.99934757,0.0022099875,2353789,eclipsing_binary
1535.3511860352696,0.99945,0.0022105349,2353789,eclipsing_binary
1535.3525749207809,0.9982545,0.0022090832,2353789,eclipsing_binary
1535.3539638062928,1.0004705,0.002211416,2353789,eclipsing_binary
1535.355352691805,1.004038,0.0022143493,2353789,eclipsing_binary
1535.356741577317,0.99979645,0.0022119137,2353789,eclipsing_binary
1535.358130462829,1.0054584,0.002212797,2353789,eclipsing_binary
1535.35951934834,1.0032066,0.0022144462,2353789,eclipsing_binary
1535.3609082338521,1.0010947,0.0022114045,2353789,eclipsing_binary
1535.3622971193647,1.0021509,0.0022117414,2353789,eclipsing_binary
1535.3636860048766,1.0026598,0.0022112376,2353789,eclipsing_binary
1535.365074890388,1.0029202,0.002213254,2353789,eclipsing_binary
1535.3664637759,1.0022796,0.00221222,2353789,eclipsing_binary
1535.367852661412,0.9969028,0.002209728,2353789,eclipsing_binary
1535.369241546924,0.9983195,0.002209938,2353789,eclipsing_binary
1535.3706304324362,0.9981385,0.0022104925,2353789,eclipsing_binary
1535.3720193179472,1.0058517,0.0022164672,2353789,eclipsing_binary
1535.3734082034591,1.0006534,0.002210491,2353789,eclipsing_binary
1535.3747970889713,0.9987057,0.0022113055,2353789,eclipsing_binary
1535.3761859744834,1.0026643,0.0022136106,2353789,eclipsing_binary
1535.3775748599953,1.0033927,0.002213118,2353789,eclipsing_binary
1535.3789637455072,0.9975781,0.002209271,2353789,eclipsing_binary
1535.3803526310192,0.99935013,0.0022125929,2353789,eclipsing_binary
1535.3817415160654,0.9980314,0.0022111072,2353789,eclipsing_binary
1535.3831304015773,1.0025301,0.0022155016,2353789,eclipsing_binary
1535.3845192870895,0.9968208,0.0022079272,2353789,eclipsing_binary
1535.3859081726016,1.003094,0.00221239,2353789,eclipsing_binary
1535.3872970581126,1.0009916,0.0022104527,2353789,eclipsing_binary
1535.3886859436248,1.0043803,0.0022114976,2353789,eclipsing_binary
1535.390074829137,0.99892795,0.0022099956,2353789,eclipsing_binary
1535.3914637146488,0.9994592,0.0022109053,2353789,eclipsing_binary
1535.392852599695,0.9978756,0.0022061677,2353789,eclipsing_binary
1535.3942414852063,0.9974914,0.0022088978,2353789,eclipsing_binary
1535.3956303707184,1.0006512,0.0022107083,2353789,eclipsing_binary
1535.3970192562308,1.0043579,0.002213044,2353789,eclipsing_binary
1535.398408141743,0.99340785,0.0022070587,2353789,eclipsing_binary
1535.3997970272542,1.0023657,0.00221319,2353789,eclipsing_binary
1535.4011859123004,1.0048076,0.0022155847,2353789,eclipsing_binary
1535.4025747978123,0.99908155,0.0022107132,2353789,eclipsing_binary
1535.4039636833245,0.99756485,0.002209736,2353789,eclipsing_binary
1535.4053525688366,1.0001194,0.0022111072,2353789,eclipsing_binary
1535.406741453882,0.9976878,0.0022107959,2353789,eclipsing_binary
1535.4081303393941,0.9986296,0.0022107288,2353789,eclipsing_binary
1535.4095192249067,1.0041357,0.002213219,2353789,eclipsing_binary
1535.4109081104186,0.9977526,0.0022116015,2353789,eclipsing_binary
1535.4122969954644,1.0003705,0.0022126704,2353789,eclipsing_binary
1535.413685880976,0.9987038,0.0022103575,2353789,eclipsing_binary
1535.4150747664878,1.0012132,0.002211013,2353789,eclipsing_binary
1535.4164636520002,1.0004797,0.0022112252,2353789,eclipsing_binary
1535.4178525370467,0.99814856,0.0022116175,2353789,eclipsing_binary
1535.419241422558,1.0045573,0.0022136858,2353789,eclipsing_binary
1535.4206303080698,0.9957796,0.0022093072,2353789,eclipsing_binary
1535.422019193117,0.9954579,0.0022117095,2353789,eclipsing_binary
1535.4234080786289,0.99987084,0.0022108203,2353789,eclipsing_binary
1535.4247969641403,1.0001913,0.0022105037,2353789,eclipsing_binary
1535.4261858491857,1.0000437,0.0022120026,2353789,eclipsing_binary
1535.4275747346978,0.99668384,0.0022094746,2353789,eclipsing_binary
1535.4289636202104,1.0016578,0.0022136683,2353789,eclipsing_binary
1535.4303525052567,0.99857974,0.0022104166,2353789,eclipsing_binary
1535.4317413907681,1.0043951,0.002213528,2353789,eclipsing_binary
1535.4331302762796,1.0003244,0.0022122671,2353789,eclipsing_binary
1535.4345191613263,1.0016727,0.002212016,2353789,eclipsing_binary
1535.4359080468391,0.99858534,0.0022099304,2353789,eclipsing_binary
1535.437296931885,1.0024552,0.002211526,2353789,eclipsing_binary
1535.438685817396,0.9983565,0.0022106,2353789,eclipsing_binary
1535.4400747029088,1.0045569,0.0022127202,2353789,eclipsing_binary
1535.4414635879557,0.9964426,0.0022076517,2353789,eclipsing_binary
1535.442852473467,0.9970739,0.0022076578,2353789,eclipsing_binary
1535.4442413585127,1.0012416,0.0022122299,2353789,eclipsing_binary
1535.4456302440237,0.99853504,0.0022092296,2353789,eclipsing_binary
1535.447019129071,0.9968479,0.002209378,2353789,eclipsing_binary
1535.4484080145837,0.99423665,0.0022070315,2353789,eclipsing_binary
1535.449796899629,0.99942124,0.0022120134,2353789,eclipsing_binary
1535.4511857851405,0.9959158,0.002210524,2353789,eclipsing_binary
1535.4525746706524,0.99834234,0.0022109891,2353789,eclipsing_binary
1535.4539635556996,1.0010953,0.0022122737,2353789,eclipsing_binary
1535.4553524412115,0.9980783,0.002209295,2353789,eclipsing_binary
1535.4567413262573,0.9987243,0.0022090562,2353789,eclipsing_binary
1535.4581302117683,0.9980072,0.0022114008,2353789,eclipsing_binary
1535.4595190968155,0.99679136,0.0022091272,2353789,eclipsing_binary
1535.4609079818626,0.9994313,0.0022108678,2353789,eclipsing_binary
1535.4622968673737,1.0004325,0.0022104743,2353789,eclipsing_binary
1535.4636857524195,0.9968258,0.002209122,2353789,eclipsing_binary
1535.4650746379314,1.000147,0.0022089116,2353789,eclipsing_binary
1535.4664635229785,0.99764985,0.0022089528,2353789,eclipsing_binary
1535.4678524084904,0.99710155,0.0022109356,2353789,eclipsing_binary
1535.469241293536,0.99346894,0.0022080843,2353789,eclipsing_binary
1535.4706301790472,1.0009221,0.0022125612,2353789,eclipsing_binary
1535.4720190640935,0.998929,0.002208922,2353789,eclipsing_binary
1535.4734079491407,0.99962014,0.002211564,2353789,eclipsing_binary
1535.4747968346526,0.999123,0.0022091651,2353789,eclipsing_binary
1535.4761857196984,1.0007594,0.0022111656,2353789,eclipsing_binary
1535.4775746052103,1.0011185,0.0022137477,2353789,eclipsing_binary
1535.4789634902572,0.9989793,0.0022077514,2353789,eclipsing_binary
1535.4803523753037,1.0017446,0.0022120748,2353789,eclipsing_binary
1535.4817412608147,1.0016721,0.0022112753,2353789,eclipsing_binary
1535.4831301458605,0.99917233,0.002210851,2353789,eclipsing_binary
1535.4845190309068,0.9974169,0.002208435,2353789,eclipsing_binary
1535.4859079164196,1.0006783,0.0022103393,2353789,eclipsing_binary
1535.4872968014658,1.004712,0.002214078,2353789,eclipsing_binary
1535.4886856865114,0.99915415,0.0022138662,2353789,eclipsing_binary
1535.4900745720236,1.0046458,0.0022136997,2353789,eclipsing_binary
1535.4914634570698,1.0020095,0.0022136592,2353789,eclipsing_binary
1535.492852342116,1.0011339,0.0022131896,2353789,eclipsing_binary
1535.494241227628,1.0026293,0.0022159603,2353789,eclipsing_binary
1535.4956301126738,0.9981824,0.0022084594,2353789,eclipsing_binary
1535.49701899772,0.99894035,0.0022126958,2353789,eclipsing_binary
1535.4984078832326,0.99945056,0.0022100483,2353789,eclipsing_binary
1535.499796768279,0.99802846,0.0022102937,2353789,eclipsing_binary
1535.5011856533245,1.002114,0.0022125812,2353789,eclipsing_binary
1535.502574538371,1.0035394,0.0022140625,2353789,eclipsing_binary
1535.503963423883,0.9968108,0.0022094466,2353789,eclipsing_binary
1535.5053523089293,0.99766695,0.0022098455,2353789,eclipsing_binary
1535.5067411939756,1.0010425,0.0022119086,2353789,eclipsing_binary
1535.5081300790218,0.9994488,0.002211161,2353789,eclipsing_binary
1535.509518964068,1.0000654,0.0022115624,2353789,eclipsing_binary
1535.5109078495796,0.9953227,0.0022067493,2353789,eclipsing_binary
1535.5122967346258,1.0001158,0.0022110487,2353789,eclipsing_binary
1535.513685619672,0.99865466,0.0022111165,2353789,eclipsing_binary
1535.5150745047183,0.9977344,0.0022123093,2353789,eclipsing_binary
1535.5164633897646,0.9956712,0.0022069449,2353789,eclipsing_binary
1535.5178522752767,0.99983674,0.002208923,2353789,eclipsing_binary
1535.5192411603232,0.99408275,0.0022067833,2353789,eclipsing_binary
1535.5206300453694,0.9962307,0.0022074482,2353789,eclipsing_binary
1535.5220189304157,0.99947226,0.002207456,2353789,eclipsing_binary
1535.5234078154615,0.9991022,0.0022114285,2353789,eclipsing_binary
1535.5247967005077,0.9965297,0.0022101684,2353789,eclipsing_binary
1535.526185585554,0.9987196,0.002209996,2353789,eclipsing_binary
1535.527574471066,1.0006393,0.0022119952,2353789,eclipsing_binary
1535.5289633561122,1.0020292,0.0022112622,2353789,eclipsing_binary
1535.530352241158,1.0024812,0.002212385,2353789,eclipsing_binary
1535.5317411262042,1.0009141,0.0022114245,2353789,eclipsing_binary
1535.5331300112514,1.0002311,0.0022110771,2353789,eclipsing_binary
1535.5345188962976,0.99810606,0.0022109712,2353789,eclipsing_binary
1535.5359077813432,1.0027462,0.0022142208,2353789,eclipsing_binary
1535.5372966663897,0.9982847,0.0022101083,2353789,eclipsing_binary
1535.538685551436,0.99988586,0.0022107747,2353789,eclipsing_binary
1535.5400744364822,1.0021617,0.0022123894,2353789,eclipsing_binary
1535.5414633215285,1.0020794,0.0022133554,2353789,eclipsing_binary
1535.5428522065743,1.002259,0.0022125398,2353789,eclipsing_binary
1535.5442410916205,0.9976207,0.0022091141,2353789,eclipsing_binary
1535.5456299766674,0.9980524,0.002208745,2353789,eclipsing_binary
1535.547018861714,1.0023073,0.002213459,2353789,eclipsing_binary
1535.5484077467593,1.0023983,0.002214343,2353789,eclipsing_binary
1535.549796631805,1.0004455,0.0022113998,2353789,eclipsing_binary
1535.5511855168513,1.0010448,0.0022125326,2353789,eclipsing_binary
1535.5525744018985,1.0014074,0.0022132248,2353789,eclipsing_binary
1535.5539632869447,1.0022609,0.0022135363,2353789,eclipsing_binary
1535.5553521719903,1.0017555,0.0022125219,2353789,eclipsing_binary
1535.5567410570368,1.0007164,0.0022119705,2353789,eclipsing_binary
1535.5581299420835,0.9926781,0.002206275,2353789,eclipsing_binary
1535.55951882713,0.9996621,0.0022123384,2353789,eclipsing_binary
1535.5609077121755,0.99491537,0.002208302,2353789,eclipsing_binary
1535.5622965972213,0.99783564,0.0022117102,2353789,eclipsing_binary
1535.5636854822676,1.0000702,0.002210664,2353789,eclipsing_binary
1535.5650743673145,0.9978471,0.0022097798,2353789,eclipsing_binary
1535.566463252361,0.99646294,0.0022094196,2353789,eclipsing_binary
1535.5678521374064,0.99209267,0.0022036114,2353789,eclipsing_binary
1535.5692410224522,0.9940549,0.0022075514,2353789,eclipsing_binary
1535.570629907499,0.9914022,0.0022038098,2353789,eclipsing_binary
1535.5720187920804,0.9957499,0.0022046748,2353789,eclipsing_binary
1535.5734076771262,0.98861367,0.0022020156,2353789,eclipsing_binary
1535.5747965621717,0.9905824,0.002202586,2353789,eclipsing_binary
1535.5761854472182,0.98320925,0.0022015502,2353789,eclipsing_binary
1535.577574332265,0.98592544,0.0022000864,2353789,eclipsing_binary
1535.5789632173114,0.9869278,0.0022003078,2353789,eclipsing_binary
1535.580352102357,0.9831717,0.0022003115,2353789,eclipsing_binary
1535.5817409869371,0.9844323,0.0021984286,2353789,eclipsing_binary
1535.583129871984,0.9870506,0.0022020643,2353789,eclipsing_binary
1535.584518757031,0.98482645,0.0021991457,2353789,eclipsing_binary
1535.5859076420768,0.9860794,0.0022001693,2353789,eclipsing_binary
1535.5872965271221,0.98458946,0.0021998142,2353789,eclipsing_binary
1535.588685411703,0.97878337,0.0021933543,2353789,eclipsing_binary
1535.59007429675,0.97773015,0.002193197,2353789,eclipsing_binary
1535.5914631817961,0.97634685,0.002192967,2353789,eclipsing_binary
1535.592852066842,0.9752382,0.0021923578,2353789,eclipsing_binary
1535.5942409518875,0.9790046,0.0021931727,2353789,eclipsing_binary
1535.5956298364688,0.97676647,0.0021948414,2353789,eclipsing_binary
1535.597018721516,0.9803365,0.0021960735,2353789,eclipsing_binary
1535.5984076065615,0.9752988,0.0021933843,2353789,eclipsing_binary
1535.5997964911414,0.9711037,0.0021904805,2353789,eclipsing_binary
1535.6011853761877,0.97265357,0.0021899312,2353789,eclipsing_binary
1535.6025742612348,0.97297597,0.002192604,2353789,eclipsing_binary
1535.603963146281,0.97097147,0.0021930044,2353789,eclipsing_binary
1535.6053520308612,0.97322625,0.0021916726,2353789,eclipsing_binary
1535.6067409159066,0.9765722,0.0021942917,2353789,eclipsing_binary
1535.608129800953,0.9766923,0.002195022,2353789,eclipsing_binary
1535.6095186855343,0.977472,0.0021940256,2353789,eclipsing_binary
1535.6109075705806,0.97290117,0.002191333,2353789,eclipsing_binary
1535.6122964556264,0.97503674,0.0021935524,2353789,eclipsing_binary
1535.613685340207,0.974321,0.0021923338,2353789,eclipsing_binary
1535.6150742252541,0.9759026,0.0021942197,2353789,eclipsing_binary
1535.6164631103004,0.97398156,0.002193403,2353789,eclipsing_binary
1535.6178519948805,0.9783768,0.002196682,2353789,eclipsing_binary
1535.6192408799259,0.9775463,0.002194255,2353789,eclipsing_binary
1535.6206297649721,0.9806741,0.0021968395,2353789,eclipsing_binary
1535.6220186495536,0.9746746,0.002194241,2353789,eclipsing_binary
1535.6234075346,0.9803856,0.0021967147,2353789,eclipsing_binary
1535.62479641918,0.9811218,0.0021983725,2353789,eclipsing_binary
1535.6261853042263,0.97806966,0.0021967462,2353789,eclipsing_binary
1535.6275741892725,0.98054343,0.0021946675,2353789,eclipsing_binary
1535.6289630738531,0.9795989,0.0021963557,2353789,eclipsing_binary
1535.6303519588994,0.97919315,0.002196981,2353789,eclipsing_binary
1535.6317408434795,0.97887605,0.002195807,2353789,eclipsing_binary
1535.6331297285258,0.9825198,0.0022003374,2353789,eclipsing_binary
1535.6345186131073,0.9839567,0.0022005888,2353789,eclipsing_binary
1535.6359074981535,0.9842144,0.0021996032,2353789,eclipsing_binary
1535.6372963827337,0.9862978,0.0022016885,2353789,eclipsing_binary
1535.63868526778,0.9889987,0.002204666,2353789,eclipsing_binary
1535.6400741523605,0.9871854,0.0022025951,2353789,eclipsing_binary
1535.6414630374068,0.9897736,0.002204933,2353789,eclipsing_binary
1535.6428519219874,0.98893577,0.00220379,2353789,eclipsing_binary
1535.6442408070332,0.9870934,0.002202669,2353789,eclipsing_binary
1535.6456296916137,0.9924275,0.0022042731,2353789,eclipsing_binary
1535.64701857666,0.99139786,0.0022045774,2353789,eclipsing_binary
1535.6484074612406,0.9906106,0.0022044727,2353789,eclipsing_binary
1535.6497963462868,0.99497694,0.0022083698,2353789,eclipsing_binary
1535.6511852308677,0.99341035,0.0022050494,2353789,eclipsing_binary
1535.6525741159141,0.99614763,0.002208466,2353789,eclipsing_binary
1535.6539630004947,0.99094784,0.0022046976,2353789,eclipsing_binary
1535.655351885541,0.99559146,0.0022099363,2353789,eclipsing_binary
1535.6567407701211,0.9997937,0.002213492,2353789,eclipsing_binary
1535.6581296547017,1.0012089,0.00221301,2353789,eclipsing_binary
1535.6609074243286,1.0020088,0.0022134464,2353789,eclipsing_binary
1535.6622963093748,0.9955795,0.0022097237,2353789,eclipsing_binary
1535.6636851939554,0.9997817,0.0022121759,2353789,eclipsing_binary
1535.6650740785362,0.99952316,0.0022127598,2353789,eclipsing_binary
1535.6664629635818,0.9999813,0.0022115672,2353789,eclipsing_binary
1535.6678518481624,0.9998003,0.0022116767,2353789,eclipsing_binary
1535.6692407332089,1.002492,0.0022128117,2353789,eclipsing_binary
1535.6706296177897,1.0046715,0.0022166718,2353789,eclipsing_binary
1535.6720185023703,0.9999656,0.0022095174,2353789,eclipsing_binary
1535.6734073874165,0.99979305,0.00221295,2353789,eclipsing_binary
1535.6747962719971,1.0007739,0.002210601,2353789,eclipsing_binary
1535.6761851565777,0.9990948,0.002211711,2353789,eclipsing_binary
1535.677574041624,0.99981946,0.00221026,2353789,eclipsing_binary
1535.6789629262041,1.0054746,0.0022140502,2353789,eclipsing_binary
1535.6803518107847,1.0005393,0.0022127193,2353789,eclipsing_binary
1535.6817406953662,0.99900705,0.002212493,2353789,eclipsing_binary
1535.6831295804125,1.0059146,0.002216576,2353789,eclipsing_binary
1535.6845184649926,1.0032538,0.002215369,2353789,eclipsing_binary
1535.6859073495723,0.99876267,0.0022105346,2353789,eclipsing_binary
1535.6872962341529,1.0032266,0.0022149563,2353789,eclipsing_binary
1535.6886851192,1.0025003,0.0022144779,2353789,eclipsing_binary
1535.6900740037806,1.0052983,0.0022169803,2353789,eclipsing_binary
1535.6914628883608,1.0043108,0.0022155768,2353789,eclipsing_binary
1535.6928517729414,1.0021597,0.0022134504,2353789,eclipsing_binary
1535.6942406579885,1.0031337,0.002215105,2353789,eclipsing_binary
1535.6956295425691,0.99903923,0.0022107924,2353789,eclipsing_binary
1535.6970184271488,1.000674,0.002213161,2353789,eclipsing_binary
1535.698407311729,0.9964129,0.0022125782,2353789,eclipsing_binary
1535.6997961963095,0.99775165,0.0022123898,2353789,eclipsing_binary
1535.7011850813567,1.000607,0.0022128418,2353789,eclipsing_binary
1535.7025739659373,1.0017362,0.0022134748,2353789,eclipsing_binary
1535.7039628505174,1.0012795,0.0022142087,2353789,eclipsing_binary
1535.705351735097,1.0000583,0.0022110972,2353789,eclipsing_binary
1535.7067406196786,0.99878615,0.002210734,2353789,eclipsing_binary
1535.7081295042601,1.0015181,0.0022152693,2353789,eclipsing_binary
1535.7095183893055,0.9996687,0.0022114275,2353789,eclipsing_binary
1535.7109072738856,1.0001549,0.0022120576,2353789,eclipsing_binary
1535.7122961584662,1.00103,0.002214767,2353789,eclipsing_binary
1535.7136850430477,1.0003357,0.0022149046,2353789,eclipsing_binary
1535.7150739276283,0.99603647,0.002209655,2353789,eclipsing_binary
1535.716462812208,0.9982686,0.002212293,2353789,eclipsing_binary
1535.717851696788,1.0021459,0.0022175033,2353789,eclipsing_binary
1535.7192405813696,1.0004832,0.0022139552,2353789,eclipsing_binary
1535.7206294659507,0.9951516,0.0022097912,2353789,eclipsing_binary
1535.7220183509964,1.0014908,0.0022144702,2353789,eclipsing_binary
1535.7234072355766,1.0010071,0.002216477,2353789,eclipsing_binary
1535.7247961201563,0.9987791,0.0022111218,2353789,eclipsing_binary
1535.7261850047378,0.9984807,0.0022111102,2353789,eclipsing_binary
1535.7275738893193,0.9988597,0.002213643,2353789,eclipsing_binary
1535.728962773899,0.9977115,0.002209947,2353789,eclipsing_binary
1535.730351658479,1.000689,0.0022122536,2353789,eclipsing_binary
1535.7317405430604,0.9985063,0.0022139514,2353789,eclipsing_binary
1535.7331294276416,0.9994335,0.0022141803,2353789,eclipsing_binary
1535.7345183122218,0.9983846,0.0022140623,2353789,eclipsing_binary
1535.7359071968017,1.0008998,0.0022135193,2353789,eclipsing_binary
1535.7372960813816,1.0023896,0.0022138704,2353789,eclipsing_binary
1535.738684965963,0.99763805,0.002212421,2353789,eclipsing_binary
1535.7400738505441,1.0017895,0.0022150753,2353789,eclipsing_binary
1535.7414627351243,1.000025,0.0022128513,2353789,eclipsing_binary
1535.7428516197044,1.0028267,0.002216413,2353789,eclipsing_binary
1535.744240504285,1.0027565,0.002213937,2353789,eclipsing_binary
1535.7456293888663,1.0010906,0.0022175657,2353789,eclipsing_binary
1535.747018273447,1.0029562,0.0022146069,2353789,eclipsing_binary
1535.7484071580268,0.99821335,0.0022124848,2353789,eclipsing_binary
1535.7497960421413,1.000354,0.0022128276,2353789,eclipsing_binary
1535.7511849267225,1.0023772,0.002213163,2353789,eclipsing_binary
1535.7525738113038,0.9962898,0.0022094157,2353789,eclipsing_binary
1535.753962695884,0.9979817,0.0022117046,2353789,eclipsing_binary
1535.7553515804639,0.99939954,0.0022113305,2353789,eclipsing_binary
1535.7567404650447,1.0004663,0.0022147263,2353789,eclipsing_binary
1535.7581293496257,0.99944633,0.0022114718,2353789,eclipsing_binary
1535.7595182342066,0.9971498,0.0022139598,2353789,eclipsing_binary
1535.7609071187865,1.00099,0.002213098,2353789,eclipsing_binary
1535.762296002901,0.99903,0.0022104508,2353789,eclipsing_binary
1535.7636848874815,1.001647,0.0022149407,2353789,eclipsing_binary
1535.7650737720628,0.992699,0.0022082129,2353789,eclipsing_binary
1535.7664626566436,1.0001717,0.002214861,2353789,eclipsing_binary
1535.7678515412233,0.99863434,0.0022153642,2353789,eclipsing_binary
1535.7692404258041,0.99926805,0.0022129593,2353789,eclipsing_binary
1535.7706293099197,1.0008311,0.0022146592,2353789,eclipsing_binary
1535.7720181945003,1.0014019,0.0022153077,2353789,eclipsing_binary
1535.7734070790805,0.9985837,0.0022126178,2353789,eclipsing_binary
1535.7747959636604,0.9965112,0.0022111398,2353789,eclipsing_binary
1535.7761848482412,0.99871325,0.0022119968,2353789,eclipsing_binary
1535.7775737323566,0.99726313,0.0022110383,2353789,eclipsing_binary
1535.7789626169374,0.9995446,0.0022133086,2353789,eclipsing_binary
1535.7803515015173,1.0007753,0.0022127954,2353789,eclipsing_binary
1535.781740386098,0.9985357,0.002211805,2353789,eclipsing_binary
1535.783129270213,1.0010556,0.0022134208,2353789,eclipsing_binary
1535.784518154794,0.99682647,0.0022116965,2353789,eclipsing_binary
1535.7859070393745,1.0006634,0.00221582,2353789,eclipsing_binary
1535.7872959239542,0.9945851,0.0022094103,2353789,eclipsing_binary
1535.7886848080693,1.0007677,0.0022138036,2353789,eclipsing_binary
1535.7900736926501,1.0006595,0.0022151733,2353789,eclipsing_binary
1535.7914625772307,1.0036801,0.0022169836,2353789,eclipsing_binary
1535.7928514613457,1.0027862,0.0022161228,2353789,eclipsing_binary
1535.7942403459263,1.0000738,0.0022167333,2353789,eclipsing_binary
1535.7956292305068,0.9985467,0.0022128047,2353789,eclipsing_binary
1535.7970181146218,0.99680525,0.0022138595,2353789,eclipsing_binary
1535.7984069992026,0.9947474,0.0022081987,2353789,eclipsing_binary
1535.7997958837825,0.99810606,0.0022125945,2353789,eclipsing_binary
1535.8011847678974,0.99990827,0.002215027,2353789,eclipsing_binary
1535.8025736524783,0.99770445,0.0022133163,2353789,eclipsing_binary
1535.803962537059,1.0015897,0.0022153743,2353789,eclipsing_binary
1535.805351421174,1.0023499,0.0022137053,2353789,eclipsing_binary
1535.8067403057546,1.0058249,0.0022171761,2353789,eclipsing_binary
1535.8081291898695,0.99910235,0.002214231,2353789,eclipsing_binary
1535.8095180744501,0.99980444,0.002213864,2353789,eclipsing_binary
1535.8109069590307,0.99925363,0.0022129929,2353789,eclipsing_binary
1535.8122958431459,1.0000005,0.002213002,2353789,eclipsing_binary
1535.8136847277267,1.0047064,0.0022156362,2353789,eclipsing_binary
1535.8150736118407,1.0012366,0.0022154215,2353789,eclipsing_binary
1535.8164624964215,1.0025403,0.002216106,2353789,eclipsing_binary
1535.8178513810024,0.99977607,0.0022134571,2353789,eclipsing_binary
1535.8192402651173,1.0002922,0.0022125265,2353789,eclipsing_binary
1535.8206291496979,1.002412,0.002217567,2353789,eclipsing_binary
1535.8220180338121,1.0014644,0.0022143675,2353789,eclipsing_binary
1535.823406918393,0.9968391,0.0022118972,2353789,eclipsing_binary
1535.8247958025083,1.0039064,0.0022166069,2353789,eclipsing_binary
1535.8261846870892,0.9985705,0.0022120965,2353789,eclipsing_binary
1535.8275735712034,0.99995595,0.0022126602,2353789,eclipsing_binary
1535.8289624557835,0.99972105,0.0022126494,2353789,eclipsing_binary
1535.8303513398985,1.0039675,0.0022183603,2353789,eclipsing_binary
1535.8317402244797,1.0002841,0.002214675,2353789,eclipsing_binary
1535.833129108595,1.0022975,0.00221316,2353789,eclipsing_binary
1535.8345179931746,0.998495,0.0022111554,2353789,eclipsing_binary
1535.8359068772897,0.99864584,0.0022135915,2353789,eclipsing_binary
1535.8372957614054,0.99993813,0.002214194,2353789,eclipsing_binary
1535.838684645986,1.0032587,0.0022149952,2353789,eclipsing_binary
1535.8400735301004,1.0000176,0.002214091,2353789,eclipsing_binary
1535.8414624146803,0.998192,0.0022120993,2353789,eclipsing_binary
1535.8428512987955,0.9993295,0.002211944,2353789,eclipsing_binary
1535.8442401833765,0.9987993,0.0022127198,2353789,eclipsing_binary
1535.8456290674917,0.99853283,0.0022123973,2353789,eclipsing_binary
1535.847017951606,1.0051907,0.0022165123,2353789,eclipsing_binary
1535.848406836186,1.0005112,0.00221216,2353789,eclipsing_binary
1535.8497957203017,1.0028466,0.002214464,2353789,eclipsing_binary
1535.851184604883,1.0003265,0.0022128394,2353789,eclipsing_binary
1535.8525734889975,0.9960127,0.0022118124,2353789,eclipsing_binary
1535.8539623731115,1.0011145,0.002216896,2353789,eclipsing_binary
1535.8553512576923,1.000983,0.0022152865,2353789,eclipsing_binary
1535.856740141808,0.9994412,0.0022138348,2353789,eclipsing_binary
1535.8581290259228,1.0024827,0.0022139896,2353789,eclipsing_binary
1535.859517910503,0.9992067,0.0022134553,2353789,eclipsing_binary
1535.8609067946174,1.0007284,0.002214079,2353789,eclipsing_binary
1535.8622956787328,0.99669456,0.0022127158,2353789,eclipsing_binary
1535.8636845633143,1.0003285,0.0022151105,2353789,eclipsing_binary
1535.8650734474286,1.0059041,0.0022179564,2353789,eclipsing_binary
1535.8664623315428,1.0005774,0.0022138655,2353789,eclipsing_binary
1535.867851216123,1.0037364,0.0022166942,2353789,eclipsing_binary
1535.8692401002386,0.9980912,0.0022115824,2353789,eclipsing_binary
1535.8706289843542,1.007345,0.0022188812,2353789,eclipsing_binary
1535.8720178684687,1.0027342,0.0022158818,2353789,eclipsing_binary
1535.8734067530484,1.0032024,0.0022147703,2353789,eclipsing_binary
1535.8747956371642,1.0023727,0.0022166867,2353789,eclipsing_binary
1535.87618452128,0.99529976,0.002209874,2353789,eclipsing_binary
1535.877573405394,0.9988193,0.0022118324,2353789,eclipsing_binary
1535.8789622899742,1.0029556,0.0022158863,2353789,eclipsing_binary
1535.8803511740887,0.9979572,0.0022125074,2353789,eclipsing_binary
1535.881740058204,0.9986276,0.0022106306,2353789,eclipsing_binary
1535.88312894232,1.0032034,0.0022149638,2353789,eclipsing_binary
1535.8845178264344,0.9990842,0.0022121018,2353789,eclipsing_binary
1535.885906711014,0.9994412,0.0022146038,2353789,eclipsing_binary
1535.887295595129,1.0017483,0.0022134164,2353789,eclipsing_binary
1535.8886844792448,1.0050169,0.00221569,2353789,eclipsing_binary
1535.8900733633598,1.0013375,0.0022136648,2353789,eclipsing_binary
1535.8914622474742,0.9994632,0.002213727,2353789,eclipsing_binary
1535.8928511315885,1.0074726,0.0022180523,2353789,eclipsing_binary
1535.894240015704,1.0014251,0.0022181165,2353789,eclipsing_binary
1535.8956289002856,1.0015215,0.002216609,2353789,eclipsing_binary
1535.8970177843996,0.9981918,0.0022135035,2353789,eclipsing_binary
1535.898406668514,1.0012683,0.0022148753,2353789,eclipsing_binary
1535.899795552629,1.0004948,0.0022150788,2353789,eclipsing_binary
1535.9011844367449,0.9983837,0.0022141305,2353789,eclipsing_binary
1535.9025733208598,0.99946487,0.0022136357,2353789,eclipsing_binary
1535.9039622049743,0.99900013,0.0022135358,2353789,eclipsing_binary
1535.9053510890883,0.9982888,0.0022160038,2353789,eclipsing_binary
1535.9067399732035,1.001379,0.0022162586,2353789,eclipsing_binary
1535.908128857319,1.0026126,0.0022148478,2353789,eclipsing_binary
1535.9095177418997,1.0039678,0.002216584,2353789,eclipsing_binary
1535.9109066260141,1.0004387,0.0022135256,2353789,eclipsing_binary
1535.912295510129,1.0043439,0.0022164357,2353789,eclipsing_binary
1535.913684394245,1.0013312,0.0022162085,2353789,eclipsing_binary
1535.9150732783598,0.9988311,0.002212035,2353789,eclipsing_binary
1535.916462162474,1.0012006,0.0022138215,2353789,eclipsing_binary
1535.9178510465883,1.0011785,0.0022142332,2353789,eclipsing_binary
1535.9192399307033,1.0025276,0.0022127165,2353789,eclipsing_binary
1535.920628814819,1.0007288,0.0022160956,2353789,eclipsing_binary
1535.922017698934,0.998004,0.0022122646,2353789,eclipsing_binary
1535.9234065830485,0.99859405,0.002212565,2353789,eclipsing_binary
1535.9247954671634,1.0003804,0.002212803,2353789,eclipsing_binary
1535.9261843512784,0.99852115,0.0022142015,2353789,eclipsing_binary
1535.9275732353933,0.99854904,0.0022150464,2353789,eclipsing_binary
1535.9289621195082,1.0000336,0.0022138257,2353789,eclipsing_binary
1535.9303510036227,1.0006608,0.002216319,2353789,eclipsing_binary
1535.931739887272,1.000435,0.002213312,2353789,eclipsing_binary
1535.9331287713878,0.9977585,0.0022130802,2353789,eclipsing_binary
1535.9345176555028,1.0046952,0.0022167035,2353789,eclipsing_binary
1535.935906539617,1.0027413,0.0022166064,2353789,eclipsing_binary
1535.9372954237322,1.0011996,0.002214452,2353789,eclipsing_binary
1535.938684307847,1.0013704,0.0022151512,2353789,eclipsing_binary
1535.940073191962,1.0009221,0.0022149358,2353789,eclipsing_binary
1535.941462076077,1.0005928,0.0022146928,2353789,eclipsing_binary
1535.9428509601914,1.0026424,0.0022164504,2353789,eclipsing_binary
1535.9442398443064,0.99798626,0.0022129568,2353789,eclipsing_binary
1535.9456287279556,1.0014479,0.0022146436,2353789,eclipsing_binary
1535.9470176120706,1.0035499,0.002217534,2353789,eclipsing_binary
1535.9484064961855,1.0018263,0.002218312,2353789,eclipsing_binary
1535.9497953803007,1.0041833,0.002217549,2353789,eclipsing_binary
1535.9511842644158,1.005259,0.002216658,2353789,eclipsing_binary
1535.9525731485307,1.0021105,0.002218228,2353789,eclipsing_binary
1535.95396203218,1.0005785,0.0022152406,2353789,eclipsing_binary
1535.9553509162943,1.005698,0.002218699,2353789,eclipsing_binary
1535.9567398004094,1.0028296,0.0022172618,2353789,eclipsing_binary
1535.9581286845244,1.0052441,0.0022202048,2353789,eclipsing_binary
1535.9595175686393,1.0059965,0.0022194353,2353789,eclipsing_binary
1535.9609064522886,1.0034561,0.0022158683,2353789,eclipsing_binary
1535.9622953364035,1.0019011,0.0022158076,2353789,eclipsing_binary
1535.9636842205184,1.0006043,0.0022155908,2353789,eclipsing_binary
1535.965073104633,0.99837726,0.0022118802,2353789,eclipsing_binary
1535.9664619882822,1.0023516,0.0022166665,2353789,eclipsing_binary
1535.967850872397,1.004153,0.0022157137,2353789,eclipsing_binary
1535.9692397565123,1.0029896,0.0022161088,2353789,eclipsing_binary
1535.9706286406274,1.0030047,0.0022164052,2353789,eclipsing_binary
1535.9720175242767,1.004481,0.0022181058,2353789,eclipsing_binary
1535.9734064083916,1.0066948,0.0022182248,2353789,eclipsing_binary
1535.9747952925065,1.0049103,0.002219488,2353789,eclipsing_binary
1535.9761841766215,0.9995589,0.0022136397,2353789,eclipsing_binary
1535.9775730602703,1.0014106,0.0022172926,2353789,eclipsing_binary
1535.9789619443852,1.0039592,0.0022174467,2353789,eclipsing_binary
1535.9803508285001,1.0021158,0.00221612,2353789,eclipsing_binary
1535.9817397121494,1.002119,0.0022164446,2353789,eclipsing_binary
1535.9831285962646,1.0024314,0.0022139195,2353789,eclipsing_binary
1535.9845174803788,1.0026546,0.0022153452,2353789,eclipsing_binary
1535.985906364028,1.0018759,0.0022164043,2353789,eclipsing_binary
1535.987295248144,1.0055908,0.0022183438,2353789,eclipsing_binary
1535.9886841317932,1.0036451,0.0022171002,2353789,eclipsing_binary
1535.9900730159077,1.0013317,0.0022151486,2353789,eclipsing_binary
1535.9914619000226,1.0017866,0.0022168818,2353789,eclipsing_binary
1535.9928507836719,1.0017284,0.0022143354,2353789,eclipsing_binary
1535.9942396677868,1.0016383,0.0022165363,2353789,eclipsing_binary
1535.9956285519017,1.0024333,0.0022158124,2353789,eclipsing_binary
1535.9970174355506,1.0000242,0.002214523,2353789,eclipsing_binary
1535.9984063196655,1.0024875,0.0022159975,2353789,eclipsing_binary
1535.9997952033157,1.0040576,0.0022175093,2353789,eclipsing_binary
1536.0011840874306,1.0034319,0.0022166849,2353789,eclipsing_binary
1536.0025729710792,1.0037062,0.0022168618,2353789,eclipsing_binary
1536.0039618551934,1.0017534,0.0022152683,2353789,eclipsing_binary
1536.0053507388427,1.0032198,0.002215336,2353789,eclipsing_binary
1536.0067396229585,1.0054523,0.0022176295,2353789,eclipsing_binary
1536.0081285066078,1.0034368,0.0022177438,2353789,eclipsing_binary
1536.0095173907223,0.99975574,0.002213374,2353789,eclipsing_binary
1536.0109062748372,1.0015004,0.0022149498,2353789,eclipsing_binary
1536.0122951584872,1.001729,0.0022147421,2353789,eclipsing_binary
1536.0136840426023,1.0002943,0.0022135607,2353789,eclipsing_binary
1536.0150729262507,0.99928623,0.0022162674,2353789,eclipsing_binary
1536.0164618098995,1.0015403,0.0022149,2353789,eclipsing_binary
1536.0178506940144,0.9999915,0.0022157617,2353789,eclipsing_binary
1536.0192395776646,1.0009035,0.0022165996,2353789,eclipsing_binary
1536.0206284617796,1.0024153,0.002217863,2353789,eclipsing_binary
1536.0220173454281,1.0027802,0.0022144478,2353789,eclipsing_binary
1536.0234062295424,1.004435,0.0022160048,2353789,eclipsing_binary
1536.0247951131926,1.0066069,0.002219087,2353789,eclipsing_binary
1536.0261839973082,1.0022091,0.0022160807,2353789,eclipsing_binary
1536.0275728809568,1.0000125,0.002214672,2353789,eclipsing_binary
1536.0289617646056,0.9987625,0.002213394,2353789,eclipsing_binary
1536.0303506487205,1.0086432,0.0022213159,2353789,eclipsing_binary
1536.0317395323707,1.0025104,0.0022164644,2353789,eclipsing_binary
1536.0331284164856,1.0010912,0.0022141084,2353789,eclipsing_binary
1536.034517300134,1.0049456,0.0022181973,2353789,eclipsing_binary
1536.0359061837828,1.0056083,0.002219292,2353789,eclipsing_binary
1536.0372950678986,1.0051498,0.0022190146,2353789,eclipsing_binary
1536.0386839515484,1.0031319,0.0022161535,2353789,eclipsing_binary
1536.0400728351972,1.0051916,0.0022171054,2353789,eclipsing_binary
1536.0414617193117,1.003914,0.0022186912,2353789,eclipsing_binary
1536.04285060296,1.0047929,0.0022171815,2353789,eclipsing_binary
1536.0442394866102,1.0066968,0.0022186094,2353789,eclipsing_binary
1536.0456283707258,1.0023406,0.0022160206,2353789,eclipsing_binary
1536.0470172543744,0.9971219,0.002212543,2353789,eclipsing_binary
1536.0484061380232,1.0017135,0.0022168274,2353789,eclipsing_binary
1536.0497950221388,1.0042026,0.002217845,2353789,eclipsing_binary
1536.0511839057888,1.0005416,0.0022134762,2353789,eclipsing_binary
1536.0525727894376,1.0023127,0.0022157363,2353789,eclipsing_binary
1536.0539616735516,1.0005081,0.0022147826,2353789,eclipsing_binary
1536.0553505572004,1.0022944,0.002216709,2353789,eclipsing_binary
1536.0567394408506,1.0023243,0.0022155396,2353789,eclipsing_binary
1536.0581283245003,1.002468,0.0022165277,2353789,eclipsing_binary
1536.0595172086148,1.0027989,0.0022160527,2353789,eclipsing_binary
1536.0609060922636,1.0046656,0.002218009,2353789,eclipsing_binary
1536.062294975913,1.0006517,0.0022144,2353789,eclipsing_binary
1536.0636838595628,1.002573,0.0022196271,2353789,eclipsing_binary
1536.0650727432123,0.9997376,0.0022146406,2353789,eclipsing_binary
1536.0664616273264,1.005503,0.0022189086,2353789,eclipsing_binary
1536.0678505109752,1.0005038,0.002214837,2353789,eclipsing_binary
1536.0692393946251,1.0055976,0.0022204653,2353789,eclipsing_binary
1536.070628278275,1.0047573,0.0022191128,2353789,eclipsing_binary
1536.072017161924,1.0101584,0.0022246123,2353789,eclipsing_binary
1536.0734060460381,1.0034001,0.0022169594,2353789,eclipsing_binary
1536.0747949296876,1.0042753,0.0022170574,2353789,eclipsing_binary
1536.0761838133374,1.0065124,0.0022211722,2353789,eclipsing_binary
1536.0775726969866,1.0022367,0.0022167885,2353789,eclipsing_binary
1536.0789615806355,1.0027331,0.0022153158,2353789,eclipsing_binary
1536.0803504642843,1.0073202,0.002218681,2353789,eclipsing_binary
1536.0817393479335,1.0037749,0.0022174502,2353789,eclipsing_binary
1536.0831282320491,1.0062779,0.0022181198,2353789,eclipsing_binary
1536.0845171156986,1.0031819,0.002217771,2353789,eclipsing_binary
1536.085905999347,1.0047941,0.002217759,2353789,eclipsing_binary
1536.0872948829963,1.0052819,0.0022175387,2353789,eclipsing_binary
1536.0886837666465,1.0012497,0.0022166446,2353789,eclipsing_binary
1536.0900726502957,1.0039628,0.0022191608,2353789,eclipsing_binary
1536.0914615339445,1.00186,0.002214404,2353789,eclipsing_binary
1536.0928504175931,1.0003504,0.0022117626,2353789,eclipsing_binary
1536.0942393012426,1.0048668,0.0022173333,2353789,eclipsing_binary
1536.0956281848923,1.0017587,0.002214384,2353789,eclipsing_binary
1536.0970170685418,1.0010527,0.0022150504,2353789,eclipsing_binary
1536.0984059521904,1.0064707,0.002217384,2353789,eclipsing_binary
1536.0997948358397,1.0044574,0.0022180218,2353789,eclipsing_binary
1536.101183719489,1.0103662,0.0022208183,2353789,eclipsing_binary
1536.1025726031385,0.99865663,0.0022117388,2353789,eclipsing_binary
1536.103961486788,1.0021224,0.0022156846,2353789,eclipsing_binary
1536.1053503704363,1.0018947,0.0022170623,2353789,eclipsing_binary
1536.1067392540858,1.0040927,0.0022159514,2353789,eclipsing_binary
1536.1081281377358,1.002859,0.0022157317,2353789,eclipsing_binary
1536.109517021385,1.0081357,0.002221257,2353789,eclipsing_binary
1536.1109059050339,1.0049862,0.0022183412,2353789,eclipsing_binary
1536.1122947886831,1.0028001,0.002217755,2353789,eclipsing_binary
1536.1136836723324,1.0037353,0.002218186,2353789,eclipsing_binary
1536.1150725559817,1.0051626,0.0022180195,2353789,eclipsing_binary
1536.1164614396312,1.0023153,0.002218712,2353789,eclipsing_binary
1536.1178503232798,1.0021502,0.0022179158,2353789,eclipsing_binary
1536.119239206929,1.0059412,0.002220046,2353789,eclipsing_binary
1536.1206280905783,1.0041754,0.0022174541,2353789,eclipsing_binary
1536.1220169742278,1.0029498,0.0022161324,2353789,eclipsing_binary
1536.1234058578773,1.0014844,0.0022154944,2353789,eclipsing_binary
1536.124794741061,1.0026,0.00221664,2353789,eclipsing_binary
1536.1261836247102,1.0001407,0.0022147116,2353789,eclipsing_binary
1536.1275725083594,1.0028851,0.0022146434,2353789,eclipsing_binary
1536.1289613920087,1.004358,0.002217204,2353789,eclipsing_binary
1536.1303502756575,1.0043297,0.0022175612,2353789,eclipsing_binary
1536.1317391593068,1.0043205,0.0022176437,2353789,eclipsing_binary
1536.133128042956,1.0031738,0.0022181855,2353789,eclipsing_binary
1536.1345169261397,1.0039186,0.0022185075,2353789,eclipsing_binary
1536.1359058097892,1.0020236,0.0022158537,2353789,eclipsing_binary
1536.1372946934387,1.0056648,0.0022191769,2353789,eclipsing_binary
1536.138683577088,1.0029098,0.002219698,2353789,eclipsing_binary
1536.1400724607365,1.002678,0.0022171647,2353789,eclipsing_binary
1536.141461344386,1.0079985,0.0022225585,2353789,eclipsing_binary
1536.1428502275696,1.0038491,0.0022163123,2353789,eclipsing_binary
1536.144239111219,1.005033,0.0022196358,2353789,eclipsing_binary
1536.1456279948682,1.0045961,0.0022190565,2353789,eclipsing_binary
1536.1470168785174,1.0043012,0.0022191498,2353789,eclipsing_binary
1536.148405761701,1.0025257,0.0022191731,2353789,eclipsing_binary
1536.1497946453505,0.99968714,0.0022160157,2353789,eclipsing_binary
1536.151183529,1.0028013,0.0022173275,2353789,eclipsing_binary
1536.1525724126484,1.0027231,0.0022180746,2353789,eclipsing_binary
1536.153961295832,1.0024534,0.0022174737,2353789,eclipsing_binary
1536.1553501794815,1.0032094,0.002219247,2353789,eclipsing_binary
1536.156739063131,1.0029162,0.0022156585,2353789,eclipsing_binary
1536.1581279467803,1.0013492,0.0022169824,2353789,eclipsing_binary
1536.1595168299632,1.0010034,0.0022150706,2353789,eclipsing_binary
1536.1609057136127,0.9990154,0.002214177,2353789,eclipsing_binary
1536.1622945972624,1.0041256,0.002217608,2353789,eclipsing_binary
1536.1636834804463,1.0054812,0.0022190807,2353789,eclipsing_binary
1536.1650723640948,1.0021996,0.0022165088,2353789,eclipsing_binary
1536.166461247744,1.003772,0.0022189023,2353789,eclipsing_binary
1536.1678501309277,1.0028207,0.0022193925,2353789,eclipsing_binary
1536.1692390145772,1.006837,0.0022199224,2353789,eclipsing_binary
1536.1706278982267,1.0056438,0.0022196847,2353789,eclipsing_binary
1536.1720167814094,1.0020971,0.0022182888,2353789,eclipsing_binary
1536.173405665059,1.0048308,0.0022185568,2353789,eclipsing_binary
1536.1747945482432,1.0035691,0.0022159726,2353789,eclipsing_binary
1536.1761834318925,1.003762,0.0022190209,2353789,eclipsing_binary
1536.1775723155413,1.002338,0.0022146471,2353789,eclipsing_binary
1536.1789611987242,1.0040748,0.0022172388,2353789,eclipsing_binary
1536.1803500823737,1.0023539,0.0022171375,2353789,eclipsing_binary
1536.1817389655578,1.0077664,0.0022208078,2353789,eclipsing_binary
1536.1831278492073,1.0039366,0.002219158,2353789,eclipsing_binary
1536.1845167323902,1.0057435,0.002219506,2353789,eclipsing_binary
1536.1859056160395,0.9977977,0.0022132688,2353789,eclipsing_binary
1536.1872944996896,1.0048586,0.0022190444,2353789,eclipsing_binary
1536.1886833828733,1.0016112,0.0022153757,2353789,eclipsing_binary
1536.190072266522,1.0049113,0.0022190623,2353789,eclipsing_binary
1536.1914611497048,1.0052388,0.0022185494,2353789,eclipsing_binary
1536.1928500333543,1.0053623,0.0022202276,2353789,eclipsing_binary
1536.1942389165386,1.0051264,0.0022186527,2353789,eclipsing_binary
1536.1956278001878,0.99831307,0.0022139282,2353789,eclipsing_binary
1536.197016683371,1.0048938,0.0022184993,2353789,eclipsing_binary
1536.1984055670198,1.000537,0.0022151684,2353789,eclipsing_binary
1536.1997944502039,1.002412,0.0022182702,2353789,eclipsing_binary
1536.201183333854,1.0039481,0.0022183978,2353789,eclipsing_binary
1536.202572217037,1.0001018,0.0022153277,2353789,eclipsing_binary
1536.2039611006855,1.002743,0.0022183768,2353789,eclipsing_binary
1536.2053499838692,0.9972366,0.0022117074,2353789,eclipsing_binary
1536.2067388670537,0.9996174,0.0022150169,2353789,eclipsing_binary
1536.208127750703,1.0030175,0.0022191936,2353789,eclipsing_binary
1536.209516633886,0.9970195,0.0022132944,2353789,eclipsing_binary
1536.2109055175345,1.0001029,0.0022146166,2353789,eclipsing_binary
1536.2122944007183,1.0029426,0.00221719,2353789,eclipsing_binary
1536.2136832843682,1.0061023,0.0022218334,2353789,eclipsing_binary
1536.2150721675519,0.99908787,0.0022145903,2353789,eclipsing_binary
1536.216461050735,1.0070623,0.0022190379,2353789,eclipsing_binary
1536.2178499343838,1.0015063,0.0022141857,2353789,eclipsing_binary
1536.2192388175679,1.0004783,0.0022139242,2353789,eclipsing_binary
1536.2206277007524,1.0055536,0.002218023,2353789,eclipsing_binary
1536.2220165844012,1.0056486,0.0022180662,2353789,eclipsing_binary
1536.223405467584,1.0016495,0.002215859,2353789,eclipsing_binary
1536.2247943507675,1.0014851,0.002218423,2353789,eclipsing_binary
1536.2261832344177,1.0016508,0.0022158478,2353789,eclipsing_binary
1536.2275721176013,1.0050681,0.002218389,2353789,eclipsing_binary
1536.2289610007845,1.0042381,0.0022167605,2353789,eclipsing_binary
1536.2303498844328,0.9980146,0.0022150122,2353789,eclipsing_binary
1536.2317387676173,1.0035188,0.0022168087,2353789,eclipsing_binary
1536.2331276508019,1.0041128,0.0022177561,2353789,eclipsing_binary
1536.2345165344502,1.0020034,0.0022169366,2353789,eclipsing_binary
1536.2359054176334,1.0003623,0.0022154495,2353789,eclipsing_binary
1536.2372943008165,1.0043947,0.0022174367,2353789,eclipsing_binary
1536.2386831840006,0.99919254,0.0022133782,2353789,eclipsing_binary
1536.2400720676508,1.000439,0.0022162208,2353789,eclipsing_binary
1536.241460950834,1.0033414,0.002219346,2353789,eclipsing_binary
1536.2428498340166,1.0031439,0.0022176786,2353789,eclipsing_binary
1536.2442387172011,1.003588,0.0022169463,2353789,eclipsing_binary
1536.2456276008513,1.0053444,0.0022184432,2353789,eclipsing_binary
1536.247016484034,1.0045801,0.002216685,2353789,eclipsing_binary
1536.2484053672172,0.99573034,0.0022114068,2353789,eclipsing_binary
1536.2497942504,0.99881214,0.002215342,2353789,eclipsing_binary
1536.25118313405,1.0011467,0.0022160313,2353789,eclipsing_binary
1536.2525720172346,1.0032471,0.0022159491,2353789,eclipsing_binary
1536.2539609004173,0.99903274,0.0022148206,2353789,eclipsing_binary
1536.2553497836004,1.0027599,0.002217152,2353789,eclipsing_binary
1536.256738666784,1.0005553,0.0022150376,2353789,eclipsing_binary
1536.2581275499685,1.0001649,0.002213733,2353789,eclipsing_binary
1536.2595164336178,1.0033543,0.0022168283,2353789,eclipsing_binary
1536.260905316801,0.9989132,0.002214848,2353789,eclipsing_binary
1536.2622941999837,1.0033549,0.0022173317,2353789,eclipsing_binary
1536.2636830831682,1.0027485,0.00221624,2353789,eclipsing_binary
1536.2650719663527,1.0026591,0.0022154893,2353789,eclipsing_binary
1536.2664608495354,0.99877626,0.0022126478,2353789,eclipsing_binary
1536.2678497327186,0.9998183,0.002214002,2353789,eclipsing_binary
1536.2692386159022,0.9976878,0.002212578,2353789,eclipsing_binary
1536.2706274990867,1.002639,0.0022167233,2353789,eclipsing_binary
1536.272016382736,0.9985229,0.0022121787,2353789,eclipsing_binary
1536.2734052659189,0.998204,0.002213198,2353789,eclipsing_binary
1536.2747941491018,0.9993802,0.0022142099,2353789,eclipsing_binary
1536.2761830322854,0.9989911,0.0022142828,2353789,eclipsing_binary
1536.27757191547,1.0023211,0.0022169286,2353789,eclipsing_binary
1536.2789607986535,1.0009284,0.00221377,2353789,eclipsing_binary
1536.2803496818367,0.9981958,0.0022113577,2353789,eclipsing_binary
1536.2817385650203,1.0016631,0.0022175908,2353789,eclipsing_binary
1536.2831274482046,0.9984536,0.0022114906,2353789,eclipsing_binary
1536.2845163313884,1.0039307,0.0022200842,2353789,eclipsing_binary
1536.2859052145711,0.9984289,0.0022128725,2353789,eclipsing_binary
1536.2872940977543,1.0027674,0.0022153994,2353789,eclipsing_binary
1536.288682980938,1.0035652,0.0022180062,2353789,eclipsing_binary
1536.2900718641224,1.0000162,0.0022153934,2353789,eclipsing_binary
1536.291460747306,0.9976409,0.0022143396,2353789,eclipsing_binary
1536.292849630489,1.0019773,0.0022151724,2353789,eclipsing_binary
1536.2942385136728,0.9977005,0.002213455,2353789,eclipsing_binary
1536.2956273968564,1.002266,0.0022152534,2353789,eclipsing_binary
1536.29701628004,0.99674755,0.0022113728,2353789,eclipsing_binary
1536.2984051632236,0.99814034,0.002212684,2353789,eclipsing_binary
1536.2997940464068,0.9994217,0.0022142085,2353789,eclipsing_binary
1536.3011829295904,1.0016216,0.0022146238,2353789,eclipsing_binary
1536.302571812309,1.0019665,0.0022171305,2353789,eclipsing_binary
1536.3039606954928,1.0005809,0.0022149133,2353789,eclipsing_binary
1536.3053495786755,0.9973594,0.0022129714,2353789,eclipsing_binary
1536.3067384618594,1.0029365,0.002216625,2353789,eclipsing_binary
1536.3081273450432,0.99855375,0.002212483,2353789,eclipsing_binary
1536.3095162282268,0.99961144,0.0022139277,2353789,eclipsing_binary
1536.3109051114104,1.0047376,0.0022168453,2353789,eclipsing_binary
1536.3122939945933,1.0011466,0.00221395,2353789,eclipsing_binary
1536.3136828773115,0.9980414,0.0022125556,2353789,eclipsing_binary
1536.3150717604951,1.0008235,0.0022135468,2353789,eclipsing_binary
1536.3164606436787,0.9967197,0.002210888,2353789,eclipsing_binary
1536.3178495268623,1.0000987,0.0022154422,2353789,eclipsing_binary
1536.319238410046,0.99394685,0.0022095498,2353789,eclipsing_binary
1536.3206272932298,0.9988259,0.002210608,2353789,eclipsing_binary
1536.322016175948,1.0005814,0.0022140192,2353789,eclipsing_binary
1536.3234050591316,0.9926953,0.0022104343,2353789,eclipsing_binary
1536.3247939423143,0.99958414,0.0022093884,2353789,eclipsing_binary
1536.326182825498,1.0004058,0.0022160637,2353789,eclipsing_binary
1536.327571708682,1.0020938,0.0022148422,2353789,eclipsing_binary
1536.3289605914,0.99983746,0.0022160017,2353789,eclipsing_binary
1536.3303494745835,0.9969095,0.0022103724,2353789,eclipsing_binary
1536.331738357767,0.99666667,0.002212018,2353789,eclipsing_binary
1536.3331272409507,1.0056334,0.0022185813,2353789,eclipsing_binary
1536.3345161236682,0.99522835,0.002211167,2353789,eclipsing_binary
1536.3359050068518,0.99993634,0.0022147053,2353789,eclipsing_binary
1536.3372938900354,0.999668,0.0022150106,2353789,eclipsing_binary
1536.338682773219,0.99711406,0.0022124222,2353789,eclipsing_binary
1536.3400716559372,1.0051192,0.0022175338,2353789,eclipsing_binary
1536.341460539121,0.9964484,0.0022114618,2353789,eclipsing_binary
1536.3428494223047,0.99828583,0.0022121994,2353789,eclipsing_binary
1536.3442383050217,0.9970735,0.0022111745,2353789,eclipsing_binary
1536.3456271882055,0.9992249,0.0022127177,2353789,eclipsing_binary
1536.3470160713894,1.000874,0.0022154083,2353789,eclipsing_binary
1536.3484049541073,1.0035173,0.0022153887,2353789,eclipsing_binary
1536.349793837291,0.99498874,0.0022099265,2353789,eclipsing_binary
1536.3511827204745,0.99697775,0.002212766,2353789,eclipsing_binary
1536.3525716031925,1.0051308,0.0022176865,2353789,eclipsing_binary
1536.3539604863756,0.99766624,0.002209992,2353789,eclipsing_binary
1536.3553493695592,0.99950886,0.0022148238,2353789,eclipsing_binary
1536.3567382522772,1.0015978,0.0022159463,2353789,eclipsing_binary
1536.3581271354608,0.998512,0.0022133028,2353789,eclipsing_binary
1536.359516018179,1.0025582,0.0022157484,2353789,eclipsing_binary
1536.3609049013628,0.99850684,0.0022142895,2353789,eclipsing_binary
1536.3622937845464,0.9998673,0.002213131,2353789,eclipsing_binary
1536.3636826672644,1.0011407,0.0022149326,2353789,eclipsing_binary
1536.365071550448,0.99990267,0.0022139212,2353789,eclipsing_binary
1536.3664604331655,0.9979082,0.0022110734,2353789,eclipsing_binary
1536.367849316349,0.9988658,0.002213166,2353789,eclipsing_binary
1536.369238199067,0.9972538,0.002211105,2353789,eclipsing_binary
1536.3706270822506,0.9963667,0.002208996,2353789,eclipsing_binary
1536.3720159649686,1.0000838,0.0022139696,2353789,eclipsing_binary
1536.3734048481517,0.9972162,0.0022159289,2353789,eclipsing_binary
1536.3747937308697,0.99598163,0.0022100594,2353789,eclipsing_binary
1536.3761826140542,1.0009933,0.0022155123,2353789,eclipsing_binary
1536.3775714967721,0.9966751,0.0022123035,2353789,eclipsing_binary
1536.378960379955,0.9970424,0.0022117058,2353789,eclipsing_binary
1536.3803492626732,1.0015496,0.0022148532,2353789,eclipsing_binary
1536.3817381458568,0.9983762,0.0022131295,2353789,eclipsing_binary
1536.3831270285748,0.99816626,0.0022127512,2353789,eclipsing_binary
1536.3845159117584,0.99807817,0.0022135256,2353789,eclipsing_binary
1536.385904794476,1.0017284,0.0022149277,2353789,eclipsing_binary
1536.3872936776595,0.99959016,0.002214338,2353789,eclipsing_binary
1536.3886825603784,0.99755675,0.002211366,2353789,eclipsing_binary
1536.390071443562,0.9978519,0.0022122066,2353789,eclipsing_binary
1536.391460326279,0.9998499,0.0022140522,2353789,eclipsing_binary
1536.3928492094622,0.9993703,0.0022160579,2353789,eclipsing_binary
1536.39423809218,0.9985479,0.002215515,2353789,eclipsing_binary
1536.395626974899,1.0003021,0.0022166295,2353789,eclipsing_binary
1536.3970158580826,0.99675936,0.002212447,2353789,eclipsing_binary
1536.3984047408,0.9938704,0.002209001,2353789,eclipsing_binary
1536.399793623518,0.9948429,0.0022104788,2353789,eclipsing_binary
1536.401182506702,0.9988535,0.002214612,2353789,eclipsing_binary
1536.4025713894202,0.99593633,0.0022101307,2353789,eclipsing_binary
1536.4039602726032,0.99673915,0.0022110038,2353789,eclipsing_binary
1536.4053491553207,0.9998651,0.0022170763,2353789,eclipsing_binary
1536.4067380380386,0.9943282,0.002207443,2353789,eclipsing_binary
1536.4081269212231,1.0017555,0.0022150285,2353789,eclipsing_binary
1536.409515803941,1.0009663,0.002215007,2353789,eclipsing_binary
1536.4109046866581,0.9989974,0.0022125458,2353789,eclipsing_binary
1536.4122935698413,0.99638873,0.002212139,2353789,eclipsing_binary
1536.4136824525601,1.0013399,0.0022160558,2353789,eclipsing_binary
1536.4150713352785,0.9979248,0.0022125586,2353789,eclipsing_binary
1536.416460217996,0.9994558,0.002215446,2353789,eclipsing_binary
1536.4178491011792,0.99922925,0.0022125568,2353789,eclipsing_binary
1536.4192379838971,0.9966675,0.0022124983,2353789,eclipsing_binary
1536.4206268666157,1.0002528,0.0022150758,2353789,eclipsing_binary
1536.4220157497996,1.0008053,0.0022141687,2353789,eclipsing_binary
1536.4234046325166,1.001649,0.0022136564,2353789,eclipsing_binary
1536.4247935152341,0.99830025,0.0022123007,2353789,eclipsing_binary
1536.4261823979527,1.00374,0.0022170604,2353789,eclipsing_binary
1536.4275712806714,0.9987596,0.0022159973,2353789,eclipsing_binary
1536.4289601638545,0.99812245,0.0022134474,2353789,eclipsing_binary
1536.4303490465718,0.9997798,0.0022142595,2353789,eclipsing_binary
1536.431737929289,1.0024279,0.0022165878,2353789,eclipsing_binary
1536.433126812008,0.9968951,0.002211295,2353789,eclipsing_binary
1536.4345156947263,0.99800426,0.0022131305,2353789,eclipsing_binary
1536.4359045779095,1.001985,0.0022142301,2353789,eclipsing_binary
1536.437293460627,1.0028529,0.002216993,2353789,eclipsing_binary
1536.438682343345,1.0010852,0.0022149628,2353789,eclipsing_binary
1536.4400712260635,0.9980255,0.002215022,2353789,eclipsing_binary
1536.4414601087817,0.99491715,0.0022118315,2353789,eclipsing_binary
1536.4428489914987,1.0012499,0.002215597,2353789,eclipsing_binary
1536.444237874682,0.99435556,0.0022109225,2353789,eclipsing_binary
1536.4456267574005,0.99532974,0.0022096585,2353789,eclipsing_binary
1536.4470156401192,0.99829465,0.0022126627,2353789,eclipsing_binary
1536.4484045228367,0.9958412,0.0022107868,2353789,eclipsing_binary
1536.449793405554,0.9963417,0.0022115156,2353789,eclipsing_binary
1536.4511822882712,0.99255294,0.0022105074,2353789,eclipsing_binary
1536.45257117099,0.9951963,0.0022108196,2353789,eclipsing_binary
1536.4539600537087,0.99649334,0.0022115794,2353789,eclipsing_binary
1536.455348936426,0.9964129,0.0022144204,2353789,eclipsing_binary
1536.4567378191434,0.99825215,0.0022130476,2353789,eclipsing_binary
1536.4581267023275,0.9990851,0.0022122443,2353789,eclipsing_binary
1536.4595155850463,0.994873,0.002207854,2353789,eclipsing_binary
1536.4609044677638,0.9985097,0.0022113656,2353789,eclipsing_binary
1536.4622933504809,0.9953058,0.0022117777,2353789,eclipsing_binary
1536.4636822331984,0.99921304,0.002213458,2353789,eclipsing_binary
1536.4650711159172,0.99776196,0.0022138045,2353789,eclipsing_binary
1536.4664599986356,0.99977416,0.002212967,2353789,eclipsing_binary
1536.4678488813531,1.0010874,0.0022147999,2353789,eclipsing_binary
1536.4692377640704,0.99983704,0.002214127,2353789,eclipsing_binary
1536.4706266467886,0.9987372,0.0022127714,2353789,eclipsing_binary
1536.472015529507,0.99724376,0.0022136846,2353789,eclipsing_binary
1536.4734044122251,0.9958778,0.0022106387,2353789,eclipsing_binary
1536.4747932949424,0.9982817,0.0022120338,2353789,eclipsing_binary
1536.47618217766,0.9982688,0.0022132075,2353789,eclipsing_binary
1536.4775710603785,0.99947286,0.0022142066,2353789,eclipsing_binary
1536.4789599426315,0.9973032,0.0022128955,2353789,eclipsing_binary
1536.480348825349,1.0017292,0.002216048,2353789,eclipsing_binary
1536.481737708066,1.0038661,0.0022173955,2353789,eclipsing_binary
1536.4831265907842,0.9982685,0.0022120492,2353789,eclipsing_binary
1536.4845154735028,0.996846,0.002213572,2353789,eclipsing_binary
1536.4859043562208,1.0015365,0.002215653,2353789,eclipsing_binary
1536.4872932389383,0.99846226,0.0022142853,2353789,eclipsing_binary
1536.4886821216558,0.9973096,0.0022139484,2353789,eclipsing_binary
1536.4900710043737,0.9964356,0.0022122026,2353789,eclipsing_binary
1536.491459887092,1.0000788,0.0022133265,2353789,eclipsing_binary
1536.4928487693446,0.9997631,0.002210664,2353789,eclipsing_binary
1536.4942376520619,0.99890673,0.002211728,2353789,eclipsing_binary
1536.4956265347798,0.9954382,0.0022104746,2353789,eclipsing_binary
1536.4970154174987,0.9944153,0.0022094806,2353789,eclipsing_binary
1536.4984043002166,0.9957745,0.0022089304,2353789,eclipsing_binary
1536.4997931829341,0.9953574,0.0022115747,2353789,eclipsing_binary
1536.5011820651855,0.99567425,0.0022148332,2353789,eclipsing_binary
1536.5025709479037,1.001507,0.0022161962,2353789,eclipsing_binary
1536.5039598306223,0.9975675,0.00221239,2353789,eclipsing_binary
1536.5053487133403,0.99154097,0.0022066697,2353789,eclipsing_binary
1536.5067375960577,0.9913498,0.0022055132,2353789,eclipsing_binary
1536.5081264783096,0.99682057,0.0022124874,2353789,eclipsing_binary
1536.5095153610275,0.9996818,0.002214228,2353789,eclipsing_binary
1536.5109042437462,0.9978526,0.002212576,2353789,eclipsing_binary
1536.5122931264643,0.9956992,0.002212613,2353789,eclipsing_binary
1536.5136820091814,0.9999425,0.0022142017,2353789,eclipsing_binary
1536.5150708914337,0.9963652,0.0022109742,2353789,eclipsing_binary
1536.5164597741525,0.99943763,0.0022147736,2353789,eclipsing_binary
1536.5178486568705,1.0016533,0.0022157824,2353789,eclipsing_binary
1536.5192375391223,0.9975722,0.002214461,2353789,eclipsing_binary
1536.5206264218393,0.9956079,0.0022107007,2353789,eclipsing_binary
1536.5220153045575,0.99793935,0.0022131538,2353789,eclipsing_binary
1536.5234041872761,1.0001426,0.0022164034,2353789,eclipsing_binary
1536.5247930695284,1.0025147,0.0022146218,2353789,eclipsing_binary
1536.526181952246,0.9978127,0.002213149,2353789,eclipsing_binary
1536.5275708349639,0.9968833,0.002211836,2353789,eclipsing_binary
1536.5289597172161,0.99945444,0.0022139132,2353789,eclipsing_binary
1536.5303485999343,0.997241,0.0022119626,2353789,eclipsing_binary
1536.5317374826525,0.9969695,0.0022163242,2353789,eclipsing_binary
1536.5331263649039,1.0015142,0.0022143284,2353789,eclipsing_binary
1536.5345152476218,0.9998355,0.0022124993,2353789,eclipsing_binary
1536.535904129875,0.9966236,0.0022122832,2353789,eclipsing_binary
1536.537293012593,0.99732184,0.002211003,2353789,eclipsing_binary
1536.5386818953104,0.99762845,0.0022115933,2353789,eclipsing_binary
1536.5400707775627,0.99916875,0.0022152427,2353789,eclipsing_binary
1536.5414596602807,0.99958277,0.0022137274,2353789,eclipsing_binary
1536.5428485429986,0.99480575,0.0022095144,2353789,eclipsing_binary
1536.544237425251,1.0010371,0.0022144793,2353789,eclipsing_binary
1536.5456263079684,0.99899215,0.0022153007,2353789,eclipsing_binary
1536.5470151902207,0.99504644,0.0022107637,2353789,eclipsing_binary
1536.5581262501016,0.99648356,0.0022125167,2353789,eclipsing_binary
1536.5595151328196,0.9970621,0.0022143447,2353789,eclipsing_binary
1536.5609040150719,0.9961651,0.0022108015,2353789,eclipsing_binary
1536.5622928977898,1.0017805,0.0022133356,2353789,eclipsing_binary
1536.5636817800423,0.9959395,0.002211419,2353789,eclipsing_binary
1536.5650706627605,0.9965235,0.0022111386,2353789,eclipsing_binary
1536.5664595450128,0.99777037,0.0022106348,2353789,eclipsing_binary
1536.5678484277298,0.99575514,0.002211297,2353789,eclipsing_binary
1536.5692373099823,0.9951687,0.0022093195,2353789,eclipsing_binary
1536.5706261927005,0.9979761,0.0022134467,2353789,eclipsing_binary
1536.5720150749528,0.99634993,0.0022091104,2353789,eclipsing_binary
1536.5734039576707,0.9996281,0.0022139663,2353789,eclipsing_binary
1536.5747928399226,0.99693716,0.0022148732,2353789,eclipsing_binary
1536.5761817221749,0.99904144,0.0022129994,2353789,eclipsing_binary
1536.5775706048928,1.0034537,0.0022192984,2353789,eclipsing_binary
1536.578959487145,0.9968919,0.0022129402,2353789,eclipsing_binary
1536.580348369863,1.0015892,0.002214812,2353789,eclipsing_binary
1536.5817372521153,1.0012755,0.0022151915,2353789,eclipsing_binary
1536.5831261343678,0.99602765,0.0022102154,2353789,eclipsing_binary
1536.584515017086,0.9977258,0.0022136618,2353789,eclipsing_binary
1536.5859038993383,0.99973637,0.0022135507,2353789,eclipsing_binary
1536.58729278159,1.0015233,0.002215161,2353789,eclipsing_binary
1536.588681664308,0.99971765,0.0022130797,2353789,eclipsing_binary
1536.5900705465604,1.0007612,0.0022145335,2353789,eclipsing_binary
1536.5914594288126,1.0015705,0.0022162478,2353789,eclipsing_binary
1536.5928483115306,0.9975375,0.0022135738,2353789,eclipsing_binary
1536.5942371937824,1.0007064,0.0022142942,2353789,eclipsing_binary
1536.5956260760347,0.99456185,0.002209614,2353789,eclipsing_binary
1536.5970149582877,1.0056293,0.0022161047,2353789,eclipsing_binary
1536.5984038410058,0.99737716,0.002212362,2353789,eclipsing_binary
1536.5997927232572,0.99954575,0.002214341,2353789,eclipsing_binary
1536.6011816055095,0.99987966,0.002215211,2353789,eclipsing_binary
1536.6025704882277,1.0031861,0.0022161938,2353789,eclipsing_binary
1536.6039593704802,0.9979249,0.0022131237,2353789,eclipsing_binary
1536.6053482527325,1.0007014,0.0022149684,2353789,eclipsing_binary
1536.606737134984,0.9997569,0.0022131403,2353789,eclipsing_binary
1536.6081260177023,0.99833614,0.002213587,2353789,eclipsing_binary
1536.609514899955,1.0007706,0.0022142068,2353789,eclipsing_binary
1536.6109037822075,0.9986696,0.0022118664,2353789,eclipsing_binary
1536.6122926644591,0.9972125,0.0022111551,2353789,eclipsing_binary
1536.613681546711,0.99947906,0.002211179,2353789,eclipsing_binary
1536.615070429429,0.9996772,0.0022125924,2353789,eclipsing_binary
1536.6164593116819,0.99869645,0.0022135386,2353789,eclipsing_binary
1536.6178481939344,0.99966115,0.0022151892,2353789,eclipsing_binary
1536.6192370761858,0.9970336,0.0022100145,2353789,eclipsing_binary
1536.6206259584383,1.0002487,0.0022134609,2353789,eclipsing_binary
1536.6220148406912,0.99425405,0.0022102257,2353789,eclipsing_binary
1536.6234037234092,0.9967628,0.0022124958,2353789,eclipsing_binary
1536.624792605661,0.9977673,0.002210263,2353789,eclipsing_binary
1536.6261814879126,0.99733454,0.0022141933,2353789,eclipsing_binary
1536.6275703701651,0.99718803,0.0022126248,2353789,eclipsing_binary
1536.6289592524179,0.9993829,0.002216583,2353789,eclipsing_binary
1536.6303481346704,0.9976776,0.0022137535,2353789,eclipsing_binary
1536.631737016922,0.9964847,0.0022132874,2353789,eclipsing_binary
1536.6331258991738,0.99765855,0.0022104105,2353789,eclipsing_binary
1536.634514781426,0.9991506,0.0022104937,2353789,eclipsing_binary
1536.635903663679,0.99921906,0.0022143647,2353789,eclipsing_binary
1536.6372925463972,0.9996641,0.002213562,2353789,eclipsing_binary
1536.6386814286486,0.9948819,0.0022118883,2353789,eclipsing_binary
1536.6400703109011,1.0008371,0.0022169333,2353789,eclipsing_binary
1536.641459193154,0.9959017,0.0022089232,2353789,eclipsing_binary
1536.6428480754064,1.0017693,0.0022150804,2353789,eclipsing_binary
1536.6442369576582,0.9969121,0.002212201,2353789,eclipsing_binary
1536.6456258399098,1.0019685,0.0022169193,2353789,eclipsing_binary
1536.6470147221623,0.997451,0.0022142322,2353789,eclipsing_binary
1536.648403604415,0.999709,0.0022143226,2353789,eclipsing_binary
1536.6497924866676,0.99869895,0.0022128094,2353789,eclipsing_binary
1536.6511813689192,1.0019653,0.002216234,2353789,eclipsing_binary
1536.652570251171,1.00318,0.0022175154,2353789,eclipsing_binary
1536.653959133424,1.001122,0.0022134199,2353789,eclipsing_binary
1536.655348015677,0.99859595,0.0022117726,2353789,eclipsing_binary
1536.6567368979288,1.0002972,0.0022142308,2353789,eclipsing_binary
1536.6581257801802,0.99749607,0.0022118378,2353789,eclipsing_binary
1536.659514661967,0.9983049,0.0022141174,2353789,eclipsing_binary
1536.66090354422,1.000521,0.00221701,2353789,eclipsing_binary
1536.6622924264723,1.0045902,0.002217517,2353789,eclipsing_binary
1536.663681308724,0.99881816,0.002213019,2353789,eclipsing_binary
1536.665070190976,0.9991479,0.002215638,2353789,eclipsing_binary
1536.6664590732287,1.0006031,0.0022148045,2353789,eclipsing_binary
1536.6678479554819,0.9991543,0.0022152355,2353789,eclipsing_binary
1536.6692368377335,0.9977318,0.0022125232,2353789,eclipsing_binary
1536.670625719985,1.0007744,0.002217758,2353789,eclipsing_binary
1536.672014602237,0.9978923,0.0022143726,2353789,eclipsing_binary
1536.6734034840242,1.0002898,0.0022148478,2353789,eclipsing_binary
1536.6747923662772,0.9968254,0.002213952,2353789,eclipsing_binary
1536.676181248529,0.9972805,0.0022125365,2353789,eclipsing_binary
1536.6775701307804,1.0002984,0.0022164762,2353789,eclipsing_binary
1536.6789590130336,0.99875027,0.0022143275,2353789,eclipsing_binary
1536.6803478952868,0.997381,0.0022127733,2353789,eclipsing_binary
1536.6817367775382,0.9994913,0.0022156078,2353789,eclipsing_binary
1536.6831256593243,0.99545306,0.0022113146,2353789,eclipsing_binary
1536.6845145415762,0.99880004,0.0022133198,2353789,eclipsing_binary
1536.685903423829,0.99848795,0.002216325,2353789,eclipsing_binary
1536.687292306082,1.0008694,0.0022155477,2353789,eclipsing_binary
1536.6886811878683,0.9988999,0.0022144197,2353789,eclipsing_binary
1536.6900700701196,1.0012256,0.002215659,2353789,eclipsing_binary
1536.6914589523715,0.9967663,0.0022125342,2353789,eclipsing_binary
1536.6928478346244,1.0023869,0.0022189235,2353789,eclipsing_binary
1536.6942367168774,0.99842995,0.002214456,2353789,eclipsing_binary
1536.6956255986636,0.9972077,0.002215874,2353789,eclipsing_binary
1536.6970144809152,1.0008416,0.0022162064,2353789,eclipsing_binary
1536.6984033631682,1.00046,0.0022159875,2353789,eclipsing_binary
1536.6997922449557,0.9966302,0.0022101218,2353789,eclipsing_binary
1536.701181127207,0.99735236,0.0022124094,2353789,eclipsing_binary
1536.702570009459,0.9983397,0.002214386,2353789,eclipsing_binary
1536.7039588917107,0.99668854,0.0022121922,2353789,eclipsing_binary
1536.7053477734978,0.9997628,0.00221445,2353789,eclipsing_binary
1536.706736655751,0.9970359,0.0022119135,2353789,eclipsing_binary
1536.7081255380028,0.99711883,0.002213116,2353789,eclipsing_binary
1536.7095144197885,1.001823,0.0022150257,2353789,eclipsing_binary
1536.710903302041,1.0000123,0.0022154746,2353789,eclipsing_binary
1536.712292184294,0.9998091,0.002213791,2353789,eclipsing_binary
1536.7136810660807,1.0018641,0.0022161482,2353789,eclipsing_binary
1536.7150699483325,1.0002259,0.002214505,2353789,eclipsing_binary
1536.7164588301184,0.99712175,0.002212692,2353789,eclipsing_binary
1536.7178477123714,0.9994776,0.0022143773,2353789,eclipsing_binary
1536.7192365946246,1.000502,0.002214823,2353789,eclipsing_binary
1536.7206254764105,0.9978804,0.0022141,2353789,eclipsing_binary
1536.7220143586621,1.0000738,0.002215509,2353789,eclipsing_binary
1536.7234032404488,0.9993966,0.0022159435,2353789,eclipsing_binary
1536.724792122702,0.9969065,0.002212187,2353789,eclipsing_binary
1536.7261810049542,0.9988868,0.0022128792,2353789,eclipsing_binary
1536.7275698867404,0.998,0.0022135624,2353789,eclipsing_binary
1536.7289587689918,0.9971974,0.0022137898,2353789,eclipsing_binary
1536.7303476507786,0.9983198,0.0022127929,2353789,eclipsing_binary
1536.7317365330316,0.9965565,0.002212193,2353789,eclipsing_binary
1536.7331254148182,0.99831414,0.0022138136,2353789,eclipsing_binary
1536.73451429707,1.0010809,0.0022160748,2353789,eclipsing_binary
1536.735903178856,0.9992405,0.0022140462,2353789,eclipsing_binary
1536.737292061109,1.0005256,0.0022166185,2353789,eclipsing_binary
1536.7386809428965,0.99918956,0.0022157908,2353789,eclipsing_binary
1536.740069825148,0.9980443,0.0022141484,2353789,eclipsing_binary
1536.741458706934,0.9991803,0.0022129603,2353789,eclipsing_binary
1536.7428475891863,0.9981337,0.002212448,2353789,eclipsing_binary
1536.7442364709739,0.9954461,0.002211608,2353789,eclipsing_binary
1536.7456253532262,0.99561083,0.002212272,2353789,eclipsing_binary
1536.7470142350123,1.0010486,0.0022152972,2353789,eclipsing_binary
1536.7484031172637,1.0018541,0.0022162963,2353789,eclipsing_binary
1536.7497919990506,0.9950551,0.0022114017,2353789,eclipsing_binary
1536.7511808813035,0.9989996,0.0022146686,2353789,eclipsing_binary
1536.7525697630902,0.9999962,0.0022146127,2353789,eclipsing_binary
1536.7539586448763,1.0000297,0.002215233,2353789,eclipsing_binary
1536.7553475271286,0.99672127,0.0022118948,2353789,eclipsing_binary
1536.7567364089161,1.0027255,0.002215741,2353789,eclipsing_binary
1536.7581252911684,0.9981656,0.0022131621,2353789,eclipsing_binary
1536.7595141729544,0.997683,0.002213359,2353789,eclipsing_binary
1536.7609030547403,1.0002964,0.0022152257,2353789,eclipsing_binary
1536.7622919369926,1.0024455,0.0022172388,2353789,eclipsing_binary
1536.7636808187801,1.0009884,0.002215323,2353789,eclipsing_binary
1536.7650697005668,0.9988317,0.002214904,2353789,eclipsing_binary
1536.7664585828186,1.0019252,0.002216237,2353789,eclipsing_binary
1536.7678474646052,1.0026175,0.0022176532,2353789,eclipsing_binary
1536.7692363463918,0.99903065,0.0022146697,2353789,eclipsing_binary
1536.7706252286441,0.9983023,0.0022138017,2353789,eclipsing_binary
1536.7720141104307,1.0019246,0.0022139777,2353789,eclipsing_binary
1536.773402992217,1.0029296,0.0022158965,2353789,eclipsing_binary
1536.7747918744692,0.9970372,0.0022137424,2353789,eclipsing_binary
1536.7761807562567,1.0017046,0.0022149954,2353789,eclipsing_binary
1536.7775696380434,1.0024626,0.0022169445,2353789,eclipsing_binary
1536.7789585198295,0.99861276,0.0022122003,2353789,eclipsing_binary
1536.780347402081,1.0004398,0.0022152273,2353789,eclipsing_binary
1536.7817362838675,0.9975639,0.0022112313,2353789,eclipsing_binary
1536.783125165655,0.99906963,0.0022150944,2353789,eclipsing_binary
1536.7845140474417,0.99757975,0.0022149284,2353789,eclipsing_binary
1536.7859029296935,1.0000354,0.0022144911,2353789,eclipsing_binary
1536.7872918114801,0.99853134,0.002213214,2353789,eclipsing_binary
1536.7886806932668,0.9996772,0.002213864,2353789,eclipsing_binary
1536.7900695750534,1.000907,0.002214635,2353789,eclipsing_binary
1536.7914584573057,1.0010781,0.00221567,2353789,eclipsing_binary
1536.7928473390918,1.0012455,0.0022161822,2353789,eclipsing_binary
1536.7942362208785,0.99928975,0.002212778,2353789,eclipsing_binary
1536.795625102666,1.0027479,0.0022170388,2353789,eclipsing_binary
1536.7970139844526,0.9964674,0.0022124494,2353789,eclipsing_binary
1536.7984028667045,1.0036675,0.0022177005,2353789,eclipsing_binary
1536.799791748491,0.9995082,0.002214048,2353789,eclipsing_binary
1536.8011806302777,1.0007149,0.0022156052,2353789,eclipsing_binary
1536.8025695120643,1.0002636,0.0022144972,2353789,eclipsing_binary
1536.803958393851,1.0019983,0.0022158222,2353789,eclipsing_binary
1536.8053472756371,0.99876755,0.0022129961,2353789,eclipsing_binary
1536.8067361574238,0.99923766,0.0022170476,2353789,eclipsing_binary
1536.8081250392104,0.9979178,0.0022153282,2353789,eclipsing_binary
1536.8095139214627,1.0016232,0.002216638,2353789,eclipsing_binary
1536.8109028032493,0.999901,0.002217309,2353789,eclipsing_binary
1536.8122916850361,0.9995367,0.0022132702,2353789,eclipsing_binary
1536.813680566823,0.99895644,0.0022153426,2353789,eclipsing_binary
1536.8150694486096,1.0040079,0.0022178714,2353789,eclipsing_binary
1536.8164583303962,1.0000981,0.0022142604,2353789,eclipsing_binary
1536.8178472121824,0.99808776,0.0022141682,2353789,eclipsing_binary
1536.819236093969,1.0033978,0.0022179198,2353789,eclipsing_binary
1536.8206249757557,1.0018405,0.0022171934,2353789,eclipsing_binary
1536.8220138575423,1.0036386,0.0022146998,2353789,eclipsing_binary
1536.823402739329,1.0020915,0.0022174404,2353789,eclipsing_binary
1536.824791621115,0.9962965,0.0022113062,2353789,eclipsing_binary
1536.8261805029017,1.0024698,0.0022144776,2353789,eclipsing_binary
1536.8275693846883,1.0018145,0.0022163268,2353789,eclipsing_binary
1536.828958266475,0.99850327,0.0022148134,2353789,eclipsing_binary
1536.8303471482618,0.99943984,0.0022165405,2353789,eclipsing_binary
1536.8317360300487,1.0028428,0.0022188993,2353789,eclipsing_binary
1536.8331249118353,0.999151,0.00221301,2353789,eclipsing_binary
1536.834513793622,0.99433196,0.002211024,2353789,eclipsing_binary
1536.8359026754085,1.000932,0.0022158972,2353789,eclipsing_binary
1536.8372915571947,1.0008479,0.0022158835,2353789,eclipsing_binary
1536.8386804389813,1.0017173,0.0022155216,2353789,eclipsing_binary
1536.840069320768,1.0026796,0.0022172546,2353789,eclipsing_binary
1536.8414582025546,1.0015802,0.00221558,2353789,eclipsing_binary
1536.8428470843412,0.99871176,0.0022139694,2353789,eclipsing_binary
1536.844235966128,0.9985085,0.002210865,2353789,eclipsing_binary
1536.845624847915,1.0029296,0.0022162208,2353789,eclipsing_binary
1536.847013729235,1.0030503,0.0022168693,2353789,eclipsing_binary
1536.8484026110216,0.9967965,0.0022130897,2353789,eclipsing_binary
1536.8497914928084,0.99903536,0.0022134087,2353789,eclipsing_binary
1536.8511803745953,0.99745196,0.0022131726,2353789,eclipsing_binary
1536.852569256382,1.0001276,0.002215258,2353789,eclipsing_binary
1536.8539581381685,0.9998544,0.0022134127,2353789,eclipsing_binary
1536.8553470199552,0.99914604,0.0022151836,2353789,eclipsing_binary
1536.8567359012761,1.0035897,0.0022165005,2353789,eclipsing_binary
1536.8581247830627,0.99948525,0.0022133775,2353789,eclipsing_binary
1536.859513664849,1.004216,0.0022172956,2353789,eclipsing_binary
1536.8609025466355,1.0058297,0.0022199734,2353789,eclipsing_binary
1536.8622914284222,0.99657315,0.0022123838,2353789,eclipsing_binary
1536.863680310209,0.9990842,0.0022137398,2353789,eclipsing_binary
1536.8650691915302,0.9993117,0.0022144162,2353789,eclipsing_binary
1536.866458073316,0.9989718,0.0022121593,2353789,eclipsing_binary
1536.8678469551026,1.0045756,0.0022174264,2353789,eclipsing_binary
1536.8692358368894,0.9989126,0.002215182,2353789,eclipsing_binary
1536.8706247182106,1.0034683,0.002217122,2353789,eclipsing_binary
1536.8720135999972,1.0038582,0.0022183422,2353789,eclipsing_binary
1536.8734024817838,1.0027305,0.0022173447,2353789,eclipsing_binary
1536.8747913635705,1.0033243,0.0022179596,2353789,eclipsing_binary
1536.8761802448914,1.0003974,0.0022141803,2353789,eclipsing_binary
1536.8775691266783,1.0007498,0.0022156404,2353789,eclipsing_binary
1536.8789580084642,1.0029132,0.0022159924,2353789,eclipsing_binary
1536.8803468902508,0.99894255,0.002215988,2353789,eclipsing_binary
1536.8817357715718,0.9986068,0.0022126008,2353789,eclipsing_binary
1536.8831246533587,1.0052695,0.0022171282,2353789,eclipsing_binary
1536.8845135351455,1.0025952,0.002215956,2353789,eclipsing_binary
1536.8859024164656,1.0030202,0.0022160085,2353789,eclipsing_binary
1536.8872912982524,1.0026208,0.0022170984,2353789,eclipsing_binary
1536.8886801800397,1.0038809,0.0022155752,2353789,eclipsing_binary
1536.8900690613607,1.0013083,0.0022166714,2353789,eclipsing_binary
1536.8914579431469,1.0016571,0.002215269,2353789,eclipsing_binary
1536.8928468249335,0.99850076,0.0022126941,2353789,eclipsing_binary
1536.8942357062544,1.0028883,0.0022153987,2353789,eclipsing_binary
1536.895624588041,0.99996793,0.0022153321,2353789,eclipsing_binary
1536.8970134693623,1.000158,0.0022137924,2353789,eclipsing_binary
1536.8984023511482,1.0026281,0.0022180649,2353789,eclipsing_binary
1536.8997912329348,0.9986203,0.0022130029,2353789,eclipsing_binary
1536.9011801142558,0.9997948,0.0022153473,2353789,eclipsing_binary
1536.9025689960426,1.0012203,0.002220317,2353789,eclipsing_binary
1536.9039578773638,1.0021164,0.0022184486,2353789,eclipsing_binary
1536.9053467591496,1.0055636,0.0022192348,2353789,eclipsing_binary
1536.9067356404707,1.0011342,0.0022141736,2353789,eclipsing_binary
1536.908124522258,1.0012167,0.0022153752,2353789,eclipsing_binary
1536.9095134040447,1.0010618,0.0022167247,2353789,eclipsing_binary
1536.9109022853652,1.0006409,0.0022148218,2353789,eclipsing_binary
1536.9122911671518,1.0016087,0.0022155526,2353789,eclipsing_binary
1536.9136800484728,1.0035146,0.0022167822,2353789,eclipsing_binary
1536.9150689302594,1.0006875,0.0022145775,2353789,eclipsing_binary
1536.9164578115806,1.0001452,0.0022132786,2353789,eclipsing_binary
1536.9178466933665,0.99770504,0.0022128713,2353789,eclipsing_binary
1536.9192355746875,1.0046989,0.0022176423,2353789,eclipsing_binary
1536.920624456475,1.0019623,0.0022155824,2353789,eclipsing_binary
1536.922013337796,1.0013949,0.0022163538,2353789,eclipsing_binary
1536.9234022195822,1.00032,0.0022150027,2353789,eclipsing_binary
1536.9247911009022,1.0044745,0.0022175123,2353789,eclipsing_binary
1536.9261799822234,1.000566,0.0022158127,2353789,eclipsing_binary
1536.9275688640107,1.000707,0.0022167885,2353789,eclipsing_binary
1536.9289577453317,1.0002241,0.002217115,2353789,eclipsing_binary
1536.9303466271178,0.998827,0.0022150269,2353789,eclipsing_binary
1536.9317355084388,0.99938136,0.00221473,2353789,eclipsing_binary
1536.9331243902263,1.0032916,0.002216472,2353789,eclipsing_binary
1536.9345132715473,1.0004485,0.0022141612,2353789,eclipsing_binary
1536.9359021528676,1.0025367,0.002216809,2353789,eclipsing_binary
1536.9372910346535,1.0066394,0.0022198623,2353789,eclipsing_binary
1536.9386799159745,0.99618185,0.0022112017,2353789,eclipsing_binary
1536.9400687972964,1.0022292,0.0022163861,2353789,eclipsing_binary
1536.941457679083,0.9955741,0.0022127824,2353789,eclipsing_binary
1536.9428465604035,1.0001637,0.0022133028,2353789,eclipsing_binary
1536.9442354421892,1.0041938,0.0022187834,2353789,eclipsing_binary
1536.9456243235104,1.0027194,0.0022162287,2353789,eclipsing_binary
1536.947013204832,1.0012839,0.0022192188,2353789,eclipsing_binary
1536.9484020866187,0.9992159,0.0022155175,2353789,eclipsing_binary
1536.9497909679392,1.0015707,0.002214816,2353789,eclipsing_binary
1536.9511798492601,1.0014976,0.0022157128,2353789,eclipsing_binary
1536.952568730582,0.9979318,0.0022131342,2353789,eclipsing_binary
1536.9539576123686,0.99738634,0.0022114173,2353789,eclipsing_binary
1536.9553464936891,0.9959651,0.0022115766,2353789,eclipsing_binary
1536.9567353750092,1.0006315,0.0022133957,2353789,eclipsing_binary
1536.9581242567958,0.99907935,0.002214043,2353789,eclipsing_binary
1536.9595131381177,0.9995992,0.0022155799,2353789,eclipsing_binary
1536.9609020194387,1.0044423,0.0022159393,2353789,eclipsing_binary
1536.9622909007592,1.0033373,0.0022161335,2353789,eclipsing_binary
1536.9636797825451,1.0036068,0.0022167414,2353789,eclipsing_binary
1536.9650686638668,1.0006167,0.0022154108,2353789,eclipsing_binary
1536.9664575451886,0.9990687,0.0022128948,2353789,eclipsing_binary
1536.9678464265087,1.0043899,0.0022166446,2353789,eclipsing_binary
1536.9692353078292,1.0040505,0.0022181629,2353789,eclipsing_binary
1536.9706241896158,1.0011431,0.002218914,2353789,eclipsing_binary
1536.9720130709377,1.0020261,0.002215458,2353789,eclipsing_binary
1536.9734019522587,1.0032282,0.002216192,2353789,eclipsing_binary
1536.9747908335792,1.0018811,0.0022170232,2353789,eclipsing_binary
1536.9761797148992,1.0029037,0.002217188,2353789,eclipsing_binary
1536.977568596686,1.0015482,0.0022150842,2353789,eclipsing_binary
1536.9789574780077,0.999458,0.0022152422,2353789,eclipsing_binary
1536.9803463593287,1.0052919,0.002219107,2353789,eclipsing_binary
1536.9817352406492,1.0042607,0.0022172618,2353789,eclipsing_binary
1536.9831241219695,1.0020161,0.0022163473,2353789,eclipsing_binary
1536.984513003291,0.99663967,0.0022127167,2353789,eclipsing_binary
1536.985901884613,1.0015086,0.0022148998,2353789,eclipsing_binary
1536.9872907659333,1.0026561,0.002215991,2353789,eclipsing_binary
1536.9886796477192,1.0022012,0.002217594,2353789,eclipsing_binary
1536.9900685290402,1.0033889,0.0022155228,2353789,eclipsing_binary
1536.991457410362,1.0039433,0.0022159005,2353789,eclipsing_binary
1536.992846291683,1.0036268,0.0022159645,2353789,eclipsing_binary
1536.9942351730035,1.002157,0.0022155594,2353789,eclipsing_binary
1536.9956240543236,1.0009613,0.00221412,2353789,eclipsing_binary
1536.9970129356454,1.005705,0.0022188078,2353789,eclipsing_binary
1536.9984018169673,1.00194,0.0022154404,2353789,eclipsing_binary
1536.9997906982874,1.001699,0.0022164483,2353789,eclipsing_binary
1537.0011795796079,1.001719,0.0022158683,2353789,eclipsing_binary
1537.0025684609282,1.0013672,0.0022178446,2353789,eclipsing_binary
1537.0039573422498,0.99637896,0.0022117458,2353789,eclipsing_binary
1537.0053462235717,1.0020982,0.0022150609,2353789,eclipsing_binary
1537.006735104892,1.0028481,0.002219391,2353789,eclipsing_binary
1537.0081239862122,0.99794525,0.00221313,2353789,eclipsing_binary
1537.009512867534,1.0028358,0.0022165873,2353789,eclipsing_binary
1537.0109017488558,0.9998379,0.002214379,2353789,eclipsing_binary
1537.012290630176,1.0027708,0.002216961,2353789,eclipsing_binary
1537.0136795114965,1.0000007,0.002214668,2353789,eclipsing_binary
1537.0150683928166,1.0016878,0.002215465,2353789,eclipsing_binary
1537.0164572741385,1.002006,0.002214531,2353789,eclipsing_binary
1537.0178461554603,0.9994972,0.0022148334,2353789,eclipsing_binary
1537.0192350367804,1.0037298,0.0022170492,2353789,eclipsing_binary
1537.020623918101,1.0006449,0.0022143498,2353789,eclipsing_binary
1537.0220127989558,0.99844164,0.0022145608,2353789,eclipsing_binary
1537.0234016802772,1.0025731,0.0022174336,2353789,eclipsing_binary
1537.024790561599,1.0019248,0.002215009,2353789,eclipsing_binary
1537.0261794429193,1.0020604,0.0022156585,2353789,eclipsing_binary
1537.0275683242396,1.0023415,0.0022147475,2353789,eclipsing_binary
1537.0289572055615,1.0001763,0.0022147887,2353789,eclipsing_binary
1537.0303460868831,1.0037717,0.0022191477,2353789,eclipsing_binary
1537.0317349682034,0.9998665,0.0022135128,2353789,eclipsing_binary
1537.0331238490583,0.9987124,0.0022132914,2353789,eclipsing_binary
1537.0345127303783,0.9998403,0.0022125572,2353789,eclipsing_binary
1537.0359016117002,1.0047477,0.0022181957,2353789,eclipsing_binary
1537.037290493022,1.0007725,0.002214166,2353789,eclipsing_binary
1537.038679374342,1.0014739,0.0022151973,2353789,eclipsing_binary
1537.0400682556626,1.0027175,0.002216482,2353789,eclipsing_binary
1537.041457136518,1.0007685,0.0022144355,2353789,eclipsing_binary
1537.0428460178398,1.002098,0.002215967,2353789,eclipsing_binary
1537.0442348991608,1.0038848,0.0022179463,2353789,eclipsing_binary
1537.0456237804813,1.0028181,0.0022154883,2353789,eclipsing_binary
1537.0470126613357,1.0035397,0.0022186448,2353789,eclipsing_binary
1537.0484015426575,1.0034668,0.0022174872,2353789,eclipsing_binary
1537.0497904239792,1.0006987,0.0022156253,2353789,eclipsing_binary
1537.0511793052995,1.0029417,0.0022148157,2353789,eclipsing_binary
1537.0525681861543,1.0014275,0.0022159172,2353789,eclipsing_binary
1537.0539570674744,1.0020301,0.0022141878,2353789,eclipsing_binary
1537.0553459487962,1.0026134,0.0022181384,2353789,eclipsing_binary
1537.056734830118,1.0015514,0.0022143652,2353789,eclipsing_binary
1537.0581237109725,1.0010496,0.002216129,2353789,eclipsing_binary
1537.059512592293,1.001902,0.0022164618,2353789,eclipsing_binary
1537.060901473614,1.0006292,0.0022149882,2353789,eclipsing_binary
1537.0622903544702,1.0033853,0.0022166048,2353789,eclipsing_binary
1537.0636792357911,1.0043768,0.0022182092,2353789,eclipsing_binary
1537.0650681171117,1.0006268,0.0022127067,2353789,eclipsing_binary
1537.066456997966,1.0024829,0.002216415,2353789,eclipsing_binary
1537.067845879288,1.001331,0.0022159421,2353789,eclipsing_binary
1537.0692347606098,1.002359,0.0022155335,2353789,eclipsing_binary
1537.0706236414642,0.9991872,0.002214435,2353789,eclipsing_binary
1537.0720125227847,1.0024348,0.0022153638,2353789,eclipsing_binary
1537.0734014041057,0.9998315,0.0022139705,2353789,eclipsing_binary
1537.0747902849619,1.0035267,0.0022167286,2353789,eclipsing_binary
1537.0761791662828,0.9991645,0.002212931,2353789,eclipsing_binary
1537.0775680471374,1.0009485,0.002214917,2353789,eclipsing_binary
1537.0789569284577,1.0057957,0.0022190856,2353789,eclipsing_binary
1537.080345809313,1.0022813,0.0022150946,2353789,eclipsing_binary
1537.081734690635,0.99761015,0.0022124555,2353789,eclipsing_binary
1537.0831235719559,1.0017713,0.0022150385,2353789,eclipsing_binary
1537.0845124528107,1.0016074,0.002215206,2353789,eclipsing_binary
1537.0859013341308,1.0020821,0.0022169033,2353789,eclipsing_binary
1537.087290214987,1.0029446,0.0022165792,2353789,eclipsing_binary
1537.0886790963089,1.0010394,0.002215296,2353789,eclipsing_binary
1537.0900679771632,1.0014051,0.0022163442,2353789,eclipsing_binary
1537.0914568584838,1.0032094,0.002215827,2353789,eclipsing_binary
1537.092845739339,1.0026329,0.00221551,2353789,eclipsing_binary
1537.094234620661,0.9998003,0.0022150415,2353789,eclipsing_binary
1537.0956235015162,0.99820966,0.0022129004,2353789,eclipsing_binary
1537.0970123828365,1.001224,0.0022152066,2353789,eclipsing_binary
1537.0984012636911,1.0031486,0.0022153384,2353789,eclipsing_binary
1537.099790145012,1.0023469,0.0022152679,2353789,eclipsing_binary
1537.1011790258683,1.0031837,0.0022168872,2353789,eclipsing_binary
1537.1025679071893,1.0012019,0.0022165498,2353789,eclipsing_binary
1537.1039567880441,1.0012013,0.0022143798,2353789,eclipsing_binary
1537.105345669365,1.0036006,0.0022159547,2353789,eclipsing_binary
1537.106734550221,1.0033906,0.0022165356,2353789,eclipsing_binary
1537.1081234310766,1.0022252,0.0022160038,2353789,eclipsing_binary
1537.1095123123966,1.0047798,0.0022176786,2353789,eclipsing_binary
1537.1109011932515,1.0022067,0.0022160702,2353789,eclipsing_binary
1537.1122900745725,0.9974818,0.0022112746,2353789,eclipsing_binary
1537.1136789554287,0.9984199,0.00221474,2353789,eclipsing_binary
1537.115067836284,1.0030054,0.0022160243,2353789,eclipsing_binary
1537.1164567176043,1.0032004,0.0022160027,2353789,eclipsing_binary
1537.1178455984589,1.0018591,0.002216335,2353789,eclipsing_binary
1537.1192344793142,1.0035584,0.0022172406,2353789,eclipsing_binary
1537.120623360636,1.0031122,0.0022167615,2353789,eclipsing_binary
1537.1220122414913,1.0019063,0.002214531,2353789,eclipsing_binary
1537.1234011223462,1.002419,0.0022177387,2353789,eclipsing_binary
1537.1247900036672,1.003304,0.0022155822,2353789,eclipsing_binary
1537.1261788845231,1.0014617,0.0022162679,2353789,eclipsing_binary
1537.1275677653787,1.0013319,0.0022144115,2353789,eclipsing_binary
1537.1289566466987,1.0027564,0.0022172548,2353789,eclipsing_binary
1537.1303455275536,0.9976203,0.0022119482,2353789,eclipsing_binary
1537.1317344084089,0.9983858,0.0022135496,2353789,eclipsing_binary
1537.1331232897307,1.0016819,0.0022148793,2353789,eclipsing_binary
1537.134512170586,1.000462,0.0022131705,2353789,eclipsing_binary
1537.1359010514407,1.0029259,0.0022166932,2353789,eclipsing_binary
1537.1372899322962,1.0014347,0.0022145784,2353789,eclipsing_binary
1537.1386788136172,1.0028316,0.002215629,2353789,eclipsing_binary
1537.1400676944725,1.0028979,0.0022162204,2353789,eclipsing_binary
1537.1414565753278,1.0015861,0.002215141,2353789,eclipsing_binary
1537.1428454561826,1.0036827,0.002216975,2353789,eclipsing_binary
1537.1442343375036,0.99821156,0.0022117952,2353789,eclipsing_binary
1537.1456232183598,1.0043074,0.002218974,2353789,eclipsing_binary
1537.147012099215,1.001581,0.002217188,2353789,eclipsing_binary
1537.1484009800695,1.0050566,0.0022152646,2353789,eclipsing_binary
1537.1497898609243,1.0033517,0.0022187107,2353789,eclipsing_binary
1537.1511787417796,1.0042439,0.0022158648,2353789,eclipsing_binary
1537.1525676231015,0.9982484,0.0022119307,2353789,eclipsing_binary
1537.1539565039568,1.0017331,0.0022170802,2353789,eclipsing_binary
1537.1553453848117,0.9992682,0.0022137058,2353789,eclipsing_binary
1537.156734265667,1.0002451,0.002214681,2353789,eclipsing_binary
1537.1581231465223,0.9986126,0.0022117214,2353789,eclipsing_binary
1537.1595120273776,1.0002465,0.0022129542,2353789,eclipsing_binary
1537.1609009082329,1.0008167,0.0022144301,2353789,eclipsing_binary
1537.1622897895534,1.0051993,0.0022163652,2353789,eclipsing_binary
1537.1636786704087,0.9996819,0.002214392,2353789,eclipsing_binary
1537.1650675512649,1.0000774,0.002215099,2353789,eclipsing_binary
1537.1664564321202,1.0040878,0.0022160467,2353789,eclipsing_binary
1537.1678453129746,0.99766916,0.0022122606,2353789,eclipsing_binary
1537.16923419383,1.0004979,0.002215239,2353789,eclipsing_binary
1537.1706230746856,1.0013351,0.002216103,2353789,eclipsing_binary
1537.172011955541,1.0009811,0.002214468,2353789,eclipsing_binary
1537.1734008363962,1.0056531,0.0022177086,2353789,eclipsing_binary
1537.174789717251,1.0014204,0.0022144923,2353789,eclipsing_binary
1537.1761785981064,0.9995222,0.0022136718,2353789,eclipsing_binary
1537.1775674789617,1.00151,0.0022148227,2353789,eclipsing_binary
1537.178956359817,0.9998901,0.0022141598,2353789,eclipsing_binary
1537.1803452406723,1.0007188,0.0022145072,2353789,eclipsing_binary
1537.1817341215271,0.9992895,0.0022127572,2353789,eclipsing_binary
1537.1831230023824,1.0057424,0.0022185012,2353789,eclipsing_binary
1537.1845118832387,1.0026975,0.002215794,2353789,eclipsing_binary
1537.185900764094,0.9993481,0.002212641,2353789,eclipsing_binary
1537.1872896449486,1.0013345,0.0022158595,2353789,eclipsing_binary
1537.188678525804,1.0011073,0.0022144618,2353789,eclipsing_binary
1537.1900674066594,1.0003145,0.0022150893,2353789,eclipsing_binary
1537.1914562875147,1.0019122,0.00221609,2353789,eclipsing_binary
1537.19284516837,1.0007863,0.0022146797,2353789,eclipsing_binary
1537.1942340492249,1.0056539,0.0022174213,2353789,eclipsing_binary
1537.1956229300802,1.0010242,0.002214601,2353789,eclipsing_binary
1537.1970118109355,0.9989836,0.0022170187,2353789,eclipsing_binary
1537.1984006917908,0.99977213,0.0022133668,2353789,eclipsing_binary
1537.199789572646,1.0019655,0.0022164339,2353789,eclipsing_binary
1537.2011784530353,1.0005565,0.0022139493,2353789,eclipsing_binary
1537.2025673338906,0.9999674,0.0022128983,2353789,eclipsing_binary
1537.2039562147468,0.99947685,0.0022139514,2353789,eclipsing_binary
1537.205345095602,1.0045161,0.0022168919,2353789,eclipsing_binary
1537.2067339764567,0.9969725,0.002212213,2353789,eclipsing_binary
1537.2081228573122,0.99702454,0.002210093,2353789,eclipsing_binary
1537.2095117381675,0.99900526,0.0022125808,2353789,eclipsing_binary
1537.2109006190228,0.9975829,0.0022136609,2353789,eclipsing_binary
1537.2122894994125,1.0008004,0.002214276,2353789,eclipsing_binary
1537.2136783802673,0.99728566,0.0022114995,2353789,eclipsing_binary
1537.2150672611226,1.0017661,0.002214919,2353789,eclipsing_binary
1537.216456141978,0.9991938,0.0022135198,2353789,eclipsing_binary
1537.2178450228332,1.0031794,0.0022166388,2353789,eclipsing_binary
1537.2192339032229,1.0019368,0.002217702,2353789,eclipsing_binary
1537.2206227840784,0.99693495,0.0022108946,2353789,eclipsing_binary
1537.222011664934,0.9992803,0.0022144644,2353789,eclipsing_binary
1537.2234005457892,1.000216,0.0022146418,2353789,eclipsing_binary
1537.2247894261789,0.9975175,0.002213441,2353789,eclipsing_binary
1537.2261783070335,0.9999089,0.0022142148,2353789,eclipsing_binary
1537.227567187889,1.0002743,0.0022154024,2353789,eclipsing_binary
1537.2289560687443,0.9951568,0.0022101884,2353789,eclipsing_binary
1537.230344949134,1.0015744,0.0022156679,2353789,eclipsing_binary
1537.2317338299893,0.99833804,0.0022126876,2353789,eclipsing_binary
1537.233122710844,0.9977727,0.0022119777,2353789,eclipsing_binary
1537.2345115912337,1.000714,0.002214537,2353789,eclipsing_binary
1537.235900472089,0.9988442,0.0022131242,2353789,eclipsing_binary
1537.2372893529443,0.9973195,0.0022115624,2353789,eclipsing_binary
1537.2386782337996,1.0002056,0.0022132637,2353789,eclipsing_binary
1537.2400671141895,0.9962451,0.0022129808,2353789,eclipsing_binary
1537.241455995045,1.0021732,0.0022149284,2353789,eclipsing_binary
1537.2428448759003,0.99456805,0.0022097535,2353789,eclipsing_binary
1537.24423375629,0.9993789,0.0022132676,2353789,eclipsing_binary
1537.2456226371448,0.9969672,0.002210416,2353789,eclipsing_binary
1537.2470115175345,1.0012403,0.0022131894,2353789,eclipsing_binary
1537.2484003983898,0.99846154,0.0022149717,2353789,eclipsing_binary
1537.249789279245,0.9979131,0.002211924,2353789,eclipsing_binary
1537.2511781596347,0.99887764,0.0022150497,2353789,eclipsing_binary
1537.25256704049,0.9990061,0.0022127226,2353789,eclipsing_binary
1537.25395592088,1.0016693,0.0022144045,2353789,eclipsing_binary
1537.2553448017345,1.0003014,0.0022165088,2353789,eclipsing_binary
1537.2567336825898,1.0001917,0.0022142243,2353789,eclipsing_binary
1537.2581225629795,0.997937,0.0022139705,2353789,eclipsing_binary
1537.259511443835,0.99802035,0.0022157647,2353789,eclipsing_binary
1537.2609003242248,0.99967736,0.002213733,2353789,eclipsing_binary
1537.2622892050802,0.99838555,0.002213201,2353789,eclipsing_binary
1537.2636780854698,1.0023458,0.002215173,2353789,eclipsing_binary
1537.2650669663246,1.0022051,0.0022149233,2353789,eclipsing_binary
1537.2664558467143,1.001426,0.0022159321,2353789,eclipsing_binary
1537.2678447275696,0.9983037,0.0022133223,2353789,eclipsing_binary
1537.2692336079592,1.0005337,0.0022127712,2353789,eclipsing_binary
1537.2706224888145,0.9949434,0.002209313,2353789,eclipsing_binary
1537.2720113692042,1.0017661,0.0022146157,2353789,eclipsing_binary
1537.2734002500597,0.9967829,0.0022120557,2353789,eclipsing_binary
1537.2747891304487,0.9988053,0.002212582,2353789,eclipsing_binary
1537.276178011304,0.9946601,0.0022091307,2353789,eclipsing_binary
1537.2775668916936,0.9988289,0.0022137784,2353789,eclipsing_binary
1537.2789557725491,0.9998038,0.0022137715,2353789,eclipsing_binary
1537.280344652939,0.9995991,0.002213662,2353789,eclipsing_binary
1537.2817335337943,1.0016084,0.0022160213,2353789,eclipsing_binary
1537.283122414184,0.9994735,0.0022134832,2353789,eclipsing_binary
1537.2845112945731,0.9977403,0.0022115547,2353789,eclipsing_binary
1537.2859001754284,0.9960272,0.002212526,2353789,eclipsing_binary
1537.287289055818,0.99752414,0.0022120117,2353789,eclipsing_binary
1537.2886779366734,0.99894184,0.0022130695,2353789,eclipsing_binary
1537.290066817063,0.9983313,0.0022126827,2353789,eclipsing_binary
1537.2914556974526,0.9949793,0.0022097556,2353789,eclipsing_binary
1537.2928445783082,0.9962012,0.00221025,2353789,eclipsing_binary
1537.2942334586971,0.9982934,0.0022112965,2353789,eclipsing_binary
1537.2956223390868,0.9983458,0.0022120902,2353789,eclipsing_binary
1537.2970112199423,0.9934296,0.0022088552,2353789,eclipsing_binary
1537.2984001003322,0.9954963,0.002210076,2353789,eclipsing_binary
1537.2997889807218,0.99634045,0.002211792,2353789,eclipsing_binary
1537.3011778615771,0.99557304,0.002210318,2353789,eclipsing_binary
1537.3025667419668,0.9985031,0.0022115053,2353789,eclipsing_binary
1537.3039556223564,0.99588317,0.0022100008,2353789,eclipsing_binary
1537.3053445032117,0.99302894,0.0022110685,2353789,eclipsing_binary
1537.3067333836009,0.99913013,0.0022123891,2353789,eclipsing_binary
1537.3081222639905,0.9962121,0.0022110052,2353789,eclipsing_binary
1537.3095111443802,0.9978036,0.0022117074,2353789,eclipsing_binary
1537.3109000252357,0.9952728,0.002209636,2353789,eclipsing_binary
1537.3122889056256,0.99870324,0.002215291,2353789,eclipsing_binary
1537.3136777860143,0.9992935,0.0022144793,2353789,eclipsing_binary
1537.315066666404,0.9972722,0.002212119,2353789,eclipsing_binary
1537.3164555472595,1.0000241,0.002214454,2353789,eclipsing_binary
1537.3178444276493,0.99852717,0.0022126962,2353789,eclipsing_binary
1537.319233308039,0.9954135,0.0022100452,2353789,eclipsing_binary
1537.320622188428,0.995252,0.0022087211,2353789,eclipsing_binary
1537.3220110692835,0.9968508,0.0022111693,2353789,eclipsing_binary
1537.3233999496736,0.9982117,0.0022122478,2353789,eclipsing_binary
1537.3247888300632,0.9974269,0.002211283,2353789,eclipsing_binary
1537.3261777104524,0.9981613,0.0022119423,2353789,eclipsing_binary
1537.327566590842,0.9993038,0.0022128094,2353789,eclipsing_binary
1537.3289554712317,1.0007683,0.002213674,2353789,eclipsing_binary
1537.3303443520872,0.9995944,0.0022142055,2353789,eclipsing_binary
1537.331733232477,1.0015023,0.0022145547,2353789,eclipsing_binary
1537.3331221128658,1.0001123,0.002213948,2353789,eclipsing_binary
1537.3345109932554,0.9990832,0.002212116,2353789,eclipsing_binary
1537.3358998736453,1.0005751,0.0022128487,2353789,eclipsing_binary
1537.3372887540352,0.9969075,0.002211976,2353789,eclipsing_binary
1537.3386776344248,1.0024204,0.0022148057,2353789,eclipsing_binary
1537.3400665148145,0.9976855,0.0022132525,2353789,eclipsing_binary
1537.341455395204,0.99626064,0.002211466,2353789,eclipsing_binary
1537.3428442760594,1.0011959,0.0022129705,2353789,eclipsing_binary
1537.3442331564493,0.994533,0.0022091442,2353789,eclipsing_binary
1537.3456220368382,0.9964008,0.0022106983,2353789,eclipsing_binary
1537.3470109172279,1.0015001,0.002214756,2353789,eclipsing_binary
1537.3483997976175,0.9970072,0.0022106224,2353789,eclipsing_binary
1537.3497886780074,0.99912006,0.002212981,2353789,eclipsing_binary
1537.3511775583972,1.0020893,0.0022139342,2353789,eclipsing_binary
1537.352566438786,0.9965739,0.002211777,2353789,eclipsing_binary
1537.3539553191758,0.9947979,0.0022090347,2353789,eclipsing_binary
1537.3553441995662,0.9981674,0.0022130809,2353789,eclipsing_binary
1537.3567330799558,0.99804485,0.0022120448,2353789,eclipsing_binary
1537.358121960345,1.0008762,0.002213987,2353789,eclipsing_binary
1537.359510840734,0.9951482,0.0022105959,2353789,eclipsing_binary
1537.3608997211238,1.000262,0.0022146436,2353789,eclipsing_binary
1537.362288601514,0.99423623,0.0022112248,2353789,eclipsing_binary
1537.3636774819038,0.99751097,0.002214695,2353789,eclipsing_binary
1537.3650663622927,0.99552816,0.0022116364,2353789,eclipsing_binary
1537.3664552426824,0.99765414,0.0022106946,2353789,eclipsing_binary
1537.367844123072,0.99007124,0.0022068995,2353789,eclipsing_binary
1537.3692330034619,0.99282926,0.0022085279,2353789,eclipsing_binary
1537.370621883386,1.0008235,0.0022122911,2353789,eclipsing_binary
1537.3720107637748,0.99444926,0.002211624,2353789,eclipsing_binary
1537.3733996441647,0.99955815,0.002211794,2353789,eclipsing_binary
1537.374788524555,0.9991949,0.0022116133,2353789,eclipsing_binary
1537.3761774049447,0.9933358,0.00221108,2353789,eclipsing_binary
1537.3775662853338,1.0003641,0.0022158443,2353789,eclipsing_binary
1537.3789551657228,0.9975744,0.0022109542,2353789,eclipsing_binary
1537.3803440461127,0.99471086,0.0022098825,2353789,eclipsing_binary
1537.3817329265028,1.0010756,0.0022141873,2353789,eclipsing_binary
1537.383121806427,0.9988391,0.0022126602,2353789,eclipsing_binary
1537.384510686816,1.0017579,0.0022177836,2353789,eclipsing_binary
1537.3858995672056,0.99795395,0.0022127866,2353789,eclipsing_binary
1537.3872884475954,1.001275,0.002214677,2353789,eclipsing_binary
1537.3886773279853,1.0000875,0.002213072,2353789,eclipsing_binary
1537.3900662079093,0.9951689,0.00221101,2353789,eclipsing_binary
1537.391455088298,0.99758685,0.0022128513,2353789,eclipsing_binary
1537.3928439686879,0.99907094,0.0022123905,2353789,eclipsing_binary
1537.3942328490782,0.9952706,0.0022097894,2353789,eclipsing_binary
1537.3956217294678,1.0018276,0.00221455,2353789,eclipsing_binary
1537.3970106093914,0.9972421,0.0022129319,2353789,eclipsing_binary
1537.3983994897806,0.9985362,0.0022115072,2353789,eclipsing_binary
1537.3997883701702,0.99556184,0.0022101554,2353789,eclipsing_binary
1537.4011772505603,0.99832636,0.002212861,2353789,eclipsing_binary
1537.4025661304845,0.99406594,0.0022106317,2353789,eclipsing_binary
1537.4039550108735,0.9981685,0.0022116927,2353789,eclipsing_binary
1537.405343891263,0.99917245,0.0022122469,2353789,eclipsing_binary
1537.4067327716537,0.9945554,0.002212046,2353789,eclipsing_binary
1537.4081216515776,0.99662673,0.0022114585,2353789,eclipsing_binary
1537.4095105319668,0.9978296,0.0022126618,2353789,eclipsing_binary
1537.4108994123555,0.9979179,0.0022112897,2353789,eclipsing_binary
1537.4122882922798,0.9976693,0.0022117705,2353789,eclipsing_binary
1537.41367717267,0.9982826,0.0022118897,2353789,eclipsing_binary
1537.4150660530597,0.9978717,0.0022119107,2353789,eclipsing_binary
1537.4164549329832,0.9980629,0.0022104476,2353789,eclipsing_binary
1537.4178438133724,0.9958756,0.0022098345,2353789,eclipsing_binary
1537.419232693762,0.9980787,0.0022112639,2353789,eclipsing_binary
1537.4206215736867,0.99761105,0.002212229,2353789,eclipsing_binary
1537.4220104540766,0.99369586,0.002210798,2353789,eclipsing_binary
1537.4233993339997,0.99860024,0.0022124536,2353789,eclipsing_binary
1537.4247882143893,0.9986936,0.0022118879,2353789,eclipsing_binary
1537.4261770947799,0.9960207,0.0022111854,2353789,eclipsing_binary
1537.4275659747038,0.9951648,0.002209476,2353789,eclipsing_binary
1537.428954855093,0.995857,0.0022113358,2353789,eclipsing_binary
1537.4303437350163,0.99507695,0.002210093,2353789,eclipsing_binary
1537.4317326154062,0.9925647,0.002209145,2353789,eclipsing_binary
1537.4331214957963,0.9970564,0.0022085311,2353789,eclipsing_binary
1537.4345103757203,0.99416554,0.0022084853,2353789,eclipsing_binary
1537.4358992561095,0.99495053,0.0022115703,2353789,eclipsing_binary
1537.437288136033,0.99257374,0.002208124,2353789,eclipsing_binary
1537.4386770164226,0.9934923,0.0022066792,2353789,eclipsing_binary
1537.4400658963473,0.99297655,0.002206653,2353789,eclipsing_binary
1537.4414547767371,0.9929011,0.0022075763,2353789,eclipsing_binary
1537.4428436566602,0.98602164,0.0022036505,2353789,eclipsing_binary
1537.4442325370499,0.9911435,0.002206223,2353789,eclipsing_binary
1537.4456214169747,0.98536956,0.002201788,2353789,eclipsing_binary
1537.4470102973644,0.991774,0.002207065,2353789,eclipsing_binary
1537.448399177288,0.9879498,0.0022057723,2353789,eclipsing_binary
1537.4497880576769,0.9886727,0.0022034377,2353789,eclipsing_binary
1537.451176937601,0.9782496,0.0021971888,2353789,eclipsing_binary
1537.4525658175255,0.9883166,0.0022055695,2353789,eclipsing_binary
1537.4539546979154,0.98309165,0.002203404,2353789,eclipsing_binary
1537.4553435778387,0.9798851,0.0022000608,2353789,eclipsing_binary
1537.4567324582279,0.9817649,0.0021993592,2353789,eclipsing_binary
1537.4581213381523,0.98127115,0.0021991995,2353789,eclipsing_binary
1537.4595102185428,0.97944057,0.0021969741,2353789,eclipsing_binary
1537.4608990984664,0.9817339,0.002201249,2353789,eclipsing_binary
1537.4622879783894,0.97627157,0.0021973902,2353789,eclipsing_binary
1537.4636768587793,0.9757848,0.002193247,2353789,eclipsing_binary
1537.465065738704,0.97394913,0.002192934,2353789,eclipsing_binary
1537.4664546190936,0.9735625,0.0021921203,2353789,eclipsing_binary
1537.4678434990171,0.9680897,0.0021893922,2353789,eclipsing_binary
1537.4692323789404,0.9701742,0.0021908036,2353789,eclipsing_binary
1537.4706212593303,0.97431946,0.0021936526,2353789,eclipsing_binary
1537.4720101392547,0.974686,0.0021956975,2353789,eclipsing_binary
1537.473399019179,0.9730246,0.0021920232,2353789,eclipsing_binary
1537.474787899568,0.970533,0.002190579,2353789,eclipsing_binary
1537.4761767794914,0.9701878,0.0021932935,2353789,eclipsing_binary
1537.477565659416,0.9694147,0.0021888807,2353789,eclipsing_binary
1537.4789545393407,0.9718892,0.0021911047,2353789,eclipsing_binary
1537.48034341973,0.9720336,0.0021897745,2353789,eclipsing_binary
1537.481732299653,0.9661001,0.0021886637,2353789,eclipsing_binary
1537.4831211795772,0.9750542,0.0021942852,2353789,eclipsing_binary
1537.4845100599675,0.9678251,0.0021908153,2353789,eclipsing_binary
1537.4858989398915,0.9677877,0.0021888516,2353789,eclipsing_binary
1537.487287819815,0.9719703,0.0021916411,2353789,eclipsing_binary
1537.4886766997386,0.9735775,0.0021920218,2353789,eclipsing_binary
1537.4900655796625,0.9665897,0.002188008,2353789,eclipsing_binary
1537.4914544600526,0.9742397,0.0021953136,2353789,eclipsing_binary
1537.4928433399768,0.97171587,0.0021900753,2353789,eclipsing_binary
1537.4942322199001,0.97159034,0.0021916768,2353789,eclipsing_binary
1537.4956210998237,0.9732569,0.0021921787,2353789,eclipsing_binary
1537.497009980214,0.9754873,0.0021920404,2353789,eclipsing_binary
1537.4983988601386,0.9760738,0.0021947913,2353789,eclipsing_binary
1537.4997877400622,0.97643125,0.0021939366,2353789,eclipsing_binary
1537.5011766199852,0.9758496,0.0021964533,2353789,eclipsing_binary
1537.5025654999095,0.9818537,0.0021985145,2353789,eclipsing_binary
1537.503954379834,0.9818005,0.002200591,2353789,eclipsing_binary
1537.505343259758,0.981556,0.002199095,2353789,eclipsing_binary
1537.5067321401473,0.9776615,0.0021986028,2353789,eclipsing_binary
1537.5081210200708,0.9820799,0.0021996761,2353789,eclipsing_binary
1537.5095098999948,0.9819562,0.0022000738,2353789,eclipsing_binary
1537.5108987799194,0.9847192,0.0022016459,2353789,eclipsing_binary
1537.5122876598437,0.987594,0.0022029965,2353789,eclipsing_binary
1537.5136765397667,0.98814416,0.0022040675,2353789,eclipsing_binary
1537.5150654196902,0.9934594,0.0022068184,2353789,eclipsing_binary
1537.516454299615,0.9886728,0.0022036226,2353789,eclipsing_binary
1537.5178431795396,0.9892859,0.0022038883,2353789,eclipsing_binary
1537.519232059463,0.99117035,0.002203525,2353789,eclipsing_binary
1537.5206209398518,0.99529,0.00220807,2353789,eclipsing_binary
1537.522009819776,0.9973184,0.002211429,2353789,eclipsing_binary
1537.5233986997007,0.9940652,0.002208569,2353789,eclipsing_binary
1537.5247875796247,0.9968174,0.0022101756,2353789,eclipsing_binary
1537.5261764595482,0.9987911,0.0022109495,2353789,eclipsing_binary
1537.5275653394717,0.9958149,0.0022102417,2353789,eclipsing_binary
1537.5289542193957,0.99678534,0.0022099635,2353789,eclipsing_binary
1537.5303430993204,0.9965476,0.0022092108,2353789,eclipsing_binary
1537.5317319792446,0.99964446,0.0022156315,2353789,eclipsing_binary
1537.5331208591676,0.9969589,0.0022091144,2353789,eclipsing_binary
1537.5345097390912,0.99720603,0.0022119812,2353789,eclipsing_binary
1537.5358986190158,0.9989671,0.0022117002,2353789,eclipsing_binary
1537.5372874984748,0.99886453,0.002211862,2353789,eclipsing_binary
1537.5386763783983,0.9961264,0.0022102052,2353789,eclipsing_binary
1537.5400652583216,0.994795,0.0022083388,2353789,eclipsing_binary
1537.5414541382459,0.9963432,0.0022108627,2353789,eclipsing_binary
1537.5428430181703,0.9966916,0.0022128448,2353789,eclipsing_binary
1537.5442318980943,0.99835086,0.00221229,2353789,eclipsing_binary
1537.5456207780178,0.99629164,0.0022107789,2353789,eclipsing_binary
1537.5470096579413,0.999158,0.0022117477,2353789,eclipsing_binary
1537.5483985378658,0.9953362,0.0022098846,2353789,eclipsing_binary
1537.5497874177906,0.9982364,0.0022116008,2353789,eclipsing_binary
1537.5511762977142,0.99510044,0.0022090683,2353789,eclipsing_binary
1537.5525651771716,0.99393594,0.0022093146,2353789,eclipsing_binary
1537.553954057095,0.9974123,0.0022109586,2353789,eclipsing_binary
1537.5553429370198,0.99827635,0.002212924,2353789,eclipsing_binary
1537.5567318169444,1.0021021,0.002214115,2353789,eclipsing_binary
1537.558120696868,0.996126,0.002211015,2353789,eclipsing_binary
1537.5595095767912,0.9961824,0.0022118546,2353789,eclipsing_binary
1537.5608984562498,0.99694747,0.002209431,2353789,eclipsing_binary
1537.5622873361742,0.99602026,0.0022103603,2353789,eclipsing_binary
1537.5636762160984,1.0001284,0.0022119745,2353789,eclipsing_binary
1537.5650650960217,0.9955798,0.0022100804,2353789,eclipsing_binary
1537.5664539759453,0.99691105,0.0022109612,2353789,eclipsing_binary
1537.567842855404,0.9956648,0.0022097481,2353789,eclipsing_binary
1537.569231735329,0.9975358,0.0022109987,2353789,eclipsing_binary
1537.5706206152524,1.0020853,0.0022145004,2353789,eclipsing_binary
1537.5720094951755,0.994565,0.0022109905,2353789,eclipsing_binary
1537.5733983746334,0.9999598,0.0022118606,2353789,eclipsing_binary
1537.5747872545583,0.9984371,0.0022113929,2353789,eclipsing_binary
1537.5761761344827,1.0001422,0.0022138257,2353789,eclipsing_binary
1537.5775650144062,1.0021667,0.0022149647,2353789,eclipsing_binary
1537.5789538938639,1.0011047,0.002213763,2353789,eclipsing_binary
1537.580342773788,0.9923337,0.0022079123,2353789,eclipsing_binary
1537.5817316537125,1.000537,0.0022127482,2353789,eclipsing_binary
1537.583120533171,1.0027822,0.0022152956,2353789,eclipsing_binary
1537.5845094130943,1.0002103,0.0022129514,2353789,eclipsing_binary
1537.5858982930179,0.9971421,0.00221094,2353789,eclipsing_binary
1537.5872871724769,1.0001837,0.0022147743,2353789,eclipsing_binary
1537.5886760524015,1.0006148,0.0022126914,2353789,eclipsing_binary
1537.590064932325,0.9978437,0.0022114594,2353789,eclipsing_binary
1537.5914538117825,0.99845123,0.0022110485,2353789,eclipsing_binary
1537.592842691706,0.9991838,0.0022124033,2353789,eclipsing_binary
1537.5942315716309,1.0017219,0.00221561,2353789,eclipsing_binary
1537.5956204510896,1.0010333,0.0022142713,2353789,eclipsing_binary
1537.5970093310132,0.9999151,0.0022118085,2353789,eclipsing_binary
1537.5983982109367,0.99636686,0.002210215,2353789,eclipsing_binary
1537.599787090395,1.00085,0.0022134567,2353789,eclipsing_binary
1537.6011759703194,0.9964169,0.0022108124,2353789,eclipsing_binary
1537.602564849778,0.99963427,0.0022133482,2353789,eclipsing_binary
1537.6039537297013,0.99587667,0.0022115607,2353789,eclipsing_binary
1537.6053426091592,0.9970724,0.002210634,2353789,eclipsing_binary
1537.6067314890838,0.9947771,0.0022109647,2353789,eclipsing_binary
1537.6081203685428,1.0009524,0.0022147594,2353789,eclipsing_binary
1537.6095092484663,0.998287,0.0022113058,2353789,eclipsing_binary
1537.6108981283894,0.99964035,0.0022144534,2353789,eclipsing_binary
1537.6122870078473,1.0014601,0.0022129868,2353789,eclipsing_binary
1537.6136758877722,1.001896,0.0022154562,2353789,eclipsing_binary
1537.615064767231,0.99631375,0.0022104979,2353789,eclipsing_binary
1537.6164536471545,0.996204,0.0022132415,2353789,eclipsing_binary
1537.6178425266123,1.0011793,0.0022145447,2353789,eclipsing_binary
1537.6192314065363,1.0014455,0.0022149717,2353789,eclipsing_binary
1537.6206202859953,0.99442655,0.0022085307,2353789,eclipsing_binary
1537.6220091654538,0.9991663,0.002214192,2353789,eclipsing_binary
1537.623398045377,0.999133,0.0022116783,2353789,eclipsing_binary
1537.6247869248348,0.99897075,0.0022125023,2353789,eclipsing_binary
1537.6261758047594,0.99827814,0.0022156134,2353789,eclipsing_binary
1537.6275646842184,0.998337,0.0022114571,2353789,eclipsing_binary
1537.628953564142,0.99737823,0.0022109465,2353789,eclipsing_binary
1537.6303424435996,0.9964729,0.0022109803,2353789,eclipsing_binary
1537.6317313230572,0.9996234,0.0022122175,2353789,eclipsing_binary
1537.6331202029821,1.0035399,0.0022149235,2353789,eclipsing_binary
1537.634509082441,1.0002962,0.0022130017,2353789,eclipsing_binary
1537.6358979623644,0.999638,0.002214876,2353789,eclipsing_binary
1537.6372868418223,0.99668,0.0022103798,2353789,eclipsing_binary
1537.6386757212806,0.9995281,0.0022127836,2353789,eclipsing_binary
1537.6400646012053,0.9965489,0.0022110792,2353789,eclipsing_binary
1537.6414534806638,0.99953955,0.0022129146,2353789,eclipsing_binary
1537.6428423601212,0.99818885,0.0022118818,2353789,eclipsing_binary
1537.6442312400447,0.9987185,0.0022125158,2353789,eclipsing_binary
1537.6456201195037,0.9982303,0.0022121023,2353789,eclipsing_binary
1537.6470089989627,0.9999659,0.0022125149,2353789,eclipsing_binary
1537.6483978788863,0.99605024,0.00221051,2353789,eclipsing_binary
1537.649786758344,1.0015794,0.0022135435,2353789,eclipsing_binary
1537.6511756378015,0.9995748,0.002213572,2353789,eclipsing_binary
1537.6525645177264,1.0002528,0.0022139305,2353789,eclipsing_binary
1537.6539533971854,1.0008754,0.0022146127,2353789,eclipsing_binary
1537.655342276643,1.0008986,0.002214362,2353789,eclipsing_binary
1537.656731156101,1.0007365,0.0022132157,2353789,eclipsing_binary
1537.6581200360254,1.0000765,0.002214626,2353789,eclipsing_binary
1537.6595089154846,1.001661,0.0022139861,2353789,eclipsing_binary
1537.6608977949425,1.0011884,0.0022134308,2353789,eclipsing_binary
1537.6622866743999,0.99627537,0.002211191,2353789,eclipsing_binary
1537.6636755543234,0.99837923,0.0022114762,2353789,eclipsing_binary
1537.6650644337824,0.9976515,0.0022127482,2353789,eclipsing_binary
1537.6664533132414,0.99783695,0.0022117004,2353789,eclipsing_binary
1537.6678421926993,1.0001364,0.0022149512,2353789,eclipsing_binary
1537.669231072157,0.9982893,0.002212141,2353789,eclipsing_binary
1537.6706199516145,1.0004823,0.002212677,2353789,eclipsing_binary
1537.6720088315394,0.99839944,0.0022126315,2353789,eclipsing_binary
1537.6733977109984,1.0030998,0.0022154693,2353789,eclipsing_binary
1537.674786590456,0.9995595,0.002212491,2353789,eclipsing_binary
1537.676175469914,0.9970052,0.0022102944,2353789,eclipsing_binary
1537.677564349373,1.0008844,0.0022126005,2353789,eclipsing_binary
1537.678953228832,0.9933176,0.002210844,2353789,eclipsing_binary
1537.6803421087554,1.0004069,0.0022128848,2353789,eclipsing_binary
1537.6817309882128,0.99654645,0.0022111346,2353789,eclipsing_binary
1537.6831198676707,1.0005704,0.002213429,2353789,eclipsing_binary
1537.68450874713,0.9986329,0.0022110415,2353789,eclipsing_binary
1537.6858976265887,1.0009536,0.0022144546,2353789,eclipsing_binary
1537.6872865060466,0.99705833,0.002212106,2353789,eclipsing_binary
1537.6886753855042,0.997475,0.0022102422,2353789,eclipsing_binary
1537.6900642649618,1.000344,0.0022121836,2353789,eclipsing_binary
1537.691453144421,1.0015178,0.0022148907,2353789,eclipsing_binary
1537.69284202388,0.9987944,0.0022149463,2353789,eclipsing_binary
1537.6942309033377,0.9952751,0.0022099065,2353789,eclipsing_binary
1537.6956197827956,1.0003929,0.0022129153,2353789,eclipsing_binary
1537.6970086622546,0.9993906,0.0022121447,2353789,eclipsing_binary
1537.6983975417136,0.9997998,0.002213364,2353789,eclipsing_binary
1537.6997864211714,1.0015818,0.0022144287,2353789,eclipsing_binary
1537.7011753006288,0.99761945,0.0022107125,2353789,eclipsing_binary
1537.7025641800867,0.99639946,0.002209888,2353789,eclipsing_binary
1537.703953059546,0.9999931,0.002212108,2353789,eclipsing_binary
1537.7053419390047,1.0016268,0.0022150744,2353789,eclipsing_binary
1537.7067308184626,0.9984612,0.0022112352,2353789,eclipsing_binary
1537.7081196979204,0.999432,0.0022120443,2353789,eclipsing_binary
1537.7095085773778,1.0016022,0.0022130753,2353789,eclipsing_binary
1537.710897456837,0.9984789,0.0022123058,2353789,eclipsing_binary
1537.7122863362963,1.0019379,0.0022143677,2353789,eclipsing_binary
1537.7136752157537,1.0012454,0.002213046,2353789,eclipsing_binary
1537.7150640952116,1.0023284,0.0022143624,2353789,eclipsing_binary
1537.7164529746706,1.004326,0.0022153277,2353789,eclipsing_binary
1537.7178418541296,1.00241,0.00221437,2353789,eclipsing_binary
1537.7192307335874,0.9982096,0.0022119326,2353789,eclipsing_binary
1537.7206196125792,1.001062,0.0022132378,2353789,eclipsing_binary
1537.722008492037,1.0001991,0.0022130578,2353789,eclipsing_binary
1537.7233973714963,1.0017513,0.0022130113,2353789,eclipsing_binary
1537.724786250955,0.99543715,0.0022097013,2353789,eclipsing_binary
1537.726175130413,0.99941015,0.0022123386,2353789,eclipsing_binary
1537.7275640098708,0.99591136,0.0022122227,2353789,eclipsing_binary
1537.7289528893282,0.9999149,0.0022124741,2353789,eclipsing_binary
1537.7303417683218,1.0039793,0.0022173477,2353789,eclipsing_binary
1537.731730647781,1.0048405,0.0022167317,2353789,eclipsing_binary
1537.7331195272384,1.0009221,0.0022124448,2353789,eclipsing_binary
1537.7345084066962,0.9994459,0.0022111922,2353789,eclipsing_binary
1537.7358972861553,0.997655,0.0022101717,2353789,eclipsing_binary
1537.7372861651486,1.0000335,0.00221417,2353789,eclipsing_binary
1537.7386750446065,0.9973744,0.0022120252,2353789,eclipsing_binary
1537.740063924064,1.0066174,0.0022191196,2353789,eclipsing_binary
1537.7414528035217,0.9982326,0.0022118583,2353789,eclipsing_binary
1537.7428416825153,0.9976719,0.0022098625,2353789,eclipsing_binary
1537.744230561974,0.9978615,0.0022105828,2353789,eclipsing_binary
1537.745619441432,1.0021871,0.002214505,2353789,eclipsing_binary
1537.7470083208898,0.9968496,0.0022119645,2353789,eclipsing_binary
1537.7483971998815,1.0015206,0.0022157365,2353789,eclipsing_binary
1537.7497860793408,1.0030316,0.0022146674,2353789,eclipsing_binary
1537.7511749588,1.0005472,0.0022134106,2353789,eclipsing_binary
1537.7525638382574,0.9973152,0.0022105572,2353789,eclipsing_binary
1537.7539527172496,1.0010778,0.0022128962,2353789,eclipsing_binary
1537.7553415967086,1.0000906,0.0022130543,2353789,eclipsing_binary
1537.7567304761676,0.99825567,0.0022104888,2353789,eclipsing_binary
1537.7581193551598,1.0022011,0.002216774,2353789,eclipsing_binary
1537.7595082346174,0.9981703,0.0022118706,2353789,eclipsing_binary
1537.760897114075,1.0039747,0.002215174,2353789,eclipsing_binary
1537.7622859930686,0.99886155,0.002210812,2353789,eclipsing_binary
1537.7636748725276,1.003238,0.002213798,2353789,eclipsing_binary
1537.7650637515196,1.002847,0.0022140283,2353789,eclipsing_binary
1537.7664526309775,1.0022992,0.002214258,2353789,eclipsing_binary
1537.767841510435,0.99946475,0.0022112313,2353789,eclipsing_binary
1537.7692303894285,1.0054557,0.002215965,2353789,eclipsing_binary
1537.7706192688877,1.0023285,0.0022143074,2353789,eclipsing_binary
1537.7720081478794,1.0019969,0.0022139652,2353789,eclipsing_binary
1537.7733970273373,1.0019383,0.0022134865,2353789,eclipsing_binary
1537.7747859067965,0.99773103,0.0022104916,2353789,eclipsing_binary
1537.7761747857896,0.9975987,0.0022113717,2353789,eclipsing_binary
1537.7775636652475,0.9991373,0.0022145899,2353789,eclipsing_binary
1537.7789525442395,1.0021614,0.0022133975,2353789,eclipsing_binary
1537.780341423697,1.0056006,0.0022160313,2353789,eclipsing_binary
1537.7817303026907,1.0022347,0.002214252,2353789,eclipsing_binary
1537.7831191821497,0.99948466,0.0022130085,2353789,eclipsing_binary
1537.7845080611417,1.0013317,0.0022144762,2353789,eclipsing_binary
1537.7858969405995,1.0008665,0.0022136325,2353789,eclipsing_binary
1537.7872858195913,1.0045253,0.002215928,2353789,eclipsing_binary
1537.7886746990505,0.99721324,0.0022109807,2353789,eclipsing_binary
1537.790063578044,0.99991775,0.0022132378,2353789,eclipsing_binary
1537.7914524575015,1.0018556,0.0022148245,2353789,eclipsing_binary
1537.7928413364937,1.0009701,0.002213033,2353789,eclipsing_binary
1537.794230215953,0.9986951,0.0022126818,2353789,eclipsing_binary
1537.795619094946,1.0023847,0.0022139393,2353789,eclipsing_binary
1537.7970079739382,0.9972362,0.0022116732,2353789,eclipsing_binary
1537.798396853396,1.0004433,0.0022139996,2353789,eclipsing_binary
1537.7997857323878,0.99698144,0.0022113186,2353789,eclipsing_binary
1537.801174611847,1.0002544,0.0022117114,2353789,eclipsing_binary
1537.8025634908404,1.000845,0.0022126797,2353789,eclipsing_binary
1537.803952370298,0.9993299,0.0022119947,2353789,eclipsing_binary
1537.8053412492902,1.0029855,0.0022143614,2353789,eclipsing_binary
1537.8067301282822,0.99983674,0.0022117614,2353789,eclipsing_binary
1537.8081190077412,1.0028335,0.002214406,2353789,eclipsing_binary
1537.8095078867348,1.0014625,0.0022137384,2353789,eclipsing_binary
1537.8108967657265,1.0022374,0.0022142038,2353789,eclipsing_binary
1537.8122856451844,1.0030003,0.0022138362,2353789,eclipsing_binary
1537.813674524178,1.0016559,0.00221274,2353789,eclipsing_binary
1537.815063403171,1.002841,0.002214603,2353789,eclipsing_binary
1537.816452282629,1.0048031,0.0022150157,2353789,eclipsing_binary
1537.8178411616211,1.0032668,0.0022157724,2353789,eclipsing_binary
1537.8192300406129,1.000761,0.002211462,2353789,eclipsing_binary
1537.820618920072,0.997716,0.0022133286,2353789,eclipsing_binary
1537.8220077990657,1.003495,0.0022163237,2353789,eclipsing_binary
1537.8233966780574,0.9999231,0.0022136995,2353789,eclipsing_binary
1537.8247855570496,1.0014925,0.002216768,2353789,eclipsing_binary
1537.8261744365072,1.004784,0.0022155507,2353789,eclipsing_binary
1537.8275633155006,1.001698,0.002217003,2353789,eclipsing_binary
1537.8289521944941,1.0015887,0.002214231,2353789,eclipsing_binary
1537.8303410734861,0.9995726,0.0022120723,2353789,eclipsing_binary
1537.8317299529438,0.99927205,0.002213357,2353789,eclipsing_binary
1537.8331188319373,1.000352,0.0022124771,2353789,eclipsing_binary
1537.8345077109304,0.99847406,0.0022110932,2353789,eclipsing_binary
1537.8358965899226,1.0073719,0.0022168614,2353789,eclipsing_binary
1537.8372854689148,1.0029835,0.0022152984,2353789,eclipsing_binary
1537.8386743483723,1.0045931,0.0022163251,2353789,eclipsing_binary
1537.8400632273658,1.0032011,0.0022156418,2353789,eclipsing_binary
1537.8414521063594,1.0010723,0.002212948,2353789,eclipsing_binary
1537.8428409853511,1.0041654,0.0022163996,2353789,eclipsing_binary
1537.8442298643433,1.000052,0.0022135617,2353789,eclipsing_binary
1537.8456187433353,0.9992286,0.0022118483,2353789,eclipsing_binary
1537.8470076227943,1.0032719,0.0022149466,2353789,eclipsing_binary
1537.8483965017879,1.0035264,0.0022131004,2353789,eclipsing_binary
1537.8497853807798,1.0025125,0.0022157652,2353789,eclipsing_binary
1537.8511742597718,0.9983261,0.0022111787,2353789,eclipsing_binary
1537.8525631387654,0.99890935,0.002211811,2353789,eclipsing_binary
1537.8539520177587,1.0033063,0.002214245,2353789,eclipsing_binary
1537.8553408967507,1.0002573,0.0022141181,2353789,eclipsing_binary
1537.856729775743,1.0013506,0.0022130678,2353789,eclipsing_binary
1537.8581186547347,0.999719,0.0022135554,2353789,eclipsing_binary
1537.8595075337282,1.0031722,0.002214758,2353789,eclipsing_binary
1537.8608964131874,0.99896675,0.0022119333,2353789,eclipsing_binary
1537.8622852921792,1.003777,0.0022155,2353789,eclipsing_binary
1537.8636741711714,1.0029703,0.0022135426,2353789,eclipsing_binary
1537.8650630501634,1.0008085,0.0022133451,2353789,eclipsing_binary
1537.8664519291567,1.0024637,0.0022145838,2353789,eclipsing_binary
1537.8678408081503,1.0020374,0.0022123843,2353789,eclipsing_binary
1537.8692296871423,1.000606,0.0022120143,2353789,eclipsing_binary
1537.8706185661342,1.0031557,0.0022151424,2353789,eclipsing_binary
1537.8720074451278,1.004836,0.0022161582,2353789,eclipsing_binary
1537.8733963241211,1.0014248,0.0022141384,2353789,eclipsing_binary
1537.874785203113,1.005123,0.0022171848,2353789,eclipsing_binary
1537.8761740821053,1.0056179,0.0022174958,2353789,eclipsing_binary
1537.877562961097,1.0026623,0.002214869,2353789,eclipsing_binary
1537.878951839625,1.0031086,0.0022152436,2353789,eclipsing_binary
1537.8803407186185,1.0031298,0.0022148844,2353789,eclipsing_binary
1537.8817295976103,1.0001335,0.0022152294,2353789,eclipsing_binary
1537.8831184766025,1.0002689,0.0022126958,2353789,eclipsing_binary
1537.8845073555947,1.0046124,0.0022157745,2353789,eclipsing_binary
1537.8858962345878,1.0030661,0.0022147044,2353789,eclipsing_binary
1537.8872851135814,1.0019757,0.0022143552,2353789,eclipsing_binary
1537.8886739925733,0.9996482,0.002214428,2353789,eclipsing_binary
1537.8900628715653,1.006541,0.0022176898,2353789,eclipsing_binary
1537.8914517505589,1.0050364,0.0022158693,2353789,eclipsing_binary
1537.8928406295522,1.0024173,0.0022128976,2353789,eclipsing_binary
1537.8942295080785,1.0033294,0.002215256,2353789,eclipsing_binary
1537.8956183870707,0.9987893,0.0022132595,2353789,eclipsing_binary
1537.8970072660625,1.001783,0.0022145824,2353789,eclipsing_binary
1537.898396145056,1.0050223,0.0022170355,2353789,eclipsing_binary
1537.8997850240496,1.002792,0.0022141251,2353789,eclipsing_binary
1537.9011739030414,1.0069466,0.002217617,2353789,eclipsing_binary
1537.902562781568,0.9993923,0.002211849,2353789,eclipsing_binary
1537.90395166056,1.0010558,0.0022135791,2353789,eclipsing_binary
1537.9053405395532,0.9999333,0.002213489,2353789,eclipsing_binary
1537.9067294185468,1.0009851,0.0022144397,2353789,eclipsing_binary
1537.908118297539,1.0037942,0.0022151936,2353789,eclipsing_binary
1537.909507176065,1.003643,0.0022141233,2353789,eclipsing_binary
1537.9108960550577,0.99954504,0.0022107512,2353789,eclipsing_binary
1537.9122849340513,1.0002216,0.002212521,2353789,eclipsing_binary
1537.913673813044,1.0021927,0.0022130944,2353789,eclipsing_binary
1537.9150626915705,0.99993783,0.0022140625,2353789,eclipsing_binary
1537.9164515705625,1.0000849,0.0022130655,2353789,eclipsing_binary
1537.9178404495558,1.0027155,0.0022146944,2353789,eclipsing_binary
1537.9192293280837,1.0018654,0.0022134846,2353789,eclipsing_binary
1537.9206182070754,1.0035042,0.0022166441,2353789,eclipsing_binary
1537.9220070860677,1.0044076,0.0022163962,2353789,eclipsing_binary
1537.9233959645942,1.0021857,0.0022137414,2353789,eclipsing_binary
1537.9247848435873,1.0012418,0.0022136997,2353789,eclipsing_binary
1537.9261737225809,1.0034308,0.00221488,2353789,eclipsing_binary
1537.9275626011074,0.9960313,0.0022094168,2353789,eclipsing_binary
1537.9289514800992,1.0025424,0.0022157228,2353789,eclipsing_binary
1537.9303403590918,0.9995955,0.0022103589,2353789,eclipsing_binary
1537.9317292376197,1.0022874,0.0022131628,2353789,eclipsing_binary
1537.9331181166124,0.99902713,0.00221331,2353789,eclipsing_binary
1537.9345069956046,1.0035843,0.0022165233,2353789,eclipsing_binary
1537.935895874131,1.0031476,0.0022176914,2353789,eclipsing_binary
1537.9372847531242,1.0044333,0.0022167622,2353789,eclipsing_binary
1537.9386736316521,1.0029237,0.0022153321,2353789,eclipsing_binary
1537.940062510644,1.0013915,0.0022143077,2353789,eclipsing_binary
1537.941451389636,1.0019265,0.0022133677,2353789,eclipsing_binary
1537.9428402681626,1.0073824,0.0022181636,2353789,eclipsing_binary
1537.9442291471557,1.0031255,0.0022138986,2353789,eclipsing_binary
1537.9456180256836,1.0003073,0.002213188,2353789,eclipsing_binary
1537.9470069046758,1.0043021,0.0022149924,2353789,eclipsing_binary
1537.948395783202,1.004344,0.0022168597,2353789,eclipsing_binary
1537.9497846621948,1.0052439,0.002219586,2353789,eclipsing_binary
1537.9511735407225,1.0047761,0.0022167293,2353789,eclipsing_binary
1537.9525624197152,1.0047243,0.002216785,2353789,eclipsing_binary
1537.9539512982417,1.0006524,0.0022137505,2353789,eclipsing_binary
1537.9553401772337,1.005368,0.0022175517,2353789,eclipsing_binary
1537.9567290557613,1.005242,0.0022170378,2353789,eclipsing_binary
1537.958117934755,1.0035657,0.0022151156,2353789,eclipsing_binary
1537.9595068132812,1.003871,0.0022149573,2353789,eclipsing_binary
1537.9608956922732,1.006212,0.0022185692,2353789,eclipsing_binary
1537.9622845707997,0.99958014,0.0022138353,2353789,eclipsing_binary
1537.963673449793,1.0024797,0.0022142145,2353789,eclipsing_binary
1537.9650623283208,1.0043827,0.002215664,2353789,eclipsing_binary
1537.966451207313,1.0020791,0.0022147973,2353789,eclipsing_binary
1537.967840085839,1.0011427,0.002214245,2353789,eclipsing_binary
1537.9692289643663,1.0033187,0.002216017,2353789,eclipsing_binary
1537.9706178433596,1.0017722,0.0022141591,2353789,eclipsing_binary
1537.9720067218866,1.0054026,0.0022175661,2353789,eclipsing_binary
1537.9733956008788,1.0034105,0.0022146278,2353789,eclipsing_binary
1537.9747844794053,1.0011687,0.0022144534,2353789,eclipsing_binary
1537.9761733579328,1.0045265,0.0022160315,2353789,eclipsing_binary
1537.9775622369264,1.0002797,0.0022099593,2353789,eclipsing_binary
1537.9789511154527,0.9991047,0.002211728,2353789,eclipsing_binary
1537.980339993979,1.0040498,0.0022159764,2353789,eclipsing_binary
1537.9817288729712,0.9998502,0.0022134844,2353789,eclipsing_binary
1537.9831177514989,1.0042813,0.002214703,2353789,eclipsing_binary
1537.9845066300265,1.0006049,0.0022137184,2353789,eclipsing_binary
1537.9858955090187,1.001533,0.002214704,2353789,eclipsing_binary
1537.9872843875448,1.006397,0.0022183487,2353789,eclipsing_binary
1537.988673266072,1.0062331,0.0022166,2353789,eclipsing_binary
1537.9900621450654,1.0008773,0.0022153694,2353789,eclipsing_binary
1537.9914510235924,1.0059538,0.0022168262,2353789,eclipsing_binary
1537.992839902119,1.00409,0.0022157382,2353789,eclipsing_binary
1537.9942287806455,0.99858356,0.0022111058,2353789,eclipsing_binary
1537.9956176596386,1.0036935,0.0022157063,2353789,eclipsing_binary
1537.9970065381665,1.0013522,0.0022144415,2353789,eclipsing_binary
1537.998395416693,1.0045556,0.002217066,2353789,eclipsing_binary
1537.9997842952191,1.004537,0.0022137095,2353789,eclipsing_binary
1538.0011731742113,1.0049782,0.0022159917,2353789,eclipsing_binary
1538.002562052739,1.0009239,0.0022159747,2353789,eclipsing_binary
1538.0039509312667,1.0019201,0.0022128737,2353789,eclipsing_binary
1538.0053398097932,1.0058132,0.002218345,2353789,eclipsing_binary
1538.0067286883193,1.0021213,0.002215211,2353789,eclipsing_binary
1538.0081175673122,1.0028245,0.002216341,2353789,eclipsing_binary
1538.0095064458399,1.0037813,0.0022164998,2353789,eclipsing_binary
1538.0108953243669,1.0056221,0.0022165652,2353789,eclipsing_binary
1538.0122842028934,1.0014876,0.0022144723,2353789,eclipsing_binary
1538.01367308142,1.0016218,0.002216237,2353789,eclipsing_binary
1538.0150619599474,1.0009065,0.0022136217,2353789,eclipsing_binary
1538.0164508384753,1.0042964,0.0022177994,2353789,eclipsing_binary
1538.0178397174675,1.0082058,0.0022190886,2353789,eclipsing_binary
1538.0192285959936,1.00008,0.0022115288,2353789,eclipsing_binary
1538.0206174745201,1.0056379,0.0022149945,2353789,eclipsing_binary
1538.0220063530478,1.0062562,0.002217473,2353789,eclipsing_binary
1538.0233952315755,1.0064187,0.0022166607,2353789,eclipsing_binary
1538.024784110102,0.9980982,0.002211589,2353789,eclipsing_binary
1538.0261729886283,1.0058165,0.0022168104,2353789,eclipsing_binary
1538.0275618671556,1.004186,0.0022155996,2353789,eclipsing_binary
1538.028950745683,1.002901,0.002217671,2353789,eclipsing_binary
1538.03033962421,1.0031943,0.0022165729,2353789,eclipsing_binary
1538.0317285027365,1.0064634,0.0022165785,2353789,eclipsing_binary
1538.033117381263,1.0018594,0.002215182,2353789,eclipsing_binary
1538.03450625979,1.0010706,0.0022132332,2353789,eclipsing_binary
1538.0358951383178,1.001612,0.0022136234,2353789,eclipsing_binary
1538.037284016845,1.0007414,0.0022152003,2353789,eclipsing_binary
1538.038672895371,0.9998428,0.0022134816,2353789,eclipsing_binary
1538.0400617738976,1.0029123,0.0022163712,2353789,eclipsing_binary
1538.0414506524253,0.9985178,0.0022109018,2353789,eclipsing_binary
1538.042839530953,0.9996152,0.0022123351,2353789,eclipsing_binary
1538.0442284094795,1.0002288,0.0022133142,2353789,eclipsing_binary
1538.0456172880058,0.999927,0.0022134972,2353789,eclipsing_binary
1538.047006166533,1.0055989,0.0022162304,2353789,eclipsing_binary
1538.0483950450605,1.0018799,0.0022154232,2353789,eclipsing_binary
1538.0497839235877,1.000468,0.0022128026,2353789,eclipsing_binary
1538.051172802114,1.0019058,0.002213328,2353789,eclipsing_binary
1538.0525616806406,0.9994126,0.0022125551,2353789,eclipsing_binary
1538.0539505591676,1.0031569,0.0022141268,2353789,eclipsing_binary
1538.0553394376952,0.99939007,0.0022120639,2353789,eclipsing_binary
1538.0567283162225,1.0010735,0.0022135812,2353789,eclipsing_binary
1538.0581171942829,1.0077878,0.0022178725,2353789,eclipsing_binary
1538.0595060728094,1.0050536,0.0022164932,2353789,eclipsing_binary
1538.0608949513373,0.998844,0.0022138471,2353789,eclipsing_binary
1538.0622838298648,0.99819434,0.002213166,2353789,eclipsing_binary
1538.0636727083913,1.002476,0.0022135328,2353789,eclipsing_binary
1538.0650615869176,0.9981286,0.0022107852,2353789,eclipsing_binary
1538.0664504649792,1.0004132,0.002209997,2353789,eclipsing_binary
1538.0678393435066,1.0026894,0.0022170015,2353789,eclipsing_binary
1538.0692282220339,1.0018662,0.002214601,2353789,eclipsing_binary
1538.0706171005602,0.9995313,0.0022131007,2353789,eclipsing_binary
1538.0720059790867,1.0014691,0.0022141547,2353789,eclipsing_binary
1538.073394857148,1.0049562,0.0022168953,2353789,eclipsing_binary
1538.074783735676,1.0031012,0.00221532,2353789,eclipsing_binary
1538.076172614203,1.0018181,0.0022150578,2353789,eclipsing_binary
1538.077561492729,1.0033737,0.0022143621,2353789,eclipsing_binary
1538.0789503712556,1.0034245,0.0022141715,2353789,eclipsing_binary
1538.0803392493178,1.0008521,0.0022138886,2353789,eclipsing_binary
1538.0817281278453,1.0045158,0.0022153032,2353789,eclipsing_binary
1538.0831170063718,1.0014974,0.0022140434,2353789,eclipsing_binary
1538.0845058844327,1.000777,0.0022125468,2353789,eclipsing_binary
1538.0858947629597,1.0059727,0.0022175363,2353789,eclipsing_binary
1538.0872836414871,0.9964379,0.0022095572,2353789,eclipsing_binary
1538.0886725200144,1.002684,0.0022133626,2353789,eclipsing_binary
1538.090061398075,0.9988255,0.0022133337,2353789,eclipsing_binary
1538.0914502766016,1.0030984,0.0022144367,2353789,eclipsing_binary
1538.0928391551286,0.9997165,0.0022110066,2353789,eclipsing_binary
1538.0942280331908,0.9986254,0.0022115072,2353789,eclipsing_binary
1538.0956169117178,0.9999814,0.0022148234,2353789,eclipsing_binary
1538.0970057902439,1.0030942,0.0022151622,2353789,eclipsing_binary
1538.0983946683048,1.003706,0.0022153503,2353789,eclipsing_binary
1538.0997835468318,0.9985788,0.0022103617,2353789,eclipsing_binary
1538.101172424894,1.0055227,0.0022177366,2353789,eclipsing_binary
1538.102561303421,1.0041605,0.0022162178,2353789,eclipsing_binary
1538.1039501819475,0.9986027,0.0022116478,2353789,eclipsing_binary
1538.105339060008,0.9987596,0.0022129111,2353789,eclipsing_binary
1538.1067279385359,1.0001478,0.0022127226,2353789,eclipsing_binary
1538.108116816598,1.0047567,0.0022160525,2353789,eclipsing_binary
1538.1095056951242,1.0014819,0.0022128415,2353789,eclipsing_binary
1538.1108945736507,1.0034437,0.0022130345,2353789,eclipsing_binary
1538.112283451712,1.0037069,0.0022166811,2353789,eclipsing_binary
1538.11367233024,1.001983,0.0022133538,2353789,eclipsing_binary
1538.1150612083013,1.0064824,0.0022176276,2353789,eclipsing_binary
1538.1164500868276,1.0053703,0.002216515,2353789,eclipsing_binary
1538.1178389648883,1.0017885,0.0022122965,2353789,eclipsing_binary
1538.1192278434153,1.000619,0.0022143978,2353789,eclipsing_binary
1538.1206167214775,1.0001243,0.0022126085,2353789,eclipsing_binary
1538.1220056000045,0.99932295,0.002210762,2353789,eclipsing_binary
1538.1233944780654,1.0042691,0.0022186022,2353789,eclipsing_binary
1538.1247833565924,1.0006932,0.0022138546,2353789,eclipsing_binary
1538.1261722346544,1.0012642,0.0022159216,2353789,eclipsing_binary
1538.1275611131816,1.0054682,0.0022161885,2353789,eclipsing_binary
1538.128949991242,1.0008018,0.0022119957,2353789,eclipsing_binary
1538.130338869303,1.0013034,0.0022135396,2353789,eclipsing_binary
1538.13172774783,1.0022805,0.0022132576,2353789,eclipsing_binary
1538.1331166258922,0.99997234,0.0022132404,2353789,eclipsing_binary
1538.1345055044192,0.99903494,0.0022113207,2353789,eclipsing_binary
1538.1358943824798,1.000891,0.0022142734,2353789,eclipsing_binary
1538.1372832610061,1.0019668,0.0022146283,2353789,eclipsing_binary
1538.1386721390675,1.0031643,0.0022134634,2353789,eclipsing_binary
1538.1400610171297,1.0004861,0.0022148148,2353789,eclipsing_binary
1538.1414498956567,1.0037543,0.002216496,2353789,eclipsing_binary
1538.1428387737176,1.0038626,0.0022147424,2353789,eclipsing_binary
1538.144227651778,1.0052245,0.0022198588,2353789,eclipsing_binary
1538.145616530306,1.0023834,0.002214121,2353789,eclipsing_binary
1538.1470054083682,1.001687,0.0022129223,2353789,eclipsing_binary
1538.1483942864286,1.000417,0.002211897,2353789,eclipsing_binary
1538.1497831649551,1.0005316,0.0022111856,2353789,eclipsing_binary
1538.1511720430165,1.0011482,0.0022127437,2353789,eclipsing_binary
1538.1525609210787,0.9991945,0.0022118804,2353789,eclipsing_binary
1538.1539497996057,1.001357,0.0022146795,2353789,eclipsing_binary
1538.1553386776664,1.0031608,0.0022154134,2353789,eclipsing_binary
1538.156727555727,0.9987716,0.0022093654,2353789,eclipsing_binary
1538.158116434254,1.004466,0.0022170988,2353789,eclipsing_binary
1538.1595053123162,1.0011317,0.0022130648,2353789,eclipsing_binary
1538.1608941903776,0.9997629,0.0022104087,2353789,eclipsing_binary
1538.1622830684385,0.99919134,0.0022111216,2353789,eclipsing_binary
1538.1636719469645,0.99708927,0.0022103058,2353789,eclipsing_binary
1538.165060825026,1.0026295,0.0022129472,2353789,eclipsing_binary
1538.1664497030881,1.0005791,0.002212938,2353789,eclipsing_binary
1538.1678385811495,0.9989607,0.0022161573,2353789,eclipsing_binary
1538.1692274592103,0.9987124,0.0022142471,2353789,eclipsing_binary
1538.1706163377373,1.0013587,0.0022139251,2353789,eclipsing_binary
1538.1720052157996,0.99973804,0.0022134446,2353789,eclipsing_binary
1538.173394093861,0.99937207,0.0022128131,2353789,eclipsing_binary
1538.1747829719216,1.0035886,0.0022140762,2353789,eclipsing_binary
1538.1761718499822,1.000914,0.0022145624,2353789,eclipsing_binary
1538.1775607285092,1.0014495,0.0022123517,2353789,eclipsing_binary
1538.1789496065715,1.0016581,0.0022143156,2353789,eclipsing_binary
1538.1803384846328,1.002882,0.002213728,2353789,eclipsing_binary
1538.1817273626937,1.0026472,0.002213576,2353789,eclipsing_binary
1538.183116240754,0.9990889,0.0022123687,2353789,eclipsing_binary
1538.1845051188157,0.99707633,0.002211199,2353789,eclipsing_binary
1538.1858939968777,0.9958859,0.0022083994,2353789,eclipsing_binary
1538.187282874939,1.0008434,0.0022115882,2353789,eclipsing_binary
1538.1886717529999,1.0001643,0.0022137447,2353789,eclipsing_binary
1538.1900606315269,1.0017122,0.0022157782,2353789,eclipsing_binary
1538.1914495095891,1.0010558,0.002213194,2353789,eclipsing_binary
1538.1928383876505,0.99749637,0.0022104525,2353789,eclipsing_binary
1538.1942272657113,1.0010067,0.0022109337,2353789,eclipsing_binary
1538.1956161437718,0.99618036,0.002209087,2353789,eclipsing_binary
1538.197005021833,0.99944645,0.0022121186,2353789,eclipsing_binary
1538.1983938998953,0.99488235,0.0022075963,2353789,eclipsing_binary
1538.1997827779567,0.99711144,0.00220928,2353789,eclipsing_binary
1538.2011716560176,0.99794436,0.0022114534,2353789,eclipsing_binary
1538.2025605340782,1.000055,0.0022164662,2353789,eclipsing_binary
1538.2039494121398,1.0033364,0.0022146334,2353789,eclipsing_binary
1538.2053382902016,1.0006753,0.0022124653,2353789,eclipsing_binary
1538.206727168263,0.99761754,0.0022113177,2353789,eclipsing_binary
1538.2081160463238,0.9970072,0.0022110322,2353789,eclipsing_binary
1538.209504924385,1.0036329,0.0022160872,2353789,eclipsing_binary
1538.2108938024464,0.99901,0.002209669,2353789,eclipsing_binary
1538.212282680508,0.997418,0.002212299,2353789,eclipsing_binary
1538.2136715585696,0.9997398,0.0022139463,2353789,eclipsing_binary
1538.21506043663,1.0006354,0.0022129398,2353789,eclipsing_binary
1538.2164493142259,1.0008664,0.0022119905,2353789,eclipsing_binary
1538.217838192288,1.0003595,0.0022131011,2353789,eclipsing_binary
1538.2192270703492,0.99825627,0.002209395,2353789,eclipsing_binary
1538.22061594841,1.000759,0.0022128623,2353789,eclipsing_binary
1538.2220048264708,1.0117686,0.0022209752,2353789,eclipsing_binary
1538.2233937045323,1.0006907,0.002211716,2353789,eclipsing_binary
1538.2247825825941,0.9997596,0.002213546,2353789,eclipsing_binary
1538.2261714606557,1.0029417,0.0022156932,2353789,eclipsing_binary
1538.2275603387163,0.99843985,0.0022108874,2353789,eclipsing_binary
1538.228949216312,0.99992186,0.0022116029,2353789,eclipsing_binary
1538.2303380943733,1.0001056,0.002214124,2353789,eclipsing_binary
1538.231726972435,0.9995368,0.002211059,2353789,eclipsing_binary
1538.2331158504965,0.9967493,0.0022081549,2353789,eclipsing_binary
1538.2345047285569,1.0013272,0.0022123214,2353789,eclipsing_binary
1538.2358936061528,1.0025762,0.0022144392,2353789,eclipsing_binary
1538.2372824842148,0.99966717,0.002213131,2353789,eclipsing_binary
1538.2386713622761,0.9994042,0.0022116613,2353789,eclipsing_binary
1538.240060240337,0.9976248,0.0022111868,2353789,eclipsing_binary
1538.2414491183977,1.0016769,0.002213864,2353789,eclipsing_binary
1538.2428379959936,0.99985117,0.0022109656,2353789,eclipsing_binary
1538.2442268740554,1.0012714,0.0022141892,2353789,eclipsing_binary
1538.245615752117,1.0013831,0.002213428,2353789,eclipsing_binary
1538.2470046301776,0.998808,0.0022103847,2353789,eclipsing_binary
1538.2483935077732,0.99899846,0.0022121368,2353789,eclipsing_binary
1538.2497823858346,1.0007539,0.002212338,2353789,eclipsing_binary
1538.2511712638961,1.0007366,0.0022107165,2353789,eclipsing_binary
1538.252560141492,0.9994438,0.0022126888,2353789,eclipsing_binary
1538.2539490195525,1.000352,0.0022129554,2353789,eclipsing_binary
1538.255337897614,0.9986288,0.002212583,2353789,eclipsing_binary
1538.2567267752104,0.9992874,0.0022112664,2353789,eclipsing_binary
1538.2581156532717,0.99836063,0.002210421,2353789,eclipsing_binary
1538.2595045313326,0.99586856,0.0022090632,2353789,eclipsing_binary
1538.2608934089278,0.99696195,0.0022092832,2353789,eclipsing_binary
1538.2622822869891,1.0000477,0.0022116255,2353789,eclipsing_binary
1538.263671165051,0.9981229,0.0022105884,2353789,eclipsing_binary
1538.2650600426468,0.99822176,0.0022105642,2353789,eclipsing_binary
1538.2664489207075,1.0035412,0.002215339,2353789,eclipsing_binary
1538.2678377987688,0.9969787,0.0022097297,2353789,eclipsing_binary
1538.2692266763647,0.99759156,0.0022119011,2353789,eclipsing_binary
1538.2706155544263,0.99816275,0.0022122816,2353789,eclipsing_binary
1538.272004432022,0.9980304,0.0022122923,2353789,eclipsing_binary
1538.2733933100824,0.9965968,0.0022093742,2353789,eclipsing_binary
1538.2747821876783,1.0038387,0.0022159675,2353789,eclipsing_binary
1538.2761710657398,0.9996797,0.0022122653,2353789,eclipsing_binary
1538.2775599438012,1.0002718,0.0022133142,2353789,eclipsing_binary
1538.2789488213969,0.99900824,0.0022131135,2353789,eclipsing_binary
1538.2803376994577,1.0024334,0.0022138823,2353789,eclipsing_binary
1538.2817265770534,0.99971133,0.002211911,2353789,eclipsing_binary
1538.2831154551154,0.9993638,0.002212167,2353789,eclipsing_binary
1538.2845043327113,0.99683195,0.0022107076,2353789,eclipsing_binary
1538.2858932107717,1.000312,0.0022150495,2353789,eclipsing_binary
1538.2872820883674,1.0021149,0.0022140497,2353789,eclipsing_binary
1538.288670966429,1.0007898,0.0022116594,2353789,eclipsing_binary
1538.2900598440249,1.0024612,0.002214077,2353789,eclipsing_binary
1538.2914487220862,1.0018634,0.002214982,2353789,eclipsing_binary
1538.2928375996812,0.99901676,0.0022119281,2353789,eclipsing_binary
1538.294226477277,1.0014583,0.002212822,2353789,eclipsing_binary
1538.2956153553384,1.0040519,0.0022167077,2353789,eclipsing_binary
1538.2970042329341,0.9970824,0.0022122567,2353789,eclipsing_binary
1538.2983931109954,0.9986852,0.0022120737,2353789,eclipsing_binary
1538.2997819885907,0.99892503,0.0022115223,2353789,eclipsing_binary
1538.301170866652,1.0016104,0.0022127915,2353789,eclipsing_binary
1538.3025597442477,1.0009465,0.0022134075,2353789,eclipsing_binary
1538.3039486218433,0.9969729,0.0022097921,2353789,eclipsing_binary
1538.3053374999047,1.0013535,0.0022127195,2353789,eclipsing_binary
1538.3067263775004,1.002116,0.002213292,2353789,eclipsing_binary
1538.3081152550963,0.9932941,0.002207104,2353789,eclipsing_binary
1538.3095041331578,0.9987068,0.0022104373,2353789,eclipsing_binary
1538.3108930107535,0.99652827,0.0022089828,2353789,eclipsing_binary
1538.3122818883485,0.9970781,0.0022105658,2353789,eclipsing_binary
1538.31367076641,0.99817204,0.0022099598,2353789,eclipsing_binary
1538.3150596440057,0.9980966,0.0022108108,2353789,eclipsing_binary
1538.3164485216014,0.99751276,0.0022109838,2353789,eclipsing_binary
1538.3178373996627,0.99494296,0.0022080757,2353789,eclipsing_binary
1538.319226277258,0.99649954,0.0022090843,2353789,eclipsing_binary
1538.3206151548536,0.9941292,0.0022080676,2353789,eclipsing_binary
1538.322004032915,0.99670285,0.0022097824,2353789,eclipsing_binary
1538.3233929105106,0.996543,0.0022111305,2353789,eclipsing_binary
1538.3247817881063,1.0004734,0.0022125868,2353789,eclipsing_binary
1538.3261706657022,0.99446106,0.0022095372,2353789,eclipsing_binary
1538.3275595437638,1.0001969,0.0022119784,2353789,eclipsing_binary
1538.3289484213594,0.9927807,0.0022073106,2353789,eclipsing_binary
1538.330337298955,0.99878055,0.002210466,2353789,eclipsing_binary
1538.33172617655,0.9925427,0.0022042033,2353789,eclipsing_binary
1538.333115054146,0.99418145,0.0022074284,2353789,eclipsing_binary
1538.3345039322073,0.99919754,0.002211511,2353789,eclipsing_binary
1538.335892809803,0.9977423,0.0022116045,2353789,eclipsing_binary
1538.3372816873987,1.0009412,0.0022130737,2353789,eclipsing_binary
1538.338670564994,1.0009696,0.002213953,2353789,eclipsing_binary
1538.3400594425896,0.9971468,0.0022086855,2353789,eclipsing_binary
1538.3414483201852,0.9965066,0.0022096906,2353789,eclipsing_binary
1538.3428371982466,1.0096899,0.0022184283,2353789,eclipsing_binary
1538.3442260758422,0.99593693,0.0022084243,2353789,eclipsing_binary
1538.3456149534381,0.99557877,0.0022095253,2353789,eclipsing_binary
1538.347003831034,1.0000731,0.0022120802,2353789,eclipsing_binary
1538.3483927086288,1.0028074,0.0022134162,2353789,eclipsing_binary
1538.3497815862245,0.9990758,0.002211516,2353789,eclipsing_binary
1538.3511704638204,0.9981719,0.0022090755,2353789,eclipsing_binary
1538.3525593414163,0.99987,0.0022119298,2353789,eclipsing_binary
1538.353948219012,0.99940586,0.0022128813,2353789,eclipsing_binary
1538.3553370970733,1.0043275,0.0022146439,2353789,eclipsing_binary
1538.356725974669,0.99526715,0.002209451,2353789,eclipsing_binary
1538.3581148522642,1.0000237,0.0022096173,2353789,eclipsing_binary
1538.3595037298599,0.9995408,0.002211932,2353789,eclipsing_binary
1538.3608926074555,1.0009558,0.002213224,2353789,eclipsing_binary
1538.3622814850512,0.99397445,0.002204285,2353789,eclipsing_binary
1538.3636703626469,0.999182,0.0022125829,2353789,eclipsing_binary
1538.3650592402428,0.99917305,0.0022121153,2353789,eclipsing_binary
1538.3664481178387,0.99995184,0.0022116848,2353789,eclipsing_binary
1538.3678369954334,0.99921995,0.0022111165,2353789,eclipsing_binary
1538.3692258730293,1.0028088,0.0022128988,2353789,eclipsing_binary
1538.3706147506252,0.99655044,0.0022078487,2353789,eclipsing_binary
1538.372003628221,1.0017624,0.0022126075,2353789,eclipsing_binary
1538.3733925058166,0.998845,0.0022119994,2353789,eclipsing_binary
1538.3747813834123,0.9984591,0.00220938,2353789,eclipsing_binary
1538.376170261008,0.9953476,0.0022085316,2353789,eclipsing_binary
1538.3775591381375,1.0025321,0.0022128301,2353789,eclipsing_binary
1538.3789480157332,0.99287385,0.0022068308,2353789,eclipsing_binary
1538.3803368933288,1.000303,0.0022101002,2353789,eclipsing_binary
1538.3817257709245,0.9972052,0.0022084583,2353789,eclipsing_binary
1538.3831146485202,0.9929837,0.0022050887,2353789,eclipsing_binary
1538.384503526116,0.9938185,0.0022052713,2353789,eclipsing_binary
1538.385892403712,0.99249,0.0022083656,2353789,eclipsing_binary
1538.3872812813067,0.99774617,0.0022065574,2353789,eclipsing_binary
1538.3886701589026,0.9978923,0.0022092746,2353789,eclipsing_binary
1538.3900590360329,0.99674726,0.0022098986,2353789,eclipsing_binary
1538.3914479136286,0.9979783,0.0022103987,2353789,eclipsing_binary
1538.3928367912242,0.99725443,0.002211311,2353789,eclipsing_binary
1538.3942256688192,1.0003644,0.00221216,2353789,eclipsing_binary
1538.3956145464151,0.9966592,0.0022107551,2353789,eclipsing_binary
1538.3970034240108,0.99586636,0.0022078783,2353789,eclipsing_binary
1538.3983923011408,0.99755645,0.0022096767,2353789,eclipsing_binary
1538.3997811787365,0.9991476,0.0022106883,2353789,eclipsing_binary
1538.4011700563321,0.9944088,0.0022067926,2353789,eclipsing_binary
1538.402558933928,0.9967543,0.0022095009,2353789,eclipsing_binary
1538.403947811524,0.99629587,0.0022101796,2353789,eclipsing_binary
1538.405336688654,0.9991499,0.0022127489,2353789,eclipsing_binary
1538.4067255662487,0.998769,0.002210759,2353789,eclipsing_binary
1538.4081144438446,0.9963286,0.0022101554,2353789,eclipsing_binary
1538.4095033214405,0.99765635,0.0022087765,2353789,eclipsing_binary
1538.4108921985705,0.9967184,0.0022103763,2353789,eclipsing_binary
1538.4122810761662,1.0010614,0.00221531,2353789,eclipsing_binary
1538.4136699537614,1.0015155,0.0022117726,2353789,eclipsing_binary
1538.4150588308914,0.9926505,0.0022063097,2353789,eclipsing_binary
1538.416447708487,0.99389815,0.0022078329,2353789,eclipsing_binary
1538.4178365860828,0.9969486,0.0022098434,2353789,eclipsing_binary
1538.4192254632128,0.99879825,0.0022111398,2353789,eclipsing_binary
1538.420614340808,1.0011897,0.0022129915,2353789,eclipsing_binary
1538.4220032184037,0.9993885,0.002211522,2353789,eclipsing_binary
1538.4233920955346,0.99680436,0.0022094843,2353789,eclipsing_binary
1538.4247809731303,1.001133,0.0022125174,2353789,eclipsing_binary
1538.426169850725,0.9932469,0.0022085852,2353789,eclipsing_binary
1538.4275587278553,0.9985584,0.0022114255,2353789,eclipsing_binary
1538.4289476054512,0.99594486,0.002208373,2353789,eclipsing_binary
1538.4303364830469,0.9984374,0.0022105358,2353789,eclipsing_binary
1538.4317253601769,0.9974382,0.0022104036,2353789,eclipsing_binary
1538.433114237772,0.9957122,0.002207107,2353789,eclipsing_binary
1538.434503114902,0.99723476,0.002211345,2353789,eclipsing_binary
1538.4358919924978,0.99704444,0.0022092385,2353789,eclipsing_binary
1538.4372808696278,0.99623615,0.0022099614,2353789,eclipsing_binary
1538.4386697472235,0.997732,0.0022105281,2353789,eclipsing_binary
1538.4400586248187,0.99515116,0.0022102834,2353789,eclipsing_binary
1538.4414475019487,0.9991679,0.002211383,2353789,eclipsing_binary
1538.4428363795453,0.99923784,0.0022120185,2353789,eclipsing_binary
1538.4442252566753,0.9952208,0.002207901,2353789,eclipsing_binary
1538.4456141342703,0.9939024,0.0022093398,2353789,eclipsing_binary
1538.4470030113996,0.99913394,0.0022118022,2353789,eclipsing_binary
1538.4483918889953,0.9955538,0.0022092275,2353789,eclipsing_binary
1538.4497807661262,0.99462897,0.0022084448,2353789,eclipsing_binary
1538.4511696437219,0.99652666,0.0022074422,2353789,eclipsing_binary
1538.4525585208514,0.99791074,0.0022115763,2353789,eclipsing_binary
1538.4539473979814,0.9979018,0.0022114783,2353789,eclipsing_binary
1538.455336275577,0.9948281,0.0022065265,2353789,eclipsing_binary
1538.4567251527071,0.9951395,0.002206854,2353789,eclipsing_binary
1538.4581140303028,0.9952297,0.0022085016,2353789,eclipsing_binary
1538.4595029074324,0.9960357,0.0022072094,2353789,eclipsing_binary
1538.460891785028,0.99745953,0.0022094043,2353789,eclipsing_binary
1538.462280662159,0.99580294,0.0022101053,2353789,eclipsing_binary
1538.463669539289,1.0001087,0.002213326,2353789,eclipsing_binary
1538.465058416884,0.9998416,0.0022139132,2353789,eclipsing_binary
1538.4664472940133,0.9950156,0.0022090457,2353789,eclipsing_binary
1538.467836171609,0.99690545,0.0022099796,2353789,eclipsing_binary
1538.4692250487399,1.0002021,0.0022114937,2353789,eclipsing_binary
1538.4706139258699,0.9975324,0.0022122222,2353789,eclipsing_binary
1538.472002803465,1.0010482,0.002211473,2353789,eclipsing_binary
1538.4733916805951,0.9959721,0.00220869,2353789,eclipsing_binary
1538.4747805577251,1.0026739,0.0022143165,2353789,eclipsing_binary
1538.4761694353208,0.999241,0.002212019,2353789,eclipsing_binary
1538.4775583124508,1.0001732,0.0022123787,2353789,eclipsing_binary
1538.4789471895804,0.99789673,0.00221053,2353789,eclipsing_binary
1538.480336067176,1.0017266,0.0022139268,2353789,eclipsing_binary
1538.481724944307,1.0031449,0.0022139282,2353789,eclipsing_binary
1538.483113821437,1.005365,0.0022154946,2353789,eclipsing_binary
1538.4845026985663,0.9994895,0.0022119659,2353789,eclipsing_binary
1538.4858915761613,0.99917,0.0022110068,2353789,eclipsing_binary
1538.4872804532913,1.0000316,0.0022108373,2353789,eclipsing_binary
1538.4886693304222,0.9994401,0.0022115854,2353789,eclipsing_binary
1538.4900582075522,0.99711776,0.0022094627,2353789,eclipsing_binary
1538.4914470851475,0.9972542,0.0022083682,2353789,eclipsing_binary
1538.4928359622766,0.9969603,0.002208809,2353789,eclipsing_binary
1538.4942248394068,1.000781,0.002214654,2353789,eclipsing_binary
1538.4956137165375,0.99885756,0.00221105,2353789,eclipsing_binary
1538.4970025936675,1.002642,0.0022143116,2353789,eclipsing_binary
1538.4983914712627,1.0001309,0.0022115407,2353789,eclipsing_binary
1538.4997803483927,0.99448043,0.0022057223,2353789,eclipsing_binary
1538.5011692255237,1.0006903,0.0022124974,2353789,eclipsing_binary
1538.5025581026537,1.0024554,0.0022131538,2353789,eclipsing_binary
1538.5039469797832,1.0025831,0.0022137582,2353789,eclipsing_binary
1538.5053358569123,0.9995525,0.0022126257,2353789,eclipsing_binary
1538.506724734508,0.9984738,0.0022106702,2353789,eclipsing_binary
1538.508113611639,1.0032783,0.0022169105,2353789,eclipsing_binary
1538.509502488769,0.99643725,0.0022108462,2353789,eclipsing_binary
1538.5108913658985,0.9998253,0.002212044,2353789,eclipsing_binary
1538.5122802430276,1.002103,0.0022127463,2353789,eclipsing_binary
1538.5136691201578,0.9958979,0.0022081593,2353789,eclipsing_binary
1538.5150579972885,1.0004737,0.0022138802,2353789,eclipsing_binary
1538.5164468744185,1.00332,0.0022126723,2353789,eclipsing_binary
1538.517835751548,0.99980557,0.0022117198,2353789,eclipsing_binary
1538.5192246286776,0.99751633,0.0022086164,2353789,eclipsing_binary
1538.5206135058081,0.99811393,0.0022089188,2353789,eclipsing_binary
1538.522002382939,0.9997141,0.0022119493,2353789,eclipsing_binary
1538.5233912600686,0.99831015,0.002209864,2353789,eclipsing_binary
1538.5247801371977,0.9967807,0.002207935,2353789,eclipsing_binary
1538.5261690143277,0.9991904,0.002211765,2353789,eclipsing_binary
1538.5275578914586,0.99609464,0.0022081689,2353789,eclipsing_binary
1538.5289467685886,1.0025632,0.0022130515,2353789,eclipsing_binary
1538.5303356457182,0.9975931,0.0022113828,2353789,eclipsing_binary
1538.5317245228475,0.9995259,0.0022109216,2353789,eclipsing_binary
1538.5331133999778,0.9979252,0.0022109488,2353789,eclipsing_binary
1538.5345022771082,0.9986856,0.0022097973,2353789,eclipsing_binary
1538.5358911542385,0.9969667,0.0022104094,2353789,eclipsing_binary
1538.5372800313678,0.99651307,0.0022107533,2353789,eclipsing_binary
1538.5386689084974,0.9989022,0.0022097093,2353789,eclipsing_binary
1538.5400577856278,0.9985866,0.0022140625,2353789,eclipsing_binary
1538.5414466627587,0.99976784,0.0022117062,2353789,eclipsing_binary
1538.5428355398883,1.0016085,0.0022119493,2353789,eclipsing_binary
1538.5442244170174,1.0011809,0.0022141614,2353789,eclipsing_binary
1538.545613294147,0.99680966,0.0022107568,2353789,eclipsing_binary
1538.5470021712777,1.0022291,0.0022126723,2353789,eclipsing_binary
1538.5483910479427,0.99829984,0.002208898,2353789,eclipsing_binary
1538.5497799250722,0.99854,0.0022104324,2353789,eclipsing_binary
1538.5511688022016,0.9977174,0.0022129822,2353789,eclipsing_binary
1538.5525576793318,0.99780434,0.0022087255,2353789,eclipsing_binary
1538.5539465564623,0.99923426,0.002210774,2353789,eclipsing_binary
1538.5553354335925,0.9970764,0.0022089484,2353789,eclipsing_binary
1538.5567243102562,0.99879247,0.0022109519,2353789,eclipsing_binary
1538.5581131873857,1.0018705,0.0022129067,2353789,eclipsing_binary
1538.5595020645164,1.0000482,0.0022120187,2353789,eclipsing_binary
1538.5608909416471,0.99924797,0.002211214,2353789,eclipsing_binary
1538.5622798187767,0.9975408,0.0022100422,2353789,eclipsing_binary
1538.5636686954401,1.0016124,0.0022126753,2353789,eclipsing_binary
1538.5650575725697,1.000863,0.0022129435,2353789,eclipsing_binary
1538.5664464497006,1.0016962,0.0022146741,2353789,eclipsing_binary
1538.567835326831,0.9971502,0.0022099633,2353789,eclipsing_binary
1538.569224203495,0.998351,0.0022106925,2353789,eclipsing_binary
1538.5706130806243,0.9991953,0.0022118296,2353789,eclipsing_binary
1538.5720019577536,0.99755085,0.0022096697,2353789,eclipsing_binary
1538.5733908348845,0.9987255,0.0022108618,2353789,eclipsing_binary
1538.5747797115496,0.9919851,0.0022049781,2353789,eclipsing_binary
1538.576168588679,1.0039548,0.0022144408,2353789,eclipsing_binary
1538.5775574658085,1.0010287,0.0022144783,2353789,eclipsing_binary
1538.5789463424735,0.999241,0.0022113912,2353789,eclipsing_binary
1538.5803352196042,0.99623305,0.0022098573,2353789,eclipsing_binary
1538.5817240967338,0.99823713,0.0022094434,2353789,eclipsing_binary
1538.5831129733972,0.99645156,0.002209159,2353789,eclipsing_binary
1538.5845018505267,1.0001205,0.002214902,2353789,eclipsing_binary
1538.5858907276577,0.99832654,0.0022111267,2353789,eclipsing_binary
1538.5872796043225,0.9949764,0.0022080531,2353789,eclipsing_binary
1538.588668481452,1.0012815,0.0022120923,2353789,eclipsing_binary
1538.590057358116,0.99467945,0.0022094941,2353789,eclipsing_binary
1538.591446235245,0.99611074,0.002209204,2353789,eclipsing_binary
1538.592835112376,0.99997866,0.0022113628,2353789,eclipsing_binary
1538.594223989041,0.99884516,0.0022100678,2353789,eclipsing_binary
1538.5956128661703,0.9989604,0.0022129032,2353789,eclipsing_binary
1538.5970017428342,0.99733466,0.0022096287,2353789,eclipsing_binary
1538.5983906199642,0.9988083,0.0022111132,2353789,eclipsing_binary
1538.5997794966295,0.99736243,0.0022080399,2353789,eclipsing_binary
1538.6011683737595,0.99981076,0.0022092597,2353789,eclipsing_binary
1538.6025572508886,0.99445665,0.0022074005,2353789,eclipsing_binary
1538.6039461275525,0.9964467,0.0022099284,2353789,eclipsing_binary
1538.6053350046834,0.99536026,0.002208999,2353789,eclipsing_binary
1538.6067238813482,1.0003073,0.0022117195,2353789,eclipsing_binary
1538.6081127584778,0.99863803,0.00221019,2353789,eclipsing_binary
1538.6095016351417,0.9989794,0.0022101828,2353789,eclipsing_binary
1538.6108905122708,0.9984246,0.0022113284,2353789,eclipsing_binary
1538.612279388936,1.0006624,0.002211676,2353789,eclipsing_binary
1538.6136682656013,0.998398,0.0022107484,2353789,eclipsing_binary
1538.6150571427304,1.0043546,0.0022177265,2353789,eclipsing_binary
1538.6164460193943,0.9990503,0.002212251,2353789,eclipsing_binary
1538.6178348965243,0.9962543,0.0022080569,2353789,eclipsing_binary
1538.6192237731896,0.9994031,0.0022095132,2353789,eclipsing_binary
1538.6206126503196,0.9995948,0.0022104876,2353789,eclipsing_binary
1538.6220015269832,0.9979626,0.0022094455,2353789,eclipsing_binary
1538.623390403647,0.99798244,0.0022106539,2353789,eclipsing_binary
1538.624779280777,0.99902284,0.0022146234,2353789,eclipsing_binary
1538.6261681574422,0.99781954,0.002212111,2353789,eclipsing_binary
1538.6275570345722,0.99981076,0.0022112627,2353789,eclipsing_binary
1538.628945911236,1.000646,0.0022117677,2353789,eclipsing_binary
1538.6303347878995,0.9972325,0.0022107747,2353789,eclipsing_binary
1538.6317236650304,0.99859774,0.0022114043,2353789,eclipsing_binary
1538.6331125416957,1.0016478,0.0022158485,2353789,eclipsing_binary
1538.6345014183592,0.9990065,0.0022125563,2353789,eclipsing_binary
1538.6358902954887,0.99765086,0.0022091307,2353789,eclipsing_binary
1538.637279172153,0.9972854,0.0022093873,2353789,eclipsing_binary
1538.6386680488183,0.99792606,0.0022097316,2353789,eclipsing_binary
1538.6400569259483,0.9992015,0.0022134308,2353789,eclipsing_binary
1538.641445802612,0.9983188,0.0022094478,2353789,eclipsing_binary
1538.6428346792757,0.99614036,0.0022077805,2353789,eclipsing_binary
1538.64422355594,0.9997831,0.0022098892,2353789,eclipsing_binary
1538.645612433071,0.9959841,0.002208198,2353789,eclipsing_binary
1538.6470013097353,1.0012875,0.0022117414,2353789,eclipsing_binary
1538.6483901863992,0.999966,0.0022135302,2353789,eclipsing_binary
1538.6497790630626,0.99481356,0.0022077297,2353789,eclipsing_binary
1538.6511679401929,1.0002524,0.002211159,2353789,eclipsing_binary
1538.652556816858,1.0002377,0.002212486,2353789,eclipsing_binary
1538.6539456935222,0.999496,0.0022114052,2353789,eclipsing_binary
1538.6553345701861,0.9989853,0.0022094212,2353789,eclipsing_binary
1538.6567234468505,0.9954763,0.0022078631,2353789,eclipsing_binary
1538.6581123239814,0.99569446,0.0022099172,2353789,eclipsing_binary
1538.6595012006458,0.99940175,0.0022113763,2353789,eclipsing_binary
1538.6608900773094,0.99682003,0.0022093845,2353789,eclipsing_binary
1538.662278953973,1.0005645,0.0022136227,2353789,eclipsing_binary
1538.6636678306375,0.994175,0.0022073581,2353789,eclipsing_binary
1538.6650567073027,0.9949463,0.002209779,2353789,eclipsing_binary
1538.666445583967,0.99991924,0.0022132813,2353789,eclipsing_binary
1538.6678344610966,1.0009649,0.0022119477,2353789,eclipsing_binary
1538.66922333776,0.99917424,0.0022106424,2353789,eclipsing_binary
1538.6706122144246,0.99683785,0.0022076063,2353789,eclipsing_binary
1538.6720010910897,0.99906284,0.0022125598,2353789,eclipsing_binary
1538.673389967754,1.0014576,0.0022118306,2353789,eclipsing_binary
1538.674778844418,1.0000654,0.0022114837,2353789,eclipsing_binary
1538.6761677210823,1.0006361,0.0022112322,2353789,eclipsing_binary
1538.6775565977466,0.99882454,0.002211688,2353789,eclipsing_binary
1538.6789454744112,0.99498606,0.002207676,2353789,eclipsing_binary
1538.6803343510758,0.99749017,0.002211508,2353789,eclipsing_binary
1538.6817232277392,0.99690634,0.002210334,2353789,eclipsing_binary
1538.6831121044036,1.003163,0.002214353,2353789,eclipsing_binary
1538.6845009810688,0.9988003,0.0022111055,2353789,eclipsing_binary
1538.6858898577332,0.99858946,0.0022114916,2353789,eclipsing_binary
1538.687278734397,0.9981183,0.0022107996,2353789,eclipsing_binary
1538.6886676110605,1.0009964,0.002213099,2353789,eclipsing_binary
1538.690056487725,0.99971294,0.0022127167,2353789,eclipsing_binary
1538.6914453643901,0.99971837,0.0022105747,2353789,eclipsing_binary
1538.6928342410545,0.9988539,0.0022107614,2353789,eclipsing_binary
1538.6942231177184,1.002608,0.002212093,2353789,eclipsing_binary
1538.6956119943827,1.0008373,0.0022116173,2353789,eclipsing_binary
1538.697000871047,0.9989871,0.0022118369,2353789,eclipsing_binary
1538.6983897477116,1.0047262,0.0022155591,2353789,eclipsing_binary
1538.6997786243762,0.99870145,0.0022099796,2353789,eclipsing_binary
1538.7011675010397,0.997295,0.0022102464,2353789,eclipsing_binary
1538.702556377704,0.99884945,0.002212556,2353789,eclipsing_binary
1538.703945253903,1.0011392,0.002212207,2353789,eclipsing_binary
1538.7053341305675,0.996134,0.002206613,2353789,eclipsing_binary
1538.7067230072319,0.9915622,0.0022052557,2353789,eclipsing_binary
1538.7081118838955,1.0010196,0.00221296,2353789,eclipsing_binary
1538.70950076056,0.9976086,0.0022090096,2353789,eclipsing_binary
1538.710889637225,0.99802905,0.0022108273,2353789,eclipsing_binary
1538.7122785138893,0.9944827,0.0022109386,2353789,eclipsing_binary
1538.7136673900875,0.9972601,0.002208998,2353789,eclipsing_binary
1538.7150562667518,1.0009154,0.0022127158,2353789,eclipsing_binary
1538.7164451434162,1.001525,0.0022125072,2353789,eclipsing_binary
1538.7178340200808,1.0010245,0.0022127987,2353789,eclipsing_binary
1538.7192228967454,0.9957958,0.0022069113,2353789,eclipsing_binary
1538.7206117729431,1.0005993,0.0022114504,2353789,eclipsing_binary
1538.7220006496077,0.99560356,0.0022073223,2353789,eclipsing_binary
1538.7233895262723,0.99726653,0.002209596,2353789,eclipsing_binary
1538.7247784029366,0.99769866,0.0022095847,2353789,eclipsing_binary
1538.7261672791353,1.0026851,0.0022139396,2353789,eclipsing_binary
1538.727556155799,1.0006096,0.002212512,2353789,eclipsing_binary
1538.7289450324636,0.99895644,0.0022117198,2353789,eclipsing_binary
1538.730333909128,0.9960875,0.0022070701,2353789,eclipsing_binary
1538.7317227853266,0.9999094,0.002211497,2353789,eclipsing_binary
1538.733111661991,0.9975778,0.0022097763,2353789,eclipsing_binary
1538.7345005386553,0.9956205,0.002208124,2353789,eclipsing_binary
1538.735889414854,1.0020229,0.0022126997,2353789,eclipsing_binary
1538.7372782915186,1.0012748,0.0022120026,2353789,eclipsing_binary
1538.7386671681832,0.99642044,0.0022092746,2353789,eclipsing_binary
1538.740056044381,1.0003971,0.0022120792,2353789,eclipsing_binary
1538.7414449210455,0.9998297,0.002210828,2353789,eclipsing_binary
1538.74283379771,0.99926436,0.0022109628,2353789,eclipsing_binary
1538.7442226739088,1.0001141,0.00221074,2353789,eclipsing_binary
1538.7456115505731,1.0005519,0.0022126923,2353789,eclipsing_binary
1538.7470004272368,1.0008882,0.0022114269,2353789,eclipsing_binary
1538.7483893034357,1.0022886,0.0022137929,2353789,eclipsing_binary
1538.7497781801,0.9991543,0.002210972,2353789,eclipsing_binary
1538.7511670562988,1.0033151,0.002212948,2353789,eclipsing_binary
1538.752555932963,1.0051997,0.0022150667,2353789,eclipsing_binary
1538.7539448096275,1.0003195,0.002213572,2353789,eclipsing_binary
1538.7553336858261,0.99862623,0.002210963,2353789,eclipsing_binary
1538.75672256249,0.99854,0.0022106788,2353789,eclipsing_binary
1538.7581114386887,1.00172,0.0022132157,2353789,eclipsing_binary
1538.759500315353,1.0005546,0.002210717,2353789,eclipsing_binary
1538.760889191552,1.0014998,0.0022125936,2353789,eclipsing_binary
1538.7622780682166,1.0019342,0.0022129347,2353789,eclipsing_binary
1538.7636669444144,1.0022262,0.0022155242,2353789,eclipsing_binary
1538.765055821079,0.99889565,0.0022109356,2353789,eclipsing_binary
1538.7664446972778,1.0004035,0.002212016,2353789,eclipsing_binary
1538.7678335739422,0.9989737,0.0022096431,2353789,eclipsing_binary
1538.769222450141,1.0004157,0.0022127393,2353789,eclipsing_binary
1538.7706113268052,0.99648446,0.0022085167,2353789,eclipsing_binary
1538.772000203004,1.0005074,0.002210654,2353789,eclipsing_binary
1538.7733890796683,0.9998765,0.0022111472,2353789,eclipsing_binary
1538.7747779558672,1.003207,0.0022153736,2353789,eclipsing_binary
1538.7761668320652,0.99647164,0.0022110979,2353789,eclipsing_binary
1538.7775557087296,1.000735,0.0022128941,2353789,eclipsing_binary
1538.7789445849282,1.005402,0.0022163668,2353789,eclipsing_binary
1538.7803334615928,0.9960574,0.0022089074,2353789,eclipsing_binary
1538.7817223377917,0.9999036,0.002209879,2353789,eclipsing_binary
1538.7831112139895,1.0029167,0.0022120823,2353789,eclipsing_binary
1538.784500090654,0.996373,0.0022071362,2353789,eclipsing_binary
1538.785888966853,0.9988421,0.0022100543,2353789,eclipsing_binary
1538.7872778435174,0.99815595,0.002210206,2353789,eclipsing_binary
1538.788666719716,0.9966734,0.002208474,2353789,eclipsing_binary
1538.790055595914,0.99895865,0.002210086,2353789,eclipsing_binary
1538.7914444725786,0.9996839,0.0022100885,2353789,eclipsing_binary
1538.7928333487778,0.9980361,0.002208091,2353789,eclipsing_binary
1538.7942222249767,1.0001627,0.00221224,2353789,eclipsing_binary
1538.7956111011747,1.0003717,0.0022110813,2353789,eclipsing_binary
1538.796999977839,1.00083,0.002211619,2353789,eclipsing_binary
1538.798388854038,1.0001576,0.0022094962,2353789,eclipsing_binary
1538.7997777302369,0.99429977,0.0022070697,2353789,eclipsing_binary
1538.8011666069012,0.9980052,0.0022083458,2353789,eclipsing_binary
1538.802555483099,0.99821085,0.0022108203,2353789,eclipsing_binary
1538.803944359298,0.9985331,0.0022112732,2353789,eclipsing_binary
1538.8053332354968,0.99810743,0.0022087172,2353789,eclipsing_binary
1538.8067221121612,1.001198,0.0022128362,2353789,eclipsing_binary
1538.8081109883599,1.001783,0.0022111805,2353789,eclipsing_binary
1538.8094998645581,1.0021033,0.0022124557,2353789,eclipsing_binary
1538.8108887407568,1.0056198,0.002215616,2353789,eclipsing_binary
1538.812277616956,1.004285,0.0022155368,2353789,eclipsing_binary
1538.8136664936205,1.0053043,0.0022168169,2353789,eclipsing_binary
1538.8150553698185,1.0017298,0.0022107514,2353789,eclipsing_binary
1538.8164442460168,1.0045112,0.0022147542,2353789,eclipsing_binary
1538.8178331222155,0.999676,0.0022110322,2353789,eclipsing_binary
1538.819221998415,1.0039457,0.0022142,2353789,eclipsing_binary
1538.8206108746137,1.0035038,0.002216969,2353789,eclipsing_binary
1538.8219997508115,1.0046875,0.0022143412,2353789,eclipsing_binary
1538.823388627476,1.0057065,0.0022161575,2353789,eclipsing_binary
1538.824777503675,1.0021982,0.002215917,2353789,eclipsing_binary
1538.8261663798737,1.0027745,0.0022123675,2353789,eclipsing_binary
1538.8275552560724,1.0031681,0.0022138534,2353789,eclipsing_binary
1538.8289441322706,1.0035281,0.002214745,2353789,eclipsing_binary
1538.8303330084693,1.0023913,0.0022123663,2353789,eclipsing_binary
1538.8317218846687,1.0054348,0.0022153305,2353789,eclipsing_binary
1538.8331107608676,1.0049227,0.0022135943,2353789,eclipsing_binary
1538.8344996370654,0.9989715,0.0022097628,2353789,eclipsing_binary
1538.8358885132636,1.0023547,0.0022114085,2353789,eclipsing_binary
1538.8372773894623,1.0015128,0.0022153007,2353789,eclipsing_binary
1538.838666265662,1.002139,0.0022127377,2353789,eclipsing_binary
1538.8400551418606,1.0046257,0.0022168544,2353789,eclipsing_binary
1538.8414440180586,0.99850833,0.002209885,2353789,eclipsing_binary
1538.8428328942566,1.0018392,0.0022132553,2353789,eclipsing_binary
1538.8442217704553,1.0054578,0.00221568,2353789,eclipsing_binary
1538.845610646655,0.99744356,0.0022108546,2353789,eclipsing_binary
1538.8469995228536,1.0031508,0.0022136827,2353789,eclipsing_binary
1538.8483883990518,0.9997733,0.0022086543,2353789,eclipsing_binary
1538.8497772752496,1.0021485,0.002213337,2353789,eclipsing_binary
1538.8511661514492,0.9995794,0.0022116,2353789,eclipsing_binary
1538.8525550276488,1.0030209,0.002215393,2353789,eclipsing_binary
1538.8539439038466,1.0017431,0.002215042,2353789,eclipsing_binary
1538.8553327800448,0.99834716,0.0022122231,2353789,eclipsing_binary
1538.8567216562435,1.0017865,0.0022134292,2353789,eclipsing_binary
1538.858110532443,1.002566,0.0022128355,2353789,eclipsing_binary
1538.8594994086418,0.9997376,0.0022128175,2353789,eclipsing_binary
1538.8608882848398,0.998547,0.002210551,2353789,eclipsing_binary
1538.8622771605721,1.0007297,0.0022158995,2353789,eclipsing_binary
1538.8636660367708,1.0041246,0.0022141403,2353789,eclipsing_binary
1538.8650549129704,1.004328,0.002214665,2353789,eclipsing_binary
1538.8664437891691,1.001655,0.0022119423,2353789,eclipsing_binary
1538.8678326653674,1.004505,0.0022138762,2353789,eclipsing_binary
1538.8692215415651,0.9990503,0.002210463,2353789,eclipsing_binary
1538.870610417299,1.0049055,0.0022142783,2353789,eclipsing_binary
1538.8719992934987,1.0014447,0.0022118834,2353789,eclipsing_binary
1538.8733881696965,1.0052762,0.002212687,2353789,eclipsing_binary
1538.8747770458947,1.0036547,0.002215468,2353789,eclipsing_binary
1538.876165922093,1.003281,0.002214141,2353789,eclipsing_binary
1538.8775547978264,1.0019603,0.0022144103,2353789,eclipsing_binary
1538.878943674026,1.0043144,0.002213803,2353789,eclipsing_binary
1538.880332550224,0.99922216,0.0022103137,2353789,eclipsing_binary
1538.881721426422,1.0028002,0.0022128893,2353789,eclipsing_binary
1538.883110302155,1.004237,0.002213496,2353789,eclipsing_binary
1538.8844991783546,1.0017947,0.0022162655,2353789,eclipsing_binary
1538.8858880545533,1.00344,0.0022138548,2353789,eclipsing_binary
1538.8872769307516,0.99946916,0.002212073,2353789,eclipsing_binary
1538.8886658064837,1.0011127,0.002212188,2353789,eclipsing_binary
1538.8900546826826,1.0041952,0.0022157994,2353789,eclipsing_binary
1538.891443558882,1.0061768,0.002215161,2353789,eclipsing_binary
1538.892832434615,1.0039877,0.0022153337,2353789,eclipsing_binary
1538.8942213108132,1.0025988,0.0022136897,2353789,eclipsing_binary
1538.8956101870115,1.0027978,0.0022127342,2353789,eclipsing_binary
1538.896999062745,1.0002294,0.0022149973,2353789,eclipsing_binary
1538.8983879389446,1.0026324,0.0022129344,2353789,eclipsing_binary
1538.8997768151428,1.0042118,0.0022136676,2353789,eclipsing_binary
1538.901165690875,1.0057256,0.002213572,2353789,eclipsing_binary
1538.9025545670731,0.9976284,0.0022087677,2353789,eclipsing_binary
1538.9039434428068,1.0021349,0.0022134942,2353789,eclipsing_binary
1538.9053323190062,1.004155,0.00221485,2353789,eclipsing_binary
1538.9067211952045,1.006453,0.0022155372,2353789,eclipsing_binary
1538.9081100709366,1.0063899,0.0022174455,2353789,eclipsing_binary
1538.9094989471348,1.0025928,0.0022131347,2353789,eclipsing_binary
1538.9108878228687,1.0017312,0.002212502,2353789,eclipsing_binary
1538.912276699068,1.0034448,0.0022147114,2353789,eclipsing_binary
1538.9136655748005,1.0037991,0.0022154697,2353789,eclipsing_binary
1538.9150544509987,1.0010526,0.0022126413,2353789,eclipsing_binary
1538.9164433267322,1.002317,0.002212061,2353789,eclipsing_binary
1538.9178322029318,0.9994717,0.0022093572,2353789,eclipsing_binary
1538.9192210786643,1.0016093,0.0022119551,2353789,eclipsing_binary
1538.9206099548621,1.0012103,0.0022104527,2353789,eclipsing_binary
1538.9219988305947,1.0083061,0.0022175554,2353789,eclipsing_binary
1538.923387706794,1.0010625,0.0022133894,2353789,eclipsing_binary
1538.9247765825278,1.0088185,0.0022228921,2353789,eclipsing_binary
1538.926165458726,1.0005461,0.0022107097,2353789,eclipsing_binary
1538.9275543344584,1.0039333,0.0022154138,2353789,eclipsing_binary
1538.9289432106564,1.0071038,0.002218682,2353789,eclipsing_binary
1538.9303320863903,1.0028734,0.0022126748,2353789,eclipsing_binary
1538.9317209625895,1.007679,0.002221574,2353789,eclipsing_binary
1538.933109838322,1.0038235,0.0022154576,2353789,eclipsing_binary
1538.9344987140546,1.0034074,0.0022134448,2353789,eclipsing_binary
1538.9358875902533,0.9999253,0.002211143,2353789,eclipsing_binary
1538.937276465987,1.0072407,0.0022175552,2353789,eclipsing_binary
1538.938665342186,1.0079553,0.0022157927,2353789,eclipsing_binary
1538.940054217918,1.0046276,0.002215885,2353789,eclipsing_binary
1538.9414430936506,1.0056973,0.0022182597,2353789,eclipsing_binary
1538.9428319698493,1.0020742,0.002214422,2353789,eclipsing_binary
1538.9442208455832,1.0039219,0.0022151456,2353789,eclipsing_binary
1538.9456097213163,1.0037663,0.0022148306,2353789,eclipsing_binary
1538.9469985975143,1.0039712,0.0022138997,2353789,eclipsing_binary
1538.9483874732466,1.0037187,0.002214213,2353789,eclipsing_binary
1538.9497763489805,0.99936664,0.002211697,2353789,eclipsing_binary
1538.95116522518,1.0028527,0.0022153056,2353789,eclipsing_binary
1538.9525541009123,1.0062165,0.0022160006,2353789,eclipsing_binary
1538.9539429766448,0.999712,0.002212147,2353789,eclipsing_binary
1538.9553318523779,1.0043497,0.0022148034,2353789,eclipsing_binary
1538.9567207285772,1.0019656,0.0022125284,2353789,eclipsing_binary
1538.9581096043105,1.0062034,0.0022152925,2353789,eclipsing_binary
1538.9594984800426,1.0023394,0.0022129873,2353789,eclipsing_binary
1538.9608873557752,1.0025,0.0022137167,2353789,eclipsing_binary
1538.9622762319739,0.99947464,0.0022099155,2353789,eclipsing_binary
1538.9636651077078,1.0026908,0.0022118196,2353789,eclipsing_binary
1538.9650539834408,0.9975115,0.0022095083,2353789,eclipsing_binary
1538.9664428591732,1.0034754,0.0022132231,2353789,eclipsing_binary
1538.9678317349055,1.0012954,0.0022134683,2353789,eclipsing_binary
1538.9692206111042,1.0010768,0.0022138956,2353789,eclipsing_binary
1538.9706094868382,1.0027121,0.002213484,2353789,eclipsing_binary
1538.9719983625712,0.9982707,0.0022089204,2353789,eclipsing_binary
1538.9733872383038,0.99954736,0.0022117977,2353789,eclipsing_binary
1538.9747761140368,1.0040023,0.0022167596,2353789,eclipsing_binary
1538.9761649897705,0.99749994,0.0022100003,2353789,eclipsing_binary
1538.9775538655038,0.99982274,0.0022107195,2353789,eclipsing_binary
1538.9789427412359,1.003059,0.00221548,2353789,eclipsing_binary
1538.980331617434,1.0051517,0.0022159824,2353789,eclipsing_binary
1538.9817204931671,1.0093822,0.0022176916,2353789,eclipsing_binary
1538.983109368901,1.0015665,0.0022156255,2353789,eclipsing_binary
1538.984498244634,1.0020434,0.0022133659,2353789,eclipsing_binary
1538.9858871203667,1.0009526,0.0022122336,2353789,eclipsing_binary
1538.9872759960988,1.002766,0.0022156723,2353789,eclipsing_binary
1538.9886648718318,1.0044023,0.0022162593,2353789,eclipsing_binary
1538.9900537475658,1.000929,0.0022145421,2353789,eclipsing_binary
1538.9914426232988,1.0014819,0.0022138096,2353789,eclipsing_binary
1538.9928314990314,1.0036571,0.0022136103,2353789,eclipsing_binary
1538.9942203747644,1.0029415,0.0022136332,2353789,eclipsing_binary
1538.9956092504974,1.008766,0.0022182665,2353789,eclipsing_binary
1538.9969981262304,0.99986327,0.002211607,2353789,eclipsing_binary
1538.9983870019635,1.0018762,0.0022127598,2353789,eclipsing_binary
1538.999775877696,1.0014098,0.0022142965,2353789,eclipsing_binary
1539.001164753429,1.003677,0.0022140893,2353789,eclipsing_binary
1539.002553629162,0.998826,0.0022097076,2353789,eclipsing_binary
1539.0039425048953,1.0016941,0.002210908,2353789,eclipsing_binary
1539.0053313806286,0.9955247,0.002209546,2353789,eclipsing_binary
1539.0067202563607,1.0053887,0.002216508,2353789,eclipsing_binary
1539.0081091320938,1.0015413,0.002212967,2353789,eclipsing_binary
1539.0094980078277,1.0039113,0.0022170132,2353789,eclipsing_binary
1539.0108868835607,1.001782,0.002213433,2353789,eclipsing_binary
1539.0122757588276,1.0003431,0.0022080538,2353789,eclipsing_binary
1539.0136646345607,1.0010599,0.0022126434,2353789,eclipsing_binary
1539.0150535102937,1.0001979,0.0022092042,2353789,eclipsing_binary
1539.0164423860267,1.003617,0.002212966,2353789,eclipsing_binary
1539.01783126176,1.0021243,0.0022112057,2353789,eclipsing_binary
1539.0192201374923,1.0004328,0.0022106117,2353789,eclipsing_binary
1539.0206090132253,1.002128,0.002214416,2353789,eclipsing_binary
1539.0219978884927,1.0017407,0.0022122024,2353789,eclipsing_binary
1539.023386764226,0.9986046,0.0022091123,2353789,eclipsing_binary
1539.0247756399592,0.9972441,0.0022109041,2353789,eclipsing_binary
1539.0261645156913,1.0010172,0.0022104804,2353789,eclipsing_binary
1539.0275533914246,0.9981356,0.0022115032,2353789,eclipsing_binary
1539.0289422666922,0.99786496,0.0022089565,2353789,eclipsing_binary
1539.0303311424252,0.9987193,0.002209102,2353789,eclipsing_binary
1539.0317200181582,0.9980227,0.0022092839,2353789,eclipsing_binary
1539.0331088938913,0.99927455,0.0022103838,2353789,eclipsing_binary
1539.0344977696243,1.0035362,0.0022138653,2353789,eclipsing_binary
1539.0358866448912,1.0027388,0.0022126383,2353789,eclipsing_binary
1539.0372755206242,1.0005414,0.0022131721,2353789,eclipsing_binary
1539.0386643963573,1.0005239,0.0022102778,2353789,eclipsing_binary
1539.0400532716246,1.0060816,0.0022146262,2353789,eclipsing_binary
1539.0414421473577,0.9989497,0.0022120986,2353789,eclipsing_binary
1539.042831023091,1.0054522,0.0022152343,2353789,eclipsing_binary
1539.0442198983585,1.0028138,0.0022126886,2353789,eclipsing_binary
1539.0456087740906,1.0002135,0.0022096965,2353789,eclipsing_binary
1539.0469976498239,0.99754524,0.0022103114,2353789,eclipsing_binary
1539.0483865250915,0.9984996,0.0022090978,2353789,eclipsing_binary
1539.0497754008245,1.0016657,0.0022138362,2353789,eclipsing_binary
1539.0511642765575,0.9979248,0.00220894,2353789,eclipsing_binary
1539.052553151825,0.99990237,0.0022112448,2353789,eclipsing_binary
1539.053942027558,1.001493,0.0022135864,2353789,eclipsing_binary
1539.0553309032905,1.0002999,0.00221253,2353789,eclipsing_binary
1539.0567197785579,1.0042828,0.0022145072,2353789,eclipsing_binary
1539.058108654291,0.9987204,0.002212949,2353789,eclipsing_binary
1539.0594975295583,0.99981683,0.0022107954,2353789,eclipsing_binary
1539.0608864052915,1.0023764,0.0022129563,2353789,eclipsing_binary
1539.0622752810239,0.9990501,0.0022092643,2353789,eclipsing_binary
1539.0636641562912,0.9987633,0.0022086033,2353789,eclipsing_binary
1539.0650530320243,0.99740946,0.002207856,2353789,eclipsing_binary
1539.0664419072918,0.9984751,0.0022102483,2353789,eclipsing_binary
1539.067830783025,0.9997062,0.0022095817,2353789,eclipsing_binary
1539.0692196582916,0.99986136,0.0022095158,2353789,eclipsing_binary
1539.0706085340248,0.99846035,0.0022100776,2353789,eclipsing_binary
1539.0719974092929,1.0008031,0.0022123666,2353789,eclipsing_binary
1539.073386285026,0.9948402,0.002208661,2353789,eclipsing_binary
1539.0747751602928,0.9992844,0.0022101854,2353789,eclipsing_binary
1539.0761640360258,1.002714,0.0022131437,2353789,eclipsing_binary
1539.0775529112932,0.99604416,0.002208128,2353789,eclipsing_binary
1539.0789417870262,0.99791175,0.0022101658,2353789,eclipsing_binary
1539.0803306622938,0.9988544,0.0022078147,2353789,eclipsing_binary
1539.0817195375605,0.9937418,0.0022075505,2353789,eclipsing_binary
1539.0831084132935,0.99570835,0.0022086806,2353789,eclipsing_binary
1539.084497288561,1.001383,0.0022106955,2353789,eclipsing_binary
1539.0858861642942,0.9988659,0.002209303,2353789,eclipsing_binary
1539.0872750395617,0.9985112,0.0022084422,2353789,eclipsing_binary
1539.0886639152939,0.9978175,0.0022073893,2353789,eclipsing_binary
1539.0900527905615,1.0018051,0.002210381,2353789,eclipsing_binary
1539.0914416658295,0.9988153,0.0022094199,2353789,eclipsing_binary
1539.0928305415625,0.9945716,0.0022074578,2353789,eclipsing_binary
1539.0942194168294,0.99784505,0.0022110601,2353789,eclipsing_binary
1539.0956082920964,1.0004944,0.0022117451,2353789,eclipsing_binary
1539.0969971678294,0.99934644,0.0022090322,2353789,eclipsing_binary
1539.0983860430972,1.0036299,0.0022139999,2353789,eclipsing_binary
1539.0997749183648,1.0002139,0.0022104916,2353789,eclipsing_binary
1539.1011637940971,0.9983676,0.002209999,2353789,eclipsing_binary
1539.102552669364,1.0012362,0.0022108066,2353789,eclipsing_binary
1539.1039415446314,0.99981767,0.002210792,2353789,eclipsing_binary
1539.1053304198997,0.99807596,0.002210202,2353789,eclipsing_binary
1539.1067192956327,0.9991392,0.002210311,2353789,eclipsing_binary
1539.1081081708992,1.0002282,0.002208188,2353789,eclipsing_binary
1539.1094970461668,0.9963389,0.002208988,2353789,eclipsing_binary
1539.1108859214348,0.9996486,0.002211335,2353789,eclipsing_binary
1539.1122747971679,1.0020359,0.002212254,2353789,eclipsing_binary
1539.1136636724348,0.997724,0.002209701,2353789,eclipsing_binary
1539.1150525477017,0.99846065,0.0022096706,2353789,eclipsing_binary
1539.116441422969,0.99975234,0.0022101684,2353789,eclipsing_binary
1539.1178302987028,0.9990927,0.0022118979,2353789,eclipsing_binary
1539.1192191739704,0.9960157,0.0022074617,2353789,eclipsing_binary
1539.1206080492368,0.99807084,0.0022084212,2353789,eclipsing_binary
1539.1219969245037,0.99254674,0.00220521,2353789,eclipsing_binary
1539.123385799771,0.9959775,0.0022088797,2353789,eclipsing_binary
1539.1247746750394,0.996374,0.0022077786,2353789,eclipsing_binary
1539.1261635507724,0.9952996,0.0022067858,2353789,eclipsing_binary
1539.1275524260388,0.99371207,0.0022050424,2353789,eclipsing_binary
1539.1289413013058,1.0011588,0.0022099733,2353789,eclipsing_binary
1539.130330176574,1.0006968,0.0022103067,2353789,eclipsing_binary
1539.1317190518419,0.9947169,0.0022068613,2353789,eclipsing_binary
1539.1331079271088,1.0025525,0.0022128318,2353789,eclipsing_binary
1539.1344968023757,0.99453795,0.0022094715,2353789,eclipsing_binary
1539.1358856776421,0.99317706,0.002207128,2353789,eclipsing_binary
1539.1372745529104,0.9953425,0.0022067456,2353789,eclipsing_binary
1539.1386634281787,0.9936192,0.0022064906,2353789,eclipsing_binary
1539.1400523034451,0.99832445,0.0022102343,2353789,eclipsing_binary
1539.141441178712,0.99387586,0.0022065532,2353789,eclipsing_binary
1539.1428300539794,0.9955654,0.0022082406,2353789,eclipsing_binary
1539.1442189292477,0.9995602,0.002212811,2353789,eclipsing_binary
1539.145607804515,0.9959053,0.0022083526,2353789,eclipsing_binary
1539.1469966797818,1.0018911,0.0022123083,2353789,eclipsing_binary
1539.1483855550484,0.9993323,0.0022093444,2353789,eclipsing_binary
1539.1497744303167,0.9978266,0.0022096378,2353789,eclipsing_binary
1539.1511633055845,1.0007396,0.002212968,2353789,eclipsing_binary
1539.1525521808514,0.99590683,0.002208347,2353789,eclipsing_binary
1539.1539410561184,1.0008466,0.0022109298,2353789,eclipsing_binary
1539.1553299313848,0.99492854,0.0022080515,2353789,eclipsing_binary
1539.156718806653,0.99779564,0.0022095202,2353789,eclipsing_binary
1539.1581076819214,0.9948878,0.002208072,2353789,eclipsing_binary
1539.1594965571878,0.9975386,0.0022086552,2353789,eclipsing_binary
1539.1608854324547,0.99919504,0.002210121,2353789,eclipsing_binary
1539.1622743077214,0.9970571,0.0022102324,2353789,eclipsing_binary
1539.1636631829895,1.000308,0.0022107207,2353789,eclipsing_binary
1539.1650520582577,0.9941798,0.0022055444,2353789,eclipsing_binary
1539.1664409335244,0.99695796,0.0022074918,2353789,eclipsing_binary
1539.1678298083255,0.99934834,0.0022103686,2353789,eclipsing_binary
1539.1692186835928,0.99420166,0.0022069614,2353789,eclipsing_binary
1539.170607558861,1.0010757,0.0022104885,2353789,eclipsing_binary
1539.1719964341285,0.99567574,0.0022074168,2353789,eclipsing_binary
1539.1733853093954,0.99717426,0.00220872,2353789,eclipsing_binary
1539.1747741846618,0.998414,0.002209797,2353789,eclipsing_binary
1539.1761630594644,0.99902064,0.0022101253,2353789,eclipsing_binary
1539.1775519347327,0.9996933,0.0022099465,2353789,eclipsing_binary
1539.1789408099992,0.9984554,0.0022098927,2353789,eclipsing_binary
1539.180329685266,0.9943645,0.0022086145,2353789,eclipsing_binary
1539.1817185600673,1.0002483,0.0022135845,2353789,eclipsing_binary
1539.1831074353352,0.99900454,0.0022094862,2353789,eclipsing_binary
1539.1844963106034,0.9958266,0.0022076757,2353789,eclipsing_binary
1539.1858851858701,0.9972948,0.0022095023,2353789,eclipsing_binary
1539.1872740606711,0.9948855,0.00220699,2353789,eclipsing_binary
1539.1886629359385,1.000345,0.0022117877,2353789,eclipsing_binary
1539.1900518112068,1.0012014,0.00221198,2353789,eclipsing_binary
1539.1914406864742,0.9940871,0.002207866,2353789,eclipsing_binary
1539.1928295612754,1.0003153,0.0022109752,2353789,eclipsing_binary
1539.1942184365419,1.0009913,0.0022114073,2353789,eclipsing_binary
1539.1956073118095,0.9949604,0.0022079377,2353789,eclipsing_binary
1539.1969961866118,0.9995408,0.002210861,2353789,eclipsing_binary
1539.1983850618792,0.9937456,0.002205961,2353789,eclipsing_binary
1539.1997739371461,0.9968003,0.0022083616,2353789,eclipsing_binary
1539.2011628119474,0.9971354,0.0022090885,2353789,eclipsing_binary
1539.2025516872147,0.99498516,0.0022077234,2353789,eclipsing_binary
1539.2039405620171,0.99776,0.0022097733,2353789,eclipsing_binary
1539.2053294372847,0.9999353,0.0022096967,2353789,eclipsing_binary
1539.2067183125512,1.0004611,0.0022109672,2353789,eclipsing_binary
1539.2081071873529,1.0021082,0.0022134918,2353789,eclipsing_binary
1539.2094960626205,0.9967805,0.0022086133,2353789,eclipsing_binary
1539.2108849374224,0.9945972,0.0022060361,2353789,eclipsing_binary
1539.2122738126898,0.9930975,0.0022044627,2353789,eclipsing_binary
1539.2136626879565,0.9963411,0.002208,2353789,eclipsing_binary
1539.2150515627584,0.9973106,0.002208158,2353789,eclipsing_binary
1539.2164404380262,0.99302906,0.0022050454,2353789,eclipsing_binary
1539.217829312828,1.0005455,0.0022114664,2353789,eclipsing_binary
1539.2192181880948,0.9910157,0.0022046305,2353789,eclipsing_binary
1539.220607062896,0.9970674,0.0022090005,2353789,eclipsing_binary
1539.2219959381634,0.99561113,0.0022065116,2353789,eclipsing_binary
1539.2233848129658,0.99518037,0.0022059313,2353789,eclipsing_binary
1539.2247736882334,0.99879974,0.0022098592,2353789,eclipsing_binary
1539.2261625630342,0.9970943,0.00220801,2353789,eclipsing_binary
1539.2275514383016,0.9965151,0.002208358,2353789,eclipsing_binary
1539.2289403131035,0.9981114,0.0022099738,2353789,eclipsing_binary
1539.2303291879055,0.9988843,0.002209114,2353789,eclipsing_binary
1539.2317180631728,0.9989765,0.002208863,2353789,eclipsing_binary
1539.2331069379738,0.998605,0.0022116252,2353789,eclipsing_binary
1539.2344958132414,0.99651843,0.0022091086,2353789,eclipsing_binary
1539.2358846880431,0.9953505,0.0022082427,2353789,eclipsing_binary
1539.2372735633105,0.99891585,0.0022111665,2353789,eclipsing_binary
1539.2386624381122,0.99999946,0.0022101912,2353789,eclipsing_binary
1539.2400513129135,0.99668676,0.0022087325,2353789,eclipsing_binary
1539.2414401881808,0.9961758,0.0022093838,2353789,eclipsing_binary
1539.2428290629825,1.0038781,0.0022140308,2353789,eclipsing_binary
1539.2442179377842,0.99927974,0.0022111214,2353789,eclipsing_binary
1539.2456068130516,0.99919903,0.0022104597,2353789,eclipsing_binary
1539.2469956878535,0.99750364,0.0022090378,2353789,eclipsing_binary
1539.2483845626555,0.99689025,0.0022085728,2353789,eclipsing_binary
1539.2497734379228,1.0021508,0.0022149996,2353789,eclipsing_binary
1539.2511623127245,0.9998083,0.0022122688,2353789,eclipsing_binary
1539.2525511875256,0.996555,0.0022077782,2353789,eclipsing_binary
1539.2539400627932,0.9976654,0.0022096618,2353789,eclipsing_binary
1539.2553289375949,0.99900633,0.002211272,2353789,eclipsing_binary
1539.2567178123966,0.9985265,0.0022096136,2353789,eclipsing_binary
1539.2581066871983,0.99579525,0.0022088196,2353789,eclipsing_binary
1539.2594955624652,0.9978416,0.0022107891,2353789,eclipsing_binary
1539.260884437267,1.0009518,0.0022106166,2353789,eclipsing_binary
1539.2622733120686,0.9950634,0.002209581,2353789,eclipsing_binary
1539.2636621868703,0.99687505,0.002209318,2353789,eclipsing_binary
1539.265051061672,0.9949219,0.0022089377,2353789,eclipsing_binary
1539.2664399369396,0.99802256,0.0022091558,2353789,eclipsing_binary
1539.2678288117415,0.9960299,0.0022060717,2353789,eclipsing_binary
1539.2692176865423,0.9969894,0.002208899,2353789,eclipsing_binary
1539.270606561344,0.9941489,0.002206664,2353789,eclipsing_binary
1539.271995436146,0.9955372,0.002207771,2353789,eclipsing_binary
1539.273384310948,0.99769604,0.002209501,2353789,eclipsing_binary
1539.2747731862153,0.9971731,0.002208748,2353789,eclipsing_binary
1539.2761620610163,0.9994074,0.0022105684,2353789,eclipsing_binary
1539.2775509358182,0.99518913,0.0022073751,2353789,eclipsing_binary
1539.27893981062,0.9974909,0.0022097,2353789,eclipsing_binary
1539.2803286854216,0.9958545,0.0022076527,2353789,eclipsing_binary
1539.2817175602233,0.99649596,0.0022100415,2353789,eclipsing_binary
1539.2831064350246,0.9968428,0.0022080173,2353789,eclipsing_binary
1539.2844953098263,1.0014628,0.0022128362,2353789,eclipsing_binary
1539.2858841846287,0.99789894,0.0022096152,2353789,eclipsing_binary
1539.2872730594306,1.0015844,0.0022126308,2353789,eclipsing_binary
1539.2886619342314,1.0017203,0.002213148,2353789,eclipsing_binary
1539.2900508090333,0.9966679,0.0022098357,2353789,eclipsing_binary
1539.291439684301,0.99722654,0.0022090573,2353789,eclipsing_binary
1539.2928285591026,0.9980647,0.0022113957,2353789,eclipsing_binary
1539.2942174339044,0.9999997,0.002210316,2353789,eclipsing_binary
1539.2956063087054,0.9999205,0.0022108238,2353789,eclipsing_binary
1539.2969951835073,0.99916285,0.0022119435,2353789,eclipsing_binary
1539.2983840578434,0.99705356,0.0022081456,2353789,eclipsing_binary
1539.299772932645,1.0026335,0.0022118432,2353789,eclipsing_binary
1539.3011618074468,1.0019827,0.0022121037,2353789,eclipsing_binary
1539.302550682248,0.9958442,0.002207192,2353789,eclipsing_binary
1539.3039395570497,0.9979915,0.0022110948,2353789,eclipsing_binary
1539.305328431852,0.99636364,0.0022090336,2353789,eclipsing_binary
1539.306717306654,0.99403805,0.0022071884,2353789,eclipsing_binary
1539.3081061814548,0.99354583,0.0022086555,2353789,eclipsing_binary
1539.309495056256,0.99361014,0.0022076457,2353789,eclipsing_binary
1539.3108839310578,0.9950148,0.0022078345,2353789,eclipsing_binary
1539.3122728058604,0.9962538,0.0022096033,2353789,eclipsing_binary
1539.313661680662,0.9898725,0.0022007327,2353789,eclipsing_binary
1539.3150505549975,0.98926985,0.002206471,2353789,eclipsing_binary
1539.3164394297985,0.9914948,0.002206219,2353789,eclipsing_binary
1539.3178283046002,0.99126595,0.0022030598,2353789,eclipsing_binary
1539.3192171794028,0.98869383,0.002204818,2353789,eclipsing_binary
1539.3206060542045,0.990996,0.0022044498,2353789,eclipsing_binary
1539.3219949290058,0.9839652,0.0021988095,2353789,eclipsing_binary
1539.3233838033418,0.9830416,0.002199851,2353789,eclipsing_binary
1539.3247726781444,0.98268086,0.0022002757,2353789,eclipsing_binary
1539.3261615529461,0.97778857,0.0021948693,2353789,eclipsing_binary
1539.327550427747,0.98068625,0.0021991322,2353789,eclipsing_binary
1539.3289393025482,0.9795632,0.002196138,2353789,eclipsing_binary
1539.3303281768842,0.9798261,0.002195592,2353789,eclipsing_binary
1539.3317170516868,0.9779055,0.0021935557,2353789,eclipsing_binary
1539.3331059264885,0.97377336,0.0021903696,2353789,eclipsing_binary
1539.3344948012898,0.9744485,0.0021931054,2353789,eclipsing_binary
1539.335883675625,0.9732756,0.0021902728,2353789,eclipsing_binary
1539.3372725504266,0.97446567,0.0021918966,2353789,eclipsing_binary
1539.3386614252292,0.9707313,0.0021902202,2353789,eclipsing_binary
1539.3400502995653,0.9726181,0.0021896258,2353789,eclipsing_binary
1539.3414391743665,0.9760697,0.002191439,2353789,eclipsing_binary
1539.3428280491676,0.97457063,0.0021917436,2353789,eclipsing_binary
1539.3442169235043,0.9695612,0.0021883708,2353789,eclipsing_binary
1539.345605798307,0.97141165,0.0021896176,2353789,eclipsing_binary
1539.3469946731077,0.972812,0.0021906379,2353789,eclipsing_binary
1539.3483835474433,0.9710542,0.002190317,2353789,eclipsing_binary
1539.3497724222445,0.97313756,0.0021903398,2353789,eclipsing_binary
1539.3511612970467,0.9690108,0.0021870804,2353789,eclipsing_binary
1539.3525501713837,0.9739297,0.002190673,2353789,eclipsing_binary
1539.353939046185,0.96908325,0.0021871906,2353789,eclipsing_binary
1539.35532792052,0.9697312,0.0021893128,2353789,eclipsing_binary
1539.3567167953213,0.9747779,0.0021919245,2353789,eclipsing_binary
1539.3581056701237,0.97963166,0.0021934505,2353789,eclipsing_binary
1539.3594945444604,0.97568613,0.0021935597,2353789,eclipsing_binary
1539.3608834192617,0.97612417,0.002193026,2353789,eclipsing_binary
1539.362272293597,0.9748871,0.0021914125,2353789,eclipsing_binary
1539.3636611683994,0.9782675,0.0021942835,2353789,eclipsing_binary
1539.3650500427364,0.9716457,0.0021901,2353789,eclipsing_binary
1539.3664389175374,0.9752723,0.0021915191,2353789,eclipsing_binary
1539.3678277918727,0.97735715,0.0021927448,2353789,eclipsing_binary
1539.369216666674,0.97500235,0.0021936956,2353789,eclipsing_binary
1539.3706055410105,0.9779382,0.0021938616,2353789,eclipsing_binary
1539.371994415813,0.9780151,0.0021934782,2353789,eclipsing_binary
1539.3733832901487,0.97808355,0.0021940013,2353789,eclipsing_binary
1539.3747721649495,0.97699594,0.0021941813,2353789,eclipsing_binary
1539.376161039285,0.9804311,0.0021957427,2353789,eclipsing_binary
1539.3775499140877,0.980665,0.0021957334,2353789,eclipsing_binary
1539.3789387884242,0.9833662,0.0022018119,2353789,eclipsing_binary
1539.3803276627598,0.98579836,0.0021992826,2353789,eclipsing_binary
1539.3817165375608,0.9839076,0.0022003625,2353789,eclipsing_binary
1539.383105411897,0.9870651,0.0021995797,2353789,eclipsing_binary
1539.3844942866992,0.98149544,0.0021973061,2353789,eclipsing_binary
1539.3858831610355,0.9871664,0.0022014885,2353789,eclipsing_binary
1539.3872720353709,0.99092126,0.002202426,2353789,eclipsing_binary
1539.3886609101721,0.990564,0.002204318,2353789,eclipsing_binary
1539.3900497845082,0.99024934,0.0022065288,2353789,eclipsing_binary
1539.391438658845,0.9883027,0.0022022298,2353789,eclipsing_binary
1539.3928275336468,0.99200505,0.0022039348,2353789,eclipsing_binary
1539.394216407982,0.9922289,0.0022054305,2353789,eclipsing_binary
1539.3956052823175,0.9935164,0.0022057325,2353789,eclipsing_binary
1539.3969941571193,0.9912485,0.0022048196,2353789,eclipsing_binary
1539.3983830314562,0.9921423,0.0022061763,2353789,eclipsing_binary
1539.3997719057922,0.9994557,0.0022103756,2353789,eclipsing_binary
1539.4011607801278,0.9962656,0.002209256,2353789,eclipsing_binary
1539.4025496549295,0.9990986,0.0022106257,2353789,eclipsing_binary
1539.403938529266,0.9967578,0.0022077388,2353789,eclipsing_binary
1539.4053274036023,0.9949969,0.0022061986,2353789,eclipsing_binary
1539.4067162779377,0.99557436,0.0022066392,2353789,eclipsing_binary
1539.408105152739,0.9965646,0.002208137,2353789,eclipsing_binary
1539.409494027075,0.998747,0.0022110976,2353789,eclipsing_binary
1539.410882901412,0.9989087,0.0022112594,2353789,eclipsing_binary
1539.412271775748,0.9946579,0.0022071667,2353789,eclipsing_binary
1539.413660650083,1.000731,0.0022108813,2353789,eclipsing_binary
1539.4150495248844,0.9976797,0.002207692,2353789,eclipsing_binary
1539.4164383992204,0.9977094,0.00220876,2353789,eclipsing_binary
1539.4178272735574,0.99286133,0.0022061332,2353789,eclipsing_binary
1539.4192161478934,0.9997615,0.0022137503,2353789,eclipsing_binary
1539.420605022229,0.9983313,0.002213454,2353789,eclipsing_binary
1539.421993896565,0.99258655,0.0022054296,2353789,eclipsing_binary
1539.4233827713667,0.9950384,0.002208129,2353789,eclipsing_binary
1539.4247716457028,0.9943328,0.0022055558,2353789,eclipsing_binary
1539.4261605200388,0.99720085,0.0022088895,2353789,eclipsing_binary
1539.4275493943744,0.99851084,0.0022092229,2353789,eclipsing_binary
1539.4289382687105,0.9995449,0.0022117207,2353789,eclipsing_binary
1539.4303271430465,0.9990385,0.0022095952,2353789,eclipsing_binary
1539.4317160173825,1.0004013,0.002211123,2353789,eclipsing_binary
1539.4331048917188,0.9953308,0.002206513,2353789,eclipsing_binary
1539.4344937660542,0.992883,0.0022048028,2353789,eclipsing_binary
1539.4358826403902,1.0029685,0.0022133042,2353789,eclipsing_binary
1539.4372715147263,1.0008702,0.0022112806,2353789,eclipsing_binary
1539.4386603890625,0.9981513,0.002208494,2353789,eclipsing_binary
1539.4400492633988,0.9995354,0.002210573,2353789,eclipsing_binary
1539.4414381377348,1.0016807,0.0022113249,2353789,eclipsing_binary
1539.442827012071,1.0005414,0.0022118208,2353789,eclipsing_binary
1539.444215886407,0.99882084,0.0022102445,2353789,eclipsing_binary
1539.445604760743,1.0017997,0.0022105086,2353789,eclipsing_binary
1539.4469936350786,0.99690104,0.0022073633,2353789,eclipsing_binary
1539.4483825094146,0.99755305,0.0022103982,2353789,eclipsing_binary
1539.4497713837507,0.99920547,0.002209759,2353789,eclipsing_binary
1539.4511602580867,0.9990136,0.002210736,2353789,eclipsing_binary
1539.452549132423,1.0011426,0.002211909,2353789,eclipsing_binary
1539.4539380067583,1.0010207,0.002211521,2353789,eclipsing_binary
1539.4553268810944,0.99688077,0.0022079814,2353789,eclipsing_binary
1539.4567157549648,0.99971515,0.0022109766,2353789,eclipsing_binary
1539.458104629301,0.9984369,0.002208936,2353789,eclipsing_binary
1539.4594935036373,0.99672014,0.0022075584,2353789,eclipsing_binary
1539.4608823779733,1.0020065,0.002212092,2353789,eclipsing_binary
1539.4622712523094,0.9987523,0.0022098834,2353789,eclipsing_binary
1539.463660126645,0.99915624,0.0022109295,2353789,eclipsing_binary
1539.465049000981,0.9992957,0.0022100117,2353789,eclipsing_binary
1539.4664378748514,0.9975093,0.002208794,2353789,eclipsing_binary
1539.4678267491875,0.9943244,0.002207337,2353789,eclipsing_binary
1539.4692156235235,0.9974928,0.0022089924,2353789,eclipsing_binary
1539.470604497859,0.9999962,0.0022125302,2353789,eclipsing_binary
1539.4719933721951,0.99839556,0.0022073535,2353789,eclipsing_binary
1539.4733822460655,0.9936554,0.0022064415,2353789,eclipsing_binary
1539.4747711204016,0.99883825,0.0022094636,2353789,eclipsing_binary
1539.4761599947378,0.9974045,0.002208861,2353789,eclipsing_binary
1539.4775488690732,0.9973271,0.0022081668,2353789,eclipsing_binary
1539.4789377429436,0.9948628,0.002207617,2353789,eclipsing_binary
1539.4803266172805,1.0012369,0.0022107547,2353789,eclipsing_binary
1539.4817154916166,0.9930774,0.0022064925,2353789,eclipsing_binary
1539.4831043654865,0.9962641,0.002208759,2353789,eclipsing_binary
1539.4844932398216,0.99667203,0.002206596,2353789,eclipsing_binary
1539.485882114158,0.99253017,0.002203962,2353789,eclipsing_binary
1539.487270988029,0.9998539,0.002213257,2353789,eclipsing_binary
1539.488659862365,0.9961019,0.0022072336,2353789,eclipsing_binary
1539.4900487367006,1.0020733,0.0022124934,2353789,eclipsing_binary
1539.491437610571,0.9984797,0.0022086157,2353789,eclipsing_binary
1539.492826484907,0.9978387,0.0022091975,2353789,eclipsing_binary
1539.494215359243,0.9990051,0.0022107954,2353789,eclipsing_binary
1539.4956042331137,0.9994316,0.002210975,2353789,eclipsing_binary
1539.496993107449,0.999899,0.0022138678,2353789,eclipsing_binary
1539.498381981785,0.994902,0.0022075216,2353789,eclipsing_binary
1539.4997708556564,0.9967372,0.002206989,2353789,eclipsing_binary
1539.5011597299924,0.9991215,0.002210414,2353789,eclipsing_binary
1539.5025486038624,1.0004631,0.0022111577,2353789,eclipsing_binary
1539.5039374781975,1.0007932,0.00221061,2353789,eclipsing_binary
1539.505326352068,0.99960554,0.0022101414,2353789,eclipsing_binary
1539.5067152264048,1.0027196,0.0022141961,2353789,eclipsing_binary
1539.5081041002752,0.9992833,0.0022090636,2353789,eclipsing_binary
1539.5094929746108,0.9981336,0.0022094646,2353789,eclipsing_binary
1539.5108818484805,0.99988186,0.0022090143,2353789,eclipsing_binary
1539.5122707228168,0.99619246,0.002206642,2353789,eclipsing_binary
1539.5136595966876,1.0009193,0.0022105575,2353789,eclipsing_binary
1539.5150484710239,0.9964258,0.0022064727,2353789,eclipsing_binary
1539.5164373448936,0.99648124,0.0022055241,2353789,eclipsing_binary
1539.5178262192292,0.99817497,0.0022100848,2353789,eclipsing_binary
1539.5192150931002,0.99730414,0.0022101048,2353789,eclipsing_binary
1539.520603967437,0.9986207,0.0022093812,2353789,eclipsing_binary
1539.5219928413069,0.9976932,0.0022100548,2353789,eclipsing_binary
1539.523381715642,0.99328226,0.002206522,2353789,eclipsing_binary
1539.524770589512,0.9994145,0.0022114182,2353789,eclipsing_binary
1539.5261594633832,0.99619466,0.0022067623,2353789,eclipsing_binary
1539.5275483377197,1.0010098,0.0022113628,2353789,eclipsing_binary
1539.5289372115897,0.9991209,0.002210023,2353789,eclipsing_binary
1539.5303260854596,0.99910593,0.00221059,2353789,eclipsing_binary
1539.5317149597956,0.9991847,0.0022100864,2353789,eclipsing_binary
1539.5331038336665,0.9961608,0.0022068047,2353789,eclipsing_binary
1539.5344927080027,0.9988276,0.002208945,2353789,eclipsing_binary
1539.5358815818724,0.99924135,0.0022117698,2353789,eclipsing_binary
1539.5372704557424,0.99895996,0.0022086564,2353789,eclipsing_binary
1539.5386593296134,0.99303085,0.0022060566,2353789,eclipsing_binary
1539.5400482039502,0.9983844,0.0022096091,2353789,eclipsing_binary
1539.54143707782,0.99917054,0.0022101025,2353789,eclipsing_binary
1539.5428259516896,0.99584734,0.0022067162,2353789,eclipsing_binary
1539.5442148260252,0.9965596,0.002209197,2353789,eclipsing_binary
1539.5456036998964,0.9977524,0.0022073279,2353789,eclipsing_binary
1539.5469925737673,0.99846244,0.0022096059,2353789,eclipsing_binary
1539.5483814476372,0.9947742,0.002207293,2353789,eclipsing_binary
1539.5497703219728,0.99877846,0.002210113,2353789,eclipsing_binary
1539.5511591958423,1.0019432,0.0022111703,2353789,eclipsing_binary
1539.5525480697136,0.9966873,0.0022102657,2353789,eclipsing_binary
1539.5539369435849,0.999211,0.0022109558,2353789,eclipsing_binary
1539.5553258174543,0.9992609,0.0022085274,2353789,eclipsing_binary
1539.55671469179,0.9935129,0.0022034158,2353789,eclipsing_binary
1539.5581035656603,0.99565953,0.0022059008,2353789,eclipsing_binary
1539.5594924395316,0.9969963,0.0022086285,2353789,eclipsing_binary
1539.560881313402,0.99675864,0.0022115193,2353789,eclipsing_binary
1539.5622701872717,0.9952312,0.0022077942,2353789,eclipsing_binary
1539.5636590611414,0.9988984,0.002210088,2353789,eclipsing_binary
1539.5650479354774,0.9980231,0.0022095114,2353789,eclipsing_binary
1539.5664368093487,1.000289,0.0022115002,2353789,eclipsing_binary
1539.567825683219,0.99751794,0.0022088343,2353789,eclipsing_binary
1539.569214557089,0.99778366,0.0022108885,2353789,eclipsing_binary
1539.5706034309585,0.99655664,0.002207345,2353789,eclipsing_binary
1539.571992304829,1.0003256,0.0022102091,2353789,eclipsing_binary
1539.5733811787002,0.9993837,0.0022096771,2353789,eclipsing_binary
1539.5747700525706,1.0027177,0.0022131489,2353789,eclipsing_binary
1539.5761589264405,1.0038939,0.0022166278,2353789,eclipsing_binary
1539.5775478003109,0.9995787,0.0022119277,2353789,eclipsing_binary
1539.5789366741822,0.99954253,0.002211475,2353789,eclipsing_binary
1539.5803255480525,0.9981762,0.0022090038,2353789,eclipsing_binary
1539.5817144219222,0.9995045,0.0022114813,2353789,eclipsing_binary
1539.583103295792,0.9991619,0.002210112,2353789,eclipsing_binary
1539.5844921696623,0.9998718,0.0022107963,2353789,eclipsing_binary
1539.5858810435336,1.0022948,0.0022131528,2353789,eclipsing_binary
1539.587269917404,0.9987398,0.00221158,2353789,eclipsing_binary
1539.588658791274,0.99991006,0.002212209,2353789,eclipsing_binary
1539.5900476651434,0.9968859,0.0022110404,2353789,eclipsing_binary
1539.591436539014,0.99642336,0.002207851,2353789,eclipsing_binary
1539.592825412885,0.9959545,0.0022096152,2353789,eclipsing_binary
1539.5942142867555,1.0026474,0.0022112373,2353789,eclipsing_binary
1539.5956031606254,0.9976349,0.0022084697,2353789,eclipsing_binary
1539.5969920344958,0.99793154,0.0022108064,2353789,eclipsing_binary
1539.5983809083662,0.9985881,0.002208624,2353789,eclipsing_binary
1539.5997697817709,1.0024674,0.0022132029,2353789,eclipsing_binary
1539.6011586556415,0.9972392,0.002208953,2353789,eclipsing_binary
1539.6025475295112,0.9993148,0.0022117686,2353789,eclipsing_binary
1539.6039364033816,0.99806947,0.002208967,2353789,eclipsing_binary
1539.6053252772522,1.0000353,0.0022106082,2353789,eclipsing_binary
1539.6067141511228,1.000222,0.0022129132,2353789,eclipsing_binary
1539.6081030249932,1.0000819,0.002210416,2353789,eclipsing_binary
1539.609491898397,0.9989996,0.0022111947,2353789,eclipsing_binary
1539.6108807722676,0.9971274,0.0022098932,2353789,eclipsing_binary
1539.6122696461382,1.0002466,0.0022103062,2353789,eclipsing_binary
1539.6136585200086,0.99990636,0.0022125728,2353789,eclipsing_binary
1539.6150473934133,0.9959918,0.0022059213,2353789,eclipsing_binary
1539.6164362672837,0.9974998,0.0022108094,2353789,eclipsing_binary
1539.617825141154,0.9986105,0.0022100173,2353789,eclipsing_binary
1539.619214015024,0.99961215,0.0022118322,2353789,eclipsing_binary
1539.6206028884287,0.99958414,0.0022099982,2353789,eclipsing_binary
1539.621991762299,0.9960625,0.00221205,2353789,eclipsing_binary
1539.6233806361695,1.0009303,0.002211266,2353789,eclipsing_binary
1539.62476951004,1.0004529,0.0022119584,2353789,eclipsing_binary
1539.626158383445,1.0008016,0.0022108622,2353789,eclipsing_binary
1539.6275472573154,1.0014623,0.0022118695,2353789,eclipsing_binary
1539.628936131185,0.9987633,0.0022091893,2353789,eclipsing_binary
1539.6303250045898,0.9988319,0.0022099405,2353789,eclipsing_binary
1539.6317138784605,1.0014465,0.0022094785,2353789,eclipsing_binary
1539.6331027523308,1.0004467,0.0022095765,2353789,eclipsing_binary
1539.6344916257356,1.0022988,0.002213288,2353789,eclipsing_binary
1539.6358804996055,0.9981883,0.0022116362,2353789,eclipsing_binary
1539.6372693730102,0.99724096,0.0022095263,2353789,eclipsing_binary
1539.6386582468806,1.003506,0.0022133382,2353789,eclipsing_binary
1539.640047120751,1.00104,0.0022112785,2353789,eclipsing_binary
1539.6414359941557,1.0007209,0.0022105162,2353789,eclipsing_binary
1539.642824868026,0.9990249,0.002209719,2353789,eclipsing_binary
1539.644213741431,0.99855536,0.0022090492,2353789,eclipsing_binary
1539.6456026153007,1.0021371,0.0022123323,2353789,eclipsing_binary
1539.6469914887055,1.0048181,0.0022132539,2353789,eclipsing_binary
1539.648380362576,0.9981593,0.0022070543,2353789,eclipsing_binary
1539.649769235981,0.9998553,0.002214368,2353789,eclipsing_binary
1539.6511581098514,0.998831,0.002211016,2353789,eclipsing_binary
1539.6525469832552,1.0016357,0.0022126704,2353789,eclipsing_binary
1539.6539358571258,1.0045785,0.002212391,2353789,eclipsing_binary
1539.6553247305312,1.0015204,0.0022096206,2353789,eclipsing_binary
1539.6567136044016,1.0004643,0.0022099619,2353789,eclipsing_binary
1539.6581024778059,1.0044081,0.002214493,2353789,eclipsing_binary
1539.6594913516758,1.0021236,0.002212487,2353789,eclipsing_binary
1539.6608802250805,0.9985016,0.0022102965,2353789,eclipsing_binary
1539.6622690989516,0.9988498,0.002209259,2353789,eclipsing_binary
1539.6636579723565,1.003091,0.0022121058,2353789,eclipsing_binary
1539.6650468457603,0.9992844,0.0022102848,2353789,eclipsing_binary
1539.6664357196303,0.99669117,0.002213077,2353789,eclipsing_binary
1539.667824593035,1.001489,0.0022079898,2353789,eclipsing_binary
1539.6692134669063,0.99617594,0.0022088091,2353789,eclipsing_binary
1539.670602340311,1.0028893,0.0022128012,2353789,eclipsing_binary
1539.671991213715,0.99882126,0.0022125281,2353789,eclipsing_binary
1539.6831022023505,1.0058634,0.0022153645,2353789,eclipsing_binary
1539.6844910757543,0.99981403,0.0022081875,2353789,eclipsing_binary
1539.6858799491586,0.99694985,0.0022069616,2353789,eclipsing_binary
1539.687268823029,1.0042781,0.0022139614,2353789,eclipsing_binary
1539.6886576964346,1.005536,0.002213213,2353789,eclipsing_binary
1539.6900465698393,1.0003556,0.0022097325,2353789,eclipsing_binary
1539.6914354432433,1.005348,0.0022128792,2353789,eclipsing_binary
1539.692824317113,1.0013608,0.002212659,2353789,eclipsing_binary
1539.6942131905178,1.0020875,0.0022101807,2353789,eclipsing_binary
1539.6956020639234,1.0030823,0.0022130567,2353789,eclipsing_binary
1539.696990937328,1.0039772,0.0022116587,2353789,eclipsing_binary
1539.6983798107324,1.0027272,0.0022120394,2353789,eclipsing_binary
1539.6997686841362,1.0036612,0.0022120823,2353789,eclipsing_binary
1539.7011575580075,1.002804,0.00221118,2353789,eclipsing_binary
1539.702546431413,1.0032353,0.0022122143,2353789,eclipsing_binary
1539.703935304817,1.0004963,0.0022108322,2353789,eclipsing_binary
1539.7053241782212,1.0077962,0.0022150727,2353789,eclipsing_binary
1539.7067130516252,1.0095115,0.0022179144,2353789,eclipsing_binary
1539.7081019250306,1.0035415,0.0022123158,2353789,eclipsing_binary
1539.7094907984363,0.9979479,0.0022094466,2353789,eclipsing_binary
1539.7108796718403,1.0061386,0.0022140516,2353789,eclipsing_binary
1539.7122685452443,1.0007366,0.0022116469,2353789,eclipsing_binary
1539.7136574186486,1.0001595,0.0022115898,2353789,eclipsing_binary
1539.7150462925197,0.99920315,0.0022093758,2353789,eclipsing_binary
1539.716435165925,1.0056866,0.0022115915,2353789,eclipsing_binary
1539.7178240393293,1.0003072,0.0022125267,2353789,eclipsing_binary
1539.7192129127332,1.004519,0.002213153,2353789,eclipsing_binary
1539.720601786138,1.0020199,0.0022125363,2353789,eclipsing_binary
1539.7219906595435,0.99985737,0.002211862,2353789,eclipsing_binary
1539.7233795329482,1.0013033,0.0022115468,2353789,eclipsing_binary
1539.7247684063525,1.0009263,0.0022109833,2353789,eclipsing_binary
1539.7261572797568,1.0022562,0.0022110245,2353789,eclipsing_binary
1539.727546153162,1.0066513,0.0022134117,2353789,eclipsing_binary
1539.728935026102,1.0012965,0.0022093463,2353789,eclipsing_binary
1539.730323899506,1.0033855,0.0022116436,2353789,eclipsing_binary
1539.73171277291,1.0002804,0.002209989,2353789,eclipsing_binary
1539.7331016463143,1.0003927,0.0022109558,2353789,eclipsing_binary
1539.7344905197197,1.005367,0.0022134304,2353789,eclipsing_binary
1539.735879393125,1.0039207,0.0022123568,2353789,eclipsing_binary
1539.7372682665293,1.0010196,0.0022112983,2353789,eclipsing_binary
1539.7386571399331,1.0021762,0.002213074,2353789,eclipsing_binary
1539.740046013338,1.00307,0.002211851,2353789,eclipsing_binary
1539.7414348867435,1.0020875,0.0022123405,2353789,eclipsing_binary
1539.7428237596826,1.0027279,0.0022119374,2353789,eclipsing_binary
1539.7442126330868,1.0012634,0.0022142243,2353789,eclipsing_binary
1539.745601506491,1.004705,0.0022130576,2353789,eclipsing_binary
1539.7469903798958,1.0030575,0.0022112438,2353789,eclipsing_binary
1539.7483792533012,1.0012413,0.0022144606,2353789,eclipsing_binary
1539.7497681262405,0.99998677,0.0022111742,2353789,eclipsing_binary
1539.7511569996443,1.0057031,0.0022143396,2353789,eclipsing_binary
1539.7525458730486,0.998738,0.0022105447,2353789,eclipsing_binary
1539.7539347464533,1.0008577,0.0022101523,2353789,eclipsing_binary
1539.755323619859,1.0050622,0.0022136446,2353789,eclipsing_binary
1539.756712492798,1.0039967,0.0022128941,2353789,eclipsing_binary
1539.758101366202,1.0037034,0.002213785,2353789,eclipsing_binary
1539.759490239607,1.0071563,0.002215549,2353789,eclipsing_binary
1539.760879112546,1.000318,0.00221121,2353789,eclipsing_binary
1539.7622679859508,1.0020881,0.002212434,2353789,eclipsing_binary
1539.7636568593555,1.0016009,0.00221489,2353789,eclipsing_binary
1539.7650457327597,1.0052004,0.0022127242,2353789,eclipsing_binary
1539.7664346056988,0.99981076,0.002210297,2353789,eclipsing_binary
1539.7678234791035,1.0044242,0.002213581,2353789,eclipsing_binary
1539.7692123520426,1.0035285,0.0022143917,2353789,eclipsing_binary
1539.7706012254473,1.0058898,0.0022141861,2353789,eclipsing_binary
1539.7719900988516,1.0008194,0.0022122744,2353789,eclipsing_binary
1539.7733789717906,0.9997247,0.0022098618,2353789,eclipsing_binary
1539.7747678451954,1.0038275,0.002213235,2353789,eclipsing_binary
1539.7761567186,1.0045966,0.0022138974,2353789,eclipsing_binary
1539.7775455915394,1.0046389,0.002214005,2353789,eclipsing_binary
1539.7789344649443,1.0012319,0.0022115193,2353789,eclipsing_binary
1539.7803233378834,1.0059538,0.0022135251,2353789,eclipsing_binary
1539.781712211288,1.004086,0.0022123086,2353789,eclipsing_binary
1539.7831010842272,1.0059197,0.0022154346,2353789,eclipsing_binary
1539.7844899576314,1.0065523,0.0022155435,2353789,eclipsing_binary
1539.7858788310361,1.003835,0.0022134988,2353789,eclipsing_binary
1539.7872677039752,1.002842,0.0022119426,2353789,eclipsing_binary
1539.78865657738,1.0036324,0.0022156702,2353789,eclipsing_binary
1539.790045450319,1.0097114,0.0022165924,2353789,eclipsing_binary
1539.7914343237233,1.0065801,0.0022169629,2353789,eclipsing_binary
1539.7928231966623,1.000242,0.0022109903,2353789,eclipsing_binary
1539.7942120696014,1.0017345,0.0022117768,2353789,eclipsing_binary
1539.795600943006,1.0040821,0.0022148204,2353789,eclipsing_binary
1539.7969898159454,1.0025088,0.002213699,2353789,eclipsing_binary
1539.7983786893503,0.997046,0.0022083484,2353789,eclipsing_binary
1539.7997675622894,1.0038867,0.0022130718,2353789,eclipsing_binary
1539.8011564356934,1.0054727,0.0022175745,2353789,eclipsing_binary
1539.8025453086327,1.0030453,0.0022121565,2353789,eclipsing_binary
1539.8039341815718,1.00573,0.0022141722,2353789,eclipsing_binary
1539.8053230549765,1.0014559,0.0022097586,2353789,eclipsing_binary
1539.8067119279156,1.0013772,0.0022118387,2353789,eclipsing_binary
1539.8081008013198,1.0054531,0.002215191,2353789,eclipsing_binary
1539.8094896742589,1.000292,0.002209868,2353789,eclipsing_binary
1539.810878547198,1.0014865,0.002210953,2353789,eclipsing_binary
1539.8122674206027,1.003229,0.0022116306,2353789,eclipsing_binary
1539.8136562935417,1.0056149,0.0022151337,2353789,eclipsing_binary
1539.8150451664803,1.0031674,0.0022134003,2353789,eclipsing_binary
1539.816434039885,1.0009836,0.0022100646,2353789,eclipsing_binary
1539.817822912825,1.0008378,0.0022099435,2353789,eclipsing_binary
1539.819211785764,1.0022631,0.0022122858,2353789,eclipsing_binary
1539.8206006587025,1.0068567,0.002216317,2353789,eclipsing_binary
1539.8219895321065,1.0041877,0.002214385,2353789,eclipsing_binary
1539.8233784050456,1.0043681,0.0022136685,2353789,eclipsing_binary
1539.8247672779855,1.003229,0.002211388,2353789,eclipsing_binary
1539.8261561509246,1.0039481,0.0022126813,2353789,eclipsing_binary
1539.8275450243289,0.9994467,0.0022091959,2353789,eclipsing_binary
1539.828933897267,1.0054151,0.0022133563,2353789,eclipsing_binary
1539.8303227702063,1.0087745,0.002216818,2353789,eclipsing_binary
1539.831711643146,1.0033532,0.002212308,2353789,eclipsing_binary
1539.833100516085,1.0061802,0.002213973,2353789,eclipsing_binary
1539.8344893894894,1.0021425,0.0022125922,2353789,eclipsing_binary
1539.8358782624284,1.0064056,0.0022142725,2353789,eclipsing_binary
1539.8372671353684,1.0039349,0.0022122082,2353789,eclipsing_binary
1539.8386560083075,1.0013422,0.0022120674,2353789,eclipsing_binary
1539.8400448812458,1.0032651,0.002213368,2353789,eclipsing_binary
1539.8414337541842,1.0005687,0.00221134,2353789,eclipsing_binary
1539.8428226271233,1.0021832,0.0022116497,2353789,eclipsing_binary
1539.844211500529,1.0050312,0.0022136527,2353789,eclipsing_binary
1539.845600373468,1.0050946,0.0022152746,2353789,eclipsing_binary
1539.8469892464066,1.0042497,0.0022122748,2353789,eclipsing_binary
1539.8483781193447,0.99993384,0.0022125773,2353789,eclipsing_binary
1539.849766992284,1.0040674,0.0022130078,2353789,eclipsing_binary
1539.8511558652237,1.0002329,0.0022115626,2353789,eclipsing_binary
1539.8525447381628,1.0027213,0.0022147708,2353789,eclipsing_binary
1539.8539336111014,1.0051439,0.0022152998,2353789,eclipsing_binary
1539.85532248404,1.0053427,0.0022139628,2353789,eclipsing_binary
1539.8567113569795,1.003365,0.002213194,2353789,eclipsing_binary
1539.8581002299195,1.0047162,0.0022139028,2353789,eclipsing_binary
1539.859489102858,1.0043555,0.0022130585,2353789,eclipsing_binary
1539.8608779757963,1.0032223,0.002212414,2353789,eclipsing_binary
1539.8622668487349,1.002731,0.002212048,2353789,eclipsing_binary
1539.8636557216746,1.0023081,0.0022115302,2353789,eclipsing_binary
1539.8650445946143,1.0020231,0.0022125174,2353789,eclipsing_binary
1539.866433467553,1.0072123,0.0022174902,2353789,eclipsing_binary
1539.8678223404913,1.0069945,0.0022157154,2353789,eclipsing_binary
1539.8692112134297,1.0054634,0.0022139738,2353789,eclipsing_binary
1539.870600085904,1.003406,0.0022134166,2353789,eclipsing_binary
1539.8719889588435,1.0028567,0.0022134127,2353789,eclipsing_binary
1539.8733778317821,1.0019704,0.002210902,2353789,eclipsing_binary
1539.8747667047207,1.001183,0.0022103176,2353789,eclipsing_binary
1539.8761555776598,1.0080203,0.0022159393,2353789,eclipsing_binary
1539.8775444505995,1.0039144,0.0022136257,2353789,eclipsing_binary
1539.8789333235388,1.0012743,0.0022102464,2353789,eclipsing_binary
1539.8803221960113,0.9981088,0.0022098778,2353789,eclipsing_binary
1539.88171106895,1.0036097,0.002212742,2353789,eclipsing_binary
1539.883099941889,1.0010893,0.0022118574,2353789,eclipsing_binary
1539.884488814829,1.0029876,0.002213141,2353789,eclipsing_binary
1539.885877687768,1.0008099,0.0022120527,2353789,eclipsing_binary
1539.8872665602407,1.0016379,0.0022137214,2353789,eclipsing_binary
1539.888655433179,1.0040225,0.002214013,2353789,eclipsing_binary
1539.8900443061182,1.0010648,0.0022105784,2353789,eclipsing_binary
1539.8914331790581,1.0031296,0.0022114837,2353789,eclipsing_binary
1539.8928220515315,1.0033276,0.0022154406,2353789,eclipsing_binary
1539.8942109244701,1.0011892,0.0022111412,2353789,eclipsing_binary
1539.8955997974092,1.0006393,0.002212723,2353789,eclipsing_binary
1539.896988670349,1.0005641,0.0022089628,2353789,eclipsing_binary
1539.8983775428226,0.99720496,0.0022087202,2353789,eclipsing_binary
1539.8997664157607,1.0017917,0.0022115589,2353789,eclipsing_binary
1539.9011552886993,1.0024915,0.0022108492,2353789,eclipsing_binary
1539.9025441611727,1.001325,0.002214054,2353789,eclipsing_binary
1539.9039330341127,1.0025332,0.0022109011,2353789,eclipsing_binary
1539.9053219070518,1.0034375,0.002212783,2353789,eclipsing_binary
1539.9067107795245,1.0014331,0.0022105102,2353789,eclipsing_binary
1539.9080996524629,1.0004703,0.0022136744,2353789,eclipsing_binary
1539.9094885249363,0.9996694,0.0022072445,2353789,eclipsing_binary
1539.9108773978762,0.9987808,0.0022092687,2353789,eclipsing_binary
1539.9122662708153,1.0036314,0.0022133982,2353789,eclipsing_binary
1539.9136551432882,0.99878585,0.0022081858,2353789,eclipsing_binary
1539.9150440162273,1.001798,0.0022103,2353789,eclipsing_binary
1539.9164328887007,1.003095,0.0022118795,2353789,eclipsing_binary
1539.9178217616397,1.0048949,0.0022141875,2353789,eclipsing_binary
1539.9192106341131,1.0001539,0.0022115344,2353789,eclipsing_binary
1539.9205995070517,1.0029185,0.0022134725,2353789,eclipsing_binary
1539.9219883795251,1.001893,0.0022120713,2353789,eclipsing_binary
1539.9233772524642,0.99913794,0.0022098334,2353789,eclipsing_binary
1539.9247661249376,1.0032442,0.0022127049,2353789,eclipsing_binary
1539.926154997877,0.99848247,0.0022084734,2353789,eclipsing_binary
1539.9275438703496,0.9981278,0.0022086971,2353789,eclipsing_binary
1539.9289327432887,1.0025907,0.0022126737,2353789,eclipsing_binary
1539.9303216157623,0.99687505,0.0022074475,2353789,eclipsing_binary
1539.9317104887016,1.0043539,0.0022139817,2353789,eclipsing_binary
1539.933099361175,1.0012887,0.0022113952,2353789,eclipsing_binary
1539.934488234114,1.0044433,0.0022148953,2353789,eclipsing_binary
1539.9358771065874,1.0030546,0.002212216,2353789,eclipsing_binary
1539.9372659790604,0.99995023,0.0022109027,2353789,eclipsing_binary
1539.9386548519994,1.0013906,0.0022124266,2353789,eclipsing_binary
1539.9400437244728,1.0019431,0.0022113766,2353789,eclipsing_binary
1539.941432597412,1.0048226,0.0022136578,2353789,eclipsing_binary
1539.9428214698853,1.0025072,0.002212842,2353789,eclipsing_binary
1539.9442103423582,1.0003736,0.0022100469,2353789,eclipsing_binary
1539.9455992152973,1.0039155,0.0022158893,2353789,eclipsing_binary
1539.9469880877707,1.0010514,0.0022103058,2353789,eclipsing_binary
1539.948376960244,1.000977,0.0022119274,2353789,eclipsing_binary
1539.9497658331834,1.0049498,0.0022152606,2353789,eclipsing_binary
1539.951154705656,0.9983092,0.002211216,2353789,eclipsing_binary
1539.9525435781295,1.0016108,0.002215351,2353789,eclipsing_binary
1539.9539324506038,0.9997568,0.0022119007,2353789,eclipsing_binary
1539.9553213235429,1.0022861,0.002212484,2353789,eclipsing_binary
1539.9567101960158,1.003831,0.002213006,2353789,eclipsing_binary
1539.9580990684892,0.9997166,0.002209911,2353789,eclipsing_binary
1539.9594879409626,1.0015202,0.002212428,2353789,eclipsing_binary
1539.9608768139017,1.0005699,0.0022113575,2353789,eclipsing_binary
1539.962265686375,1.0028762,0.0022127435,2353789,eclipsing_binary
1539.963654558848,1.0007656,0.002211116,2353789,eclipsing_binary
1539.9650434313214,1.0028613,0.002213151,2353789,eclipsing_binary
1539.9664323037948,0.9976753,0.0022080254,2353789,eclipsing_binary
1539.9678211767339,0.99729425,0.0022072135,2353789,eclipsing_binary
1539.9692100492075,1.0000916,0.0022090892,2353789,eclipsing_binary
1539.9705989216802,0.9977277,0.0022098126,2353789,eclipsing_binary
1539.9719877941536,0.9981916,0.00220761,2353789,eclipsing_binary
1539.973376666628,1.0018467,0.002211288,2353789,eclipsing_binary
1539.9747655391013,1.0025548,0.002211429,2353789,eclipsing_binary
1539.9761544115743,0.9997813,0.0022115938,2353789,eclipsing_binary
1539.9775432845124,1.0009056,0.002212057,2353789,eclipsing_binary
1539.978932156986,1.0010871,0.0022102925,2353789,eclipsing_binary
1539.9803210294601,1.0011907,0.0022106913,2353789,eclipsing_binary
1539.9817099019335,0.99847215,0.0022086557,2353789,eclipsing_binary
1539.9830987744065,1.0009267,0.0022099672,2353789,eclipsing_binary
1539.9844876468794,1.001628,0.0022106813,2353789,eclipsing_binary
1539.9858765193528,1.0043873,0.0022124771,2353789,eclipsing_binary
1539.987265391827,1.0029118,0.0022115796,2353789,eclipsing_binary
1539.9886542643005,1.0000287,0.002212127,2353789,eclipsing_binary
1539.990043136773,1.0002007,0.0022103814,2353789,eclipsing_binary
1539.991432009246,1.0004506,0.0022084909,2353789,eclipsing_binary
1539.99282088172,1.0018355,0.0022110364,2353789,eclipsing_binary
1539.9942097541941,1.0029579,0.002212099,2353789,eclipsing_binary
1539.995598626667,1.0002111,0.00220882,2353789,eclipsing_binary
1539.9969874991398,0.997798,0.002207686,2353789,eclipsing_binary
1539.9983763716125,1.0017803,0.0022123463,2353789,eclipsing_binary
1539.9997652440868,0.9965693,0.0022079656,2353789,eclipsing_binary
1540.0011541165607,1.0030922,0.0022114972,2353789,eclipsing_binary
1540.002542988568,1.000176,0.0022109176,2353789,eclipsing_binary
1540.0039318610409,0.9970683,0.002209374,2353789,eclipsing_binary
1540.0053207335134,0.999385,0.0022082585,2353789,eclipsing_binary
1540.0067096059877,1.0019757,0.0022101204,2353789,eclipsing_binary
1540.008098478462,1.0031774,0.0022109572,2353789,eclipsing_binary
1540.0094873509345,0.9969277,0.0022096352,2353789,eclipsing_binary
1540.0108762234074,1.0017034,0.0022118094,2353789,eclipsing_binary
1540.0122650954152,1.0016019,0.0022127107,2353789,eclipsing_binary
1540.0136539678895,1.0012381,0.0022103717,2353789,eclipsing_binary
1540.0150428403629,0.9982784,0.002208425,2353789,eclipsing_binary
1540.0164317128356,0.99731404,0.002207534,2353789,eclipsing_binary
1540.0178205853083,0.9986153,0.0022085255,2353789,eclipsing_binary
1540.019209457316,0.9988805,0.0022099644,2353789,eclipsing_binary
1540.0205983297903,0.99992186,0.0022091044,2353789,eclipsing_binary
1540.0219872022637,0.99728173,0.00220799,2353789,eclipsing_binary
1540.0233760747367,1.000663,0.0022105947,2353789,eclipsing_binary
1540.0247649467435,1.0001682,0.0022105684,2353789,eclipsing_binary
1540.0261538192178,1.0013635,0.0022094932,2353789,eclipsing_binary
1540.0275426916921,0.9953427,0.0022071563,2353789,eclipsing_binary
1540.0289315641646,0.99814254,0.0022066766,2353789,eclipsing_binary
1540.030320436172,1.0009836,0.0022094415,2353789,eclipsing_binary
1540.0317093086453,0.9989005,0.002208283,2353789,eclipsing_binary
1540.0330981811196,0.9989917,0.0022091488,2353789,eclipsing_binary
1540.0344870531274,0.9950347,0.002204005,2353789,eclipsing_binary
1540.0358759256,0.9995466,0.002209703,2353789,eclipsing_binary
1540.0372647980728,0.99974436,0.0022090399,2353789,eclipsing_binary
1540.0386536700805,1.0017185,0.0022122676,2353789,eclipsing_binary
1540.0400425425548,1.0007466,0.0022088464,2353789,eclipsing_binary
1540.0414314145626,0.9983764,0.002208654,2353789,eclipsing_binary
1540.0428202870355,0.9970945,0.0022068669,2353789,eclipsing_binary
1540.044209159508,1.0003065,0.0022100292,2353789,eclipsing_binary
1540.045598031516,1.0000986,0.0022123707,2353789,eclipsing_binary
1540.04698690399,1.0041426,0.0022130164,2353789,eclipsing_binary
1540.0483757759978,1.0030361,0.0022116664,2353789,eclipsing_binary
1540.0497646484707,0.9989792,0.0022113135,2353789,eclipsing_binary
1540.0511535204785,0.9975396,0.00220831,2353789,eclipsing_binary
1540.0525423929519,0.9999169,0.0022111482,2353789,eclipsing_binary
1540.0539312649598,0.99943584,0.0022104771,2353789,eclipsing_binary
1540.0553201374335,0.99918014,0.0022100867,2353789,eclipsing_binary
1540.0567090094403,1.0012658,0.0022115144,2353789,eclipsing_binary
1540.0580978819137,0.9998643,0.0022114145,2353789,eclipsing_binary
1540.0594867539216,1.0047017,0.0022130492,2353789,eclipsing_binary
1540.0608756263953,0.99839765,0.0022121028,2353789,eclipsing_binary
1540.062264498403,0.99931484,0.0022079134,2353789,eclipsing_binary
1540.0636533708755,1.0042866,0.0022120185,2353789,eclipsing_binary
1540.0650422428835,0.9992613,0.0022104846,2353789,eclipsing_binary
1540.0664311148914,0.9997245,0.0022082748,2353789,eclipsing_binary
1540.0678199873648,1.0029398,0.002214261,2353789,eclipsing_binary
1540.0692088593726,1.0058178,0.0022141312,2353789,eclipsing_binary
1540.070597731846,0.99980074,0.002210736,2353789,eclipsing_binary
1540.0719866038537,0.99954534,0.002210526,2353789,eclipsing_binary
1540.073375475861,0.99863553,0.0022088077,2353789,eclipsing_binary
1540.0747643483344,1.0013964,0.0022107067,2353789,eclipsing_binary
1540.0761532203421,1.0035132,0.002211985,2353789,eclipsing_binary
1540.0775420923499,1.002923,0.0022122897,2353789,eclipsing_binary
1540.0789309648235,0.9971591,0.0022076971,2353789,eclipsing_binary
1540.0803198368305,1.0036802,0.0022117419,2353789,eclipsing_binary
1540.0817087088383,1.0012869,0.002209958,2353789,eclipsing_binary
1540.083097581312,1.0028241,0.002212043,2353789,eclipsing_binary
1540.0844864533199,0.9988006,0.00220959,2353789,eclipsing_binary
1540.0858753253276,0.99931866,0.002209308,2353789,eclipsing_binary
1540.0872641973344,0.9984405,0.002210212,2353789,eclipsing_binary
1540.088653069808,0.99766624,0.0022077097,2353789,eclipsing_binary
1540.0900419418165,0.9994394,0.002208468,2353789,eclipsing_binary
1540.0914308138242,0.9959955,0.0022081758,2353789,eclipsing_binary
1540.0928196858315,1.0010726,0.0022104557,2353789,eclipsing_binary
1540.0942085578388,0.99486226,0.0022061828,2353789,eclipsing_binary
1540.0955974303122,0.99748087,0.0022087537,2353789,eclipsing_binary
1540.0969863023206,1.0023203,0.0022117961,2353789,eclipsing_binary
1540.0983751743286,0.99693084,0.002207603,2353789,eclipsing_binary
1540.0997640463354,0.9978515,0.002208642,2353789,eclipsing_binary
1540.1011529183431,1.0016847,0.002212369,2353789,eclipsing_binary
1540.102541790351,0.9976478,0.0022089274,2353789,eclipsing_binary
1540.103930662359,0.99711144,0.002207593,2353789,eclipsing_binary
1540.1053195348325,1.0017955,0.002211956,2353789,eclipsing_binary
1540.1067084068395,1.0005524,0.002210839,2353789,eclipsing_binary
1540.1080972788475,0.998086,0.0022096664,2353789,eclipsing_binary
1540.1094861508557,0.9989377,0.0022077763,2353789,eclipsing_binary
1540.1108750228634,0.99855316,0.0022112587,2353789,eclipsing_binary
1540.1122638948707,0.99829286,0.0022094676,2353789,eclipsing_binary
1540.113652766878,0.9987794,0.00220837,2353789,eclipsing_binary
1540.1150416388857,0.99737895,0.00221062,2353789,eclipsing_binary
1540.1164305108941,0.9996884,0.002209002,2353789,eclipsing_binary
1540.117819382902,1.0005499,0.0022099083,2353789,eclipsing_binary
1540.119208254909,1.0025554,0.0022124546,2353789,eclipsing_binary
1540.1205971269162,0.9967031,0.0022064317,2353789,eclipsing_binary
1540.121985998924,0.9971347,0.0022087581,2353789,eclipsing_binary
1540.1233748709326,0.9981942,0.002208417,2353789,eclipsing_binary
1540.1247637429403,0.9996902,0.002210603,2353789,eclipsing_binary
1540.1261526149474,1.0004103,0.0022105167,2353789,eclipsing_binary
1540.1275414869544,0.9983737,0.0022092138,2353789,eclipsing_binary
1540.128930358963,0.9998258,0.0022111675,2353789,eclipsing_binary
1540.1303192309715,0.99808323,0.0022091179,2353789,eclipsing_binary
1540.1317081029786,1.0001626,0.002211581,2353789,eclipsing_binary
1540.1330969745202,0.99794376,0.0022088676,2353789,eclipsing_binary
1540.134485846527,0.99747235,0.0022096126,2353789,eclipsing_binary
1540.1358747185357,1.0012304,0.0022100715,2353789,eclipsing_binary
1540.1372635905443,0.9995035,0.0022098245,2353789,eclipsing_binary
1540.1386524625511,0.996756,0.0022101891,2353789,eclipsing_binary
1540.1400413345584,0.9995848,0.0022095074,2353789,eclipsing_binary
1540.1414302065655,1.0042962,0.0022133787,2353789,eclipsing_binary
1540.1428190781082,0.9968516,0.00220953,2353789,eclipsing_binary
1540.1442079501169,1.0022905,0.0022109454,2353789,eclipsing_binary
1540.145596822124,0.99838924,0.0022095523,2353789,eclipsing_binary
1540.146985694131,1.0007076,0.002210277,2353789,eclipsing_binary
1540.1483745661387,0.9971349,0.0022089963,2353789,eclipsing_binary
1540.1497634376817,0.99450177,0.0022072461,2353789,eclipsing_binary
1540.1511523096895,1.0021714,0.0022101887,2353789,eclipsing_binary
1540.1525411816967,1.0024858,0.002212174,2353789,eclipsing_binary
1540.1539300537036,1.0012672,0.0022097551,2353789,eclipsing_binary
1540.1553189252459,0.9992723,0.0022098776,2353789,eclipsing_binary
1540.1567077972543,0.9999964,0.0022134846,2353789,eclipsing_binary
1540.158096669262,1.0012406,0.0022119181,2353789,eclipsing_binary
1540.1594855408036,0.9971454,0.002207561,2353789,eclipsing_binary
1540.160874412811,0.9985968,0.0022106918,2353789,eclipsing_binary
1540.1622632848187,1.0008533,0.002210873,2353789,eclipsing_binary
1540.1636521563612,1.0000042,0.0022101342,2353789,eclipsing_binary
1540.1650410283692,1.0006721,0.0022100953,2353789,eclipsing_binary
1540.1664299003762,0.99813014,0.0022085512,2353789,eclipsing_binary
1540.1678187719183,1.0048069,0.0022137116,2353789,eclipsing_binary
1540.1692076439263,0.99867505,0.002208478,2353789,eclipsing_binary
1540.1705965154686,0.99872935,0.0022101975,2353789,eclipsing_binary
1540.1719853874763,1.0005901,0.0022109319,2353789,eclipsing_binary
1540.1733742594831,1.0007952,0.0022111633,2353789,eclipsing_binary
1540.1747631310254,1.0014567,0.002210042,2353789,eclipsing_binary
1540.1761520030334,1.0001167,0.0022103775,2353789,eclipsing_binary
1540.1775408745755,1.0005741,0.0022121598,2353789,eclipsing_binary
1540.1789297465832,0.9971952,0.0022081684,2353789,eclipsing_binary
1540.1803186181248,1.0023532,0.0022115957,2353789,eclipsing_binary
1540.1817074901326,0.99755746,0.002207834,2353789,eclipsing_binary
1540.1830963616753,1.0031607,0.0022121468,2353789,eclipsing_binary
1540.1844852336833,1.0009192,0.0022110501,2353789,eclipsing_binary
1540.1858741052245,1.0038208,0.0022126685,2353789,eclipsing_binary
1540.1872629772322,1.003612,0.0022135233,2353789,eclipsing_binary
1540.1886518487745,1.0014917,0.002211789,2353789,eclipsing_binary
1540.1900407207825,0.99921167,0.0022089554,2353789,eclipsing_binary
1540.1914295923245,0.9990162,0.0022154686,2353789,eclipsing_binary
1540.192818463866,0.9994676,0.002211639,2353789,eclipsing_binary
1540.194207335874,0.99850047,0.0022100715,2353789,eclipsing_binary
1540.195596207416,1.0052717,0.0022129547,2353789,eclipsing_binary
1540.1969850794237,0.99835706,0.0022096592,2353789,eclipsing_binary
1540.1983739509658,1.0008465,0.0022132315,2353789,eclipsing_binary
1540.1997628225074,1.0006936,0.0022107996,2353789,eclipsing_binary
1540.2011516945151,1.0014921,0.002210106,2353789,eclipsing_binary
1540.2025405660572,0.9997783,0.002211006,2353789,eclipsing_binary
1540.2039294375993,1.0014862,0.0022123016,2353789,eclipsing_binary
1540.205318309607,0.99803233,0.0022088087,2353789,eclipsing_binary
1540.2067071811493,1.0044953,0.002213623,2353789,eclipsing_binary
1540.2080960526916,1.0020963,0.0022115826,2353789,eclipsing_binary
1540.2094849246985,0.9993159,0.0022085332,2353789,eclipsing_binary
1540.2108737962405,1.0010022,0.002211236,2353789,eclipsing_binary
1540.2122626677829,0.9961645,0.0022099684,2353789,eclipsing_binary
1540.2136515393252,1.0008484,0.0022113763,2353789,eclipsing_binary
1540.215040411333,1.0056759,0.0022126494,2353789,eclipsing_binary
1540.216429282874,0.99662316,0.0022099058,2353789,eclipsing_binary
1540.2178181544164,0.99884623,0.0022104415,2353789,eclipsing_binary
1540.2192070259587,0.9988853,0.0022090254,2353789,eclipsing_binary
1540.2205958975007,0.99888283,0.0022104962,2353789,eclipsing_binary
1540.2219847695085,0.9999025,0.0022103302,2353789,eclipsing_binary
1540.22337364105,1.0050745,0.0022138387,2353789,eclipsing_binary
1540.2247625125922,1.0005796,0.0022125277,2353789,eclipsing_binary
1540.226151384135,0.9997689,0.00221003,2353789,eclipsing_binary
1540.2275402556772,1.0030804,0.0022127691,2353789,eclipsing_binary
1540.2289291272184,1.001612,0.0022129018,2353789,eclipsing_binary
1540.23031799876,1.0007987,0.002212692,2353789,eclipsing_binary
1540.2317068707678,0.99890226,0.0022122299,2353789,eclipsing_binary
1540.2330957423108,1.0002614,0.0022099656,2353789,eclipsing_binary
1540.2344846138528,0.996497,0.0022089058,2353789,eclipsing_binary
1540.2358734853942,1.00001,0.0022096937,2353789,eclipsing_binary
1540.2372623569356,1.0002922,0.0022105053,2353789,eclipsing_binary
1540.2386512284777,1.0003523,0.002209867,2353789,eclipsing_binary
1540.2400401000207,1.0034124,0.0022120757,2353789,eclipsing_binary
1540.2414289715628,1.0021397,0.002213344,2353789,eclipsing_binary
1540.2428178431044,0.9958294,0.0022069518,2353789,eclipsing_binary
1540.2442067146455,1.0022243,0.0022117698,2353789,eclipsing_binary
1540.2455955861885,1.002274,0.0022137207,2353789,eclipsing_binary
1540.2469844577315,1.005356,0.0022134439,2353789,eclipsing_binary
1540.2483733292727,1.0026885,0.0022128792,2353789,eclipsing_binary
1540.2497622008143,1.0015097,0.002212133,2353789,eclipsing_binary
1540.2511510723557,1.0002933,0.0022113824,2353789,eclipsing_binary
1540.2525399438985,0.99864644,0.0022091512,2353789,eclipsing_binary
1540.2539288154414,0.99824786,0.002208804,2353789,eclipsing_binary
1540.2553176869828,0.99728036,0.0022088985,2353789,eclipsing_binary
1540.2567065585242,0.9968332,0.0022079444,2353789,eclipsing_binary
1540.2580954296002,0.9987326,0.002210399,2353789,eclipsing_binary
1540.259484301143,0.9979204,0.0022089344,2353789,eclipsing_binary
1540.2608731726857,1.0013486,0.0022113714,2353789,eclipsing_binary
1540.2622620442273,0.9985041,0.0022096816,2353789,eclipsing_binary
1540.2636509157685,1.0025615,0.0022137277,2353789,eclipsing_binary
1540.2650397873108,0.9999288,0.0022117258,2353789,eclipsing_binary
1540.2664286588536,0.99984485,0.0022111344,2353789,eclipsing_binary
1540.26781752993,0.9994856,0.0022094522,2353789,eclipsing_binary
1540.2692064014716,0.99895847,0.0022101565,2353789,eclipsing_binary
1540.2705952730132,0.9971006,0.0022082662,2353789,eclipsing_binary
1540.2719841445557,0.9972565,0.002210178,2353789,eclipsing_binary
1540.2733730160987,0.9995931,0.0022093721,2353789,eclipsing_binary
1540.2747618871745,1.0005722,0.0022128297,2353789,eclipsing_binary
1540.2761507587159,0.9980682,0.002210826,2353789,eclipsing_binary
1540.2775396302575,0.9993089,0.0022107125,2353789,eclipsing_binary
1540.2789285013346,1.0007057,0.002211597,2353789,eclipsing_binary
1540.2803173728773,0.99829596,0.0022095647,2353789,eclipsing_binary
1540.281706244419,0.9979299,0.0022088215,2353789,eclipsing_binary
1540.2830951159601,0.9986156,0.002210397,2353789,eclipsing_binary
1540.2844839870368,0.9971453,0.0022113873,2353789,eclipsing_binary
1540.2858728585795,0.9949698,0.002208053,2353789,eclipsing_binary
1540.2872617301216,0.9953905,0.0022065346,2353789,eclipsing_binary
1540.2886506011976,1.0009359,0.0022098736,2353789,eclipsing_binary
1540.2900394727392,0.9987625,0.002209932,2353789,eclipsing_binary
1540.2914283438156,0.9998666,0.002210797,2353789,eclipsing_binary
1540.2928172153584,0.9963146,0.0022096995,2353789,eclipsing_binary
1540.2942060869007,0.9970391,0.002208425,2353789,eclipsing_binary
1540.2955949579762,0.997303,0.0022114646,2353789,eclipsing_binary
1540.2969838295178,0.9948368,0.0022067807,2353789,eclipsing_binary
1540.2983727005942,0.99573654,0.002208354,2353789,eclipsing_binary
1540.2997615721372,0.9970846,0.002208967,2353789,eclipsing_binary
1540.3011504436793,0.99806726,0.0022114986,2353789,eclipsing_binary
1540.302539314755,0.99917305,0.0022112397,2353789,eclipsing_binary
1540.3039281862973,1.0019482,0.0022135053,2353789,eclipsing_binary
1540.3053170573737,0.99693555,0.0022086021,2353789,eclipsing_binary
1540.3067059289158,1.0001427,0.002213144,2353789,eclipsing_binary
1540.3080947999922,1.0003691,0.0022111314,2353789,eclipsing_binary
1540.3094836715338,0.99812186,0.002209411,2353789,eclipsing_binary
1540.3108725426102,1.0001432,0.0022099274,2353789,eclipsing_binary
1540.3122614136867,0.9966757,0.0022086867,2353789,eclipsing_binary
1540.3136502852287,0.999933,0.0022126478,2353789,eclipsing_binary
1540.3150391563051,0.99718004,0.0022089302,2353789,eclipsing_binary
1540.3164280278468,1.000044,0.0022105323,2353789,eclipsing_binary
1540.3178168989232,0.9993639,0.0022103887,2353789,eclipsing_binary
1540.3192057704653,0.99835056,0.002209182,2353789,eclipsing_binary
1540.3205946415417,0.99585414,0.0022085756,2353789,eclipsing_binary
1540.3219835126183,0.99588215,0.0022077023,2353789,eclipsing_binary
1540.3233723841606,0.9989322,0.0022095402,2353789,eclipsing_binary
1540.324761255237,0.99953514,0.0022098618,2353789,eclipsing_binary
1540.3261501263125,1.0004838,0.002211162,2353789,eclipsing_binary
1540.3275389978548,1.0027144,0.0022121705,2353789,eclipsing_binary
1540.3289278689315,0.997702,0.002209568,2353789,eclipsing_binary
1540.330316740008,0.99643534,0.002209868,2353789,eclipsing_binary
1540.33170561155,0.9983279,0.002209856,2353789,eclipsing_binary
1540.333094482626,0.997023,0.0022079786,2353789,eclipsing_binary
1540.3344833537024,0.9965158,0.002209356,2353789,eclipsing_binary
1540.3358722247788,0.9995507,0.0022088483,2353789,eclipsing_binary
1540.3372610963208,0.99489474,0.0022093218,2353789,eclipsing_binary
1540.3386499673973,0.9978175,0.002208949,2353789,eclipsing_binary
1540.3400388384732,0.9977409,0.0022100846,2353789,eclipsing_binary
1540.3414277095496,1.0008552,0.002211636,2353789,eclipsing_binary
1540.342816580627,0.9972791,0.0022081141,2353789,eclipsing_binary
1540.344205452169,1.0018026,0.0022116737,2353789,eclipsing_binary
1540.3455943232448,1.0011494,0.0022120455,2353789,eclipsing_binary
1540.3469831943205,0.9989831,0.0022129465,2353789,eclipsing_binary
1540.348372065397,0.9973456,0.0022086615,2353789,eclipsing_binary
1540.3497609364742,0.997281,0.0022093563,2353789,eclipsing_binary
1540.3511498075507,0.998498,0.0022073807,2353789,eclipsing_binary
1540.3525386790923,0.9987288,0.002210554,2353789,eclipsing_binary
1540.3539275501678,1.0019064,0.0022152003,2353789,eclipsing_binary
1540.3553164212444,0.99988776,0.0022114234,2353789,eclipsing_binary
1540.3567052923215,0.9978127,0.0022097817,2353789,eclipsing_binary
1540.358094163398,0.9998475,0.0022107372,2353789,eclipsing_binary
1540.359483034474,0.9985426,0.0022104508,2353789,eclipsing_binary
1540.3608719055496,0.9962172,0.0022100217,2353789,eclipsing_binary
1540.3622607766267,0.99885297,0.0022094806,2353789,eclipsing_binary
1540.363649647704,0.99684626,0.0022082175,2353789,eclipsing_binary
1540.3650385187798,0.99872726,0.002211167,2353789,eclipsing_binary
1540.3664273898555,1.0014149,0.0022127663,2353789,eclipsing_binary
1540.3678162609315,1.0010048,0.0022113414,2353789,eclipsing_binary
1540.3692051320086,1.0012568,0.002209951,2353789,eclipsing_binary
1540.3705940030857,0.9973195,0.002209278,2353789,eclipsing_binary
1540.3719828741616,1.0002803,0.0022108688,2353789,eclipsing_binary
1540.3733717452371,0.9999248,0.002211973,2353789,eclipsing_binary
1540.374760616313,0.99734527,0.0022069186,2353789,eclipsing_binary
1540.3761494873904,0.99633807,0.0022069027,2353789,eclipsing_binary
1540.3775383584673,1.0016875,0.002211134,2353789,eclipsing_binary
1540.3789272295433,0.99635255,0.0022097195,2353789,eclipsing_binary
1540.380316100619,1.0009658,0.0022102033,2353789,eclipsing_binary
1540.38170497123,0.99740475,0.0022086683,2353789,eclipsing_binary
1540.3830938423068,0.99598837,0.0022077316,2353789,eclipsing_binary
1540.3844827133835,0.99531347,0.0022084573,2353789,eclipsing_binary
1540.3858715844592,0.9980097,0.0022090825,2353789,eclipsing_binary
1540.3872604555352,0.9941896,0.002207824,2353789,eclipsing_binary
1540.3886493266123,0.9979875,0.0022070964,2353789,eclipsing_binary
1540.3900381972237,1.0008909,0.00221088,2353789,eclipsing_binary
1540.3914270682997,0.9969992,0.002208476,2353789,eclipsing_binary
1540.3928159393752,1.0005063,0.0022111186,2353789,eclipsing_binary
1540.3942048104511,0.995906,0.002209067,2353789,eclipsing_binary
1540.3955936815285,0.99742365,0.0022092578,2353789,eclipsing_binary
1540.3969825521397,0.9957059,0.0022078939,2353789,eclipsing_binary
1540.3983714232156,1.0001177,0.0022115652,2353789,eclipsing_binary
1540.3997602942916,0.9962901,0.0022082098,2353789,eclipsing_binary
1540.401149165368,0.99840975,0.0022112026,2353789,eclipsing_binary
1540.4025380359794,0.9992119,0.002209775,2353789,eclipsing_binary
1540.403926907056,0.99461347,0.0022067549,2353789,eclipsing_binary
1540.4053157781316,1.0005734,0.002210349,2353789,eclipsing_binary
1540.4067046487419,0.9988582,0.0022106739,2353789,eclipsing_binary
1540.4080935198183,0.99570763,0.0022075605,2353789,eclipsing_binary
1540.4094823908956,0.99974364,0.0022109014,2353789,eclipsing_binary
1540.4108712615064,0.9998114,0.0022108688,2353789,eclipsing_binary
1540.4122601325819,0.9978874,0.0022086445,2353789,eclipsing_binary
1540.4136490031922,0.99538016,0.0022083083,2353789,eclipsing_binary
1540.4150378742686,0.9973551,0.002208878,2353789,eclipsing_binary
1540.416426745346,1.004028,0.0022133193,2353789,eclipsing_binary
1540.4178156159567,0.99788654,0.0022102864,2353789,eclipsing_binary
1540.4192044870326,0.993883,0.0022073905,2353789,eclipsing_binary
1540.4205933576425,0.99900043,0.0022105102,2353789,eclipsing_binary
1540.4219822287191,0.99677944,0.0022090464,2353789,eclipsing_binary
1540.4233710993306,0.9978638,0.0022095626,2353789,eclipsing_binary
1540.424759970407,1.0002271,0.0022107598,2353789,eclipsing_binary
1540.4261488410173,0.99557257,0.002208006,2353789,eclipsing_binary
1540.4275377120937,0.9956697,0.0022079262,2353789,eclipsing_binary
1540.4289265827044,0.9994863,0.002210557,2353789,eclipsing_binary
1540.4303154537808,0.99516773,0.002208597,2353789,eclipsing_binary
1540.4317043243918,0.99976593,0.0022093498,2353789,eclipsing_binary
1540.4330931954676,0.99581605,0.0022088967,2353789,eclipsing_binary
1540.4344820660783,1.001036,0.0022115414,2353789,eclipsing_binary
1540.4358709371547,0.9966837,0.002208638,2353789,eclipsing_binary
1540.4372598077657,1.0003932,0.0022104082,2353789,eclipsing_binary
1540.4386486783767,0.9985461,0.0022092788,2353789,eclipsing_binary
1540.440037549453,1.0011687,0.0022111554,2353789,eclipsing_binary
1540.4414264200639,0.99856937,0.0022121435,2353789,eclipsing_binary
1540.4428152911398,1.0019646,0.00221198,2353789,eclipsing_binary
1540.4442041617506,0.991208,0.0022062452,2353789,eclipsing_binary
1540.4455930323613,0.99782604,0.0022085079,2353789,eclipsing_binary
1540.4469819034377,0.9955577,0.0022071511,2353789,eclipsing_binary
1540.4483707740485,0.9991747,0.0022098757,2353789,eclipsing_binary
1540.4497596446588,0.99754465,0.0022080827,2353789,eclipsing_binary
1540.4511485152696,1.0003468,0.0022092448,2353789,eclipsing_binary
1540.452537386346,0.9987541,0.00221017,2353789,eclipsing_binary
1540.4539262569567,0.9973267,0.002208307,2353789,eclipsing_binary
1540.4553151275675,0.9966467,0.002208348,2353789,eclipsing_binary
1540.4567039986434,0.99562526,0.0022069342,2353789,eclipsing_binary
1540.4580928692542,0.99951255,0.0022110508,2353789,eclipsing_binary
1540.459481739865,0.9987972,0.0022107672,2353789,eclipsing_binary
1540.460870610476,0.99746215,0.0022117856,2353789,eclipsing_binary
1540.462259481087,0.99579316,0.0022065423,2353789,eclipsing_binary
1540.4636483521624,0.9970156,0.0022070836,2353789,eclipsing_binary
1540.4650372227734,0.99811417,0.0022082655,2353789,eclipsing_binary
1540.4664260933848,1.0000029,0.0022106844,2353789,eclipsing_binary
1540.4678149639956,0.9977386,0.0022099507,2353789,eclipsing_binary
1540.4692038346059,1.0005913,0.0022116767,2353789,eclipsing_binary
1540.470592705216,1.0013366,0.0022102727,2353789,eclipsing_binary
1540.471981575827,0.9955693,0.0022073165,2353789,eclipsing_binary
1540.4733704469038,1.000922,0.0022120487,2353789,eclipsing_binary
1540.4747593175148,1.0014284,0.0022118157,2353789,eclipsing_binary
1540.4761481881249,0.9993048,0.0022094424,2353789,eclipsing_binary
1540.4775370587352,0.997831,0.0022107912,2353789,eclipsing_binary
1540.478925929346,1.0012953,0.002210656,2353789,eclipsing_binary
1540.4803147999573,0.9997165,0.0022108275,2353789,eclipsing_binary
1540.4817036705683,0.9964157,0.0022087572,2353789,eclipsing_binary
1540.4830925411782,1.000468,0.0022090955,2353789,eclipsing_binary
1540.4844814117885,0.9954052,0.0022089903,2353789,eclipsing_binary
1540.4858702824001,1.0001831,0.0022108464,2353789,eclipsing_binary
1540.4872591530113,1.00101,0.0022108073,2353789,eclipsing_binary
1540.4886480236216,0.99591666,0.0022061595,2353789,eclipsing_binary
1540.4900368942317,1.0006334,0.0022112331,2353789,eclipsing_binary
1540.4914257648418,0.999528,0.0022116194,2353789,eclipsing_binary
1540.4928146354534,0.99450237,0.0022077265,2353789,eclipsing_binary
1540.4942035060649,1.0017589,0.002212162,2353789,eclipsing_binary
1540.495592376675,0.9995158,0.002208773,2353789,eclipsing_binary
1540.4969812472852,0.9943651,0.0022071823,2353789,eclipsing_binary
1540.4983701174294,0.99580514,0.0022070294,2353789,eclipsing_binary
1540.499758988041,0.997868,0.0022099575,2353789,eclipsing_binary
1540.5011478586528,0.99816763,0.0022101384,2353789,eclipsing_binary
1540.5025367292626,0.9988747,0.0022096436,2353789,eclipsing_binary
1540.503925599873,1.0003457,0.0022096771,2353789,eclipsing_binary
1540.5053144704837,0.99831843,0.0022096732,2353789,eclipsing_binary
1540.5067033410953,0.99793416,0.0022126907,2353789,eclipsing_binary
1540.5080922112404,1.0004704,0.0022088622,2353789,eclipsing_binary
1540.5094810818507,1.0001472,0.0022098704,2353789,eclipsing_binary
1540.5108699524606,0.9981356,0.002211243,2353789,eclipsing_binary
1540.5122588230713,0.9982367,0.002209778,2353789,eclipsing_binary
1540.5136476932173,1.0046241,0.002213768,2353789,eclipsing_binary
1540.515036563828,0.99789935,0.0022099582,2353789,eclipsing_binary
1540.5164254344384,0.9938444,0.0022056652,2353789,eclipsing_binary
1540.5178143050484,0.9975055,0.0022093584,2353789,eclipsing_binary
1540.5192031751938,1.0021218,0.002212196,2353789,eclipsing_binary
1540.520592045805,0.9985184,0.0022099582,2353789,eclipsing_binary
1540.5219809164157,1.0008562,0.0022099228,2353789,eclipsing_binary
1540.5233697865604,0.9984327,0.002210271,2353789,eclipsing_binary
1540.524758657171,1.0039568,0.00221262,2353789,eclipsing_binary
1540.5261475277819,1.004763,0.0022129428,2353789,eclipsing_binary
1540.5275363979272,1.0010349,0.002211379,2353789,eclipsing_binary
1540.5289252685382,1.0009241,0.0022109863,2353789,eclipsing_binary
1540.530314139148,1.0009125,0.0022117118,2353789,eclipsing_binary
1540.531703009293,0.99608177,0.0022081875,2353789,eclipsing_binary
1540.5330918799048,1.0023543,0.0022102997,2353789,eclipsing_binary
1540.5344807500499,1.0027324,0.0022116667,2353789,eclipsing_binary
1540.5358696206602,1.0039753,0.0022128893,2353789,eclipsing_binary
1540.5372584912702,1.0065441,0.0022149745,2353789,eclipsing_binary
1540.5386473614155,1.002341,0.002212942,2353789,eclipsing_binary
1540.5400362320268,0.99912995,0.0022102285,2353789,eclipsing_binary
1540.541425102172,1.0018823,0.0022109703,2353789,eclipsing_binary
1540.5428139727821,1.0041537,0.0022132362,2353789,eclipsing_binary
1540.5442028429272,1.0006949,0.0022112192,2353789,eclipsing_binary
1540.545591713538,1.0001248,0.0022104115,2353789,eclipsing_binary
1540.5469805836833,0.99806106,0.0022093907,2353789,eclipsing_binary
1540.5483694542943,0.99966633,0.002211637,2353789,eclipsing_binary
1540.5497583244385,1.002382,0.0022135698,2353789,eclipsing_binary
1540.5511471945838,0.9953392,0.0022071963,2353789,eclipsing_binary
1540.5525360651948,1.0016301,0.0022107388,2353789,eclipsing_binary
1540.5539249353399,1.0001528,0.0022120175,2353789,eclipsing_binary
1540.5553138059506,1.0010079,0.0022105763,2353789,eclipsing_binary
1540.556702676095,0.99678195,0.002209006,2353789,eclipsing_binary
1540.5580915462403,1.0024862,0.0022127244,2353789,eclipsing_binary
1540.559480416851,1.001803,0.0022119842,2353789,eclipsing_binary
1540.5608692869962,1.0039593,0.00221285,2353789,eclipsing_binary
1540.5622581571413,0.99709177,0.002207966,2353789,eclipsing_binary
1540.563647027752,1.0018431,0.0022106324,2353789,eclipsing_binary
1540.5650358978971,0.99850285,0.0022092604,2353789,eclipsing_binary
1540.5664247680418,1.0003211,0.0022099207,2353789,eclipsing_binary
1540.5678136386525,0.99949896,0.0022139153,2353789,eclipsing_binary
1540.5692025087976,1.0006868,0.0022123647,2353789,eclipsing_binary
1540.570591378943,1.0015949,0.0022104117,2353789,eclipsing_binary
1540.5719802490883,0.99937606,0.0022113402,2353789,eclipsing_binary
1540.573369119698,1.00025,0.002211023,2353789,eclipsing_binary
1540.5747579898432,0.9985137,0.0022086136,2353789,eclipsing_binary
1540.5761468599885,0.9960541,0.00220823,2353789,eclipsing_binary
1540.5775357301338,1.0031984,0.002213383,2353789,eclipsing_binary
1540.5789246007446,1.0040429,0.0022122099,2353789,eclipsing_binary
1540.580313470889,0.99666744,0.002208927,2353789,eclipsing_binary
1540.5817023410343,1.000626,0.0022101079,2353789,eclipsing_binary
1540.5830912111799,1.0000615,0.0022104518,2353789,eclipsing_binary
1540.5844800813252,1.0028467,0.0022135642,2353789,eclipsing_binary
1540.5858689514696,1.0006254,0.0022105288,2353789,eclipsing_binary
1540.5872578216142,1.0003124,0.002209601,2353789,eclipsing_binary
1540.588646692225,1.0036434,0.0022154655,2353789,eclipsing_binary
1540.5900355623708,1.0026621,0.0022134187,2353789,eclipsing_binary
1540.591424432516,1.0026408,0.0022111423,2353789,eclipsing_binary
1540.5928133026603,1.0010294,0.002210684,2353789,eclipsing_binary
1540.594202172805,1.002772,0.0022126078,2353789,eclipsing_binary
1540.59559104295,1.00361,0.002213102,2353789,eclipsing_binary
1540.596979913096,1.0038129,0.0022121405,2353789,eclipsing_binary
1540.598368783241,1.0043889,0.002213881,2353789,eclipsing_binary
1540.5997576533855,0.99935114,0.0022132446,2353789,eclipsing_binary
1540.60114652353,1.0064341,0.0022143603,2353789,eclipsing_binary
1540.602535393676,1.0024005,0.0022136124,2353789,eclipsing_binary
1540.6039242638217,1.0010023,0.0022121177,2353789,eclipsing_binary
1540.605313133966,1.0033784,0.0022136532,2353789,eclipsing_binary
1540.6067020041107,0.9996343,0.0022104408,2353789,eclipsing_binary
1540.608090874255,1.0015548,0.002211696,2353789,eclipsing_binary
1540.609479744401,1.006604,0.002215147,2353789,eclipsing_binary
1540.610868614547,1.0060635,0.0022145405,2353789,eclipsing_binary
1540.612257484691,1.0024471,0.002211637,2353789,eclipsing_binary
1540.61364635437,1.0034264,0.0022158208,2353789,eclipsing_binary
1540.6150352245147,0.99905354,0.0022091803,2353789,eclipsing_binary
1540.6164240946603,1.0020243,0.002211167,2353789,eclipsing_binary
1540.6178129648063,1.0006796,0.0022134439,2353789,eclipsing_binary
1540.619201834951,1.0014197,0.0022114047,2353789,eclipsing_binary
1540.620590705095,1.0044612,0.0022136867,2353789,eclipsing_binary
1540.6219795747745,1.004896,0.0022145,2353789,eclipsing_binary
1540.6233684449205,1.0003914,0.0022115652,2353789,eclipsing_binary
1540.6247573150656,1.0072888,0.0022151242,2353789,eclipsing_binary
1540.6261461852102,1.0010039,0.0022115884,2353789,eclipsing_binary
1540.6275350553544,1.0086048,0.0022161899,2353789,eclipsing_binary
1540.628923925034,1.0053408,0.0022139342,2353789,eclipsing_binary
1540.6303127951799,1.0068758,0.0022153184,2353789,eclipsing_binary
1540.631701665325,1.0059215,0.00221461,2353789,eclipsing_binary
1540.633090535004,1.0012138,0.002210829,2353789,eclipsing_binary
1540.6344794051486,1.0018983,0.0022119142,2353789,eclipsing_binary
1540.6358682752937,1.0053792,0.0022172765,2353789,eclipsing_binary
1540.6372571454394,1.0017806,0.0022114448,2353789,eclipsing_binary
1540.638646015119,1.0036119,0.0022127496,2353789,eclipsing_binary
1540.6400348852633,1.0009447,0.0022109447,2353789,eclipsing_binary
1540.6414237554084,1.0076293,0.0022150227,2353789,eclipsing_binary
1540.642812625088,1.0066332,0.0022139074,2353789,eclipsing_binary
1540.6442014952333,1.0050815,0.0022135885,2353789,eclipsing_binary
1540.6455903649128,0.9993458,0.0022102715,2353789,eclipsing_binary
1540.6469792350572,1.0040724,0.0022131389,2353789,eclipsing_binary
1540.6483681052025,1.0008802,0.002212937,2353789,eclipsing_binary
1540.649756974882,1.0041149,0.002209883,2353789,eclipsing_binary
1540.651145845027,1.0020223,0.0022130096,2353789,eclipsing_binary
1540.6525347147065,1.0070835,0.0022144325,2353789,eclipsing_binary
1540.653923584851,1.0054979,0.0022149512,2353789,eclipsing_binary
1540.6553124545305,1.0042266,0.0022126285,2353789,eclipsing_binary
1540.6567013246756,1.0057971,0.0022147503,2353789,eclipsing_binary
1540.658090194355,1.0013345,0.0022132809,2353789,eclipsing_binary
1540.6594790645001,1.0024012,0.0022144057,2353789,eclipsing_binary
1540.6608679341798,1.0029578,0.0022139002,2353789,eclipsing_binary
1540.6622568043251,1.0034778,0.0022138495,2353789,eclipsing_binary
1540.6636456740036,1.0041695,0.0022142476,2353789,eclipsing_binary
1540.665034543683,1.0059749,0.002214469,2353789,eclipsing_binary
1540.6664234138284,1.0002882,0.0022105267,2353789,eclipsing_binary
1540.667812283508,1.0058763,0.0022142439,2353789,eclipsing_binary
1540.6692011536531,1.0045722,0.002214243,2353789,eclipsing_binary
1540.6705900233317,1.0042964,0.0022129412,2353789,eclipsing_binary
1540.6719788930113,1.0014877,0.0022114217,2353789,eclipsing_binary
1540.6733677631566,1.0088506,0.0022174488,2353789,eclipsing_binary
1540.674756632836,1.0062606,0.0022151591,2353789,eclipsing_binary
1540.6761455025155,1.0028334,0.0022130518,2353789,eclipsing_binary
1540.6775343726601,1.00617,0.0022133884,2353789,eclipsing_binary
1540.6789232423396,1.0028993,0.0022130467,2353789,eclipsing_binary
1540.6803121120197,0.99929446,0.002209499,2353789,eclipsing_binary
1540.681700982165,1.006479,0.0022174676,2353789,eclipsing_binary
1540.6830898518435,1.0053228,0.0022139598,2353789,eclipsing_binary
1540.6844787215225,1.0065844,0.0022144392,2353789,eclipsing_binary
1540.685867591202,1.0045521,0.0022134173,2353789,eclipsing_binary
1540.687256461348,1.0048769,0.0022131419,2353789,eclipsing_binary
1540.6886453310274,1.001175,0.0022098098,2353789,eclipsing_binary
1540.6900342007061,1.0047171,0.0022153321,2353789,eclipsing_binary
1540.6914230703849,1.005628,0.002215267,2353789,eclipsing_binary
1540.6928119400643,1.0050654,0.0022152555,2353789,eclipsing_binary
1540.6942008102103,1.0037421,0.002215998,2353789,eclipsing_binary
1540.6955896798897,1.004202,0.0022127389,2353789,eclipsing_binary
1540.6969785495687,1.0035297,0.002213746,2353789,eclipsing_binary
1540.6983674192472,1.004761,0.0022140865,2353789,eclipsing_binary
1540.6997562889276,1.0023869,0.0022126595,2353789,eclipsing_binary
1540.701145158608,1.0028546,0.0022113328,2353789,eclipsing_binary
1540.7025340282864,1.0044621,0.0022119596,2353789,eclipsing_binary
1540.7039228979654,1.0026721,0.0022128853,2353789,eclipsing_binary
1540.7053117676442,0.9988706,0.0022103435,2353789,eclipsing_binary
1540.7067006373243,1.004957,0.0022153116,2353789,eclipsing_binary
1540.7080895070046,1.0073067,0.0022148427,2353789,eclipsing_binary
1540.7094783766834,1.0067884,0.0022140266,2353789,eclipsing_binary
1540.710867246362,1.0062774,0.002215308,2353789,eclipsing_binary
1540.712256116041,1.0012808,0.002212403,2353789,eclipsing_binary
1540.7136449857212,1.0037856,0.0022131265,2353789,eclipsing_binary
1540.7150338554013,1.0019959,0.002214051,2353789,eclipsing_binary
1540.7164227250803,1.002496,0.0022112078,2353789,eclipsing_binary
1540.7178115947588,0.99976933,0.00221166,2353789,eclipsing_binary
1540.7192004644385,1.0061175,0.002214725,2353789,eclipsing_binary
1540.7205893341186,1.00482,0.0022122082,2353789,eclipsing_binary
1540.721978203798,1.0052193,0.0022133603,2353789,eclipsing_binary
1540.723367073477,1.0017682,0.0022146993,2353789,eclipsing_binary
1540.724755943156,1.0035107,0.0022125382,2353789,eclipsing_binary
1540.7261448128354,1.00694,0.0022146679,2353789,eclipsing_binary
1540.7275336825153,1.0039314,0.0022125829,2353789,eclipsing_binary
1540.7289225517293,1.0059619,0.0022156443,2353789,eclipsing_binary
1540.730311421408,1.0017667,0.002211946,2353789,eclipsing_binary
1540.731700291087,1.0037907,0.002213574,2353789,eclipsing_binary
1540.7330891607664,1.0030386,0.0022110993,2353789,eclipsing_binary
1540.7344780304468,1.0044497,0.0022126103,2353789,eclipsing_binary
1540.7358669001262,1.0066723,0.002215721,2353789,eclipsing_binary
1540.737255769339,1.0013285,0.0022092313,2353789,eclipsing_binary
1540.7386446390187,1.0053456,0.002214145,2353789,eclipsing_binary
1540.7400335086984,1.0029624,0.0022127863,2353789,eclipsing_binary
1540.7414223783778,1.0009136,0.0022103381,2353789,eclipsing_binary
1540.7428112475916,1.0070702,0.0022153,2353789,eclipsing_binary
1540.7442001172706,1.0055226,0.0022140176,2353789,eclipsing_binary
1540.74558898695,1.0047491,0.0022135205,2353789,eclipsing_binary
1540.7469778561638,1.0052677,0.0022150562,2353789,eclipsing_binary
1540.7483667258432,1.0000248,0.0022100264,2353789,eclipsing_binary
1540.7497555955226,1.0045587,0.002213814,2353789,eclipsing_binary
1540.751144464736,1.0040352,0.002212284,2353789,eclipsing_binary
1540.7525333344154,1.0015055,0.0022109055,2353789,eclipsing_binary
1540.7539222040948,1.0023137,0.0022124008,2353789,eclipsing_binary
1540.7553110733086,1.00445,0.002212879,2353789,eclipsing_binary
1540.7566999429882,1.004594,0.002212807,2353789,eclipsing_binary
1540.7580888122022,1.0058559,0.0022136457,2353789,eclipsing_binary
1540.7594776818817,1.000404,0.0022106974,2353789,eclipsing_binary
1540.7608665510945,1.0057344,0.002213972,2353789,eclipsing_binary
1540.7622554207742,0.99844867,0.0022096927,2353789,eclipsing_binary
1540.7636442899882,1.003933,0.002212698,2353789,eclipsing_binary
1540.7650331596676,1.0051872,0.0022141803,2353789,eclipsing_binary
1540.7664220288814,1.0006644,0.0022110331,2353789,eclipsing_binary
1540.7678108985604,1.0031903,0.0022111738,2353789,eclipsing_binary
1540.7691997677741,1.0019164,0.002210318,2353789,eclipsing_binary
1540.7705886374536,0.9981904,0.0022092161,2353789,eclipsing_binary
1540.7719775066673,1.002128,0.0022125272,2353789,eclipsing_binary
1540.7733663763468,1.0060563,0.00221297,2353789,eclipsing_binary
1540.77475524556,1.0023375,0.0022121724,2353789,eclipsing_binary
1540.7761441152395,0.99998844,0.0022095009,2353789,eclipsing_binary
1540.7775329844542,0.99954736,0.0022109754,2353789,eclipsing_binary
1540.778921853668,0.9998388,0.0022091654,2353789,eclipsing_binary
1540.7803107233465,1.00076,0.0022078613,2353789,eclipsing_binary
1540.7816995925598,1.0031387,0.002214698,2353789,eclipsing_binary
1540.7830884617736,1.0031278,0.0022122764,2353789,eclipsing_binary
1540.784477331454,0.9979971,0.0022084506,2353789,eclipsing_binary
1540.7858662006677,1.0053077,0.002213897,2353789,eclipsing_binary
1540.787255069881,1.0027276,0.002211526,2353789,eclipsing_binary
1540.7886439395595,1.0048668,0.002213328,2353789,eclipsing_binary
1540.7900328087733,1.0029069,0.002212533,2353789,eclipsing_binary
1540.791421677988,0.99768865,0.0022085323,2353789,eclipsing_binary
1540.7928105476674,1.0071604,0.0022162024,2353789,eclipsing_binary
1540.7941994168807,1.0005069,0.0022114525,2353789,eclipsing_binary
1540.7955882860938,1.005864,0.0022130152,2353789,eclipsing_binary
1540.7969771553082,0.9991028,0.0022092583,2353789,eclipsing_binary
1540.798366024523,1.0055097,0.0022147973,2353789,eclipsing_binary
1540.7997548942017,0.99940103,0.0022085693,2353789,eclipsing_binary
1540.8011437634148,0.9979586,0.0022092208,2353789,eclipsing_binary
1540.802532632628,0.99991995,0.002209313,2353789,eclipsing_binary
1540.8039215018423,1.0041298,0.0022160655,2353789,eclipsing_binary
1540.805310371057,0.9992729,0.0022119514,2353789,eclipsing_binary
1540.8066992402703,1.00716,0.0022148015,2353789,eclipsing_binary
1540.8080881094832,1.0028721,0.0022125102,2353789,eclipsing_binary
1540.8094769791621,0.9994683,0.0022094464,2353789,eclipsing_binary
1540.8108658483768,1.0035088,0.002211469,2353789,eclipsing_binary
1540.812254717591,1.0038364,0.0022117312,2353789,eclipsing_binary
1540.8136435868043,0.9976789,0.0022093074,2353789,eclipsing_binary
1540.8150324560174,1.0026758,0.0022120674,2353789,eclipsing_binary
1540.8164213252314,0.9953322,0.002204352,2353789,eclipsing_binary
1540.8178101944457,1.000208,0.0022090531,2353789,eclipsing_binary
1540.8191990636597,1.0033578,0.0022126099,2353789,eclipsing_binary
1540.8205879328727,0.9987995,0.0022083584,2353789,eclipsing_binary
1540.821976802086,1.0025356,0.0022118422,2353789,eclipsing_binary
1540.8233656712998,0.9977852,0.0022081041,2353789,eclipsing_binary
1540.8247545405143,1.0030615,0.0022114161,2353789,eclipsing_binary
1540.8261434097283,0.99991566,0.0022123228,2353789,eclipsing_binary
1540.8275322789411,0.99959934,0.0022096403,2353789,eclipsing_binary
1540.8289211481544,0.99803686,0.0022103994,2353789,eclipsing_binary
1540.8303100169026,1.0015599,0.002211288,2353789,eclipsing_binary
1540.8316988861172,1.0004872,0.002210885,2353789,eclipsing_binary
1540.833087755331,0.99806166,0.0022116986,2353789,eclipsing_binary
1540.8344766245443,1.002056,0.002212419,2353789,eclipsing_binary
1540.835865493758,1.0028502,0.0022124725,2353789,eclipsing_binary
1540.8372543629719,1.0012817,0.0022124974,2353789,eclipsing_binary
1540.8386432321856,1.004024,0.0022122273,2353789,eclipsing_binary
1540.8400321009337,0.9984609,0.002208123,2353789,eclipsing_binary
1540.841420970147,0.99743533,0.002209125,2353789,eclipsing_binary
1540.8428098393608,1.0044918,0.0022128993,2353789,eclipsing_binary
1540.8441987085746,1.0037177,0.0022134834,2353789,eclipsing_binary
1540.8455875777884,0.99409664,0.0022073807,2353789,eclipsing_binary
1540.8469764465365,1.0024085,0.0022116515,2353789,eclipsing_binary
1540.8483653157498,0.9968941,0.0022089337,2353789,eclipsing_binary
1540.8497541849636,1.0021051,0.002211924,2353789,eclipsing_binary
1540.8511430537117,1.0026361,0.0022124897,2353789,eclipsing_binary
1540.8525319229257,0.99955964,0.0022106913,2353789,eclipsing_binary
1540.8539207921397,0.99998593,0.0022095018,2353789,eclipsing_binary
1540.8553096608878,0.9954264,0.0022065372,2353789,eclipsing_binary
1540.8566985301015,0.99689317,0.0022069565,2353789,eclipsing_binary
1540.8580873993146,0.9955452,0.0022081074,2353789,eclipsing_binary
1540.859476268063,0.9987018,0.0022081789,2353789,eclipsing_binary
1540.8608651372767,0.9962439,0.002206186,2353789,eclipsing_binary
1540.8622540064905,1.0020843,0.0022104871,2353789,eclipsing_binary
1540.8636428752386,0.9981211,0.0022102047,2353789,eclipsing_binary
1540.865031744452,0.99856263,0.0022083211,2353789,eclipsing_binary
1540.8664206132,0.99899495,0.0022112145,2353789,eclipsing_binary
1540.8678094824138,0.9989757,0.002208974,2353789,eclipsing_binary
1540.869198351162,0.9999314,0.0022116397,2353789,eclipsing_binary
1540.8705872203757,1.0013796,0.0022118627,2353789,eclipsing_binary
1540.8719760891233,0.9992694,0.0022095435,2353789,eclipsing_binary
1540.873364958337,1.0026582,0.002211056,2353789,eclipsing_binary
1540.8747538270861,1.0003103,0.0022090694,2353789,eclipsing_binary
1540.8761426963,1.0004919,0.0022125,2353789,eclipsing_binary
1540.8775315650475,0.9984668,0.002208385,2353789,eclipsing_binary
1540.8789204342604,0.99976826,0.0022096608,2353789,eclipsing_binary
1540.8803093030085,0.99999934,0.0022107942,2353789,eclipsing_binary
1540.8816981722232,1.0014414,0.002213338,2353789,eclipsing_binary
1540.8830870409713,0.99920464,0.0022086746,2353789,eclipsing_binary
1540.884475909719,1.0001533,0.0022099614,2353789,eclipsing_binary
1540.8858647789318,1.0002285,0.0022104094,2353789,eclipsing_binary
1540.8872536476802,0.9965052,0.0022080198,2353789,eclipsing_binary
1540.888642516429,1.0027205,0.0022120276,2353789,eclipsing_binary
1540.8900313856427,1.003348,0.0022124676,2353789,eclipsing_binary
1540.8914202543904,0.9965158,0.002205403,2353789,eclipsing_binary
1540.892809123138,1.0026276,0.0022120287,2353789,eclipsing_binary
1540.8941979923522,0.9990792,0.0022096783,2353789,eclipsing_binary
1540.8955868611013,0.99586254,0.0022056594,2353789,eclipsing_binary
1540.896975729849,0.99728173,0.0022082587,2353789,eclipsing_binary
1540.8983645985961,1.0023289,0.0022105929,2353789,eclipsing_binary
1540.8997534678094,0.99776703,0.0022083696,2353789,eclipsing_binary
1540.9011423365582,1.0022751,0.0022153049,2353789,eclipsing_binary
1540.902531205307,1.0016595,0.002211372,2353789,eclipsing_binary
1540.9039200740547,1.0019287,0.002210693,2353789,eclipsing_binary
1540.905308942802,0.9977519,0.0022076508,2353789,eclipsing_binary
1540.9066978120152,0.9965074,0.0022079893,2353789,eclipsing_binary
1540.9080866807642,0.99831635,0.00220869,2353789,eclipsing_binary
1540.909475549513,0.99953187,0.0022092292,2353789,eclipsing_binary
1540.9108644182604,0.998628,0.0022096364,2353789,eclipsing_binary
1540.912253287008,0.9990642,0.0022095528,2353789,eclipsing_binary
1540.9136421557562,1.0012153,0.002210061,2353789,eclipsing_binary
1540.915031024505,0.99661154,0.002209573,2353789,eclipsing_binary
1540.9164198932533,0.9969569,0.0022076704,2353789,eclipsing_binary
1540.9178087624662,0.99811786,0.0022096355,2353789,eclipsing_binary
1540.9191976312138,0.99614745,0.0022087481,2353789,eclipsing_binary
1540.920586499962,0.9937055,0.0022060657,2353789,eclipsing_binary
1540.921975368711,0.9975096,0.0022074184,2353789,eclipsing_binary
1540.923364237459,0.9991173,0.002209612,2353789,eclipsing_binary
1540.9247531062065,0.99884695,0.002208453,2353789,eclipsing_binary
1540.926141974954,1.0016788,0.0022118369,2353789,eclipsing_binary
1540.927530843702,1.0022517,0.002211685,2353789,eclipsing_binary
1540.928919712451,1.005807,0.0022134623,2353789,eclipsing_binary
1540.9303085807335,1.0002849,0.0022103598,2353789,eclipsing_binary
1540.9316974494811,0.9990098,0.0022109782,2353789,eclipsing_binary
1540.9330863182292,0.99609137,0.0022077577,2353789,eclipsing_binary
1540.9344751869774,0.9974119,0.0022095437,2353789,eclipsing_binary
1540.9358640557255,1.0012755,0.0022113936,2353789,eclipsing_binary
1540.9372529244736,0.9976063,0.0022067102,2353789,eclipsing_binary
1540.9386417932212,0.99702275,0.0022105295,2353789,eclipsing_binary
1540.9400306619693,0.9990447,0.0022090387,2353789,eclipsing_binary
1540.9414195307174,1.0028057,0.0022115603,2353789,eclipsing_binary
1540.942808399,0.99794406,0.0022087083,2353789,eclipsing_binary
1540.9441972677482,0.9993724,0.0022088028,2353789,eclipsing_binary
1540.9455861364956,0.99683404,0.0022097519,2353789,eclipsing_binary
1540.9469750052438,0.9992004,0.0022105142,2353789,eclipsing_binary
1540.9483638735264,0.9973678,0.0022054187,2353789,eclipsing_binary
1540.9497527422748,0.99829614,0.0022102955,2353789,eclipsing_binary
1540.9511416110229,1.0049853,0.0022148695,2353789,eclipsing_binary
1540.952530479771,0.9993994,0.0022116313,2353789,eclipsing_binary
1540.9539193480534,1.0009547,0.0022105314,2353789,eclipsing_binary
1540.955308216801,1.0010046,0.002210478,2353789,eclipsing_binary
1540.9566970855492,0.99415654,0.0022055944,2353789,eclipsing_binary
1540.9580859538316,1.0020845,0.0022105689,2353789,eclipsing_binary
1540.9594748225798,1.0016838,0.00221141,2353789,eclipsing_binary
1540.9608636913279,0.9967743,0.0022097072,2353789,eclipsing_binary
1540.9622525596099,0.9961061,0.0022074797,2353789,eclipsing_binary
1540.963641428358,1.0001562,0.0022094615,2353789,eclipsing_binary
1540.965030297106,1.000213,0.0022100739,2353789,eclipsing_binary
1540.9664191653885,0.99829775,0.0022087607,2353789,eclipsing_binary
1540.9678080341369,1.0038756,0.0022146034,2353789,eclipsing_binary
1540.9691969024186,1.0009435,0.00221066,2353789,eclipsing_binary
1540.9705857711667,0.99752665,0.0022087302,2353789,eclipsing_binary
1540.97197463945,0.99360216,0.0022067644,2353789,eclipsing_binary
1540.9733635081982,1.0022845,0.0022131496,2353789,eclipsing_binary
1540.9747523764802,1.0002304,0.002210208,2353789,eclipsing_binary
1540.9761412452274,1.0007435,0.0022106671,2353789,eclipsing_binary
1540.97753011351,0.9995299,0.002211349,2353789,eclipsing_binary
1540.9789189822588,0.9999498,0.0022091924,2353789,eclipsing_binary
1540.9803078505413,1.0027392,0.0022114683,2353789,eclipsing_binary
1540.981696719289,0.9982765,0.0022086021,2353789,eclipsing_binary
1540.983085587571,0.99961275,0.0022128166,2353789,eclipsing_binary
1540.9844744558534,1.000231,0.0022117316,2353789,eclipsing_binary
1540.985863324602,0.99899644,0.0022103214,2353789,eclipsing_binary
1540.9872521928846,1.0047946,0.0022127046,2353789,eclipsing_binary
1540.988641061632,0.99829036,0.0022079395,2353789,eclipsing_binary
1540.990029929914,0.9991474,0.0022102012,2353789,eclipsing_binary
1540.9914187981972,1.000974,0.0022106187,2353789,eclipsing_binary
1540.992807666946,1.0007981,0.0022113584,2353789,eclipsing_binary
1540.994196535228,1.0004362,0.0022106506,2353789,eclipsing_binary
1540.9955854035095,0.99930227,0.0022106397,2353789,eclipsing_binary
1540.9969742717915,0.99939513,0.0022107826,2353789,eclipsing_binary
1540.9983631405405,0.99847007,0.0022096555,2353789,eclipsing_binary
1540.9997520088234,1.0010246,0.002210518,2353789,eclipsing_binary
1541.0011408771054,0.99911404,0.002210861,2353789,eclipsing_binary
1541.0025297453874,1.0015978,0.0022107768,2353789,eclipsing_binary
1541.0039186141346,1.0005736,0.0022099656,2353789,eclipsing_binary
1541.005307482418,1.0005882,0.0022099447,2353789,eclipsing_binary
1541.0066963507013,1.0036368,0.0022128467,2353789,eclipsing_binary
1541.0080852189828,0.99982536,0.002210506,2353789,eclipsing_binary
1541.0094740872648,1.0051361,0.0022127158,2353789,eclipsing_binary
1541.010862956013,1.0037965,0.0022119596,2353789,eclipsing_binary
1541.0122518242963,1.0016036,0.002212396,2353789,eclipsing_binary
1541.0136406925787,1.0039287,0.002210993,2353789,eclipsing_binary
1541.0150295608605,1.0044388,0.0022121249,2353789,eclipsing_binary
1541.0164184291423,0.99990714,0.002209181,2353789,eclipsing_binary
1541.0178072974247,1.0011559,0.0022114608,2353789,eclipsing_binary
1541.019196165708,0.9999186,0.0022106296,2353789,eclipsing_binary
1541.0205850339905,1.0002272,0.0022089,2353789,eclipsing_binary
1541.0219739022725,1.0023385,0.0022122918,2353789,eclipsing_binary
1541.023362770554,1.0025431,0.0022111426,2353789,eclipsing_binary
1541.0247516388367,1.0044132,0.0022135607,2353789,eclipsing_binary
1541.0261405071199,1.0011319,0.002211381,2353789,eclipsing_binary
1541.0275293754023,0.999514,0.002209276,2353789,eclipsing_binary
1541.0289182436843,0.99981433,0.0022100618,2353789,eclipsing_binary
1541.0303071119667,1.0009307,0.0022101023,2353789,eclipsing_binary
1541.0316959802492,1.0032572,0.0022129053,2353789,eclipsing_binary
1541.0330848485316,1.0013262,0.0022094294,2353789,eclipsing_binary
1541.0344737168143,1.006142,0.0022144408,2353789,eclipsing_binary
1541.035862585096,0.999015,0.0022093237,2353789,eclipsing_binary
1541.0372514529129,0.99706054,0.0022073793,2353789,eclipsing_binary
1541.0386403211953,0.9995038,0.0022104755,2353789,eclipsing_binary
1541.040029189478,1.0005691,0.0022106795,2353789,eclipsing_binary
1541.0414180577607,1.0010474,0.0022117808,2353789,eclipsing_binary
1541.0428069260422,1.0011808,0.0022112662,2353789,eclipsing_binary
1541.0441957943249,0.99940175,0.0022097824,2353789,eclipsing_binary
1541.045584662142,0.9988479,0.0022090753,2353789,eclipsing_binary
1541.0469735304243,1.0027559,0.0022120639,2353789,eclipsing_binary
1541.0483623987068,0.996968,0.0022080282,2353789,eclipsing_binary
1541.0497512669892,0.9968701,0.0022050794,2353789,eclipsing_binary
1541.051140134806,1.0003546,0.0022082797,2353789,eclipsing_binary
1541.052529003088,0.99771357,0.0022087705,2353789,eclipsing_binary
1541.0539178713705,1.0008831,0.0022105977,2353789,eclipsing_binary
1541.055306739653,1.0037928,0.0022129118,2353789,eclipsing_binary
1541.0566956074697,1.0017027,0.002211464,2353789,eclipsing_binary
1541.0580844757524,0.99951303,0.0022091533,2353789,eclipsing_binary
1541.0594733440341,0.9995282,0.0022087977,2353789,eclipsing_binary
1541.060862211851,0.9973279,0.0022082783,2353789,eclipsing_binary
1541.0622510801334,1.0019447,0.0022116594,2353789,eclipsing_binary
1541.0636399479504,0.99929875,0.0022092147,2353789,eclipsing_binary
1541.065028816233,0.998403,0.0022107873,2353789,eclipsing_binary
1541.0664176845146,0.997455,0.0022104213,2353789,eclipsing_binary
1541.0678065523316,0.9988413,0.0022088154,2353789,eclipsing_binary
1541.0691954206147,1.00104,0.0022097493,2353789,eclipsing_binary
1541.0705842884315,1.0015216,0.0022130355,2353789,eclipsing_binary
1541.0719731567135,1.0005269,0.0022110126,2353789,eclipsing_binary
1541.0733620245296,1.0000255,0.0022102366,2353789,eclipsing_binary
1541.0747508928123,1.0036477,0.002211613,2353789,eclipsing_binary
1541.0761397606295,1.0029994,0.002212352,2353789,eclipsing_binary
1541.0775286289122,1.0016011,0.002210397,2353789,eclipsing_binary
1541.0789174967283,1.002878,0.0022122336,2353789,eclipsing_binary
1541.0803063650103,1.00417,0.0022133675,2353789,eclipsing_binary
1541.081695232827,0.9988948,0.0022105812,2353789,eclipsing_binary
1541.0830841006446,1.0022359,0.0022123891,2353789,eclipsing_binary
1541.0844729689272,1.0004042,0.002211137,2353789,eclipsing_binary
1541.085861836743,1.0004035,0.002210589,2353789,eclipsing_binary
1541.0872507045594,1.0025554,0.0022106185,2353789,eclipsing_binary
1541.0886395728428,1.0036145,0.0022125766,2353789,eclipsing_binary
1541.09002844066,1.000574,0.0022111302,2353789,eclipsing_binary
1541.0914173084764,1.004714,0.0022119253,2353789,eclipsing_binary
1541.0928061767584,1.0009146,0.0022096643,2353789,eclipsing_binary
1541.0941950445742,0.9981494,0.0022062818,2353789,eclipsing_binary
1541.095583912392,1.000984,0.0022107498,2353789,eclipsing_binary
1541.096972780675,0.9995426,0.0022098117,2353789,eclipsing_binary
1541.0983616484912,1.0028055,0.002209739,2353789,eclipsing_binary
1541.0997505163075,0.99709797,0.002205143,2353789,eclipsing_binary
1541.1011393841236,1.0028282,0.0022129575,2353789,eclipsing_binary
1541.102528251941,0.9991393,0.0022085416,2353789,eclipsing_binary
1541.1039171202244,1.0004371,0.00220983,2353789,eclipsing_binary
1541.1053059880403,0.9960439,0.002207375,2353789,eclipsing_binary
1541.1066948558566,1.000408,0.0022110404,2353789,eclipsing_binary
1541.1080837236734,0.999842,0.002210402,2353789,eclipsing_binary
1541.109472591491,1.0016444,0.0022132797,2353789,eclipsing_binary
1541.110861459308,0.99693674,0.0022090832,2353789,eclipsing_binary
1541.11225032759,1.0017531,0.0022110234,2353789,eclipsing_binary
1541.1136391954058,1.0003246,0.0022100878,2353789,eclipsing_binary
1541.1150280632226,0.9995913,0.0022096257,2353789,eclipsing_binary
1541.1164169310402,0.9998806,0.0022111258,2353789,eclipsing_binary
1541.117805798857,0.9993444,0.0022129558,2353789,eclipsing_binary
1541.1191946666734,1.000532,0.00220927,2353789,eclipsing_binary
1541.1205835344895,0.99891526,0.0022100776,2353789,eclipsing_binary
1541.1219724023065,0.99696386,0.0022092087,2353789,eclipsing_binary
1541.1233612701237,1.0004617,0.0022116504,2353789,eclipsing_binary
1541.1247501379407,0.999085,0.0022102124,2353789,eclipsing_binary
1541.1261390057568,1.0028218,0.0022120678,2353789,eclipsing_binary
1541.1275278735736,0.99525464,0.002207796,2353789,eclipsing_binary
1541.1289167413904,1.0009928,0.0022116932,2353789,eclipsing_binary
1541.1303056087418,0.99799603,0.0022090457,2353789,eclipsing_binary
1541.1316944765588,1.0008208,0.0022117284,2353789,eclipsing_binary
1541.1330833443747,1.0019575,0.0022117984,2353789,eclipsing_binary
1541.1344722121917,1.0026911,0.0022130162,2353789,eclipsing_binary
1541.1358610800087,1.0015495,0.0022109847,2353789,eclipsing_binary
1541.1372499478255,0.99876815,0.0022086152,2353789,eclipsing_binary
1541.1386388156423,1.0032444,0.0022114501,2353789,eclipsing_binary
1541.1400276829927,1.0016693,0.0022112206,2353789,eclipsing_binary
1541.1414165508097,0.9960531,0.0022064906,2353789,eclipsing_binary
1541.1428054186265,0.9991945,0.0022097526,2353789,eclipsing_binary
1541.1441942864433,1.00063,0.0022095996,2353789,eclipsing_binary
1541.14558315426,1.002064,0.0022127528,2353789,eclipsing_binary
1541.1469720216112,0.99608624,0.0022077514,2353789,eclipsing_binary
1541.148360889428,1.0002315,0.0022081973,2353789,eclipsing_binary
1541.1497497572443,1.0034161,0.0022122925,2353789,eclipsing_binary
1541.1511386245954,0.99838954,0.002210316,2353789,eclipsing_binary
1541.1525274924122,0.9967954,0.002209119,2353789,eclipsing_binary
1541.1539163602292,0.9978559,0.002208495,2353789,eclipsing_binary
1541.1553052275806,0.9990645,0.0022108739,2353789,eclipsing_binary
1541.1566940953965,0.9959501,0.0022086746,2353789,eclipsing_binary
1541.1580829632132,0.99658,0.0022085214,2353789,eclipsing_binary
1541.1594718305646,0.9956078,0.0022072247,2353789,eclipsing_binary
1541.1608606983816,1.0012918,0.0022106236,2353789,eclipsing_binary
1541.1622495657327,0.9980329,0.0022107374,2353789,eclipsing_binary
1541.1636384335488,0.99619573,0.0022094059,2353789,eclipsing_binary
1541.1650273013659,1.0008135,0.0022073814,2353789,eclipsing_binary
1541.1664161687174,0.9984419,0.002208892,2353789,eclipsing_binary
1541.1678050365344,1.0007263,0.0022129817,2353789,eclipsing_binary
1541.169193903885,0.9941929,0.002204354,2353789,eclipsing_binary
1541.1705827717012,0.9967382,0.0022072578,2353789,eclipsing_binary
1541.1719716390523,0.9979693,0.0022090012,2353789,eclipsing_binary
1541.1733605064042,0.9979703,0.0022083335,2353789,eclipsing_binary
1541.1747493742212,1.0035646,0.002213275,2353789,eclipsing_binary
1541.1761382415714,0.99572706,0.0022053188,2353789,eclipsing_binary
1541.1775271093877,1.0014685,0.002210231,2353789,eclipsing_binary
1541.1789159767388,1.0007105,0.0022083938,2353789,eclipsing_binary
1541.1803048445565,0.9939364,0.0022042308,2353789,eclipsing_binary
1541.1816937119077,0.9956939,0.0022058687,2353789,eclipsing_binary
1541.183082579258,0.9908313,0.002202985,2353789,eclipsing_binary
1541.1844714470742,0.9948503,0.0022066513,2353789,eclipsing_binary
1541.1858603144253,0.989467,0.0022015653,2353789,eclipsing_binary
1541.1872491817774,0.9873427,0.0021995679,2353789,eclipsing_binary
1541.1886380491285,0.98948014,0.002202209,2353789,eclipsing_binary
1541.1900269169448,0.9877475,0.00220173,2353789,eclipsing_binary
1541.191415784295,0.9809866,0.0021962796,2353789,eclipsing_binary
1541.1928046516464,0.9871268,0.0022005485,2353789,eclipsing_binary
1541.1941935189982,0.98483676,0.0021979527,2353789,eclipsing_binary
1541.195582386815,0.98342395,0.002198129,2353789,eclipsing_binary
1541.1969712541656,0.9862555,0.0021989543,2353789,eclipsing_binary
1541.1983601215163,0.98076916,0.0021948318,2353789,eclipsing_binary
1541.1997489888674,0.9826481,0.0021974987,2353789,eclipsing_binary
1541.201137856219,0.979401,0.0021953795,2353789,eclipsing_binary
1541.202526724036,0.97967577,0.002194903,2353789,eclipsing_binary
1541.2039155913865,0.98140264,0.002197888,2353789,eclipsing_binary
1541.2053044587371,0.98428845,0.0021995134,2353789,eclipsing_binary
1541.2066933260883,0.980134,0.0021938863,2353789,eclipsing_binary
1541.2080821934403,0.97648185,0.0021923454,2353789,eclipsing_binary
1541.2094710607914,0.97878605,0.002193939,2353789,eclipsing_binary
1541.2108599281416,0.97568285,0.0021919964,2353789,eclipsing_binary
1541.212248795493,0.9696982,0.0021870164,2353789,eclipsing_binary
1541.2136376628443,0.97295696,0.0021876397,2353789,eclipsing_binary
1541.2150265301955,0.9725079,0.002191192,2353789,eclipsing_binary
1541.2164153975466,0.97151965,0.0021867622,2353789,eclipsing_binary
1541.2178042648973,0.9676466,0.0021857817,2353789,eclipsing_binary
1541.2191931322484,0.9729725,0.002189179,2353789,eclipsing_binary
1541.2205819995995,0.9730696,0.0021894544,2353789,eclipsing_binary
1541.2219708669506,0.9704736,0.0021858185,2353789,eclipsing_binary
1541.2233597343018,0.9739468,0.0021897284,2353789,eclipsing_binary
1541.2247486016524,0.9713384,0.0021868087,2353789,eclipsing_binary
1541.2261374690036,0.9684828,0.002184538,2353789,eclipsing_binary
1541.2275263363547,0.9715026,0.0021872018,2353789,eclipsing_binary
1541.2289152032401,0.97303814,0.0021899668,2353789,eclipsing_binary
1541.2303040705915,0.97223645,0.0021872919,2353789,eclipsing_binary
1541.2316929379429,0.96899265,0.0021861645,2353789,eclipsing_binary
1541.233081805294,0.9734848,0.002193304,2353789,eclipsing_binary
1541.2344706726442,0.96927965,0.0021865682,2353789,eclipsing_binary
1541.2358595395299,0.9694673,0.0021861847,2353789,eclipsing_binary
1541.2372484068812,0.9711051,0.0021893112,2353789,eclipsing_binary
1541.2386372742324,0.972259,0.0021883533,2353789,eclipsing_binary
1541.2400261415835,0.9721832,0.0021873848,2353789,eclipsing_binary
1541.2414150084685,0.9741527,0.002190122,2353789,eclipsing_binary
1541.2428038758196,0.9737775,0.002190578,2353789,eclipsing_binary
1541.2441927431707,0.9757845,0.0021939266,2353789,eclipsing_binary
1541.2455816100562,0.97593534,0.002191487,2353789,eclipsing_binary
1541.2469704774073,0.9795263,0.0021949608,2353789,eclipsing_binary
1541.248359344758,0.9775482,0.0021930935,2353789,eclipsing_binary
1541.2497482116435,0.9797415,0.0021938493,2353789,eclipsing_binary
1541.2511370789955,0.97999704,0.0021959308,2353789,eclipsing_binary
1541.2525259463466,0.9817603,0.00219621,2353789,eclipsing_binary
1541.2539148132312,0.9825176,0.0021972368,2353789,eclipsing_binary
1541.2553036805818,0.98399,0.0021985625,2353789,eclipsing_binary
1541.2566925474673,0.9839508,0.002200159,2353789,eclipsing_binary
1541.2580814148193,0.98375374,0.0022002256,2353789,eclipsing_binary
1541.2594702817048,0.9877395,0.0022001097,2353789,eclipsing_binary
1541.2608591490555,0.9861942,0.002199197,2353789,eclipsing_binary
1541.26224801594,0.9895518,0.0022014987,2353789,eclipsing_binary
1541.2636368832914,0.98800135,0.00220253,2353789,eclipsing_binary
1541.2650257501775,0.9948303,0.0022058415,2353789,eclipsing_binary
1541.2664146175287,0.99374783,0.0022045244,2353789,eclipsing_binary
1541.2678034844137,0.98875755,0.0022020198,2353789,eclipsing_binary
1541.2691923512984,0.99711263,0.0022065346,2353789,eclipsing_binary
1541.2705812186502,0.9951931,0.002206133,2353789,eclipsing_binary
1541.2719700855366,0.9961834,0.0022056636,2353789,eclipsing_binary
1541.273358952887,0.99860764,0.0022087,2353789,eclipsing_binary
1541.2747478197718,0.9964267,0.0022089873,2353789,eclipsing_binary
1541.2761366866569,0.99769527,0.0022069307,2353789,eclipsing_binary
1541.2775255540084,0.9917613,0.0022043758,2353789,eclipsing_binary
1541.2789144208948,0.9972505,0.0022078801,2353789,eclipsing_binary
1541.2803032877798,0.99572235,0.0022074438,2353789,eclipsing_binary
1541.2816921546644,0.9960251,0.002207894,2353789,eclipsing_binary
1541.283081022015,0.99548584,0.0022072485,2353789,eclipsing_binary
1541.2844698889014,0.9949946,0.0022060203,2353789,eclipsing_binary
1541.2858587557873,1.0015455,0.0022119046,2353789,eclipsing_binary
1541.2872476226723,0.99605453,0.0022060184,2353789,eclipsing_binary
1541.2886364900228,0.9967068,0.002208217,2353789,eclipsing_binary
1541.2900253569085,0.99704856,0.002208833,2353789,eclipsing_binary
1541.2914142237944,0.9999637,0.002208817,2353789,eclipsing_binary
1541.29280309068,0.9942474,0.0022066606,2353789,eclipsing_binary
1541.2941919575649,0.997904,0.0022087363,2353789,eclipsing_binary
1541.2955808244499,0.9965946,0.0022068766,2353789,eclipsing_binary
1541.2969696913353,0.9956769,0.0022065954,2353789,eclipsing_binary
1541.2983585586871,0.99392635,0.0022097416,2353789,eclipsing_binary
1541.2997474255728,0.9955602,0.002207819,2353789,eclipsing_binary
1541.3011362924574,0.9963652,0.0022084066,2353789,eclipsing_binary
1541.3025251593424,0.997471,0.0022071914,2353789,eclipsing_binary
1541.3039140262279,0.9946631,0.002204456,2353789,eclipsing_binary
1541.3053028931142,0.9920262,0.002204706,2353789,eclipsing_binary
1541.3066917599997,0.9939578,0.0022036869,2353789,eclipsing_binary
1541.3080806268847,0.99571455,0.002206008,2353789,eclipsing_binary
1541.3094694937702,0.9958965,0.0022063302,2353789,eclipsing_binary
1541.3108583606556,0.9954872,0.0022065735,2353789,eclipsing_binary
1541.312247227541,0.9943484,0.0022053327,2353789,eclipsing_binary
1541.313636093961,0.9910646,0.0022046731,2353789,eclipsing_binary
1541.315024960846,0.9982337,0.0022072466,2353789,eclipsing_binary
1541.3164138277314,0.9980097,0.002208258,2353789,eclipsing_binary
1541.3178026946168,1.0023401,0.0022097009,2353789,eclipsing_binary
1541.3191915615023,0.9916127,0.0022015283,2353789,eclipsing_binary
1541.3205804283878,0.9932024,0.0022063365,2353789,eclipsing_binary
1541.3219692952728,0.9976852,0.002209376,2353789,eclipsing_binary
1541.3233581616926,0.99230814,0.0022041465,2353789,eclipsing_binary
1541.324747028578,0.9977404,0.0022089428,2353789,eclipsing_binary
1541.3261358954637,1.0005224,0.0022072564,2353789,eclipsing_binary
1541.3275247623494,0.9946187,0.0022069102,2353789,eclipsing_binary
1541.3289136287692,0.99600774,0.0022073044,2353789,eclipsing_binary
1541.3303024956547,0.9979447,0.0022087502,2353789,eclipsing_binary
1541.3316913625395,0.9984407,0.0022094734,2353789,eclipsing_binary
1541.3330802294242,0.99988747,0.0022106627,2353789,eclipsing_binary
1541.334469095844,0.99570024,0.0022061993,2353789,eclipsing_binary
1541.3358579627304,0.99703014,0.0022080776,2353789,eclipsing_binary
1541.3372468296159,1.001332,0.0022087141,2353789,eclipsing_binary
1541.3386356960352,0.9992302,0.0022091917,2353789,eclipsing_binary
1541.3400245629198,1.0003717,0.0022081817,2353789,eclipsing_binary
1541.3414134293398,0.99616355,0.0022085982,2353789,eclipsing_binary
1541.342802296226,0.9997309,0.0022089018,2353789,eclipsing_binary
1541.3441911626458,0.9981428,0.0022075516,2353789,eclipsing_binary
1541.3455800295308,0.9995903,0.0022081067,2353789,eclipsing_binary
1541.3469688964158,0.99747586,0.0022091644,2353789,eclipsing_binary
1541.348357762836,0.99624676,0.0022056804,2353789,eclipsing_binary
1541.3497466297224,0.99537784,0.0022064364,2353789,eclipsing_binary
1541.3511354961418,0.9938518,0.0022062287,2353789,eclipsing_binary
1541.3525243630263,0.9936135,0.002205081,2353789,eclipsing_binary
1541.3539132294457,0.9976312,0.0022083481,2353789,eclipsing_binary
1541.3553020958661,0.99632156,0.0022071297,2353789,eclipsing_binary
1541.3566909627523,0.99869883,0.0022084175,2353789,eclipsing_binary
1541.3580798291716,1.0005994,0.002212322,2353789,eclipsing_binary
1541.3594686960564,0.9950691,0.002206191,2353789,eclipsing_binary
1541.3608575624755,1.0002431,0.0022094368,2353789,eclipsing_binary
1541.3622464288962,0.99994564,0.0022109372,2353789,eclipsing_binary
1541.3636352957822,0.9963045,0.0022054205,2353789,eclipsing_binary
1541.3650241622015,0.99796456,0.0022081868,2353789,eclipsing_binary
1541.3664130286209,0.99394286,0.0022057216,2353789,eclipsing_binary
1541.3678018955063,0.9934443,0.002203022,2353789,eclipsing_binary
1541.3691907619268,1.0011699,0.0022093863,2353789,eclipsing_binary
1541.3705796283468,0.9991111,0.0022061698,2353789,eclipsing_binary
1541.3719684947657,0.99706566,0.0022082184,2353789,eclipsing_binary
1541.3733573616507,1.0005547,0.0022129847,2353789,eclipsing_binary
1541.3747462280705,0.99879044,0.0022102485,2353789,eclipsing_binary
1541.3761350944912,1.001792,0.0022091162,2353789,eclipsing_binary
1541.377523960911,0.99852,0.0022075668,2353789,eclipsing_binary
1541.3789128273302,0.99926573,0.002207961,2353789,eclipsing_binary
1541.380301694215,0.9985306,0.0022074536,2353789,eclipsing_binary
1541.3816905606348,1.0034324,0.0022128224,2353789,eclipsing_binary
1541.3830794270555,0.9965474,0.0022055814,2353789,eclipsing_binary
1541.3844682934753,1.0016534,0.0022096273,2353789,eclipsing_binary
1541.3858571598946,0.99757946,0.0022075737,2353789,eclipsing_binary
1541.3872460263144,0.9967302,0.0022082624,2353789,eclipsing_binary
1541.3886348927342,0.9983426,0.0022076187,2353789,eclipsing_binary
1541.390023759154,1.002067,0.0022111465,2353789,eclipsing_binary
1541.3914126255738,0.99797297,0.00220691,2353789,eclipsing_binary
1541.3928014919932,0.99781287,0.0022090054,2353789,eclipsing_binary
1541.394190358413,0.9953001,0.0022020047,2353789,eclipsing_binary
1541.3955792248328,0.99866414,0.0022086834,2353789,eclipsing_binary
1541.3969680912526,0.9962704,0.0022052363,2353789,eclipsing_binary
1541.3983569576726,0.9961014,0.002206013,2353789,eclipsing_binary
1541.3997458240917,0.99854076,0.0022082857,2353789,eclipsing_binary
1541.4011346905115,1.0014079,0.0022114706,2353789,eclipsing_binary
1541.4025235569316,0.9980718,0.002208479,2353789,eclipsing_binary
1541.4039124233516,0.9972689,0.0022083344,2353789,eclipsing_binary
1541.4053012893057,0.9989183,0.0022092531,2353789,eclipsing_binary
1541.4066901557255,1.003369,0.0022107305,2353789,eclipsing_binary
1541.4080790221453,0.9969593,0.0022072527,2353789,eclipsing_binary
1541.4094678885647,0.9994229,0.002211367,2353789,eclipsing_binary
1541.4108567549845,0.99845564,0.0022088832,2353789,eclipsing_binary
1541.4122456209386,1.0021836,0.0022084846,2353789,eclipsing_binary
1541.4136344873584,0.99642,0.0022070475,2353789,eclipsing_binary
1541.4150233537782,1.000815,0.0022108697,2353789,eclipsing_binary
1541.4164122201976,0.99949455,0.002209557,2353789,eclipsing_binary
1541.4178010861517,0.99787104,0.0022080564,2353789,eclipsing_binary
1541.4191899525715,1.0004565,0.0022102166,2353789,eclipsing_binary
1541.4205788189913,0.9991217,0.0022081581,2353789,eclipsing_binary
1541.4219676849457,0.9988977,0.0022089903,2353789,eclipsing_binary
1541.4233565513648,0.9977824,0.0022083034,2353789,eclipsing_binary
1541.4247454177846,0.9988857,0.0022085223,2353789,eclipsing_binary
1541.4261342837397,1.0002447,0.0022082762,2353789,eclipsing_binary
1541.4275231501595,0.9974635,0.00220818,2353789,eclipsing_binary
1541.4289120161131,0.99923724,0.0022077637,2353789,eclipsing_binary
1541.430300882532,0.99935895,0.0022105533,2353789,eclipsing_binary
1541.431689748952,0.9999842,0.0022091363,2353789,eclipsing_binary
1541.433078614907,0.9999113,0.0022093044,2353789,eclipsing_binary
1541.4344674813267,0.99700487,0.002206583,2353789,eclipsing_binary
1541.4358563472804,0.997799,0.0022076115,2353789,eclipsing_binary
1541.4372452136997,1.0000539,0.0022104054,2353789,eclipsing_binary
1541.4386340796539,0.9974103,0.0022084862,2353789,eclipsing_binary
1541.4400229456085,0.9994008,0.0022089793,2353789,eclipsing_binary
1541.4414118120285,0.9981586,0.0022065716,2353789,eclipsing_binary
1541.442800677982,0.9980338,0.002208249,2353789,eclipsing_binary
1541.4441895444013,0.9996822,0.0022109766,2353789,eclipsing_binary
1541.4455784103554,1.003389,0.0022118308,2353789,eclipsing_binary
1541.4469672763105,1.0008609,0.0022080794,2353789,eclipsing_binary
1541.4483561427303,0.99904716,0.0022100438,2353789,eclipsing_binary
1541.4497450086835,0.9996985,0.0022097568,2353789,eclipsing_binary
1541.4511338746372,0.9978714,0.0022082482,2353789,eclipsing_binary
1541.452522741057,1.0018423,0.0022094913,2353789,eclipsing_binary
1541.453911607012,1.0012839,0.0022116494,2353789,eclipsing_binary
1541.4553004729662,1.0018027,0.0022109174,2353789,eclipsing_binary
1541.45668933892,1.0016729,0.0022108217,2353789,eclipsing_binary
1541.4580782053388,1.0014936,0.0022113242,2353789,eclipsing_binary
1541.459467071293,1.0031312,0.0022125002,2353789,eclipsing_binary
1541.460855937248,1.0009956,0.0022103223,2353789,eclipsing_binary
1541.462244803202,1.0033579,0.0022118997,2353789,eclipsing_binary
1541.4636336691558,1.000571,0.0022112564,2353789,eclipsing_binary
1541.4650225355756,1.0024445,0.002212692,2353789,eclipsing_binary
1541.4664114015297,1.0009524,0.0022106783,2353789,eclipsing_binary
1541.4678002674839,1.0004547,0.0022098927,2353789,eclipsing_binary
1541.469189133438,1.0033532,0.0022125128,2353789,eclipsing_binary
1541.4705779993917,0.99865466,0.0022099698,2353789,eclipsing_binary
1541.4719668653458,0.9997434,0.0022098166,2353789,eclipsing_binary
1541.4733557313,0.9986284,0.0022078825,2353789,eclipsing_binary
1541.4747445972544,0.99831665,0.0022086177,2353789,eclipsing_binary
1541.4761334632087,0.99615777,0.0022081195,2353789,eclipsing_binary
1541.477522329162,1.0014488,0.0022093775,2353789,eclipsing_binary
1541.4789111951163,1.0001163,0.0022113177,2353789,eclipsing_binary
1541.4803000610707,1.0032808,0.0022125188,2353789,eclipsing_binary
1541.4816889270248,0.99795324,0.0022085225,2353789,eclipsing_binary
1541.483077792979,0.9986029,0.002209103,2353789,eclipsing_binary
1541.4844666589331,1.0045295,0.0022122809,2353789,eclipsing_binary
1541.4858555248873,1.0006899,0.0022109274,2353789,eclipsing_binary
1541.487244390841,0.9986699,0.0022074634,2353789,eclipsing_binary
1541.4886332563294,1.0005448,0.002209719,2353789,eclipsing_binary
1541.4900221222836,1.000322,0.0022115747,2353789,eclipsing_binary
1541.4914109882377,1.0012347,0.0022125554,2353789,eclipsing_binary
1541.4927998541918,0.9995989,0.0022093006,2353789,eclipsing_binary
1541.4941887201455,1.0038203,0.0022133125,2353789,eclipsing_binary
1541.495577585634,0.998214,0.0022089784,2353789,eclipsing_binary
1541.4969664515882,1.0012648,0.0022117668,2353789,eclipsing_binary
1541.4983553175425,1.0003928,0.0022125158,2353789,eclipsing_binary
1541.499744183497,1.0007453,0.0022102592,2353789,eclipsing_binary
1541.5011330489845,1.0009655,0.0022114245,2353789,eclipsing_binary
1541.5025219149386,1.0021566,0.0022109523,2353789,eclipsing_binary
1541.5039107808936,1.0023664,0.0022114865,2353789,eclipsing_binary
1541.5052996463821,0.99906576,0.002207983,2353789,eclipsing_binary
1541.5066885123358,1.0022767,0.0022119868,2353789,eclipsing_binary
1541.5080773782893,0.99906534,0.0022116473,2353789,eclipsing_binary
1541.509466243778,0.9959721,0.0022051902,2353789,eclipsing_binary
1541.5108551097326,0.99839664,0.002209401,2353789,eclipsing_binary
1541.5122439752213,0.99891996,0.0022099447,2353789,eclipsing_binary
1541.5136328411747,0.9996639,0.0022110825,2353789,eclipsing_binary
1541.5150217066628,0.9996955,0.0022098722,2353789,eclipsing_binary
1541.516410572617,1.0008243,0.0022120664,2353789,eclipsing_binary
1541.517799438106,1.0015311,0.0022102303,2353789,eclipsing_binary
1541.5191883040604,0.9999032,0.0022102518,2353789,eclipsing_binary
1541.520577169548,1.005553,0.0022137181,2353789,eclipsing_binary
1541.5219660355017,1.0031297,0.0022103786,2353789,eclipsing_binary
1541.5233549009909,1.0023366,0.0022140113,2353789,eclipsing_binary
1541.5247437669457,1.0035843,0.0022110806,2353789,eclipsing_binary
1541.5261326324337,1.0022688,0.0022117312,2353789,eclipsing_binary
1541.5275214979215,1.0026163,0.002211195,2353789,eclipsing_binary
1541.528910363875,0.99936265,0.0022095584,2353789,eclipsing_binary
1541.5302992293643,1.0010704,0.0022100233,2353789,eclipsing_binary
1541.5316880948535,1.0010653,0.0022098382,2353789,eclipsing_binary
1541.533076960807,0.99911886,0.0022091686,2353789,eclipsing_binary
1541.534465826295,1.002566,0.0022117645,2353789,eclipsing_binary
1541.5358546917826,1.0023432,0.0022112133,2353789,eclipsing_binary
1541.537243557737,0.9981527,0.0022072226,2353789,eclipsing_binary
1541.538632423226,1.0025954,0.0022119319,2353789,eclipsing_binary
1541.5400212887146,1.0027362,0.0022125498,2353789,eclipsing_binary
1541.5414101542026,1.0018375,0.0022092788,2353789,eclipsing_binary
1541.542799019691,1.0019104,0.002211376,2353789,eclipsing_binary
1541.5441878856452,1.0042413,0.0022148252,2353789,eclipsing_binary
1541.5455767511337,1.00152,0.0022086261,2353789,eclipsing_binary
1541.5469656166224,1.0010073,0.0022106243,2353789,eclipsing_binary
1541.5483544821102,1.0007113,0.002210571,2353789,eclipsing_binary
1541.5497433475987,1.004063,0.0022124457,2353789,eclipsing_binary
1541.5511322130874,1.0000031,0.002208881,2353789,eclipsing_binary
1541.552521078576,1.001025,0.0022111144,2353789,eclipsing_binary
1541.5539099440646,1.0004199,0.002209434,2353789,eclipsing_binary
1541.5552988095521,1.0025263,0.0022096788,2353789,eclipsing_binary
1541.5566876750408,1.0052484,0.0022126124,2353789,eclipsing_binary
1541.5580765405296,1.002106,0.0022112348,2353789,eclipsing_binary
1541.559465406018,0.99864453,0.00220824,2353789,eclipsing_binary
1541.5608542715065,1.0048283,0.0022125444,2353789,eclipsing_binary
1541.562243136995,1.0030556,0.002211587,2353789,eclipsing_binary
1541.5636320024835,1.0038565,0.0022139451,2353789,eclipsing_binary
1541.5650208679715,0.99831045,0.0022078343,2353789,eclipsing_binary
1541.56640973346,1.0049978,0.00221403,2353789,eclipsing_binary
1541.5677985989485,0.9993869,0.0022107249,2353789,eclipsing_binary
1541.569187464437,1.0022943,0.0022135896,2353789,eclipsing_binary
1541.5705763299256,1.0035185,0.002214034,2353789,eclipsing_binary
1541.5719651949478,1.0029329,0.002214149,2353789,eclipsing_binary
1541.5733540604363,1.0042795,0.002215746,2353789,eclipsing_binary
1541.574742925925,1.0017177,0.00221144,2353789,eclipsing_binary
1541.5761317914137,1.0062165,0.0022139482,2353789,eclipsing_binary
1541.5775206564365,0.9994083,0.002210254,2353789,eclipsing_binary
1541.578909521924,1.0055068,0.0022131947,2353789,eclipsing_binary
1541.5802983874128,1.0029553,0.002212199,2353789,eclipsing_binary
1541.581687252902,1.0009516,0.002211607,2353789,eclipsing_binary
1541.5830761179247,1.0022622,0.0022099942,2353789,eclipsing_binary
1541.5844649834128,1.0053601,0.0022135454,2353789,eclipsing_binary
1541.5858538489008,1.0025203,0.0022107607,2353789,eclipsing_binary
1541.5872427139236,1.0023834,0.0022123123,2353789,eclipsing_binary
1541.5886315794125,1.0016143,0.002208547,2353789,eclipsing_binary
1541.5900204444356,1.0030854,0.0022111433,2353789,eclipsing_binary
1541.5914093099234,1.0010062,0.0022081977,2353789,eclipsing_binary
1541.5927981754114,1.0037334,0.0022106252,2353789,eclipsing_binary
1541.5941870404342,1.0035672,0.0022113456,2353789,eclipsing_binary
1541.5955759059236,1.0025816,0.0022110452,2353789,eclipsing_binary
1541.5969647709464,1.003604,0.00221431,2353789,eclipsing_binary
1541.598353636434,1.0015599,0.0022107635,2353789,eclipsing_binary
1541.5997425014564,1.0011694,0.002210834,2353789,eclipsing_binary
1541.60113136648,1.0053618,0.0022125265,2353789,eclipsing_binary
1541.602520231969,1.0039229,0.0022120245,2353789,eclipsing_binary
1541.6039090969914,1.0026304,0.0022145447,2353789,eclipsing_binary
1541.6052979624794,1.002161,0.0022113041,2353789,eclipsing_binary
1541.6066868275013,1.0044309,0.0022129458,2353789,eclipsing_binary
1541.608075692525,1.0040798,0.0022121177,2353789,eclipsing_binary
1541.6094645580145,1.0030949,0.0022132243,2353789,eclipsing_binary
1541.6108534230364,1.0035607,0.002212284,2353789,eclipsing_binary
1541.6122422880587,1.0036733,0.0022119782,2353789,eclipsing_binary
1541.6136311535465,1.0028518,0.002213343,2353789,eclipsing_binary
1541.61502001857,0.99899286,0.002208862,2353789,eclipsing_binary
1541.6164088835937,1.0000576,0.0022089155,2353789,eclipsing_binary
1541.6177977486159,0.9997998,0.0022101142,2353789,eclipsing_binary
1541.6191866141037,1.0016587,0.0022108755,2353789,eclipsing_binary
1541.6205754791265,1.0044751,0.0022125484,2353789,eclipsing_binary
1541.6219643441493,1.0049747,0.0022114054,2353789,eclipsing_binary
1541.6233532091724,1.0059069,0.0022145598,2353789,eclipsing_binary
1541.6247420741954,1.0045793,0.002211653,2353789,eclipsing_binary
1541.6261309392173,0.99969715,0.0022136553,2353789,eclipsing_binary
1541.627519804706,0.9990765,0.002209129,2353789,eclipsing_binary
1541.628908669729,1.0014236,0.0022106767,2353789,eclipsing_binary
1541.630297534752,0.99809587,0.0022075335,2353789,eclipsing_binary
1541.6316863997747,0.9984452,0.002209045,2353789,eclipsing_binary
1541.6330752647968,1.0008421,0.002209415,2353789,eclipsing_binary
1541.63446412982,1.0005682,0.0022096639,2353789,eclipsing_binary
1541.6358529948427,1.002762,0.002211288,2353789,eclipsing_binary
1541.6372418598655,1.0029871,0.002210985,2353789,eclipsing_binary
1541.6386307248883,1.0020347,0.0022114732,2353789,eclipsing_binary
1541.6400195899112,1.0035024,0.0022108585,2353789,eclipsing_binary
1541.641408454934,1.0019816,0.002211583,2353789,eclipsing_binary
1541.6427973199563,1.0000906,0.002210268,2353789,eclipsing_binary
1541.6441861845135,1.0023214,0.0022110224,2353789,eclipsing_binary
1541.6455750495363,0.9999127,0.0022108192,2353789,eclipsing_binary
1541.6469639145594,1.0041417,0.0022121514,2353789,eclipsing_binary
1541.6483527795824,1.0018432,0.00221247,2353789,eclipsing_binary
1541.6497416446043,0.9992671,0.0022096864,2353789,eclipsing_binary
1541.6511305096274,1.0025936,0.0022133142,2353789,eclipsing_binary
1541.6525193741847,1.0022722,0.002212409,2353789,eclipsing_binary
1541.6539082392076,0.99948716,0.0022091123,2353789,eclipsing_binary
1541.6552971042304,0.99935335,0.0022110597,2353789,eclipsing_binary
1541.6566859692525,1.0030739,0.002213297,2353789,eclipsing_binary
1541.65807483381,1.0035224,0.0022118806,2353789,eclipsing_binary
1541.6594636988332,1.0043043,0.0022122122,2353789,eclipsing_binary
1541.6608525638562,1.0028961,0.0022130432,2353789,eclipsing_binary
1541.6622414284127,0.9975529,0.0022083567,2353789,eclipsing_binary
1541.663630293435,1.0010054,0.0022089223,2353789,eclipsing_binary
1541.6650191584579,1.0005332,0.0022100315,2353789,eclipsing_binary
1541.6664080230157,1.0026151,0.0022097148,2353789,eclipsing_binary
1541.6677968880388,1.0000674,0.0022083737,2353789,eclipsing_binary
1541.669185752595,0.99842983,0.002209708,2353789,eclipsing_binary
1541.6705746176174,1.0012262,0.0022108988,2353789,eclipsing_binary
1541.6719634821745,1.0008537,0.002211242,2353789,eclipsing_binary
1541.6733523471983,0.998594,0.0022066573,2353789,eclipsing_binary
1541.6747412117554,1.0022346,0.0022118643,2353789,eclipsing_binary
1541.6761300767776,1.0018343,0.0022085973,2353789,eclipsing_binary
1541.677518941334,1.0031638,0.0022107663,2353789,eclipsing_binary
1541.6789078063578,1.0017847,0.002210589,2353789,eclipsing_binary
1541.6802966709156,1.0019995,0.0022094885,2353789,eclipsing_binary
1541.6816855359377,0.9994045,0.0022094545,2353789,eclipsing_binary
1541.6830744004944,1.0003422,0.0022113991,2353789,eclipsing_binary
1541.6844632650507,0.9996856,0.002209445,2353789,eclipsing_binary
1541.6858521300744,0.99681586,0.0022081279,2353789,eclipsing_binary
1541.6872409946325,1.003915,0.002210445,2353789,eclipsing_binary
1541.6886298591887,0.99818635,0.0022088417,2353789,eclipsing_binary
1541.690018724211,1.0001338,0.0022095165,2353789,eclipsing_binary
1541.6914075887678,0.99831706,0.0022044245,2353789,eclipsing_binary
1541.692796453325,1.000343,0.002213864,2353789,eclipsing_binary
1541.6941853178828,1.0035087,0.00221344,2353789,eclipsing_binary
1541.6955741829058,1.003198,0.002210741,2353789,eclipsing_binary
1541.696963047462,1.0013313,0.0022113945,2353789,eclipsing_binary
1541.6983519120192,0.9986145,0.00220709,2353789,eclipsing_binary
1541.6997407765766,0.9974206,0.0022065116,2353789,eclipsing_binary
1541.701129641134,0.99836254,0.0022077467,2353789,eclipsing_binary
1541.7025185056912,0.9986203,0.0022070871,2353789,eclipsing_binary
1541.7039073702476,1.0020493,0.0022111572,2353789,eclipsing_binary
1541.7052962352707,0.997514,0.0022056873,2353789,eclipsing_binary
1541.7066850998278,1.0004909,0.0022106078,2353789,eclipsing_binary
1541.708073964385,0.99962246,0.0022098357,2353789,eclipsing_binary
1541.7094628289422,0.99964094,0.0022098164,2353789,eclipsing_binary
1541.7108516934989,1.0018892,0.002209969,2353789,eclipsing_binary
1541.712240558056,1.000076,0.002208876,2353789,eclipsing_binary
1541.7136294226132,1.0041305,0.0022119218,2353789,eclipsing_binary
1541.7150182871703,0.9984441,0.002207935,2353789,eclipsing_binary
1541.7164071517275,1.0044736,0.0022110126,2353789,eclipsing_binary
1541.717796015819,1.0003816,0.002209904,2353789,eclipsing_binary
1541.7191848803764,1.0037578,0.002212862,2353789,eclipsing_binary
1541.7205737449328,0.99970347,0.002207356,2353789,eclipsing_binary
1541.72196260949,0.9991635,0.0022114282,2353789,eclipsing_binary
1541.7233514740474,0.99991816,0.0022094187,2353789,eclipsing_binary
1541.7247403386048,0.99784243,0.0022057006,2353789,eclipsing_binary
1541.726129203162,1.0026355,0.0022112285,2353789,eclipsing_binary
1541.7275180672525,0.99541646,0.002206134,2353789,eclipsing_binary
1541.72890693181,0.99622893,0.0022060988,2353789,eclipsing_binary
1541.7302957963673,1.0012472,0.0022102268,2353789,eclipsing_binary
1541.7316846609244,1.0002028,0.0022083027,2353789,eclipsing_binary
1541.733073525016,0.9968562,0.0022030948,2353789,eclipsing_binary
1541.7344623895726,0.9989263,0.0022093258,2353789,eclipsing_binary
1541.7358512541298,1.0027148,0.0022115994,2353789,eclipsing_binary
1541.737240118222,0.99839485,0.0022085947,2353789,eclipsing_binary
1541.7386289827793,0.9957968,0.002205165,2353789,eclipsing_binary
1541.7400178473356,1.0037543,0.0022112567,2353789,eclipsing_binary
1541.7414067114266,1.0009583,0.002213546,2353789,eclipsing_binary
1541.7427955759838,1.0008606,0.0022112853,2353789,eclipsing_binary
1541.7441844400762,1.0035883,0.0022119975,2353789,eclipsing_binary
1541.7455733046334,1.0038626,0.002212464,2353789,eclipsing_binary
1541.7469621687242,1.0043929,0.0022120976,2353789,eclipsing_binary
1541.7483510332806,1.0013791,0.002211263,2353789,eclipsing_binary
1541.7497398973721,1.0021703,0.0022115053,2353789,eclipsing_binary
1541.7511287619302,0.99926394,0.002209202,2353789,eclipsing_binary
1541.7525176260217,1.0021372,0.00221186,2353789,eclipsing_binary
1541.7539064905784,1.0031538,0.0022114299,2353789,eclipsing_binary
1541.755295354669,1.0003096,0.0022093274,2353789,eclipsing_binary
1541.7566842187614,1.0007591,0.002210656,2353789,eclipsing_binary
1541.7580730833195,1.0038127,0.0022119002,2353789,eclipsing_binary
1541.75946194741,0.9979381,0.0022102115,2353789,eclipsing_binary
1541.760850811501,1.002657,0.0022103237,2353789,eclipsing_binary
1541.7622396760576,0.99999213,0.0022106683,2353789,eclipsing_binary
1541.7636285401493,1.0031422,0.0022095242,2353789,eclipsing_binary
1541.7650174042412,1.0014848,0.0022120243,2353789,eclipsing_binary
1541.7664062687986,1.0002378,0.0022098182,2353789,eclipsing_binary
1541.7677951328894,0.9996478,0.002206914,2353789,eclipsing_binary
1541.7691839969805,0.9976668,0.0022081982,2353789,eclipsing_binary
1541.770572861072,0.99964267,0.002209535,2353789,eclipsing_binary
1541.7719617251641,1.0001928,0.002207915,2353789,eclipsing_binary
1541.7733505897215,0.99884254,0.0022084548,2353789,eclipsing_binary
1541.7747394538121,0.9980524,0.0022083684,2353789,eclipsing_binary
1541.7761283179038,1.0029507,0.0022141046,2353789,eclipsing_binary
1541.7775171819956,1.0001607,0.0022121249,2353789,eclipsing_binary
1541.778906046087,0.9996563,0.0022100979,2353789,eclipsing_binary
1541.7802949101786,1.0044168,0.0022128997,2353789,eclipsing_binary
1541.7816837742694,0.9979269,0.0022068098,2353789,eclipsing_binary
1541.783072638361,1.0029241,0.0022092906,2353789,eclipsing_binary
1541.7844615024526,1.0019444,0.002212132,2353789,eclipsing_binary
1541.785850366544,0.998019,0.0022105693,2353789,eclipsing_binary
1541.7872392306356,1.0021518,0.0022121149,2353789,eclipsing_binary
1541.7886280947266,0.99341077,0.0022063279,2353789,eclipsing_binary
1541.7900169588181,1.0012946,0.002210328,2353789,eclipsing_binary
1541.7914058229096,0.9965935,0.002208198,2353789,eclipsing_binary
1541.792794687001,1.0028772,0.0022118818,2353789,eclipsing_binary
1541.7941835510926,1.0015413,0.0022108478,2353789,eclipsing_binary
1541.7955724147187,0.9990378,0.0022073048,2353789,eclipsing_binary
1541.7969612788104,1.0011376,0.0022083607,2353789,eclipsing_binary
1541.798350142901,1.0012408,0.0022106795,2353789,eclipsing_binary
1541.7997390069927,0.99912685,0.0022087032,2353789,eclipsing_binary
1541.8011278710844,1.0010949,0.002208709,2353789,eclipsing_binary
1541.8025167347103,1.0003599,0.0022108231,2353789,eclipsing_binary
1541.8039055988017,1.0011503,0.002210204,2353789,eclipsing_binary
1541.8052944628926,0.9998641,0.0022092867,2353789,eclipsing_binary
1541.8066833265186,0.9971293,0.0022069928,2353789,eclipsing_binary
1541.8080721906101,1.0001496,0.0022093835,2353789,eclipsing_binary
1541.8094610547016,0.99966055,0.002208193,2353789,eclipsing_binary
1541.8108499183274,1.0027766,0.00221273,2353789,eclipsing_binary
1541.8122387824185,0.9997995,0.0022131058,2353789,eclipsing_binary
1541.81362764651,1.002835,0.0022118147,2353789,eclipsing_binary
1541.8150165101365,1.0000025,0.0022073155,2353789,eclipsing_binary
1541.8164053742282,0.99889827,0.0022089905,2353789,eclipsing_binary
1541.8177942378531,0.99983746,0.002208641,2353789,eclipsing_binary
1541.8191831019442,0.9913123,0.0022046764,2353789,eclipsing_binary
1541.8205719655696,1.0044111,0.002213237,2353789,eclipsing_binary
1541.8219608296615,0.9985354,0.0022076056,2353789,eclipsing_binary
1541.8233496932883,1.0018214,0.0022106636,2353789,eclipsing_binary
1541.8247385573793,1.0002617,0.0022106376,2353789,eclipsing_binary
1541.8261274210042,1.0009506,0.002209612,2353789,eclipsing_binary
1541.8275162846296,1.0026742,0.0022112443,2353789,eclipsing_binary
1541.8289051487218,0.99536175,0.0022068033,2353789,eclipsing_binary
1541.8302940123483,1.003698,0.0022118194,2353789,eclipsing_binary
1541.8316828764393,1.0027684,0.002213472,2353789,eclipsing_binary
1541.8330717400643,0.99976784,0.002208473,2353789,eclipsing_binary
1541.8344606036903,0.9993397,0.0022081342,2353789,eclipsing_binary
1541.8358494673168,0.9974737,0.0022107565,2353789,eclipsing_binary
1541.8372383314083,1.0003324,0.0022097987,2353789,eclipsing_binary
1541.8386271950337,1.0045484,0.002213065,2353789,eclipsing_binary
1541.840016058659,1.0027966,0.0022119202,2353789,eclipsing_binary
1541.841404922285,0.9971909,0.002207447,2353789,eclipsing_binary
1541.8427937863771,1.0010191,0.0022106022,2353789,eclipsing_binary
1541.8441826500032,0.9996398,0.0022099179,2353789,eclipsing_binary
1541.845571513628,0.99835104,0.0022090175,2353789,eclipsing_binary
1541.8469603772535,1.0009679,0.0022108706,2353789,eclipsing_binary
1541.8483492408793,1.0015445,0.0022109323,2353789,eclipsing_binary
1541.849738104506,1.0001737,0.002210851,2353789,eclipsing_binary
1541.851126968132,1.0021812,0.002211061,2353789,eclipsing_binary
1541.852515831757,1.0007873,0.002210554,2353789,eclipsing_binary
1541.853904695383,1.0021491,0.0022120848,2353789,eclipsing_binary
1541.855293559009,1.0000186,0.0022115635,2353789,eclipsing_binary
1541.8566824226348,1.0017436,0.0022128269,2353789,eclipsing_binary
1541.8580712862606,1.0002526,0.0022135524,2353789,eclipsing_binary
1541.859460149886,1.0042741,0.002212883,2353789,eclipsing_binary
1541.8608490135118,1.0013222,0.0022119998,2353789,eclipsing_binary
1541.8622378771377,1.0017182,0.0022115468,2353789,eclipsing_binary
1541.8636267407635,1.0001733,0.0022096643,2353789,eclipsing_binary
1541.8650156043893,1.0024563,0.0022117633,2353789,eclipsing_binary
1541.8664044680147,1.0012561,0.00221115,2353789,eclipsing_binary
1541.8677933311749,0.9972667,0.0022086292,2353789,eclipsing_binary
1541.8691821948007,0.997359,0.0022065025,2353789,eclipsing_binary
1541.8705710584265,1.0024842,0.0022099824,2353789,eclipsing_binary
1541.8719599220526,1.004616,0.0022143933,2353789,eclipsing_binary
1541.8733487856787,1.0003408,0.002209252,2353789,eclipsing_binary
1541.8747376488388,0.99816453,0.0022091581,2353789,eclipsing_binary
1541.8761265124638,1.003304,0.0022114033,2353789,eclipsing_binary
1541.8775153760898,0.99838865,0.0022088762,2353789,eclipsing_binary
1541.8789042392502,1.005815,0.0022130923,2353789,eclipsing_binary
1541.880293102876,1.0031313,0.0022114147,2353789,eclipsing_binary
1541.881681966502,0.99634016,0.0022075986,2353789,eclipsing_binary
1541.8830708296616,1.0004506,0.0022104334,2353789,eclipsing_binary
1541.8844596932865,1.0002844,0.002213335,2353789,eclipsing_binary
1541.885848556447,1.0035976,0.0022127104,2353789,eclipsing_binary
1541.8872374200735,1.0034093,0.0022137782,2353789,eclipsing_binary
1541.8886262832336,1.0037225,0.0022119626,2353789,eclipsing_binary
1541.890015146859,0.9962015,0.0022072631,2353789,eclipsing_binary
1541.8914040100185,0.9994331,0.002209558,2353789,eclipsing_binary
1541.892792873645,1.0035032,0.0022124168,2353789,eclipsing_binary
1541.894181736806,1.0020393,0.0022120317,2353789,eclipsing_binary
1541.8955706004313,1.0069524,0.0022145093,2353789,eclipsing_binary
1541.8969594635907,1.0034567,0.0022128243,2353789,eclipsing_binary
1541.8983483272161,1.0045849,0.0022138585,2353789,eclipsing_binary
1541.899737190377,1.0070055,0.002215158,2353789,eclipsing_binary
1541.9011260535378,1.0053217,0.0022133596,2353789,eclipsing_binary
1541.9025149171632,1.0088894,0.002214722,2353789,eclipsing_binary
1541.9039037803225,1.0049604,0.0022132366,2353789,eclipsing_binary
1541.9052926434822,0.9991631,0.0022095684,2353789,eclipsing_binary
1541.906681507109,1.0036232,0.0022121556,2353789,eclipsing_binary
1541.9080703702696,1.0055716,0.0022139254,2353789,eclipsing_binary
1541.9094592334293,1.0019333,0.0022104222,2353789,eclipsing_binary
1541.9108480965888,1.0038002,0.00221199,2353789,eclipsing_binary
1541.9122369597492,1.0021908,0.002213105,2353789,eclipsing_binary
1541.9136258233755,1.0033718,0.0022131423,2353789,eclipsing_binary
1541.9150146865359,0.9994602,0.0022114606,2353789,eclipsing_binary
1541.9164035496954,1.0017812,0.00221194,2353789,eclipsing_binary
1541.917792412855,1.0016924,0.0022107537,2353789,eclipsing_binary
1541.9191812760153,1.0031158,0.002211636,2353789,eclipsing_binary
1541.9205701391763,1.0015229,0.0022098825,2353789,eclipsing_binary
1541.9219590023365,1.0034503,0.0022118534,2353789,eclipsing_binary
1541.9233478654958,1.0005144,0.0022103125,2353789,eclipsing_binary
1541.9247367286555,1.0041043,0.0022142858,2353789,eclipsing_binary
1541.9261255918157,1.0039643,0.0022131263,2353789,eclipsing_binary
1541.9275144549767,1.0003537,0.0022090294,2353789,eclipsing_binary
1541.928903318137,1.0000547,0.0022097642,2353789,eclipsing_binary
1541.9302921812966,0.99830025,0.0022093742,2353789,eclipsing_binary
1541.9316810444568,1.000343,0.00221007,2353789,eclipsing_binary
1541.933069907617,1.000219,0.002210831,2353789,eclipsing_binary
1541.9344587707772,0.9985925,0.002209733,2353789,eclipsing_binary
1541.9358476334717,1.0004907,0.0022102436,2353789,eclipsing_binary
1541.9372364966314,1.0008278,0.0022090438,2353789,eclipsing_binary
1541.9386253597916,1.0009037,0.0022122164,2353789,eclipsing_binary
1541.9400142229517,1.0015278,0.0022107058,2353789,eclipsing_binary
1541.9414030861114,0.99995595,0.0022111344,2353789,eclipsing_binary
1541.942791948806,1.0023934,0.0022116741,2353789,eclipsing_binary
1541.9441808119661,1.0033673,0.0022124283,2353789,eclipsing_binary
1541.9455696751263,1.0028753,0.002211475,2353789,eclipsing_binary
1541.9469585378208,1.0024908,0.0022129964,2353789,eclipsing_binary
1541.9483474009805,1.0020766,0.002212665,2353789,eclipsing_binary
1541.9497362641407,1.0015286,0.002211171,2353789,eclipsing_binary
1541.9511251268352,1.004808,0.0022139437,2353789,eclipsing_binary
1541.9525139899954,1.0023546,0.0022110464,2353789,eclipsing_binary
1541.9539028526901,1.0054868,0.0022132224,2353789,eclipsing_binary
1541.9552917158496,1.0047432,0.00221259,2353789,eclipsing_binary
1541.9566805790098,1.0019028,0.002212499,2353789,eclipsing_binary
1541.9580694417052,1.0021392,0.0022148462,2353789,eclipsing_binary
1541.9594583048654,1.0025682,0.0022124725,2353789,eclipsing_binary
1541.9608471675595,1.0009207,0.0022120252,2353789,eclipsing_binary
1541.9622360307187,1.0078765,0.0022145605,2353789,eclipsing_binary
1541.9636248934135,1.0053945,0.0022151796,2353789,eclipsing_binary
1541.9650137561086,1.004183,0.0022124632,2353789,eclipsing_binary
1541.9664026192688,1.0035585,0.0022125936,2353789,eclipsing_binary
1541.9677914819629,1.0026599,0.0022132224,2353789,eclipsing_binary
1541.969180344657,1.0050182,0.0022135638,2353789,eclipsing_binary
1541.9705692078176,1.0063835,0.0022153077,2353789,eclipsing_binary
1541.971958070513,1.003421,0.0022167526,2353789,eclipsing_binary
1541.973346933207,1.00424,0.0022131936,2353789,eclipsing_binary
1541.9747357963663,1.0012046,0.002213112,2353789,eclipsing_binary
1541.9761246590604,1.001565,0.002212327,2353789,eclipsing_binary
1541.9775135217556,1.0046048,0.0022159526,2353789,eclipsing_binary
1541.9789023844507,1.0025826,0.0022126548,2353789,eclipsing_binary
1541.9802912476105,1.0027416,0.0022137265,2353789,eclipsing_binary
1541.9816801103043,1.0012361,0.0022117347,2353789,eclipsing_binary
1541.9830689729981,0.99799716,0.0022081807,2353789,eclipsing_binary
1541.9844578356935,1.0007682,0.0022123747,2353789,eclipsing_binary
1541.9858466983885,1.0027442,0.0022135603,2353789,eclipsing_binary
1541.9872355610826,0.997937,0.002209972,2353789,eclipsing_binary
1541.9886244237766,0.9984752,0.0022092597,2353789,eclipsing_binary
1541.9900132864702,1.0022831,0.0022116883,2353789,eclipsing_binary
1541.991402149165,0.99941605,0.0022112238,2353789,eclipsing_binary
1541.9927910118602,0.9970618,0.002208495,2353789,eclipsing_binary
1541.9941798745547,0.9996834,0.0022125307,2353789,eclipsing_binary
1541.9955687372487,1.0012779,0.0022123759,2353789,eclipsing_binary
1541.9969575999432,1.0000951,0.002212086,2353789,eclipsing_binary
1541.9983464626378,0.99968904,0.0022117558,2353789,eclipsing_binary
1541.9997353253323,1.0005493,0.0022112706,2353789,eclipsing_binary
1542.001124188027,1.0011094,0.0022131982,2353789,eclipsing_binary
1542.0025130507208,1.0002012,0.002212293,2353789,eclipsing_binary
1542.0039019134153,0.9997284,0.0022113426,2353789,eclipsing_binary
